id,scope,slice,kind,old,new,declared_at,consumers,persisted,category,decision_ref,status,owner,notes
api-cookie-8d7dee29,api,2,cookie,pipe_challenge,,apps/api/src/controllers/login.ts:49,8,unknown,,,candidate,,
api-endpoint-97ac1fc3,api,2,endpoint,/v1/auth/sso/testar,,apps/api/src/controllers/sso.ts:108,0,no,,,candidate,,
api-endpoint-ca8be500,api,2,endpoint,/v1/convites/:*/aceitar,,apps/api/src/controllers/convites.ts:82,0,no,,,candidate,,
api-endpoint-11a382d2,api,2,endpoint,/v1/convites/:*/reenviar,,apps/api/src/controllers/convites.ts:45,0,no,,,candidate,,
api-endpoint-3c9fc1cd,api,2,endpoint,/v1/convites/:*,,apps/api/src/controllers/convites.ts:68,0,no,,,candidate,,
api-endpoint-f87f7b36,api,2,endpoint,/v1/convites,,apps/api/src/controllers/convites.ts:16,0,no,,,candidate,,
api-endpoint-6ceb8f33,api,2,endpoint,/v1/dominios/:*/verificar,,apps/api/src/controllers/convites.ts:119,0,no,,,candidate,,
api-endpoint-d17a30e5,api,2,endpoint,/v1/dominios,,apps/api/src/controllers/convites.ts:99,0,no,,,candidate,,
api-endpoint-31bd4226,api,2,endpoint,/v1/etiquetas,,apps/api/src/controllers/etiquetas.ts:37,0,no,,,candidate,,
api-file-272c79f6,api,2,file,assumir.ts,,apps/api/src/domain/assumir.ts,8,no,,,candidate,,
api-file-3aadaa0e,api,2,file,cabecalho.ts,,apps/api/src/domain/management/cabecalho.ts,6,no,,,candidate,,
api-file-b167a11d,api,2,file,campos.ts,,apps/api/src/domain/management/actions/campos.ts,1,no,,,candidate,,
api-file-7c57ef89,api,2,file,convites.test.ts,,apps/api/tests/convites.test.ts,15,no,,,candidate,,
api-file-6196c877,api,2,file,convites.ts,,apps/api/src/controllers/convites.ts,31,no,,,candidate,,
api-file-8db33de9,api,2,file,convites.ts,,apps/api/src/domain/convites.ts,31,no,,,candidate,,
api-file-5cf84a87,api,2,file,dominios.ts,,apps/api/src/domain/dominios.ts,7,no,,,candidate,,
api-file-e741985b,api,2,file,etiquetas.test.ts,,apps/api/tests/etiquetas.test.ts,4,no,,,candidate,,
api-file-39a3e496,api,2,file,etiquetas.ts,,apps/api/src/controllers/etiquetas.ts,14,no,,,candidate,,
api-file-bf263c05,api,2,file,etiquetas.ts,,apps/api/src/domain/etiquetas.ts,14,no,,,candidate,,
api-file-4a312d86,api,2,file,eventos-ws.ts,,apps/api/src/eventos-ws.ts,29,no,,,candidate,,
api-file-432d7168,api,2,file,eventos.ts,,apps/api/src/domain/eventos.ts,19,no,,,candidate,,
api-file-8344d5a2,api,2,file,flow-resume.json,,apps/api/tests/fixtures/jsonb/golden/flow-resume.json,2,no,,,candidate,,
api-file-e0a1388f,api,2,file,gerar-fixtures-jsonb.helper.ts,,apps/api/tests/gerar-fixtures-jsonb.helper.ts,16,no,,,candidate,,
api-file-1ff113ce,api,2,file,modelos.ts,,apps/api/src/domain/whatsapp/modelos.ts,62,no,,,candidate,,
api-file-47eea3ae,api,2,file,mtls.ts,,apps/api/src/domain/mtls.ts,14,no,,,candidate,,
api-file-6d0e35d9,api,2,file,palavras-proibidas.test.ts,,apps/api/tests/palavras-proibidas.test.ts,9,no,,,candidate,,
api-file-084b825c,api,2,file,palavras-proibidas.ts,,apps/api/src/domain/management/palavras-proibidas.ts,7,no,,,candidate,,
api-file-2d493f95,api,2,file,perfil.ts,,apps/api/src/domain/whatsapp/perfil.ts,10,no,,,candidate,,
api-file-b2d667c5,api,2,file,pesquisa.ts,,apps/api/src/domain/management/pesquisa.ts,3,no,,,candidate,,
api-file-1c21ce12,api,2,file,regras-de-nome.ts,,apps/api/src/domain/management/regras-de-nome.ts,30,no,,,candidate,,
api-file-bf8ca4ee,api,2,file,regras-sla.ts,,apps/api/src/domain/management/regras-sla.ts,11,no,,,candidate,,
api-file-6f111230,api,2,file,regras.ts,,apps/api/src/domain/management/actions/regras.ts,40,no,,,candidate,,
api-file-9d7188ae,api,2,file,transferencia.test.ts,,apps/api/tests/transferencia.test.ts,11,no,,,candidate,,
api-file-2daca1be,api,2,file,troca-de-token.ts,,apps/api/src/domain/whatsapp/troca-de-token.ts,2,no,,,candidate,,
api-file-11fdbe4d,api,2,file,webhooks-saida.ts,,apps/api/src/webhooks-saida.ts,12,no,,,candidate,,
api-job-name-89c7a3f3,api,2,job-name,instagram-token-renewal,,apps/api/src/queues.ts:455,2,unknown,,,candidate,,
api-job-name-09cefc22,api,2,job-name,process-http-sweep,,apps/api/src/queues.ts:133,8,unknown,,,candidate,,
api-job-name-998d4cc9,api,2,job-name,sweep-crm-dictionary,,apps/api/src/queues.ts:430,2,unknown,,,candidate,,
api-job-name-a1271b19,api,2,job-name,sweep-crm-mirror,,apps/api/src/queues.ts:215,2,unknown,,,candidate,,
api-job-name-bcd7db61,api,2,job-name,sweep-delayed,,apps/api/src/delayed-jobs.ts:145,1,unknown,,,candidate,,
api-job-name-f3eec56c,api,2,job-name,sweep-media,,apps/api/src/queues.ts:293,2,unknown,,,candidate,,
api-job-name-87a511fc,api,2,job-name,sweep-sla,,apps/api/src/queues.ts:372,2,unknown,,,candidate,,
api-literal-value-09475a69,api,2,literal-value,agent,,apps/api/src/domain/management/attendance.ts:101,403,unknown,,,candidate,,
api-literal-value-9b5a3263,api,2,literal-value,asc,,apps/api/src/pagination.ts:53,156,unknown,,,candidate,,
api-literal-value-07446876,api,2,literal-value,atendentes:ler,,apps/api/src/authentication.ts:26,0,unknown,,,candidate,,
api-literal-value-f7664559,api,2,literal-value,ativa,,apps/api/src/domain/sso.ts:17,249,unknown,,,candidate,,
api-literal-value-b91ef999,api,2,literal-value,baixa,,apps/api/src/domain/engine-services.ts:36,51,unknown,,,candidate,,
api-literal-value-4ec9c2c2,api,2,literal-value,contato.criado,,apps/api/src/webhooks-saida.ts:26,6,unknown,,,candidate,,
api-literal-value-62ed6837,api,2,literal-value,contato,,apps/api/src/domain/etiquetas.ts:16,706,unknown,,,candidate,,
api-literal-value-cd08b89c,api,2,literal-value,contatos:escrever,,apps/api/src/authentication.ts:24,0,unknown,,,candidate,,
api-literal-value-46733650,api,2,literal-value,contatos:ler,,apps/api/src/authentication.ts:23,0,unknown,,,candidate,,
api-literal-value-4b8272b1,api,2,literal-value,contatos:ler,,apps/api/src/domain/management/integrations.ts:61,0,unknown,,,candidate,,
api-literal-value-0a90839e,api,2,literal-value,conversa.atribuida,,apps/api/src/webhooks-saida.ts:22,5,unknown,,,candidate,,
api-literal-value-f06fb833,api,2,literal-value,conversa.criada,,apps/api/src/webhooks-saida.ts:20,15,unknown,,,candidate,,
api-literal-value-6956430e,api,2,literal-value,conversa.encerrada,,apps/api/src/webhooks-saida.ts:23,7,unknown,,,candidate,,
api-literal-value-42f0050b,api,2,literal-value,conversa.estado_alterado,,apps/api/src/webhooks-saida.ts:21,9,unknown,,,candidate,,
api-literal-value-e52eba86,api,2,literal-value,conversa.responder,,apps/api/tests/inbound.test.ts:54,15,unknown,,,candidate,,
api-literal-value-cc04e414,api,2,literal-value,conversa.ver,,apps/api/tests/inbound.test.ts:54,14,unknown,,,candidate,,
api-literal-value-8464d237,api,2,literal-value,conversa.ver,,apps/api/tests/inbound.test.ts:55,14,unknown,,,candidate,,
api-literal-value-fcac0aed,api,2,literal-value,conversa,,apps/api/src/domain/etiquetas.ts:16,927,unknown,,,candidate,,
api-literal-value-82b2ccc8,api,2,literal-value,conversas:escrever,,apps/api/src/authentication.ts:20,0,unknown,,,candidate,,
api-literal-value-f4067898,api,2,literal-value,conversas:escrever,,apps/api/src/domain/management/integrations.ts:58,0,unknown,,,candidate,,
api-literal-value-09d810cd,api,2,literal-value,conversas:ler,,apps/api/src/authentication.ts:19,0,unknown,,,candidate,,
api-literal-value-c94dc06a,api,2,literal-value,conversas:ler,,apps/api/src/domain/management/integrations.ts:57,0,unknown,,,candidate,,
api-literal-value-4202a29d,api,2,literal-value,convite,,apps/api/src/domain/management/contract.ts:166,247,unknown,,,candidate,,
api-literal-value-5b54236c,api,2,literal-value,cumprido,,apps/api/src/domain/management/sla.ts:23,17,unknown,,,candidate,,
api-literal-value-241a6ddd,api,2,literal-value,desc,,apps/api/src/pagination.ts:53,134,unknown,,,candidate,,
api-literal-value-24eb795b,api,2,literal-value,desligado,,apps/api/src/domain/sso.ts:18,54,unknown,,,candidate,,
api-literal-value-78f360e1,api,2,literal-value,documento,,apps/api/src/domain/engine-services.ts:95,231,unknown,,,candidate,,
api-literal-value-bc218fce,api,2,literal-value,documento,,apps/api/src/domain/envio.ts:19,231,unknown,,,candidate,,
api-literal-value-8621bba8,api,2,literal-value,documento,,apps/api/src/domain/management/communication.ts:46,231,unknown,,,candidate,,
api-literal-value-145ca760,api,2,literal-value,encerramento,,apps/api/src/domain/management/pesquisa.ts:30,112,unknown,,,candidate,,
api-literal-value-794c597d,api,2,literal-value,encerramento,,apps/api/tests/sla-motor.test.ts:168,112,unknown,,,candidate,,
api-literal-value-246412e7,api,2,literal-value,entra,,apps/api/src/domain/sso.ts:19,210,unknown,,,candidate,,
api-literal-value-7b8965fb,api,2,literal-value,etiqueta,,apps/api/src/domain/management/history.ts:217,288,unknown,,,candidate,,
api-literal-value-4768952c,api,2,literal-value,expirado,,apps/api/src/domain/management/certificados.ts:19,20,unknown,,,candidate,,
api-literal-value-04d6bf96,api,2,literal-value,falhou,,apps/api/src/domain/scheduling-commands.ts:30,190,unknown,,,candidate,,
api-literal-value-d9a25e74,api,2,literal-value,fila,,apps/api/src/domain/management/regras-sla.ts:13,878,unknown,,,candidate,,
api-literal-value-06a02435,api,2,literal-value,fila,,apps/api/src/domain/management/rules-priority.ts:46,878,unknown,,,candidate,,
api-literal-value-18617929,api,2,literal-value,filas:ler,,apps/api/src/authentication.ts:25,0,unknown,,,candidate,,
api-literal-value-421b6068,api,2,literal-value,grafico-1,,apps/api/src/domain/management/colors-of-queue.ts:6,6,unknown,,,candidate,,
api-literal-value-9e2ce0e7,api,2,literal-value,grafico-2,,apps/api/src/domain/management/colors-of-queue.ts:7,4,unknown,,,candidate,,
api-literal-value-b9fbabb7,api,2,literal-value,grafico-3,,apps/api/src/domain/management/colors-of-queue.ts:8,3,unknown,,,candidate,,
api-literal-value-a74952f7,api,2,literal-value,grafico-4,,apps/api/src/domain/management/colors-of-queue.ts:9,3,unknown,,,candidate,,
api-literal-value-139922ac,api,2,literal-value,grafico-5,,apps/api/src/domain/management/colors-of-queue.ts:10,3,unknown,,,candidate,,
api-literal-value-e6bd91bc,api,2,literal-value,imagem,,apps/api/src/domain/envio.ts:19,235,unknown,,,candidate,,
api-literal-value-1527d69f,api,2,literal-value,imagem,,apps/api/src/domain/management/communication.ts:46,235,unknown,,,candidate,,
api-literal-value-59db474e,api,2,literal-value,inbox,,apps/api/src/domain/management/attendance.ts:101,95,unknown,,,candidate,,
api-literal-value-6efc2954,api,2,literal-value,ja_em_atendimento,,apps/api/src/domain/message-active.ts:130,4,unknown,,,candidate,,
api-literal-value-651e6938,api,2,literal-value,ja_em_atendimento,,apps/api/src/domain/message-active.ts:28,4,unknown,,,candidate,,
api-literal-value-9bfe6982,api,2,literal-value,limite_diario,,apps/api/src/domain/message-active.ts:141,3,unknown,,,candidate,,
api-literal-value-ad2f1337,api,2,literal-value,limite_diario,,apps/api/src/domain/message-active.ts:29,3,unknown,,,candidate,,
api-literal-value-1ebbb9db,api,2,literal-value,localizacao,,apps/api/src/domain/envio.ts:19,44,unknown,,,candidate,,
api-literal-value-4b617d95,api,2,literal-value,maxima,,apps/api/src/domain/engine-services.ts:36,26,unknown,,,candidate,,
api-literal-value-4b383261,api,2,literal-value,memoria,,apps/api/src/queues.ts:37,119,unknown,,,candidate,,
api-literal-value-1c9b7f15,api,2,literal-value,mensagem.criada,,apps/api/src/webhooks-saida.ts:24,23,unknown,,,candidate,,
api-literal-value-3f200dbf,api,2,literal-value,mensagem.estado_entrega_alterado,,apps/api/src/webhooks-saida.ts:25,4,unknown,,,candidate,,
api-literal-value-61e82b40,api,2,literal-value,mensagens:escrever,,apps/api/src/authentication.ts:22,0,unknown,,,candidate,,
api-literal-value-5f33ca15,api,2,literal-value,mensagens:escrever,,apps/api/src/domain/management/integrations.ts:60,0,unknown,,,candidate,,
api-literal-value-75af2c48,api,2,literal-value,mensagens:ler,,apps/api/src/authentication.ts:21,0,unknown,,,candidate,,
api-literal-value-f5289d0a,api,2,literal-value,mensagens:ler,,apps/api/src/domain/management/integrations.ts:59,0,unknown,,,candidate,,
api-literal-value-10a5f51f,api,2,literal-value,modelo.recategorizado,,apps/api/src/webhooks-saida.ts:28,8,unknown,,,candidate,,
api-literal-value-2f6a40bd,api,2,literal-value,nenhum,,apps/api/src/domain/management/communication.ts:46,415,unknown,,,candidate,,
api-literal-value-4a2756a7,api,2,literal-value,nenhum,,apps/api/src/domain/management/history.ts:213,415,unknown,,,candidate,,
api-literal-value-00348abc,api,2,literal-value,nps,,apps/api/src/domain/management/pesquisa.ts:5,36,unknown,,,candidate,,
api-literal-value-12a48001,api,2,literal-value,numero_invalido,,apps/api/src/domain/message-active.ts:27,5,unknown,,,candidate,,
api-literal-value-f1a8101b,api,2,literal-value,opcional,,apps/api/src/domain/sso.ts:18,58,unknown,,,candidate,,
api-literal-value-6f323ec7,api,2,literal-value,primeira_resposta,,apps/api/src/domain/management/pesquisa.ts:30,46,unknown,,,candidate,,
api-literal-value-ed1e5c05,api,2,literal-value,primeira_resposta,,apps/api/tests/sla-motor.test.ts:142,46,unknown,,,candidate,,
api-literal-value-7b5e8b4e,api,2,literal-value,primeira_resposta,,apps/api/tests/sla-motor.test.ts:160,46,unknown,,,candidate,,
api-literal-value-7c263f91,api,2,literal-value,queue,,apps/api/src/domain/management/attendance.ts:101,742,unknown,,,candidate,,
api-literal-value-767225ef,api,2,literal-value,relatorio.ver,,apps/api/tests/inbound.test.ts:55,27,unknown,,,candidate,,
api-literal-value-6259b293,api,2,literal-value,renovado,,apps/api/src/domain/instagram/renewal.ts:15,5,unknown,,,candidate,,
api-literal-value-19404bc3,api,2,literal-value,sem_crm,,apps/api/src/domain/dictionary-crm.ts:15,2,unknown,,,candidate,,
api-literal-value-73f7911e,api,2,literal-value,sem_prioridade,,apps/api/src/domain/engine-services.ts:36,27,unknown,,,candidate,,
api-literal-value-7be3bd8c,api,2,literal-value,smb_message_echoes,,apps/api/src/domain/whatsapp/cliente-graph.ts:11,3,unknown,,,candidate,,
api-literal-value-9501ec9d,api,2,literal-value,testada,,apps/api/src/domain/sso.ts:17,20,unknown,,,candidate,,
api-literal-value-9f4ccbd2,api,2,literal-value,texto,,apps/api/src/domain/envio.ts:19,1706,unknown,,,candidate,,
api-literal-value-f55a4f6f,api,2,literal-value,texto,,apps/api/src/domain/management/communication.ts:46,1706,unknown,,,candidate,,
api-metric-6110ccd4,api,2,metric,pipe_http_requests_total,,apps/api/src/metrics.ts:51,6,no,,,candidate,,
api-metric-8832aa89,api,2,metric,pipe_message_delivery_total,,apps/api/src/metrics.ts:52,5,no,,,candidate,,
api-metric-791eb606,api,2,metric,pipe_migration_pending,,apps/api/src/metrics.ts:55,6,no,,,candidate,,
api-metric-aa983535,api,2,metric,pipe_queue_depth,,apps/api/src/metrics.ts:53,6,no,,,candidate,,
api-metric-6d58040d,api,2,metric,pipe_queue_oldest_item_age_seconds,,apps/api/src/metrics.ts:54,6,no,,,candidate,,
api-symbol-1f174559,api,2,symbol,abertasCru,,apps/api/src/domain/management/monitoring.ts:384,1,no,,,candidate,,
api-symbol-f225a107,api,2,symbol,abrirSemHorario,,apps/api/tests/registrations-attendance.test.ts:1022,1,no,,,candidate,,
api-symbol-8acaa3e1,api,2,symbol,aceito,,apps/api/src/controllers/convites.ts:85,46,no,,,candidate,,
api-symbol-a074f554,api,2,symbol,aceito,,apps/api/src/controllers/login.ts:222,46,no,,,candidate,,
api-symbol-2bd8b347,api,2,symbol,aceito,,apps/api/tests/convites.test.ts:341,46,no,,,candidate,,
api-symbol-0d867487,api,2,symbol,aceito,,apps/api/tests/convites.test.ts:355,46,no,,,candidate,,
api-symbol-ddccda94,api,2,symbol,acharInbox,,apps/api/src/domain/inbound.ts:390,2,no,,,candidate,,
api-symbol-275fa4f4,api,2,symbol,acharNumero,,apps/api/src/domain/whatsapp/info-do-numero.ts:52,2,no,,,candidate,,
api-symbol-5a2419c6,api,2,symbol,acharPeloToken,,apps/api/src/domain/convites.ts:231,3,no,,,candidate,,
api-symbol-12eccf6c,api,2,symbol,acharPessoa,,apps/api/src/domain/twenty.ts:200,2,no,,,candidate,,
api-symbol-a97031de,api,2,symbol,agenteMtlsPara,,apps/api/src/domain/mtls.ts:110,2,no,,,candidate,,
api-symbol-7395abc2,api,2,symbol,agenteNoFinanceiro,,apps/api/tests/queue-entry.test.ts:105,3,no,,,candidate,,
api-symbol-1ca95409,api,2,symbol,agora,,apps/api/src/controllers/desk.ts:179,466,no,,,candidate,,
api-symbol-b8f84b2c,api,2,symbol,agora,,apps/api/src/domain/conversation.ts:164,466,no,,,candidate,,
api-symbol-d63cb76e,api,2,symbol,agora,,apps/api/src/domain/conversation.ts:211,466,no,,,candidate,,
api-symbol-d57a5011,api,2,symbol,agora,,apps/api/src/domain/conversation.ts:299,466,no,,,candidate,,
api-symbol-749bce0b,api,2,symbol,agora,,apps/api/src/domain/desk/actions.ts:80,466,no,,,candidate,,
api-symbol-76be88be,api,2,symbol,agora,,apps/api/src/domain/dictionary-crm.ts:235,466,no,,,candidate,,
api-symbol-b3a14d6f,api,2,symbol,agora,,apps/api/src/domain/envio.ts:87,466,no,,,candidate,,
api-symbol-0955c9f5,api,2,symbol,agora,,apps/api/src/domain/instagram/channel.ts:193,466,no,,,candidate,,
api-symbol-789865d9,api,2,symbol,agora,,apps/api/src/domain/management/builder-test-run.ts:110,466,no,,,candidate,,
api-symbol-4dedad26,api,2,symbol,agora,,apps/api/src/domain/management/contract.ts:361,466,no,,,candidate,,
api-symbol-3fdbb776,api,2,symbol,agora,,apps/api/src/domain/management/integrations.ts:217,466,no,,,candidate,,
api-symbol-4383dbd8,api,2,symbol,agora,,apps/api/src/domain/management/registrations.ts:285,466,no,,,candidate,,
api-symbol-f9a1c3e6,api,2,symbol,agora,,apps/api/src/domain/message-active.ts:236,466,no,,,candidate,,
api-symbol-942f939b,api,2,symbol,agora,,apps/api/src/domain/rastreador-de-cliques.ts:160,466,no,,,candidate,,
api-symbol-63ee8d33,api,2,symbol,agora,,apps/api/src/domain/status-agent.ts:36,466,no,,,candidate,,
api-symbol-d0039ab5,api,2,symbol,agora,,apps/api/src/queues.ts:501,466,no,,,candidate,,
api-symbol-1975f540,api,2,symbol,agora,,apps/api/tests/sla-motor.test.ts:224,466,no,,,candidate,,
api-symbol-a3f54673,api,2,symbol,agora,,apps/api/tests/sla-motor.test.ts:248,466,no,,,candidate,,
api-symbol-fb3e1e1a,api,2,symbol,agora,,apps/api/tests/sla-motor.test.ts:268,466,no,,,candidate,,
api-symbol-cdf645e2,api,2,symbol,agora,,apps/api/tests/sla-motor.test.ts:304,466,no,,,candidate,,
api-symbol-3d0437e9,api,2,symbol,agruparEventos,,apps/api/src/domain/management/monitoring.ts:281,2,no,,,candidate,,
api-symbol-b7f25708,api,2,symbol,aindaNaV1,,apps/api/tests/builder-by-flow.test.ts:553,1,no,,,candidate,,
api-symbol-4c039c70,api,2,symbol,alertadoEmAntes,,apps/api/tests/sla-motor.test.ts:199,2,no,,,candidate,,
api-symbol-a71bf039,api,2,symbol,alertadoEm,,apps/api/src/domain/management/sla-motor.ts:167,8,no,,,candidate,,
api-symbol-569c8f5b,api,2,symbol,alertaInvalido,,apps/api/tests/registrations-attendance.test.ts:747,1,no,,,candidate,,
api-symbol-acc05562,api,2,symbol,alertas,,apps/api/src/domain/whatsapp/events-of-template.ts:139,17,no,,,candidate,,
api-symbol-b1dbb4ac,api,2,symbol,alvoInvalido,,apps/api/tests/registrations-attendance.test.ts:739,1,no,,,candidate,,
api-symbol-9031a0b3,api,2,symbol,alvos,,apps/api/src/controllers/management-account.ts:106,27,no,,,candidate,,
api-symbol-07d2ba50,api,2,symbol,alvos,,apps/api/src/controllers/management-account.ts:134,27,no,,,candidate,,
api-symbol-42a0fe8d,api,2,symbol,alvos,,apps/api/src/domain/management/permissions-of-agent.ts:85,27,no,,,candidate,,
api-symbol-8d7bc0d5,api,2,symbol,alvos,,apps/api/src/queues.ts:502,27,no,,,candidate,,
api-symbol-ac7c20ea,api,2,symbol,aMais,,apps/api/tests/desk-actions.test.ts:467,2,no,,,candidate,,
api-symbol-6c5e5089,api,2,symbol,anexo,,apps/api/src/controllers/attachments.ts:59,88,no,,,candidate,,
api-symbol-392e7f09,api,2,symbol,anexoId,,apps/api/tests/media-received.test.ts:196,32,no,,,candidate,,
api-symbol-eab9901e,api,2,symbol,anexoId,,apps/api/tests/media-received.test.ts:221,32,no,,,candidate,,
api-symbol-e4fd0f6a,api,2,symbol,anexoId,,apps/api/tests/media-received.test.ts:249,32,no,,,candidate,,
api-symbol-9389c1ba,api,2,symbol,anexoId,,apps/api/tests/media-received.test.ts:271,32,no,,,candidate,,
api-symbol-da16c29e,api,2,symbol,anexoId,,apps/api/tests/media-received.test.ts:293,32,no,,,candidate,,
api-symbol-16e914d1,api,2,symbol,anexoId,,apps/api/tests/media-received.test.ts:322,32,no,,,candidate,,
api-symbol-207ada3c,api,2,symbol,anexoId,,apps/api/tests/media-received.test.ts:344,32,no,,,candidate,,
api-symbol-15fde7a7,api,2,symbol,antes,,apps/api/src/domain/management/communication.ts:322,865,no,,,candidate,,
api-symbol-0bc4c17d,api,2,symbol,antes,,apps/api/src/domain/management/configuration-of-flow.ts:223,865,no,,,candidate,,
api-symbol-947ffe4c,api,2,symbol,antes,,apps/api/src/domain/management/configuration-of-flow.ts:95,865,no,,,candidate,,
api-symbol-8d356dd9,api,2,symbol,antes,,apps/api/src/domain/management/cycle-of-lifetime-of-flow.ts:218,865,no,,,candidate,,
api-symbol-4a5970ce,api,2,symbol,antes,,apps/api/src/domain/management/integrations.ts:649,865,no,,,candidate,,
api-symbol-126980ba,api,2,symbol,antes,,apps/api/src/domain/management/registrations.ts:1300,865,no,,,candidate,,
api-symbol-5c99c349,api,2,symbol,antes,,apps/api/src/domain/management/registrations.ts:1629,865,no,,,candidate,,
api-symbol-cba5089e,api,2,symbol,antes,,apps/api/src/domain/management/registrations.ts:439,865,no,,,candidate,,
api-symbol-c1432f76,api,2,symbol,antes,,apps/api/src/domain/management/registrations.ts:557,865,no,,,candidate,,
api-symbol-3bee58c0,api,2,symbol,antes,,apps/api/src/domain/management/registrations.ts:974,865,no,,,candidate,,
api-symbol-29f6f0eb,api,2,symbol,antes,,apps/api/src/domain/management/regras-sla.ts:184,865,no,,,candidate,,
api-symbol-74bed280,api,2,symbol,antes,,apps/api/src/domain/management/rules-priority.ts:228,865,no,,,candidate,,
api-symbol-7d0c9892,api,2,symbol,antes,,apps/api/src/domain/management/services-of-router.ts:283,865,no,,,candidate,,
api-symbol-67570fd0,api,2,symbol,antes,,apps/api/src/domain/management/settings.ts:482,865,no,,,candidate,,
api-symbol-0372d511,api,2,symbol,antes,,apps/api/src/domain/whatsapp/preferences.ts:84,865,no,,,candidate,,
api-symbol-36bbb195,api,2,symbol,antes,,apps/api/tests/builder-test-run.test.ts:282,865,no,,,candidate,,
api-symbol-3bf40a31,api,2,symbol,antes,,apps/api/tests/builder-test-run.test.ts:327,865,no,,,candidate,,
api-symbol-155582a9,api,2,symbol,antes,,apps/api/tests/channels.test.ts:180,865,no,,,candidate,,
api-symbol-877b75da,api,2,symbol,antes,,apps/api/tests/channels.test.ts:199,865,no,,,candidate,,
api-symbol-d5b3b11e,api,2,symbol,antes,,apps/api/tests/channels.test.ts:211,865,no,,,candidate,,
api-symbol-5d824288,api,2,symbol,antes,,apps/api/tests/channels.test.ts:406,865,no,,,candidate,,
api-symbol-03003b1b,api,2,symbol,antes,,apps/api/tests/channels.test.ts:527,865,no,,,candidate,,
api-symbol-64580eb1,api,2,symbol,antes,,apps/api/tests/desk-actions.test.ts:202,865,no,,,candidate,,
api-symbol-68041adc,api,2,symbol,antes,,apps/api/tests/dictionary-crm.test.ts:226,865,no,,,candidate,,
api-symbol-32afaac0,api,2,symbol,antes,,apps/api/tests/dictionary-crm.test.ts:237,865,no,,,candidate,,
api-symbol-c5c7f7f8,api,2,symbol,antes,,apps/api/tests/email.test.ts:172,865,no,,,candidate,,
api-symbol-e27e3eb6,api,2,symbol,antes,,apps/api/tests/flow-content.test.ts:158,865,no,,,candidate,,
api-symbol-b49d796f,api,2,symbol,antes,,apps/api/tests/flow-content.test.ts:182,865,no,,,candidate,,
api-symbol-d619d5d5,api,2,symbol,antes,,apps/api/tests/flow.test.ts:124,865,no,,,candidate,,
api-symbol-9edadda2,api,2,symbol,antes,,apps/api/tests/flow.test.ts:152,865,no,,,candidate,,
api-symbol-a7881390,api,2,symbol,antes,,apps/api/tests/growth.test.ts:285,865,no,,,candidate,,
api-symbol-6147042b,api,2,symbol,antes,,apps/api/tests/input-expiration.test.ts:291,865,no,,,candidate,,
api-symbol-643719ed,api,2,symbol,antes,,apps/api/tests/palavras-proibidas.test.ts:289,865,no,,,candidate,,
api-symbol-83ff3f61,api,2,symbol,antes,,apps/api/tests/permissions-of-agent.test.ts:332,865,no,,,candidate,,
api-symbol-1995b9df,api,2,symbol,antes,,apps/api/tests/ponta-a-ponta.test.ts:188,865,no,,,candidate,,
api-symbol-8494d14f,api,2,symbol,antes,,apps/api/tests/process-http-retomada.test.ts:231,865,no,,,candidate,,
api-symbol-e926867b,api,2,symbol,antes,,apps/api/tests/realtime.test.ts:311,865,no,,,candidate,,
api-symbol-7b32013e,api,2,symbol,antes,,apps/api/tests/registrations-attendance.test.ts:239,865,no,,,candidate,,
api-symbol-c7228489,api,2,symbol,antes,,apps/api/tests/team-of-flow.test.ts:300,865,no,,,candidate,,
api-symbol-171f27f3,api,2,symbol,antes,,apps/api/tests/team-of-flow.test.ts:384,865,no,,,candidate,,
api-symbol-3c72a223,api,2,symbol,antes,,apps/api/tests/transferencia.test.ts:155,865,no,,,candidate,,
api-symbol-0d86c180,api,2,symbol,antesParaDiferenca,,apps/api/src/domain/management/services-of-router.ts:297,2,no,,,candidate,,
api-symbol-3069ff21,api,2,symbol,antiga,,apps/api/tests/priority.test.ts:56,119,no,,,candidate,,
api-symbol-ea6ebf63,api,2,symbol,antiga,,apps/api/tests/transferencia.test.ts:124,119,no,,,candidate,,
api-symbol-d8d303ac,api,2,symbol,antiga,,apps/api/tests/transferencia.test.ts:141,119,no,,,candidate,,
api-symbol-0e604145,api,2,symbol,antiga,,apps/api/tests/transferencia.test.ts:154,119,no,,,candidate,,
api-symbol-9389062a,api,2,symbol,antiga,,apps/api/tests/transferencia.test.ts:170,119,no,,,candidate,,
api-symbol-1b295508,api,2,symbol,antiga,,apps/api/tests/transferencia.test.ts:182,119,no,,,candidate,,
api-symbol-9ba92be6,api,2,symbol,antiga,,apps/api/tests/transferencia.test.ts:205,119,no,,,candidate,,
api-symbol-534c62a6,api,2,symbol,antiga,,apps/api/tests/transferencia.test.ts:217,119,no,,,candidate,,
api-symbol-e4df8a7e,api,2,symbol,antiga,,apps/api/tests/transferencia.test.ts:229,119,no,,,candidate,,
api-symbol-c4ee9211,api,2,symbol,antiga,,apps/api/tests/transferencia.test.ts:243,119,no,,,candidate,,
api-symbol-11700607,api,2,symbol,antiga,,apps/api/tests/transferencia.test.ts:252,119,no,,,candidate,,
api-symbol-57da4fe2,api,2,symbol,antiga,,apps/api/tests/transferencia.test.ts:258,119,no,,,candidate,,
api-symbol-e735380f,api,2,symbol,antiga,,apps/api/tests/transferencia.test.ts:264,119,no,,,candidate,,
api-symbol-91ff600e,api,2,symbol,antigo,,apps/api/tests/instagram.test.ts:316,94,no,,,candidate,,
api-symbol-351ed1d8,api,2,symbol,antigos,,apps/api/src/domain/management/contract.ts:228,37,no,,,candidate,,
api-symbol-2960adab,api,2,symbol,apagado,,apps/api/tests/router.test.ts:301,21,no,,,candidate,,
api-symbol-cb4a64d2,api,2,symbol,apagarDesafio,,apps/api/src/controllers/login.ts:300,9,no,,,candidate,,
api-symbol-4277826d,api,2,symbol,apagarDesafio,,apps/api/src/controllers/sso.ts:137,9,no,,,candidate,,
api-symbol-efb56aae,api,2,symbol,aplicarPedido,,apps/api/src/domain/whatsapp/preferences.ts:56,2,no,,,candidate,,
api-symbol-34028a80,api,2,symbol,aplicarPerfilMessenger,,apps/api/src/domain/messenger/channel.ts:39,7,no,,,candidate,,
api-symbol-194e50ef,api,2,symbol,arquivos,,apps/api/tests/gerar-fixtures-jsonb.helper.ts:29,244,no,,,candidate,,
api-symbol-909e740c,api,2,symbol,assinatura,,apps/api/src/domain/attachment.ts:127,94,no,,,candidate,,
api-symbol-bd0314f2,api,2,symbol,assinatura,,apps/api/tests/ajuda-pfx.ts:110,94,no,,,candidate,,
api-symbol-80e4b004,api,2,symbol,assinatura,,apps/api/tests/attachments.test.ts:172,94,no,,,candidate,,
api-symbol-bea9b127,api,2,symbol,assinaturaConfere,,apps/api/src/controllers/webhooks-whatsapp.ts:151,7,no,,,candidate,,
api-symbol-53baa41a,api,2,symbol,atalho,,apps/api/src/domain/management/communication.ts:197,113,no,,,candidate,,
api-symbol-e2527d66,api,2,symbol,atalho,,apps/api/src/domain/management/communication.ts:281,113,no,,,candidate,,
api-symbol-8a1e9c12,api,2,symbol,atalho,,apps/api/tests/registrations-attendance.test.ts:453,113,no,,,candidate,,
api-symbol-9a9ca764,api,2,symbol,atalhoConferido,,apps/api/src/domain/management/communication.ts:196,3,no,,,candidate,,
api-symbol-6f57a68b,api,2,symbol,atalhoEmUso,,apps/api/src/domain/management/communication.ts:225,3,no,,,candidate,,
api-symbol-00a2e8ef,api,2,symbol,atendentes,,apps/api/src/domain/management/permissions-of-agent.ts:158,233,no,,,candidate,,
api-symbol-8aab75f0,api,2,symbol,ativas,,apps/api/src/domain/desk/actions.ts:164,132,no,,,candidate,,
api-symbol-d6be7e81,api,2,symbol,ativo,,apps/api/src/domain/management/palavras-proibidas.ts:192,338,no,,,candidate,,
api-symbol-7cd987d7,api,2,symbol,ativo,,apps/api/src/domain/management/registrations.ts:1596,338,no,,,candidate,,
api-symbol-a1a7b974,api,2,symbol,atualizado,,apps/api/src/domain/whatsapp/reauthorization.ts:36,18,no,,,candidate,,
api-symbol-9ca72866,api,2,symbol,ausentes,,apps/api/src/domain/whatsapp/registration-embedded.ts:28,17,no,,,candidate,,
api-symbol-89ba5004,api,2,symbol,basePublica,,apps/api/src/domain/rastreador-de-cliques.ts:54,2,no,,,candidate,,
api-symbol-f7cb05f2,api,2,symbol,blocoId,,apps/api/tests/jsonb-compat.test.ts:123,4,no,,,candidate,,
api-symbol-f5f38e01,api,2,symbol,blocos,,apps/api/tests/analytics.test.ts:75,240,no,,,candidate,,
api-symbol-187215d8,api,2,symbol,blocos,,apps/api/tests/jsonb-compat.test.ts:104,240,no,,,candidate,,
api-symbol-c3a93995,api,2,symbol,boasVindas,,apps/api/src/controllers/management-flow.ts:336,4,no,,,candidate,,
api-symbol-a796e12a,api,2,symbol,boasVindasDe,,apps/api/src/domain/management/configuration-of-flow.ts:54,4,no,,,candidate,,
api-symbol-98f9f9ac,api,2,symbol,boasVindasPreenchidaEm,,apps/api/src/domain/management/configuration-of-flow.ts:155,3,no,,,candidate,,
api-symbol-f7e0bb21,api,2,symbol,BOTAO_COPIAR_MAX,,apps/api/src/domain/whatsapp/modelos.ts:46,3,no,,,candidate,,
api-symbol-326c83fd,api,2,symbol,BOTAO_COPIAR_PADRAO,,apps/api/src/domain/whatsapp/modelos.ts:49,2,no,,,candidate,,
api-symbol-1e898361,api,2,symbol,botaoGrande,,apps/api/tests/configuration-of-flow.test.ts:167,1,no,,,candidate,,
api-symbol-d12897b5,api,2,symbol,bruto,,apps/api/src/controllers/connection-in-flow.ts:18,276,no,,,candidate,,
api-symbol-171a70a3,api,2,symbol,bruto,,apps/api/src/domain/distribution.ts:113,276,no,,,candidate,,
api-symbol-882ed8c0,api,2,symbol,bruto,,apps/api/src/domain/management/actions/communication.ts:86,276,no,,,candidate,,
api-symbol-249029d5,api,2,symbol,bruto,,apps/api/src/domain/management/builder-of-flow.ts:357,276,no,,,candidate,,
api-symbol-fab3b94d,api,2,symbol,bruto,,apps/api/src/domain/management/integrations.ts:420,276,no,,,candidate,,
api-symbol-10cefd77,api,2,symbol,bruto,,apps/api/src/domain/management/integrations.ts:461,276,no,,,candidate,,
api-symbol-5d53e8b0,api,2,symbol,bruto,,apps/api/src/domain/management/note-evaluation.ts:26,276,no,,,candidate,,
api-symbol-a0e2ba9f,api,2,symbol,bruto,,apps/api/tests/messenger.test.ts:85,276,no,,,candidate,,
api-symbol-8c8f6c2d,api,2,symbol,buscarModelos,,apps/api/src/domain/whatsapp/cliente-graph.ts:264,5,no,,,candidate,,
api-symbol-9532a15f,api,2,symbol,buscarModelos,,apps/api/src/domain/whatsapp/cliente-graph.ts:549,5,no,,,candidate,,
api-symbol-d756e540,api,2,symbol,buscarModelos,,apps/api/src/domain/whatsapp/cliente-graph.ts:86,5,no,,,candidate,,
api-symbol-812e6d10,api,2,symbol,buscarTodosOsNumeros,,apps/api/src/domain/whatsapp/cliente-graph.ts:249,6,no,,,candidate,,
api-symbol-fbe29a76,api,2,symbol,buscarTodosOsNumeros,,apps/api/src/domain/whatsapp/cliente-graph.ts:528,6,no,,,candidate,,
api-symbol-a93f0253,api,2,symbol,buscarTodosOsNumeros,,apps/api/src/domain/whatsapp/cliente-graph.ts:85,6,no,,,candidate,,
api-symbol-bc9a3bd9,api,2,symbol,buscarTodosOsNumeros,,apps/api/tests/channels.test.ts:257,6,no,,,candidate,,
api-symbol-c6453f11,api,2,symbol,cabeca,,apps/api/src/domain/management/integrations.ts:304,19,no,,,candidate,,
api-symbol-ee185b31,api,2,symbol,CABECALHO_DA_META,,apps/api/src/domain/whatsapp/modelos.ts:31,2,no,,,candidate,,
api-symbol-45be20d5,api,2,symbol,CABECALHO_TEXTO_MAX,,apps/api/src/domain/whatsapp/modelos.ts:41,9,no,,,candidate,,
api-symbol-b50fa7fa,api,2,symbol,cabecalho,,apps/api/src/controllers/management-operations.ts:117,133,no,,,candidate,,
api-symbol-dba0b87b,api,2,symbol,cabecalho,,apps/api/src/domain/envio.ts:434,133,no,,,candidate,,
api-symbol-a82bea30,api,2,symbol,cabecalho,,apps/api/src/domain/whatsapp/modelos.ts:121,133,no,,,candidate,,
api-symbol-c9900216,api,2,symbol,Cabecalho,,apps/api/src/domain/whatsapp/modelos.ts:286,9,no,,,candidate,,
api-symbol-1ea922f0,api,2,symbol,cabecalho,,apps/api/src/domain/whatsapp/modelos.ts:371,133,no,,,candidate,,
api-symbol-3182cc43,api,2,symbol,cabecalho,,apps/api/src/metrics.ts:127,133,no,,,candidate,,
api-symbol-f93629a5,api,2,symbol,cabecalho,,apps/api/tests/analytics.test.ts:51,133,no,,,candidate,,
api-symbol-dee571be,api,2,symbol,cabecalho,,apps/api/tests/channels.test.ts:735,133,no,,,candidate,,
api-symbol-19e0d13f,api,2,symbol,cabecalho,,apps/api/tests/media-received.test.ts:113,133,no,,,candidate,,
api-symbol-77db7b14,api,2,symbol,cabecalho,,apps/api/tests/monitoring-conversations.test.ts:61,133,no,,,candidate,,
api-symbol-2f493998,api,2,symbol,CabecalhoCustomizado,,apps/api/src/webhooks-saida.ts:59,14,no,,,candidate,,
api-symbol-7335580d,api,2,symbol,CABECALHOS_RESERVADOS,,apps/api/src/webhooks-saida.ts:51,5,no,,,candidate,,
api-symbol-733f546c,api,2,symbol,CABECALHOS_TEMPLATE,,apps/api/src/domain/management/communication.ts:46,7,no,,,candidate,,
api-symbol-8ee703d3,api,2,symbol,cabecalhos,,apps/api/src/domain/instagram/cliente-graph.ts:83,103,no,,,candidate,,
api-symbol-00dd1bc1,api,2,symbol,cabecalhos,,apps/api/src/domain/management/integrations.ts:564,103,no,,,candidate,,
api-symbol-67a8290d,api,2,symbol,cabecalhos,,apps/api/src/domain/management/integrations.ts:763,103,no,,,candidate,,
api-symbol-7af7d4e6,api,2,symbol,cabecalhos,,apps/api/src/domain/whatsapp/cliente-graph.ts:192,103,no,,,candidate,,
api-symbol-0ae25ca6,api,2,symbol,cabecalhos,,apps/api/src/webhooks-saida.ts:121,103,no,,,candidate,,
api-symbol-efa2a2d7,api,2,symbol,cabecalhos,,apps/api/src/webhooks-saida.ts:240,103,no,,,candidate,,
api-symbol-832b6717,api,2,symbol,cabecalhos,,apps/api/tests/envio-session.test.ts:81,103,no,,,candidate,,
api-symbol-74474575,api,2,symbol,cabecalhos,,apps/api/tests/integrations.test.ts:451,103,no,,,candidate,,
api-symbol-e1159fe0,api,2,symbol,cabecalhos,,apps/api/tests/integrations.test.ts:547,103,no,,,candidate,,
api-symbol-7f8abbc5,api,2,symbol,cabecalhos,,apps/api/tests/integrations.test.ts:626,103,no,,,candidate,,
api-symbol-9579f844,api,2,symbol,cabecalhos,,apps/api/tests/media-received.test.ts:114,103,no,,,candidate,,
api-symbol-af95f370,api,2,symbol,cabecalhosConferidos,,apps/api/src/domain/management/integrations.ts:406,4,no,,,candidate,,
api-symbol-c97e5c75,api,2,symbol,cabecalhosDeSaida,,apps/api/src/webhooks-saida.ts:114,5,no,,,candidate,,
api-symbol-e1f09260,api,2,symbol,CabecalhoTemplate,,apps/api/src/domain/management/communication.ts:47,16,no,,,candidate,,
api-symbol-e1f6980c,api,2,symbol,cabecalhoTipo,,apps/api/src/domain/management/actions/communication.ts:69,15,no,,,candidate,,
api-symbol-7b4dc3b3,api,2,symbol,CAMINHO_DESAFIO,,apps/api/src/controllers/login.ts:56,2,no,,,candidate,,
api-symbol-36a9fd70,api,2,symbol,campo,,apps/api/src/domain/instagram/inbound.ts:80,819,no,,,candidate,,
api-symbol-99e3346f,api,2,symbol,campo,,apps/api/src/domain/management/actions/regras.ts:259,819,no,,,candidate,,
api-symbol-0c2f8317,api,2,symbol,campo,,apps/api/src/domain/management/registrations.ts:949,819,no,,,candidate,,
api-symbol-576fc5e7,api,2,symbol,campo,,apps/api/tests/dictionary-crm.test.ts:172,819,no,,,candidate,,
api-symbol-7d594503,api,2,symbol,campoInvalido,,apps/api/tests/registrations-attendance.test.ts:634,1,no,,,candidate,,
api-symbol-e4d842b9,api,2,symbol,CAMPOS_ASSINADOS,,apps/api/src/domain/whatsapp/configuration-of-webhook.ts:13,2,no,,,candidate,,
api-symbol-30a803fe,api,2,symbol,CAMPOS_DA_WABA,,apps/api/src/domain/whatsapp/saude.ts:27,2,no,,,candidate,,
api-symbol-f08d74c3,api,2,symbol,CAMPOS_DO_NUMERO,,apps/api/src/domain/whatsapp/saude.ts:10,2,no,,,candidate,,
api-symbol-01d7f540,api,2,symbol,CAMPOS_DO_PERFIL,,apps/api/src/domain/whatsapp/cliente-graph.ts:50,2,no,,,candidate,,
api-symbol-2833aae4,api,2,symbol,CAMPOS_DO_WEBHOOK_INSTAGRAM,,apps/api/src/domain/instagram/cliente-graph.ts:12,1,no,,,candidate,,
api-symbol-6e602240,api,2,symbol,CAMPOS_PADRAO_DO_WEBHOOK,,apps/api/src/domain/whatsapp/cliente-graph.ts:11,5,no,,,candidate,,
api-symbol-f016388a,api,2,symbol,CAMPOS_PESSOA,,apps/api/src/domain/twenty.ts:155,4,no,,,candidate,,
api-symbol-899d5c14,api,2,symbol,campos,,apps/api/src/controllers/desk.ts:213,261,no,,,candidate,,
api-symbol-06881b54,api,2,symbol,campos,,apps/api/src/controllers/management-registrations.ts:575,261,no,,,candidate,,
api-symbol-14b520d7,api,2,symbol,campos,,apps/api/src/domain/dictionary-crm.ts:255,261,no,,,candidate,,
api-symbol-c1b5e669,api,2,symbol,campos,,apps/api/src/domain/dictionary-crm.ts:369,261,no,,,candidate,,
api-symbol-6579b184,api,2,symbol,Campos,,apps/api/src/domain/management/actions/campos.ts:6,113,no,,,candidate,,
api-symbol-2cdd90ec,api,2,symbol,campos,,apps/api/src/domain/management/actions/regras.ts:253,261,no,,,candidate,,
api-symbol-2648dc98,api,2,symbol,CamposCrus,,apps/api/src/domain/management/actions/campos.ts:4,6,no,,,candidate,,
api-symbol-efe53d2e,api,2,symbol,camposPedidos,,apps/api/src/domain/dictionary-crm.ts:137,3,no,,,candidate,,
api-symbol-45318185,api,2,symbol,CampoTwenty,,apps/api/src/domain/dictionary-crm.ts:67,4,no,,,candidate,,
api-symbol-6acb2f11,api,2,symbol,canais,,apps/api/src/domain/management/settings.ts:192,211,no,,,candidate,,
api-symbol-e28a68e9,api,2,symbol,canal,,apps/api/src/controllers/webhooks-instagram.ts:38,575,no,,,candidate,,
api-symbol-e1087c38,api,2,symbol,canal,,apps/api/src/controllers/webhooks-instagram.ts:62,575,no,,,candidate,,
api-symbol-3aa5bcbf,api,2,symbol,canal,,apps/api/src/controllers/webhooks-whatsapp.ts:25,575,no,,,candidate,,
api-symbol-23946c7f,api,2,symbol,canal,,apps/api/src/controllers/webhooks-whatsapp.ts:42,575,no,,,candidate,,
api-symbol-ceaa4447,api,2,symbol,canal,,apps/api/src/domain/channels.ts:73,575,no,,,candidate,,
api-symbol-780aac61,api,2,symbol,canal,,apps/api/src/domain/management/configuration-of-flow.ts:245,575,no,,,candidate,,
api-symbol-163847fc,api,2,symbol,canal,,apps/api/src/domain/whatsapp/modelos.ts:426,575,no,,,candidate,,
api-symbol-89c1ccbd,api,2,symbol,canal,,apps/api/src/domain/whatsapp/modelos.ts:464,575,no,,,candidate,,
api-symbol-0e2ac226,api,2,symbol,canal,,apps/api/src/domain/whatsapp/perfil.ts:174,575,no,,,candidate,,
api-symbol-b5b79653,api,2,symbol,canal,,apps/api/src/queues.ts:67,575,no,,,candidate,,
api-symbol-e6c3d7e9,api,2,symbol,canal,,apps/api/tests/channels.test.ts:1070,575,no,,,candidate,,
api-symbol-9dfe6fe3,api,2,symbol,canal,,apps/api/tests/channels.test.ts:1079,575,no,,,candidate,,
api-symbol-dad7dd7f,api,2,symbol,canal,,apps/api/tests/channels.test.ts:1089,575,no,,,candidate,,
api-symbol-7aa2c85b,api,2,symbol,canal,,apps/api/tests/channels.test.ts:1095,575,no,,,candidate,,
api-symbol-0f2c6c2c,api,2,symbol,canal,,apps/api/tests/channels.test.ts:145,575,no,,,candidate,,
api-symbol-72d83d7e,api,2,symbol,canal,,apps/api/tests/channels.test.ts:326,575,no,,,candidate,,
api-symbol-f504e0ab,api,2,symbol,canal,,apps/api/tests/channels.test.ts:357,575,no,,,candidate,,
api-symbol-d562ff0d,api,2,symbol,canal,,apps/api/tests/channels.test.ts:373,575,no,,,candidate,,
api-symbol-9245bf5c,api,2,symbol,canal,,apps/api/tests/channels.test.ts:391,575,no,,,candidate,,
api-symbol-aa4d1d0a,api,2,symbol,canal,,apps/api/tests/channels.test.ts:415,575,no,,,candidate,,
api-symbol-8e8a1ae3,api,2,symbol,canal,,apps/api/tests/channels.test.ts:526,575,no,,,candidate,,
api-symbol-6b0b5efe,api,2,symbol,canal,,apps/api/tests/channels.test.ts:563,575,no,,,candidate,,
api-symbol-49240b29,api,2,symbol,canal,,apps/api/tests/channels.test.ts:587,575,no,,,candidate,,
api-symbol-c75de75f,api,2,symbol,canal,,apps/api/tests/channels.test.ts:619,575,no,,,candidate,,
api-symbol-7adb4598,api,2,symbol,canal,,apps/api/tests/channels.test.ts:677,575,no,,,candidate,,
api-symbol-1f7f02cd,api,2,symbol,canal,,apps/api/tests/channels.test.ts:698,575,no,,,candidate,,
api-symbol-96bf2dcf,api,2,symbol,canal,,apps/api/tests/channels.test.ts:718,575,no,,,candidate,,
api-symbol-d5f4b002,api,2,symbol,canal,,apps/api/tests/channels.test.ts:755,575,no,,,candidate,,
api-symbol-e2af9ab6,api,2,symbol,canal,,apps/api/tests/channels.test.ts:783,575,no,,,candidate,,
api-symbol-0d64135f,api,2,symbol,canal,,apps/api/tests/channels.test.ts:838,575,no,,,candidate,,
api-symbol-847636c2,api,2,symbol,canal,,apps/api/tests/channels.test.ts:873,575,no,,,candidate,,
api-symbol-85a1edd4,api,2,symbol,canal,,apps/api/tests/channels.test.ts:912,575,no,,,candidate,,
api-symbol-89366947,api,2,symbol,canal,,apps/api/tests/channels.test.ts:942,575,no,,,candidate,,
api-symbol-3bb63872,api,2,symbol,canal,,apps/api/tests/channels.test.ts:962,575,no,,,candidate,,
api-symbol-98b6c2c4,api,2,symbol,canal,,apps/api/tests/channels.test.ts:991,575,no,,,candidate,,
api-symbol-22b5ee58,api,2,symbol,canal,,apps/api/tests/email.test.ts:301,575,no,,,candidate,,
api-symbol-96e4ec9f,api,2,symbol,canal,,apps/api/tests/email.test.ts:316,575,no,,,candidate,,
api-symbol-8bb6c46d,api,2,symbol,canal,,apps/api/tests/email.test.ts:335,575,no,,,candidate,,
api-symbol-e59f3ae1,api,2,symbol,canal,,apps/api/tests/messenger.test.ts:136,575,no,,,candidate,,
api-symbol-6d83bac9,api,2,symbol,canalId,,apps/api/src/controllers/management-flow.ts:462,162,no,,,candidate,,
api-symbol-fa1a4374,api,2,symbol,canalId,,apps/api/tests/channel-of-flow.test.ts:228,162,no,,,candidate,,
api-symbol-d8707be0,api,2,symbol,canalId,,apps/api/tests/channel-of-flow.test.ts:293,162,no,,,candidate,,
api-symbol-0b079f51,api,2,symbol,canalId,,apps/api/tests/channel-of-flow.test.ts:316,162,no,,,candidate,,
api-symbol-570af003,api,2,symbol,canalId,,apps/api/tests/channel-of-flow.test.ts:352,162,no,,,candidate,,
api-symbol-487444b1,api,2,symbol,canalId,,apps/api/tests/channel-of-flow.test.ts:481,162,no,,,candidate,,
api-symbol-a74a53b5,api,2,symbol,canalId,,apps/api/tests/media-received.test.ts:195,162,no,,,candidate,,
api-symbol-a56e0f7d,api,2,symbol,canalId,,apps/api/tests/media-received.test.ts:220,162,no,,,candidate,,
api-symbol-464edc16,api,2,symbol,canalId,,apps/api/tests/media-received.test.ts:248,162,no,,,candidate,,
api-symbol-f7e4124a,api,2,symbol,canalId,,apps/api/tests/media-received.test.ts:270,162,no,,,candidate,,
api-symbol-c0bf8c24,api,2,symbol,canalId,,apps/api/tests/media-received.test.ts:292,162,no,,,candidate,,
api-symbol-46e6aa28,api,2,symbol,canalId,,apps/api/tests/media-received.test.ts:321,162,no,,,candidate,,
api-symbol-6e7d63dc,api,2,symbol,carregarBoasVindas,,apps/api/src/domain/management/configuration-of-flow.ts:63,3,no,,,candidate,,
api-symbol-9b291af1,api,2,symbol,carregarCabecalho,,apps/api/src/domain/management/cabecalho.ts:14,3,no,,,candidate,,
api-symbol-eb72b83c,api,2,symbol,carregarEtiqueta,,apps/api/src/domain/etiquetas.ts:56,3,no,,,candidate,,
api-symbol-0b4df337,api,2,symbol,carregarHorarios,,apps/api/src/domain/management/registrations.ts:284,1,no,,,candidate,,
api-symbol-a932d4bf,api,2,symbol,carregarJornada,,apps/api/src/domain/management-analytics.ts:333,4,no,,,candidate,,
api-symbol-504603fd,api,2,symbol,carregarMenuPersistente,,apps/api/src/domain/management/configuration-of-flow.ts:160,3,no,,,candidate,,
api-symbol-b050f53e,api,2,symbol,carregarModelos,,apps/api/src/domain/management-flow.ts:414,4,no,,,candidate,,
api-symbol-25c23aa6,api,2,symbol,carregarModelos,,apps/api/src/domain/management/communication.ts:118,4,no,,,candidate,,
api-symbol-f9787254,api,2,symbol,carregarPalavrasProibidas,,apps/api/src/domain/management/palavras-proibidas.ts:136,1,no,,,candidate,,
api-symbol-e693b3bc,api,2,symbol,carregarPausas,,apps/api/src/domain/management/registrations.ts:187,2,no,,,candidate,,
api-symbol-f3532e4b,api,2,symbol,carregarRegras,,apps/api/src/domain/management/settings.ts:73,3,no,,,candidate,,
api-symbol-e387f59c,api,2,symbol,carregarRegrasSla,,apps/api/src/domain/management/sla.ts:41,6,no,,,candidate,,
api-symbol-e78886fb,api,2,symbol,carregarRespostasProntas,,apps/api/src/domain/management/communication.ts:81,1,no,,,candidate,,
api-symbol-6ffb1fee,api,2,symbol,carregarServicos,,apps/api/src/domain/management/services-of-router.ts:63,3,no,,,candidate,,
api-symbol-167f4068,api,2,symbol,carregarTicketAntigo,,apps/api/src/domain/desk/consultas.ts:402,1,no,,,candidate,,
api-symbol-f410c7f2,api,2,symbol,carregarVisaoGeral,,apps/api/src/domain/management-analytics.ts:246,3,no,,,candidate,,
api-symbol-08bf0887,api,2,symbol,CATEGORIA_DA_META,,apps/api/src/domain/whatsapp/modelos.ts:25,2,no,,,candidate,,
api-symbol-d599eae7,api,2,symbol,CATEGORIA_PARA_META,,apps/api/src/domain/whatsapp/modelos.ts:246,2,no,,,candidate,,
api-symbol-9ee2be6f,api,2,symbol,categoria,,apps/api/src/domain/flow.ts:1051,281,no,,,candidate,,
api-symbol-7e9fc812,api,2,symbol,categoria,,apps/api/src/domain/management/actions/communication.ts:68,281,no,,,candidate,,
api-symbol-e771241f,api,2,symbol,categoria,,apps/api/src/domain/management/communication.ts:284,281,no,,,candidate,,
api-symbol-c74c0aab,api,2,symbol,CATEGORIA,,apps/api/src/domain/whatsapp/events-of-template.ts:24,3,no,,,candidate,,
api-symbol-f537b311,api,2,symbol,categoria,,apps/api/src/domain/whatsapp/modelos.ts:112,281,no,,,candidate,,
api-symbol-25b34ff4,api,2,symbol,categoria,,apps/api/src/domain/whatsapp/modelos.ts:364,281,no,,,candidate,,
api-symbol-918f7d23,api,2,symbol,CategoriaTemplate,,apps/api/src/domain/management/communication.ts:31,14,no,,,candidate,,
api-symbol-1e8a2016,api,2,symbol,cedo,,apps/api/tests/input-expiration.test.ts:294,10,no,,,candidate,,
api-symbol-7df9c9bf,api,2,symbol,certificadoAutoAssinado,,apps/api/tests/ajuda-pfx.ts:93,2,no,,,candidate,,
api-symbol-50609adf,api,2,symbol,CertificadoMtls,,apps/api/src/domain/management/certificados.ts:21,16,no,,,candidate,,
api-symbol-23ef3978,api,2,symbol,chamadasAntes,,apps/api/tests/ponta-a-ponta.test.ts:309,4,no,,,candidate,,
api-symbol-ec1b89e8,api,2,symbol,chamadasAntes,,apps/api/tests/ponta-a-ponta.test.ts:342,4,no,,,candidate,,
api-symbol-3ae8d3a7,api,2,symbol,chamar,,apps/api/src/domain/twenty.ts:56,194,no,,,candidate,,
api-symbol-c51e06ba,api,2,symbol,chamar,,apps/api/tests/channel-of-flow.test.ts:119,194,no,,,candidate,,
api-symbol-8730f92b,api,2,symbol,chamar,,apps/api/tests/configuration-of-flow.test.ts:82,194,no,,,candidate,,
api-symbol-eff7c4d6,api,2,symbol,chamar,,apps/api/tests/conversation-events.test.ts:90,194,no,,,candidate,,
api-symbol-5bf914fc,api,2,symbol,chamar,,apps/api/tests/etiquetas.test.ts:78,194,no,,,candidate,,
api-symbol-494c39eb,api,2,symbol,chamar,,apps/api/tests/flow-resources.test.ts:85,194,no,,,candidate,,
api-symbol-74697219,api,2,symbol,chamar,,apps/api/tests/key-of-flow.test.ts:100,194,no,,,candidate,,
api-symbol-04ea7a24,api,2,symbol,chamar,,apps/api/tests/router.test.ts:93,194,no,,,candidate,,
api-symbol-e14a183e,api,2,symbol,chamar,,apps/api/tests/team-of-flow.test.ts:108,194,no,,,candidate,,
api-symbol-0cfcb850,api,2,symbol,chamarComMtls,,apps/api/src/domain/mtls.ts:242,50,no,,,candidate,,
api-symbol-581aa0d0,api,2,symbol,chave,,apps/api/src/domain/attachment.ts:42,571,no,,,candidate,,
api-symbol-614ff6fb,api,2,symbol,chave,,apps/api/src/domain/management/pfx.ts:248,571,no,,,candidate,,
api-symbol-d97480df,api,2,symbol,chave,,apps/api/src/domain/management/pfx.ts:406,571,no,,,candidate,,
api-symbol-8f6078fd,api,2,symbol,chave,,apps/api/tests/ajuda-pfx.ts:161,571,no,,,candidate,,
api-symbol-9eef0d1e,api,2,symbol,chave,,apps/api/tests/growth.test.ts:284,571,no,,,candidate,,
api-symbol-c0a06e8a,api,2,symbol,chaves,,apps/api/src/controllers/management-integrations.ts:61,189,no,,,candidate,,
api-symbol-c8aae534,api,2,symbol,chaves,,apps/api/src/domain/dictionary-crm.ts:315,189,no,,,candidate,,
api-symbol-352503bd,api,2,symbol,chaves,,apps/api/src/domain/management/certificados.ts:194,189,no,,,candidate,,
api-symbol-526694f6,api,2,symbol,CHAVES,,apps/api/src/domain/management/team-of-flow.ts:57,12,no,,,candidate,,
api-symbol-5f056bb7,api,2,symbol,chaves,,apps/api/src/domain/mtls.ts:97,189,no,,,candidate,,
api-symbol-6d400505,api,2,symbol,chaves,,apps/api/src/domain/whatsapp/modelos.ts:194,189,no,,,candidate,,
api-symbol-32c5e99e,api,2,symbol,chaves,,apps/api/tests/flow-secrets.test.ts:296,189,no,,,candidate,,
api-symbol-df734a2d,api,2,symbol,chaves,,apps/api/tests/team-of-flow.test.ts:282,189,no,,,candidate,,
api-symbol-ae0860db,api,2,symbol,chavesDe,,apps/api/src/domain/management/history.ts:251,6,no,,,candidate,,
api-symbol-832cabed,api,2,symbol,cheio,,apps/api/tests/channel-of-flow.test.ts:385,10,no,,,candidate,,
api-symbol-9524df10,api,2,symbol,CIFRA_DO_PBES2,,apps/api/src/domain/management/pfx.ts:141,2,no,,,candidate,,
api-symbol-86f57420,api,2,symbol,cifra,,apps/api/src/domain/management/pfx.ts:233,18,no,,,candidate,,
api-symbol-4d5600e2,api,2,symbol,cifra,,apps/api/tests/ajuda-pfx.ts:122,18,no,,,candidate,,
api-symbol-d620f7f1,api,2,symbol,cifrada,,apps/api/tests/twenty.test.ts:197,13,no,,,candidate,,
api-symbol-5e193776,api,2,symbol,cifrado,,apps/api/src/domain/media.ts:205,37,no,,,candidate,,
api-symbol-c6b154be,api,2,symbol,cifrado,,apps/api/src/domain/whatsapp/channel.ts:80,37,no,,,candidate,,
api-symbol-b9a1e3eb,api,2,symbol,cifrado,,apps/api/tests/ajuda-pfx.ts:123,37,no,,,candidate,,
api-symbol-bebe373c,api,2,symbol,cifrarPbes2,,apps/api/tests/ajuda-pfx.ts:117,2,no,,,candidate,,
api-symbol-60b5dc97,api,2,symbol,clienteJaFalou,,apps/api/src/domain/envio.ts:218,2,no,,,candidate,,
api-symbol-399933be,api,2,symbol,ClienteProvisionado,,apps/api/src/provision.ts:48,5,no,,,candidate,,
api-symbol-57f8571c,api,2,symbol,clienteSegredo,,apps/api/src/domain/sso.ts:261,4,no,,,candidate,,
api-symbol-5d955a53,api,2,symbol,cliquesGeral,,apps/api/tests/growth.test.ts:205,2,no,,,candidate,,
api-symbol-f391b6bf,api,2,symbol,codigo,,apps/api/src/controllers/login.ts:353,595,no,,,candidate,,
api-symbol-1cafbdf8,api,2,symbol,codigo,,apps/api/src/controllers/sso.ts:192,595,no,,,candidate,,
api-symbol-38974266,api,2,symbol,codigo,,apps/api/src/domain/flow.ts:1632,595,no,,,candidate,,
api-symbol-09441a7d,api,2,symbol,codigo,,apps/api/src/domain/management/builder-of-flow.ts:431,595,no,,,candidate,,
api-symbol-7043a433,api,2,symbol,codigo,,apps/api/src/domain/rastreador-de-cliques.ts:86,595,no,,,candidate,,
api-symbol-43a14264,api,2,symbol,codigo,,apps/api/tests/channel-of-flow.test.ts:134,595,no,,,candidate,,
api-symbol-f1ca00c8,api,2,symbol,codigo,,apps/api/tests/channels.test.ts:209,595,no,,,candidate,,
api-symbol-0e8c3cea,api,2,symbol,codigo,,apps/api/tests/channels.test.ts:403,595,no,,,candidate,,
api-symbol-c26b10e3,api,2,symbol,codigo,,apps/api/tests/growth.test.ts:143,595,no,,,candidate,,
api-symbol-362342f0,api,2,symbol,codigo,,apps/api/tests/jsonb-compat.test.ts:122,595,no,,,candidate,,
api-symbol-e37d6dc0,api,2,symbol,codigo,,apps/api/tests/router.test.ts:108,595,no,,,candidate,,
api-symbol-47ac5da9,api,2,symbol,codigoDaRecusa,,apps/api/src/controllers/login.ts:183,15,no,,,candidate,,
api-symbol-3024b0c9,api,2,symbol,codigoDoPostgres,,apps/api/src/domain/dominios.ts:188,8,no,,,candidate,,
api-symbol-a82439c5,api,2,symbol,codigoParaId,,apps/api/tests/jsonb-compat.test.ts:119,1,no,,,candidate,,
api-symbol-2e36a9bc,api,2,symbol,codigos,,apps/api/src/domain/dictionary-crm.ts:308,14,no,,,candidate,,
api-symbol-43d03438,api,2,symbol,codigos,,apps/api/src/domain/management/permissions-of-agent.ts:162,14,no,,,candidate,,
api-symbol-b3de9781,api,2,symbol,codigos,,apps/api/tests/permissions-of-agent.test.ts:193,14,no,,,candidate,,
api-symbol-03a61f92,api,2,symbol,colega,,apps/api/tests/realtime.test.ts:264,6,no,,,candidate,,
api-symbol-cbb0e3e1,api,2,symbol,colegaId,,apps/api/tests/attachments-multiplos.test.ts:32,14,no,,,candidate,,
api-symbol-169a9e53,api,2,symbol,colegaId,,apps/api/tests/desk-actions.test.ts:28,14,no,,,candidate,,
api-symbol-b72044c9,api,2,symbol,colegaId,,apps/api/tests/etiquetas.test.ts:29,14,no,,,candidate,,
api-symbol-ef3b5e31,api,2,symbol,COLUNAS_DA_VERSAO,,apps/api/src/domain/management/builder-of-flow.ts:84,4,no,,,candidate,,
api-symbol-fbca596b,api,2,symbol,COLUNAS_WEBHOOK,,apps/api/src/domain/management/integrations.ts:377,5,no,,,candidate,,
api-symbol-8d9deaf9,api,2,symbol,colunas,,apps/api/src/domain/dictionary-crm.ts:341,160,no,,,candidate,,
api-symbol-f231128b,api,2,symbol,COLUNAS,,apps/api/src/domain/import-of-contacts.ts:95,39,no,,,candidate,,
api-symbol-051c2d5c,api,2,symbol,COLUNAS,,apps/api/src/domain/management/channel-of-flow.ts:29,39,no,,,candidate,,
api-symbol-d422bf7a,api,2,symbol,COLUNAS,,apps/api/src/domain/management/palavras-proibidas.ts:130,39,no,,,candidate,,
api-symbol-ae5adadc,api,2,symbol,COLUNAS,,apps/api/src/domain/management/team-of-flow.ts:227,39,no,,,candidate,,
api-symbol-6d2019fb,api,2,symbol,colunasDoChatbot,,apps/api/src/domain/management/services-of-router.ts:25,3,no,,,candidate,,
api-symbol-136a147d,api,2,symbol,colunasParaGravar,,apps/api/src/domain/management/integrations.ts:674,2,no,,,candidate,,
api-symbol-07d83d6b,api,2,symbol,comApi,,apps/api/tests/ponta-a-ponta.test.ts:50,9,no,,,candidate,,
api-symbol-5d3dfdbd,api,2,symbol,combinador,,apps/api/src/domain/management/actions/regras.ts:241,37,no,,,candidate,,
api-symbol-2af43365,api,2,symbol,comConfianca,,apps/api/src/domain/management/quality-review.ts:195,1,no,,,candidate,,
api-symbol-7b16bc0e,api,2,symbol,comCookie,,apps/api/tests/attachments-multiplos.test.ts:82,137,no,,,candidate,,
api-symbol-5201bac9,api,2,symbol,comCookie,,apps/api/tests/builder-by-flow.test.ts:96,137,no,,,candidate,,
api-symbol-0e9671d1,api,2,symbol,comCookie,,apps/api/tests/builder-test-run.test.ts:83,137,no,,,candidate,,
api-symbol-dd0babca,api,2,symbol,comCookie,,apps/api/tests/channel-of-flow.test.ts:80,137,no,,,candidate,,
api-symbol-d332a734,api,2,symbol,comCookie,,apps/api/tests/configuration-of-flow.test.ts:68,137,no,,,candidate,,
api-symbol-e712590f,api,2,symbol,comCookie,,apps/api/tests/contacts-editar.test.ts:66,137,no,,,candidate,,
api-symbol-323a469c,api,2,symbol,comCookie,,apps/api/tests/contract.test.ts:110,137,no,,,candidate,,
api-symbol-2e059489,api,2,symbol,comCookie,,apps/api/tests/convites.test.ts:86,137,no,,,candidate,,
api-symbol-476c654f,api,2,symbol,comCookie,,apps/api/tests/cycle-of-lifetime-of-flow.test.ts:90,137,no,,,candidate,,
api-symbol-97db9bfb,api,2,symbol,comCookie,,apps/api/tests/desk-actions.test.ts:39,137,no,,,candidate,,
api-symbol-df185203,api,2,symbol,comCookie,,apps/api/tests/etiquetas.test.ts:70,137,no,,,candidate,,
api-symbol-bd912945,api,2,symbol,comCookie,,apps/api/tests/flow-resources.test.ts:71,137,no,,,candidate,,
api-symbol-18271112,api,2,symbol,comCookie,,apps/api/tests/flow-short-name.test.ts:84,137,no,,,candidate,,
api-symbol-ef8de341,api,2,symbol,comCookie,,apps/api/tests/growth.test.ts:62,137,no,,,candidate,,
api-symbol-4b31f1f7,api,2,symbol,comCookie,,apps/api/tests/inbound.test.ts:89,137,no,,,candidate,,
api-symbol-2464cea6,api,2,symbol,comCookie,,apps/api/tests/integrations.test.ts:80,137,no,,,candidate,,
api-symbol-118677bc,api,2,symbol,comCookie,,apps/api/tests/key-of-flow.test.ts:90,137,no,,,candidate,,
api-symbol-42707a8f,api,2,symbol,comCookie,,apps/api/tests/palavras-proibidas.test.ts:87,137,no,,,candidate,,
api-symbol-5e30ed91,api,2,symbol,comCookie,,apps/api/tests/permissions-of-agent.test.ts:102,137,no,,,candidate,,
api-symbol-19083330,api,2,symbol,comCookie,,apps/api/tests/registrations-attendance.test.ts:81,137,no,,,candidate,,
api-symbol-8367bfad,api,2,symbol,comCookie,,apps/api/tests/router.test.ts:71,137,no,,,candidate,,
api-symbol-1c82e997,api,2,symbol,comCookie,,apps/api/tests/satisfaction-survey.test.ts:79,137,no,,,candidate,,
api-symbol-a1160e91,api,2,symbol,comCookie,,apps/api/tests/team-of-flow.test.ts:92,137,no,,,candidate,,
api-symbol-b9ae07a7,api,2,symbol,COMECA_COM_LETRA,,apps/api/src/domain/management/regras-de-nome.ts:55,2,no,,,candidate,,
api-symbol-9b01979d,api,2,symbol,ComentarioRecente,,apps/api/src/domain/management/satisfaction.ts:48,5,no,,,candidate,,
api-symbol-614c4dec,api,2,symbol,comentarios,,apps/api/src/domain/management/satisfaction.ts:152,7,no,,,candidate,,
api-symbol-1bfc8e72,api,2,symbol,comEspaco,,apps/api/tests/registrations-attendance.test.ts:445,1,no,,,candidate,,
api-symbol-d3a003e4,api,2,symbol,comEtiqueta,,apps/api/src/domain/management/history.ts:104,2,no,,,candidate,,
api-symbol-c28e29d3,api,2,symbol,comFalha,,apps/api/tests/flow.test.ts:263,2,no,,,candidate,,
api-symbol-a2c66892,api,2,symbol,comFoto,,apps/api/tests/cycle-of-lifetime-of-flow.test.ts:285,2,no,,,candidate,,
api-symbol-084d40c2,api,2,symbol,ComLista,,apps/api/tests/channels.test.ts:256,2,no,,,candidate,,
api-symbol-66298b22,api,2,symbol,comNumeros,,apps/api/tests/channels.test.ts:255,8,no,,,candidate,,
api-symbol-7d8ceb46,api,2,symbol,comoBooleano,,apps/api/src/domain/desk/taggings.ts:18,3,no,,,candidate,,
api-symbol-00f65560,api,2,symbol,comoData,,apps/api/src/domain/conversation.ts:468,8,no,,,candidate,,
api-symbol-647ab375,api,2,symbol,comoData,,apps/api/src/domain/envio.ts:443,8,no,,,candidate,,
api-symbol-5b8e2f1b,api,2,symbol,comoLocal,,apps/api/src/domain/whatsapp/modelos.ts:111,3,no,,,candidate,,
api-symbol-9e766a1d,api,2,symbol,comoResultado,,apps/api/src/domain/management/actions/agents.ts:17,9,no,,,candidate,,
api-symbol-2af4a9a9,api,2,symbol,comoResultado,,apps/api/src/domain/management/actions/communication.ts:25,9,no,,,candidate,,
api-symbol-f8e918bf,api,2,symbol,comoResultado,,apps/api/src/domain/management/actions/regras.ts:37,9,no,,,candidate,,
api-symbol-becb3cae,api,2,symbol,comoTexto,,apps/api/src/domain/whatsapp/saude.ts:59,68,no,,,candidate,,
api-symbol-2d2747b5,api,2,symbol,comoVersao,,apps/api/src/domain/management/builder-of-flow.ts:94,4,no,,,candidate,,
api-symbol-20d65610,api,2,symbol,comoVisivel,,apps/api/src/domain/whatsapp/perfil.ts:70,2,no,,,candidate,,
api-symbol-0da5b9f3,api,2,symbol,comoWebhook,,apps/api/src/domain/management/integrations.ts:359,3,no,,,candidate,,
api-symbol-7527d82d,api,2,symbol,completo,,apps/api/tests/integrations.test.ts:119,132,no,,,candidate,,
api-symbol-904a6af3,api,2,symbol,completoDoB,,apps/api/tests/integrations.test.ts:126,2,no,,,candidate,,
api-symbol-698c9885,api,2,symbol,componentes,,apps/api/src/domain/whatsapp/modelos.ts:321,238,no,,,candidate,,
api-symbol-caffc603,api,2,symbol,componentes,,apps/api/src/domain/whatsapp/modelos.ts:388,238,no,,,candidate,,
api-symbol-4621a2e3,api,2,symbol,comPrefixo,,apps/api/tests/builder-by-flow.test.ts:486,1,no,,,candidate,,
api-symbol-bbf52bc7,api,2,symbol,comTransferencia,,apps/api/tests/builder-test-run.test.ts:339,3,no,,,candidate,,
api-symbol-da84bd12,api,2,symbol,comVaga,,apps/api/src/domain/desk/actions.ts:156,1,no,,,candidate,,
api-symbol-f3ac058e,api,2,symbol,concluida,,apps/api/src/domain/flow.ts:930,30,no,,,candidate,,
api-symbol-3919a1da,api,2,symbol,concluido,,apps/api/src/controllers/my-account.ts:91,17,no,,,candidate,,
api-symbol-3b73d53f,api,2,symbol,condDeskErro,,apps/api/tests/jsonb-compat.test.ts:147,2,no,,,candidate,,
api-symbol-8d3e1e13,api,2,symbol,condicoes,,apps/api/src/domain/management/registrations.ts:920,29,no,,,candidate,,
api-symbol-c849a4aa,api,2,symbol,condicoes,,apps/api/tests/jsonb-compat.test.ts:108,29,no,,,candidate,,
api-symbol-c33dc3fe,api,2,symbol,condMenuFinanceiro,,apps/api/tests/jsonb-compat.test.ts:144,2,no,,,candidate,,
api-symbol-bdfbd0f9,api,2,symbol,condMenuSuporte,,apps/api/tests/jsonb-compat.test.ts:145,2,no,,,candidate,,
api-symbol-66f7800b,api,2,symbol,conexaoFluxo,,apps/api/tests/integrations.test.ts:283,7,no,,,candidate,,
api-symbol-ca270ab6,api,2,symbol,conexaoFluxo,,apps/api/tests/integrations.test.ts:322,7,no,,,candidate,,
api-symbol-423b0c95,api,2,symbol,conexoes,,apps/api/src/realtime.ts:58,4,no,,,candidate,,
api-symbol-e2190477,api,2,symbol,conferirCabecalho,,apps/api/src/domain/whatsapp/modelos.ts:291,2,no,,,candidate,,
api-symbol-9623fdff,api,2,symbol,conferirQuePodeLigar,,apps/api/src/domain/management/channel-of-flow.ts:105,3,no,,,candidate,,
api-symbol-65e9b40f,api,2,symbol,confiancaIa,,apps/api/src/domain/management/quality-review.ts:196,5,no,,,candidate,,
api-symbol-6f79b584,api,2,symbol,configurarAlerta,,apps/api/tests/email.test.ts:83,5,no,,,candidate,,
api-symbol-7f23b391,api,2,symbol,configurar,,apps/api/tests/sso.test.ts:87,33,no,,,candidate,,
api-symbol-0d5f977e,api,2,symbol,configurarPerfil,,apps/api/src/domain/messenger/cliente-graph.ts:13,3,no,,,candidate,,
api-symbol-daec187b,api,2,symbol,configurarPerfil,,apps/api/src/domain/messenger/cliente-graph.ts:43,3,no,,,candidate,,
api-symbol-ef2e673e,api,2,symbol,configurarPerfil,,apps/api/src/domain/messenger/cliente-graph.ts:59,3,no,,,candidate,,
api-symbol-70967d81,api,2,symbol,configurarWebhook,,apps/api/src/domain/whatsapp/configuration-of-webhook.ts:43,10,no,,,candidate,,
api-symbol-84f7fa26,api,2,symbol,confirmarUrlSegura,,apps/api/src/domain/management/integrations.ts:238,72,no,,,candidate,,
api-symbol-50dbb8c5,api,2,symbol,consumidorInstagramToken,,apps/api/src/queues.ts:441,5,no,,,candidate,,
api-symbol-1d6d567a,api,2,symbol,consumidorProcessHttp,,apps/api/src/queues.ts:50,6,no,,,candidate,,
api-symbol-52ca5e60,api,2,symbol,consumidorSla,,apps/api/src/queues.ts:317,5,no,,,candidate,,
api-symbol-ba23a401,api,2,symbol,consumirProcessHttp,,apps/api/src/queues.ts:92,14,no,,,candidate,,
api-symbol-2961cc05,api,2,symbol,Contador,,apps/api/src/metrics.ts:34,10,no,,,candidate,,
api-symbol-f686d3ec,api,2,symbol,contagemDeMensagensComId,,apps/api/tests/process-http-retomada.test.ts:156,9,no,,,candidate,,
api-symbol-3bf3a571,api,2,symbol,ContagemDeProducao,,apps/api/tests/builder-test-run.test.ts:235,2,no,,,candidate,,
api-symbol-ebb6ae99,api,2,symbol,contagemDeProducao,,apps/api/tests/builder-test-run.test.ts:242,5,no,,,candidate,,
api-symbol-3b3964f1,api,2,symbol,contarAdministradoresAtivos,,apps/api/src/domain/management/contract.ts:187,3,no,,,candidate,,
api-symbol-c44ec0c3,api,2,symbol,contarEntregas,,apps/api/tests/sla-motor.test.ts:123,2,no,,,candidate,,
api-symbol-aec138d9,api,2,symbol,contarEventos,,apps/api/tests/sla-motor.test.ts:116,9,no,,,candidate,,
api-symbol-bdb00995,api,2,symbol,contarMensagensDoBot,,apps/api/tests/flow-content.test.ts:175,3,no,,,candidate,,
api-symbol-f408311b,api,2,symbol,contato,,apps/api/src/controllers/desk.ts:133,706,no,,,candidate,,
api-symbol-45fa66fb,api,2,symbol,contato,,apps/api/src/controllers/management-analytics.ts:248,706,no,,,candidate,,
api-symbol-8df41355,api,2,symbol,contato,,apps/api/src/controllers/management-flow.ts:259,706,no,,,candidate,,
api-symbol-29724e12,api,2,symbol,contato,,apps/api/src/controllers/management-flow.ts:276,706,no,,,candidate,,
api-symbol-f3682cf4,api,2,symbol,contato,,apps/api/src/domain/etiquetas.ts:243,706,no,,,candidate,,
api-symbol-6686117d,api,2,symbol,contato,,apps/api/src/domain/etiquetas.ts:275,706,no,,,candidate,,
api-symbol-caf2ad23,api,2,symbol,contato,,apps/api/tests/desk-commands.test.ts:58,706,no,,,candidate,,
api-symbol-74a566a4,api,2,symbol,contato,,apps/api/tests/process-http-retomada.test.ts:246,706,no,,,candidate,,
api-symbol-b4daeeb6,api,2,symbol,contato,,apps/api/tests/process-http-retomada.test.ts:278,706,no,,,candidate,,
api-symbol-7fd37e5a,api,2,symbol,CONTATO,,apps/api/tests/process-http-retomada.test.ts:76,4,no,,,candidate,,
api-symbol-3d5c4cb6,api,2,symbol,contatoDe,,apps/api/tests/satisfaction-survey.test.ts:97,2,no,,,candidate,,
api-symbol-f43756d3,api,2,symbol,contatoId,,apps/api/src/domain/inbound.ts:432,124,no,,,candidate,,
api-symbol-c32d8113,api,2,symbol,contatoId,,apps/api/src/domain/message-active.ts:204,124,no,,,candidate,,
api-symbol-b8f730e5,api,2,symbol,contatoId,,apps/api/tests/desk-actions.test.ts:90,124,no,,,candidate,,
api-symbol-db2a509c,api,2,symbol,contatoId,,apps/api/tests/etiquetas.test.ts:363,124,no,,,candidate,,
api-symbol-bcc1e2b9,api,2,symbol,contatoId,,apps/api/tests/etiquetas.test.ts:391,124,no,,,candidate,,
api-symbol-4910d74b,api,2,symbol,contatoId,,apps/api/tests/jsonb-compat.test.ts:264,124,no,,,candidate,,
api-symbol-0b551a71,api,2,symbol,contatoId,,apps/api/tests/jsonb-compat.test.ts:377,124,no,,,candidate,,
api-symbol-7c17cc9b,api,2,symbol,contatoId,,apps/api/tests/satisfaction-survey.test.ts:119,124,no,,,candidate,,
api-symbol-caf9efa6,api,2,symbol,contatoId,,apps/api/tests/twenty.test.ts:224,124,no,,,candidate,,
api-symbol-98c78968,api,2,symbol,contatoMessenger,,apps/api/src/domain/management/configuration-of-flow.ts:243,2,no,,,candidate,,
api-symbol-82164cec,api,2,symbol,conteudo,,apps/api/src/domain/envio.ts:165,398,no,,,candidate,,
api-symbol-3cabe4bb,api,2,symbol,conteudo,,apps/api/src/domain/flow.ts:1094,398,no,,,candidate,,
api-symbol-c93cc309,api,2,symbol,conteudo,,apps/api/src/domain/flow.ts:1111,398,no,,,candidate,,
api-symbol-db6939e1,api,2,symbol,conteudo,,apps/api/src/domain/flow.ts:1278,398,no,,,candidate,,
api-symbol-b6cc6a97,api,2,symbol,conteudo,,apps/api/src/domain/flow.ts:1634,398,no,,,candidate,,
api-symbol-5c2c6f84,api,2,symbol,conteudo,,apps/api/src/domain/inbound.ts:232,398,no,,,candidate,,
api-symbol-cb422616,api,2,symbol,conteudo,,apps/api/src/domain/management/builder-of-flow.ts:432,398,no,,,candidate,,
api-symbol-a7135934,api,2,symbol,conteudo,,apps/api/src/domain/management/pfx.ts:382,398,no,,,candidate,,
api-symbol-bdf6121a,api,2,symbol,conteudo,,apps/api/src/domain/whatsapp/state-of-connection.ts:20,398,no,,,candidate,,
api-symbol-70a46a95,api,2,symbol,conteudo,,apps/api/src/domain/whatsapp/state-of-connection.ts:35,398,no,,,candidate,,
api-symbol-6464ca04,api,2,symbol,conteudo,,apps/api/tests/jsonb-compat.test.ts:121,398,no,,,candidate,,
api-symbol-490a90a2,api,2,symbol,conteudoCifradoDe,,apps/api/src/domain/management/pfx.ts:273,2,no,,,candidate,,
api-symbol-c0266b83,api,2,symbol,conteudoDoCertificado,,apps/api/tests/ajuda-pfx.ts:185,2,no,,,candidate,,
api-symbol-9c273dc2,api,2,symbol,ConteudoDoPfx,,apps/api/src/domain/management/pfx.ts:259,5,no,,,candidate,,
api-symbol-6041e84f,api,2,symbol,conteudoMidia,,apps/api/tests/flow-content.test.ts:31,8,no,,,candidate,,
api-symbol-88a04673,api,2,symbol,contexto,,apps/api/tests/engine-contracts.test.ts:167,248,no,,,candidate,,
api-symbol-973ce3e1,api,2,symbol,contexto,,apps/api/tests/jsonb-compat.test.ts:193,248,no,,,candidate,,
api-symbol-25d44e2b,api,2,symbol,contextoGuardado,,apps/api/tests/jsonb-compat.test.ts:244,3,no,,,candidate,,
api-symbol-fd90df65,api,2,symbol,continuar,,apps/api/src/queues.ts:77,43,no,,,candidate,,
api-symbol-c61800ea,api,2,symbol,conversaA,,apps/api/tests/palavras-proibidas.test.ts:436,3,no,,,candidate,,
api-symbol-e25b649e,api,2,symbol,conversa,,apps/api/src/controllers/desk.ts:83,927,no,,,candidate,,
api-symbol-bc495c09,api,2,symbol,conversa,,apps/api/src/domain/conversation.ts:167,927,no,,,candidate,,
api-symbol-e8661d5e,api,2,symbol,conversa,,apps/api/src/domain/conversation.ts:318,927,no,,,candidate,,
api-symbol-39c87f9a,api,2,symbol,conversa,,apps/api/src/domain/conversation.ts:42,927,no,,,candidate,,
api-symbol-3f141727,api,2,symbol,conversa,,apps/api/src/domain/etiquetas.ts:129,927,no,,,candidate,,
api-symbol-b24f045a,api,2,symbol,conversa,,apps/api/src/domain/etiquetas.ts:165,927,no,,,candidate,,
api-symbol-f1fc1a02,api,2,symbol,conversa,,apps/api/tests/builder-by-flow.test.ts:457,927,no,,,candidate,,
api-symbol-5336d7e7,api,2,symbol,conversa,,apps/api/tests/desk-availability.test.ts:128,927,no,,,candidate,,
api-symbol-036eb641,api,2,symbol,conversa,,apps/api/tests/desk-commands.test.ts:48,927,no,,,candidate,,
api-symbol-ae7245fe,api,2,symbol,conversa,,apps/api/tests/desk-write-commands.test.ts:149,927,no,,,candidate,,
api-symbol-48dce1ef,api,2,symbol,conversa,,apps/api/tests/desk-write-commands.test.ts:169,927,no,,,candidate,,
api-symbol-c0603b8a,api,2,symbol,conversa,,apps/api/tests/desk-write-commands.test.ts:191,927,no,,,candidate,,
api-symbol-ecec32ad,api,2,symbol,conversa,,apps/api/tests/desk-write-commands.test.ts:211,927,no,,,candidate,,
api-symbol-f07ddeba,api,2,symbol,conversa,,apps/api/tests/desk-write-commands.test.ts:232,927,no,,,candidate,,
api-symbol-b5f95e69,api,2,symbol,Conversa,,apps/api/tests/desk-write-commands.test.ts:76,83,no,,,candidate,,
api-symbol-025ae9dc,api,2,symbol,conversa,,apps/api/tests/engine-contracts.test.ts:102,927,no,,,candidate,,
api-symbol-7d4f4ffd,api,2,symbol,conversa,,apps/api/tests/flow-actions.test.ts:292,927,no,,,candidate,,
api-symbol-d9d4ed18,api,2,symbol,conversa,,apps/api/tests/flow-actions.test.ts:310,927,no,,,candidate,,
api-symbol-0d1b8365,api,2,symbol,conversa,,apps/api/tests/flow-actions.test.ts:319,927,no,,,candidate,,
api-symbol-97d3b6c8,api,2,symbol,conversa,,apps/api/tests/flow-actions.test.ts:328,927,no,,,candidate,,
api-symbol-25f17633,api,2,symbol,conversa,,apps/api/tests/flow.test.ts:138,927,no,,,candidate,,
api-symbol-59f5b2ed,api,2,symbol,conversa,,apps/api/tests/flow.test.ts:161,927,no,,,candidate,,
api-symbol-7436dd04,api,2,symbol,conversa,,apps/api/tests/flow.test.ts:191,927,no,,,candidate,,
api-symbol-eeddfece,api,2,symbol,conversa,,apps/api/tests/flow.test.ts:208,927,no,,,candidate,,
api-symbol-0b41c789,api,2,symbol,conversa,,apps/api/tests/flow.test.ts:242,927,no,,,candidate,,
api-symbol-d2087484,api,2,symbol,conversa,,apps/api/tests/flow.test.ts:252,927,no,,,candidate,,
api-symbol-0cff1082,api,2,symbol,conversa,,apps/api/tests/flow.test.ts:275,927,no,,,candidate,,
api-symbol-badbb643,api,2,symbol,conversa,,apps/api/tests/ponta-a-ponta.test.ts:279,927,no,,,candidate,,
api-symbol-24d63b43,api,2,symbol,conversa,,apps/api/tests/queue-entry.test.ts:152,927,no,,,candidate,,
api-symbol-3274c06f,api,2,symbol,conversa,,apps/api/tests/queue-entry.test.ts:195,927,no,,,candidate,,
api-symbol-57fdb75f,api,2,symbol,conversa,,apps/api/tests/queue-entry.test.ts:205,927,no,,,candidate,,
api-symbol-83a513ef,api,2,symbol,Conversa,,apps/api/tests/queue-entry.test.ts:84,83,no,,,candidate,,
api-symbol-bdddd4a9,api,2,symbol,conversa,,apps/api/tests/router.test.ts:668,927,no,,,candidate,,
api-symbol-461bdd4a,api,2,symbol,conversa,,apps/api/tests/subflows.test.ts:60,927,no,,,candidate,,
api-symbol-b57b74f9,api,2,symbol,conversaAtual,,apps/api/tests/desk-write-commands.test.ts:78,11,no,,,candidate,,
api-symbol-f4b1b9d6,api,2,symbol,conversaAtual,,apps/api/tests/flow-actions.test.ts:272,11,no,,,candidate,,
api-symbol-d104a6a7,api,2,symbol,conversaDe,,apps/api/tests/queue-entry.test.ts:86,8,no,,,candidate,,
api-symbol-13e8c896,api,2,symbol,conversaEncerradaDe,,apps/api/tests/satisfaction-survey.test.ts:106,2,no,,,candidate,,
api-symbol-87d2c89d,api,2,symbol,conversaId,,apps/api/src/domain/desk/taggings.ts:71,232,no,,,candidate,,
api-symbol-ad342889,api,2,symbol,conversaId,,apps/api/src/domain/inbound.ts:497,232,no,,,candidate,,
api-symbol-190ba53c,api,2,symbol,conversaId,,apps/api/src/domain/message-active.ts:247,232,no,,,candidate,,
api-symbol-e18dc351,api,2,symbol,conversaId,,apps/api/tests/attachments-multiplos.test.ts:184,232,no,,,candidate,,
api-symbol-cf0043f3,api,2,symbol,conversaId,,apps/api/tests/attachments-multiplos.test.ts:196,232,no,,,candidate,,
api-symbol-acf3fe66,api,2,symbol,conversaId,,apps/api/tests/attachments-multiplos.test.ts:205,232,no,,,candidate,,
api-symbol-4020521b,api,2,symbol,conversaId,,apps/api/tests/attachments-multiplos.test.ts:222,232,no,,,candidate,,
api-symbol-a905957b,api,2,symbol,conversaId,,apps/api/tests/attachments-multiplos.test.ts:229,232,no,,,candidate,,
api-symbol-47013bd9,api,2,symbol,conversaId,,apps/api/tests/attachments-multiplos.test.ts:259,232,no,,,candidate,,
api-symbol-1e6257ef,api,2,symbol,conversaId,,apps/api/tests/desk-actions.test.ts:233,232,no,,,candidate,,
api-symbol-31025cb9,api,2,symbol,conversaId,,apps/api/tests/desk-actions.test.ts:262,232,no,,,candidate,,
api-symbol-177ba1e0,api,2,symbol,conversaId,,apps/api/tests/desk-actions.test.ts:398,232,no,,,candidate,,
api-symbol-bc0a38cd,api,2,symbol,conversaId,,apps/api/tests/desk-actions.test.ts:420,232,no,,,candidate,,
api-symbol-f55c7753,api,2,symbol,conversaId,,apps/api/tests/desk-actions.test.ts:491,232,no,,,candidate,,
api-symbol-975edf37,api,2,symbol,conversaId,,apps/api/tests/envio-session.test.ts:115,232,no,,,candidate,,
api-symbol-908929f0,api,2,symbol,conversaId,,apps/api/tests/envio-session.test.ts:127,232,no,,,candidate,,
api-symbol-e247b3d5,api,2,symbol,conversaId,,apps/api/tests/envio-session.test.ts:144,232,no,,,candidate,,
api-symbol-3b935280,api,2,symbol,conversaId,,apps/api/tests/envio-session.test.ts:157,232,no,,,candidate,,
api-symbol-80380605,api,2,symbol,conversaId,,apps/api/tests/envio-session.test.ts:169,232,no,,,candidate,,
api-symbol-f50fa981,api,2,symbol,conversaId,,apps/api/tests/envio-session.test.ts:178,232,no,,,candidate,,
api-symbol-2f420998,api,2,symbol,conversaId,,apps/api/tests/envio-session.test.ts:184,232,no,,,candidate,,
api-symbol-d1d0b66b,api,2,symbol,conversaId,,apps/api/tests/envio-session.test.ts:217,232,no,,,candidate,,
api-symbol-fd07ff6b,api,2,symbol,conversaId,,apps/api/tests/envio-session.test.ts:240,232,no,,,candidate,,
api-symbol-98f04724,api,2,symbol,conversaId,,apps/api/tests/envio-session.test.ts:261,232,no,,,candidate,,
api-symbol-aba3bab6,api,2,symbol,conversaId,,apps/api/tests/envio-session.test.ts:280,232,no,,,candidate,,
api-symbol-10ce2e22,api,2,symbol,conversaId,,apps/api/tests/envio-session.test.ts:298,232,no,,,candidate,,
api-symbol-dc38bfb5,api,2,symbol,conversaId,,apps/api/tests/envio-session.test.ts:323,232,no,,,candidate,,
api-symbol-c1201d42,api,2,symbol,conversaId,,apps/api/tests/envio-session.test.ts:342,232,no,,,candidate,,
api-symbol-f56d1cea,api,2,symbol,conversaId,,apps/api/tests/envio-session.test.ts:351,232,no,,,candidate,,
api-symbol-827d2a52,api,2,symbol,conversaId,,apps/api/tests/flow-content.test.ts:152,232,no,,,candidate,,
api-symbol-6e270e02,api,2,symbol,conversaId,,apps/api/tests/flow-content.test.ts:174,232,no,,,candidate,,
api-symbol-b9d3f89a,api,2,symbol,conversaId,,apps/api/tests/jsonb-compat.test.ts:265,232,no,,,candidate,,
api-symbol-9cfd5a71,api,2,symbol,conversaId,,apps/api/tests/ponta-a-ponta.test.ts:275,232,no,,,candidate,,
api-symbol-e229abbd,api,2,symbol,conversaId,,apps/api/tests/realtime.test.ts:296,232,no,,,candidate,,
api-symbol-58fb03c9,api,2,symbol,conversaId,,apps/api/tests/satisfaction-survey.test.ts:120,232,no,,,candidate,,
api-symbol-a22758af,api,2,symbol,conversaId,,apps/api/tests/sla-motor.test.ts:228,232,no,,,candidate,,
api-symbol-c269c011,api,2,symbol,conversaId,,apps/api/tests/sla-motor.test.ts:250,232,no,,,candidate,,
api-symbol-a8539e4b,api,2,symbol,convite,,apps/api/src/controllers/convites.ts:55,247,no,,,candidate,,
api-symbol-821f5994,api,2,symbol,convite,,apps/api/src/controllers/convites.ts:70,247,no,,,candidate,,
api-symbol-c278ee61,api,2,symbol,convite,,apps/api/tests/convites.test.ts:339,247,no,,,candidate,,
api-symbol-3d001ffe,api,2,symbol,convite,,apps/api/tests/email.test.ts:260,247,no,,,candidate,,
api-symbol-a3371660,api,2,symbol,COOKIE_DESAFIO,,apps/api/src/controllers/login.ts:49,4,no,,,candidate,,
api-symbol-00ebe666,api,2,symbol,cookieDoDesafio,,apps/api/src/controllers/login.ts:144,12,no,,,candidate,,
api-symbol-e2c0ca9f,api,2,symbol,cor,,apps/api/src/domain/management/registrations.ts:1176,308,no,,,candidate,,
api-symbol-7a6a0131,api,2,symbol,cor,,apps/api/src/domain/management/registrations.ts:1259,308,no,,,candidate,,
api-symbol-93c3a606,api,2,symbol,corInvalida,,apps/api/tests/registrations-attendance.test.ts:190,1,no,,,candidate,,
api-symbol-e3a5f90f,api,2,symbol,corpoContato,,apps/api/tests/jsonb-compat.test.ts:395,1,no,,,candidate,,
api-symbol-b82b6f10,api,2,symbol,CorpoDeEtiqueta,,apps/api/src/controllers/etiquetas.ts:22,4,no,,,candidate,,
api-symbol-cbb2a2f6,api,2,symbol,corpoDoTexto,,apps/api/src/domain/instagram/inbound.ts:97,3,no,,,candidate,,
api-symbol-1acb53f4,api,2,symbol,corte,,apps/api/src/controllers/management-account.ts:57,91,no,,,candidate,,
api-symbol-d0f6eb0b,api,2,symbol,corte,,apps/api/src/domain/management/team-of-flow.ts:151,91,no,,,candidate,,
api-symbol-6fc08328,api,2,symbol,corte,,apps/api/src/domain/twenty.ts:101,91,no,,,candidate,,
api-symbol-f6c5be3a,api,2,symbol,corValida,,apps/api/src/domain/management/colors-of-queue.ts:13,4,no,,,candidate,,
api-symbol-aaf3905b,api,2,symbol,criadoSegredo,,apps/api/tests/builder-test-run.test.ts:364,1,no,,,candidate,,
api-symbol-027f1aee,api,2,symbol,criar,,apps/api/tests/channels.test.ts:785,298,no,,,candidate,,
api-symbol-14399612,api,2,symbol,criar,,apps/api/tests/channels.test.ts:914,298,no,,,candidate,,
api-symbol-55fce58b,api,2,symbol,crua,,apps/api/src/controllers/login.ts:210,11,no,,,candidate,,
api-symbol-a7f93982,api,2,symbol,cru,,apps/api/src/domain/management/history.ts:114,95,no,,,candidate,,
api-symbol-7042bb51,api,2,symbol,cru,,apps/api/src/saude.ts:64,95,no,,,candidate,,
api-symbol-292dc68c,api,2,symbol,cumpridoEm,,apps/api/src/domain/management/sla-motor.ts:154,8,no,,,candidate,,
api-symbol-4f5296b6,api,2,symbol,cumpridoEm,,apps/api/src/domain/management/sla.ts:98,8,no,,,candidate,,
api-symbol-5ecd9c66,api,2,symbol,dados,,apps/api/src/controllers/management-analytics.ts:157,401,no,,,candidate,,
api-symbol-402e3034,api,2,symbol,dados,,apps/api/src/controllers/management-analytics.ts:176,401,no,,,candidate,,
api-symbol-141d6578,api,2,symbol,dados,,apps/api/src/queues.ts:255,401,no,,,candidate,,
api-symbol-205bd6cb,api,2,symbol,dados,,apps/api/src/queues.ts:333,401,no,,,candidate,,
api-symbol-4ede7e2e,api,2,symbol,dadosFixture,,apps/api/tests/jsonb-compat.test.ts:268,2,no,,,candidate,,
api-symbol-99021060,api,2,symbol,dataOuNada,,apps/api/src/controllers/desk.ts:46,39,no,,,candidate,,
api-symbol-a9091af0,api,2,symbol,dataOuNada,,apps/api/src/controllers/management-operations.ts:43,39,no,,,candidate,,
api-symbol-c122f3fc,api,2,symbol,dataOuNada,,apps/api/src/domain/management/format.ts:90,39,no,,,candidate,,
api-symbol-ac85fcd5,api,2,symbol,DE_VERSAO,,apps/api/src/domain/management/builder-of-flow.ts:89,4,no,,,candidate,,
api-symbol-d66aedd5,api,2,symbol,decifra,,apps/api/src/domain/management/pfx.ts:239,9,no,,,candidate,,
api-symbol-2e22906c,api,2,symbol,decifra,,apps/api/src/domain/management/pfx.ts:250,9,no,,,candidate,,
api-symbol-651eb98f,api,2,symbol,decifrarConteudo,,apps/api/src/domain/management/pfx.ts:209,2,no,,,candidate,,
api-symbol-46486d24,api,2,symbol,definirFabricaGraph,,apps/api/src/domain/whatsapp/cliente-graph.ts:704,6,no,,,candidate,,
api-symbol-fa955325,api,2,symbol,definirFabricaGraphInstagram,,apps/api/src/domain/instagram/cliente-graph.ts:260,5,no,,,candidate,,
api-symbol-02a5c2fb,api,2,symbol,definirFabricaGraphMessenger,,apps/api/src/domain/messenger/cliente-graph.ts:63,3,no,,,candidate,,
api-symbol-bf9b7e3a,api,2,symbol,dela,,apps/api/src/domain/management/registrations.ts:1125,56,no,,,candidate,,
api-symbol-fe4bf310,api,2,symbol,denominador,,apps/api/src/domain/management/format.ts:49,61,no,,,candidate,,
api-symbol-8e5e39cd,api,2,symbol,depois,,apps/api/src/domain/dictionary-crm.ts:161,685,no,,,candidate,,
api-symbol-c3b2af8c,api,2,symbol,depois,,apps/api/src/domain/flow.ts:649,685,no,,,candidate,,
api-symbol-b58d63a0,api,2,symbol,depois,,apps/api/src/domain/management/communication.ts:323,685,no,,,candidate,,
api-symbol-b9375cca,api,2,symbol,depois,,apps/api/src/domain/management/configuration-of-flow.ts:224,685,no,,,candidate,,
api-symbol-992138fd,api,2,symbol,depois,,apps/api/src/domain/management/configuration-of-flow.ts:96,685,no,,,candidate,,
api-symbol-f7d5523d,api,2,symbol,depois,,apps/api/src/domain/management/cycle-of-lifetime-of-flow.ts:224,685,no,,,candidate,,
api-symbol-256c988d,api,2,symbol,depois,,apps/api/src/domain/management/integrations.ts:656,685,no,,,candidate,,
api-symbol-e8c61d3e,api,2,symbol,depois,,apps/api/src/domain/management/registrations.ts:1301,685,no,,,candidate,,
api-symbol-63ee51aa,api,2,symbol,depois,,apps/api/src/domain/management/registrations.ts:1630,685,no,,,candidate,,
api-symbol-fbb3ce7c,api,2,symbol,depois,,apps/api/src/domain/management/registrations.ts:440,685,no,,,candidate,,
api-symbol-9a485217,api,2,symbol,depois,,apps/api/src/domain/management/registrations.ts:564,685,no,,,candidate,,
api-symbol-ec141a3a,api,2,symbol,depois,,apps/api/src/domain/management/registrations.ts:975,685,no,,,candidate,,
api-symbol-614cdb49,api,2,symbol,depois,,apps/api/src/domain/management/regras-sla.ts:185,685,no,,,candidate,,
api-symbol-2315bb60,api,2,symbol,depois,,apps/api/src/domain/management/rules-priority.ts:229,685,no,,,candidate,,
api-symbol-93351601,api,2,symbol,depois,,apps/api/src/domain/management/settings.ts:512,685,no,,,candidate,,
api-symbol-aaa408e4,api,2,symbol,depois,,apps/api/src/domain/whatsapp/cliente-graph.ts:251,685,no,,,candidate,,
api-symbol-c962bb04,api,2,symbol,depois,,apps/api/src/domain/whatsapp/cliente-graph.ts:429,685,no,,,candidate,,
api-symbol-1819ee2e,api,2,symbol,depois,,apps/api/src/domain/whatsapp/preferences.ts:85,685,no,,,candidate,,
api-symbol-18a1b234,api,2,symbol,depois,,apps/api/tests/builder-test-run.test.ts:301,685,no,,,candidate,,
api-symbol-5e840216,api,2,symbol,depois,,apps/api/tests/channels.test.ts:1057,685,no,,,candidate,,
api-symbol-d39d3fb4,api,2,symbol,depois,,apps/api/tests/channels.test.ts:1074,685,no,,,candidate,,
api-symbol-c8bcfff0,api,2,symbol,depois,,apps/api/tests/channels.test.ts:535,685,no,,,candidate,,
api-symbol-d6d1335f,api,2,symbol,depois,,apps/api/tests/channels.test.ts:949,685,no,,,candidate,,
api-symbol-182695d7,api,2,symbol,depois,,apps/api/tests/desk-actions.test.ts:206,685,no,,,candidate,,
api-symbol-d049f03f,api,2,symbol,depois,,apps/api/tests/input-expiration.test.ts:160,685,no,,,candidate,,
api-symbol-33dd47f1,api,2,symbol,depois,,apps/api/tests/input-expiration.test.ts:224,685,no,,,candidate,,
api-symbol-c30ef874,api,2,symbol,depois,,apps/api/tests/key-of-flow.test.ts:246,685,no,,,candidate,,
api-symbol-12f783a5,api,2,symbol,depois,,apps/api/tests/ponta-a-ponta.test.ts:392,685,no,,,candidate,,
api-symbol-d7506048,api,2,symbol,depois,,apps/api/tests/router.test.ts:303,685,no,,,candidate,,
api-symbol-0ac0a8fb,api,2,symbol,depois,,apps/api/tests/subflows.test.ts:279,685,no,,,candidate,,
api-symbol-11ed4df1,api,2,symbol,depois,,apps/api/tests/team-of-flow.test.ts:392,685,no,,,candidate,,
api-symbol-cffd545a,api,2,symbol,depoisDoReset,,apps/api/tests/builder-test-run.test.ts:316,1,no,,,candidate,,
api-symbol-07aaa71e,api,2,symbol,DESAFIO_SEGUNDOS,,apps/api/src/controllers/login.ts:50,2,no,,,candidate,,
api-symbol-1793049c,api,2,symbol,desafio,,apps/api/src/controllers/login.ts:286,89,no,,,candidate,,
api-symbol-f6f0fab5,api,2,symbol,desafio,,apps/api/src/controllers/login.ts:301,89,no,,,candidate,,
api-symbol-e7b5923e,api,2,symbol,desafio,,apps/api/src/controllers/sso.ts:120,89,no,,,candidate,,
api-symbol-6f9a76f9,api,2,symbol,desafio,,apps/api/src/controllers/sso.ts:138,89,no,,,candidate,,
api-symbol-0d181986,api,2,symbol,desafio,,apps/api/src/controllers/sso.ts:218,89,no,,,candidate,,
api-symbol-2eaa279b,api,2,symbol,desafio,,apps/api/tests/convites.test.ts:391,89,no,,,candidate,,
api-symbol-83f88f24,api,2,symbol,desafio,,apps/api/tests/convites.test.ts:403,89,no,,,candidate,,
api-symbol-77dc96a7,api,2,symbol,desafio,,apps/api/tests/inbound.test.ts:208,89,no,,,candidate,,
api-symbol-3ac8890a,api,2,symbol,desativado,,apps/api/tests/integrations.test.ts:393,5,no,,,candidate,,
api-symbol-bc675b03,api,2,symbol,descartarAgente,,apps/api/src/domain/mtls.ts:74,5,no,,,candidate,,
api-symbol-82db9772,api,2,symbol,desconectar,,apps/api/src/controllers/channels-instagram.ts:44,17,no,,,candidate,,
api-symbol-35c8a3fd,api,2,symbol,desconectar,,apps/api/src/controllers/channels-messenger.ts:8,17,no,,,candidate,,
api-symbol-9729a7ef,api,2,symbol,desconectar,,apps/api/src/controllers/channels.ts:241,17,no,,,candidate,,
api-symbol-123d3faa,api,2,symbol,desconectarInstagram,,apps/api/src/domain/instagram/channel.ts:269,4,no,,,candidate,,
api-symbol-6c77b407,api,2,symbol,desconectarMessenger,,apps/api/src/domain/messenger/channel.ts:38,4,no,,,candidate,,
api-symbol-e38c43e5,api,2,symbol,desconectarWhatsApp,,apps/api/src/domain/channels.ts:126,10,no,,,candidate,,
api-symbol-924eb11e,api,2,symbol,descricao,,apps/api/src/domain/management/certificados.ts:74,236,no,,,candidate,,
api-symbol-7fef284e,api,2,symbol,desde,,apps/api/src/domain/management-flow.ts:311,131,no,,,candidate,,
api-symbol-05481972,api,2,symbol,desde,,apps/api/src/domain/management/monitoring.ts:375,131,no,,,candidate,,
api-symbol-5dc3ae1a,api,2,symbol,desde,,apps/api/src/domain/management/registrations.ts:188,131,no,,,candidate,,
api-symbol-0a3025a3,api,2,symbol,desde,,apps/api/src/domain/rastreador-de-cliques.ts:121,131,no,,,candidate,,
api-symbol-cf03b2c2,api,2,symbol,DESENHO_PADRAO,,apps/api/src/domain/management/builder-of-flow.ts:305,4,no,,,candidate,,
api-symbol-8e48bdb3,api,2,symbol,desenho,,apps/api/src/domain/management/builder-of-flow.ts:547,188,no,,,candidate,,
api-symbol-c38fb863,api,2,symbol,desenho,,apps/api/src/domain/management/builder-of-flow.ts:563,188,no,,,candidate,,
api-symbol-5701fb1d,api,2,symbol,desenho,,apps/api/src/domain/management/builder-of-flow.ts:728,188,no,,,candidate,,
api-symbol-dfc8a37a,api,2,symbol,desenho,,apps/api/src/domain/management/builder-of-flow.ts:746,188,no,,,candidate,,
api-symbol-656533d6,api,2,symbol,desenho,,apps/api/tests/builder-by-flow.test.ts:148,188,no,,,candidate,,
api-symbol-cf94e443,api,2,symbol,desenho,,apps/api/tests/builder-test-run.test.ts:134,188,no,,,candidate,,
api-symbol-348d0407,api,2,symbol,desenho,,apps/api/tests/input-expiration.test.ts:50,188,no,,,candidate,,
api-symbol-c42267bb,api,2,symbol,desenho,,apps/api/tests/subflows.test.ts:218,188,no,,,candidate,,
api-symbol-92a55dde,api,2,symbol,desenhoComHttpPrivado,,apps/api/tests/builder-test-run.test.ts:185,4,no,,,candidate,,
api-symbol-4f646aad,api,2,symbol,desenhoDaVersao,,apps/api/src/domain/management/builder-of-flow.ts:183,16,no,,,candidate,,
api-symbol-1fa50e60,api,2,symbol,desligado,,apps/api/tests/channel-of-flow.test.ts:272,54,no,,,candidate,,
api-symbol-0c5d7ee1,api,2,symbol,desligado,,apps/api/tests/configuration-of-flow.test.ts:183,54,no,,,candidate,,
api-symbol-2e77146c,api,2,symbol,desligado,,apps/api/tests/instagram.test.ts:337,54,no,,,candidate,,
api-symbol-f9771926,api,2,symbol,desligado,,apps/api/tests/messenger.test.ts:114,54,no,,,candidate,,
api-symbol-d722e739,api,2,symbol,destino,,apps/api/src/domain/mtls.ts:261,391,no,,,candidate,,
api-symbol-f911b735,api,2,symbol,destinos,,apps/api/src/controllers/messages-active.ts:85,26,no,,,candidate,,
api-symbol-1a7c83f9,api,2,symbol,devolvido,,apps/api/tests/dictionary-crm.test.ts:259,5,no,,,candidate,,
api-symbol-f446098f,api,2,symbol,diaBruto,,apps/api/src/domain/management/actions/regras.ts:108,2,no,,,candidate,,
api-symbol-59704188,api,2,symbol,diario,,apps/api/src/saude.ts:65,1,no,,,candidate,,
api-symbol-1253c278,api,2,symbol,DIAS_DA_SEMANA,,apps/api/src/domain/management/format.ts:103,8,no,,,candidate,,
api-symbol-964fb070,api,2,symbol,diaSemana,,apps/api/src/domain/management/actions/regras.ts:113,26,no,,,candidate,,
api-symbol-12830aac,api,2,symbol,diaSemanaConferido,,apps/api/src/domain/management/registrations.ts:407,2,no,,,candidate,,
api-symbol-6876f2e1,api,2,symbol,DisparoDePesquisa,,apps/api/src/domain/management/pesquisa.ts:31,6,no,,,candidate,,
api-symbol-be32898e,api,2,symbol,DISPAROS_DE_PESQUISA,,apps/api/src/domain/management/pesquisa.ts:30,7,no,,,candidate,,
api-symbol-65a5d349,api,2,symbol,doColega,,apps/api/tests/attachments-multiplos.test.ts:252,6,no,,,candidate,,
api-symbol-d12874ae,api,2,symbol,doColega,,apps/api/tests/desk-actions.test.ts:443,6,no,,,candidate,,
api-symbol-fb9df322,api,2,symbol,dois,,apps/api/src/domain/management/format.ts:10,440,no,,,candidate,,
api-symbol-1d3f0121,api,2,symbol,dois,,apps/api/tests/contract.test.ts:635,440,no,,,candidate,,
api-symbol-b253bad3,api,2,symbol,dominio,,apps/api/src/domain/dominios.ts:76,1158,no,,,candidate,,
api-symbol-31b513d9,api,2,symbol,dominio,,apps/api/tests/convites.test.ts:473,1158,no,,,candidate,,
api-symbol-34751ec7,api,2,symbol,dominio,,apps/api/tests/convites.test.ts:492,1158,no,,,candidate,,
api-symbol-2dd8cc76,api,2,symbol,dominio,,apps/api/tests/convites.test.ts:511,1158,no,,,candidate,,
api-symbol-10657cc9,api,2,symbol,dominio,,apps/api/tests/convites.test.ts:531,1158,no,,,candidate,,
api-symbol-a74e809e,api,2,symbol,dominio,,apps/api/tests/convites.test.ts:580,1158,no,,,candidate,,
api-symbol-5f4e3967,api,2,symbol,dominio,,apps/api/tests/convites.test.ts:588,1158,no,,,candidate,,
api-symbol-2e97b916,api,2,symbol,doPapel,,apps/api/src/domain/management/permissions-of-agent.ts:189,3,no,,,candidate,,
api-symbol-53f73d6e,api,2,symbol,dosPapeis,,apps/api/src/domain/management/permissions-of-agent.ts:95,10,no,,,candidate,,
api-symbol-80672067,api,2,symbol,drenarEmSegundoPlano,,apps/api/src/webhooks-saida.ts:302,8,no,,,candidate,,
api-symbol-92847aa0,api,2,symbol,DynamicLimeDocument,,apps/api/src/domain/flow.ts:1185,3,no,,,candidate,,
api-symbol-560ddc49,api,2,symbol,editarFaixaHorario,,apps/api/src/controllers/management-registrations.ts:263,2,no,,,candidate,,
api-symbol-55856962,api,2,symbol,editarFaixaHorario,,apps/api/src/domain/management/registrations.ts:426,2,no,,,candidate,,
api-symbol-a4f7f5a8,api,2,symbol,editarMotivoPausa,,apps/api/src/controllers/management-registrations.ts:532,2,no,,,candidate,,
api-symbol-aad05ece,api,2,symbol,editarMotivoPausa,,apps/api/src/domain/management/registrations.ts:1618,2,no,,,candidate,,
api-symbol-c7aa29b1,api,2,symbol,editarPalavraProibida,,apps/api/src/controllers/management-registrations.ts:375,2,no,,,candidate,,
api-symbol-146c7ee5,api,2,symbol,editarPalavraProibida,,apps/api/src/domain/management/palavras-proibidas.ts:216,2,no,,,candidate,,
api-symbol-719903f6,api,2,symbol,editarRegraSla,,apps/api/src/controllers/management-registrations.ts:327,7,no,,,candidate,,
api-symbol-995a46c8,api,2,symbol,editarRegraSla,,apps/api/src/domain/management/regras-sla.ts:174,7,no,,,candidate,,
api-symbol-b6d3d3dd,api,2,symbol,editarRespostaPronta,,apps/api/src/controllers/management-registrations.ts:490,2,no,,,candidate,,
api-symbol-b849289b,api,2,symbol,editarRespostaPronta,,apps/api/src/domain/management/communication.ts:311,2,no,,,candidate,,
api-symbol-481f12cf,api,2,symbol,efetivaAntes,,apps/api/src/domain/management/permissions-of-agent.ts:201,2,no,,,candidate,,
api-symbol-f9c33343,api,2,symbol,ehRedeInterna,,apps/api/src/controllers/operations.ts:26,2,no,,,candidate,,
api-symbol-5a99cfd0,api,2,symbol,EixoDeQuebra,,apps/api/src/domain/management/attendance.ts:101,3,no,,,candidate,,
api-symbol-1e977b7c,api,2,symbol,emailDoGestor,,apps/api/tests/email.test.ts:309,3,no,,,candidate,,
api-symbol-76238b2d,api,2,symbol,emissor,,apps/api/src/domain/sso.ts:95,63,no,,,candidate,,
api-symbol-980e0e15,api,2,symbol,EMISSOR,,apps/api/tests/sso.test.ts:34,25,no,,,candidate,,
api-symbol-2bc4f7cf,api,2,symbol,encerradas,,apps/api/src/domain/management/satisfaction.ts:95,36,no,,,candidate,,
api-symbol-1456d7e5,api,2,symbol,encerrouAntes,,apps/api/src/domain/management/sla-motor.ts:155,2,no,,,candidate,,
api-symbol-18849dcd,api,2,symbol,encontrado,,apps/api/src/controllers/login.ts:390,77,no,,,candidate,,
api-symbol-1cc732c4,api,2,symbol,encontrado,,apps/api/src/domain/flow.ts:700,77,no,,,candidate,,
api-symbol-6b492ea5,api,2,symbol,encontrarPalavrasProibidas,,apps/api/src/domain/management/palavras-proibidas.ts:41,12,no,,,candidate,,
api-symbol-000a2032,api,2,symbol,entrada,,apps/api/src/domain/management/builder-test-run.ts:232,534,no,,,candidate,,
api-symbol-b60ddcb3,api,2,symbol,entrada,,apps/api/tests/queue-entry.test.ts:127,534,no,,,candidate,,
api-symbol-ba880887,api,2,symbol,entrada,,apps/api/tests/sso.test.ts:304,534,no,,,candidate,,
api-symbol-1cf8230a,api,2,symbol,entrada,,apps/api/tests/sso.test.ts:317,534,no,,,candidate,,
api-symbol-90c3dfb7,api,2,symbol,entre,,apps/api/src/domain/management/monitoring.ts:313,380,no,,,candidate,,
api-symbol-2551dfd1,api,2,symbol,entregaId,,apps/api/tests/contract.test.ts:666,6,no,,,candidate,,
api-symbol-be5ee02e,api,2,symbol,entregaId,,apps/api/tests/contract.test.ts:684,6,no,,,candidate,,
api-symbol-2091f4a0,api,2,symbol,entregas,,apps/api/tests/integrations.test.ts:469,5,no,,,candidate,,
api-symbol-731e1f68,api,2,symbol,enviada,,apps/api/tests/instagram.test.ts:281,87,no,,,candidate,,
api-symbol-a75e9fe9,api,2,symbol,enviada,,apps/api/tests/messenger.test.ts:130,87,no,,,candidate,,
api-symbol-492857ed,api,2,symbol,enviarEmailSemDerrubar,,apps/api/src/domain/email.ts:122,9,no,,,candidate,,
api-symbol-ba7bc59e,api,2,symbol,erro,,apps/api/tests/channels.test.ts:213,806,no,,,candidate,,
api-symbol-e5f26b30,api,2,symbol,erro,,apps/api/tests/key-of-flow.test.ts:171,806,no,,,candidate,,
api-symbol-c7430df5,api,2,symbol,erro,,apps/api/tests/realtime.test.ts:146,806,no,,,candidate,,
api-symbol-95c7acd0,api,2,symbol,erro,,apps/api/tests/realtime.test.ts:157,806,no,,,candidate,,
api-symbol-e7f8b5fd,api,2,symbol,erro,,apps/api/tests/realtime.test.ts:166,806,no,,,candidate,,
api-symbol-51fafac5,api,2,symbol,erro,,apps/api/tests/twenty.test.ts:108,806,no,,,candidate,,
api-symbol-74ff9e36,api,2,symbol,erro,,apps/api/tests/twenty.test.ts:155,806,no,,,candidate,,
api-symbol-611f629a,api,2,symbol,erro,,apps/api/tests/twenty.test.ts:92,806,no,,,candidate,,
api-symbol-5136648c,api,2,symbol,EscalaDePesquisa,,apps/api/src/domain/management/pesquisa.ts:8,4,no,,,candidate,,
api-symbol-2b0cb5a7,api,2,symbol,escolherProprio,,apps/api/src/domain/management/pfx.ts:339,2,no,,,candidate,,
api-symbol-fdde5923,api,2,symbol,escolherRegra,,apps/api/src/domain/management/sla.ts:78,7,no,,,candidate,,
api-symbol-5e3dbc23,api,2,symbol,escopoErrado,,apps/api/tests/etiquetas.test.ts:372,1,no,,,candidate,,
api-symbol-5964e2d5,api,2,symbol,esperando,,apps/api/tests/desk-commands.test.ts:123,29,no,,,candidate,,
api-symbol-2da5e916,api,2,symbol,esperando,,apps/api/tests/script-sandbox.test.ts:315,29,no,,,candidate,,
api-symbol-852a70e5,api,2,symbol,esperandoIsolate,,apps/api/src/domain/script-sandbox.ts:35,1,no,,,candidate,,
api-symbol-9a5ef7dd,api,2,symbol,esperarFalhaSemPerderAEntrada,,apps/api/tests/flow-actions.test.ts:190,3,no,,,candidate,,
api-symbol-bff6179e,api,2,symbol,esquecerCertificadosMtls,,apps/api/src/domain/mtls.ts:128,6,no,,,candidate,,
api-symbol-8036a070,api,2,symbol,esquecerPalavrasProibidas,,apps/api/src/domain/management/palavras-proibidas.ts:87,4,no,,,candidate,,
api-symbol-440e19e8,api,2,symbol,estado,,apps/api/src/domain/flow.ts:928,836,no,,,candidate,,
api-symbol-b807ec9b,api,2,symbol,estadoDeEnvio,,apps/api/tests/flow-content.test.ts:35,7,no,,,candidate,,
api-symbol-21e0a0c7,api,2,symbol,ESTADOS_VALENDO,,apps/api/src/domain/management/quality-review.ts:30,1,no,,,candidate,,
api-symbol-1ae46216,api,2,symbol,ESTADOS,,apps/api/src/controllers/conversations.ts:27,5,no,,,candidate,,
api-symbol-7df87282,api,2,symbol,estados,,apps/api/src/domain/flow.ts:952,94,no,,,candidate,,
api-symbol-c9d7f34f,api,2,symbol,ESTADOS,,apps/api/src/domain/sso.ts:17,5,no,,,candidate,,
api-symbol-ac9a84fe,api,2,symbol,estados,,apps/api/tests/channels.test.ts:182,94,no,,,candidate,,
api-symbol-7d57f384,api,2,symbol,estouradoEmAntes,,apps/api/tests/sla-motor.test.ts:214,2,no,,,candidate,,
api-symbol-0fa4dd33,api,2,symbol,estouradoEm,,apps/api/src/domain/management/sla-motor.ts:168,8,no,,,candidate,,
api-symbol-cf9f3171,api,2,symbol,etiquetaAmbos,,apps/api/tests/etiquetas.test.ts:33,10,no,,,candidate,,
api-symbol-0453fd2a,api,2,symbol,EtiquetaAplicada,,apps/api/src/domain/etiquetas.ts:112,3,no,,,candidate,,
api-symbol-f9f97ff2,api,2,symbol,etiqueta,,apps/api/src/domain/etiquetas.ts:130,288,no,,,candidate,,
api-symbol-30bcbca8,api,2,symbol,etiqueta,,apps/api/src/domain/etiquetas.ts:244,288,no,,,candidate,,
api-symbol-dfa64ba6,api,2,symbol,etiqueta,,apps/api/src/domain/etiquetas.ts:65,288,no,,,candidate,,
api-symbol-37d0f539,api,2,symbol,etiqueta,,apps/api/tests/monitoring-conversations.test.ts:77,288,no,,,candidate,,
api-symbol-1d1ae140,api,2,symbol,EtiquetaConfigurada,,apps/api/src/domain/management/settings.ts:124,5,no,,,candidate,,
api-symbol-5807d65c,api,2,symbol,EtiquetaDoTenant,,apps/api/src/domain/etiquetas.ts:18,4,no,,,candidate,,
api-symbol-3ee56bdf,api,2,symbol,etiquetaId,,apps/api/tests/conversation-events.test.ts:30,53,no,,,candidate,,
api-symbol-d5843dcc,api,2,symbol,etiquetaIdDe,,apps/api/src/controllers/etiquetas.ts:26,3,no,,,candidate,,
api-symbol-8499f5d7,api,2,symbol,etiquetaIds,,apps/api/src/domain/conversation.ts:170,7,no,,,candidate,,
api-symbol-7087cd82,api,2,symbol,etiquetas,,apps/api/src/domain/management/monitoring.ts:646,182,no,,,candidate,,
api-symbol-a6772cbe,api,2,symbol,etiquetas,,apps/api/src/domain/management/settings.ts:144,182,no,,,candidate,,
api-symbol-3855c6a9,api,2,symbol,etiquetas,,apps/api/src/domain/management/settings.ts:298,182,no,,,candidate,,
api-symbol-71662fe3,api,2,symbol,etiquetasDa,,apps/api/tests/desk-write-commands.test.ts:101,2,no,,,candidate,,
api-symbol-4dc4c806,api,2,symbol,evento,,apps/api/src/domain/management/attendance.ts:200,324,no,,,candidate,,
api-symbol-91a683bc,api,2,symbol,evento,,apps/api/src/domain/management/history.ts:145,324,no,,,candidate,,
api-symbol-422e0e1f,api,2,symbol,evento,,apps/api/src/domain/management/monitoring.ts:285,324,no,,,candidate,,
api-symbol-ffe59f9d,api,2,symbol,evento,,apps/api/src/realtime.ts:45,324,no,,,candidate,,
api-symbol-5dfefdde,api,2,symbol,evento,,apps/api/src/realtime.ts:87,324,no,,,candidate,,
api-symbol-84662e39,api,2,symbol,evento,,apps/api/tests/channels.test.ts:985,324,no,,,candidate,,
api-symbol-b5265c35,api,2,symbol,evento,,apps/api/tests/instagram.test.ts:71,324,no,,,candidate,,
api-symbol-1c472d2d,api,2,symbol,EventoDoInstagram,,apps/api/src/domain/instagram/inbound.ts:12,2,no,,,candidate,,
api-symbol-6ce435e5,api,2,symbol,eventoInvalido,,apps/api/tests/integrations.test.ts:353,1,no,,,candidate,,
api-symbol-4d32e79c,api,2,symbol,EventoPublicado,,apps/api/src/realtime.ts:10,6,no,,,candidate,,
api-symbol-f2545739,api,2,symbol,eventosAbertas,,apps/api/src/domain/management/monitoring.ts:406,1,no,,,candidate,,
api-symbol-85fe681e,api,2,symbol,eventos,,apps/api/src/domain/flow.ts:312,232,no,,,candidate,,
api-symbol-1f2d9bda,api,2,symbol,eventos,,apps/api/src/domain/management/attendance.ts:131,232,no,,,candidate,,
api-symbol-07620b43,api,2,symbol,eventos,,apps/api/src/domain/management/attendance.ts:185,232,no,,,candidate,,
api-symbol-d0121bbc,api,2,symbol,eventos,,apps/api/src/domain/management/history.ts:131,232,no,,,candidate,,
api-symbol-eafc4dd6,api,2,symbol,eventos,,apps/api/src/domain/management/integrations.ts:562,232,no,,,candidate,,
api-symbol-7f90e898,api,2,symbol,eventos,,apps/api/src/domain/management/monitoring.ts:445,232,no,,,candidate,,
api-symbol-0083644d,api,2,symbol,EVENTOS,,apps/api/src/webhooks-saida.ts:19,6,no,,,candidate,,
api-symbol-71c38bc6,api,2,symbol,eventos,,apps/api/tests/conversation-events.test.ts:157,232,no,,,candidate,,
api-symbol-e0ec9c6e,api,2,symbol,eventos,,apps/api/tests/conversation-events.test.ts:233,232,no,,,candidate,,
api-symbol-b577bd7c,api,2,symbol,eventos,,apps/api/tests/flow.test.ts:104,232,no,,,candidate,,
api-symbol-add46e93,api,2,symbol,eventos,,apps/api/tests/queue-entry.test.ts:97,232,no,,,candidate,,
api-symbol-f4890ae7,api,2,symbol,eventos,,apps/api/tests/transferencia.test.ts:209,232,no,,,candidate,,
api-symbol-178107ce,api,2,symbol,eventosConferidos,,apps/api/src/domain/management/integrations.ts:390,3,no,,,candidate,,
api-symbol-3afabb50,api,2,symbol,eventosDa,,apps/api/tests/flow-actions.test.ts:280,3,no,,,candidate,,
api-symbol-3c90c1ad,api,2,symbol,eventosDe,,apps/api/tests/conversation-events.test.ts:98,13,no,,,candidate,,
api-symbol-98dd5539,api,2,symbol,eventosDe,,apps/api/tests/transferencia.test.ts:115,13,no,,,candidate,,
api-symbol-81fef2e8,api,2,symbol,EventoWebhook,,apps/api/src/webhooks-saida.ts:34,8,no,,,candidate,,
api-symbol-a1f5bc22,api,2,symbol,excluida,,apps/api/tests/palavras-proibidas.test.ts:347,3,no,,,candidate,,
api-symbol-8e36c54b,api,2,symbol,excluida,,apps/api/tests/registrations-attendance.test.ts:495,3,no,,,candidate,,
api-symbol-d47b683e,api,2,symbol,excluida,,apps/api/tests/registrations-attendance.test.ts:847,3,no,,,candidate,,
api-symbol-b2854b62,api,2,symbol,excluidas,,apps/api/src/domain/management/quality-review.ts:110,40,no,,,candidate,,
api-symbol-351bfd84,api,2,symbol,excluirFaixaHorario,,apps/api/src/controllers/management-registrations.ts:277,2,no,,,candidate,,
api-symbol-0afb6f99,api,2,symbol,excluirFaixaHorario,,apps/api/src/domain/management/registrations.ts:488,2,no,,,candidate,,
api-symbol-47c87c56,api,2,symbol,excluirMotivoPausa,,apps/api/src/controllers/management-registrations.ts:546,5,no,,,candidate,,
api-symbol-03133330,api,2,symbol,excluirMotivoPausa,,apps/api/src/domain/management/registrations.ts:1675,5,no,,,candidate,,
api-symbol-fb1fad06,api,2,symbol,excluirPalavraProibida,,apps/api/src/controllers/management-registrations.ts:389,2,no,,,candidate,,
api-symbol-7d97e1fd,api,2,symbol,excluirPalavraProibida,,apps/api/src/domain/management/palavras-proibidas.ts:263,2,no,,,candidate,,
api-symbol-891cb567,api,2,symbol,excluirRegraSla,,apps/api/src/controllers/management-registrations.ts:341,5,no,,,candidate,,
api-symbol-0f0e6340,api,2,symbol,excluirRegraSla,,apps/api/src/domain/management/regras-sla.ts:257,5,no,,,candidate,,
api-symbol-6eab4114,api,2,symbol,excluirRespostaPronta,,apps/api/src/controllers/management-registrations.ts:504,5,no,,,candidate,,
api-symbol-1d5e816b,api,2,symbol,excluirRespostaPronta,,apps/api/src/domain/management/communication.ts:378,5,no,,,candidate,,
api-symbol-9fcaa64f,api,2,symbol,excluiu,,apps/api/tests/contract.test.ts:499,36,no,,,candidate,,
api-symbol-35f124fc,api,2,symbol,execucao,,apps/api/tests/subflows.test.ts:80,27,no,,,candidate,,
api-symbol-e4a0264f,api,2,symbol,exemplo,,apps/api/src/domain/whatsapp/modelos.ts:304,69,no,,,candidate,,
api-symbol-26fc54d3,api,2,symbol,exigirSemPalavrasProibidas,,apps/api/src/domain/management/palavras-proibidas.ts:95,3,no,,,candidate,,
api-symbol-c504bae6,api,2,symbol,fabrica,,apps/api/src/domain/instagram/cliente-graph.ts:249,12,no,,,candidate,,
api-symbol-75e5e795,api,2,symbol,fabrica,,apps/api/src/domain/messenger/cliente-graph.ts:61,12,no,,,candidate,,
api-symbol-cb2f3430,api,2,symbol,fabrica,,apps/api/src/domain/whatsapp/cliente-graph.ts:692,12,no,,,candidate,,
api-symbol-099fc207,api,2,symbol,FabricaDeCliente,,apps/api/src/domain/instagram/cliente-graph.ts:248,6,no,,,candidate,,
api-symbol-7e572fb4,api,2,symbol,FabricaDeCliente,,apps/api/src/domain/whatsapp/cliente-graph.ts:690,6,no,,,candidate,,
api-symbol-0caf5f66,api,2,symbol,FaixaDoHorario,,apps/api/src/domain/management/registrations.ts:241,6,no,,,candidate,,
api-symbol-ecc02f2a,api,2,symbol,FaixaGravada,,apps/api/src/domain/management/registrations.ts:383,3,no,,,candidate,,
api-symbol-64a933c5,api,2,symbol,FAIXAS_DE_FUNCIONARIOS,,apps/api/src/controllers/my-account.ts:18,2,no,,,candidate,,
api-symbol-8f62a75d,api,2,symbol,faixas,,apps/api/src/domain/management/registrations.ts:297,61,no,,,candidate,,
api-symbol-4d8bf366,api,2,symbol,faixaViva,,apps/api/src/domain/management/registrations.ts:391,3,no,,,candidate,,
api-symbol-7bfc23bf,api,2,symbol,falaDaPergunta,,apps/api/tests/builder-by-flow.test.ts:206,9,no,,,candidate,,
api-symbol-1ae336cd,api,2,symbol,falaDoDesenho,,apps/api/tests/builder-by-flow.test.ts:211,6,no,,,candidate,,
api-symbol-4658844c,api,2,symbol,falhas,,apps/api/src/controllers/imports.ts:57,69,no,,,candidate,,
api-symbol-5bdb2642,api,2,symbol,falhas,,apps/api/src/domain/import-of-contacts.ts:133,69,no,,,candidate,,
api-symbol-8b561339,api,2,symbol,falhas,,apps/api/tests/import.test.ts:191,69,no,,,candidate,,
api-symbol-b62a1871,api,2,symbol,falhou,,apps/api/tests/integrations.test.ts:461,190,no,,,candidate,,
api-symbol-67a1d7be,api,2,symbol,faltando,,apps/api/src/authentication.ts:171,11,no,,,candidate,,
api-symbol-37509e57,api,2,symbol,faltando,,apps/api/src/provision.ts:249,11,no,,,candidate,,
api-symbol-003508c0,api,2,symbol,fatalReprovado,,apps/api/src/domain/management/note-evaluation.ts:49,13,no,,,candidate,,
api-symbol-e74e0cff,api,2,symbol,fechada,,apps/api/tests/desk-actions.test.ts:451,69,no,,,candidate,,
api-symbol-e337034a,api,2,symbol,fechada,,apps/api/tests/desk-commands.test.ts:103,69,no,,,candidate,,
api-symbol-3ba074ec,api,2,symbol,fechada,,apps/api/tests/etiquetas.test.ts:288,69,no,,,candidate,,
api-symbol-4204b676,api,2,symbol,fechada,,apps/api/tests/registrations-attendance.test.ts:1021,69,no,,,candidate,,
api-symbol-5603f831,api,2,symbol,fechado,,apps/api/src/domain/management/actions/regras.ts:172,116,no,,,candidate,,
api-symbol-4cf5f88d,api,2,symbol,fecharComHorario,,apps/api/tests/registrations-attendance.test.ts:1032,1,no,,,candidate,,
api-symbol-d24827e5,api,2,symbol,fecharFila,,apps/api/tests/desk-availability.test.ts:52,3,no,,,candidate,,
api-symbol-4cdf085b,api,2,symbol,feito,,apps/api/src/controllers/channels-instagram.ts:33,76,no,,,candidate,,
api-symbol-e33baaa5,api,2,symbol,feito,,apps/api/src/controllers/channels.ts:135,76,no,,,candidate,,
api-symbol-64323137,api,2,symbol,feito,,apps/api/tests/channels.test.ts:473,76,no,,,candidate,,
api-symbol-3f7774d1,api,2,symbol,feito,,apps/api/tests/instagram.test.ts:140,76,no,,,candidate,,
api-symbol-508c9b3f,api,2,symbol,feito,,apps/api/tests/instagram.test.ts:217,76,no,,,candidate,,
api-symbol-24aba78d,api,2,symbol,feito,,apps/api/tests/queue-entry.test.ts:168,76,no,,,candidate,,
api-symbol-68af109b,api,2,symbol,fetchDeVerdade,,apps/api/tests/integrations.test.ts:531,10,no,,,candidate,,
api-symbol-5ba9eeac,api,2,symbol,fetchDeVerdade,,apps/api/tests/integrations.test.ts:577,10,no,,,candidate,,
api-symbol-b5b717b5,api,2,symbol,fetchDeVerdade,,apps/api/tests/integrations.test.ts:614,10,no,,,candidate,,
api-symbol-3cdbc65c,api,2,symbol,fetchDeVerdade,,apps/api/tests/jsonb-compat.test.ts:326,10,no,,,candidate,,
api-symbol-58c43b1d,api,2,symbol,fetchDeVerdade,,apps/api/tests/process-http-retomada.test.ts:165,10,no,,,candidate,,
api-symbol-31d5fff3,api,2,symbol,filas,,apps/api/src/domain/management/monitoring.ts:617,293,no,,,candidate,,
api-symbol-86cc6dee,api,2,symbol,filas,,apps/api/src/domain/management/registrations.ts:727,293,no,,,candidate,,
api-symbol-b8193dd7,api,2,symbol,filas,,apps/api/tests/key-of-flow.test.ts:251,293,no,,,candidate,,
api-symbol-0f2bc06b,api,2,symbol,filtros,,apps/api/src/controllers/catalogo.ts:374,74,no,,,candidate,,
api-symbol-fd04e106,api,2,symbol,filtros,,apps/api/src/controllers/catalogo.ts:77,74,no,,,candidate,,
api-symbol-a4f04cfc,api,2,symbol,filtros,,apps/api/src/controllers/conversations.ts:175,74,no,,,candidate,,
api-symbol-045a9d12,api,2,symbol,finalizada,,apps/api/tests/monitoring-conversations.test.ts:153,18,no,,,candidate,,
api-symbol-41133d04,api,2,symbol,financeiroId,,apps/api/tests/queue-entry.test.ts:29,9,no,,,candidate,,
api-symbol-12bdb386,api,2,symbol,FIXTURES_DIR,,apps/api/tests/jsonb-compat.test.ts:55,3,no,,,candidate,,
api-symbol-d0316889,api,2,symbol,FLUXO_ID_RESUME,,apps/api/tests/jsonb-compat.test.ts:88,3,no,,,candidate,,
api-symbol-c641bb63,api,2,symbol,FLUXO_ID_RUN,,apps/api/tests/jsonb-compat.test.ts:86,3,no,,,candidate,,
api-symbol-76f23246,api,2,symbol,fluxo,,apps/api/src/controllers/sso.ts:146,2087,no,,,candidate,,
api-symbol-e1a4482a,api,2,symbol,fluxo,,apps/api/src/controllers/sso.ts:216,2087,no,,,candidate,,
api-symbol-db0ff95e,api,2,symbol,fluxo,,apps/api/src/domain/management/builder-of-flow.ts:291,2087,no,,,candidate,,
api-symbol-e3f1c3ec,api,2,symbol,fluxo,,apps/api/src/domain/management/builder-of-flow.ts:365,2087,no,,,candidate,,
api-symbol-cfd92bc6,api,2,symbol,fluxo,,apps/api/tests/team-of-flow.test.ts:359,2087,no,,,candidate,,
api-symbol-8ccd3d08,api,2,symbol,fluxo,,apps/api/tests/team-of-flow.test.ts:371,2087,no,,,candidate,,
api-symbol-0b2981d3,api,2,symbol,fluxo,,apps/api/tests/team-of-flow.test.ts:383,2087,no,,,candidate,,
api-symbol-6216b1ab,api,2,symbol,fluxo,,apps/api/tests/team-of-flow.test.ts:401,2087,no,,,candidate,,
api-symbol-7df22a33,api,2,symbol,fluxoComProcessHttp,,apps/api/tests/process-http-retomada.test.ts:55,2,no,,,candidate,,
api-symbol-0af2e26e,api,2,symbol,fluxoId,,apps/api/src/controllers/channels.ts:79,233,no,,,candidate,,
api-symbol-0522cede,api,2,symbol,fluxoId,,apps/api/tests/channel-of-flow.test.ts:258,233,no,,,candidate,,
api-symbol-26d2cf56,api,2,symbol,fluxoId,,apps/api/tests/channel-of-flow.test.ts:271,233,no,,,candidate,,
api-symbol-09108863,api,2,symbol,fluxoId,,apps/api/tests/channel-of-flow.test.ts:291,233,no,,,candidate,,
api-symbol-26d7aa94,api,2,symbol,fluxoId,,apps/api/tests/channel-of-flow.test.ts:315,233,no,,,candidate,,
api-symbol-59f5a0a0,api,2,symbol,fluxoId,,apps/api/tests/channel-of-flow.test.ts:341,233,no,,,candidate,,
api-symbol-a86fcd51,api,2,symbol,fluxoId,,apps/api/tests/channel-of-flow.test.ts:360,233,no,,,candidate,,
api-symbol-70305edc,api,2,symbol,fluxoId,,apps/api/tests/channel-of-flow.test.ts:470,233,no,,,candidate,,
api-symbol-c1981627,api,2,symbol,fora,,apps/api/tests/monitoring-conversations.test.ts:109,554,no,,,candidate,,
api-symbol-7fbdfac9,api,2,symbol,fora,,apps/api/tests/twenty.test.ts:70,554,no,,,candidate,,
api-symbol-31a50714,api,2,symbol,FOTO_MAX_BYTES,,apps/api/src/domain/whatsapp/perfil.ts:23,2,no,,,candidate,,
api-symbol-a03f67c7,api,2,symbol,foto,,apps/api/src/domain/whatsapp/perfil.ts:176,88,no,,,candidate,,
api-symbol-06f4b33e,api,2,symbol,foto,,apps/api/tests/attachments-multiplos.test.ts:150,88,no,,,candidate,,
api-symbol-806aa305,api,2,symbol,frase,,apps/api/src/controllers/management-flow.ts:180,51,no,,,candidate,,
api-symbol-3ef35cb3,api,2,symbol,frase,,apps/api/tests/palavras-proibidas.test.ts:375,51,no,,,candidate,,
api-symbol-8541b0f1,api,2,symbol,frasesAchadas,,apps/api/src/domain/management/palavras-proibidas.ts:48,2,no,,,candidate,,
api-symbol-e5a1fdbe,api,2,symbol,frases,,apps/api/src/controllers/management-flow.ts:165,20,no,,,candidate,,
api-symbol-df447366,api,2,symbol,frases,,apps/api/src/domain/management/palavras-proibidas.ts:47,20,no,,,candidate,,
api-symbol-8578330c,api,2,symbol,funcionarios,,apps/api/src/controllers/my-account.ts:181,20,no,,,candidate,,
api-symbol-76d2fef6,api,2,symbol,fusoBruto,,apps/api/src/domain/management/actions/regras.ts:64,7,no,,,candidate,,
api-symbol-99864f04,api,2,symbol,fusoBruto,,apps/api/src/domain/management/actions/settings.ts:46,7,no,,,candidate,,
api-symbol-152b1bf6,api,2,symbol,FUSOS,,apps/api/src/controllers/my-account.ts:34,3,no,,,candidate,,
api-symbol-4c3e35e7,api,2,symbol,geral,,apps/api/tests/growth.test.ts:200,72,no,,,candidate,,
api-symbol-870976ec,api,2,symbol,gerarRegistros,,apps/api/tests/gerar-fixtures-jsonb.helper.ts:23,3,no,,,candidate,,
api-symbol-b69ca410,api,2,symbol,GERIR_EQUIPE,,apps/api/src/domain/management/team-of-flow.ts:70,5,no,,,candidate,,
api-symbol-4b4528db,api,2,symbol,gestor,,apps/api/tests/key-of-flow.test.ts:136,53,no,,,candidate,,
api-symbol-b464ea24,api,2,symbol,gestor,,apps/api/tests/monitoring-conversations.test.ts:21,53,no,,,candidate,,
api-symbol-f7dcb59b,api,2,symbol,gestor,,apps/api/tests/palavras-proibidas.test.ts:150,53,no,,,candidate,,
api-symbol-f45dfda3,api,2,symbol,gestor,,apps/api/tests/registrations-attendance.test.ts:114,53,no,,,candidate,,
api-symbol-7789f038,api,2,symbol,gestorB,,apps/api/tests/monitoring-conversations.test.ts:23,4,no,,,candidate,,
api-symbol-31fea35e,api,2,symbol,gestorDoB,,apps/api/tests/palavras-proibidas.test.ts:152,6,no,,,candidate,,
api-symbol-fea9d7ce,api,2,symbol,gestorDoB,,apps/api/tests/permissions-of-agent.test.ts:158,6,no,,,candidate,,
api-symbol-69df736f,api,2,symbol,gestorDoB,,apps/api/tests/registrations-attendance.test.ts:117,6,no,,,candidate,,
api-symbol-4836d5a0,api,2,symbol,gestorId,,apps/api/tests/permissions-of-agent.test.ts:32,3,no,,,candidate,,
api-symbol-3521a5ab,api,2,symbol,globais,,apps/api/src/domain/management/builder-of-flow.ts:370,93,no,,,candidate,,
api-symbol-89975663,api,2,symbol,GOLDEN_DIR,,apps/api/tests/jsonb-compat.test.ts:56,3,no,,,candidate,,
api-symbol-3ea5d0b6,api,2,symbol,grande,,apps/api/tests/attachments-multiplos.test.ts:207,51,no,,,candidate,,
api-symbol-06392e95,api,2,symbol,grande,,apps/api/tests/attachments.test.ts:118,51,no,,,candidate,,
api-symbol-42e34ac4,api,2,symbol,grande,,apps/api/tests/channels.test.ts:581,51,no,,,candidate,,
api-symbol-1b1e7630,api,2,symbol,grande,,apps/api/tests/media-received.test.ts:273,51,no,,,candidate,,
api-symbol-b0eb05f5,api,2,symbol,gravarBlocos,,apps/api/src/domain/management/builder-of-flow.ts:421,3,no,,,candidate,,
api-symbol-c0384eb4,api,2,symbol,gravarPerfil,,apps/api/src/controllers/channels.ts:164,4,no,,,candidate,,
api-symbol-8dd6f034,api,2,symbol,gravarPerfil,,apps/api/src/domain/whatsapp/cliente-graph.ts:115,4,no,,,candidate,,
api-symbol-cd387cfb,api,2,symbol,gravarPerfil,,apps/api/src/domain/whatsapp/cliente-graph.ts:392,4,no,,,candidate,,
api-symbol-c315fffa,api,2,symbol,gravarPerfil,,apps/api/src/domain/whatsapp/cliente-graph.ts:637,4,no,,,candidate,,
api-symbol-bf087bad,api,2,symbol,gravarPesquisa,,apps/api/src/domain/management/settings.ts:402,3,no,,,candidate,,
api-symbol-1a66fbbb,api,2,symbol,grupo,,apps/api/src/domain/management/effort.ts:93,136,no,,,candidate,,
api-symbol-9cc6305a,api,2,symbol,grupo,,apps/api/src/domain/management/quality-review.ts:348,136,no,,,candidate,,
api-symbol-dd904aed,api,2,symbol,grupo,,apps/api/tests/ajuda-pfx.ts:62,136,no,,,candidate,,
api-symbol-d919f982,api,2,symbol,GrupoDaFicha,,apps/api/src/domain/management/quality-review.ts:237,5,no,,,candidate,,
api-symbol-f6bea682,api,2,symbol,grupos,,apps/api/src/domain/management/attendance.ts:129,25,no,,,candidate,,
api-symbol-c8ba1834,api,2,symbol,grupos,,apps/api/src/domain/management/quality-review.ts:346,25,no,,,candidate,,
api-symbol-074655bc,api,2,symbol,HorarioCadastrado,,apps/api/src/domain/management/registrations.ts:257,4,no,,,candidate,,
api-symbol-19216051,api,2,symbol,horarioExiste,,apps/api/src/domain/management/registrations.ts:1202,3,no,,,candidate,,
api-symbol-723c26cf,api,2,symbol,horarioId,,apps/api/src/domain/management/actions/regras.ts:107,81,no,,,candidate,,
api-symbol-dade10f6,api,2,symbol,horarioId,,apps/api/src/domain/management/actions/regras.ts:170,81,no,,,candidate,,
api-symbol-b3dbcca3,api,2,symbol,horarioId,,apps/api/src/domain/management/registrations.ts:1262,81,no,,,candidate,,
api-symbol-a5cdd4f5,api,2,symbol,horarioId,,apps/api/src/domain/management/registrations.ts:1311,81,no,,,candidate,,
api-symbol-28d38e80,api,2,symbol,horarioId,,apps/api/tests/registrations-attendance.test.ts:1006,81,no,,,candidate,,
api-symbol-c3a1d112,api,2,symbol,horarioId,,apps/api/tests/registrations-attendance.test.ts:1019,81,no,,,candidate,,
api-symbol-72bf5268,api,2,symbol,horarioId,,apps/api/tests/registrations-attendance.test.ts:1043,81,no,,,candidate,,
api-symbol-e63e119c,api,2,symbol,horarioId,,apps/api/tests/registrations-attendance.test.ts:1057,81,no,,,candidate,,
api-symbol-a3c69179,api,2,symbol,horarioId,,apps/api/tests/registrations-attendance.test.ts:1083,81,no,,,candidate,,
api-symbol-12f49b9a,api,2,symbol,horarioId,,apps/api/tests/registrations-attendance.test.ts:928,81,no,,,candidate,,
api-symbol-f6f4161b,api,2,symbol,horarioId,,apps/api/tests/registrations-attendance.test.ts:944,81,no,,,candidate,,
api-symbol-d6907e1d,api,2,symbol,horarioId,,apps/api/tests/registrations-attendance.test.ts:954,81,no,,,candidate,,
api-symbol-39bb30d9,api,2,symbol,horarioId,,apps/api/tests/registrations-attendance.test.ts:965,81,no,,,candidate,,
api-symbol-a47253d1,api,2,symbol,horarioId,,apps/api/tests/registrations-attendance.test.ts:989,81,no,,,candidate,,
api-symbol-254ab590,api,2,symbol,HorarioParaEscolher,,apps/api/src/domain/management/registrations.ts:94,7,no,,,candidate,,
api-symbol-14f3f098,api,2,symbol,horarios,,apps/api/src/controllers/management-registrations.ts:72,28,no,,,candidate,,
api-symbol-1972ad8b,api,2,symbol,horarios,,apps/api/src/domain/management/registrations.ts:132,28,no,,,candidate,,
api-symbol-e31eed05,api,2,symbol,Horarios,,apps/api/src/domain/management/registrations.ts:272,7,no,,,candidate,,
api-symbol-900ca906,api,2,symbol,horarios,,apps/api/src/domain/management/registrations.ts:326,28,no,,,candidate,,
api-symbol-6918f594,api,2,symbol,HOST_COM_CERTIFICADO,,apps/api/tests/contract.test.ts:550,8,no,,,candidate,,
api-symbol-3ab5633a,api,2,symbol,HostComCertificado,,apps/api/src/domain/mtls.ts:13,4,no,,,candidate,,
api-symbol-8a7eecc0,api,2,symbol,hostsGravados,,apps/api/src/domain/management/certificados.ts:210,2,no,,,candidate,,
api-symbol-dba39a65,api,2,symbol,identificador,,apps/api/src/domain/message-active.ts:191,121,no,,,candidate,,
api-symbol-71306e78,api,2,symbol,identificarEntradas,,apps/api/src/controllers/webhooks-whatsapp.ts:131,2,no,,,candidate,,
api-symbol-feec4ba2,api,2,symbol,idioma,,apps/api/src/controllers/my-account.ts:192,139,no,,,candidate,,
api-symbol-2fb8f57d,api,2,symbol,idioma,,apps/api/src/domain/management/actions/communication.ts:67,139,no,,,candidate,,
api-symbol-16c1746d,api,2,symbol,idioma,,apps/api/src/domain/management/actions/settings.ts:47,139,no,,,candidate,,
api-symbol-cb096a97,api,2,symbol,idioma,,apps/api/src/domain/whatsapp/events-of-template.ts:104,139,no,,,candidate,,
api-symbol-6b751179,api,2,symbol,idioma,,apps/api/src/domain/whatsapp/modelos.ts:362,139,no,,,candidate,,
api-symbol-f9b77bf2,api,2,symbol,IDIOMAS,,apps/api/src/controllers/my-account.ts:29,4,no,,,candidate,,
api-symbol-c64c2413,api,2,symbol,idProvedor,,apps/api/src/domain/inbound.ts:210,57,no,,,candidate,,
api-symbol-b88fae40,api,2,symbol,idProvedor,,apps/api/src/domain/inbound.ts:309,57,no,,,candidate,,
api-symbol-1e16fe04,api,2,symbol,idProvedor,,apps/api/tests/ponta-a-ponta.test.ts:147,57,no,,,candidate,,
api-symbol-83b00dad,api,2,symbol,idProvedor,,apps/api/tests/ponta-a-ponta.test.ts:217,57,no,,,candidate,,
api-symbol-ee36d62c,api,2,symbol,idProvedor,,apps/api/tests/ponta-a-ponta.test.ts:235,57,no,,,candidate,,
api-symbol-e8e1f22b,api,2,symbol,idProvedorUsado,,apps/api/src/domain/flow.ts:625,33,no,,,candidate,,
api-symbol-330c1cb3,api,2,symbol,igual,,apps/api/src/controllers/webhooks-whatsapp.ts:162,166,no,,,candidate,,
api-symbol-8a1a83a4,api,2,symbol,igual,,apps/api/src/session.ts:62,166,no,,,candidate,,
api-symbol-a726523b,api,2,symbol,igual,,apps/api/tests/router.test.ts:346,166,no,,,candidate,,
api-symbol-e2f599b9,api,2,symbol,igual,,apps/api/tests/team-of-flow.test.ts:301,166,no,,,candidate,,
api-symbol-0014ec39,api,2,symbol,igualEmLista,,apps/api/src/controllers/conversations.ts:384,7,no,,,candidate,,
api-symbol-38b7995e,api,2,symbol,importacao,,apps/api/tests/import.test.ts:135,26,no,,,candidate,,
api-symbol-7102634d,api,2,symbol,importacao,,apps/api/tests/import.test.ts:173,26,no,,,candidate,,
api-symbol-65885359,api,2,symbol,importacao,,apps/api/tests/import.test.ts:204,26,no,,,candidate,,
api-symbol-817de1f5,api,2,symbol,importacao,,apps/api/tests/import.test.ts:92,26,no,,,candidate,,
api-symbol-84d8b939,api,2,symbol,inativo,,apps/api/tests/channel-of-flow.test.ts:273,5,no,,,candidate,,
api-symbol-c9fb5bdf,api,2,symbol,inexistente,,apps/api/tests/desk-actions.test.ts:454,47,no,,,candidate,,
api-symbol-62fae4ee,api,2,symbol,inexistente,,apps/api/tests/etiquetas.test.ts:258,47,no,,,candidate,,
api-symbol-9e1148a6,api,2,symbol,inexistente,,apps/api/tests/etiquetas.test.ts:381,47,no,,,candidate,,
api-symbol-454c979a,api,2,symbol,inexistente,,apps/api/tests/flow-short-name.test.ts:234,47,no,,,candidate,,
api-symbol-5578b648,api,2,symbol,infinito,,apps/api/tests/inbound.test.ts:330,9,no,,,candidate,,
api-symbol-9517dfcf,api,2,symbol,injeção,,apps/api/tests/satisfaction-survey.test.ts:204,6,no,,,candidate,,
api-symbol-9eb2e343,api,2,symbol,interno,,apps/api/src/controllers/login.ts:100,67,no,,,candidate,,
api-symbol-7caa91e9,api,2,symbol,INTERVALO_PING_MS,,apps/api/src/eventos-ws.ts:19,2,no,,,candidate,,
api-symbol-09b1d763,api,2,symbol,intervalo,,apps/api/src/controllers/management-analytics.ts:118,73,no,,,candidate,,
api-symbol-fa7b3979,api,2,symbol,intervalo,,apps/api/src/controllers/management-analytics.ts:151,73,no,,,candidate,,
api-symbol-1669030d,api,2,symbol,invalido,,apps/api/src/controllers/conversations.ts:389,55,no,,,candidate,,
api-symbol-5099ce66,api,2,symbol,invalido,,apps/api/src/domain/whatsapp/preferences.ts:51,55,no,,,candidate,,
api-symbol-8930f078,api,2,symbol,invalido,,apps/api/tests/etiquetas.test.ts:170,55,no,,,candidate,,
api-symbol-2058ce1b,api,2,symbol,invalido,,apps/api/tests/router.test.ts:285,55,no,,,candidate,,
api-symbol-9d9e172a,api,2,symbol,invisivel,,apps/api/tests/desk-actions.test.ts:173,26,no,,,candidate,,
api-symbol-cc15fb76,api,2,symbol,isolatesAtivos,,apps/api/src/domain/script-sandbox.ts:34,4,no,,,candidate,,
api-symbol-59a39a41,api,2,symbol,isoOuNulo,,apps/api/src/domain/desk/consultas.ts:43,18,no,,,candidate,,
api-symbol-facf886b,api,2,symbol,ItemDoPedido,,apps/api/src/domain/management/configuration-of-flow.ts:172,2,no,,,candidate,,
api-symbol-753d4030,api,2,symbol,iteracoes,,apps/api/src/domain/management/pfx.ts:246,4,no,,,candidate,,
api-symbol-d57911fa,api,2,symbol,jornada,,apps/api/src/controllers/management-analytics.ts:181,40,no,,,candidate,,
api-symbol-32daaf19,api,2,symbol,leadLido,,apps/api/tests/jsonb-compat.test.ts:400,5,no,,,candidate,,
api-symbol-6a5b0ba6,api,2,symbol,lerAlvos,,apps/api/src/controllers/management-account.ts:54,3,no,,,candidate,,
api-symbol-b9b01e53,api,2,symbol,ler,,apps/api/src/controllers/imports.ts:45,165,no,,,candidate,,
api-symbol-84f79c3b,api,2,symbol,ler,,apps/api/tests/dictionary-crm.test.ts:171,165,no,,,candidate,,
api-symbol-0c34b53d,api,2,symbol,ler,,apps/api/tests/permissions-of-agent.test.ts:121,165,no,,,candidate,,
api-symbol-f6fd2d36,api,2,symbol,lerAte,,apps/api/src/domain/mtls.ts:158,2,no,,,candidate,,
api-symbol-c4ae93ca,api,2,symbol,lerConexao,,apps/api/src/domain/sso.ts:145,9,no,,,candidate,,
api-symbol-a4570891,api,2,symbol,lerCookie,,apps/api/src/session.ts:51,4,no,,,candidate,,
api-symbol-67aeacb9,api,2,symbol,lerCookies,,apps/api/src/session.ts:58,5,no,,,candidate,,
api-symbol-d0d181f6,api,2,symbol,lerCursor,,apps/api/src/pagination.ts:42,12,no,,,candidate,,
api-symbol-e913e8b7,api,2,symbol,lerDesafio,,apps/api/src/controllers/login.ts:165,4,no,,,candidate,,
api-symbol-8b968bbd,api,2,symbol,lerDesafioDoCookie,,apps/api/tests/inbound.test.ts:336,4,no,,,candidate,,
api-symbol-c3607158,api,2,symbol,lerFalhas,,apps/api/src/domain/import-of-contacts.ts:131,6,no,,,candidate,,
api-symbol-dec4aff8,api,2,symbol,lerFicha,,apps/api/src/domain/twenty.ts:239,3,no,,,candidate,,
api-symbol-8d0287f8,api,2,symbol,lerFoto,,apps/api/src/domain/whatsapp/perfil.ts:155,2,no,,,candidate,,
api-symbol-12d3c3fe,api,2,symbol,lerLimite,,apps/api/src/pagination.ts:28,12,no,,,candidate,,
api-symbol-b47c45e0,api,2,symbol,lerMetadados,,apps/api/src/domain/dictionary-crm.ts:117,6,no,,,candidate,,
api-symbol-123ca64a,api,2,symbol,lerPerfil,,apps/api/src/domain/whatsapp/cliente-graph.ts:114,3,no,,,candidate,,
api-symbol-e16f28b3,api,2,symbol,lerPerfil,,apps/api/src/domain/whatsapp/cliente-graph.ts:383,3,no,,,candidate,,
api-symbol-bdc0c536,api,2,symbol,lerPerfil,,apps/api/src/domain/whatsapp/cliente-graph.ts:632,3,no,,,candidate,,
api-symbol-085c33af,api,2,symbol,lerPfx,,apps/api/src/domain/management/pfx.ts:373,4,no,,,candidate,,
api-symbol-db47ccf5,api,2,symbol,lerSacos,,apps/api/src/domain/management/pfx.ts:283,3,no,,,candidate,,
api-symbol-a1b336c5,api,2,symbol,lerSaude,,apps/api/src/domain/whatsapp/configuration-of-webhook.ts:60,3,no,,,candidate,,
api-symbol-a7b33c50,api,2,symbol,lerTlvs,,apps/api/src/domain/management/pfx.ts:51,7,no,,,candidate,,
api-symbol-16ac439c,api,2,symbol,lerVisivel,,apps/api/src/domain/instagram/channel.ts:140,2,no,,,candidate,,
api-symbol-3db13ca6,api,2,symbol,lido,,apps/api/src/domain/management/services-of-router.ts:198,93,no,,,candidate,,
api-symbol-b94bae69,api,2,symbol,lido,,apps/api/tests/channel-of-flow.test.ts:205,93,no,,,candidate,,
api-symbol-348be144,api,2,symbol,lido,,apps/api/tests/channel-of-flow.test.ts:241,93,no,,,candidate,,
api-symbol-423e8cb3,api,2,symbol,lido,,apps/api/tests/channel-of-flow.test.ts:332,93,no,,,candidate,,
api-symbol-f367543a,api,2,symbol,lido,,apps/api/tests/channel-of-flow.test.ts:355,93,no,,,candidate,,
api-symbol-fd293c77,api,2,symbol,lido,,apps/api/tests/channels.test.ts:392,93,no,,,candidate,,
api-symbol-ee17976c,api,2,symbol,lido,,apps/api/tests/router.test.ts:169,93,no,,,candidate,,
api-symbol-bc5c1b66,api,2,symbol,lidos,,apps/api/src/controllers/management-account.ts:55,28,no,,,candidate,,
api-symbol-ad80d908,api,2,symbol,lidos,,apps/api/src/domain/management/pfx.ts:52,28,no,,,candidate,,
api-symbol-9274dd37,api,2,symbol,lidos,,apps/api/tests/script-sandbox.test.ts:295,28,no,,,candidate,,
api-symbol-91d06823,api,2,symbol,ligado,,apps/api/src/domain/management/channel-of-flow.ts:90,105,no,,,candidate,,
api-symbol-fd577dd7,api,2,symbol,ligado,,apps/api/tests/channel-of-flow.test.ts:187,105,no,,,candidate,,
api-symbol-2901db38,api,2,symbol,ligado,,apps/api/tests/channels.test.ts:973,105,no,,,candidate,,
api-symbol-8900b0ab,api,2,symbol,ligado,,apps/api/tests/messenger.test.ts:120,105,no,,,candidate,,
api-symbol-94958531,api,2,symbol,ligado,,apps/api/tests/messenger.test.ts:95,105,no,,,candidate,,
api-symbol-3ffdf2c4,api,2,symbol,LIMITE_CABECALHOS,,apps/api/src/domain/management/integrations.ts:404,5,no,,,candidate,,
api-symbol-1f91b28e,api,2,symbol,LIMITE_COMENTARIOS,,apps/api/src/domain/management/satisfaction.ts:67,3,no,,,candidate,,
api-symbol-094c7ec2,api,2,symbol,LIMITE_DA_URL,,apps/api/src/domain/whatsapp/configuration-of-webhook.ts:23,3,no,,,candidate,,
api-symbol-3040fef8,api,2,symbol,LIMITE_DE_CHAVES,,apps/api/src/domain/management/integrations.ts:51,11,no,,,candidate,,
api-symbol-7dae2a9b,api,2,symbol,LIMITE_EMAILS,,apps/api/src/domain/whatsapp/preferences.ts:14,3,no,,,candidate,,
api-symbol-7c5753f6,api,2,symbol,LIMITE_PADRAO,,apps/api/src/pagination.ts:9,2,no,,,candidate,,
api-symbol-c8ee009c,api,2,symbol,LIMITE_TETO,,apps/api/src/pagination.ts:10,2,no,,,candidate,,
api-symbol-34400fc0,api,2,symbol,limite,,apps/api/src/controllers/catalogo.ts:276,381,no,,,candidate,,
api-symbol-505b112e,api,2,symbol,limite,,apps/api/src/controllers/catalogo.ts:370,381,no,,,candidate,,
api-symbol-c01e9772,api,2,symbol,limite,,apps/api/src/controllers/catalogo.ts:70,381,no,,,candidate,,
api-symbol-01fd8545,api,2,symbol,limite,,apps/api/src/controllers/conversations.ts:168,381,no,,,candidate,,
api-symbol-638f3c0f,api,2,symbol,limite,,apps/api/src/controllers/conversations.ts:88,381,no,,,candidate,,
api-symbol-95436a61,api,2,symbol,limite,,apps/api/src/controllers/management-analytics.ts:243,381,no,,,candidate,,
api-symbol-0d41e67c,api,2,symbol,limite,,apps/api/src/domain/engine-services.ts:288,381,no,,,candidate,,
api-symbol-ffab0a83,api,2,symbol,limite,,apps/api/src/domain/flow.ts:723,381,no,,,candidate,,
api-symbol-e5aee6cc,api,2,symbol,limite,,apps/api/src/domain/management/cabecalho.ts:31,381,no,,,candidate,,
api-symbol-8e127fff,api,2,symbol,limite,,apps/api/src/domain/management/monitoring.ts:508,381,no,,,candidate,,
api-symbol-04e1299f,api,2,symbol,limite,,apps/api/src/domain/management/monitoring.ts:556,381,no,,,candidate,,
api-symbol-f059997b,api,2,symbol,limite,,apps/api/src/domain/management/monitoring.ts:571,381,no,,,candidate,,
api-symbol-87835912,api,2,symbol,limite,,apps/api/src/domain/management/satisfaction-surveys.ts:71,381,no,,,candidate,,
api-symbol-8b1b3bb1,api,2,symbol,limite,,apps/api/src/domain/mtls.ts:204,381,no,,,candidate,,
api-symbol-83ba7f56,api,2,symbol,limite,,apps/api/src/domain/mtls.ts:263,381,no,,,candidate,,
api-symbol-0d93dd99,api,2,symbol,limite,,apps/api/src/domain/script-sandbox.ts:356,381,no,,,candidate,,
api-symbol-811e0522,api,2,symbol,limite,,apps/api/tests/realtime.test.ts:109,381,no,,,candidate,,
api-symbol-1a1cf4e8,api,2,symbol,limite,,apps/api/tests/realtime.test.ts:316,381,no,,,candidate,,
api-symbol-f9fb80f9,api,2,symbol,limite,,apps/api/tests/realtime.test.ts:71,381,no,,,candidate,,
api-symbol-2ce000b8,api,2,symbol,limiteMs,,apps/api/src/queues.ts:146,15,no,,,candidate,,
api-symbol-4366f380,api,2,symbol,LIMITES_DO_PERFIL,,apps/api/src/domain/whatsapp/perfil.ts:13,6,no,,,candidate,,
api-symbol-78c35866,api,2,symbol,limites,,apps/api/src/controllers/messages-active.ts:29,68,no,,,candidate,,
api-symbol-f6af1fd0,api,2,symbol,limites,,apps/api/src/provision.ts:181,68,no,,,candidate,,
api-symbol-68c29af9,api,2,symbol,linhaAntes,,apps/api/tests/sla-motor.test.ts:276,2,no,,,candidate,,
api-symbol-345d9a88,api,2,symbol,linhaDepois,,apps/api/tests/sla-motor.test.ts:286,2,no,,,candidate,,
api-symbol-56150f62,api,2,symbol,LinhaDeQuebra,,apps/api/src/domain/management/attendance.ts:56,19,no,,,candidate,,
api-symbol-58e17fcb,api,2,symbol,LinhaEtiqueta,,apps/api/src/domain/etiquetas.ts:53,3,no,,,candidate,,
api-symbol-7da58b0b,api,2,symbol,LinhaEvento,,apps/api/src/domain/management/monitoring.ts:271,5,no,,,candidate,,
api-symbol-7e758fb4,api,2,symbol,LinhaMensagem,,apps/api/tests/flow-content.test.ts:99,3,no,,,candidate,,
api-symbol-17621de6,api,2,symbol,LinhaVersao,,apps/api/src/domain/management/builder-of-flow.ts:73,8,no,,,candidate,,
api-symbol-e6a64fe3,api,2,symbol,LinhaVersao,,apps/api/tests/builder-by-flow.test.ts:216,8,no,,,candidate,,
api-symbol-3d681edd,api,2,symbol,listaDeCampos,,apps/api/src/domain/dictionary-crm.ts:143,2,no,,,candidate,,
api-symbol-257fba34,api,2,symbol,listarColegas,,apps/api/src/domain/desk/consultas.ts:352,2,no,,,candidate,,
api-symbol-97bf71c3,api,2,symbol,listarEquipe,,apps/api/src/domain/management/team-of-flow.ts:239,3,no,,,candidate,,
api-symbol-a510965a,api,2,symbol,listarEtiquetas,,apps/api/src/domain/desk/consultas.ts:278,1,no,,,candidate,,
api-symbol-44ed3289,api,2,symbol,listarEtiquetasDoTenant,,apps/api/src/domain/etiquetas.ts:27,3,no,,,candidate,,
api-symbol-6e3a9ab9,api,2,symbol,listarModelos,,apps/api/src/domain/whatsapp/cliente-graph.ts:121,3,no,,,candidate,,
api-symbol-89e53290,api,2,symbol,listarModelos,,apps/api/src/domain/whatsapp/cliente-graph.ts:427,3,no,,,candidate,,
api-symbol-4090b0f5,api,2,symbol,listarModelos,,apps/api/src/domain/whatsapp/cliente-graph.ts:657,3,no,,,candidate,,
api-symbol-bc5dc6e7,api,2,symbol,listarMotivosDePausa,,apps/api/src/domain/desk/consultas.ts:312,1,no,,,candidate,,
api-symbol-1072b8ae,api,2,symbol,listarPalavrasProibidas,,apps/api/src/controllers/management-registrations.ts:354,1,no,,,candidate,,
api-symbol-51d2f236,api,2,symbol,listarRespostasProntas,,apps/api/src/domain/desk/consultas.ts:250,2,no,,,candidate,,
api-symbol-a3932bcb,api,2,symbol,mais,,apps/api/tests/router.test.ts:269,685,no,,,candidate,,
api-symbol-c3a700f5,api,2,symbol,malformado,,apps/api/tests/configuration-of-flow.test.ts:203,21,no,,,candidate,,
api-symbol-32f31e7d,api,2,symbol,malformado,,apps/api/tests/contacts-editar.test.ts:214,21,no,,,candidate,,
api-symbol-12b42cf0,api,2,symbol,malformado,,apps/api/tests/cycle-of-lifetime-of-flow.test.ts:417,21,no,,,candidate,,
api-symbol-24f230d0,api,2,symbol,malformado,,apps/api/tests/integrations.test.ts:215,21,no,,,candidate,,
api-symbol-41942895,api,2,symbol,malformado,,apps/api/tests/integrations.test.ts:335,21,no,,,candidate,,
api-symbol-07f8f5f7,api,2,symbol,malformado,,apps/api/tests/integrations.test.ts:488,21,no,,,candidate,,
api-symbol-990fd461,api,2,symbol,malformado,,apps/api/tests/palavras-proibidas.test.ts:320,21,no,,,candidate,,
api-symbol-8f2410d8,api,2,symbol,malformado,,apps/api/tests/palavras-proibidas.test.ts:335,21,no,,,candidate,,
api-symbol-2e10933c,api,2,symbol,malformado,,apps/api/tests/registrations-attendance.test.ts:1073,21,no,,,candidate,,
api-symbol-913b41d4,api,2,symbol,malformado,,apps/api/tests/registrations-attendance.test.ts:1179,21,no,,,candidate,,
api-symbol-e65549ed,api,2,symbol,malformado,,apps/api/tests/registrations-attendance.test.ts:261,21,no,,,candidate,,
api-symbol-cb3050ca,api,2,symbol,malformado,,apps/api/tests/registrations-attendance.test.ts:489,21,no,,,candidate,,
api-symbol-ba4d31b1,api,2,symbol,malformado,,apps/api/tests/registrations-attendance.test.ts:674,21,no,,,candidate,,
api-symbol-de6abeb7,api,2,symbol,malformado,,apps/api/tests/registrations-attendance.test.ts:826,21,no,,,candidate,,
api-symbol-4d2cc5d6,api,2,symbol,malformado,,apps/api/tests/registrations-attendance.test.ts:841,21,no,,,candidate,,
api-symbol-38876b38,api,2,symbol,malformado,,apps/api/tests/registrations-attendance.test.ts:982,21,no,,,candidate,,
api-symbol-6f15fe03,api,2,symbol,marcarNaoLida,,apps/api/src/domain/desk/taggings.ts:105,10,no,,,candidate,,
api-symbol-9b677173,api,2,symbol,marcarTestada,,apps/api/src/domain/sso.ts:228,6,no,,,candidate,,
api-symbol-a232f151,api,2,symbol,MAX_FETCHES_POR_SCRIPT,,apps/api/src/domain/script-sandbox.ts:27,8,no,,,candidate,,
api-symbol-ebd802de,api,2,symbol,MAX_FIXADAS,,apps/api/src/domain/desk/taggings.ts:10,3,no,,,candidate,,
api-symbol-04acea9d,api,2,symbol,MAX_PINGS_SEM_RESPOSTA,,apps/api/src/eventos-ws.ts:25,2,no,,,candidate,,
api-symbol-a51c9cbb,api,2,symbol,MAX_REDIRECIONAMENTOS,,apps/api/src/domain/mtls.ts:236,5,no,,,candidate,,
api-symbol-020ad305,api,2,symbol,MAX_RESULTADO_BYTES,,apps/api/src/domain/script-sandbox.ts:31,10,no,,,candidate,,
api-symbol-005f17ac,api,2,symbol,MAX_TENTATIVAS_DOWNLOAD,,apps/api/src/domain/media.ts:14,9,no,,,candidate,,
api-symbol-4857c017,api,2,symbol,MAX_TENTATIVAS_WEBHOOK,,apps/api/src/webhooks-saida.ts:36,2,no,,,candidate,,
api-symbol-39c55aed,api,2,symbol,MAXIMO_DE_ITENS_MENU,,apps/api/src/domain/management/configuration-of-flow.ts:16,3,no,,,candidate,,
api-symbol-132a60cb,api,2,symbol,mediaDasNotas,,apps/api/src/domain/management/quality-review.ts:107,3,no,,,candidate,,
api-symbol-5fe0335b,api,2,symbol,membro,,apps/api/tests/contract.test.ts:266,27,no,,,candidate,,
api-symbol-e6fee632,api,2,symbol,membros,,apps/api/src/domain/management/builder-test-run.ts:244,80,no,,,candidate,,
api-symbol-0bca7adb,api,2,symbol,membros,,apps/api/src/domain/management/registrations.ts:119,80,no,,,candidate,,
api-symbol-91e73afb,api,2,symbol,mensagem,,apps/api/src/domain/flow.ts:728,992,no,,,candidate,,
api-symbol-cff8501b,api,2,symbol,mensagem,,apps/api/tests/ponta-a-ponta.test.ts:194,992,no,,,candidate,,
api-symbol-e59ab4de,api,2,symbol,mensagem,,apps/api/tests/ponta-a-ponta.test.ts:204,992,no,,,candidate,,
api-symbol-5b152eec,api,2,symbol,mensagem,,apps/api/tests/ponta-a-ponta.test.ts:227,992,no,,,candidate,,
api-symbol-3150c011,api,2,symbol,mensagem,,apps/api/tests/ponta-a-ponta.test.ts:251,992,no,,,candidate,,
api-symbol-04b190e1,api,2,symbol,mensagem,,apps/api/tests/ponta-a-ponta.test.ts:318,992,no,,,candidate,,
api-symbol-b18f80d0,api,2,symbol,mensagemId,,apps/api/tests/envio-session.test.ts:241,13,no,,,candidate,,
api-symbol-917a104d,api,2,symbol,mensagemId,,apps/api/tests/envio-session.test.ts:269,13,no,,,candidate,,
api-symbol-91e57909,api,2,symbol,mensagemId,,apps/api/tests/jsonb-compat.test.ts:266,13,no,,,candidate,,
api-symbol-90c88700,api,2,symbol,mensagens,,apps/api/tests/jsonb-compat.test.ts:192,334,no,,,candidate,,
api-symbol-79a8afad,api,2,symbol,menuPersistente,,apps/api/src/controllers/management-flow.ts:366,4,no,,,candidate,,
api-symbol-7b2db9eb,api,2,symbol,mesmaOrigem,,apps/api/src/domain/mtls.ts:283,2,no,,,candidate,,
api-symbol-fdb75d41,api,2,symbol,metrica,,apps/api/tests/monitoring-summary.test.ts:4,15,no,,,candidate,,
api-symbol-6a1e4c20,api,2,symbol,minha,,apps/api/tests/attachments-multiplos.test.ts:239,26,no,,,candidate,,
api-symbol-13fd96d3,api,2,symbol,minha,,apps/api/tests/desk-actions.test.ts:439,26,no,,,candidate,,
api-symbol-841e70b4,api,2,symbol,minhas,,apps/api/src/controllers/management-team.ts:49,9,no,,,candidate,,
api-symbol-5851c6f7,api,2,symbol,minhas,,apps/api/src/controllers/my-account.ts:224,9,no,,,candidate,,
api-symbol-1d20465b,api,2,symbol,minhas,,apps/api/src/domain/management/monitoring.ts:569,9,no,,,candidate,,
api-symbol-c580222d,api,2,symbol,minhasFaixas,,apps/api/src/domain/management/registrations.ts:330,2,no,,,candidate,,
api-symbol-f36b2d21,api,2,symbol,minhasFaixasCore,,apps/api/src/domain/management/registrations.ts:327,2,no,,,candidate,,
api-symbol-e3e9188e,api,2,symbol,modeloId,,apps/api/tests/email.test.ts:296,8,no,,,candidate,,
api-symbol-16ef00b2,api,2,symbol,modeloId,,apps/api/tests/email.test.ts:311,8,no,,,candidate,,
api-symbol-626a15cc,api,2,symbol,modeloId,,apps/api/tests/email.test.ts:330,8,no,,,candidate,,
api-symbol-f7eca37c,api,2,symbol,modelos,,apps/api/src/controllers/management-flow.ts:463,123,no,,,candidate,,
api-symbol-eff0dc8d,api,2,symbol,modelos,,apps/api/src/controllers/management-registrations.ts:103,123,no,,,candidate,,
api-symbol-84415600,api,2,symbol,modelos,,apps/api/src/domain/inbound.ts:168,123,no,,,candidate,,
api-symbol-87cc5997,api,2,symbol,modelos,,apps/api/src/domain/management-flow.ts:320,123,no,,,candidate,,
api-symbol-fe0b61dd,api,2,symbol,modelos,,apps/api/src/domain/whatsapp/cliente-graph.ts:428,123,no,,,candidate,,
api-symbol-1ab797e3,api,2,symbol,montarFluxoDeTeste,,apps/api/tests/jsonb-compat.test.ts:98,3,no,,,candidate,,
api-symbol-ef8117fc,api,2,symbol,MotivoDePausa,,apps/api/src/domain/management/registrations.ts:161,14,no,,,candidate,,
api-symbol-21d2efb0,api,2,symbol,MotivoPausaGravado,,apps/api/src/domain/management/registrations.ts:1516,4,no,,,candidate,,
api-symbol-7e955abb,api,2,symbol,MOTIVOS_PAUSA_PADRAO,,apps/api/src/provision.ts:21,2,no,,,candidate,,
api-symbol-be455c66,api,2,symbol,mudou,,apps/api/src/domain/management/permissions-of-agent.ts:178,82,no,,,candidate,,
api-symbol-4e7e4ae4,api,2,symbol,mudou,,apps/api/src/domain/management/settings.ts:377,82,no,,,candidate,,
api-symbol-7e4c74a9,api,2,symbol,mudou,,apps/api/src/domain/management/settings.ts:455,82,no,,,candidate,,
api-symbol-31fb9a93,api,2,symbol,mudou,,apps/api/tests/team-of-flow.test.ts:296,82,no,,,candidate,,
api-symbol-2b3d1ba7,api,2,symbol,NAO_TRATOU,,apps/api/src/domain/flow.ts:183,4,no,,,candidate,,
api-symbol-baf7fce4,api,2,symbol,naoAchaOAntigo,,apps/api/tests/contract.test.ts:218,1,no,,,candidate,,
api-symbol-b6769c23,api,2,symbol,naoAutorizado,,apps/api/src/errors.ts:30,1,no,,,candidate,,
api-symbol-8d58bf7d,api,2,symbol,naoChame,,apps/api/tests/dictionary-crm.test.ts:89,5,no,,,candidate,,
api-symbol-b588b790,api,2,symbol,naoChame,,apps/api/tests/twenty.test.ts:252,5,no,,,candidate,,
api-symbol-5a4f6220,api,2,symbol,naoEncontrado,,apps/api/src/errors.ts:45,1,no,,,candidate,,
api-symbol-48d7cc35,api,2,symbol,naoLida,,apps/api/src/domain/desk/taggings.ts:112,19,no,,,candidate,,
api-symbol-e2b55e3a,api,2,symbol,naoLida,,apps/api/tests/desk-actions.test.ts:422,19,no,,,candidate,,
api-symbol-452bfa85,api,2,symbol,nenhum,,apps/api/src/domain/management/permissions-of-agent.ts:122,415,no,,,candidate,,
api-symbol-8607472c,api,2,symbol,nivelInvalido,,apps/api/tests/registrations-attendance.test.ts:1123,1,no,,,candidate,,
api-symbol-28fa7814,api,2,symbol,noBanco,,apps/api/tests/builder-by-flow.test.ts:546,4,no,,,candidate,,
api-symbol-4bbd00b6,api,2,symbol,noBanco,,apps/api/tests/builder-by-flow.test.ts:600,4,no,,,candidate,,
api-symbol-eca0cd0c,api,2,symbol,noLimite,,apps/api/tests/cycle-of-lifetime-of-flow.test.ts:359,9,no,,,candidate,,
api-symbol-5f392b89,api,2,symbol,NOME_DA_PAUSA_MAX,,apps/api/src/domain/management/registrations.ts:1500,4,no,,,candidate,,
api-symbol-30d83af4,api,2,symbol,nomeDaFila,,apps/api/tests/desk-availability.test.ts:60,2,no,,,candidate,,
api-symbol-2da0d4dc,api,2,symbol,nomeDoPapel,,apps/api/src/domain/convites.ts:175,3,no,,,candidate,,
api-symbol-e9f0104b,api,2,symbol,nomeDoPerfil,,apps/api/src/domain/inbound.ts:215,2,no,,,candidate,,
api-symbol-b4cfa7db,api,2,symbol,nomeRegra,,apps/api/tests/registrations-attendance.test.ts:581,3,no,,,candidate,,
api-symbol-e4ecae21,api,2,symbol,nomes,,apps/api/src/controllers/management-analytics.ts:127,253,no,,,candidate,,
api-symbol-12f4ffc3,api,2,symbol,nomes,,apps/api/src/domain/management/effort.ts:134,253,no,,,candidate,,
api-symbol-484421c6,api,2,symbol,nomeVerificado,,apps/api/src/domain/whatsapp/validation-of-configuration-manual.ts:131,4,no,,,candidate,,
api-symbol-55a0ea9b,api,2,symbol,normalizar,,apps/api/src/domain/message-active.ts:72,89,no,,,candidate,,
api-symbol-2d2a6e62,api,2,symbol,normalizarEmail,,apps/api/src/domain/convites.ts:44,8,no,,,candidate,,
api-symbol-5f5e2ba5,api,2,symbol,normalizarFuso,,apps/api/src/domain/management/actions/regras.ts:28,4,no,,,candidate,,
api-symbol-f5d6249e,api,2,symbol,normalizarFuso,,apps/api/src/domain/management/actions/settings.ts:29,4,no,,,candidate,,
api-symbol-c518db7e,api,2,symbol,normalizarHosts,,apps/api/src/domain/management/certificados.ts:54,2,no,,,candidate,,
api-symbol-4a3a017a,api,2,symbol,normalizarSenha,,apps/api/src/domain/management/certificados.ts:87,2,no,,,candidate,,
api-symbol-fc1236e2,api,2,symbol,normalizarTermo,,apps/api/src/domain/management/palavras-proibidas.ts:29,8,no,,,candidate,,
api-symbol-b0bea137,api,2,symbol,notas,,apps/api/src/domain/desk/consultas.ts:209,58,no,,,candidate,,
api-symbol-e445cfd9,api,2,symbol,notas,,apps/api/tests/satisfaction-survey.test.ts:174,58,no,,,candidate,,
api-symbol-25e4cc38,api,2,symbol,novoAtivo,,apps/api/src/domain/management/palavras-proibidas.ts:227,3,no,,,candidate,,
api-symbol-4b384759,api,2,symbol,novoTermo,,apps/api/src/domain/management/palavras-proibidas.ts:226,9,no,,,candidate,,
api-symbol-91f34e8c,api,2,symbol,novoTermo,,apps/api/tests/palavras-proibidas.test.ts:275,9,no,,,candidate,,
api-symbol-fadad4d7,api,2,symbol,nulo,,apps/api/tests/ajuda-pfx.ts:42,23,no,,,candidate,,
api-symbol-c420d251,api,2,symbol,numeroOuNulo,,apps/api/src/domain/management/quality-review.ts:98,6,no,,,candidate,,
api-symbol-61386a7f,api,2,symbol,numeros,,apps/api/src/domain/whatsapp/cliente-graph.ts:250,15,no,,,candidate,,
api-symbol-a6c4ac68,api,2,symbol,numeros,,apps/api/src/domain/whatsapp/info-do-numero.ts:30,15,no,,,candidate,,
api-symbol-618100c1,api,2,symbol,numeros,,apps/api/src/domain/whatsapp/validation-of-configuration-manual.ts:62,15,no,,,candidate,,
api-symbol-da317219,api,2,symbol,numeros,,apps/api/tests/channels.test.ts:1137,15,no,,,candidate,,
api-symbol-48712644,api,2,symbol,numeroVerificado,,apps/api/src/domain/whatsapp/cliente-graph.ts:128,6,no,,,candidate,,
api-symbol-43b412bb,api,2,symbol,objetoPedido,,apps/api/src/domain/dictionary-crm.ts:146,2,no,,,candidate,,
api-symbol-6c59c117,api,2,symbol,objetosAntes,,apps/api/tests/media-received.test.ts:222,2,no,,,candidate,,
api-symbol-0f7d530b,api,2,symbol,objetos,,apps/api/src/controllers/crm.ts:36,47,no,,,candidate,,
api-symbol-58687085,api,2,symbol,objetos,,apps/api/src/domain/dictionary-crm.ts:160,47,no,,,candidate,,
api-symbol-cdcf9c06,api,2,symbol,objetos,,apps/api/src/domain/dictionary-crm.ts:237,47,no,,,candidate,,
api-symbol-de698184,api,2,symbol,objetos,,apps/api/src/domain/dictionary-crm.ts:368,47,no,,,candidate,,
api-symbol-7850fec2,api,2,symbol,objetos,,apps/api/tests/attachments-multiplos.test.ts:34,47,no,,,candidate,,
api-symbol-d1747faf,api,2,symbol,objetos,,apps/api/tests/attachments.test.ts:23,47,no,,,candidate,,
api-symbol-fd2cf792,api,2,symbol,objetos,,apps/api/tests/media-received.test.ts:28,47,no,,,candidate,,
api-symbol-3486ea7a,api,2,symbol,onde,,apps/api/src/domain/desk/taggings.ts:55,194,no,,,candidate,,
api-symbol-f5b19765,api,2,symbol,onzeMinutosAtras,,apps/api/tests/channels.test.ts:181,2,no,,,candidate,,
api-symbol-89dac23b,api,2,symbol,opcoes,,apps/api/src/domain/flow.ts:1103,41,no,,,candidate,,
api-symbol-1c0a9655,api,2,symbol,opcoes,,apps/api/src/domain/flow.ts:1133,41,no,,,candidate,,
api-symbol-52109c52,api,2,symbol,operador,,apps/api/src/domain/management/actions/regras.ts:260,93,no,,,candidate,,
api-symbol-2d249a18,api,2,symbol,operadores,,apps/api/src/domain/management/actions/regras.ts:254,6,no,,,candidate,,
api-symbol-193df2db,api,2,symbol,operadorId,,apps/api/tests/contract.test.ts:162,2,no,,,candidate,,
api-symbol-722134fd,api,2,symbol,ordem,,apps/api/src/controllers/catalogo.ts:372,234,no,,,candidate,,
api-symbol-3cd89303,api,2,symbol,ordem,,apps/api/src/controllers/catalogo.ts:72,234,no,,,candidate,,
api-symbol-83cfc8a9,api,2,symbol,ordem,,apps/api/src/controllers/conversations.ts:90,234,no,,,candidate,,
api-symbol-2adde5a0,api,2,symbol,outra,,apps/api/src/domain/desk/taggings.ts:54,144,no,,,candidate,,
api-symbol-0a01efe6,api,2,symbol,outra,,apps/api/tests/attachments-multiplos.test.ts:152,144,no,,,candidate,,
api-symbol-ff0e0683,api,2,symbol,outra,,apps/api/tests/builder-by-flow.test.ts:633,144,no,,,candidate,,
api-symbol-0e36b010,api,2,symbol,outra,,apps/api/tests/convites.test.ts:441,144,no,,,candidate,,
api-symbol-9d8b6f10,api,2,symbol,outraPessoaId,,apps/api/tests/realtime.test.ts:261,4,no,,,candidate,,
api-symbol-e35544a5,api,2,symbol,outras,,apps/api/tests/desk-actions.test.ts:459,49,no,,,candidate,,
api-symbol-1321e14e,api,2,symbol,outraVez,,apps/api/tests/palavras-proibidas.test.ts:359,2,no,,,candidate,,
api-symbol-2b898c72,api,2,symbol,outraVez,,apps/api/tests/registrations-attendance.test.ts:568,2,no,,,candidate,,
api-symbol-e986ea59,api,2,symbol,outrosAdmins,,apps/api/src/domain/management/team-of-flow.ts:287,3,no,,,candidate,,
api-symbol-3ca1b4a1,api,2,symbol,outros,,apps/api/src/domain/management/services-of-router.ts:161,75,no,,,candidate,,
api-symbol-9a974771,api,2,symbol,padrao,,apps/api/src/authentication.ts:107,105,no,,,candidate,,
api-symbol-1c5b54be,api,2,symbol,padrao,,apps/api/src/domain/management/builder-of-flow.ts:161,105,no,,,candidate,,
api-symbol-a2efc81e,api,2,symbol,padrao,,apps/api/src/domain/management/registrations.ts:139,105,no,,,candidate,,
api-symbol-08d96f4b,api,2,symbol,padrao,,apps/api/src/domain/whatsapp/modelos.ts:171,105,no,,,candidate,,
api-symbol-b88f638f,api,2,symbol,pagina,,apps/api/src/controllers/catalogo.ts:414,19,no,,,candidate,,
api-symbol-26005b82,api,2,symbol,pagina,,apps/api/src/controllers/catalogo.ts:96,19,no,,,candidate,,
api-symbol-fb323e22,api,2,symbol,pagina,,apps/api/src/controllers/conversations.ts:208,19,no,,,candidate,,
api-symbol-23186083,api,2,symbol,pagina,,apps/api/src/domain/whatsapp/cliente-graph.ts:433,19,no,,,candidate,,
api-symbol-8362bee2,api,2,symbol,palavra,,apps/api/tests/palavras-proibidas.test.ts:374,52,no,,,candidate,,
api-symbol-a172f827,api,2,symbol,palavra,,apps/api/tests/palavras-proibidas.test.ts:433,52,no,,,candidate,,
api-symbol-5e1bfa14,api,2,symbol,PalavraProibidaListada,,apps/api/src/domain/management/palavras-proibidas.ts:114,4,no,,,candidate,,
api-symbol-66dd269a,api,2,symbol,palavras,,apps/api/src/domain/management/palavras-proibidas.ts:53,29,no,,,candidate,,
api-symbol-4916900a,api,2,symbol,palavraViva,,apps/api/src/domain/management/palavras-proibidas.ts:173,3,no,,,candidate,,
api-symbol-977af8ef,api,2,symbol,papelNoFluxo,,apps/api/src/domain/management/team-of-flow.ts:393,29,no,,,candidate,,
api-symbol-4606b99b,api,2,symbol,para,,apps/api/src/domain/flow.ts:1655,3618,no,,,candidate,,
api-symbol-611f8aa9,api,2,symbol,para,,apps/api/src/domain/management/builder-of-flow.ts:453,3618,no,,,candidate,,
api-symbol-55761411,api,2,symbol,para,,apps/api/src/domain/whatsapp/events-of-template.ts:86,3618,no,,,candidate,,
api-symbol-dda30228,api,2,symbol,paraJson,,apps/api/src/controllers/sso.ts:247,4,no,,,candidate,,
api-symbol-6307901b,api,2,symbol,paraOCore,,apps/api/src/domain/management/registrations.ts:346,4,no,,,candidate,,
api-symbol-b018221c,api,2,symbol,pares,,apps/api/src/metrics.ts:123,33,no,,,candidate,,
api-symbol-45f3ced5,api,2,symbol,pausaAbertaDe,,apps/api/tests/desk-actions.test.ts:67,5,no,,,candidate,,
api-symbol-f5dda9dc,api,2,symbol,pausaEmAberto,,apps/api/src/domain/conversation.ts:354,6,no,,,candidate,,
api-symbol-cca1e001,api,2,symbol,pausaEmAberto,,apps/api/src/domain/conversation.ts:90,6,no,,,candidate,,
api-symbol-74e9a6a7,api,2,symbol,pausasAbertas,,apps/api/src/domain/management/cabecalho.ts:23,4,no,,,candidate,,
api-symbol-ac4a24f5,api,2,symbol,pausasAbertas,,apps/api/src/domain/management/monitoring.ts:502,4,no,,,candidate,,
api-symbol-8033f0cc,api,2,symbol,pausas,,apps/api/src/controllers/management-registrations.ts:96,28,no,,,candidate,,
api-symbol-e14a2093,api,2,symbol,PBE_ANTIGO,,apps/api/src/domain/management/pfx.ts:126,1,no,,,candidate,,
api-symbol-08a7ce90,api,2,symbol,pedido,,apps/api/src/controllers/management-integrations.ts:130,364,no,,,candidate,,
api-symbol-1e834fc4,api,2,symbol,pedido,,apps/api/src/controllers/management-integrations.ts:158,364,no,,,candidate,,
api-symbol-337ea67b,api,2,symbol,pedido,,apps/api/src/controllers/management-integrations.ts:178,364,no,,,candidate,,
api-symbol-ec3d6b2c,api,2,symbol,pedido,,apps/api/src/domain/flow.ts:713,364,no,,,candidate,,
api-symbol-5b81cd63,api,2,symbol,pedido,,apps/api/src/eventos-ws.ts:118,364,no,,,candidate,,
api-symbol-b61db7d8,api,2,symbol,Pedido,,apps/api/tests/channels.test.ts:1105,13,no,,,candidate,,
api-symbol-dd0c5a98,api,2,symbol,pedido,,apps/api/tests/contract.test.ts:588,364,no,,,candidate,,
api-symbol-43be0035,api,2,symbol,pedido,,apps/api/tests/engine-services.test.ts:136,364,no,,,candidate,,
api-symbol-2995d0f1,api,2,symbol,pedido,,apps/api/tests/jsonb-compat.test.ts:303,364,no,,,candidate,,
api-symbol-6a96591a,api,2,symbol,PedidoDeBoasVindas,,apps/api/src/domain/management/configuration-of-flow.ts:72,2,no,,,candidate,,
api-symbol-5ea40ebd,api,2,symbol,PedidoDeCertificado,,apps/api/src/domain/management/certificados.ts:35,9,no,,,candidate,,
api-symbol-d204e16a,api,2,symbol,pedidoDeCertificado,,apps/api/tests/contract.test.ts:346,7,no,,,candidate,,
api-symbol-28f4b7f6,api,2,symbol,PedidoDeConexao,,apps/api/src/domain/management/integrations.ts:885,4,no,,,candidate,,
api-symbol-c18f054c,api,2,symbol,PedidoDeDisparo,,apps/api/src/domain/message-active.ts:51,4,no,,,candidate,,
api-symbol-17739c57,api,2,symbol,PedidoDeEnvio,,apps/api/src/domain/envio.ts:21,3,no,,,candidate,,
api-symbol-4378fc10,api,2,symbol,PedidoDeLink,,apps/api/src/domain/rastreador-de-cliques.ts:37,2,no,,,candidate,,
api-symbol-23969d0d,api,2,symbol,PedidoDeMotivoPausa,,apps/api/src/domain/management/registrations.ts:1502,3,no,,,candidate,,
api-symbol-4ccf8285,api,2,symbol,PedidoDePalavraProibida,,apps/api/src/domain/management/palavras-proibidas.ts:120,2,no,,,candidate,,
api-symbol-27bc787f,api,2,symbol,PedidoDePerfil,,apps/api/src/domain/whatsapp/perfil.ts:43,8,no,,,candidate,,
api-symbol-4f21502d,api,2,symbol,PedidoDeRegraSla,,apps/api/src/domain/management/regras-sla.ts:23,10,no,,,candidate,,
api-symbol-13177cc7,api,2,symbol,PedidoDeRespostaPronta,,apps/api/src/domain/management/communication.ts:180,3,no,,,candidate,,
api-symbol-55d90deb,api,2,symbol,PedidoDeSaida,,apps/api/src/domain/mtls.ts:146,6,no,,,candidate,,
api-symbol-c84cc938,api,2,symbol,PedidoDeStatus,,apps/api/src/domain/status-agent.ts:20,2,no,,,candidate,,
api-symbol-ec551bdc,api,2,symbol,PedidoDeTransferencia,,apps/api/src/domain/conversation.ts:267,2,no,,,candidate,,
api-symbol-b7cccb56,api,2,symbol,PedidoDeUpload,,apps/api/src/domain/attachment.ts:55,2,no,,,candidate,,
api-symbol-ad94987a,api,2,symbol,PedidoDeWebhook,,apps/api/src/domain/management/integrations.ts:545,5,no,,,candidate,,
api-symbol-580ed9de,api,2,symbol,pedidoDuplicado,,apps/api/tests/channels.test.ts:498,1,no,,,candidate,,
api-symbol-016894e3,api,2,symbol,pedirComAgente,,apps/api/src/domain/mtls.ts:191,3,no,,,candidate,,
api-symbol-4b4989f1,api,2,symbol,percentual,,apps/api/src/domain/management/format.ts:37,69,no,,,candidate,,
api-symbol-c7d09f4e,api,2,symbol,perfil,,apps/api/src/controllers/channels.ts:156,76,no,,,candidate,,
api-symbol-fe4d0032,api,2,symbol,perfil,,apps/api/src/domain/whatsapp/perfil.ts:175,76,no,,,candidate,,
api-symbol-4c364145,api,2,symbol,perfil,,apps/api/src/domain/whatsapp/perfil.ts:93,76,no,,,candidate,,
api-symbol-af2df522,api,2,symbol,PerfilDoNumero,,apps/api/src/domain/whatsapp/cliente-graph.ts:36,9,no,,,candidate,,
api-symbol-001b16e3,api,2,symbol,PerfilParaGravar,,apps/api/src/domain/whatsapp/cliente-graph.ts:46,7,no,,,candidate,,
api-symbol-32047208,api,2,symbol,PerfilVisivel,,apps/api/src/domain/whatsapp/perfil.ts:26,18,no,,,candidate,,
api-symbol-4aa68aa2,api,2,symbol,periodo,,apps/api/src/controllers/management-analytics.ts:150,58,no,,,candidate,,
api-symbol-b5eadcaf,api,2,symbol,permissoes,,apps/api/src/controllers/management-account.ts:143,53,no,,,candidate,,
api-symbol-472bc14e,api,2,symbol,permissoes,,apps/api/src/controllers/management-account.ts:175,53,no,,,candidate,,
api-symbol-c58f5676,api,2,symbol,permissoes,,apps/api/src/controllers/management-account.ts:190,53,no,,,candidate,,
api-symbol-cb17f56c,api,2,symbol,permissoes,,apps/api/src/controllers/management-account.ts:206,53,no,,,candidate,,
api-symbol-771985f6,api,2,symbol,permissoes,,apps/api/src/controllers/management-account.ts:225,53,no,,,candidate,,
api-symbol-fd9b1de3,api,2,symbol,permissoes,,apps/api/src/controllers/management-account.ts:90,53,no,,,candidate,,
api-symbol-0d2776ad,api,2,symbol,permissoes,,apps/api/src/domain/management/team-of-flow.ts:397,53,no,,,candidate,,
api-symbol-a86d0361,api,2,symbol,permitido,,apps/api/src/authentication.ts:167,53,no,,,candidate,,
api-symbol-7240d145,api,2,symbol,permitido,,apps/api/src/controllers/channels-instagram.ts:56,53,no,,,candidate,,
api-symbol-02bb5b3d,api,2,symbol,permitido,,apps/api/src/controllers/channels-messenger.ts:10,53,no,,,candidate,,
api-symbol-a45a8522,api,2,symbol,permitido,,apps/api/src/controllers/channels.ts:253,53,no,,,candidate,,
api-symbol-446bed7b,api,2,symbol,permitido,,apps/api/src/controllers/convites.ts:141,53,no,,,candidate,,
api-symbol-d9c0c2e2,api,2,symbol,permitido,,apps/api/src/controllers/imports.ts:74,53,no,,,candidate,,
api-symbol-8d7afebd,api,2,symbol,permitido,,apps/api/src/controllers/sso.ts:263,53,no,,,candidate,,
api-symbol-da2656b5,api,2,symbol,permitido,,apps/api/src/domain/whatsapp/validation-of-configuration-manual.ts:109,53,no,,,candidate,,
api-symbol-9f3db6b1,api,2,symbol,permitidoConectar,,apps/api/src/controllers/connection-in-flow.ts:27,9,no,,,candidate,,
api-symbol-c9c89d10,api,2,symbol,permitidoReconectar,,apps/api/src/controllers/connection-in-flow.ts:41,3,no,,,candidate,,
api-symbol-475bf182,api,2,symbol,persistente,,apps/api/src/domain/management/services-of-router.ts:124,53,no,,,candidate,,
api-symbol-e6393050,api,2,symbol,persistente,,apps/api/tests/router.test.ts:226,53,no,,,candidate,,
api-symbol-a2abb77f,api,2,symbol,persistente,,apps/api/tests/router.test.ts:275,53,no,,,candidate,,
api-symbol-81daae03,api,2,symbol,PesquisaConfigurada,,apps/api/src/domain/management/settings.ts:243,4,no,,,candidate,,
api-symbol-0a8c29da,api,2,symbol,PesquisaParaGravar,,apps/api/src/domain/management/settings.ts:391,3,no,,,candidate,,
api-symbol-cf10a686,api,2,symbol,pessoaCom,,apps/api/tests/builder-by-flow.test.ts:53,84,no,,,candidate,,
api-symbol-680a7c40,api,2,symbol,pessoaCom,,apps/api/tests/builder-test-run.test.ts:40,84,no,,,candidate,,
api-symbol-018e2a8c,api,2,symbol,pessoaCom,,apps/api/tests/channel-of-flow.test.ts:45,84,no,,,candidate,,
api-symbol-1c2f76de,api,2,symbol,pessoaCom,,apps/api/tests/configuration-of-flow.test.ts:33,84,no,,,candidate,,
api-symbol-6417a460,api,2,symbol,pessoaCom,,apps/api/tests/contacts-editar.test.ts:31,84,no,,,candidate,,
api-symbol-f020fcfb,api,2,symbol,pessoaCom,,apps/api/tests/cycle-of-lifetime-of-flow.test.ts:46,84,no,,,candidate,,
api-symbol-80aaa378,api,2,symbol,pessoaCom,,apps/api/tests/email.test.ts:56,84,no,,,candidate,,
api-symbol-d7da932c,api,2,symbol,pessoaCom,,apps/api/tests/etiquetas.test.ts:35,84,no,,,candidate,,
api-symbol-8ea5c7e2,api,2,symbol,pessoaCom,,apps/api/tests/flow-resources.test.ts:36,84,no,,,candidate,,
api-symbol-20821aeb,api,2,symbol,pessoaCom,,apps/api/tests/flow-secrets.test.ts:46,84,no,,,candidate,,
api-symbol-1be77134,api,2,symbol,pessoaCom,,apps/api/tests/flow-short-name.test.ts:41,84,no,,,candidate,,
api-symbol-1c69e1bb,api,2,symbol,pessoaCom,,apps/api/tests/integrations.test.ts:37,84,no,,,candidate,,
api-symbol-d88f3698,api,2,symbol,pessoaCom,,apps/api/tests/key-of-flow.test.ts:41,84,no,,,candidate,,
api-symbol-5525a6ba,api,2,symbol,pessoaCom,,apps/api/tests/palavras-proibidas.test.ts:44,84,no,,,candidate,,
api-symbol-13bb223a,api,2,symbol,pessoaCom,,apps/api/tests/permissions-of-agent.test.ts:59,84,no,,,candidate,,
api-symbol-153bbd6d,api,2,symbol,pessoaCom,,apps/api/tests/registrations-attendance.test.ts:38,84,no,,,candidate,,
api-symbol-40a58dff,api,2,symbol,pessoaCom,,apps/api/tests/router.test.ts:36,84,no,,,candidate,,
api-symbol-11529257,api,2,symbol,pessoaCom,,apps/api/tests/satisfaction-survey.test.ts:36,84,no,,,candidate,,
api-symbol-66bea180,api,2,symbol,pessoaCom,,apps/api/tests/team-of-flow.test.ts:45,84,no,,,candidate,,
api-symbol-1188106f,api,2,symbol,plano,,apps/api/src/provision.ts:93,654,no,,,candidate,,
api-symbol-039d79d6,api,2,symbol,politica,,apps/api/src/domain/sso.ts:176,22,no,,,candidate,,
api-symbol-35ba91a2,api,2,symbol,POLITICAS,,apps/api/src/domain/sso.ts:18,2,no,,,candidate,,
api-symbol-6eba0403,api,2,symbol,PoliticaSso,,apps/api/src/domain/sso.ts:22,4,no,,,candidate,,
api-symbol-77a7f028,api,2,symbol,porCanal,,apps/api/tests/desk-commands.test.ts:120,1,no,,,candidate,,
api-symbol-6a12d73e,api,2,symbol,porId,,apps/api/tests/flow-short-name.test.ts:208,3,no,,,candidate,,
api-symbol-04530d3d,api,2,symbol,porId,,apps/api/tests/flow-short-name.test.ts:245,3,no,,,candidate,,
api-symbol-4a4d0f05,api,2,symbol,porShortName,,apps/api/tests/flow-short-name.test.ts:211,2,no,,,candidate,,
api-symbol-c8c20c17,api,2,symbol,porShortName,,apps/api/tests/flow-short-name.test.ts:246,2,no,,,candidate,,
api-symbol-2bff5658,api,2,symbol,posicoes,,apps/api/tests/jsonb-compat.test.ts:105,3,no,,,candidate,,
api-symbol-8c07e74d,api,2,symbol,prazoInvalido,,apps/api/tests/registrations-attendance.test.ts:743,1,no,,,candidate,,
api-symbol-6f69b3b0,api,2,symbol,preparo,,apps/api/src/controllers/crm.ts:63,5,no,,,candidate,,
api-symbol-74bcb7a8,api,2,symbol,preparo,,apps/api/src/domain/message-active.ts:121,5,no,,,candidate,,
api-symbol-9e253b9f,api,2,symbol,preparo,,apps/api/src/domain/mirror-crm.ts:26,5,no,,,candidate,,
api-symbol-0f568739,api,2,symbol,primeira,,apps/api/tests/builder-test-run.test.ts:284,212,no,,,candidate,,
api-symbol-7d20ba18,api,2,symbol,primeira,,apps/api/tests/channels.test.ts:653,212,no,,,candidate,,
api-symbol-1753577f,api,2,symbol,primeira,,apps/api/tests/desk-actions.test.ts:401,212,no,,,candidate,,
api-symbol-3f4cf5a3,api,2,symbol,primeira,,apps/api/tests/input-expiration.test.ts:297,212,no,,,candidate,,
api-symbol-75a3c919,api,2,symbol,primeira,,apps/api/tests/subflows.test.ts:193,212,no,,,candidate,,
api-symbol-a29b20b0,api,2,symbol,primeira,,apps/api/tests/subflows.test.ts:239,212,no,,,candidate,,
api-symbol-a1134a9d,api,2,symbol,primeiro,,apps/api/src/domain/management/pfx.ts:57,183,no,,,candidate,,
api-symbol-daef204f,api,2,symbol,primeiro,,apps/api/tests/channels.test.ts:506,183,no,,,candidate,,
api-symbol-5fe9edf3,api,2,symbol,processarRegra,,apps/api/src/domain/management/sla-motor.ts:116,3,no,,,candidate,,
api-symbol-eaeafac6,api,2,symbol,processHttpEmMemoria,,apps/api/src/queues.ts:52,1,no,,,candidate,,
api-symbol-cd076bff,api,2,symbol,processoDoContato,,apps/api/tests/process-http-retomada.test.ts:123,9,no,,,candidate,,
api-symbol-ab9caf74,api,2,symbol,pronto,,apps/api/src/eventos-ws.ts:113,51,no,,,candidate,,
api-symbol-f157786e,api,2,symbol,proprio,,apps/api/src/domain/management/pfx.ts:416,6,no,,,candidate,,
api-symbol-d8ed837f,api,2,symbol,PROPS_CAMPO,,apps/api/src/domain/dictionary-crm.ts:43,1,no,,,candidate,,
api-symbol-7ed4bc26,api,2,symbol,provedor,,apps/api/src/domain/sso.ts:90,105,no,,,candidate,,
api-symbol-c9fd9e52,api,2,symbol,PROVEDORES,,apps/api/src/domain/sso.ts:19,1,no,,,candidate,,
api-symbol-14fde2bd,api,2,symbol,publicada,,apps/api/src/domain/management/builder-of-flow.ts:544,98,no,,,candidate,,
api-symbol-22afc514,api,2,symbol,publicada,,apps/api/src/domain/management/builder-of-flow.ts:560,98,no,,,candidate,,
api-symbol-15419691,api,2,symbol,publico,,apps/api/src/domain/builder-of-account.ts:51,4,no,,,candidate,,
api-symbol-290a91ec,api,2,symbol,qualquer,,apps/api/src/authentication.ts:154,306,no,,,candidate,,
api-symbol-df8d9ec9,api,2,symbol,qualquer,,apps/api/src/session.ts:113,306,no,,,candidate,,
api-symbol-86d040af,api,2,symbol,quando,,apps/api/src/domain/sso.ts:223,543,no,,,candidate,,
api-symbol-7e18249c,api,2,symbol,Quem,,apps/api/tests/instagram.test.ts:38,97,no,,,candidate,,
api-symbol-1e29040c,api,2,symbol,recados,,apps/api/src/controllers/management-flow.ts:163,21,no,,,candidate,,
api-symbol-3e210622,api,2,symbol,RECADOS,,apps/api/tests/builder-by-flow.test.ts:42,20,no,,,candidate,,
api-symbol-0bfbc8ec,api,2,symbol,RECADOS,,apps/api/tests/cycle-of-lifetime-of-flow.test.ts:38,20,no,,,candidate,,
api-symbol-c67ba689,api,2,symbol,RECADOS,,apps/api/tests/flow-short-name.test.ts:34,20,no,,,candidate,,
api-symbol-5426f1f5,api,2,symbol,RecadosDoNome,,apps/api/src/domain/management/regras-de-nome.ts:77,8,no,,,candidate,,
api-symbol-9f690236,api,2,symbol,receber,,apps/api/src/controllers/webhooks-instagram.ts:32,37,no,,,candidate,,
api-symbol-5bdc68ae,api,2,symbol,receber,,apps/api/src/controllers/webhooks-messenger.ts:5,37,no,,,candidate,,
api-symbol-b66cd564,api,2,symbol,receber,,apps/api/src/controllers/webhooks-whatsapp.ts:36,37,no,,,candidate,,
api-symbol-d01b2887,api,2,symbol,recusada,,apps/api/tests/key-of-flow.test.ts:204,18,no,,,candidate,,
api-symbol-4e3e95d8,api,2,symbol,recusada,,apps/api/tests/palavras-proibidas.test.ts:381,18,no,,,candidate,,
api-symbol-1facfc13,api,2,symbol,recusadaFrase,,apps/api/tests/palavras-proibidas.test.ts:392,1,no,,,candidate,,
api-symbol-fb93c318,api,2,symbol,recusas,,apps/api/tests/desk-actions.test.ts:349,12,no,,,candidate,,
api-symbol-1192b92a,api,2,symbol,recusas,,apps/api/tests/instagram.test.ts:120,12,no,,,candidate,,
api-symbol-cc4b34d3,api,2,symbol,registrarEvento,,apps/api/src/domain/eventos.ts:8,32,no,,,candidate,,
api-symbol-532d8e60,api,2,symbol,regra,,apps/api/src/domain/management/sla.ts:92,562,no,,,candidate,,
api-symbol-4d3128f5,api,2,symbol,regra,,apps/api/src/domain/whatsapp/modelos.ts:271,562,no,,,candidate,,
api-symbol-b8c1387a,api,2,symbol,regra,,apps/api/tests/priority.test.ts:24,562,no,,,candidate,,
api-symbol-69ddabba,api,2,symbol,RegraDeMotor,,apps/api/tests/priority.test.ts:18,4,no,,,candidate,,
api-symbol-cec545e4,api,2,symbol,regras,,apps/api/src/domain/management/monitoring.ts:442,387,no,,,candidate,,
api-symbol-e16f1585,api,2,symbol,regras,,apps/api/src/domain/management/rules-priority.ts:153,387,no,,,candidate,,
api-symbol-b1c57345,api,2,symbol,regras,,apps/api/src/domain/management/settings.ts:92,387,no,,,candidate,,
api-symbol-ef512dcb,api,2,symbol,regras,,apps/api/src/domain/management/sla-motor.ts:270,387,no,,,candidate,,
api-symbol-21e7c422,api,2,symbol,regrasDeSla,,apps/api/src/controllers/management-registrations.ts:128,1,no,,,candidate,,
api-symbol-076b23b9,api,2,symbol,RegraSlaCarregada,,apps/api/src/domain/management/sla.ts:10,22,no,,,candidate,,
api-symbol-98cfa33d,api,2,symbol,RegraSlaConfigurada,,apps/api/src/domain/management/settings.ts:40,12,no,,,candidate,,
api-symbol-398d0ef4,api,2,symbol,RegraSlaGravada,,apps/api/src/domain/management/regras-sla.ts:43,4,no,,,candidate,,
api-symbol-063e48d1,api,2,symbol,regraSlaViva,,apps/api/src/domain/management/regras-sla.ts:122,3,no,,,candidate,,
api-symbol-4d9dd1f7,api,2,symbol,removidosCampo,,apps/api/src/domain/dictionary-crm.ts:316,1,no,,,candidate,,
api-symbol-bcf7b5cf,api,2,symbol,removidosObj,,apps/api/src/domain/dictionary-crm.ts:309,1,no,,,candidate,,
api-symbol-ebf89c4a,api,2,symbol,renovadoEm,,apps/api/src/domain/instagram/renewal.ts:19,3,no,,,candidate,,
api-symbol-9166a0dc,api,2,symbol,repetida,,apps/api/tests/registrations-attendance.test.ts:1133,17,no,,,candidate,,
api-symbol-b17ca597,api,2,symbol,repetida,,apps/api/tests/registrations-attendance.test.ts:180,17,no,,,candidate,,
api-symbol-8c0dbb6c,api,2,symbol,repetida,,apps/api/tests/registrations-attendance.test.ts:538,17,no,,,candidate,,
api-symbol-0d07fee5,api,2,symbol,repetida,,apps/api/tests/registrations-attendance.test.ts:753,17,no,,,candidate,,
api-symbol-b6a0404d,api,2,symbol,repetida,,apps/api/tests/team-of-flow.test.ts:241,17,no,,,candidate,,
api-symbol-aa5b87b9,api,2,symbol,repetido,,apps/api/tests/channel-of-flow.test.ts:488,33,no,,,candidate,,
api-symbol-c948caf6,api,2,symbol,repetido,,apps/api/tests/convites.test.ts:309,33,no,,,candidate,,
api-symbol-b3cb0891,api,2,symbol,repetido,,apps/api/tests/cycle-of-lifetime-of-flow.test.ts:245,33,no,,,candidate,,
api-symbol-b9557f98,api,2,symbol,repetido,,apps/api/tests/integrations.test.ts:640,33,no,,,candidate,,
api-symbol-3955ebc3,api,2,symbol,repetido,,apps/api/tests/palavras-proibidas.test.ts:245,33,no,,,candidate,,
api-symbol-631094c2,api,2,symbol,repetido,,apps/api/tests/palavras-proibidas.test.ts:302,33,no,,,candidate,,
api-symbol-1bd5d6d5,api,2,symbol,repetido,,apps/api/tests/registrations-attendance.test.ts:455,33,no,,,candidate,,
api-symbol-effc8f17,api,2,symbol,repetido,,apps/api/tests/registrations-attendance.test.ts:650,33,no,,,candidate,,
api-symbol-6148640e,api,2,symbol,reservado,,apps/api/tests/integrations.test.ts:632,51,no,,,candidate,,
api-symbol-84b5120f,api,2,symbol,respeitaLimiteDeTaxa,,apps/api/src/domain/management/builder-test-run.ts:109,4,no,,,candidate,,
api-symbol-9d3fee09,api,2,symbol,respeitaLimiteDeTaxa,,apps/api/src/domain/rastreador-de-cliques.ts:159,4,no,,,candidate,,
api-symbol-bb479e66,api,2,symbol,respostaContato,,apps/api/tests/jsonb-compat.test.ts:391,1,no,,,candidate,,
api-symbol-7f119381,api,2,symbol,RespostaDaJornada,,apps/api/src/controllers/management-analytics.ts:86,4,no,,,candidate,,
api-symbol-09af6e40,api,2,symbol,RespostaDaVisaoGeral,,apps/api/src/controllers/management-analytics.ts:80,4,no,,,candidate,,
api-symbol-bac0ac96,api,2,symbol,RespostaDeSaida,,apps/api/src/domain/mtls.ts:182,4,no,,,candidate,,
api-symbol-a42dd2b9,api,2,symbol,respostaProntaId,,apps/api/tests/envio-session.test.ts:304,12,no,,,candidate,,
api-symbol-bf138742,api,2,symbol,RespostaProntaListada,,apps/api/src/domain/management/communication.ts:72,10,no,,,candidate,,
api-symbol-934ca62b,api,2,symbol,respostaProntaViva,,apps/api/src/domain/management/communication.ts:246,3,no,,,candidate,,
api-symbol-5c8f3090,api,2,symbol,respostasProntas,,apps/api/src/controllers/management-registrations.ts:114,1,no,,,candidate,,
api-symbol-ee7e5f34,api,2,symbol,resto,,apps/api/tests/ajuda-pfx.ts:49,123,no,,,candidate,,
api-symbol-fd22b4bc,api,2,symbol,resto,,apps/api/tests/ajuda-pfx.ts:63,123,no,,,candidate,,
api-symbol-09780096,api,2,symbol,resultado,,apps/api/src/controllers/management-flow.ts:258,426,no,,,candidate,,
api-symbol-798ac613,api,2,symbol,resultado,,apps/api/src/controllers/management-flow.ts:275,426,no,,,candidate,,
api-symbol-83d2978f,api,2,symbol,resultado,,apps/api/src/controllers/management-operations.ts:187,426,no,,,candidate,,
api-symbol-4ae30790,api,2,symbol,resultado,,apps/api/src/controllers/management-operations.ts:211,426,no,,,candidate,,
api-symbol-8a3eaa7b,api,2,symbol,resultado,,apps/api/src/domain/conversation.ts:166,426,no,,,candidate,,
api-symbol-5222df23,api,2,symbol,resultado,,apps/api/src/domain/conversation.ts:213,426,no,,,candidate,,
api-symbol-cd219752,api,2,symbol,resultado,,apps/api/src/domain/conversation.ts:301,426,no,,,candidate,,
api-symbol-938777c1,api,2,symbol,resultado,,apps/api/src/domain/envio.ts:89,426,no,,,candidate,,
api-symbol-a1d7b14d,api,2,symbol,resultado,,apps/api/src/domain/etiquetas.ts:124,426,no,,,candidate,,
api-symbol-b53670ed,api,2,symbol,resultado,,apps/api/src/domain/etiquetas.ts:160,426,no,,,candidate,,
api-symbol-3c952677,api,2,symbol,Resultado,,apps/api/src/domain/management/actions/campos.ts:27,273,no,,,candidate,,
api-symbol-5b9eaf25,api,2,symbol,resultado,,apps/api/src/domain/management/sla-motor.ts:159,426,no,,,candidate,,
api-symbol-3a8b227b,api,2,symbol,resultado,,apps/api/src/domain/whatsapp/configuration-manual.ts:65,426,no,,,candidate,,
api-symbol-073a8c56,api,2,symbol,resultado,,apps/api/src/domain/whatsapp/configuration-manual.ts:93,426,no,,,candidate,,
api-symbol-97a13582,api,2,symbol,resultado,,apps/api/src/domain/whatsapp/modelos.ts:161,426,no,,,candidate,,
api-symbol-63d9f15b,api,2,symbol,resultado,,apps/api/src/import-flow.ts:51,426,no,,,candidate,,
api-symbol-fdc7b1d9,api,2,symbol,resultado,,apps/api/tests/channels.test.ts:364,426,no,,,candidate,,
api-symbol-db4a3bd3,api,2,symbol,resultado,,apps/api/tests/channels.test.ts:898,426,no,,,candidate,,
api-symbol-50e6a0cb,api,2,symbol,resultado,,apps/api/tests/contract.test.ts:259,426,no,,,candidate,,
api-symbol-1f42f320,api,2,symbol,resultado,,apps/api/tests/contract.test.ts:277,426,no,,,candidate,,
api-symbol-7cecd3fd,api,2,symbol,resultado,,apps/api/tests/contract.test.ts:289,426,no,,,candidate,,
api-symbol-b4c46317,api,2,symbol,resultado,,apps/api/tests/contract.test.ts:306,426,no,,,candidate,,
api-symbol-fea14a8d,api,2,symbol,resultado,,apps/api/tests/contract.test.ts:393,426,no,,,candidate,,
api-symbol-fb42720a,api,2,symbol,resultado,,apps/api/tests/contract.test.ts:465,426,no,,,candidate,,
api-symbol-f53a5a48,api,2,symbol,resultado,,apps/api/tests/contract.test.ts:530,426,no,,,candidate,,
api-symbol-0877f285,api,2,symbol,resultado,,apps/api/tests/convites.test.ts:497,426,no,,,candidate,,
api-symbol-aa5b9f92,api,2,symbol,Resultado,,apps/api/tests/desk-availability.test.ts:119,273,no,,,candidate,,
api-symbol-71d36a9f,api,2,symbol,resultado,,apps/api/tests/flow-actions.test.ts:134,426,no,,,candidate,,
api-symbol-052bd74f,api,2,symbol,resultado,,apps/api/tests/import.test.ts:242,426,no,,,candidate,,
api-symbol-a32d4158,api,2,symbol,resultado,,apps/api/tests/jsonb-compat.test.ts:235,426,no,,,candidate,,
api-symbol-ecd964f8,api,2,symbol,resultado,,apps/api/tests/jsonb-compat.test.ts:248,426,no,,,candidate,,
api-symbol-d385d8bf,api,2,symbol,resultado,,apps/api/tests/media-received.test.ts:175,426,no,,,candidate,,
api-symbol-d3d66800,api,2,symbol,resultado,,apps/api/tests/media-received.test.ts:206,426,no,,,candidate,,
api-symbol-fe69e714,api,2,symbol,resultado,,apps/api/tests/media-received.test.ts:232,426,no,,,candidate,,
api-symbol-d58d4886,api,2,symbol,resultado,,apps/api/tests/media-received.test.ts:257,426,no,,,candidate,,
api-symbol-709753f6,api,2,symbol,resultado,,apps/api/tests/media-received.test.ts:280,426,no,,,candidate,,
api-symbol-35162a15,api,2,symbol,resultado,,apps/api/tests/media-received.test.ts:300,426,no,,,candidate,,
api-symbol-85dae2e9,api,2,symbol,resultado,,apps/api/tests/media-received.test.ts:352,426,no,,,candidate,,
api-symbol-1f36701b,api,2,symbol,resultadoDe,,apps/api/tests/desk-availability.test.ts:121,7,no,,,candidate,,
api-symbol-f9b6277a,api,2,symbol,ResultadoDoMotor,,apps/api/tests/jsonb-compat.test.ts:176,2,no,,,candidate,,
api-symbol-f0024efb,api,2,symbol,ResultadoDoWebhook,,apps/api/src/domain/whatsapp/configuration-of-webhook.ts:34,2,no,,,candidate,,
api-symbol-33cd387b,api,2,symbol,ResultadoDownload,,apps/api/src/domain/media.ts:62,4,no,,,candidate,,
api-symbol-07c63293,api,2,symbol,ResultadoSimples,,apps/api/src/controllers/management-account.ts:66,21,no,,,candidate,,
api-symbol-92fe95b3,api,2,symbol,resumeCallOfProcessHttp,,apps/api/src/domain/flow.ts:749,7,no,,,candidate,,
api-symbol-812cd9fd,api,2,symbol,resumo,,apps/api/src/controllers/management-account.ts:76,147,no,,,candidate,,
api-symbol-4ba2dc38,api,2,symbol,resumo,,apps/api/src/domain/inbound.ts:123,147,no,,,candidate,,
api-symbol-7c9f9d2b,api,2,symbol,resumo,,apps/api/src/domain/instagram/renewal.ts:65,147,no,,,candidate,,
api-symbol-34a864f7,api,2,symbol,resumo,,apps/api/tests/monitoring-summary.test.ts:8,147,no,,,candidate,,
api-symbol-f7fa7ffc,api,2,symbol,ResumoEtiqueta,,apps/api/src/domain/management/monitoring.ts:138,5,no,,,candidate,,
api-symbol-4f9b5546,api,2,symbol,revogada,,apps/api/tests/key-of-flow.test.ts:243,6,no,,,candidate,,
api-symbol-2a1c5527,api,2,symbol,rodando,,apps/api/src/queues.ts:113,35,no,,,candidate,,
api-symbol-a98fd9e1,api,2,symbol,rodando,,apps/api/src/queues.ts:274,35,no,,,candidate,,
api-symbol-28b1b5f1,api,2,symbol,rodando,,apps/api/src/queues.ts:351,35,no,,,candidate,,
api-symbol-bd5e69f2,api,2,symbol,roteador,,apps/api/src/domain/flow.ts:243,433,no,,,candidate,,
api-symbol-f2b7251c,api,2,symbol,roteador,,apps/api/tests/router.test.ts:183,433,no,,,candidate,,
api-symbol-f201921a,api,2,symbol,roteador,,apps/api/tests/router.test.ts:247,433,no,,,candidate,,
api-symbol-c1ff7e24,api,2,symbol,roteador,,apps/api/tests/router.test.ts:257,433,no,,,candidate,,
api-symbol-b3b7c51c,api,2,symbol,roteador,,apps/api/tests/router.test.ts:309,433,no,,,candidate,,
api-symbol-c65368aa,api,2,symbol,ROTULO_CABECALHO,,apps/api/src/domain/management/communication.ts:49,6,no,,,candidate,,
api-symbol-1c40e6dd,api,2,symbol,ROTULO_CATEGORIA_TEMPLATE,,apps/api/src/domain/management/communication.ts:33,4,no,,,candidate,,
api-symbol-48c970b2,api,2,symbol,ROTULO_CATEGORIA,,apps/api/src/domain/whatsapp/events-of-template.ts:30,7,no,,,candidate,,
api-symbol-fcf78be8,api,2,symbol,ROTULO_TIPO_PESQUISA,,apps/api/src/domain/management/pesquisa.ts:20,4,no,,,candidate,,
api-symbol-f57df447,api,2,symbol,rotuloDaCor,,apps/api/src/domain/management/colors-of-queue.ts:24,2,no,,,candidate,,
api-symbol-231cc27e,api,2,symbol,saida,,apps/api/src/domain/channels.ts:60,345,no,,,candidate,,
api-symbol-fa638855,api,2,symbol,saida,,apps/api/src/domain/desk/consultas.ts:576,345,no,,,candidate,,
api-symbol-efc6ba49,api,2,symbol,saida,,apps/api/src/domain/flow.ts:373,345,no,,,candidate,,
api-symbol-29107e8c,api,2,symbol,saida,,apps/api/src/domain/flow.ts:955,345,no,,,candidate,,
api-symbol-dc70a790,api,2,symbol,saida,,apps/api/src/domain/instagram/cliente-graph.ts:58,345,no,,,candidate,,
api-symbol-5675b54c,api,2,symbol,saida,,apps/api/src/domain/management/builder-of-flow.ts:244,345,no,,,candidate,,
api-symbol-9607183f,api,2,symbol,saida,,apps/api/src/domain/management/builder-of-flow.ts:282,345,no,,,candidate,,
api-symbol-fc4f2eec,api,2,symbol,saida,,apps/api/src/domain/management/builder-of-flow.ts:334,345,no,,,candidate,,
api-symbol-24dcba3d,api,2,symbol,saida,,apps/api/src/domain/management/builder-test-run.ts:197,345,no,,,candidate,,
api-symbol-aa6cf9a1,api,2,symbol,saida,,apps/api/src/domain/management/pfx.ts:186,345,no,,,candidate,,
api-symbol-0b86c31f,api,2,symbol,saida,,apps/api/src/domain/management/pfx.ts:312,345,no,,,candidate,,
api-symbol-74149149,api,2,symbol,saida,,apps/api/src/domain/whatsapp/cliente-graph.ts:150,345,no,,,candidate,,
api-symbol-24b42ca3,api,2,symbol,saida,,apps/api/src/domain/whatsapp/perfil.ts:103,345,no,,,candidate,,
api-symbol-7e9b3241,api,2,symbol,saida,,apps/api/tests/script-sandbox.test.ts:234,345,no,,,candidate,,
api-symbol-ad29b619,api,2,symbol,saida,,apps/api/tests/script-sandbox.test.ts:249,345,no,,,candidate,,
api-symbol-633f305e,api,2,symbol,saida,,apps/api/tests/script-sandbox.test.ts:365,345,no,,,candidate,,
api-symbol-7c577968,api,2,symbol,saida,,apps/api/tests/script-sandbox.test.ts:388,345,no,,,candidate,,
api-symbol-96a461c2,api,2,symbol,salva,,apps/api/tests/integrations.test.ts:298,35,no,,,candidate,,
api-symbol-e5f1f4c7,api,2,symbol,salvarBoasVindas,,apps/api/src/domain/management/configuration-of-flow.ts:82,7,no,,,candidate,,
api-symbol-96275a6f,api,2,symbol,salvarBoasVindasRota,,apps/api/src/controllers/management-flow.ts:347,1,no,,,candidate,,
api-symbol-19e29825,api,2,symbol,salvarFaixa,,apps/api/src/domain/management/actions/regras.ts:91,7,no,,,candidate,,
api-symbol-88a9ba39,api,2,symbol,salvarFaixaInterna,,apps/api/src/domain/management/actions/regras.ts:100,3,no,,,candidate,,
api-symbol-b77b09fd,api,2,symbol,salvarHorario,,apps/api/src/domain/management/actions/regras.ts:47,6,no,,,candidate,,
api-symbol-4c3ae68e,api,2,symbol,salvarHorarioInterno,,apps/api/src/domain/management/actions/regras.ts:56,2,no,,,candidate,,
api-symbol-a850f79a,api,2,symbol,salvarMenuPersistente,,apps/api/src/domain/management/configuration-of-flow.ts:180,6,no,,,candidate,,
api-symbol-0bd441ad,api,2,symbol,salvarMenuPersistenteRota,,apps/api/src/controllers/management-flow.ts:377,1,no,,,candidate,,
api-symbol-435006bb,api,2,symbol,salvarMotivoPausa,,apps/api/src/domain/management/actions/agents.ts:51,7,no,,,candidate,,
api-symbol-77b3c89c,api,2,symbol,salvarNotaInterna,,apps/api/src/domain/desk/actions.ts:104,11,no,,,candidate,,
api-symbol-da513564,api,2,symbol,salvarPesquisa,,apps/api/src/domain/management/actions/settings.ts:74,6,no,,,candidate,,
api-symbol-4da46a1d,api,2,symbol,salvarRespostaPronta,,apps/api/src/domain/management/actions/communication.ts:40,10,no,,,candidate,,
api-symbol-67121b43,api,2,symbol,segredo,,apps/api/src/controllers/webhooks-whatsapp.ts:46,106,no,,,candidate,,
api-symbol-a94af21e,api,2,symbol,segredo,,apps/api/src/domain/management/integrations.ts:565,106,no,,,candidate,,
api-symbol-413295ab,api,2,symbol,segredo,,apps/api/src/domain/management/integrations.ts:930,106,no,,,candidate,,
api-symbol-dde7db0f,api,2,symbol,segredo,,apps/api/tests/builder-test-run.test.ts:363,106,no,,,candidate,,
api-symbol-3f11a443,api,2,symbol,SEM_CRM,,apps/api/src/domain/dictionary-crm.ts:15,5,no,,,candidate,,
api-symbol-55e294cc,api,2,symbol,SEM_REGRA,,apps/api/src/domain/management/sla.ts:73,6,no,,,candidate,,
api-symbol-6720e6f4,api,2,symbol,semAlgo,,apps/api/tests/dictionary-crm.test.ts:60,3,no,,,candidate,,
api-symbol-cd73fd03,api,2,symbol,semAssinatura,,apps/api/tests/attachments.test.ts:165,2,no,,,candidate,,
api-symbol-edf68b7a,api,2,symbol,semBotao,,apps/api/tests/configuration-of-flow.test.ts:161,1,no,,,candidate,,
api-symbol-dd33c6e7,api,2,symbol,semConversa,,apps/api/tests/desk-actions.test.ts:485,5,no,,,candidate,,
api-symbol-31f063cb,api,2,symbol,semConversa,,apps/api/tests/scheduling-commands.test.ts:173,5,no,,,candidate,,
api-symbol-99b448fc,api,2,symbol,semDado,,apps/api/tests/analytics.test.ts:169,6,no,,,candidate,,
api-symbol-d8f8c672,api,2,symbol,semDado,,apps/api/tests/analytics.test.ts:234,6,no,,,candidate,,
api-symbol-a8534180,api,2,symbol,semeado,,apps/api/src/provision.ts:117,3,no,,,candidate,,
api-symbol-ae274aba,api,2,symbol,semeado,,apps/api/tests/contract.test.ts:41,3,no,,,candidate,,
api-symbol-4f891faa,api,2,symbol,semEscopo,,apps/api/tests/etiquetas.test.ts:399,2,no,,,candidate,,
api-symbol-3dcf3c13,api,2,symbol,semEtiqueta,,apps/api/tests/monitoring-conversations.test.ts:170,5,no,,,candidate,,
api-symbol-c080e019,api,2,symbol,semEventos,,apps/api/tests/integrations.test.ts:346,1,no,,,candidate,,
api-symbol-38a1baad,api,2,symbol,semFila,,apps/api/tests/registrations-attendance.test.ts:640,1,no,,,candidate,,
api-symbol-0704b7c0,api,2,symbol,semFoto,,apps/api/tests/cycle-of-lifetime-of-flow.test.ts:288,2,no,,,candidate,,
api-symbol-2960eb0b,api,2,symbol,semHorario,,apps/api/tests/registrations-attendance.test.ts:186,1,no,,,candidate,,
api-symbol-91c5ec91,api,2,symbol,semHostRestante,,apps/api/src/domain/management/certificados.ts:311,3,no,,,candidate,,
api-symbol-7ac76558,api,2,symbol,semId,,apps/api/tests/etiquetas.test.ts:241,2,no,,,candidate,,
api-symbol-59a554f0,api,2,symbol,semIds,,apps/api/src/domain/dictionary-crm.ts:388,2,no,,,candidate,,
api-symbol-b803e9ab,api,2,symbol,semMudanca,,apps/api/tests/contacts-editar.test.ts:193,1,no,,,candidate,,
api-symbol-84b57efa,api,2,symbol,semNada,,apps/api/tests/etiquetas.test.ts:215,3,no,,,candidate,,
api-symbol-fe373f86,api,2,symbol,semNinguem,,apps/api/tests/builder-test-run.test.ts:446,1,no,,,candidate,,
api-symbol-521bc601,api,2,symbol,semNome,,apps/api/tests/integrations.test.ts:182,4,no,,,candidate,,
api-symbol-f8136531,api,2,symbol,semNome,,apps/api/tests/registrations-attendance.test.ts:170,4,no,,,candidate,,
api-symbol-c018c4e0,api,2,symbol,semNome,,apps/api/tests/router.test.ts:216,4,no,,,candidate,,
api-symbol-93702a49,api,2,symbol,semPermissaoId,,apps/api/tests/satisfaction-survey.test.ts:140,2,no,,,candidate,,
api-symbol-ef2bc434,api,2,symbol,semPoder,,apps/api/tests/builder-by-flow.test.ts:275,54,no,,,candidate,,
api-symbol-f136bed2,api,2,symbol,semPoder,,apps/api/tests/builder-by-flow.test.ts:329,54,no,,,candidate,,
api-symbol-75dd750b,api,2,symbol,semPoder,,apps/api/tests/builder-by-flow.test.ts:679,54,no,,,candidate,,
api-symbol-c9667400,api,2,symbol,semPoder,,apps/api/tests/builder-test-run.test.ts:262,54,no,,,candidate,,
api-symbol-056c3437,api,2,symbol,semPoder,,apps/api/tests/builder-test-run.test.ts:462,54,no,,,candidate,,
api-symbol-311f301a,api,2,symbol,semPoder,,apps/api/tests/channel-of-flow.test.ts:295,54,no,,,candidate,,
api-symbol-1c132a36,api,2,symbol,semPoder,,apps/api/tests/configuration-of-flow.test.ts:115,54,no,,,candidate,,
api-symbol-1b5bf156,api,2,symbol,semPoder,,apps/api/tests/configuration-of-flow.test.ts:193,54,no,,,candidate,,
api-symbol-8903de08,api,2,symbol,semPoder,,apps/api/tests/contacts-editar.test.ts:127,54,no,,,candidate,,
api-symbol-81779b75,api,2,symbol,semPoder,,apps/api/tests/contacts-editar.test.ts:208,54,no,,,candidate,,
api-symbol-93dcfe4b,api,2,symbol,semPoder,,apps/api/tests/contract.test.ts:236,54,no,,,candidate,,
api-symbol-2f52934c,api,2,symbol,semPoder,,apps/api/tests/cycle-of-lifetime-of-flow.test.ts:179,54,no,,,candidate,,
api-symbol-55270bc4,api,2,symbol,semPoder,,apps/api/tests/cycle-of-lifetime-of-flow.test.ts:410,54,no,,,candidate,,
api-symbol-6832e922,api,2,symbol,semPoder,,apps/api/tests/etiquetas.test.ts:269,54,no,,,candidate,,
api-symbol-ff8158d4,api,2,symbol,semPoder,,apps/api/tests/etiquetas.test.ts:364,54,no,,,candidate,,
api-symbol-0a7ec7a2,api,2,symbol,semPoder,,apps/api/tests/flow-resources.test.ts:105,54,no,,,candidate,,
api-symbol-26451ac5,api,2,symbol,semPoder,,apps/api/tests/flow-secrets.test.ts:117,54,no,,,candidate,,
api-symbol-f4694dd7,api,2,symbol,semPoder,,apps/api/tests/flow-short-name.test.ts:146,54,no,,,candidate,,
api-symbol-8c276764,api,2,symbol,semPoder,,apps/api/tests/integrations.test.ts:125,54,no,,,candidate,,
api-symbol-8febf4c7,api,2,symbol,semPoder,,apps/api/tests/integrations.test.ts:202,54,no,,,candidate,,
api-symbol-6346f10a,api,2,symbol,semPoder,,apps/api/tests/integrations.test.ts:229,54,no,,,candidate,,
api-symbol-f2a9b07e,api,2,symbol,semPoder,,apps/api/tests/integrations.test.ts:482,54,no,,,candidate,,
api-symbol-c237d230,api,2,symbol,semPoder,,apps/api/tests/monitoring-conversations.test.ts:22,54,no,,,candidate,,
api-symbol-c62b6cb9,api,2,symbol,semPoder,,apps/api/tests/palavras-proibidas.test.ts:151,54,no,,,candidate,,
api-symbol-f9157af5,api,2,symbol,semPoder,,apps/api/tests/palavras-proibidas.test.ts:251,54,no,,,candidate,,
api-symbol-038eed62,api,2,symbol,semPoder,,apps/api/tests/palavras-proibidas.test.ts:312,54,no,,,candidate,,
api-symbol-15533a35,api,2,symbol,semPoder,,apps/api/tests/palavras-proibidas.test.ts:341,54,no,,,candidate,,
api-symbol-28cafc2c,api,2,symbol,semPoder,,apps/api/tests/registrations-attendance.test.ts:1060,54,no,,,candidate,,
api-symbol-c1d2229d,api,2,symbol,semPoder,,apps/api/tests/registrations-attendance.test.ts:116,54,no,,,candidate,,
api-symbol-eee3b0a5,api,2,symbol,semPoder,,apps/api/tests/registrations-attendance.test.ts:1162,54,no,,,candidate,,
api-symbol-896f2450,api,2,symbol,semPoder,,apps/api/tests/registrations-attendance.test.ts:196,54,no,,,candidate,,
api-symbol-afebaaf0,api,2,symbol,semPoder,,apps/api/tests/registrations-attendance.test.ts:248,54,no,,,candidate,,
api-symbol-404dc9c3,api,2,symbol,semPoder,,apps/api/tests/registrations-attendance.test.ts:336,54,no,,,candidate,,
api-symbol-984e1a6d,api,2,symbol,semPoder,,apps/api/tests/registrations-attendance.test.ts:660,54,no,,,candidate,,
api-symbol-a21435c0,api,2,symbol,semPoder,,apps/api/tests/registrations-attendance.test.ts:702,54,no,,,candidate,,
api-symbol-454c3f7b,api,2,symbol,semPoder,,apps/api/tests/registrations-attendance.test.ts:810,54,no,,,candidate,,
api-symbol-7e559351,api,2,symbol,semPoder,,apps/api/tests/registrations-attendance.test.ts:968,54,no,,,candidate,,
api-symbol-5f34a85e,api,2,symbol,semPoder,,apps/api/tests/router.test.ts:248,54,no,,,candidate,,
api-symbol-cc0a9882,api,2,symbol,semPoder,,apps/api/tests/team-of-flow.test.ts:170,54,no,,,candidate,,
api-symbol-ef62d9bc,api,2,symbol,semPoderId,,apps/api/tests/team-of-flow.test.ts:34,12,no,,,candidate,,
api-symbol-5ae66ce5,api,2,symbol,semPrefixo,,apps/api/tests/builder-by-flow.test.ts:479,1,no,,,candidate,,
api-symbol-8a530787,api,2,symbol,semRaiz,,apps/api/tests/subflows.test.ts:272,6,no,,,candidate,,
api-symbol-e33f1985,api,2,symbol,semRascunho,,apps/api/tests/builder-by-flow.test.ts:504,1,no,,,candidate,,
api-symbol-6f2588a9,api,2,symbol,semRecados,,apps/api/tests/cycle-of-lifetime-of-flow.test.ts:274,1,no,,,candidate,,
api-symbol-ae2b9f2c,api,2,symbol,semRegra,,apps/api/tests/sla-motor.test.ts:299,5,no,,,candidate,,
api-symbol-ae788385,api,2,symbol,semResposta,,apps/api/src/domain/management/monitoring.ts:514,11,no,,,candidate,,
api-symbol-c8ffc99e,api,2,symbol,semResposta,,apps/api/src/eventos-ws.ts:96,11,no,,,candidate,,
api-symbol-a6e457d5,api,2,symbol,semSenha,,apps/api/tests/contract.test.ts:413,2,no,,,candidate,,
api-symbol-8fd30824,api,2,symbol,semSenha,,apps/api/tests/integrations.test.ts:651,2,no,,,candidate,,
api-symbol-ed4305c3,api,2,symbol,semSessao,,apps/api/tests/contract.test.ts:541,1,no,,,candidate,,
api-symbol-a7d63974,api,2,symbol,semSubfluxos,,apps/api/tests/subflows.test.ts:167,4,no,,,candidate,,
api-symbol-9855b9ad,api,2,symbol,semSubfluxos,,apps/api/tests/subflows.test.ts:265,4,no,,,candidate,,
api-symbol-c7b53b60,api,2,symbol,semTemplate,,apps/api/tests/messages-active.test.ts:255,1,no,,,candidate,,
api-symbol-1e29a869,api,2,symbol,semTexto,,apps/api/tests/desk-actions.test.ts:234,1,no,,,candidate,,
api-symbol-b8c5f8fa,api,2,symbol,semTitulo,,apps/api/tests/registrations-attendance.test.ts:449,1,no,,,candidate,,
api-symbol-08e33480,api,2,symbol,SENHA_DO_PFX,,apps/api/tests/contract.test.ts:343,7,no,,,candidate,,
api-symbol-43b2c351,api,2,symbol,senha,,apps/api/src/domain/management/certificados.ts:190,129,no,,,candidate,,
api-symbol-32d64a26,api,2,symbol,senha,,apps/api/src/domain/management/certificados.ts:88,129,no,,,candidate,,
api-symbol-3623c126,api,2,symbol,senha,,apps/api/src/domain/management/integrations.ts:469,129,no,,,candidate,,
api-symbol-bb846aef,api,2,symbol,senhaCifrada,,apps/api/src/domain/management/certificados.ts:196,3,no,,,candidate,,
api-symbol-d56ec3c7,api,2,symbol,senhaComoBmpString,,apps/api/src/domain/management/pfx.ts:161,2,no,,,candidate,,
api-symbol-8666a0bd,api,2,symbol,sequencia,,apps/api/tests/messages-active.test.ts:64,7,no,,,candidate,,
api-symbol-fa7ebd51,api,2,symbol,serializado,,apps/api/tests/contract.test.ts:429,64,no,,,candidate,,
api-symbol-7e6eeb3f,api,2,symbol,servicos,,apps/api/src/controllers/management-flow.ts:469,32,no,,,candidate,,
api-symbol-3f861fb8,api,2,symbol,servicos,,apps/api/src/domain/flow.ts:364,32,no,,,candidate,,
api-symbol-f9d77c38,api,2,symbol,sessao,,apps/api/src/controllers/channels-instagram.ts:30,274,no,,,candidate,,
api-symbol-1fb9bb7f,api,2,symbol,sessao,,apps/api/src/controllers/channels-instagram.ts:50,274,no,,,candidate,,
api-symbol-46c60094,api,2,symbol,sessao,,apps/api/src/controllers/channels.ts:159,274,no,,,candidate,,
api-symbol-8e7ac26d,api,2,symbol,sessao,,apps/api/src/controllers/channels.ts:171,274,no,,,candidate,,
api-symbol-f9dd55c8,api,2,symbol,sessao,,apps/api/src/controllers/channels.ts:183,274,no,,,candidate,,
api-symbol-e081a2b5,api,2,symbol,sessao,,apps/api/src/controllers/channels.ts:195,274,no,,,candidate,,
api-symbol-4c594e6a,api,2,symbol,sessao,,apps/api/src/controllers/channels.ts:208,274,no,,,candidate,,
api-symbol-eb9b40f6,api,2,symbol,sessao,,apps/api/src/controllers/channels.ts:222,274,no,,,candidate,,
api-symbol-18a1c2b6,api,2,symbol,sessao,,apps/api/src/controllers/channels.ts:235,274,no,,,candidate,,
api-symbol-12c22740,api,2,symbol,sessao,,apps/api/src/controllers/channels.ts:247,274,no,,,candidate,,
api-symbol-ce305b97,api,2,symbol,sessao,,apps/api/src/controllers/channels.ts:34,274,no,,,candidate,,
api-symbol-a80ba184,api,2,symbol,sessao,,apps/api/src/controllers/channels.ts:46,274,no,,,candidate,,
api-symbol-836af9d0,api,2,symbol,sessao,,apps/api/src/controllers/channels.ts:77,274,no,,,candidate,,
api-symbol-42b519b4,api,2,symbol,sessao,,apps/api/src/controllers/convites.ts:126,274,no,,,candidate,,
api-symbol-f376eba1,api,2,symbol,sessao,,apps/api/src/controllers/convites.ts:23,274,no,,,candidate,,
api-symbol-42a8dd81,api,2,symbol,sessao,,apps/api/src/controllers/convites.ts:52,274,no,,,candidate,,
api-symbol-f79b8e74,api,2,symbol,sessao,,apps/api/src/controllers/crm.ts:51,274,no,,,candidate,,
api-symbol-92e56b49,api,2,symbol,sessao,,apps/api/src/controllers/crm.ts:61,274,no,,,candidate,,
api-symbol-2ccada7a,api,2,symbol,sessao,,apps/api/src/controllers/desk.ts:118,274,no,,,candidate,,
api-symbol-03a80ba3,api,2,symbol,sessao,,apps/api/src/controllers/desk.ts:131,274,no,,,candidate,,
api-symbol-0009ed49,api,2,symbol,sessao,,apps/api/src/controllers/desk.ts:145,274,no,,,candidate,,
api-symbol-639978d5,api,2,symbol,sessao,,apps/api/src/controllers/desk.ts:155,274,no,,,candidate,,
api-symbol-3302f45f,api,2,symbol,sessao,,apps/api/src/controllers/desk.ts:178,274,no,,,candidate,,
api-symbol-78c33440,api,2,symbol,sessao,,apps/api/src/controllers/desk.ts:210,274,no,,,candidate,,
api-symbol-ce6e6569,api,2,symbol,sessao,,apps/api/src/controllers/desk.ts:60,274,no,,,candidate,,
api-symbol-e7420b47,api,2,symbol,sessao,,apps/api/src/controllers/desk.ts:81,274,no,,,candidate,,
api-symbol-14982c4f,api,2,symbol,sessao,,apps/api/src/controllers/imports.ts:40,274,no,,,candidate,,
api-symbol-553ba725,api,2,symbol,sessao,,apps/api/src/controllers/imports.ts:51,274,no,,,candidate,,
api-symbol-db696bae,api,2,symbol,sessao,,apps/api/src/controllers/imports.ts:64,274,no,,,candidate,,
api-symbol-e748fd39,api,2,symbol,sessao,,apps/api/src/controllers/management-account.ts:133,274,no,,,candidate,,
api-symbol-ea5486e3,api,2,symbol,sessao,,apps/api/src/controllers/management-account.ts:163,274,no,,,candidate,,
api-symbol-70b10dfc,api,2,symbol,sessao,,apps/api/src/controllers/management-account.ts:173,274,no,,,candidate,,
api-symbol-773a8651,api,2,symbol,sessao,,apps/api/src/controllers/management-account.ts:188,274,no,,,candidate,,
api-symbol-052f44f5,api,2,symbol,sessao,,apps/api/src/controllers/management-account.ts:204,274,no,,,candidate,,
api-symbol-ea5b0768,api,2,symbol,sessao,,apps/api/src/controllers/management-account.ts:223,274,no,,,candidate,,
api-symbol-b65bd835,api,2,symbol,sessao,,apps/api/src/controllers/management-account.ts:79,274,no,,,candidate,,
api-symbol-0ca9a94b,api,2,symbol,sessao,,apps/api/src/controllers/management-account.ts:88,274,no,,,candidate,,
api-symbol-63640fa6,api,2,symbol,sessao,,apps/api/src/controllers/management-analytics.ts:145,274,no,,,candidate,,
api-symbol-77734149,api,2,symbol,sessao,,apps/api/src/controllers/management-analytics.ts:170,274,no,,,candidate,,
api-symbol-7e65fd3b,api,2,symbol,sessao,,apps/api/src/controllers/management-analytics.ts:189,274,no,,,candidate,,
api-symbol-df4004f7,api,2,symbol,sessao,,apps/api/src/controllers/management-analytics.ts:217,274,no,,,candidate,,
api-symbol-b18e6b41,api,2,symbol,sessao,,apps/api/src/controllers/management-analytics.ts:241,274,no,,,candidate,,
api-symbol-ccaee80a,api,2,symbol,sessao,,apps/api/src/controllers/management-builder.ts:129,274,no,,,candidate,,
api-symbol-e8f6117d,api,2,symbol,sessao,,apps/api/src/controllers/management-builder.ts:143,274,no,,,candidate,,
api-symbol-a9ff0318,api,2,symbol,sessao,,apps/api/src/controllers/management-builder.ts:37,274,no,,,candidate,,
api-symbol-c5ee30a0,api,2,symbol,sessao,,apps/api/src/controllers/management-builder.ts:51,274,no,,,candidate,,
api-symbol-38a7d66c,api,2,symbol,sessao,,apps/api/src/controllers/management-builder.ts:65,274,no,,,candidate,,
api-symbol-9304fa31,api,2,symbol,sessao,,apps/api/src/controllers/management-builder.ts:78,274,no,,,candidate,,
api-symbol-88d6c779,api,2,symbol,sessao,,apps/api/src/controllers/management-builder.ts:92,274,no,,,candidate,,
api-symbol-da14da27,api,2,symbol,sessao,,apps/api/src/controllers/management-flow.ts:194,274,no,,,candidate,,
api-symbol-f3c2570a,api,2,symbol,sessao,,apps/api/src/controllers/management-flow.ts:216,274,no,,,candidate,,
api-symbol-367420e9,api,2,symbol,sessao,,apps/api/src/controllers/management-flow.ts:232,274,no,,,candidate,,
api-symbol-8b4b850f,api,2,symbol,sessao,,apps/api/src/controllers/management-flow.ts:256,274,no,,,candidate,,
api-symbol-a7edab27,api,2,symbol,sessao,,apps/api/src/controllers/management-flow.ts:273,274,no,,,candidate,,
api-symbol-d98e71a4,api,2,symbol,sessao,,apps/api/src/controllers/management-flow.ts:293,274,no,,,candidate,,
api-symbol-cf838f76,api,2,symbol,sessao,,apps/api/src/controllers/management-flow.ts:306,274,no,,,candidate,,
api-symbol-1c1c9933,api,2,symbol,sessao,,apps/api/src/controllers/management-flow.ts:327,274,no,,,candidate,,
api-symbol-489aa2f3,api,2,symbol,sessao,,apps/api/src/controllers/management-flow.ts:342,274,no,,,candidate,,
api-symbol-6aa789a3,api,2,symbol,sessao,,apps/api/src/controllers/management-flow.ts:354,274,no,,,candidate,,
api-symbol-493eeb4c,api,2,symbol,sessao,,apps/api/src/controllers/management-flow.ts:372,274,no,,,candidate,,
api-symbol-3786607e,api,2,symbol,sessao,,apps/api/src/controllers/management-flow.ts:384,274,no,,,candidate,,
api-symbol-b4a20754,api,2,symbol,sessao,,apps/api/src/controllers/management-flow.ts:398,274,no,,,candidate,,
api-symbol-b1ee928a,api,2,symbol,sessao,,apps/api/src/controllers/management-flow.ts:411,274,no,,,candidate,,
api-symbol-fd9a3b10,api,2,symbol,sessao,,apps/api/src/controllers/management-flow.ts:434,274,no,,,candidate,,
api-symbol-1171f0a8,api,2,symbol,sessao,,apps/api/src/controllers/management-flow.ts:448,274,no,,,candidate,,
api-symbol-5f620bb7,api,2,symbol,sessao,,apps/api/src/controllers/management-flow.ts:459,274,no,,,candidate,,
api-symbol-ba6ac618,api,2,symbol,sessao,,apps/api/src/controllers/management-flow.ts:475,274,no,,,candidate,,
api-symbol-6ca364d6,api,2,symbol,sessao,,apps/api/src/controllers/management-flow.ts:491,274,no,,,candidate,,
api-symbol-2b133bc8,api,2,symbol,sessao,,apps/api/src/controllers/management-flow.ts:506,274,no,,,candidate,,
api-symbol-1d5e22d4,api,2,symbol,sessao,,apps/api/src/controllers/management-flow.ts:522,274,no,,,candidate,,
api-symbol-01ac556b,api,2,symbol,sessao,,apps/api/src/controllers/management-flow.ts:541,274,no,,,candidate,,
api-symbol-495c98df,api,2,symbol,sessao,,apps/api/src/controllers/management-flow.ts:555,274,no,,,candidate,,
api-symbol-d80c4e22,api,2,symbol,sessao,,apps/api/src/controllers/management-flow.ts:570,274,no,,,candidate,,
api-symbol-e3ebb64e,api,2,symbol,sessao,,apps/api/src/controllers/management-flow.ts:586,274,no,,,candidate,,
api-symbol-9500f4a2,api,2,symbol,sessao,,apps/api/src/controllers/management-flow.ts:604,274,no,,,candidate,,
api-symbol-0aa10e83,api,2,symbol,sessao,,apps/api/src/controllers/management-flow.ts:618,274,no,,,candidate,,
api-symbol-acffabbf,api,2,symbol,sessao,,apps/api/src/controllers/management-flow.ts:633,274,no,,,candidate,,
api-symbol-22d28f71,api,2,symbol,sessao,,apps/api/src/controllers/management-flow.ts:649,274,no,,,candidate,,
api-symbol-a137b803,api,2,symbol,sessao,,apps/api/src/controllers/management-integrations.ts:114,274,no,,,candidate,,
api-symbol-40cba3bd,api,2,symbol,sessao,,apps/api/src/controllers/management-integrations.ts:128,274,no,,,candidate,,
api-symbol-3c4b1047,api,2,symbol,sessao,,apps/api/src/controllers/management-integrations.ts:147,274,no,,,candidate,,
api-symbol-3cfd587f,api,2,symbol,sessao,,apps/api/src/controllers/management-integrations.ts:157,274,no,,,candidate,,
api-symbol-35ae5640,api,2,symbol,sessao,,apps/api/src/controllers/management-integrations.ts:176,274,no,,,candidate,,
api-symbol-02e596d2,api,2,symbol,sessao,,apps/api/src/controllers/management-integrations.ts:196,274,no,,,candidate,,
api-symbol-b994307e,api,2,symbol,sessao,,apps/api/src/controllers/management-integrations.ts:210,274,no,,,candidate,,
api-symbol-7684df3f,api,2,symbol,sessao,,apps/api/src/controllers/management-integrations.ts:67,274,no,,,candidate,,
api-symbol-621a93be,api,2,symbol,sessao,,apps/api/src/controllers/management-integrations.ts:81,274,no,,,candidate,,
api-symbol-67efed65,api,2,symbol,sessao,,apps/api/src/controllers/management-operations.ts:134,274,no,,,candidate,,
api-symbol-ee8eba54,api,2,symbol,sessao,,apps/api/src/controllers/management-operations.ts:149,274,no,,,candidate,,
api-symbol-616ac1d2,api,2,symbol,sessao,,apps/api/src/controllers/management-operations.ts:167,274,no,,,candidate,,
api-symbol-ceb57af3,api,2,symbol,sessao,,apps/api/src/controllers/management-operations.ts:182,274,no,,,candidate,,
api-symbol-644ba6de,api,2,symbol,sessao,,apps/api/src/controllers/management-operations.ts:206,274,no,,,candidate,,
api-symbol-505aa55d,api,2,symbol,sessao,,apps/api/src/controllers/management-operations.ts:233,274,no,,,candidate,,
api-symbol-dd42a968,api,2,symbol,sessao,,apps/api/src/controllers/management-operations.ts:256,274,no,,,candidate,,
api-symbol-90b809f1,api,2,symbol,sessao,,apps/api/src/controllers/management-operations.ts:276,274,no,,,candidate,,
api-symbol-3e5e61ff,api,2,symbol,sessao,,apps/api/src/controllers/management-operations.ts:291,274,no,,,candidate,,
api-symbol-ca476ca5,api,2,symbol,sessao,,apps/api/src/controllers/management-operations.ts:309,274,no,,,candidate,,
api-symbol-ba159d49,api,2,symbol,sessao,,apps/api/src/controllers/management-operations.ts:328,274,no,,,candidate,,
api-symbol-3563716d,api,2,symbol,sessao,,apps/api/src/controllers/management-registrations.ts:106,274,no,,,candidate,,
api-symbol-6ec65fd2,api,2,symbol,sessao,,apps/api/src/controllers/management-registrations.ts:117,274,no,,,candidate,,
api-symbol-b6d37336,api,2,symbol,sessao,,apps/api/src/controllers/management-registrations.ts:124,274,no,,,candidate,,
api-symbol-bd603070,api,2,symbol,sessao,,apps/api/src/controllers/management-registrations.ts:131,274,no,,,candidate,,
api-symbol-b9bffc5d,api,2,symbol,sessao,,apps/api/src/controllers/management-registrations.ts:138,274,no,,,candidate,,
api-symbol-ec2d9384,api,2,symbol,sessao,,apps/api/src/controllers/management-registrations.ts:145,274,no,,,candidate,,
api-symbol-305c1da3,api,2,symbol,sessao,,apps/api/src/controllers/management-registrations.ts:152,274,no,,,candidate,,
api-symbol-81010c18,api,2,symbol,sessao,,apps/api/src/controllers/management-registrations.ts:164,274,no,,,candidate,,
api-symbol-0e285aad,api,2,symbol,sessao,,apps/api/src/controllers/management-registrations.ts:177,274,no,,,candidate,,
api-symbol-f1580240,api,2,symbol,sessao,,apps/api/src/controllers/management-registrations.ts:188,274,no,,,candidate,,
api-symbol-b48e0ac1,api,2,symbol,sessao,,apps/api/src/controllers/management-registrations.ts:202,274,no,,,candidate,,
api-symbol-72f2e902,api,2,symbol,sessao,,apps/api/src/controllers/management-registrations.ts:226,274,no,,,candidate,,
api-symbol-0ea7811f,api,2,symbol,sessao,,apps/api/src/controllers/management-registrations.ts:243,274,no,,,candidate,,
api-symbol-5215aa6e,api,2,symbol,sessao,,apps/api/src/controllers/management-registrations.ts:254,274,no,,,candidate,,
api-symbol-b737ce5a,api,2,symbol,sessao,,apps/api/src/controllers/management-registrations.ts:270,274,no,,,candidate,,
api-symbol-6008a77b,api,2,symbol,sessao,,apps/api/src/controllers/management-registrations.ts:281,274,no,,,candidate,,
api-symbol-2f128af7,api,2,symbol,sessao,,apps/api/src/controllers/management-registrations.ts:295,274,no,,,candidate,,
api-symbol-83cdca96,api,2,symbol,sessao,,apps/api/src/controllers/management-registrations.ts:306,274,no,,,candidate,,
api-symbol-dc21d799,api,2,symbol,sessao,,apps/api/src/controllers/management-registrations.ts:321,274,no,,,candidate,,
api-symbol-8cc83653,api,2,symbol,sessao,,apps/api/src/controllers/management-registrations.ts:334,274,no,,,candidate,,
api-symbol-d7e07996,api,2,symbol,sessao,,apps/api/src/controllers/management-registrations.ts:345,274,no,,,candidate,,
api-symbol-35169864,api,2,symbol,sessao,,apps/api/src/controllers/management-registrations.ts:357,274,no,,,candidate,,
api-symbol-d6604547,api,2,symbol,sessao,,apps/api/src/controllers/management-registrations.ts:369,274,no,,,candidate,,
api-symbol-8260b654,api,2,symbol,sessao,,apps/api/src/controllers/management-registrations.ts:382,274,no,,,candidate,,
api-symbol-b926beca,api,2,symbol,sessao,,apps/api/src/controllers/management-registrations.ts:396,274,no,,,candidate,,
api-symbol-d9b882ea,api,2,symbol,sessao,,apps/api/src/controllers/management-registrations.ts:411,274,no,,,candidate,,
api-symbol-5ca07a47,api,2,symbol,sessao,,apps/api/src/controllers/management-registrations.ts:424,274,no,,,candidate,,
api-symbol-cdbc4b0f,api,2,symbol,sessao,,apps/api/src/controllers/management-registrations.ts:435,274,no,,,candidate,,
api-symbol-6260ef39,api,2,symbol,sessao,,apps/api/src/controllers/management-registrations.ts:452,274,no,,,candidate,,
api-symbol-f99f2e98,api,2,symbol,sessao,,apps/api/src/controllers/management-registrations.ts:469,274,no,,,candidate,,
api-symbol-e3e5300b,api,2,symbol,sessao,,apps/api/src/controllers/management-registrations.ts:484,274,no,,,candidate,,
api-symbol-96d03a37,api,2,symbol,sessao,,apps/api/src/controllers/management-registrations.ts:497,274,no,,,candidate,,
api-symbol-324f829e,api,2,symbol,sessao,,apps/api/src/controllers/management-registrations.ts:511,274,no,,,candidate,,
api-symbol-5d5f17cf,api,2,symbol,sessao,,apps/api/src/controllers/management-registrations.ts:526,274,no,,,candidate,,
api-symbol-77db5b71,api,2,symbol,sessao,,apps/api/src/controllers/management-registrations.ts:539,274,no,,,candidate,,
api-symbol-1159c260,api,2,symbol,sessao,,apps/api/src/controllers/management-registrations.ts:553,274,no,,,candidate,,
api-symbol-66acfe3f,api,2,symbol,sessao,,apps/api/src/controllers/management-registrations.ts:571,274,no,,,candidate,,
api-symbol-b10b5d63,api,2,symbol,sessao,,apps/api/src/controllers/management-registrations.ts:68,274,no,,,candidate,,
api-symbol-2c54aaf2,api,2,symbol,sessao,,apps/api/src/controllers/management-registrations.ts:75,274,no,,,candidate,,
api-symbol-fe696929,api,2,symbol,sessao,,apps/api/src/controllers/management-registrations.ts:85,274,no,,,candidate,,
api-symbol-18718c61,api,2,symbol,sessao,,apps/api/src/controllers/management-registrations.ts:99,274,no,,,candidate,,
api-symbol-dc193952,api,2,symbol,sessao,,apps/api/src/controllers/management-team.ts:41,274,no,,,candidate,,
api-symbol-948323e7,api,2,symbol,sessao,,apps/api/src/controllers/management-team.ts:55,274,no,,,candidate,,
api-symbol-db91ba9a,api,2,symbol,sessao,,apps/api/src/controllers/management-team.ts:70,274,no,,,candidate,,
api-symbol-b92952b1,api,2,symbol,sessao,,apps/api/src/controllers/management-team.ts:85,274,no,,,candidate,,
api-symbol-493974f2,api,2,symbol,sessao,,apps/api/src/controllers/my-account.ts:178,274,no,,,candidate,,
api-symbol-ea3497de,api,2,symbol,sessao,,apps/api/src/controllers/my-account.ts:227,274,no,,,candidate,,
api-symbol-4d91704b,api,2,symbol,sessao,,apps/api/src/controllers/my-account.ts:270,274,no,,,candidate,,
api-symbol-53a3dbeb,api,2,symbol,sessao,,apps/api/src/controllers/rastreador-de-cliques.ts:64,274,no,,,candidate,,
api-symbol-9cca2c8b,api,2,symbol,sessao,,apps/api/src/controllers/sso.ts:60,274,no,,,candidate,,
api-symbol-ffb1b6bb,api,2,symbol,sessao,,apps/api/src/controllers/sso.ts:73,274,no,,,candidate,,
api-symbol-3a7b525d,api,2,symbol,sessao,,apps/api/src/controllers/sso.ts:88,274,no,,,candidate,,
api-symbol-852f124c,api,2,symbol,SETE_DIAS_MS,,apps/api/src/domain/management/registrations.ts:279,2,no,,,candidate,,
api-symbol-3187d7f9,api,2,symbol,sinais,,apps/api/tests/script-sandbox.test.ts:275,9,no,,,candidate,,
api-symbol-fef9816e,api,2,symbol,sincronizarModelos,,apps/api/src/controllers/channels.ts:201,11,no,,,candidate,,
api-symbol-9b2c1aa8,api,2,symbol,sincronizarModelos,,apps/api/src/domain/whatsapp/modelos.ts:152,11,no,,,candidate,,
api-symbol-87a7ada0,api,2,symbol,soAtivo,,apps/api/src/domain/management/integrations.ts:689,2,no,,,candidate,,
api-symbol-cb83ae37,api,2,symbol,sobre,,apps/api/src/domain/whatsapp/perfil.ts:118,334,no,,,candidate,,
api-symbol-443bf8aa,api,2,symbol,soma,,apps/api/src/domain/management/effort.ts:143,110,no,,,candidate,,
api-symbol-129c60ae,api,2,symbol,soma,,apps/api/src/domain/management/pfx.ts:197,110,no,,,candidate,,
api-symbol-3c82e224,api,2,symbol,soma,,apps/api/src/domain/management/quality-review.ts:108,110,no,,,candidate,,
api-symbol-681f93b3,api,2,symbol,stubarHttpDeSaida,,apps/api/tests/process-http-retomada.test.ts:164,5,no,,,candidate,,
api-symbol-86f158b8,api,2,symbol,suporte,,apps/api/tests/builder-test-run.test.ts:442,142,no,,,candidate,,
api-symbol-9de9a046,api,2,symbol,suporte,,apps/api/tests/router.test.ts:132,142,no,,,candidate,,
api-symbol-1197760e,api,2,symbol,SUPORTE,,apps/api/tests/router.test.ts:380,3,no,,,candidate,,
api-symbol-7e236240,api,2,symbol,suporteId,,apps/api/tests/router.test.ts:455,12,no,,,candidate,,
api-symbol-e53523df,api,2,symbol,temCampo,,apps/api/src/domain/dictionary-crm.ts:132,1,no,,,candidate,,
api-symbol-27bfb9fa,api,2,symbol,temMais,,apps/api/src/pagination.ts:107,12,no,,,candidate,,
api-symbol-6e58fda1,api,2,symbol,tempo,,apps/api/src/domain/mtls.ts:177,227,no,,,candidate,,
api-symbol-fc987c05,api,2,symbol,TENANT_QUALQUER,,apps/api/tests/script-sandbox.test.ts:13,7,no,,,candidate,,
api-symbol-39422117,api,2,symbol,tenantComAdmin,,apps/api/tests/channels.test.ts:62,9,no,,,candidate,,
api-symbol-3fb8a0e1,api,2,symbol,tenantComAdmin,,apps/api/tests/import.test.ts:33,9,no,,,candidate,,
api-symbol-f62315d2,api,2,symbol,tenantComAdmin,,apps/api/tests/instagram.test.ts:44,9,no,,,candidate,,
api-symbol-065aa991,api,2,symbol,tenantsDoEntra,,apps/api/src/domain/sso.ts:283,2,no,,,candidate,,
api-symbol-7c8e9c21,api,2,symbol,tentativas,,apps/api/src/domain/media.ts:226,67,no,,,candidate,,
api-symbol-7a275f08,api,2,symbol,tentativas,,apps/api/src/webhooks-saida.ts:236,67,no,,,candidate,,
api-symbol-0c7046d8,api,2,symbol,termo,,apps/api/src/domain/desk/consultas.ts:501,160,no,,,candidate,,
api-symbol-368dcaa6,api,2,symbol,termo,,apps/api/src/domain/management/palavras-proibidas.ts:149,160,no,,,candidate,,
api-symbol-1e1dce37,api,2,symbol,termo,,apps/api/src/domain/management/palavras-proibidas.ts:191,160,no,,,candidate,,
api-symbol-276d5b99,api,2,symbol,termo,,apps/api/tests/palavras-proibidas.test.ts:224,160,no,,,candidate,,
api-symbol-b67e0187,api,2,symbol,termoConferido,,apps/api/src/domain/management/palavras-proibidas.ts:148,3,no,,,candidate,,
api-symbol-00e3fa53,api,2,symbol,termoEmUso,,apps/api/src/domain/management/palavras-proibidas.ts:159,3,no,,,candidate,,
api-symbol-0e752c42,api,2,symbol,termos,,apps/api/src/domain/management/palavras-proibidas.ts:100,40,no,,,candidate,,
api-symbol-4d54b4fd,api,2,symbol,termos,,apps/api/src/domain/management/palavras-proibidas.ts:81,40,no,,,candidate,,
api-symbol-2268c2f9,api,2,symbol,termosProibidosDoTenant,,apps/api/src/domain/management/palavras-proibidas.ts:73,2,no,,,candidate,,
api-symbol-68b5b9e0,api,2,symbol,testar,,apps/api/src/controllers/sso.ts:108,35,no,,,candidate,,
api-symbol-83aa2b7d,api,2,symbol,testarWebhook,,apps/api/src/controllers/management-integrations.ts:203,9,no,,,candidate,,
api-symbol-3b14a45d,api,2,symbol,testarWebhook,,apps/api/src/domain/management/integrations.ts:744,9,no,,,candidate,,
api-symbol-bcd62d12,api,2,symbol,teste,,apps/api/tests/integrations.test.ts:589,622,no,,,candidate,,
api-symbol-5f86257d,api,2,symbol,teste,,apps/api/tests/integrations.test.ts:623,622,no,,,candidate,,
api-symbol-66b26323,api,2,symbol,TEXTO_BOTAO_MAX,,apps/api/src/domain/management/configuration-of-flow.ts:15,5,no,,,candidate,,
api-symbol-62e6c8c9,api,2,symbol,texto,,apps/api/src/controllers/my-account.ts:141,1706,no,,,candidate,,
api-symbol-5d512892,api,2,symbol,texto,,apps/api/src/domain/desk/actions.ts:111,1706,no,,,candidate,,
api-symbol-33faaed7,api,2,symbol,texto,,apps/api/src/domain/desk/taggings.ts:19,1706,no,,,candidate,,
api-symbol-87e0b92b,api,2,symbol,texto,,apps/api/src/domain/email.ts:78,1706,no,,,candidate,,
api-symbol-ae79e0c7,api,2,symbol,texto,,apps/api/src/domain/flow.ts:1309,1706,no,,,candidate,,
api-symbol-6e5c1d91,api,2,symbol,texto,,apps/api/src/domain/instagram/cliente-graph.ts:99,1706,no,,,candidate,,
api-symbol-c9daa4cb,api,2,symbol,texto,,apps/api/src/domain/management/certificados.ts:95,1706,no,,,candidate,,
api-symbol-38e09938,api,2,symbol,texto,,apps/api/src/domain/management/integrations.ts:295,1706,no,,,candidate,,
api-symbol-90fa398a,api,2,symbol,texto,,apps/api/src/domain/management/satisfaction-surveys.ts:95,1706,no,,,candidate,,
api-symbol-7ad55466,api,2,symbol,texto,,apps/api/src/domain/whatsapp/channel.ts:32,1706,no,,,candidate,,
api-symbol-fc58abcd,api,2,symbol,texto,,apps/api/src/domain/whatsapp/cliente-graph.ts:215,1706,no,,,candidate,,
api-symbol-1d0151f6,api,2,symbol,texto,,apps/api/src/metrics.ts:134,1706,no,,,candidate,,
api-symbol-ca136a5c,api,2,symbol,texto,,apps/api/src/metrics.ts:156,1706,no,,,candidate,,
api-symbol-3926b846,api,2,symbol,texto,,apps/api/src/pagination.ts:69,1706,no,,,candidate,,
api-symbol-d71d36ce,api,2,symbol,texto,,apps/api/tests/builder-by-flow.test.ts:117,1706,no,,,candidate,,
api-symbol-1e375301,api,2,symbol,texto,,apps/api/tests/builder-test-run.test.ts:101,1706,no,,,candidate,,
api-symbol-363e167b,api,2,symbol,texto,,apps/api/tests/channel-of-flow.test.ts:130,1706,no,,,candidate,,
api-symbol-bb4dbef5,api,2,symbol,texto,,apps/api/tests/configuration-of-flow.test.ts:93,1706,no,,,candidate,,
api-symbol-d8113a16,api,2,symbol,texto,,apps/api/tests/contract.test.ts:131,1706,no,,,candidate,,
api-symbol-4f98d8d0,api,2,symbol,texto,,apps/api/tests/flow-resources.test.ts:96,1706,no,,,candidate,,
api-symbol-220f42ef,api,2,symbol,texto,,apps/api/tests/inbound.test.ts:320,1706,no,,,candidate,,
api-symbol-ab834818,api,2,symbol,texto,,apps/api/tests/palavras-proibidas.test.ts:105,1706,no,,,candidate,,
api-symbol-f9f94a37,api,2,symbol,texto,,apps/api/tests/registrations-attendance.test.ts:99,1706,no,,,candidate,,
api-symbol-2a4827d8,api,2,symbol,texto,,apps/api/tests/router.test.ts:104,1706,no,,,candidate,,
api-symbol-aecf36e7,api,2,symbol,texto,,apps/api/tests/satisfaction-survey.test.ts:93,1706,no,,,candidate,,
api-symbol-c15e50c1,api,2,symbol,texto,,apps/api/tests/script-sandbox.test.ts:307,1706,no,,,candidate,,
api-symbol-f17039eb,api,2,symbol,texto,,apps/api/tests/subflows.test.ts:127,1706,no,,,candidate,,
api-symbol-5919ef1b,api,2,symbol,texto,,apps/api/tests/team-of-flow.test.ts:110,1706,no,,,candidate,,
api-symbol-88d6a617,api,2,symbol,textoBotao,,apps/api/src/domain/management/configuration-of-flow.ts:99,24,no,,,candidate,,
api-symbol-0cdcca38,api,2,symbol,textoDaQuery,,apps/api/src/controllers/login.ts:203,19,no,,,candidate,,
api-symbol-4d1332a6,api,2,symbol,textoDe,,apps/api/src/domain/inbound.ts:526,2,no,,,candidate,,
api-symbol-ac42ee59,api,2,symbol,textoDoBotao,,apps/api/src/domain/whatsapp/modelos.ts:337,8,no,,,candidate,,
api-symbol-1baf279b,api,2,symbol,textoDoCabecalho,,apps/api/src/domain/whatsapp/modelos.ts:292,6,no,,,candidate,,
api-symbol-b8cb06ac,api,2,symbol,textoLimitado,,apps/api/src/domain/whatsapp/perfil.ts:104,5,no,,,candidate,,
api-symbol-d1e0b036,api,2,symbol,textoNormal,,apps/api/src/domain/management/palavras-proibidas.ts:42,2,no,,,candidate,,
api-symbol-6363edb7,api,2,symbol,textosDoBot,,apps/api/tests/subflows.test.ts:71,3,no,,,candidate,,
api-symbol-38b81728,api,2,symbol,tipoBruto,,apps/api/src/domain/management/actions/settings.ts:81,3,no,,,candidate,,
api-symbol-5bd76533,api,2,symbol,TipoDePesquisa,,apps/api/src/domain/management/pesquisa.ts:6,14,no,,,candidate,,
api-symbol-e52cb971,api,2,symbol,tipoDePesquisaValido,,apps/api/src/domain/management/pesquisa.ts:25,9,no,,,candidate,,
api-symbol-95d814ac,api,2,symbol,TIPOS_DE_FOTO,,apps/api/src/domain/whatsapp/perfil.ts:24,2,no,,,candidate,,
api-symbol-4918710f,api,2,symbol,TIPOS_DE_PESQUISA,,apps/api/src/domain/management/pesquisa.ts:5,7,no,,,candidate,,
api-symbol-8182d799,api,2,symbol,TIPOS_NAO_CONSULTAVEIS,,apps/api/src/domain/dictionary-crm.ts:23,1,no,,,candidate,,
api-symbol-67e70f71,api,2,symbol,todasEtiquetas,,apps/api/src/domain/management/monitoring.ts:635,1,no,,,candidate,,
api-symbol-d8b2e630,api,2,symbol,todos,,apps/api/src/domain/management/integrations.ts:308,346,no,,,candidate,,
api-symbol-017e5b29,api,2,symbol,todos,,apps/api/src/domain/management/permissions-of-agent.ts:121,346,no,,,candidate,,
api-symbol-d693fe85,api,2,symbol,todos,,apps/api/src/domain/management/quality-review.ts:370,346,no,,,candidate,,
api-symbol-fc990786,api,2,symbol,todos,,apps/api/src/domain/management/services-of-router.ts:77,346,no,,,candidate,,
api-symbol-4ca2fe29,api,2,symbol,tokenElegivel,,apps/api/src/domain/instagram/renewal.ts:18,2,no,,,candidate,,
api-symbol-c1350864,api,2,symbol,TokenRenovado,,apps/api/src/domain/instagram/cliente-graph.ts:37,4,no,,,candidate,,
api-symbol-90b22a3d,api,2,symbol,transbordarSemFalhar,,apps/api/src/domain/flow.ts:1013,4,no,,,candidate,,
api-symbol-ce023019,api,2,symbol,transferencia,,apps/api/tests/monitoring-conversations.test.ts:149,30,no,,,candidate,,
api-symbol-819e174e,api,2,symbol,Transferida,,apps/api/src/domain/conversation.ts:275,8,no,,,candidate,,
api-symbol-480d3baa,api,2,symbol,transferida,,apps/api/src/domain/flow.ts:314,14,no,,,candidate,,
api-symbol-9bf17d9d,api,2,symbol,transferida,,apps/api/tests/monitoring-conversations.test.ts:148,14,no,,,candidate,,
api-symbol-1f112761,api,2,symbol,transferirPeloBot,,apps/api/src/domain/flow.ts:323,5,no,,,candidate,,
api-symbol-531f4bcf,api,2,symbol,transicao,,apps/api/tests/jsonb-compat.test.ts:149,29,no,,,candidate,,
api-symbol-fab96fd4,api,2,symbol,tresChaves,,apps/api/src/domain/management/pfx.ts:247,3,no,,,candidate,,
api-symbol-16118971,api,2,symbol,ultimaMensagemDoBot,,apps/api/tests/engine-contracts.test.ts:113,6,no,,,candidate,,
api-symbol-9215478a,api,2,symbol,ultimaMensagemDoBot,,apps/api/tests/flow-content.test.ts:101,6,no,,,candidate,,
api-symbol-f0ca3e32,api,2,symbol,unicos,,apps/api/src/domain/management/integrations.ts:394,7,no,,,candidate,,
api-symbol-5687b820,api,2,symbol,unicos,,apps/api/src/domain/management/permissions-of-agent.ts:64,7,no,,,candidate,,
api-symbol-2f3f2aeb,api,2,symbol,unicos,,apps/api/src/domain/whatsapp/preferences.ts:49,7,no,,,candidate,,
api-symbol-c861733c,api,2,symbol,uri,,apps/api/src/domain/flow.ts:1201,367,no,,,candidate,,
api-symbol-735280d1,api,2,symbol,uri,,apps/api/src/domain/flow.ts:1292,367,no,,,candidate,,
api-symbol-a628be5b,api,2,symbol,urlCurtaDe,,apps/api/src/domain/rastreador-de-cliques.ts:59,9,no,,,candidate,,
api-symbol-04a94250,api,2,symbol,urlDoWebhookPara,,apps/api/src/domain/management/integrations.ts:832,3,no,,,candidate,,
api-symbol-75936740,api,2,symbol,username,,apps/api/src/domain/instagram/channel.ts:194,21,no,,,candidate,,
api-symbol-89e5bf5b,api,2,symbol,UsoDePausas,,apps/api/src/domain/management/registrations.ts:173,6,no,,,candidate,,
api-symbol-b1c49182,api,2,symbol,usuarioId,,apps/api/tests/contract.test.ts:66,283,no,,,candidate,,
api-symbol-3ae00034,api,2,symbol,uuidOuNada,,apps/api/src/controllers/management-operations.ts:40,29,no,,,candidate,,
api-symbol-0afc720e,api,2,symbol,uuidOuNada,,apps/api/src/domain/management/format.ts:85,29,no,,,candidate,,
api-symbol-195be5f5,api,2,symbol,vai,,apps/api/src/domain/management/pfx.ts:195,141,no,,,candidate,,
api-symbol-3747e1c9,api,2,symbol,validarPerfil,,apps/api/src/domain/whatsapp/perfil.ts:102,2,no,,,candidate,,
api-symbol-1d2a5e5b,api,2,symbol,validoDesde,,apps/api/tests/ajuda-pfx.ts:157,8,no,,,candidate,,
api-symbol-62ddea0f,api,2,symbol,valor,,apps/api/src/controllers/login.ts:204,695,no,,,candidate,,
api-symbol-cf638891,api,2,symbol,valor,,apps/api/src/domain/management/registrations.ts:950,695,no,,,candidate,,
api-symbol-febb4eee,api,2,symbol,valor,,apps/api/tests/convites.test.ts:402,695,no,,,candidate,,
api-symbol-5710681b,api,2,symbol,valores,,apps/api/src/domain/inbound.ts:191,132,no,,,candidate,,
api-symbol-1f794cfe,api,2,symbol,variaveis,,apps/api/src/domain/whatsapp/modelos.ts:376,80,no,,,candidate,,
api-symbol-4198c46e,api,2,symbol,variaveis,,apps/api/src/domain/whatsapp/modelos.ts:432,80,no,,,candidate,,
api-symbol-4c38060c,api,2,symbol,vazia,,apps/api/tests/builder-test-run.test.ts:439,59,no,,,candidate,,
api-symbol-3d90e262,api,2,symbol,vazia,,apps/api/tests/desk-actions.test.ts:366,59,no,,,candidate,,
api-symbol-d4ed798d,api,2,symbol,vaziaId,,apps/api/tests/desk-availability.test.ts:29,10,no,,,candidate,,
api-symbol-daf9dfa0,api,2,symbol,vazio,,apps/api/tests/palavras-proibidas.test.ts:290,229,no,,,candidate,,
api-symbol-f129791e,api,2,symbol,vence,,apps/api/src/domain/convites.ts:80,19,no,,,candidate,,
api-symbol-d65d5434,api,2,symbol,vencedoras,,apps/api/src/domain/management/sla-motor.ts:271,4,no,,,candidate,,
api-symbol-3103ef97,api,2,symbol,vencedoras,,apps/api/src/domain/management/sla-motor.ts:42,4,no,,,candidate,,
api-symbol-19304cf2,api,2,symbol,vencido,,apps/api/tests/contract.test.ts:382,5,no,,,candidate,,
api-symbol-69ec0e23,api,2,symbol,verificado,,apps/api/src/controllers/convites.ts:129,62,no,,,candidate,,
api-symbol-c6be7ecb,api,2,symbol,verificado,,apps/api/src/domain/whatsapp/configuration-of-webhook.ts:72,62,no,,,candidate,,
api-symbol-1cc898e5,api,2,symbol,verificado,,apps/api/src/provision.ts:155,62,no,,,candidate,,
api-symbol-fc6d5863,api,2,symbol,verificado,,apps/api/tests/convites.test.ts:589,62,no,,,candidate,,
api-symbol-cca251f9,api,2,symbol,verificar,,apps/api/src/controllers/convites.ts:119,36,no,,,candidate,,
api-symbol-8df8f051,api,2,symbol,verificar,,apps/api/src/controllers/webhooks-instagram.ts:16,36,no,,,candidate,,
api-symbol-033798a0,api,2,symbol,verificar,,apps/api/src/controllers/webhooks-messenger.ts:4,36,no,,,candidate,,
api-symbol-0d781945,api,2,symbol,verificar,,apps/api/src/controllers/webhooks-whatsapp.ts:17,36,no,,,candidate,,
api-symbol-b4ee0ee5,api,2,symbol,verificarSaude,,apps/api/src/saude.ts:48,3,no,,,candidate,,
api-symbol-58c2becf,api,2,symbol,VERSAO_ID_RESUME,,apps/api/tests/jsonb-compat.test.ts:89,3,no,,,candidate,,
api-symbol-ec39e8f0,api,2,symbol,VERSAO_ID_RUN,,apps/api/tests/jsonb-compat.test.ts:87,3,no,,,candidate,,
api-symbol-b1691be7,api,2,symbol,VERSAO_MINIMA_DA_SAUDE,,apps/api/src/domain/whatsapp/saude.ts:8,2,no,,,candidate,,
api-symbol-88510c8d,api,2,symbol,VERSAO_PADRAO_GRAPH,,apps/api/src/domain/media.ts:17,2,no,,,candidate,,
api-symbol-ccb50650,api,2,symbol,versao,,apps/api/src/domain/flow.ts:1602,199,no,,,candidate,,
api-symbol-9edc2ccb,api,2,symbol,versao,,apps/api/src/domain/management/builder-of-flow.ts:501,199,no,,,candidate,,
api-symbol-63ae2377,api,2,symbol,versao,,apps/api/src/domain/management/builder-of-flow.ts:662,199,no,,,candidate,,
api-symbol-9e981515,api,2,symbol,versao,,apps/api/src/domain/media.ts:142,199,no,,,candidate,,
api-symbol-66cf6c84,api,2,symbol,versao,,apps/api/src/domain/whatsapp/saude.ts:55,199,no,,,candidate,,
api-symbol-3b7ea50c,api,2,symbol,versao,,apps/api/src/domain/whatsapp/saude.ts:70,199,no,,,candidate,,
api-symbol-719fb1d5,api,2,symbol,VERSAO,,apps/api/src/saude.ts:15,12,no,,,candidate,,
api-symbol-ff15ce3d,api,2,symbol,versao,,apps/api/tests/analytics.test.ts:68,199,no,,,candidate,,
api-symbol-d520d27d,api,2,symbol,versaoDaApi,,apps/api/src/domain/whatsapp/cliente-graph.ts:14,13,no,,,candidate,,
api-symbol-ee654df2,api,2,symbol,versaoDaApiInstagram,,apps/api/src/domain/instagram/cliente-graph.ts:22,4,no,,,candidate,,
api-symbol-bd9b9ae5,api,2,symbol,versaoDaSaude,,apps/api/src/domain/whatsapp/saude.ts:53,2,no,,,candidate,,
api-symbol-7ca330bd,api,2,symbol,versaoId,,apps/api/src/domain/flow.ts:1628,58,no,,,candidate,,
api-symbol-7aa749a8,api,2,symbol,versaoId,,apps/api/src/domain/management/builder-of-flow.ts:479,58,no,,,candidate,,
api-symbol-f76d7fc7,api,2,symbol,versaoId,,apps/api/src/domain/management/builder-of-flow.ts:727,58,no,,,candidate,,
api-symbol-28154c15,api,2,symbol,versaoId,,apps/api/src/domain/management/builder-of-flow.ts:745,58,no,,,candidate,,
api-symbol-1535f999,api,2,symbol,versaoId,,apps/api/tests/analytics.test.ts:73,58,no,,,candidate,,
api-symbol-46ceb883,api,2,symbol,versaoLida,,apps/api/src/domain/management/builder-of-flow.ts:105,3,no,,,candidate,,
api-symbol-59795a95,api,2,symbol,videoGrande,,apps/api/tests/channels.test.ts:812,2,no,,,candidate,,
api-symbol-7a2b5de7,api,2,symbol,vinculo,,apps/api/tests/registrations-attendance.test.ts:353,4,no,,,candidate,,
api-symbol-95a380fc,api,2,symbol,vinculoAtual,,apps/api/src/domain/management/services-of-router.ts:204,3,no,,,candidate,,
api-symbol-0365eedf,api,2,symbol,vinculoLido,,apps/api/src/domain/management/services-of-router.ts:193,4,no,,,candidate,,
api-symbol-d904a201,api,2,symbol,visaoGeral,,apps/api/src/controllers/management-analytics.ts:162,1,no,,,candidate,,
api-symbol-c8444d00,api,2,symbol,webhookDele,,apps/api/src/domain/whatsapp/configuration-manual.ts:60,3,no,,,candidate,,
api-symbol-54313a87,api,2,symbol,WebhookDeSaida,,apps/api/src/domain/management/integrations.ts:328,14,no,,,candidate,,
api-symbol-43571284,api,2,symbol,WebhookDeSaidaCriado,,apps/api/src/domain/management/integrations.ts:338,4,no,,,candidate,,
api-symbol-9c9f0a71,api,2,symbol,zerado,,apps/api/tests/builder-test-run.test.ts:312,2,no,,,candidate,,
api-symbol-f601523d,api,2,symbol,zerarComLimite,,apps/api/tests/desk-actions.test.ts:295,4,no,,,candidate,,
api-test-title-c75b2e78,api,2,test-title,"""Visualizar"" põe tudo em ler e ""Personalizado"" respeita linha a linha",,apps/api/tests/team-of-flow.test.ts:207,0,no,,,candidate,,
api-test-title-6e00f037,api,2,test-title,"200 com relatorio.ver, devolvendo só as respostas do próprio tenant",,apps/api/tests/satisfaction-survey.test.ts:170,0,no,,,candidate,,
api-test-title-08e5a146,api,2,test-title,401 sem sessão,,apps/api/tests/satisfaction-survey.test.ts:159,0,no,,,candidate,,
api-test-title-f9496958,api,2,test-title,403 sem a permissão relatorio.ver,,apps/api/tests/satisfaction-survey.test.ts:164,0,no,,,candidate,,
api-test-title-9d0a42ee,api,2,test-title,"403 without `automacao.fluxo.editar`, 404 for another tenant or an invalid id",,apps/api/tests/builder-test-run.test.ts:458,0,no,,,candidate,,
api-test-title-4e0a5f60,api,2,test-title,a barra final não separa a mesma origem em duas,,apps/api/tests/inbound.test.ts:369,0,no,,,candidate,,
api-test-title-5030983a,api,2,test-title,a conexão some do registro quando o socket fecha,,apps/api/tests/realtime.test.ts:310,0,no,,,candidate,,
api-test-title-c0999ad8,api,2,test-title,a corrida: duas puxadas simultâneas com uma vaga só não furam o limite,,apps/api/tests/desk-actions.test.ts:339,0,no,,,candidate,,
api-test-title-6ab72bd7,api,2,test-title,a etiqueta aplicada aparece em GET /v1/desk/conversations/:id e pré-marca o encerramento,,apps/api/tests/etiquetas.test.ts:229,0,no,,,candidate,,
api-test-title-b6412e5f,api,2,test-title,a lista de um tenant não aparece para o outro,,apps/api/tests/palavras-proibidas.test.ts:264,0,no,,,candidate,,
api-test-title-72572664,api,2,test-title,a MergeContact extras.teams before the handoff sends the ticket to that queue,,apps/api/tests/desk-availability.test.ts:148,0,no,,,candidate,,
api-test-title-ffd5ba55,api,2,test-title,"a mudança entra no log de auditoria, com o autor e o que mudou",,apps/api/tests/permissions-of-agent.test.ts:314,0,no,,,candidate,,
api-test-title-86959fa0,api,2,test-title,a origem de quem começou o login,,apps/api/tests/inbound.test.ts:352,0,no,,,candidate,,
api-test-title-3e8a3214,api,2,test-title,"a resposta sai pelo worker para o IGSID, com o token decifrado, e o `read` marca lida",,apps/api/tests/instagram.test.ts:277,0,no,,,candidate,,
api-test-title-dbac081a,api,2,test-title,"aceita os hosts documentados, só em https",,apps/api/tests/media-received.test.ts:131,0,no,,,candidate,,
api-test-title-c465abe1,api,2,test-title,aceita telefone de fora do +55 sem país em vez de descartá-lo,,apps/api/tests/twenty.test.ts:69,0,no,,,candidate,,
api-test-title-e2230aea,api,2,test-title,"administrador importa, e o corpo cru é o CSV",,apps/api/tests/import.test.ts:268,0,no,,,candidate,,
api-test-title-4d7bd349,api,2,test-title,"alerta no limiar certo, estourado no prazo certo, e idempotente nos dois",,apps/api/tests/sla-motor.test.ts:185,0,no,,,candidate,,
api-test-title-f72c0eff,api,2,test-title,Allow API keys with `contatos:escrever` to apply labels and `contatos:ler` to list them; reject missing scopes,,apps/api/tests/etiquetas.test.ts:390,0,no,,,candidate,,
api-test-title-7a6342f3,api,2,test-title,Allow API keys with `conversas:escrever` to label any conversation and return 403 without that scope,,apps/api/tests/etiquetas.test.ts:298,0,no,,,candidate,,
api-test-title-2f7c1420,api,2,test-title,"altera o nível, registra no log e não grava quando nada mudou",,apps/api/tests/team-of-flow.test.ts:295,0,no,,,candidate,,
api-test-title-1c801954,api,2,test-title,an explicit filaId is the queue checked; an available queue opens the ticket,,apps/api/tests/engine-services.test.ts:143,0,no,,,candidate,,
api-test-title-a99a07db,api,2,test-title,antes da 2.12 pede isCustom e dispensa o workspace,,apps/api/tests/dictionary-crm.test.ts:121,0,no,,,candidate,,
api-test-title-898627a4,api,2,test-title,"aplica, é idempotente, remove, e cada gesto grava auditoria",,apps/api/tests/etiquetas.test.ts:178,0,no,,,candidate,,
api-test-title-72ba2a4d,api,2,test-title,"Apply, list, remove, and audit contact labels with `contato.editar`",,apps/api/tests/etiquetas.test.ts:320,0,no,,,candidate,,
api-test-title-2dbe6d19,api,2,test-title,assina a WABA e depois sobrescreve o callback do número com webhook_configuration,,apps/api/tests/channels.test.ts:1142,0,no,,,candidate,,
api-test-title-85735c99,api,2,test-title,assinatura inválida é 401 e não grava nada,,apps/api/tests/instagram.test.ts:231,0,no,,,candidate,,
api-test-title-37d44b9b,api,2,test-title,áudio acima de 16 MB é recusado — o mesmo teto do upload manual,,apps/api/tests/media-received.test.ts:268,0,no,,,candidate,,
api-test-title-66c1e1f6,api,2,test-title,"áudio acima de 16 MB é recusado, mesmo abaixo dos 100 MB",,apps/api/tests/attachments.test.ts:115,0,no,,,candidate,,
api-test-title-f8acd0ac,api,2,test-title,"baixa, confere sha256 e grava — o MIME final é o dos bytes, não o declarado",,apps/api/tests/media-received.test.ts:151,0,no,,,candidate,,
api-test-title-5fcfc079,api,2,test-title,Bearer inválido não cai no caminho do cookie,,apps/api/tests/envio-session.test.ts:347,0,no,,,candidate,,
api-test-title-669e7c01,api,2,test-title,boasVindasPreenchida acompanha a Tela de Boas-vindas,,apps/api/tests/configuration-of-flow.test.ts:216,0,no,,,candidate,,
api-test-title-76116be9,api,2,test-title,bot com o dublê do WhatsApp,,apps/api/tests/flow.test.ts:111,0,no,,,candidate,,
api-test-title-1596bfe7,api,2,test-title,bot entrega os cinco tipos do slot conteudo-midia,,apps/api/tests/flow-content.test.ts:143,0,no,,,candidate,,
api-test-title-886c8463,api,2,test-title,busca acima de 200 caracteres é recusada com 400,,apps/api/tests/satisfaction-survey.test.ts:221,0,no,,,candidate,,
api-test-title-9ac0c8c2,api,2,test-title,cadastra o link e gera o código curto,,apps/api/tests/growth.test.ts:74,0,no,,,candidate,,
api-test-title-0196eb25,api,2,test-title,"caminho errado, 404",,apps/api/tests/realtime.test.ts:161,0,no,,,candidate,,
api-test-title-01a6b4d5,api,2,test-title,campo ausente não mexe; nada mudado não grava nem registra,,apps/api/tests/cycle-of-lifetime-of-flow.test.ts:331,0,no,,,candidate,,
api-test-title-1620d840,api,2,test-title,"celular antigo ganha o 9, fixo fica como está, e número sem DDI ganha o 55",,apps/api/tests/import.test.ts:91,0,no,,,candidate,,
api-test-title-e1e41ea0,api,2,test-title,certificado de outro tenant não é achado,,apps/api/tests/contract.test.ts:510,0,no,,,candidate,,
api-test-title-87429e76,api,2,test-title,certificado vencido entra com status expirado,,apps/api/tests/contract.test.ts:381,0,no,,,candidate,,
api-test-title-a0fde6d8,api,2,test-title,"change-status answers LIME failures instead of throwing, without effects",,apps/api/tests/engine-services.test.ts:183,0,no,,,candidate,,
api-test-title-e55cfb5f,api,2,test-title,"change-status refuses another ticket and 'Open': LIME failures, the conversation untouched",,apps/api/tests/desk-write-commands.test.ts:163,0,no,,,candidate,,
api-test-title-de3e5492,api,2,test-title,Check `automacao.fluxo.editar` before channel and welcome validation,,apps/api/tests/configuration-of-flow.test.ts:241,0,no,,,candidate,,
api-test-title-bc9a4c78,api,2,test-title,"cliente da Metadata API, contra a resposta gravada do Twenty 2.39",,apps/api/tests/dictionary-crm.test.ts:93,0,no,,,candidate,,
api-test-title-f033008c,api,2,test-title,código em branco é recusado sem falar com a Meta,,apps/api/tests/channels.test.ts:241,0,no,,,candidate,,
api-test-title-2a47a3b2,api,2,test-title,códigos de recusa,,apps/api/tests/inbound.test.ts:243,0,no,,,candidate,,
api-test-title-e4954897,api,2,test-title,coexistência: não registra e nem pergunta a saúde,,apps/api/tests/channels.test.ts:342,0,no,,,candidate,,
api-test-title-05e7e793,api,2,test-title,"com DOIS admins, rebaixar ou remover um deles funciona",,apps/api/tests/contract.test.ts:319,0,no,,,candidate,,
api-test-title-f2e31dc7,api,2,test-title,com politica=obrigatorio o login pelo Google é recusado no SERVIDOR,,apps/api/tests/sso.test.ts:287,0,no,,,candidate,,
api-test-title-4de5cbc5,api,2,test-title,Connect a new channel to a bot using `fluxo_id`,,apps/api/tests/channel-of-flow.test.ts:337,0,no,,,candidate,,
api-test-title-11c6b21e,api,2,test-title,contato.atributos e lead.utm/customizados lidos pelo caminho de leitura real batem com as fixtures,,apps/api/tests/jsonb-compat.test.ts:372,0,no,,,candidate,,
api-test-title-5c422d7e,api,2,test-title,Conteúdo dinâmico escrito pelo Builder resolve e chega ao cliente como texto (CR-04),,apps/api/tests/flow-content.test.ts:166,0,no,,,candidate,,
api-test-title-bb12b7df,api,2,test-title,conversão de campo entre Pipe e Twenty,,apps/api/tests/twenty.test.ts:50,0,no,,,candidate,,
api-test-title-723ad881,api,2,test-title,convivência: SSO obrigatório não tem porta dos fundos,,apps/api/tests/sso.test.ts:286,0,no,,,candidate,,
api-test-title-82dfb88a,api,2,test-title,"cookie com token inexistente, 401",,apps/api/tests/inbound.test.ts:113,0,no,,,candidate,,
api-test-title-e93b3adb,api,2,test-title,"Create a channel and inbox, encrypt secrets, subscribe the webhook, and return its credentials",,apps/api/tests/instagram.test.ts:138,0,no,,,candidate,,
api-test-title-787cad6a,api,2,test-title,"cria (201), registra no log e aparece na lista",,apps/api/tests/palavras-proibidas.test.ts:223,0,no,,,candidate,,
api-test-title-60775652,api,2,test-title,cria e registra no log de auditoria,,apps/api/tests/registrations-attendance.test.ts:730,0,no,,,candidate,,
api-test-title-71c7cd9e,api,2,test-title,cria e registra no log,,apps/api/tests/registrations-attendance.test.ts:436,0,no,,,candidate,,
api-test-title-27f80a89,api,2,test-title,cria e registra no log,,apps/api/tests/registrations-attendance.test.ts:520,0,no,,,candidate,,
api-test-title-d47aaf9b,api,2,test-title,"cria, lista e registra no log",,apps/api/tests/registrations-attendance.test.ts:1111,0,no,,,candidate,,
api-test-title-856153c7,api,2,test-title,cross-tenant e uuid malformado são 404,,apps/api/tests/integrations.test.ts:332,0,no,,,candidate,,
api-test-title-a00f8192,api,2,test-title,desconectar (webhook_teardown_service_spec),,apps/api/tests/channels.test.ts:1038,0,no,,,candidate,,
api-test-title-4d2edcf3,api,2,test-title,"desligada, que é o padrão: 404, e nada é criado — é a venda assistida",,apps/api/tests/accounts.test.ts:49,0,no,,,candidate,,
api-test-title-15a2add2,api,2,test-title,devolve a linha do OUTBOX para pendente — sem isso nada era reentregue,,apps/api/tests/envio-session.test.ts:216,0,no,,,candidate,,
api-test-title-edabcc8a,api,2,test-title,devolve nulo para telefone que não é E.164,,apps/api/tests/twenty.test.ts:75,0,no,,,candidate,,
api-test-title-f9bf9b87,api,2,test-title,"devolve o `hub.challenge` cru com o token do ambiente, e 403 sem ele",,apps/api/tests/channels.test.ts:1186,0,no,,,candidate,,
api-test-title-aa0f62bc,api,2,test-title,devolve o número formatado,,apps/api/tests/channels.test.ts:270,0,no,,,candidate,,
api-test-title-cce114c8,api,2,test-title,devolve o token,,apps/api/tests/channels.test.ts:237,0,no,,,candidate,,
api-test-title-e73f5005,api,2,test-title,devolve os bytes com o link válido,,apps/api/tests/attachments.test.ts:147,0,no,,,candidate,,
api-test-title-d32acde4,api,2,test-title,"devolve os limites em vigor, para a tela não repetir número mágico",,apps/api/tests/messages-active.test.ts:322,0,no,,,candidate,,
api-test-title-96283305,api,2,test-title,Do not save a draft without `automacao.fluxo.editar`,,apps/api/tests/builder-by-flow.test.ts:425,0,no,,,candidate,,
api-test-title-644abff3,api,2,test-title,é um no-op se já está offline: não reescreve `desde`,,apps/api/tests/desk-actions.test.ts:200,0,no,,,candidate,,
api-test-title-19ed796f,api,2,test-title,e-mail não verificado pelo Google tem código próprio,,apps/api/tests/inbound.test.ts:255,0,no,,,candidate,,
api-test-title-0101e483,api,2,test-title,edita início/fim e registra só o que mudou,,apps/api/tests/registrations-attendance.test.ts:927,0,no,,,candidate,,
api-test-title-37bf055d,api,2,test-title,"edita nome, e-mail e telefone, e registra só o que mudou",,apps/api/tests/contacts-editar.test.ts:143,0,no,,,candidate,,
api-test-title-7dee722f,api,2,test-title,"edita o termo e desativa, registrando só o que mudou",,apps/api/tests/palavras-proibidas.test.ts:273,0,no,,,candidate,,
api-test-title-17e17018,api,2,test-title,"edita prazo e alerta juntos, e registra só o que mudou",,apps/api/tests/registrations-attendance.test.ts:783,0,no,,,candidate,,
api-test-title-35581b11,api,2,test-title,encolher o prazo abaixo do alerta já cadastrado sem mandar o novo alerta é 400,,apps/api/tests/registrations-attendance.test.ts:795,0,no,,,candidate,,
api-test-title-258e7a0a,api,2,test-title,encontrarPalavrasProibidas — a régua de §3.4,,apps/api/tests/palavras-proibidas.test.ts:189,0,no,,,candidate,,
api-test-title-f0725baf,api,2,test-title,"entrega_webhook.payload é lido pelo remetente de webhook de verdade, fetch mockado",,apps/api/tests/jsonb-compat.test.ts:311,0,no,,,candidate,,
api-test-title-779a0d6b,api,2,test-title,evento com dono só chega ao dono,,apps/api/tests/realtime.test.ts:254,0,no,,,candidate,,
api-test-title-6cb9d59a,api,2,test-title,exclui (204); de outro tenant é 404; id malformado é 404,,apps/api/tests/registrations-attendance.test.ts:480,0,no,,,candidate,,
api-test-title-8cbeb630,api,2,test-title,exclui o certificado,,apps/api/tests/contract.test.ts:472,0,no,,,candidate,,
api-test-title-5b3cf878,api,2,test-title,excluir o último host apaga o certificado junto,,apps/api/tests/contract.test.ts:490,0,no,,,candidate,,
api-test-title-8b4b82ae,api,2,test-title,fecha a espera em aberto antes de transferir,,apps/api/tests/transferencia.test.ts:228,0,no,,,candidate,,
api-test-title-1f60099b,api,2,test-title,fecha metrica_diaria a partir dos eventos e é idempotente,,apps/api/tests/ponta-a-ponta.test.ts:360,0,no,,,candidate,,
api-test-title-0c64d054,api,2,test-title,Fill all 24 hourly slots with zeroes where the database returned no data,,apps/api/tests/monitoring-summary.test.ts:31,0,no,,,candidate,,
api-test-title-00dd122b,api,2,test-title,filtra por nota,,apps/api/tests/satisfaction-survey.test.ts:178,0,no,,,candidate,,
api-test-title-d4b4d15e,api,2,test-title,Find a contact by pipeContatoId before creating it and adopt an orphan match,,apps/api/tests/twenty.test.ts:123,0,no,,,candidate,,
api-test-title-397fd62a,api,2,test-title,fixo não ganha 9: só a faixa de celular é normalizada,,apps/api/tests/inbound-phone.test.ts:85,0,no,,,candidate,,
api-test-title-54587511,api,2,test-title,GET /v1/convites/:token,,apps/api/tests/convites.test.ts:245,0,no,,,candidate,,
api-test-title-73df0de9,api,2,test-title,GET /v1/etiquetas — o catálogo do tenant,,apps/api/tests/etiquetas.test.ts:155,0,no,,,candidate,,
api-test-title-b5031ad8,api,2,test-title,GET/POST/DELETE /v1/contacts/:id/etiquetas — o contato,,apps/api/tests/etiquetas.test.ts:319,0,no,,,candidate,,
api-test-title-ea69cc63,api,2,test-title,grava sem mandar Authorization,,apps/api/tests/media-received.test.ts:193,0,no,,,candidate,,
api-test-title-b4892809,api,2,test-title,horário inexistente é 400; cor fora da paleta é 400,,apps/api/tests/registrations-attendance.test.ts:185,0,no,,,candidate,,
api-test-title-60ce0d84,api,2,test-title,host fora da lista,,apps/api/tests/media-received.test.ts:245,0,no,,,candidate,,
api-test-title-07064628,api,2,test-title,host sem certificado segue pelo fetch normal,,apps/api/tests/contract.test.ts:653,0,no,,,candidate,,
api-test-title-482034f9,api,2,test-title,"HTML sai como download, nunca inline — é assim que o XSS não acontece",,apps/api/tests/attachments.test.ts:196,0,no,,,candidate,,
api-test-title-ab2babfe,api,2,test-title,"Ignore account echoes, resolve attachment URLs, and discard other accounts' events",,apps/api/tests/instagram.test.ts:261,0,no,,,candidate,,
api-test-title-cfe3002b,api,2,test-title,Ignore agent IDs in the request body so users cannot impersonate colleagues (`atendente_id`),,apps/api/tests/envio-session.test.ts:126,0,no,,,candidate,,
api-test-title-2a8ec9b8,api,2,test-title,Ignore echoes and apply Get Started and persistent-menu settings to the Page,,apps/api/tests/messenger.test.ts:135,0,no,,,candidate,,
api-test-title-0821d3e0,api,2,test-title,"Instagram: baixa direto da URL do CDN, sem token",,apps/api/tests/media-received.test.ts:192,0,no,,,candidate,,
api-test-title-3b7fdc53,api,2,test-title,invisível e offline também são aceitos,,apps/api/tests/desk-actions.test.ts:172,0,no,,,candidate,,
api-test-title-0f39a380,api,2,test-title,jsonb-compat: flow execution (resume),,apps/api/tests/jsonb-compat.test.ts:241,0,no,,,candidate,,
api-test-title-b061ea19,api,2,test-title,Keep API-key sends and request-body agent IDs working (`atendente_id`),,apps/api/tests/envio-session.test.ts:322,0,no,,,candidate,,
api-test-title-c0b70ed6,api,2,test-title,Keep no priority when a registered rule does not match (`sem_prioridade`),,apps/api/tests/priority.test.ts:148,0,no,,,candidate,,
api-test-title-80e49322,api,2,test-title,"lê a prévia, grava nota e deixa auditoria",,apps/api/tests/monitoring-conversations.test.ts:132,0,no,,,candidate,,
api-test-title-213288c3,api,2,test-title,"libera origem da lista, com credencial",,apps/api/tests/inbound.test.ts:270,0,no,,,candidate,,
api-test-title-b79b014f,api,2,test-title,liberar uma vaga (encerrar) volta a deixar puxar,,apps/api/tests/desk-actions.test.ts:329,0,no,,,candidate,,
api-test-title-61a5f4b3,api,2,test-title,"ligada, e-mail inválido ou pessoal: recusado com a frase do Chatwoot",,apps/api/tests/accounts.test.ts:66,0,no,,,candidate,,
api-test-title-882e3671,api,2,test-title,"ligada: provisiona tenant e administrador, e o mesmo e-mail não entra de novo",,apps/api/tests/accounts.test.ts:78,0,no,,,candidate,,
api-test-title-007d812d,api,2,test-title,"limpa espaço, hífen, parêntese e o +",,apps/api/tests/channels.test.ts:317,0,no,,,candidate,,
api-test-title-c74a2e65,api,2,test-title,linhas inválidas,,apps/api/tests/import.test.ts:171,0,no,,,candidate,,
api-test-title-324034a2,api,2,test-title,List each member's role and reject users without conta.membros.ler,,apps/api/tests/contract.test.ts:184,0,no,,,candidate,,
api-test-title-e3eef6d4,api,2,test-title,log_auditoria.antes/depois lidos pela tabela drizzle batem com o documento da fixture,,apps/api/tests/jsonb-compat.test.ts:347,0,no,,,candidate,,
api-test-title-a8cf47c5,api,2,test-title,maps MergeContact fields once for both sides and skips an empty merge,,apps/api/tests/engine-services.test.ts:99,0,no,,,candidate,,
api-test-title-07fc5f5b,api,2,test-title,Mark the old conversation with `encerrada_por = transfer`,,apps/api/tests/transferencia.test.ts:140,0,no,,,candidate,,
api-test-title-39bb9934,api,2,test-title,"mensagem.dados (pergunta de menu) é lido pelo construtor de entrega de verdade, canal mockado",,apps/api/tests/jsonb-compat.test.ts:263,0,no,,,candidate,,
api-test-title-0a2f20fa,api,2,test-title,Merge supplied contact attributes while preserving unspecified attributes,,apps/api/tests/contacts-editar.test.ts:197,0,no,,,candidate,,
api-test-title-b9669de6,api,2,test-title,"monta o link para a FICHA, nunca para a home",,apps/api/tests/twenty.test.ts:81,0,no,,,candidate,,
api-test-title-6b019fd0,api,2,test-title,Move an edited SSO connection back to draft,,apps/api/tests/sso.test.ts:174,0,no,,,candidate,,
api-test-title-b74a8e98,api,2,test-title,Move an inactive agent offline and close its open pause,,apps/api/tests/desk-actions.test.ts:187,0,no,,,candidate,,
api-test-title-fdb9a10d,api,2,test-title,mTLS na saída (webhooks),,apps/api/tests/contract.test.ts:570,0,no,,,candidate,,
api-test-title-f4ce3e7e,api,2,test-title,na 2.12+ pede applicationId e NÃO isCustom — pedir campo que não existe derruba a query,,apps/api/tests/dictionary-crm.test.ts:112,0,no,,,candidate,,
api-test-title-e837ecf4,api,2,test-title,nada mudado não grava nem registra,,apps/api/tests/palavras-proibidas.test.ts:287,0,no,,,candidate,,
api-test-title-eef01883,api,2,test-title,nada mudado não grava nem registra,,apps/api/tests/registrations-attendance.test.ts:237,0,no,,,candidate,,
api-test-title-9d104791,api,2,test-title,não exige SSO com a conexão desligada — é o incidente clássico,,apps/api/tests/sso.test.ts:154,0,no,,,candidate,,
api-test-title-dd934f54,api,2,test-title,não toca uma linha em chamando dentro do limite,,apps/api/tests/process-http-retomada.test.ts:277,0,no,,,candidate,,
api-test-title-7937bfd7,api,2,test-title,"no modo padrão é o dublê, e o dublê registra o que enviou",,apps/api/tests/email.test.ts:152,0,no,,,candidate,,
api-test-title-0b8ad74d,api,2,test-title,nome fora do mapa é 404,,apps/api/tests/desk-actions.test.ts:129,0,no,,,candidate,,
api-test-title-62cc436f,api,2,test-title,nome repetido é 409,,apps/api/tests/registrations-attendance.test.ts:647,0,no,,,candidate,,
api-test-title-f7988fd6,api,2,test-title,"normaliza sem acento e sem caixa, colapsando espaços",,apps/api/tests/palavras-proibidas.test.ts:190,0,no,,,candidate,,
api-test-title-6cf66a59,api,2,test-title,null apaga o campo; campo ausente não mexe,,apps/api/tests/contacts-editar.test.ts:163,0,no,,,candidate,,
api-test-title-57c23fad,api,2,test-title,"nunca devolve resposta de outro tenant, mesmo filtrando pelos ids dele",,apps/api/tests/satisfaction-survey.test.ts:192,0,no,,,candidate,,
api-test-title-8a227e5d,api,2,test-title,"o callback do cadastro embutido (POST /v1/channels/whatsapp), contra o dublê",,apps/api/tests/channels.test.ts:143,0,no,,,candidate,,
api-test-title-91141c06,api,2,test-title,"o cliente real, com fetch injetado (facebook_api_client_spec) — nenhuma chamada sai para a rede",,apps/api/tests/channels.test.ts:1104,0,no,,,candidate,,
api-test-title-5f2219e3,api,2,test-title,"o envio real manda {recipient:{id}, message:{attachment}} e a legenda em seguida",,apps/api/tests/instagram.test.ts:186,0,no,,,candidate,,
api-test-title-058bce28,api,2,test-title,"o evento diz O QUE mudou, nunca O QUE É",,apps/api/tests/realtime.test.ts:293,0,no,,,candidate,,
api-test-title-c5a88625,api,2,test-title,o link direto /e/<slug> resolve o tenant pela URL,,apps/api/tests/sso.test.ts:231,0,no,,,candidate,,
api-test-title-74a85b96,api,2,test-title,"o payload tem só assunto, id e hora — nada do registro",,apps/api/tests/realtime.test.ts:294,0,no,,,candidate,,
api-test-title-92d169d8,api,2,test-title,o que sumiu do CRM fica inativo e marcado — nunca apagado,,apps/api/tests/dictionary-crm.test.ts:231,0,no,,,candidate,,
api-test-title-2c04d4cd,api,2,test-title,o que volta ao CRM volta ativo,,apps/api/tests/dictionary-crm.test.ts:257,0,no,,,candidate,,
api-test-title-c25bec1f,api,2,test-title,o teto de 50 fixadas da origem,,apps/api/tests/desk-actions.test.ts:458,0,no,,,candidate,,
api-test-title-9abca122,api,2,test-title,o último administrador,,apps/api/tests/contract.test.ts:287,0,no,,,candidate,,
api-test-title-80d3a27d,api,2,test-title,origem da lista manda a volta para o aplicativo certo,,apps/api/tests/inbound.test.ts:353,0,no,,,candidate,,
api-test-title-db4c5958,api,2,test-title,origem de fora da lista não recebe o cabeçalho — e nunca curinga,,apps/api/tests/inbound.test.ts:278,0,no,,,candidate,,
api-test-title-5c9bcc9f,api,2,test-title,"origem fora de PIPE_ORIGENS, 403 — CORS não vale para WebSocket",,apps/api/tests/realtime.test.ts:150,0,no,,,candidate,,
api-test-title-28d43117,api,2,test-title,os BYTES desmentem o Content-Type: PNG declarado como PDF vira PNG,,apps/api/tests/attachments.test.ts:104,0,no,,,candidate,,
api-test-title-aa9e204e,api,2,test-title,palavra solta é substring do token; frase é substring do texto,,apps/api/tests/palavras-proibidas.test.ts:194,0,no,,,candidate,,
api-test-title-cf8900eb,api,2,test-title,"parâmetros ausentes: a mesma recusa do original, antes de falar com a Meta",,apps/api/tests/channels.test.ts:219,0,no,,,candidate,,
api-test-title-16e3b516,api,2,test-title,PATCH /v1/management/agents/queues/:id — renomear e ativar/desativar,,apps/api/tests/registrations-attendance.test.ts:210,0,no,,,candidate,,
api-test-title-c291ed16,api,2,test-title,PATCH e DELETE /v1/management/flows/:id/team/:usuarioId,,apps/api/tests/team-of-flow.test.ts:294,0,no,,,candidate,,
api-test-title-8979ab14,api,2,test-title,pausa sem motivo é recusada; não muda o status atual,,apps/api/tests/desk-actions.test.ts:147,0,no,,,candidate,,
api-test-title-6736ee1f,api,2,test-title,perfil do número (GET/PATCH /v1/channels/whatsapp/:id/profile),,apps/api/tests/channels.test.ts:522,0,no,,,candidate,,
api-test-title-79a8606f,api,2,test-title,Phone Number ID que não é da WABA: recusado,,apps/api/tests/channels.test.ts:453,0,no,,,candidate,,
api-test-title-8d569b8f,api,2,test-title,phone_number_id informado e ausente da WABA: recusa em vez de cair para outro número,,apps/api/tests/channels.test.ts:285,0,no,,,candidate,,
api-test-title-052b77eb,api,2,test-title,plano fora do catálogo não passa: franquia não tem onde morar em texto livre,,apps/api/tests/convites.test.ts:598,0,no,,,candidate,,
api-test-title-d29faebb,api,2,test-title,POST /v1/conversations/:id/messages — a lista barra o envio do atendente,,apps/api/tests/palavras-proibidas.test.ts:371,0,no,,,candidate,,
api-test-title-91d6b37a,api,2,test-title,POST /v1/convites/:token/aceitar,,apps/api/tests/convites.test.ts:282,0,no,,,candidate,,
api-test-title-4a3de491,api,2,test-title,POST /v1/convites,,apps/api/tests/convites.test.ts:138,0,no,,,candidate,,
api-test-title-6999d2dd,api,2,test-title,POST /v1/desk/actions/:action — lista fechada e sessão obrigatória,,apps/api/tests/desk-actions.test.ts:128,0,no,,,candidate,,
api-test-title-38db8be4,api,2,test-title,POST /v1/dominios,,apps/api/tests/convites.test.ts:418,0,no,,,candidate,,
api-test-title-969c03c6,api,2,test-title,POST /v1/management/flows/:id/builder/versions/:versao/restore,,apps/api/tests/builder-by-flow.test.ts:606,0,no,,,candidate,,
api-test-title-a9221436,api,2,test-title,POST/DELETE /v1/conversations/:id/labels — a conversa aberta,,apps/api/tests/etiquetas.test.ts:177,0,no,,,candidate,,
api-test-title-971a29ec,api,2,test-title,Prevent users without `usuario.gerenciar` from editing any agent's permissions,,apps/api/tests/permissions-of-agent.test.ts:298,0,no,,,candidate,,
api-test-title-eb1fa839,api,2,test-title,queda,,apps/api/tests/realtime.test.ts:309,7,no,,,candidate,,
api-test-title-03c7f9e7,api,2,test-title,Raise priority one step and reorder the waiting queue after an SLA breach (`elevar_prioridade`),,apps/api/tests/sla-motor.test.ts:259,0,no,,,candidate,,
api-test-title-d44ec9c3,api,2,test-title,rating fora de 1-5 é recusado com 400,,apps/api/tests/satisfaction-survey.test.ts:186,0,no,,,candidate,,
api-test-title-da703c6a,api,2,test-title,Read `:id` after /fluxos/ or `:flowId` elsewhere without matching unrelated routes,,apps/api/tests/key-of-flow.test.ts:185,0,no,,,candidate,,
api-test-title-fcd74834,api,2,test-title,Read real flow connection identifiers and endpoints with `automacao.fluxo.editar`,,apps/api/tests/integrations.test.ts:266,0,no,,,candidate,,
api-test-title-93fd636b,api,2,test-title,reagenda a cada tentativa e desiste no limite — sem gastar a permanente,,apps/api/tests/media-received.test.ts:290,0,no,,,candidate,,
api-test-title-bd679ee5,api,2,test-title,Reconnect a disconnected channel by canal_id without creating a duplicate,,apps/api/tests/channels.test.ts:402,0,no,,,candidate,,
api-test-title-48bcce1b,api,2,test-title,Record `criada` and `transferida_fila` on a queue transfer,,apps/api/tests/transferencia.test.ts:204,0,no,,,candidate,,
api-test-title-d41e7dfb,api,2,test-title,Record `espera_iniciada` when a conversation enters the waiting state,,apps/api/tests/conversation-events.test.ts:201,0,no,,,candidate,,
api-test-title-d8ea795c,api,2,test-title,Record `mensagem_saida` and `primeira_resposta` events for management reports,,apps/api/tests/envio-session.test.ts:143,0,no,,,candidate,,
api-test-title-eef81a4c,api,2,test-title,Record a reasoned pausa as an agent state and an open `pause` row,,apps/api/tests/desk-actions.test.ts:154,0,no,,,candidate,,
api-test-title-0935c060,api,2,test-title,recupera uma linha presa em chamando além do limite e destrava a conversa,,apps/api/tests/process-http-retomada.test.ts:245,0,no,,,candidate,,
api-test-title-d1953921,api,2,test-title,recusa (400) abrir sem horário próprio e (400) fechar sem limpar o horário,,apps/api/tests/registrations-attendance.test.ts:1018,0,no,,,candidate,,
api-test-title-85e74ed5,api,2,test-title,"recusa (400) com a palavra encontrada, e nada é gravado; sem acento e sem caixa; palavra desativada não barra; outro tenant não é afetado",,apps/api/tests/palavras-proibidas.test.ts:372,0,no,,,candidate,,
api-test-title-c35168c8,api,2,test-title,recusa (409) fim antes ou igual ao início,,apps/api/tests/registrations-attendance.test.ts:943,0,no,,,candidate,,
api-test-title-6e6dd1e0,api,2,test-title,recusa a mesma pessoa duas vezes e nível que a origem não tem,,apps/api/tests/team-of-flow.test.ts:240,0,no,,,candidate,,
api-test-title-a51601f9,api,2,test-title,"recusa alvo inválido (400), prazo inválido (400), alerta ≥ prazo (400) e nome repetido (409)",,apps/api/tests/registrations-attendance.test.ts:738,0,no,,,candidate,,
api-test-title-c48100f2,api,2,test-title,recusa ANTES de baixar bytes — o dublê nunca é chamado,,apps/api/tests/media-received.test.ts:246,0,no,,,candidate,,
api-test-title-384f8278,api,2,test-title,recusa assinatura adulterada,,apps/api/tests/attachments.test.ts:169,0,no,,,candidate,,
api-test-title-1d0f658c,api,2,test-title,recusa assunto que não existe,,apps/api/tests/realtime.test.ts:179,0,no,,,candidate,,
api-test-title-533e30f0,api,2,test-title,recusa desafio com verify_token errado,,apps/api/tests/ponta-a-ponta.test.ts:86,0,no,,,candidate,,
api-test-title-cb12504c,api,2,test-title,recusa emissor `common` do Entra: com ele qualquer diretório entraria,,apps/api/tests/sso.test.ts:132,0,no,,,candidate,,
api-test-title-2e7221d2,api,2,test-title,recusa emissor que não é https,,apps/api/tests/sso.test.ts:122,0,no,,,candidate,,
api-test-title-4bc01a58,api,2,test-title,recusa host que não é HTTPS válido,,apps/api/tests/contract.test.ts:464,0,no,,,candidate,,
api-test-title-c5224c82,api,2,test-title,recusa link sem assinatura,,apps/api/tests/attachments.test.ts:163,0,no,,,candidate,,
api-test-title-77a70883,api,2,test-title,recusa lista vazia e template ausente,,apps/api/tests/messages-active.test.ts:253,0,no,,,candidate,,
api-test-title-792da35c,api,2,test-title,"recusa nome curto, nome que não começa com letra e nome repetido — com a frase da tela",,apps/api/tests/cycle-of-lifetime-of-flow.test.ts:231,0,no,,,candidate,,
api-test-title-cdb5280c,api,2,test-title,recusa payload com assinatura inválida,,apps/api/tests/ponta-a-ponta.test.ts:94,0,no,,,candidate,,
api-test-title-3ed07e34,api,2,test-title,recusa quem não está online,,apps/api/tests/desk-actions.test.ts:243,0,no,,,candidate,,
api-test-title-b53dc740,api,2,test-title,recusa quem o IdP não confirmou o e-mail — é o caminho de escalada,,apps/api/tests/sso.test.ts:253,0,no,,,candidate,,
api-test-title-66ea8756,api,2,test-title,"recusa SSRF: http, localhost e IP privado; aceita https e some ao apagar",,apps/api/tests/integrations.test.ts:282,0,no,,,candidate,,
api-test-title-9c56e42c,api,2,test-title,recusa também o separador de caminho do Windows como abertura de redirect externo,,apps/api/tests/inbound.test.ts:373,0,no,,,candidate,,
api-test-title-17f8356a,api,2,test-title,recusa telefone fora do E.164,,apps/api/tests/contacts-editar.test.ts:171,0,no,,,candidate,,
api-test-title-f2104a0c,api,2,test-title,recusa tipo fora da lista da Blip,,apps/api/tests/attachments.test.ts:96,0,no,,,candidate,,
api-test-title-271d2003,api,2,test-title,recusas — e o disparo nunca é tudo-ou-nada,,apps/api/tests/messages-active.test.ts:200,0,no,,,candidate,,
api-test-title-c9cf4399,api,2,test-title,recusas apontam o campo errado e não chegam à Meta,,apps/api/tests/channels.test.ts:562,0,no,,,candidate,,
api-test-title-9475c540,api,2,test-title,recusas de formulário não chegam à Meta,,apps/api/tests/channels.test.ts:676,0,no,,,candidate,,
api-test-title-3082f770,api,2,test-title,recusas,,apps/api/tests/transferencia.test.ts:241,12,no,,,candidate,,
api-test-title-17723fa7,api,2,test-title,"reenviar manda o link NOVO, que é o que passa a valer",,apps/api/tests/email.test.ts:244,0,no,,,candidate,,
api-test-title-beca27f5,api,2,test-title,refuses agent-only states and routes na_fila to a rule-decided entry,,apps/api/tests/engine-services.test.ts:71,0,no,,,candidate,,
api-test-title-b4bf1b7a,api,2,test-title,registra e diz qual TXT publicar,,apps/api/tests/convites.test.ts:419,0,no,,,candidate,,
api-test-title-45aa068a,api,2,test-title,registra o número com messaging_product e o PIN em texto,,apps/api/tests/channels.test.ts:1162,0,no,,,candidate,,
api-test-title-a82f7bae,api,2,test-title,registro que falha não bloqueia: o webhook é configurado assim mesmo,,apps/api/tests/channels.test.ts:356,0,no,,,candidate,,
api-test-title-b57c047b,api,2,test-title,Reject active messages without a contact phone or contact ID (`contato_id`),,apps/api/tests/growth.test.ts:230,0,no,,,candidate,,
api-test-title-31ef2025,api,2,test-title,Reject flow creation without `automacao.fluxo.editar` using the screen message and save nothing,,apps/api/tests/cycle-of-lifetime-of-flow.test.ts:255,0,no,,,candidate,,
api-test-title-c921645b,api,2,test-title,Reject missing permissions and prevent `ler` access from granting `escrever` access,,apps/api/tests/team-of-flow.test.ts:370,0,no,,,candidate,,
api-test-title-df1c7696,api,2,test-title,Reject public email domains that cannot identify a company (`gmail.com`),,apps/api/tests/convites.test.ts:450,0,no,,,candidate,,
api-test-title-4f0838bd,api,2,test-title,remove e limpa o log com o que a pessoa tinha,,apps/api/tests/team-of-flow.test.ts:334,0,no,,,candidate,,
api-test-title-b711481f,api,2,test-title,"Remove the callback, release the number, unsubscribe the last WABA channel, and keep conversations",,apps/api/tests/channels.test.ts:1039,0,no,,,candidate,,
api-test-title-de7be214,api,2,test-title,renomear para um termo que já existe é 409,,apps/api/tests/palavras-proibidas.test.ts:295,0,no,,,candidate,,
api-test-title-2c3cbdcf,api,2,test-title,Replace all rule condicoes when `conditions` is supplied,,apps/api/tests/registrations-attendance.test.ts:613,0,no,,,candidate,,
api-test-title-714b6c7b,api,2,test-title,Require `automacao.fluxo.excluir` to archive a flow even when the user can edit,,apps/api/tests/cycle-of-lifetime-of-flow.test.ts:425,0,no,,,candidate,,
api-test-title-83f0fdcd,api,2,test-title,Require `automacao.fluxo.publicar` and return 404 for another tenant's flow,,apps/api/tests/builder-by-flow.test.ts:587,0,no,,,candidate,,
api-test-title-e344ec60,api,2,test-title,"Require `automacao.integracao.gerenciar` to save a flow connection, even for flow editors",,apps/api/tests/integrations.test.ts:321,0,no,,,candidate,,
api-test-title-32c6d461,api,2,test-title,Require `conversa.transferir` to transfer another agent's conversation,,apps/api/tests/transferencia.test.ts:269,0,no,,,candidate,,
api-test-title-08a27391,api,2,test-title,Require `etiqueta_id` and reject contact-only labels on conversations,,apps/api/tests/etiquetas.test.ts:239,0,no,,,candidate,,
api-test-title-fccdbea3,api,2,test-title,Require an existing scope ID for queue-scoped SLA rules and reject unsupported scopes (`fila`),,apps/api/tests/registrations-attendance.test.ts:758,0,no,,,candidate,,
api-test-title-79aac7bc,api,2,test-title,responde 503 e diz qual peça caiu,,apps/api/tests/saude.test.ts:30,0,no,,,candidate,,
api-test-title-2f041296,api,2,test-title,resposta pronta carimbada no mesmo insert,,apps/api/tests/envio-session.test.ts:296,0,no,,,candidate,,
api-test-title-80640826,api,2,test-title,Resume the flow at the block selected by human ticket closure,,apps/api/tests/flow.test.ts:207,0,no,,,candidate,,
api-test-title-58835f94,api,2,test-title,Return 400 when `anexo_ids` is absent or empty,,apps/api/tests/attachments-multiplos.test.ts:221,0,no,,,candidate,,
api-test-title-39a09145,api,2,test-title,Return 403 when a user without `conta.membros.escrever` registers a certificate,,apps/api/tests/contract.test.ts:529,0,no,,,candidate,,
api-test-title-05ecbb14,api,2,test-title,Return 403 when an agent imports contacts without permission (`sem_permissao`),,apps/api/tests/import.test.ts:261,0,no,,,candidate,,
api-test-title-f0c9a83e,api,2,test-title,Return 403 when creating an SLA rule without `regra.gerenciar` permission,,apps/api/tests/registrations-attendance.test.ts:775,0,no,,,candidate,,
api-test-title-6d389375,api,2,test-title,Return 403 when inviting without `conta.membros.escrever`,,apps/api/tests/contract.test.ts:235,0,no,,,candidate,,
api-test-title-b58ee961,api,2,test-title,Return 403 when listing certificates without conta.membros.ler,,apps/api/tests/contract.test.ts:540,0,no,,,candidate,,
api-test-title-859cbd16,api,2,test-title,Return 403 with `chave_de_fluxo` for flow keys on nonflow routes while allowing account keys,,apps/api/tests/key-of-flow.test.ts:170,0,no,,,candidate,,
api-test-title-8f940a0f,api,2,test-title,Return 403 without `automacao.fluxo.editar` and 404 for invalid or cross-tenant IDs,,apps/api/tests/builder-by-flow.test.ts:326,0,no,,,candidate,,
api-test-title-a958697f,api,2,test-title,Return 403 without `automacao.fluxo.editar` and 404 for invalid or cross-tenant IDs,,apps/api/tests/configuration-of-flow.test.ts:191,0,no,,,candidate,,
api-test-title-425a34c9,api,2,test-title,Return 403 without `automacao.integracao.gerenciar` and 404 for invalid or cross-tenant IDs,,apps/api/tests/integrations.test.ts:475,0,no,,,candidate,,
api-test-title-a8c44542,api,2,test-title,Return 403 without `chave_api.gerenciar` and 404 for invalid or cross-tenant IDs,,apps/api/tests/integrations.test.ts:201,0,no,,,candidate,,
api-test-title-f08fcd31,api,2,test-title,Return 403 without `conta.membros.escrever` even with an active session,,apps/api/tests/convites.test.ts:215,0,no,,,candidate,,
api-test-title-7050c6a3,api,2,test-title,Return 403 without `contato.editar` and 404 for cross-tenant or malformed IDs,,apps/api/tests/contacts-editar.test.ts:206,0,no,,,candidate,,
api-test-title-a64cb1f2,api,2,test-title,"Return 403 without `contato.editar` even with `conversa.etiquetar`, and 400 for a label with the wrong scope",,apps/api/tests/etiquetas.test.ts:362,0,no,,,candidate,,
api-test-title-f2fb4454,api,2,test-title,"Return 403 without `conversa.etiquetar` or for another agent's conversation, and 409 for a closed conversation",,apps/api/tests/etiquetas.test.ts:267,0,no,,,candidate,,
api-test-title-51a4211b,api,2,test-title,Return 403 without `fila.gerenciar` and 401 without a session,,apps/api/tests/registrations-attendance.test.ts:195,0,no,,,candidate,,
api-test-title-a1d00716,api,2,test-title,Return 403 without `fila.gerenciar` and 404 for another tenant's queue,,apps/api/tests/registrations-attendance.test.ts:333,0,no,,,candidate,,
api-test-title-6efdc55f,api,2,test-title,Return 403 without `fila.gerenciar` and 404 for cross-tenant or malformed IDs,,apps/api/tests/registrations-attendance.test.ts:245,0,no,,,candidate,,
api-test-title-74b89a51,api,2,test-title,Return 403 without `horario.gerenciar` and 404 for cross-tenant or malformed IDs,,apps/api/tests/registrations-attendance.test.ts:1056,0,no,,,candidate,,
api-test-title-0696e780,api,2,test-title,Return 403 without `horario.gerenciar` and 404 for cross-tenant or malformed IDs,,apps/api/tests/registrations-attendance.test.ts:964,0,no,,,candidate,,
api-test-title-973dbd65,api,2,test-title,Return 403 without `pausa.gerenciar`,,apps/api/tests/registrations-attendance.test.ts:542,0,no,,,candidate,,
api-test-title-63431d0c,api,2,test-title,Return 403 without `regra.gerenciar` and 404 for another tenant's queue routing rule,,apps/api/tests/registrations-attendance.test.ts:699,0,no,,,candidate,,
api-test-title-c9c98005,api,2,test-title,Return 403 without `regra.gerenciar` and 404 for cross-tenant or malformed IDs,,apps/api/tests/registrations-attendance.test.ts:1159,0,no,,,candidate,,
api-test-title-be32a0cf,api,2,test-title,Return 403 without `regra.gerenciar` and 404 for cross-tenant or malformed IDs,,apps/api/tests/registrations-attendance.test.ts:807,0,no,,,candidate,,
api-test-title-4acd37ba,api,2,test-title,"Return 403 without `regra.gerenciar` even with `fila.gerenciar`, and 404 for cross-tenant or malformed IDs",,apps/api/tests/registrations-attendance.test.ts:657,0,no,,,candidate,,
api-test-title-c7504ff9,api,2,test-title,Return 403 without `resposta_pronta.gerenciar` even with `fila.gerenciar`,,apps/api/tests/registrations-attendance.test.ts:460,0,no,,,candidate,,
api-test-title-209712f1,api,2,test-title,Return 403 without `tenant.configurar` and 401 without a session,,apps/api/tests/palavras-proibidas.test.ts:250,0,no,,,candidate,,
api-test-title-026bbf2a,api,2,test-title,Return 403 without `tenant.configurar` permission,,apps/api/tests/convites.test.ts:480,0,no,,,candidate,,
api-test-title-82d441eb,api,2,test-title,Return 403 without the message write scope (`mensagens:escrever`),,apps/api/tests/envio-session.test.ts:341,0,no,,,candidate,,
api-test-title-8443042e,api,2,test-title,Return 404 for another tenant's channel and require `canal.gerenciar` for templates,,apps/api/tests/channels.test.ts:697,0,no,,,candidate,,
api-test-title-b2b1cdcf,api,2,test-title,Return 404 for another tenant's channel and require `canal.gerenciar`,,apps/api/tests/channels.test.ts:586,0,no,,,candidate,,
api-test-title-059b2db7,api,2,test-title,Return null when no priority rule matches (`sem_prioridade`),,apps/api/tests/priority.test.ts:80,0,no,,,candidate,,
api-test-title-e52c043c,api,2,test-title,"runs the export's 'Atendimento finalizado pelo cliente' chain: change-status by sequentialId, then /close",,apps/api/tests/desk-write-commands.test.ts:110,0,no,,,candidate,,
api-test-title-61976da4,api,2,test-title,sair da espera grava `espera_encerrada` com os segundos pausados,,apps/api/tests/conversation-events.test.ts:211,0,no,,,candidate,,
api-test-title-028f886b,api,2,test-title,salvar sem mexer em nada não gera log,,apps/api/tests/permissions-of-agent.test.ts:324,0,no,,,candidate,,
api-test-title-5f1d5117,api,2,test-title,salvarNotaInterna,,apps/api/tests/desk-actions.test.ts:213,11,no,,,candidate,,
api-test-title-baf94d0a,api,2,test-title,"saneia o nome como a origem faz a cada tecla, e o shortName sai do nome limpo",,apps/api/tests/cycle-of-lifetime-of-flow.test.ts:223,0,no,,,candidate,,
api-test-title-630749c0,api,2,test-title,"são recusadas com o motivo, num CSV que a tela oferece para baixar",,apps/api/tests/import.test.ts:172,0,no,,,candidate,,
api-test-title-7e548426,api,2,test-title,"se uma frase bate, devolve só as frases — a 2ª passada nem roda",,apps/api/tests/palavras-proibidas.test.ts:205,0,no,,,candidate,,
api-test-title-e074cdc5,api,2,test-title,"sem Bearer, 401",,apps/api/tests/ponta-a-ponta.test.ts:402,0,no,,,candidate,,
api-test-title-03a79fdf,api,2,test-title,"sem cookie, 401",,apps/api/tests/inbound.test.ts:106,0,no,,,candidate,,
api-test-title-30074069,api,2,test-title,"sem cookie, o socket nem chega a existir",,apps/api/tests/realtime.test.ts:136,0,no,,,candidate,,
api-test-title-34d049a2,api,2,test-title,"sem credencial, 401",,apps/api/tests/attachments.test.ts:131,0,no,,,candidate,,
api-test-title-1908f92b,api,2,test-title,"sem nome é 400; no limite de 3 chaves vivas, a quarta é 400",,apps/api/tests/integrations.test.ts:180,0,no,,,candidate,,
api-test-title-ffea5df4,api,2,test-title,"sem o token, 401 — métrica aberta vaza volume de cliente",,apps/api/tests/inbound.test.ts:308,0,no,,,candidate,,
api-test-title-c29c716c,api,2,test-title,"sem origem, cai no fallback do ambiente",,apps/api/tests/inbound.test.ts:365,0,no,,,candidate,,
api-test-title-933cc76e,api,2,test-title,sem phone_number_id e um número só: usa esse,,apps/api/tests/channels.test.ts:280,0,no,,,candidate,,
api-test-title-bac688a9,api,2,test-title,sem tenant.configurar é 403; de outro tenant é 404; id malformado é 404,,apps/api/tests/palavras-proibidas.test.ts:309,0,no,,,candidate,,
api-test-title-a24643bd,api,2,test-title,"sem URL, não há CRM — e não existe instância padrão",,apps/api/tests/twenty.test.ts:180,0,no,,,candidate,,
api-test-title-11c98c07,api,2,test-title,set /attendance-survey-answer records the answer in pesquisa_satisfacao_resposta; an invalid rating is refused,,apps/api/tests/desk-write-commands.test.ts:226,0,no,,,candidate,,
api-test-title-37b2b158,api,2,test-title,sha256 divergente,,apps/api/tests/media-received.test.ts:217,0,no,,,candidate,,
api-test-title-394c6fde,api,2,test-title,sincronizar de novo não duplica nada,,apps/api/tests/dictionary-crm.test.ts:225,0,no,,,candidate,,
api-test-title-e2cbd31d,api,2,test-title,"slug repetido para o comando, para não juntar dois clientes num tenant só",,apps/api/tests/convites.test.ts:610,0,no,,,candidate,,
api-test-title-1ead8bfb,api,2,test-title,Store `resposta_pronta_id` with the message,,apps/api/tests/envio-session.test.ts:297,0,no,,,candidate,,
api-test-title-fd860b27,api,2,test-title,"suspende, retoma sem duplicate key, e a próxima mensagem do contato não fica travada",,apps/api/tests/process-http-retomada.test.ts:179,0,no,,,candidate,,
api-test-title-1a6eb569,api,2,test-title,SVG também sai como download,,apps/api/tests/attachments.test.ts:208,0,no,,,candidate,,
api-test-title-697a0ff5,api,2,test-title,tamanho acima do limite,,apps/api/tests/media-received.test.ts:267,0,no,,,candidate,,
api-test-title-dfafc42c,api,2,test-title,"telefone em E.164, com o nono dígito do Brasil",,apps/api/tests/import.test.ts:90,0,no,,,candidate,,
api-test-title-21f36dfe,api,2,test-title,Toggle a queue with PATCH using `ativa`,,apps/api/tests/registrations-attendance.test.ts:228,0,no,,,candidate,,
api-test-title-e182cfeb,api,2,test-title,"token inexistente, 401",,apps/api/tests/ponta-a-ponta.test.ts:407,0,no,,,candidate,,
api-test-title-fb804ec2,api,2,test-title,Track separate winning SLA rules for different targets (`sla_conversa`),,apps/api/tests/sla-motor.test.ts:156,0,no,,,candidate,,
api-test-title-8538189a,api,2,test-title,"Translate Messenger PSIDs, postbacks, and media while ignoring echoes",,apps/api/tests/messenger.test.ts:31,0,no,,,candidate,,
api-test-title-39b81db6,api,2,test-title,trata falha de rede como temporária — o CRM cai e volta,,apps/api/tests/twenty.test.ts:98,0,no,,,candidate,,
api-test-title-154744f8,api,2,test-title,"traz uma versão antiga de volta como rascunho, sem tirar a publicada do ar",,apps/api/tests/builder-by-flow.test.ts:607,0,no,,,candidate,,
api-test-title-542ecc8b,api,2,test-title,troca de token (token_exchange_service_spec),,apps/api/tests/channels.test.ts:236,0,no,,,candidate,,
api-test-title-b64eca2f,api,2,test-title,tudo o mais vira falha_no_provedor,,apps/api/tests/inbound.test.ts:261,0,no,,,candidate,,
api-test-title-a90b5bfc,api,2,test-title,um execucao_fluxo.contexto guardado é retomado com uma entrada fixa,,apps/api/tests/jsonb-compat.test.ts:242,0,no,,,candidate,,
api-test-title-8ff5f6dd,api,2,test-title,um fluxo remontado com bloco.conteudo/posicao e transicao.condicao das fixtures roda uma entrada fixa,,apps/api/tests/jsonb-compat.test.ts:233,0,no,,,candidate,,
api-test-title-6215a02d,api,2,test-title,um número inválido no meio não derruba os bons,,apps/api/tests/messages-active.test.ts:201,0,no,,,candidate,,
api-test-title-478829de,api,2,test-title,"Unsubscribe and disable on disconnect without deleting history, then allow reconnection",,apps/api/tests/instagram.test.ts:336,0,no,,,candidate,,
api-test-title-03e7bd65,api,2,test-title,Update existing channel credentials by canal_id instead of rejecting its phone number,,apps/api/tests/channel-of-flow.test.ts:469,0,no,,,candidate,,
api-test-title-a6b886f0,api,2,test-title,"URL insegura (não https) falha a ação sem gravar mensagem pela metade, e transfere a conversa",,apps/api/tests/flow-content.test.ts:173,0,no,,,candidate,,
api-test-title-a1044ea0,api,2,test-title,"usa os últimos 30 dias, incluindo hoje, quando não recebe datas",,apps/api/tests/history.test.ts:48,0,no,,,candidate,,
api-test-title-6b7ae36d,api,2,test-title,"uses PIPE_URL_API_PUBLICA, not the placeholder, once it is configured",,apps/api/tests/growth.test.ts:292,0,no,,,candidate,,
api-test-title-247f6373,api,2,test-title,varredura de process_http_execucao presa (D-26),,apps/api/tests/process-http-retomada.test.ts:244,0,no,,,candidate,,
api-test-title-18bb16f9,api,2,test-title,version drawing: 403 without `automacao.fluxo.editar` and 404 for another tenant or invalid id,,apps/api/tests/builder-by-flow.test.ts:674,0,no,,,candidate,,
api-test-title-4b740098,api,2,test-title,Visão Geral,,apps/api/tests/analytics.test.ts:201,0,no,,,candidate,,
api-test-title-d0389a8d,api,2,test-title,WABA ou token em branco são recusados,,apps/api/tests/channels.test.ts:312,0,no,,,candidate,,
api-ts-local-82903989,api,2,ts-local,_dados,,apps/api/src/domain/desk/actions.ts:144,2,no,,,candidate,,
api-ts-local-bcf47299,api,2,ts-local,_dados,,apps/api/src/domain/desk/actions.ts:77,2,no,,,candidate,,
api-ts-local-52586ec6,api,2,ts-local,_intervalo,,apps/api/src/domain/management-analytics.ts:233,1,no,,,candidate,,
api-ts-local-5554408e,api,2,ts-local,_semBot,,apps/api/tests/channel-of-flow.test.ts:487,4,no,,,candidate,,
api-ts-local-e29d56fd,api,2,ts-local,_todo,,apps/api/src/domain/envio.ts:420,2,no,,,candidate,,
api-ts-local-66df15f0,api,2,ts-local,_uri,,apps/api/tests/flow-content.test.ts:253,1,no,,,candidate,,
api-ts-local-84d7bea4,api,2,ts-local,aceito,,apps/api/tests/import.test.ts:199,46,no,,,candidate,,
api-ts-local-d67e1193,api,2,ts-local,agora,,apps/api/src/domain/attachment.ts:125,466,no,,,candidate,,
api-ts-local-b0e63b7e,api,2,ts-local,agora,,apps/api/src/domain/conversation.ts:75,466,no,,,candidate,,
api-ts-local-82b4814c,api,2,ts-local,agora,,apps/api/src/domain/instagram/renewal.ts:18,466,no,,,candidate,,
api-ts-local-bb6a2ea2,api,2,ts-local,agora,,apps/api/src/domain/instagram/renewal.ts:28,466,no,,,candidate,,
api-ts-local-fb245369,api,2,ts-local,agora,,apps/api/src/domain/instagram/renewal.ts:61,466,no,,,candidate,,
api-ts-local-1aa9d21a,api,2,ts-local,agora,,apps/api/src/domain/management-analytics.ts:128,466,no,,,candidate,,
api-ts-local-84a2265a,api,2,ts-local,agora,,apps/api/src/domain/management/cabecalho.ts:16,466,no,,,candidate,,
api-ts-local-dda49e66,api,2,ts-local,agora,,apps/api/src/domain/management/monitoring.ts:372,466,no,,,candidate,,
api-ts-local-baab3922,api,2,ts-local,agora,,apps/api/src/domain/management/monitoring.ts:53,466,no,,,candidate,,
api-ts-local-93583cb4,api,2,ts-local,agora,,apps/api/src/domain/management/sla-motor.ts:122,466,no,,,candidate,,
api-ts-local-84fbd53e,api,2,ts-local,agora,,apps/api/src/domain/management/sla-motor.ts:249,466,no,,,candidate,,
api-ts-local-686381c6,api,2,ts-local,agora,,apps/api/src/domain/management/sla.ts:90,466,no,,,candidate,,
api-ts-local-21a69b07,api,2,ts-local,agora,,apps/api/src/domain/sso.ts:221,466,no,,,candidate,,
api-ts-local-fe010817,api,2,ts-local,agora,,apps/api/src/domain/whatsapp/state-of-connection.ts:19,466,no,,,candidate,,
api-ts-local-562a3065,api,2,ts-local,agora,,apps/api/src/domain/whatsapp/state-of-connection.ts:33,466,no,,,candidate,,
api-ts-local-dc18cb36,api,2,ts-local,alertas,,apps/api/src/domain/whatsapp/events-of-template.ts:133,17,no,,,candidate,,
api-ts-local-263826d9,api,2,ts-local,anexoId,,apps/api/src/domain/attachment.ts:148,32,no,,,candidate,,
api-ts-local-0006ff60,api,2,ts-local,antes,,apps/api/src/domain/assumir.ts:15,865,no,,,candidate,,
api-ts-local-657505d0,api,2,ts-local,antes,,apps/api/src/domain/management-analytics.ts:128,865,no,,,candidate,,
api-ts-local-c6b31145,api,2,ts-local,antes,,apps/api/src/domain/management/integrations.ts:952,865,no,,,candidate,,
api-ts-local-295e849e,api,2,ts-local,antes,,apps/api/src/domain/management/settings.ts:365,865,no,,,candidate,,
api-ts-local-84084678,api,2,ts-local,antes,,apps/api/src/domain/management/settings.ts:439,865,no,,,candidate,,
api-ts-local-74001206,api,2,ts-local,antes,,apps/api/src/domain/sso.ts:111,865,no,,,candidate,,
api-ts-local-055944ca,api,2,ts-local,antesSemNome,,apps/api/src/domain/management/services-of-router.ts:296,0,no,,,candidate,,
api-ts-local-5fb3d56d,api,2,ts-local,antigo,,apps/api/src/domain/mtls.ts:64,94,no,,,candidate,,
api-ts-local-20291bb5,api,2,ts-local,aplicarPerfilMessenger,,apps/api/tests/messenger.test.ts:17,7,no,,,candidate,,
api-ts-local-a96583cb,api,2,ts-local,assinatura,,apps/api/src/controllers/attachments.ts:56,94,no,,,candidate,,
api-ts-local-06a1dc27,api,2,ts-local,assinatura,,apps/api/src/domain/attachment.ts:150,94,no,,,candidate,,
api-ts-local-013d5804,api,2,ts-local,assinatura,,apps/api/tests/ponta-a-ponta.test.ts:38,94,no,,,candidate,,
api-ts-local-d30b2a88,api,2,ts-local,atalho,,apps/api/src/domain/management/communication.ts:228,113,no,,,candidate,,
api-ts-local-f708d8ff,api,2,ts-local,atendente,,apps/api/src/controllers/management-operations.ts:228,564,no,,,candidate,,
api-ts-local-45a2d5da,api,2,ts-local,atendente,,apps/api/src/controllers/management-operations.ts:252,564,no,,,candidate,,
api-ts-local-dc80626e,api,2,ts-local,atendente,,apps/api/src/controllers/management-operations.ts:304,564,no,,,candidate,,
api-ts-local-26e9d91b,api,2,ts-local,atendenteId,,apps/api/src/domain/desk/actions.ts:107,54,no,,,candidate,,
api-ts-local-e4936d7c,api,2,ts-local,atendenteId,,apps/api/src/domain/desk/actions.ts:143,54,no,,,candidate,,
api-ts-local-dd9f2995,api,2,ts-local,atendenteId,,apps/api/src/domain/desk/actions.ts:238,54,no,,,candidate,,
api-ts-local-efd3b6d8,api,2,ts-local,atendenteId,,apps/api/src/domain/desk/actions.ts:31,54,no,,,candidate,,
api-ts-local-d39ff331,api,2,ts-local,atendenteId,,apps/api/src/domain/desk/consultas.ts:252,54,no,,,candidate,,
api-ts-local-07f56283,api,2,ts-local,atendenteId,,apps/api/src/domain/desk/consultas.ts:332,54,no,,,candidate,,
api-ts-local-61ad524d,api,2,ts-local,atendenteId,,apps/api/src/domain/desk/consultas.ts:352,54,no,,,candidate,,
api-ts-local-92d3a522,api,2,ts-local,atendenteId,,apps/api/src/domain/desk/consultas.ts:467,54,no,,,candidate,,
api-ts-local-d1853d61,api,2,ts-local,atendenteId,,apps/api/src/domain/desk/consultas.ts:49,54,no,,,candidate,,
api-ts-local-c6550f54,api,2,ts-local,atendenteId,,apps/api/src/domain/desk/taggings.ts:31,54,no,,,candidate,,
api-ts-local-97bf2641,api,2,ts-local,atendenteId,,apps/api/src/domain/desk/taggings.ts:50,54,no,,,candidate,,
api-ts-local-e3b06d4f,api,2,ts-local,atendenteId,,apps/api/src/domain/desk/taggings.ts:68,54,no,,,candidate,,
api-ts-local-47afbd48,api,2,ts-local,atendenteId,,apps/api/src/domain/management/registrations.ts:1468,54,no,,,candidate,,
api-ts-local-b0d97048,api,2,ts-local,atePedido,,apps/api/src/controllers/management-analytics.ts:168,4,no,,,candidate,,
api-ts-local-d49b5d9d,api,2,ts-local,atePedido,,apps/api/src/controllers/management-analytics.ts:187,4,no,,,candidate,,
api-ts-local-5f5565a9,api,2,ts-local,ativas,,apps/api/src/domain/desk/actions.ts:127,132,no,,,candidate,,
api-ts-local-c803ac68,api,2,ts-local,autenticacao,,apps/api/src/domain/management/integrations.ts:517,152,no,,,candidate,,
api-ts-local-0ad69638,api,2,ts-local,blocoPorCodigo,,apps/api/src/domain/flow.ts:947,1,no,,,candidate,,
api-ts-local-f72b607d,api,2,ts-local,blocos,,apps/api/src/domain/flow.ts:122,240,no,,,candidate,,
api-ts-local-27d177a9,api,2,ts-local,blocos,,apps/api/src/domain/management/builder-of-flow.ts:187,240,no,,,candidate,,
api-ts-local-e1bed410,api,2,ts-local,bruto,,apps/api/src/controllers/conversations.ts:384,276,no,,,candidate,,
api-ts-local-aff4e9c6,api,2,ts-local,bruto,,apps/api/src/domain/management/builder-of-flow.ts:277,276,no,,,candidate,,
api-ts-local-e4a1e37e,api,2,ts-local,bruto,,apps/api/src/domain/management/builder-of-flow.ts:326,276,no,,,candidate,,
api-ts-local-ef9d7d8b,api,2,ts-local,bruto,,apps/api/src/domain/management/communication.ts:196,276,no,,,candidate,,
api-ts-local-70df1422,api,2,ts-local,bruto,,apps/api/src/domain/management/communication.ts:210,276,no,,,candidate,,
api-ts-local-88bb63be,api,2,ts-local,bruto,,apps/api/src/domain/management/communication.ts:216,276,no,,,candidate,,
api-ts-local-6acb3e26,api,2,ts-local,bruto,,apps/api/src/domain/management/cycle-of-lifetime-of-flow.ts:54,276,no,,,candidate,,
api-ts-local-b4e8070e,api,2,ts-local,bruto,,apps/api/src/domain/management/format.ts:85,276,no,,,candidate,,
api-ts-local-10572300,api,2,ts-local,bruto,,apps/api/src/domain/management/format.ts:90,276,no,,,candidate,,
api-ts-local-65c2b876,api,2,ts-local,bruto,,apps/api/src/domain/management/palavras-proibidas.ts:148,276,no,,,candidate,,
api-ts-local-c046cae5,api,2,ts-local,bruto,,apps/api/src/domain/management/pesquisa.ts:25,276,no,,,candidate,,
api-ts-local-2f4d3bbe,api,2,ts-local,bruto,,apps/api/src/domain/management/pesquisa.ts:39,276,no,,,candidate,,
api-ts-local-5e8a270d,api,2,ts-local,bruto,,apps/api/src/domain/management/quality-review.ts:98,276,no,,,candidate,,
api-ts-local-536ee31b,api,2,ts-local,bruto,,apps/api/src/domain/management/registrations.ts:1168,276,no,,,candidate,,
api-ts-local-c3b056e0,api,2,ts-local,bruto,,apps/api/src/domain/management/registrations.ts:1174,276,no,,,candidate,,
api-ts-local-34735cd0,api,2,ts-local,bruto,,apps/api/src/domain/management/registrations.ts:1183,276,no,,,candidate,,
api-ts-local-ff20db0e,api,2,ts-local,bruto,,apps/api/src/domain/management/registrations.ts:1194,276,no,,,candidate,,
api-ts-local-f9490d41,api,2,ts-local,bruto,,apps/api/src/domain/management/registrations.ts:1524,276,no,,,candidate,,
api-ts-local-8f746612,api,2,ts-local,bruto,,apps/api/src/domain/management/registrations.ts:1537,276,no,,,candidate,,
api-ts-local-a5bcb979,api,2,ts-local,bruto,,apps/api/src/domain/management/registrations.ts:407,276,no,,,candidate,,
api-ts-local-098f6a94,api,2,ts-local,bruto,,apps/api/src/domain/management/registrations.ts:415,276,no,,,candidate,,
api-ts-local-509e22fc,api,2,ts-local,bruto,,apps/api/src/domain/management/registrations.ts:941,276,no,,,candidate,,
api-ts-local-91fa8faa,api,2,ts-local,bruto,,apps/api/src/domain/management/regras-de-nome.ts:58,276,no,,,candidate,,
api-ts-local-59458b76,api,2,ts-local,bruto,,apps/api/src/domain/management/regras-sla.ts:16,276,no,,,candidate,,
api-ts-local-410007f0,api,2,ts-local,bruto,,apps/api/src/domain/management/regras-sla.ts:54,276,no,,,candidate,,
api-ts-local-73a4990e,api,2,ts-local,bruto,,apps/api/src/domain/management/regras-sla.ts:60,276,no,,,candidate,,
api-ts-local-755484fe,api,2,ts-local,bruto,,apps/api/src/domain/management/regras-sla.ts:68,276,no,,,candidate,,
api-ts-local-c6dbf20c,api,2,ts-local,bruto,,apps/api/src/domain/management/regras-sla.ts:80,276,no,,,candidate,,
api-ts-local-640ca013,api,2,ts-local,bruto,,apps/api/src/domain/management/rules-priority.ts:49,276,no,,,candidate,,
api-ts-local-391a0bb6,api,2,ts-local,bruto,,apps/api/src/domain/management/rules-priority.ts:81,276,no,,,candidate,,
api-ts-local-a06b84f2,api,2,ts-local,bruto,,apps/api/src/domain/management/rules-priority.ts:87,276,no,,,candidate,,
api-ts-local-ff00f25a,api,2,ts-local,bruto,,apps/api/src/domain/management/rules-priority.ts:99,276,no,,,candidate,,
api-ts-local-09106223,api,2,ts-local,bruto,,apps/api/src/domain/management/team-of-flow.ts:104,276,no,,,candidate,,
api-ts-local-3bfa60d8,api,2,ts-local,bruto,,apps/api/src/domain/management/team-of-flow.ts:93,276,no,,,candidate,,
api-ts-local-b9523b61,api,2,ts-local,bruto,,apps/api/src/domain/media.ts:29,276,no,,,candidate,,
api-ts-local-0170eeea,api,2,ts-local,bruto,,apps/api/src/domain/message-active.ts:64,276,no,,,candidate,,
api-ts-local-57137b34,api,2,ts-local,bruto,,apps/api/src/domain/message-active.ts:72,276,no,,,candidate,,
api-ts-local-bdbb628a,api,2,ts-local,bruto,,apps/api/src/domain/whatsapp/preferences.ts:45,276,no,,,candidate,,
api-ts-local-72373969,api,2,ts-local,bruto,,apps/api/src/pagination.ts:28,276,no,,,candidate,,
api-ts-local-108ee2c8,api,2,ts-local,bruto,,apps/api/src/pagination.ts:42,276,no,,,candidate,,
api-ts-local-cbe4e642,api,2,ts-local,bruto,,apps/api/src/pagination.ts:64,276,no,,,candidate,,
api-ts-local-8d46e825,api,2,ts-local,bruto,,apps/api/tests/instagram.test.ts:324,276,no,,,candidate,,
api-ts-local-47bb498b,api,2,ts-local,busca,,apps/api/src/controllers/management-flow.ts:432,350,no,,,candidate,,
api-ts-local-172ca69f,api,2,ts-local,cabeca,,apps/api/src/domain/management/quality-review.ts:266,19,no,,,candidate,,
api-ts-local-27c7c9b2,api,2,ts-local,cabeca,,apps/api/src/eventos-ws.ts:49,19,no,,,candidate,,
api-ts-local-1d09865a,api,2,ts-local,cabecalho,,apps/api/src/authentication.ts:184,133,no,,,candidate,,
api-ts-local-c145c290,api,2,ts-local,cabecalho,,apps/api/src/controllers/webhooks-whatsapp.ts:154,133,no,,,candidate,,
api-ts-local-200d8097,api,2,ts-local,cabecalho,,apps/api/src/domain/management/communication.ts:64,133,no,,,candidate,,
api-ts-local-94bffa8f,api,2,ts-local,cabecalho,,apps/api/src/domain/management/communication.ts:68,133,no,,,candidate,,
api-ts-local-a4352e1d,api,2,ts-local,cabecalho,,apps/api/src/session.ts:51,133,no,,,candidate,,
api-ts-local-388df9c6,api,2,ts-local,cabecalho,,apps/api/src/session.ts:58,133,no,,,candidate,,
api-ts-local-df72574f,api,2,ts-local,cabecalho,,apps/api/tests/inbound.test.ts:336,133,no,,,candidate,,
api-ts-local-22495562,api,2,ts-local,cabecalhos,,apps/api/tests/attachments-multiplos.test.ts:121,103,no,,,candidate,,
api-ts-local-f0f4f89a,api,2,ts-local,cabecalhos,,apps/api/tests/etiquetas.test.ts:81,103,no,,,candidate,,
api-ts-local-9d2b094d,api,2,ts-local,cabecalhos,,apps/api/tests/key-of-flow.test.ts:103,103,no,,,candidate,,
api-ts-local-7d282f27,api,2,ts-local,campo,,apps/api/src/controllers/crm.ts:40,819,no,,,candidate,,
api-ts-local-52ceb70b,api,2,ts-local,campo,,apps/api/src/controllers/login.ts:203,819,no,,,candidate,,
api-ts-local-97a3d811,api,2,ts-local,campo,,apps/api/src/domain/dictionary-crm.ts:376,819,no,,,candidate,,
api-ts-local-3c9186f7,api,2,ts-local,campo,,apps/api/src/domain/management/registrations.ts:415,819,no,,,candidate,,
api-ts-local-5bf45cc9,api,2,ts-local,campo,,apps/api/src/domain/management/satisfaction-surveys.ts:22,819,no,,,candidate,,
api-ts-local-26d58ec5,api,2,ts-local,campo,,apps/api/src/domain/management/satisfaction-surveys.ts:27,819,no,,,candidate,,
api-ts-local-e4477c7a,api,2,ts-local,campo,,apps/api/src/domain/whatsapp/modelos.ts:79,819,no,,,candidate,,
api-ts-local-6b70f84e,api,2,ts-local,campo,,apps/api/src/domain/whatsapp/perfil.ts:106,819,no,,,candidate,,
api-ts-local-d10f1829,api,2,ts-local,campo,,apps/api/src/domain/whatsapp/perfil.ts:54,819,no,,,candidate,,
api-ts-local-b3642044,api,2,ts-local,campo,,apps/api/src/domain/whatsapp/preferences.ts:40,819,no,,,candidate,,
api-ts-local-d946bcea,api,2,ts-local,campo,,apps/api/src/domain/whatsapp/preferences.ts:57,819,no,,,candidate,,
api-ts-local-c154b952,api,2,ts-local,campo,,apps/api/src/provision.ts:249,819,no,,,candidate,,
api-ts-local-85d58afd,api,2,ts-local,campo,,apps/api/tests/instagram.test.ts:152,819,no,,,candidate,,
api-ts-local-7370f0cd,api,2,ts-local,campo,,apps/api/tests/jsonb-compat.test.ts:58,819,no,,,candidate,,
api-ts-local-17d324db,api,2,ts-local,campo,,apps/api/tests/jsonb-compat.test.ts:61,819,no,,,candidate,,
api-ts-local-0978f91a,api,2,ts-local,campoRemovido,,apps/api/tests/dictionary-crm.test.ts:60,3,no,,,candidate,,
api-ts-local-c77f9c16,api,2,ts-local,campos,,apps/api/src/controllers/crm.ts:37,261,no,,,candidate,,
api-ts-local-86a4ad54,api,2,ts-local,campos,,apps/api/src/domain/whatsapp/cliente-graph.ts:141,261,no,,,candidate,,
api-ts-local-64d9e61a,api,2,ts-local,campos,,apps/api/src/domain/whatsapp/cliente-graph.ts:280,261,no,,,candidate,,
api-ts-local-adce0070,api,2,ts-local,campos,,apps/api/src/domain/whatsapp/cliente-graph.ts:312,261,no,,,candidate,,
api-ts-local-e3a5252f,api,2,ts-local,campos,,apps/api/src/domain/whatsapp/cliente-graph.ts:598,261,no,,,candidate,,
api-ts-local-bef7c2ae,api,2,ts-local,campos,,apps/api/src/domain/whatsapp/cliente-graph.ts:90,261,no,,,candidate,,
api-ts-local-0a72ffe8,api,2,ts-local,campos,,apps/api/src/domain/whatsapp/cliente-graph.ts:95,261,no,,,candidate,,
api-ts-local-572e324b,api,2,ts-local,campos,,apps/api/tests/desk-actions.test.ts:48,261,no,,,candidate,,
api-ts-local-8891e884,api,2,ts-local,canal,,apps/api/src/domain/inbound.ts:201,575,no,,,candidate,,
api-ts-local-311fab1a,api,2,ts-local,canal,,apps/api/src/domain/inbound.ts:308,575,no,,,candidate,,
api-ts-local-878309e1,api,2,ts-local,canal,,apps/api/src/domain/inbound.ts:401,575,no,,,candidate,,
api-ts-local-0d178766,api,2,ts-local,canal,,apps/api/src/domain/inbound.ts:461,575,no,,,candidate,,
api-ts-local-9eca013f,api,2,ts-local,canal,,apps/api/src/domain/message-active.ts:185,575,no,,,candidate,,
api-ts-local-3133e797,api,2,ts-local,canal,,apps/api/src/domain/message-active.ts:226,575,no,,,candidate,,
api-ts-local-6e59646f,api,2,ts-local,canal,,apps/api/src/domain/message-active.ts:78,575,no,,,candidate,,
api-ts-local-c91ddb76,api,2,ts-local,canal,,apps/api/src/domain/whatsapp/channel.ts:113,575,no,,,candidate,,
api-ts-local-caaa107c,api,2,ts-local,canal,,apps/api/src/domain/whatsapp/channel.ts:117,575,no,,,candidate,,
api-ts-local-c78b0fd2,api,2,ts-local,canal,,apps/api/src/domain/whatsapp/channel.ts:75,575,no,,,candidate,,
api-ts-local-537cb6d9,api,2,ts-local,canal,,apps/api/src/domain/whatsapp/configuration-of-webhook.ts:44,575,no,,,candidate,,
api-ts-local-f6e4fcf4,api,2,ts-local,canal,,apps/api/src/domain/whatsapp/modelos.ts:138,575,no,,,candidate,,
api-ts-local-5498710e,api,2,ts-local,canal,,apps/api/src/domain/whatsapp/modelos.ts:409,575,no,,,candidate,,
api-ts-local-5f617efc,api,2,ts-local,canal,,apps/api/src/domain/whatsapp/perfil.ts:64,575,no,,,candidate,,
api-ts-local-7d91bfb6,api,2,ts-local,canal,,apps/api/src/domain/whatsapp/teardown-of-webhook.ts:48,575,no,,,candidate,,
api-ts-local-b8f33e28,api,2,ts-local,canalId,,apps/api/src/controllers/connection-in-flow.ts:58,162,no,,,candidate,,
api-ts-local-cadd15e5,api,2,ts-local,canalId,,apps/api/src/controllers/webhooks-instagram.ts:35,162,no,,,candidate,,
api-ts-local-7664fa38,api,2,ts-local,canalId,,apps/api/src/controllers/webhooks-instagram.ts:61,162,no,,,candidate,,
api-ts-local-ef50fdd8,api,2,ts-local,canalId,,apps/api/src/controllers/webhooks-whatsapp.ts:39,162,no,,,candidate,,
api-ts-local-f086d7ac,api,2,ts-local,canalId,,apps/api/src/database.ts:56,162,no,,,candidate,,
api-ts-local-2bf9c4a7,api,2,ts-local,canalId,,apps/api/src/domain/channels.ts:129,162,no,,,candidate,,
api-ts-local-ecb747c2,api,2,ts-local,canalId,,apps/api/src/domain/inbound.ts:550,162,no,,,candidate,,
api-ts-local-60efd517,api,2,ts-local,canalId,,apps/api/src/domain/instagram/channel.ts:272,162,no,,,candidate,,
api-ts-local-a1c82a7a,api,2,ts-local,canalId,,apps/api/src/domain/instagram/channel.ts:49,162,no,,,candidate,,
api-ts-local-c65e4496,api,2,ts-local,canalId,,apps/api/src/domain/instagram/channel.ts:71,162,no,,,candidate,,
api-ts-local-68768d09,api,2,ts-local,canalId,,apps/api/src/domain/management/channel-of-flow.ts:209,162,no,,,candidate,,
api-ts-local-fa32b7f1,api,2,ts-local,canalId,,apps/api/src/domain/management/channel-of-flow.ts:41,162,no,,,candidate,,
api-ts-local-e941c0e9,api,2,ts-local,canalId,,apps/api/src/domain/management/channel-of-flow.ts:53,162,no,,,candidate,,
api-ts-local-9e970ecf,api,2,ts-local,canalId,,apps/api/src/domain/whatsapp/channel.ts:48,162,no,,,candidate,,
api-ts-local-1f72de46,api,2,ts-local,canalId,,apps/api/src/domain/whatsapp/modelos.ts:423,162,no,,,candidate,,
api-ts-local-c0c8834c,api,2,ts-local,canalId,,apps/api/src/domain/whatsapp/modelos.ts:461,162,no,,,candidate,,
api-ts-local-31f8f642,api,2,ts-local,canalId,,apps/api/src/domain/whatsapp/perfil.ts:171,162,no,,,candidate,,
api-ts-local-20eb747e,api,2,ts-local,canalId,,apps/api/src/domain/whatsapp/preferences.ts:80,162,no,,,candidate,,
api-ts-local-dfd113c3,api,2,ts-local,canalId,,apps/api/tests/channels.test.ts:91,162,no,,,candidate,,
api-ts-local-09799ea5,api,2,ts-local,canalNome,,apps/api/src/domain/whatsapp/events-of-template.ts:79,11,no,,,candidate,,
api-ts-local-f0a2b2df,api,2,ts-local,categoria,,apps/api/src/domain/whatsapp/events-of-template.ts:84,281,no,,,candidate,,
api-ts-local-20bd655c,api,2,ts-local,categoria,,apps/api/tests/email.test.ts:115,281,no,,,candidate,,
api-ts-local-b2b0b247,api,2,ts-local,chamar,,apps/api/tests/twenty.test.ts:14,194,no,,,candidate,,
api-ts-local-1b290442,api,2,ts-local,chatbotMudou,,apps/api/src/domain/management/services-of-router.ts:146,2,no,,,candidate,,
api-ts-local-05b19ef3,api,2,ts-local,chave,,apps/api/src/domain/management/actions/campos.ts:15,571,no,,,candidate,,
api-ts-local-76714d70,api,2,ts-local,chave,,apps/api/src/domain/management/actions/campos.ts:21,571,no,,,candidate,,
api-ts-local-a597327b,api,2,ts-local,chave,,apps/api/src/domain/management/attendance.ts:139,571,no,,,candidate,,
api-ts-local-b676076d,api,2,ts-local,chave,,apps/api/src/domain/management/builder-of-flow.ts:335,571,no,,,candidate,,
api-ts-local-1e3db517,api,2,ts-local,chave,,apps/api/src/domain/management/pfx.ts:339,571,no,,,candidate,,
api-ts-local-875ff2f5,api,2,ts-local,chave,,apps/api/tests/attachments-multiplos.test.ts:42,571,no,,,candidate,,
api-ts-local-04dfacaa,api,2,ts-local,chave,,apps/api/tests/attachments-multiplos.test.ts:46,571,no,,,candidate,,
api-ts-local-0c973ef3,api,2,ts-local,chave,,apps/api/tests/attachments.test.ts:31,571,no,,,candidate,,
api-ts-local-409b9261,api,2,ts-local,chave,,apps/api/tests/attachments.test.ts:35,571,no,,,candidate,,
api-ts-local-87b218aa,api,2,ts-local,chave,,apps/api/tests/media-received.test.ts:38,571,no,,,candidate,,
api-ts-local-eb12fe6a,api,2,ts-local,chave,,apps/api/tests/media-received.test.ts:42,571,no,,,candidate,,
api-ts-local-3d43cc9a,api,2,ts-local,chave,,apps/api/tests/media-received.test.ts:79,571,no,,,candidate,,
api-ts-local-8f145868,api,2,ts-local,chaves,,apps/api/src/domain/management/flow-secrets.ts:135,189,no,,,candidate,,
api-ts-local-bc12e4ba,api,2,ts-local,chaves,,apps/api/src/domain/management/flow-secrets.ts:201,189,no,,,candidate,,
api-ts-local-9866ae6c,api,2,ts-local,chaves,,apps/api/src/domain/management/flow-secrets.ts:207,189,no,,,candidate,,
api-ts-local-164f9861,api,2,ts-local,chaves,,apps/api/src/domain/management/flow-secrets.ts:226,189,no,,,candidate,,
api-ts-local-4ee23693,api,2,ts-local,chaves,,apps/api/src/domain/management/flow-secrets.ts:99,189,no,,,candidate,,
api-ts-local-cc417f88,api,2,ts-local,chavesDaLinha,,apps/api/src/domain/dictionary-crm.ts:338,2,no,,,candidate,,
api-ts-local-f32059cb,api,2,ts-local,cifrado,,apps/api/src/domain/management/pfx.ts:209,37,no,,,candidate,,
api-ts-local-a54f86cb,api,2,ts-local,cifrado,,apps/api/src/domain/management/pfx.ts:321,37,no,,,candidate,,
api-ts-local-8cafc1b0,api,2,ts-local,cifrado,,apps/api/tests/ajuda-pfx.ts:184,37,no,,,candidate,,
api-ts-local-b0404c9a,api,2,ts-local,cifraOid,,apps/api/src/domain/management/pfx.ts:232,2,no,,,candidate,,
api-ts-local-102ab138,api,2,ts-local,cifrar,,apps/api/tests/dictionary-crm.test.ts:12,31,no,,,candidate,,
api-ts-local-fa97f13f,api,2,ts-local,cifrar,,apps/api/tests/twenty.test.ts:11,31,no,,,candidate,,
api-ts-local-6fd1c7a0,api,2,ts-local,codigo,,apps/api/src/controllers/channels.ts:253,595,no,,,candidate,,
api-ts-local-2f1e94fd,api,2,ts-local,codigo,,apps/api/src/controllers/convites.ts:141,595,no,,,candidate,,
api-ts-local-b696356c,api,2,ts-local,codigo,,apps/api/src/controllers/crm.ts:37,595,no,,,candidate,,
api-ts-local-856001e2,api,2,ts-local,codigo,,apps/api/src/controllers/login.ts:79,595,no,,,candidate,,
api-ts-local-c7245b67,api,2,ts-local,codigo,,apps/api/src/controllers/my-account.ts:131,595,no,,,candidate,,
api-ts-local-66d20e2d,api,2,ts-local,codigo,,apps/api/src/controllers/redirect.ts:13,595,no,,,candidate,,
api-ts-local-40d740ad,api,2,ts-local,codigo,,apps/api/src/controllers/sso.ts:263,595,no,,,candidate,,
api-ts-local-b0c8fccb,api,2,ts-local,codigo,,apps/api/src/domain/management/builder-of-flow.ts:144,595,no,,,candidate,,
api-ts-local-cd8d3b0a,api,2,ts-local,codigo,,apps/api/src/domain/management/builder-of-flow.ts:292,595,no,,,candidate,,
api-ts-local-1a45f8c5,api,2,ts-local,codigo,,apps/api/src/domain/management/builder-of-flow.ts:366,595,no,,,candidate,,
api-ts-local-def0eec3,api,2,ts-local,codigo,,apps/api/src/domain/management/permissions-of-agent.ts:162,595,no,,,candidate,,
api-ts-local-5b669fa4,api,2,ts-local,codigo,,apps/api/src/domain/management/permissions-of-agent.ts:168,595,no,,,candidate,,
api-ts-local-e42a1add,api,2,ts-local,codigo,,apps/api/src/domain/management/permissions-of-agent.ts:180,595,no,,,candidate,,
api-ts-local-77e029e5,api,2,ts-local,codigo,,apps/api/src/domain/management/team-of-flow.ts:150,595,no,,,candidate,,
api-ts-local-fb5b6701,api,2,ts-local,codigo,,apps/api/src/domain/management/team-of-flow.ts:167,595,no,,,candidate,,
api-ts-local-394b986d,api,2,ts-local,codigo,,apps/api/src/domain/management/team-of-flow.ts:183,595,no,,,candidate,,
api-ts-local-f9da7d9f,api,2,ts-local,codigo,,apps/api/src/domain/rastreador-de-cliques.ts:174,595,no,,,candidate,,
api-ts-local-501c8172,api,2,ts-local,codigo,,apps/api/src/domain/rastreador-de-cliques.ts:59,595,no,,,candidate,,
api-ts-local-eccedcf5,api,2,ts-local,codigo,,apps/api/src/domain/whatsapp/cliente-graph.ts:234,595,no,,,candidate,,
api-ts-local-76a5fc43,api,2,ts-local,codigo,,apps/api/src/domain/whatsapp/cliente-graph.ts:509,595,no,,,candidate,,
api-ts-local-c5b283d1,api,2,ts-local,codigo,,apps/api/src/domain/whatsapp/cliente-graph.ts:84,595,no,,,candidate,,
api-ts-local-e8a1b5ef,api,2,ts-local,codigo,,apps/api/src/domain/whatsapp/troca-de-token.ts:7,595,no,,,candidate,,
api-ts-local-1302a29b,api,2,ts-local,codigo,,apps/api/src/errors.ts:15,595,no,,,candidate,,
api-ts-local-d337ca23,api,2,ts-local,codigo,,apps/api/src/errors.ts:26,595,no,,,candidate,,
api-ts-local-bee54adb,api,2,ts-local,codigo,,apps/api/src/errors.ts:39,595,no,,,candidate,,
api-ts-local-3a224aaf,api,2,ts-local,codigo,,apps/api/src/errors.ts:49,595,no,,,candidate,,
api-ts-local-75928ff5,api,2,ts-local,codigo,,apps/api/src/session.ts:80,595,no,,,candidate,,
api-ts-local-325556d4,api,2,ts-local,codigo,,apps/api/tests/builder-by-flow.test.ts:63,595,no,,,candidate,,
api-ts-local-fd29d39f,api,2,ts-local,codigo,,apps/api/tests/builder-by-flow.test.ts:74,595,no,,,candidate,,
api-ts-local-9f84df7a,api,2,ts-local,codigo,,apps/api/tests/builder-test-run.test.ts:50,595,no,,,candidate,,
api-ts-local-ede74275,api,2,ts-local,codigo,,apps/api/tests/builder-test-run.test.ts:61,595,no,,,candidate,,
api-ts-local-defbd3a7,api,2,ts-local,codigo,,apps/api/tests/channel-of-flow.test.ts:58,595,no,,,candidate,,
api-ts-local-f0414b58,api,2,ts-local,codigo,,apps/api/tests/configuration-of-flow.test.ts:46,595,no,,,candidate,,
api-ts-local-ddc60de9,api,2,ts-local,codigo,,apps/api/tests/contacts-editar.test.ts:44,595,no,,,candidate,,
api-ts-local-04b4db9c,api,2,ts-local,codigo,,apps/api/tests/convites.test.ts:56,595,no,,,candidate,,
api-ts-local-4d14e3c7,api,2,ts-local,codigo,,apps/api/tests/convites.test.ts:67,595,no,,,candidate,,
api-ts-local-011f096d,api,2,ts-local,codigo,,apps/api/tests/cycle-of-lifetime-of-flow.test.ts:56,595,no,,,candidate,,
api-ts-local-6858e3b0,api,2,ts-local,codigo,,apps/api/tests/cycle-of-lifetime-of-flow.test.ts:67,595,no,,,candidate,,
api-ts-local-8a5c69ed,api,2,ts-local,codigo,,apps/api/tests/etiquetas.test.ts:48,595,no,,,candidate,,
api-ts-local-5aa7f854,api,2,ts-local,codigo,,apps/api/tests/flow-resources.test.ts:49,595,no,,,candidate,,
api-ts-local-48555f38,api,2,ts-local,codigo,,apps/api/tests/flow-secrets.test.ts:59,595,no,,,candidate,,
api-ts-local-1781b6e2,api,2,ts-local,codigo,,apps/api/tests/flow-short-name.test.ts:51,595,no,,,candidate,,
api-ts-local-e3600272,api,2,ts-local,codigo,,apps/api/tests/flow-short-name.test.ts:62,595,no,,,candidate,,
api-ts-local-95594361,api,2,ts-local,codigo,,apps/api/tests/inbound.test.ts:245,595,no,,,candidate,,
api-ts-local-9e4e089b,api,2,ts-local,codigo,,apps/api/tests/inbound.test.ts:45,595,no,,,candidate,,
api-ts-local-37db56fc,api,2,ts-local,codigo,,apps/api/tests/inbound.test.ts:62,595,no,,,candidate,,
api-ts-local-245ff090,api,2,ts-local,codigo,,apps/api/tests/integrations.test.ts:47,595,no,,,candidate,,
api-ts-local-f03ba99b,api,2,ts-local,codigo,,apps/api/tests/integrations.test.ts:58,595,no,,,candidate,,
api-ts-local-f24dff87,api,2,ts-local,codigo,,apps/api/tests/key-of-flow.test.ts:49,595,no,,,candidate,,
api-ts-local-ceb7820f,api,2,ts-local,codigo,,apps/api/tests/key-of-flow.test.ts:60,595,no,,,candidate,,
api-ts-local-93d91944,api,2,ts-local,codigo,,apps/api/tests/monitoring-conversations.test.ts:33,595,no,,,candidate,,
api-ts-local-3e736af2,api,2,ts-local,codigo,,apps/api/tests/monitoring-conversations.test.ts:41,595,no,,,candidate,,
api-ts-local-fe9d5129,api,2,ts-local,codigo,,apps/api/tests/palavras-proibidas.test.ts:54,595,no,,,candidate,,
api-ts-local-5c767be2,api,2,ts-local,codigo,,apps/api/tests/palavras-proibidas.test.ts:65,595,no,,,candidate,,
api-ts-local-d9364872,api,2,ts-local,codigo,,apps/api/tests/permissions-of-agent.test.ts:138,595,no,,,candidate,,
api-ts-local-855c4c05,api,2,ts-local,codigo,,apps/api/tests/permissions-of-agent.test.ts:146,595,no,,,candidate,,
api-ts-local-a0eff925,api,2,ts-local,codigo,,apps/api/tests/permissions-of-agent.test.ts:194,595,no,,,candidate,,
api-ts-local-a575b613,api,2,ts-local,codigo,,apps/api/tests/permissions-of-agent.test.ts:50,595,no,,,candidate,,
api-ts-local-b05805f2,api,2,ts-local,codigo,,apps/api/tests/permissions-of-agent.test.ts:69,595,no,,,candidate,,
api-ts-local-d40ab5c6,api,2,ts-local,codigo,,apps/api/tests/permissions-of-agent.test.ts:80,595,no,,,candidate,,
api-ts-local-a1274c75,api,2,ts-local,codigo,,apps/api/tests/registrations-attendance.test.ts:48,595,no,,,candidate,,
api-ts-local-a64203e6,api,2,ts-local,codigo,,apps/api/tests/registrations-attendance.test.ts:59,595,no,,,candidate,,
api-ts-local-fcec8dbf,api,2,ts-local,codigo,,apps/api/tests/router.test.ts:49,595,no,,,candidate,,
api-ts-local-a84894d0,api,2,ts-local,codigo,,apps/api/tests/satisfaction-survey.test.ts:46,595,no,,,candidate,,
api-ts-local-19a7714e,api,2,ts-local,codigo,,apps/api/tests/satisfaction-survey.test.ts:57,595,no,,,candidate,,
api-ts-local-281f226c,api,2,ts-local,codigo,,apps/api/tests/team-of-flow.test.ts:346,595,no,,,candidate,,
api-ts-local-9b1c504f,api,2,ts-local,codigo,,apps/api/tests/team-of-flow.test.ts:59,595,no,,,candidate,,
api-ts-local-df8a556d,api,2,ts-local,codigo,,apps/api/tests/team-of-flow.test.ts:70,595,no,,,candidate,,
api-ts-local-17c2f595,api,2,ts-local,codigoDaRecusa,,apps/api/tests/convites.test.ts:24,15,no,,,candidate,,
api-ts-local-3be6a4ac,api,2,ts-local,codigoDaRecusa,,apps/api/tests/inbound.test.ts:23,15,no,,,candidate,,
api-ts-local-324a64c5,api,2,ts-local,codigos,,apps/api/tests/inbound.test.ts:53,14,no,,,candidate,,
api-ts-local-dd99be7e,api,2,ts-local,colunaId,,apps/api/src/pagination.ts:95,2,no,,,candidate,,
api-ts-local-03222a46,api,2,ts-local,colunas,,apps/api/src/domain/whatsapp/channel.ts:77,160,no,,,candidate,,
api-ts-local-73399be4,api,2,ts-local,comBot,,apps/api/src/domain/inbound.ts:465,4,no,,,candidate,,
api-ts-local-abc20dd9,api,2,ts-local,comCrm,,apps/api/src/queues.ts:405,4,no,,,candidate,,
api-ts-local-2f8b19c5,api,2,ts-local,comoPadrao,,apps/api/src/domain/management/registrations.ts:1383,2,no,,,candidate,,
api-ts-local-f70741b6,api,2,ts-local,condicao,,apps/api/tests/jsonb-compat.test.ts:152,32,no,,,candidate,,
api-ts-local-f6b53a39,api,2,ts-local,configuracao,,apps/api/src/domain/management/configuration-of-flow.ts:142,73,no,,,candidate,,
api-ts-local-211ba7e5,api,2,ts-local,configuracao,,apps/api/src/domain/management/configuration-of-flow.ts:155,73,no,,,candidate,,
api-ts-local-a670792c,api,2,ts-local,configuracao,,apps/api/src/domain/management/configuration-of-flow.ts:44,73,no,,,candidate,,
api-ts-local-1505ecb2,api,2,ts-local,configuracao,,apps/api/src/domain/management/configuration-of-flow.ts:54,73,no,,,candidate,,
api-ts-local-e90cccd7,api,2,ts-local,configurarWebhook,,apps/api/tests/channels.test.ts:30,10,no,,,candidate,,
api-ts-local-ada4b568,api,2,ts-local,consulta,,apps/api/src/controllers/catalogo.ts:367,165,no,,,candidate,,
api-ts-local-5b6425ca,api,2,ts-local,consulta,,apps/api/src/controllers/catalogo.ts:67,165,no,,,candidate,,
api-ts-local-725b1db9,api,2,ts-local,consulta,,apps/api/src/controllers/conversations.ts:85,165,no,,,candidate,,
api-ts-local-0eb8bf32,api,2,ts-local,consulta,,apps/api/src/domain/messenger/cliente-graph.ts:28,165,no,,,candidate,,
api-ts-local-bf575a0c,api,2,ts-local,contato,,apps/api/tests/process-http-retomada.test.ts:105,706,no,,,candidate,,
api-ts-local-ba23e2c0,api,2,ts-local,contato,,apps/api/tests/process-http-retomada.test.ts:123,706,no,,,candidate,,
api-ts-local-f0cd4fd7,api,2,ts-local,contato,,apps/api/tests/process-http-retomada.test.ts:136,706,no,,,candidate,,
api-ts-local-ca781564,api,2,ts-local,contato,,apps/api/tests/queue-entry.test.ts:159,706,no,,,candidate,,
api-ts-local-a1c52dc0,api,2,ts-local,contatoId,,apps/api/src/domain/desk/consultas.ts:542,124,no,,,candidate,,
api-ts-local-4eb51ea6,api,2,ts-local,contatoId,,apps/api/src/domain/etiquetas.ts:215,124,no,,,candidate,,
api-ts-local-4c2341e1,api,2,ts-local,contatoId,,apps/api/src/domain/etiquetas.ts:234,124,no,,,candidate,,
api-ts-local-7deb7503,api,2,ts-local,contatoId,,apps/api/src/domain/etiquetas.ts:267,124,no,,,candidate,,
api-ts-local-7e5a6622,api,2,ts-local,contatoId,,apps/api/src/domain/flow.ts:1382,124,no,,,candidate,,
api-ts-local-283dbba1,api,2,ts-local,contatoId,,apps/api/src/domain/flow.ts:1413,124,no,,,candidate,,
api-ts-local-5e8ca7b0,api,2,ts-local,contatoId,,apps/api/src/domain/flow.ts:79,124,no,,,candidate,,
api-ts-local-b31fd9c5,api,2,ts-local,contatoId,,apps/api/src/domain/twenty.ts:220,124,no,,,candidate,,
api-ts-local-f595665c,api,2,ts-local,contatoId,,apps/api/tests/desk-commands.test.ts:48,124,no,,,candidate,,
api-ts-local-d4b70ab9,api,2,ts-local,contatoId,,apps/api/tests/engine-contracts.test.ts:179,124,no,,,candidate,,
api-ts-local-eaeac86b,api,2,ts-local,contatoId,,apps/api/tests/satisfaction-survey.test.ts:106,124,no,,,candidate,,
api-ts-local-d69a65e6,api,2,ts-local,contatos,,apps/api/tests/registrations-attendance.test.ts:861,433,no,,,candidate,,
api-ts-local-fa5666b0,api,2,ts-local,conteudo,,apps/api/src/domain/import-of-contacts.ts:57,398,no,,,candidate,,
api-ts-local-a74ba040,api,2,ts-local,conteudo,,apps/api/src/domain/management/builder-of-flow.ts:145,398,no,,,candidate,,
api-ts-local-f5b0d0f0,api,2,ts-local,conteudo,,apps/api/src/domain/management/builder-of-flow.ts:259,398,no,,,candidate,,
api-ts-local-4545968f,api,2,ts-local,conteudo,,apps/api/src/domain/management/pfx.ts:106,398,no,,,candidate,,
api-ts-local-33a76214,api,2,ts-local,conteudo,,apps/api/src/domain/management/pfx.ts:88,398,no,,,candidate,,
api-ts-local-361e97c6,api,2,ts-local,conteudoTlv,,apps/api/src/domain/management/pfx.ts:307,2,no,,,candidate,,
api-ts-local-16ac335f,api,2,ts-local,contexto,,apps/api/src/domain/convites.ts:375,248,no,,,candidate,,
api-ts-local-e61470bb,api,2,ts-local,contexto,,apps/api/tests/desk-availability.test.ts:133,248,no,,,candidate,,
api-ts-local-d5fca6ac,api,2,ts-local,conversa,,apps/api/src/domain/conversation.ts:72,927,no,,,candidate,,
api-ts-local-627f8f42,api,2,ts-local,conversa,,apps/api/tests/flow-content.test.ts:195,927,no,,,candidate,,
api-ts-local-c02d0c98,api,2,ts-local,conversa,,apps/api/tests/queue-entry.test.ts:162,927,no,,,candidate,,
api-ts-local-3a60fa7d,api,2,ts-local,conversaId,,apps/api/src/domain/conversation.ts:34,232,no,,,candidate,,
api-ts-local-5d56eba7,api,2,ts-local,conversaId,,apps/api/src/domain/desk/consultas.ts:186,232,no,,,candidate,,
api-ts-local-7b861d44,api,2,ts-local,conversaId,,apps/api/src/domain/desk/consultas.ts:300,232,no,,,candidate,,
api-ts-local-39c3a699,api,2,ts-local,conversaId,,apps/api/src/domain/desk/consultas.ts:404,232,no,,,candidate,,
api-ts-local-5d2a4870,api,2,ts-local,conversaId,,apps/api/src/domain/desk/taggings.ts:51,232,no,,,candidate,,
api-ts-local-afe0b730,api,2,ts-local,conversaId,,apps/api/src/domain/etiquetas.ts:157,232,no,,,candidate,,
api-ts-local-946cccb6,api,2,ts-local,conversaId,,apps/api/src/domain/etiquetas.ts:85,232,no,,,candidate,,
api-ts-local-a1306ba4,api,2,ts-local,conversaId,,apps/api/src/domain/management/monitoring.ts:219,232,no,,,candidate,,
api-ts-local-d12bb554,api,2,ts-local,conversaId,,apps/api/src/domain/management/monitoring.ts:300,232,no,,,candidate,,
api-ts-local-3b64e346,api,2,ts-local,conversaId,,apps/api/tests/attachments-multiplos.test.ts:131,232,no,,,candidate,,
api-ts-local-296b358a,api,2,ts-local,conversaId,,apps/api/tests/builder-by-flow.test.ts:258,232,no,,,candidate,,
api-ts-local-d5174398,api,2,ts-local,conversaId,,apps/api/tests/desk-write-commands.test.ts:101,232,no,,,candidate,,
api-ts-local-44d6717c,api,2,ts-local,conversaId,,apps/api/tests/desk-write-commands.test.ts:87,232,no,,,candidate,,
api-ts-local-193d3882,api,2,ts-local,conversaId,,apps/api/tests/desk-write-commands.test.ts:94,232,no,,,candidate,,
api-ts-local-326f1a35,api,2,ts-local,conversaId,,apps/api/tests/envio-session.test.ts:209,232,no,,,candidate,,
api-ts-local-22fbd5e7,api,2,ts-local,conversaId,,apps/api/tests/envio-session.test.ts:77,232,no,,,candidate,,
api-ts-local-00e7f6b2,api,2,ts-local,conversaId,,apps/api/tests/envio-session.test.ts:91,232,no,,,candidate,,
api-ts-local-62fac40f,api,2,ts-local,conversaId,,apps/api/tests/flow-actions.test.ts:280,232,no,,,candidate,,
api-ts-local-470360d3,api,2,ts-local,conversaId,,apps/api/tests/flow.test.ts:104,232,no,,,candidate,,
api-ts-local-3453c259,api,2,ts-local,conversaId,,apps/api/tests/queue-entry.test.ts:185,232,no,,,candidate,,
api-ts-local-08871abf,api,2,ts-local,conversaId,,apps/api/tests/queue-entry.test.ts:97,232,no,,,candidate,,
api-ts-local-391723dc,api,2,ts-local,conversaId,,apps/api/tests/sla-motor.test.ts:116,232,no,,,candidate,,
api-ts-local-7d31615f,api,2,ts-local,conversaId,,apps/api/tests/sla-motor.test.ts:130,232,no,,,candidate,,
api-ts-local-8f8ad4a4,api,2,ts-local,conversaRows,,apps/api/tests/jsonb-compat.test.ts:274,2,no,,,candidate,,
api-ts-local-ac41fa96,api,2,ts-local,conversas,,apps/api/src/domain/management/attendance.ts:86,357,no,,,candidate,,
api-ts-local-03e3dad5,api,2,ts-local,conversas,,apps/api/tests/flow-actions.test.ts:199,357,no,,,candidate,,
api-ts-local-884537da,api,2,ts-local,convite,,apps/api/src/domain/convites.ts:180,247,no,,,candidate,,
api-ts-local-2b4cf067,api,2,ts-local,convite,,apps/api/src/domain/convites.ts:197,247,no,,,candidate,,
api-ts-local-f1ab73db,api,2,ts-local,convite,,apps/api/src/domain/convites.ts:74,247,no,,,candidate,,
api-ts-local-dc57c526,api,2,ts-local,conviteId,,apps/api/src/domain/management/contract.ts:351,4,no,,,candidate,,
api-ts-local-ac5da0e8,api,2,ts-local,credencial,,apps/api/tests/envio-session.test.ts:79,55,no,,,candidate,,
api-ts-local-0a98ed7c,api,2,ts-local,criadaPalavra,,apps/api/tests/palavras-proibidas.test.ts:376,1,no,,,candidate,,
api-ts-local-774238a2,api,2,ts-local,crua,,apps/api/src/domain/management/certificados.ts:87,11,no,,,candidate,,
api-ts-local-de9ae42c,api,2,ts-local,cru,,apps/api/src/controllers/login.ts:169,95,no,,,candidate,,
api-ts-local-ba82a6b8,api,2,ts-local,cru,,apps/api/src/controllers/management-account.ts:56,95,no,,,candidate,,
api-ts-local-e22f5bab,api,2,ts-local,cru,,apps/api/src/domain/convites.ts:44,95,no,,,candidate,,
api-ts-local-bf33e97a,api,2,ts-local,cru,,apps/api/src/domain/dominios.ts:41,95,no,,,candidate,,
api-ts-local-86a42de3,api,2,ts-local,cru,,apps/api/src/domain/management/certificados.ts:57,95,no,,,candidate,,
api-ts-local-51c501ef,api,2,ts-local,cru,,apps/api/src/domain/management/certificados.ts:73,95,no,,,candidate,,
api-ts-local-9eb34daa,api,2,ts-local,cru,,apps/api/src/domain/management/certificados.ts:94,95,no,,,candidate,,
api-ts-local-0fe14de9,api,2,ts-local,cru,,apps/api/src/domain/media.ts:203,95,no,,,candidate,,
api-ts-local-e7e27768,api,2,ts-local,cru,,apps/api/src/eventos-ws.ts:117,95,no,,,candidate,,
api-ts-local-9cdf4d47,api,2,ts-local,cru,,apps/api/tests/convites.test.ts:464,95,no,,,candidate,,
api-ts-local-90721e86,api,2,ts-local,cru,,apps/api/tests/realtime.test.ts:189,95,no,,,candidate,,
api-ts-local-bf42c5a6,api,2,ts-local,cru,,apps/api/tests/realtime.test.ts:212,95,no,,,candidate,,
api-ts-local-2d744d6b,api,2,ts-local,cru,,apps/api/tests/realtime.test.ts:335,95,no,,,candidate,,
api-ts-local-5c0eafaf,api,2,ts-local,cru,,apps/api/tests/realtime.test.ts:95,95,no,,,candidate,,
api-ts-local-6f502cae,api,2,ts-local,cursorBruto,,apps/api/src/controllers/management-analytics.ts:238,2,no,,,candidate,,
api-ts-local-08d96722,api,2,ts-local,dados,,apps/api/src/domain/convites.ts:172,401,no,,,candidate,,
api-ts-local-4bd98d1c,api,2,ts-local,dados,,apps/api/src/domain/convites.ts:357,401,no,,,candidate,,
api-ts-local-8bdea1ba,api,2,ts-local,dados,,apps/api/src/domain/desk/actions.ts:239,401,no,,,candidate,,
api-ts-local-9f8a3f2a,api,2,ts-local,dados,,apps/api/src/domain/desk/actions.ts:32,401,no,,,candidate,,
api-ts-local-8a436a70,api,2,ts-local,dados,,apps/api/src/domain/desk/taggings.ts:69,401,no,,,candidate,,
api-ts-local-98b72f57,api,2,ts-local,dados,,apps/api/src/domain/management/actions/agents.ts:55,401,no,,,candidate,,
api-ts-local-4f66ca84,api,2,ts-local,dados,,apps/api/src/domain/management/actions/communication.ts:63,401,no,,,candidate,,
api-ts-local-30840faf,api,2,ts-local,dados,,apps/api/src/domain/management/actions/regras.ts:104,401,no,,,candidate,,
api-ts-local-886e849f,api,2,ts-local,dados,,apps/api/src/domain/management/actions/regras.ts:158,401,no,,,candidate,,
api-ts-local-e5145c5f,api,2,ts-local,dados,,apps/api/src/domain/management/actions/regras.ts:167,401,no,,,candidate,,
api-ts-local-4b07a2d0,api,2,ts-local,dados,,apps/api/src/domain/management/actions/regras.ts:237,401,no,,,candidate,,
api-ts-local-4813a286,api,2,ts-local,dados,,apps/api/src/domain/management/actions/regras.ts:297,401,no,,,candidate,,
api-ts-local-0f305942,api,2,ts-local,dados,,apps/api/src/domain/management/actions/regras.ts:51,401,no,,,candidate,,
api-ts-local-8276fbd3,api,2,ts-local,dados,,apps/api/src/domain/management/actions/regras.ts:60,401,no,,,candidate,,
api-ts-local-f5928c62,api,2,ts-local,dados,,apps/api/src/domain/management/actions/settings.ts:43,401,no,,,candidate,,
api-ts-local-fc09e70b,api,2,ts-local,dados,,apps/api/src/domain/management/actions/settings.ts:78,401,no,,,candidate,,
api-ts-local-d546f9ee,api,2,ts-local,dados,,apps/api/tests/ajuda-pfx.ts:41,401,no,,,candidate,,
api-ts-local-d390714b,api,2,ts-local,dados,,apps/api/tests/ajuda-pfx.ts:45,401,no,,,candidate,,
api-ts-local-760b91ee,api,2,ts-local,dados,,apps/api/tests/attachments-multiplos.test.ts:86,401,no,,,candidate,,
api-ts-local-e5b462dd,api,2,ts-local,dados,,apps/api/tests/attachments.test.ts:27,401,no,,,candidate,,
api-ts-local-b745bb08,api,2,ts-local,dados,,apps/api/tests/attachments.test.ts:55,401,no,,,candidate,,
api-ts-local-a2f8c18f,api,2,ts-local,definirFabricaGraph,,apps/api/tests/channels.test.ts:25,6,no,,,candidate,,
api-ts-local-28c2e9dc,api,2,ts-local,definirFabricaGraphInstagram,,apps/api/tests/instagram.test.ts:20,5,no,,,candidate,,
api-ts-local-a5a19e67,api,2,ts-local,definirFabricaGraphMessenger,,apps/api/tests/messenger.test.ts:20,3,no,,,candidate,,
api-ts-local-16c4921a,api,2,ts-local,dela,,apps/api/src/domain/management/history.ts:269,56,no,,,candidate,,
api-ts-local-bc8f0ac4,api,2,ts-local,dePedido,,apps/api/src/controllers/management-analytics.ts:167,4,no,,,candidate,,
api-ts-local-ddbd4e0e,api,2,ts-local,dePedido,,apps/api/src/controllers/management-analytics.ts:186,4,no,,,candidate,,
api-ts-local-078ab1ac,api,2,ts-local,depois,,apps/api/tests/channels.test.ts:900,685,no,,,candidate,,
api-ts-local-dddb76a1,api,2,ts-local,depois,,apps/api/tests/registrations-attendance.test.ts:374,685,no,,,candidate,,
api-ts-local-35d53eae,api,2,ts-local,desafio,,apps/api/src/controllers/login.ts:144,89,no,,,candidate,,
api-ts-local-76c49ace,api,2,ts-local,desafio,,apps/api/src/controllers/webhooks-instagram.ts:21,89,no,,,candidate,,
api-ts-local-7a9421b1,api,2,ts-local,desafio,,apps/api/src/controllers/webhooks-messenger.ts:4,89,no,,,candidate,,
api-ts-local-cd8f09af,api,2,ts-local,desafio,,apps/api/src/controllers/webhooks-whatsapp.ts:22,89,no,,,candidate,,
api-ts-local-2ea5b2cc,api,2,ts-local,desafio,,apps/api/src/controllers/webhooks-whatsapp.ts:79,89,no,,,candidate,,
api-ts-local-dc43613a,api,2,ts-local,desconectarWhatsApp,,apps/api/tests/channels.test.ts:22,10,no,,,candidate,,
api-ts-local-c9dedef6,api,2,ts-local,desde,,apps/api/src/controllers/rastreador-de-cliques.ts:24,131,no,,,candidate,,
api-ts-local-b5c7aeb8,api,2,ts-local,desde,,apps/api/src/controllers/rastreador-de-cliques.ts:45,131,no,,,candidate,,
api-ts-local-e2b483ac,api,2,ts-local,desenho,,apps/api/src/domain/management/builder-of-flow.ts:283,188,no,,,candidate,,
api-ts-local-ac8f6443,api,2,ts-local,desenho,,apps/api/src/domain/management/builder-of-flow.ts:356,188,no,,,candidate,,
api-ts-local-5fae53f2,api,2,ts-local,desenho,,apps/api/src/domain/management/builder-of-flow.ts:582,188,no,,,candidate,,
api-ts-local-64a3e033,api,2,ts-local,desenho,,apps/api/src/domain/management/builder-of-flow.ts:593,188,no,,,candidate,,
api-ts-local-273ecaee,api,2,ts-local,desenho,,apps/api/tests/builder-by-flow.test.ts:134,188,no,,,candidate,,
api-ts-local-10f3bf75,api,2,ts-local,desenho,,apps/api/tests/builder-by-flow.test.ts:211,188,no,,,candidate,,
api-ts-local-022355ba,api,2,ts-local,desenho,,apps/api/tests/builder-test-run.test.ts:121,188,no,,,candidate,,
api-ts-local-f7f781e9,api,2,ts-local,destino,,apps/api/src/domain/management/registrations.ts:802,391,no,,,candidate,,
api-ts-local-b39686a1,api,2,ts-local,destino,,apps/api/src/domain/message-active.ts:105,391,no,,,candidate,,
api-ts-local-1774e279,api,2,ts-local,diaSemana,,apps/api/tests/registrations-attendance.test.ts:899,26,no,,,candidate,,
api-ts-local-770ea5dd,api,2,ts-local,direcao,,apps/api/src/pagination.ts:86,65,no,,,candidate,,
api-ts-local-c937cdc4,api,2,ts-local,emailCru,,apps/api/src/domain/sso.ts:301,2,no,,,candidate,,
api-ts-local-1adeb8d0,api,2,ts-local,emissor,,apps/api/src/domain/sso.ts:283,63,no,,,candidate,,
api-ts-local-98e64e99,api,2,ts-local,encontrarPalavrasProibidas,,apps/api/tests/palavras-proibidas.test.ts:17,12,no,,,candidate,,
api-ts-local-3928af7b,api,2,ts-local,entrada,,apps/api/src/controllers/webhooks-whatsapp.ts:135,534,no,,,candidate,,
api-ts-local-eeb12f8b,api,2,ts-local,entrada,,apps/api/src/domain/flow.ts:948,534,no,,,candidate,,
api-ts-local-e78c04c8,api,2,ts-local,entrada,,apps/api/src/domain/management/settings.ts:406,534,no,,,candidate,,
api-ts-local-f70fb51a,api,2,ts-local,entrada,,apps/api/tests/media-received.test.ts:200,534,no,,,candidate,,
api-ts-local-03e93040,api,2,ts-local,entrada,,apps/api/tests/media-received.test.ts:224,534,no,,,candidate,,
api-ts-local-fe45a54c,api,2,ts-local,entradas,,apps/api/tests/desk-availability.test.ts:136,29,no,,,candidate,,
api-ts-local-70be6a25,api,2,ts-local,entradas,,apps/api/tests/flow-actions.test.ts:191,29,no,,,candidate,,
api-ts-local-24398280,api,2,ts-local,entradas,,apps/api/tests/input-expiration.test.ts:170,29,no,,,candidate,,
api-ts-local-9b93eef6,api,2,ts-local,enviarEmailSemDerrubar,,apps/api/tests/email.test.ts:14,9,no,,,candidate,,
api-ts-local-9eeb534e,api,2,ts-local,erro,,apps/api/src/controllers/login.ts:352,806,no,,,candidate,,
api-ts-local-5977df5a,api,2,ts-local,erro,,apps/api/src/controllers/sso.ts:226,806,no,,,candidate,,
api-ts-local-ad81063a,api,2,ts-local,erro,,apps/api/src/controllers/sso.ts:233,806,no,,,candidate,,
api-ts-local-37d8d398,api,2,ts-local,erro,,apps/api/src/domain/desk/actions.ts:22,806,no,,,candidate,,
api-ts-local-12f7bb58,api,2,ts-local,erro,,apps/api/src/domain/dominios.ts:188,806,no,,,candidate,,
api-ts-local-b43b4976,api,2,ts-local,erro,,apps/api/src/domain/email.ts:70,806,no,,,candidate,,
api-ts-local-45e203f1,api,2,ts-local,erro,,apps/api/src/domain/engine-services.ts:290,806,no,,,candidate,,
api-ts-local-8fd2a402,api,2,ts-local,erro,,apps/api/src/domain/flow.ts:1021,806,no,,,candidate,,
api-ts-local-f3d09b02,api,2,ts-local,erro,,apps/api/src/domain/flow.ts:576,806,no,,,candidate,,
api-ts-local-6e7c828a,api,2,ts-local,erro,,apps/api/src/domain/flow.ts:725,806,no,,,candidate,,
api-ts-local-200073c5,api,2,ts-local,erro,,apps/api/src/domain/flow.ts:885,806,no,,,candidate,,
api-ts-local-70e6344a,api,2,ts-local,erro,,apps/api/src/domain/instagram/channel.ts:249,806,no,,,candidate,,
api-ts-local-03f76914,api,2,ts-local,erro,,apps/api/src/domain/instagram/channel.ts:259,806,no,,,candidate,,
api-ts-local-c82cf920,api,2,ts-local,erro,,apps/api/src/domain/instagram/channel.ts:279,806,no,,,candidate,,
api-ts-local-80d983a5,api,2,ts-local,erro,,apps/api/src/domain/instagram/cliente-graph.ts:137,806,no,,,candidate,,
api-ts-local-2744fc09,api,2,ts-local,erro,,apps/api/src/domain/instagram/renewal.ts:71,806,no,,,candidate,,
api-ts-local-cd4d3a30,api,2,ts-local,erro,,apps/api/src/domain/management/actions/agents.ts:21,806,no,,,candidate,,
api-ts-local-d4e59f07,api,2,ts-local,erro,,apps/api/src/domain/management/actions/communication.ts:29,806,no,,,candidate,,
api-ts-local-b19cf081,api,2,ts-local,erro,,apps/api/src/domain/management/actions/regras.ts:40,806,no,,,candidate,,
api-ts-local-34fade44,api,2,ts-local,erro,,apps/api/src/domain/management/actions/settings.ts:133,806,no,,,candidate,,
api-ts-local-0c5cede8,api,2,ts-local,erro,,apps/api/src/domain/management/actions/settings.ts:22,806,no,,,candidate,,
api-ts-local-07026ec7,api,2,ts-local,erro,,apps/api/src/domain/management/actions/settings.ts:60,806,no,,,candidate,,
api-ts-local-f24203af,api,2,ts-local,erro,,apps/api/src/domain/management/builder-test-run.ts:318,806,no,,,candidate,,
api-ts-local-774af07a,api,2,ts-local,erro,,apps/api/src/domain/media.ts:184,806,no,,,candidate,,
api-ts-local-62372e84,api,2,ts-local,erro,,apps/api/src/domain/media.ts:195,806,no,,,candidate,,
api-ts-local-5e288ca1,api,2,ts-local,erro,,apps/api/src/domain/messenger/channel.ts:35,806,no,,,candidate,,
api-ts-local-267a1409,api,2,ts-local,erro,,apps/api/src/domain/messenger/cliente-graph.ts:39,806,no,,,candidate,,
api-ts-local-c15020f8,api,2,ts-local,erro,,apps/api/src/domain/whatsapp/cliente-graph.ts:376,806,no,,,candidate,,
api-ts-local-eadb615c,api,2,ts-local,erro,,apps/api/src/domain/whatsapp/configuration-manual.ts:68,806,no,,,candidate,,
api-ts-local-ef507454,api,2,ts-local,erro,,apps/api/src/domain/whatsapp/configuration-of-webhook.ts:115,806,no,,,candidate,,
api-ts-local-ba212340,api,2,ts-local,erro,,apps/api/src/domain/whatsapp/configuration-of-webhook.ts:133,806,no,,,candidate,,
api-ts-local-1d5c1b2e,api,2,ts-local,erro,,apps/api/src/domain/whatsapp/configuration-of-webhook.ts:39,806,no,,,candidate,,
api-ts-local-2cd4f6c3,api,2,ts-local,erro,,apps/api/src/domain/whatsapp/configuration-of-webhook.ts:64,806,no,,,candidate,,
api-ts-local-4dda407e,api,2,ts-local,erro,,apps/api/src/domain/whatsapp/configuration-of-webhook.ts:75,806,no,,,candidate,,
api-ts-local-5bd80dad,api,2,ts-local,erro,,apps/api/src/domain/whatsapp/registration-embedded.ts:79,806,no,,,candidate,,
api-ts-local-55b9152f,api,2,ts-local,erro,,apps/api/src/domain/whatsapp/teardown-of-webhook.ts:31,806,no,,,candidate,,
api-ts-local-6cef0d34,api,2,ts-local,erro,,apps/api/src/domain/whatsapp/teardown-of-webhook.ts:39,806,no,,,candidate,,
api-ts-local-3d953c9c,api,2,ts-local,erro,,apps/api/src/queues.ts:234,806,no,,,candidate,,
api-ts-local-5022ef6c,api,2,ts-local,erro,,apps/api/src/queues.ts:281,806,no,,,candidate,,
api-ts-local-ef5319af,api,2,ts-local,erro,,apps/api/src/queues.ts:312,806,no,,,candidate,,
api-ts-local-883ef4c9,api,2,ts-local,erro,,apps/api/src/queues.ts:360,806,no,,,candidate,,
api-ts-local-e3f002f1,api,2,ts-local,erro,,apps/api/src/queues.ts:420,806,no,,,candidate,,
api-ts-local-3bd88194,api,2,ts-local,escopo,,apps/api/src/authentication.ts:172,374,no,,,candidate,,
api-ts-local-683feba3,api,2,ts-local,escopos,,apps/api/src/authentication.ts:54,45,no,,,candidate,,
api-ts-local-6ddfb902,api,2,ts-local,esperando,,apps/api/src/domain/desk/actions.ts:202,29,no,,,candidate,,
api-ts-local-63de12d7,api,2,ts-local,esperando,,apps/api/src/queues.ts:517,29,no,,,candidate,,
api-ts-local-36301082,api,2,ts-local,estaCifrado,,apps/api/tests/channels.test.ts:17,29,no,,,candidate,,
api-ts-local-a1f21090,api,2,ts-local,estaCifrado,,apps/api/tests/instagram.test.ts:15,29,no,,,candidate,,
api-ts-local-8dfb9a10,api,2,ts-local,estaCifrado,,apps/api/tests/messenger.test.ts:12,29,no,,,candidate,,
api-ts-local-4f153d11,api,2,ts-local,estaCifrado,,apps/api/tests/sso.test.ts:13,29,no,,,candidate,,
api-ts-local-9906e494,api,2,ts-local,estado,,apps/api/src/domain/flow.ts:1652,836,no,,,candidate,,
api-ts-local-41d4d529,api,2,ts-local,estado,,apps/api/src/domain/management/builder-of-flow.ts:292,836,no,,,candidate,,
api-ts-local-ab2c50e4,api,2,ts-local,estado,,apps/api/src/domain/management/builder-of-flow.ts:366,836,no,,,candidate,,
api-ts-local-f858d3cf,api,2,ts-local,estado,,apps/api/src/domain/management/builder-of-flow.ts:430,836,no,,,candidate,,
api-ts-local-e0d17a00,api,2,ts-local,estado,,apps/api/src/domain/management/builder-of-flow.ts:450,836,no,,,candidate,,
api-ts-local-5cf599c7,api,2,ts-local,estado,,apps/api/tests/builder-commands.test.ts:42,836,no,,,candidate,,
api-ts-local-91f86461,api,2,ts-local,estado,,apps/api/tests/desk-commands.test.ts:48,836,no,,,candidate,,
api-ts-local-b94a5aef,api,2,ts-local,estado,,apps/api/tests/process-http-retomada.test.ts:149,836,no,,,candidate,,
api-ts-local-52ac362d,api,2,ts-local,estrangeira,,apps/api/tests/desk-write-commands.test.ts:182,6,no,,,candidate,,
api-ts-local-b905c41b,api,2,ts-local,etiqueta,,apps/api/src/controllers/management-operations.ts:229,288,no,,,candidate,,
api-ts-local-0f80aaa9,api,2,ts-local,etiqueta,,apps/api/src/domain/conversation.ts:126,288,no,,,candidate,,
api-ts-local-dc4e606b,api,2,ts-local,etiqueta,,apps/api/src/domain/conversation.ts:79,288,no,,,candidate,,
api-ts-local-5d350f31,api,2,ts-local,etiqueta,,apps/api/src/domain/conversation.ts:86,288,no,,,candidate,,
api-ts-local-bc9e2b2d,api,2,ts-local,etiqueta,,apps/api/tests/conversation-events.test.ts:142,288,no,,,candidate,,
api-ts-local-451c4a14,api,2,ts-local,etiquetaId,,apps/api/src/controllers/etiquetas.ts:123,53,no,,,candidate,,
api-ts-local-35c1502e,api,2,ts-local,etiquetaId,,apps/api/src/controllers/etiquetas.ts:78,53,no,,,candidate,,
api-ts-local-35e36073,api,2,ts-local,etiquetaId,,apps/api/src/domain/etiquetas.ts:122,53,no,,,candidate,,
api-ts-local-7235bb64,api,2,ts-local,etiquetaId,,apps/api/src/domain/etiquetas.ts:158,53,no,,,candidate,,
api-ts-local-3648a5b0,api,2,ts-local,etiquetaId,,apps/api/src/domain/etiquetas.ts:235,53,no,,,candidate,,
api-ts-local-ef754613,api,2,ts-local,etiquetaId,,apps/api/src/domain/etiquetas.ts:268,53,no,,,candidate,,
api-ts-local-df7d67c1,api,2,ts-local,etiquetaId,,apps/api/src/domain/etiquetas.ts:58,53,no,,,candidate,,
api-ts-local-8b77c3aa,api,2,ts-local,etiquetas,,apps/api/src/domain/conversation.ts:171,182,no,,,candidate,,
api-ts-local-5f2e476b,api,2,ts-local,etiquetas,,apps/api/src/domain/conversation.ts:74,182,no,,,candidate,,
api-ts-local-c13ca67f,api,2,ts-local,etiquetas,,apps/api/tests/flow.test.ts:209,182,no,,,candidate,,
api-ts-local-1a61ee8f,api,2,ts-local,etiquetas,,apps/api/tests/router.test.ts:676,182,no,,,candidate,,
api-ts-local-80f25765,api,2,ts-local,evento,,apps/api/src/domain/flow.ts:404,324,no,,,candidate,,
api-ts-local-b4522302,api,2,ts-local,evento,,apps/api/src/domain/instagram/inbound.ts:55,324,no,,,candidate,,
api-ts-local-207ad604,api,2,ts-local,evento,,apps/api/src/domain/management/integrations.ts:395,324,no,,,candidate,,
api-ts-local-1a7ebb7c,api,2,ts-local,evento,,apps/api/src/domain/messenger/inbound.ts:10,324,no,,,candidate,,
api-ts-local-e9d63ccf,api,2,ts-local,evento,,apps/api/src/eventos-ws.ts:147,324,no,,,candidate,,
api-ts-local-9176647c,api,2,ts-local,evento,,apps/api/src/realtime.ts:19,324,no,,,candidate,,
api-ts-local-9fc732e2,api,2,ts-local,evento,,apps/api/src/realtime.ts:57,324,no,,,candidate,,
api-ts-local-0ea95fce,api,2,ts-local,evento,,apps/api/src/realtime.ts:78,324,no,,,candidate,,
api-ts-local-8fd8d9cb,api,2,ts-local,evento,,apps/api/src/webhooks-saida.ts:144,324,no,,,candidate,,
api-ts-local-ba8f5991,api,2,ts-local,evento,,apps/api/tests/realtime.test.ts:21,324,no,,,candidate,,
api-ts-local-7a92eea0,api,2,ts-local,evento,,apps/api/tests/sla-motor.test.ts:123,324,no,,,candidate,,
api-ts-local-de133571,api,2,ts-local,eventos,,apps/api/src/domain/flow.ts:949,232,no,,,candidate,,
api-ts-local-f58df883,api,2,ts-local,eventos,,apps/api/src/domain/management/integrations.ts:390,232,no,,,candidate,,
api-ts-local-99f0a45b,api,2,ts-local,eventos,,apps/api/src/domain/management/integrations.ts:835,232,no,,,candidate,,
api-ts-local-52bfd9be,api,2,ts-local,eventos,,apps/api/src/domain/management/integrations.ts:895,232,no,,,candidate,,
api-ts-local-df62a5b7,api,2,ts-local,eventos,,apps/api/tests/desk-actions.test.ts:276,232,no,,,candidate,,
api-ts-local-3995bf9f,api,2,ts-local,eventos,,apps/api/tests/sla-motor.test.ts:90,232,no,,,candidate,,
api-ts-local-1d5f502d,api,2,ts-local,eventoWebhook,,apps/api/src/domain/management/sla-motor.ts:76,2,no,,,candidate,,
api-ts-local-51d81d74,api,2,ts-local,execucao,,apps/api/tests/flow-content.test.ts:189,27,no,,,candidate,,
api-ts-local-92ef7e41,api,2,ts-local,execucaoId,,apps/api/src/domain/flow.ts:945,4,no,,,candidate,,
api-ts-local-8075c428,api,2,ts-local,execucoes,,apps/api/tests/flow-actions.test.ts:195,3,no,,,candidate,,
api-ts-local-21715bc7,api,2,ts-local,extensao,,apps/api/src/domain/management/builder-of-flow.ts:158,8,no,,,candidate,,
api-ts-local-b7fd51b6,api,2,ts-local,faixas,,apps/api/src/domain/queue-entry.ts:173,61,no,,,candidate,,
api-ts-local-3cd83d19,api,2,ts-local,fechado,,apps/api/tests/registrations-attendance.test.ts:914,116,no,,,candidate,,
api-ts-local-cb04596a,api,2,ts-local,feito,,apps/api/src/domain/management/pfx.ts:154,76,no,,,candidate,,
api-ts-local-d8c61953,api,2,ts-local,fila,,apps/api/src/controllers/management-operations.ts:227,878,no,,,candidate,,
api-ts-local-03871404,api,2,ts-local,fila,,apps/api/src/controllers/management-operations.ts:251,878,no,,,candidate,,
api-ts-local-5f37b31a,api,2,ts-local,fila,,apps/api/tests/desk-write-commands.test.ts:179,878,no,,,candidate,,
api-ts-local-94e6c0dd,api,2,ts-local,fila,,apps/api/tests/flow-actions.test.ts:305,878,no,,,candidate,,
api-ts-local-d90c33dc,api,2,ts-local,fila,,apps/api/tests/queue-entry.test.ts:42,878,no,,,candidate,,
api-ts-local-8a39b8ae,api,2,ts-local,filaId,,apps/api/src/domain/distribution.ts:135,49,no,,,candidate,,
api-ts-local-b933138f,api,2,ts-local,filaId,,apps/api/src/domain/distribution.ts:24,49,no,,,candidate,,
api-ts-local-68d03630,api,2,ts-local,filaId,,apps/api/src/domain/management/registrations.ts:1467,49,no,,,candidate,,
api-ts-local-5ef1fd78,api,2,ts-local,filaId,,apps/api/src/domain/management/sla-motor.ts:34,49,no,,,candidate,,
api-ts-local-027df724,api,2,ts-local,filaId,,apps/api/src/domain/management/sla.ts:89,49,no,,,candidate,,
api-ts-local-ca6198c3,api,2,ts-local,fimBruto,,apps/api/src/controllers/desk.ts:176,2,no,,,candidate,,
api-ts-local-e42328fc,api,2,ts-local,fluxo,,apps/api/tests/team-of-flow.test.ts:346,2087,no,,,candidate,,
api-ts-local-1ba7afb7,api,2,ts-local,fluxoId,,apps/api/src/controllers/connection-in-flow.ts:44,233,no,,,candidate,,
api-ts-local-7394efb8,api,2,ts-local,fluxoId,,apps/api/src/controllers/connection-in-flow.ts:57,233,no,,,candidate,,
api-ts-local-3f5b63da,api,2,ts-local,fluxoId,,apps/api/src/controllers/rastreador-de-cliques.ts:61,233,no,,,candidate,,
api-ts-local-d4d83852,api,2,ts-local,fluxoId,,apps/api/src/domain/management-analytics.ts:248,233,no,,,candidate,,
api-ts-local-1c7d1965,api,2,ts-local,fluxoId,,apps/api/src/domain/management-analytics.ts:335,233,no,,,candidate,,
api-ts-local-99522f4c,api,2,ts-local,fluxoId,,apps/api/src/domain/management-analytics.ts:396,233,no,,,candidate,,
api-ts-local-751c4caf,api,2,ts-local,fluxoId,,apps/api/src/domain/management-analytics.ts:48,233,no,,,candidate,,
api-ts-local-9900797a,api,2,ts-local,fluxoId,,apps/api/src/domain/management-flow.ts:229,233,no,,,candidate,,
api-ts-local-4cf0dabe,api,2,ts-local,fluxoId,,apps/api/src/domain/management-flow.ts:442,233,no,,,candidate,,
api-ts-local-b7603d5d,api,2,ts-local,fluxoId,,apps/api/src/domain/management-flow.ts:83,233,no,,,candidate,,
api-ts-local-861572d7,api,2,ts-local,fluxoId,,apps/api/src/domain/management/builder-of-flow.ts:356,233,no,,,candidate,,
api-ts-local-ee4c461b,api,2,ts-local,fluxoId,,apps/api/src/domain/management/builder-of-flow.ts:474,233,no,,,candidate,,
api-ts-local-0911200e,api,2,ts-local,fluxoId,,apps/api/src/domain/management/builder-of-flow.ts:527,233,no,,,candidate,,
api-ts-local-5b40a6b4,api,2,ts-local,fluxoId,,apps/api/src/domain/management/builder-of-flow.ts:541,233,no,,,candidate,,
api-ts-local-a51d0690,api,2,ts-local,fluxoId,,apps/api/src/domain/management/builder-of-flow.ts:557,233,no,,,candidate,,
api-ts-local-0e9286cb,api,2,ts-local,fluxoId,,apps/api/src/domain/management/builder-of-flow.ts:581,233,no,,,candidate,,
api-ts-local-1848415a,api,2,ts-local,fluxoId,,apps/api/src/domain/management/builder-of-flow.ts:593,233,no,,,candidate,,
api-ts-local-2c0125b3,api,2,ts-local,fluxoId,,apps/api/src/domain/management/builder-of-flow.ts:612,233,no,,,candidate,,
api-ts-local-a17cf3c0,api,2,ts-local,fluxoId,,apps/api/src/domain/management/builder-of-flow.ts:692,233,no,,,candidate,,
api-ts-local-662d1b41,api,2,ts-local,fluxoId,,apps/api/src/domain/management/builder-of-flow.ts:706,233,no,,,candidate,,
api-ts-local-d5a2d27f,api,2,ts-local,fluxoId,,apps/api/src/domain/management/builder-of-flow.ts:723,233,no,,,candidate,,
api-ts-local-db86a2bf,api,2,ts-local,fluxoId,,apps/api/src/domain/management/builder-of-flow.ts:741,233,no,,,candidate,,
api-ts-local-40885edb,api,2,ts-local,fluxoId,,apps/api/src/domain/management/channel-of-flow.ts:109,233,no,,,candidate,,
api-ts-local-48e211f9,api,2,ts-local,fluxoId,,apps/api/src/domain/management/channel-of-flow.ts:129,233,no,,,candidate,,
api-ts-local-705ff2ab,api,2,ts-local,fluxoId,,apps/api/src/domain/management/channel-of-flow.ts:179,233,no,,,candidate,,
api-ts-local-1d49211f,api,2,ts-local,fluxoId,,apps/api/src/domain/management/channel-of-flow.ts:19,233,no,,,candidate,,
api-ts-local-98b3edcb,api,2,ts-local,fluxoId,,apps/api/src/domain/management/channel-of-flow.ts:208,233,no,,,candidate,,
api-ts-local-6bb06fde,api,2,ts-local,fluxoId,,apps/api/src/domain/management/integrations.ts:121,233,no,,,candidate,,
api-ts-local-5cca1cb0,api,2,ts-local,fluxoId,,apps/api/src/domain/management/integrations.ts:145,233,no,,,candidate,,
api-ts-local-b039f314,api,2,ts-local,fluxoId,,apps/api/src/domain/management/integrations.ts:201,233,no,,,candidate,,
api-ts-local-c280132e,api,2,ts-local,fluxoId,,apps/api/src/domain/management/integrations.ts:35,233,no,,,candidate,,
api-ts-local-19d7a494,api,2,ts-local,fluxoId,,apps/api/src/domain/management/integrations.ts:849,233,no,,,candidate,,
api-ts-local-8f27447a,api,2,ts-local,fluxoId,,apps/api/src/domain/management/integrations.ts:878,233,no,,,candidate,,
api-ts-local-de652c50,api,2,ts-local,fluxoId,,apps/api/src/domain/management/team-of-flow.ts:166,233,no,,,candidate,,
api-ts-local-ba5e3e34,api,2,ts-local,fluxoId,,apps/api/src/domain/management/team-of-flow.ts:182,233,no,,,candidate,,
api-ts-local-0cf7784a,api,2,ts-local,fluxoId,,apps/api/src/domain/management/team-of-flow.ts:199,233,no,,,candidate,,
api-ts-local-8975082d,api,2,ts-local,fluxoId,,apps/api/src/domain/management/team-of-flow.ts:243,233,no,,,candidate,,
api-ts-local-625f2457,api,2,ts-local,fluxoId,,apps/api/src/domain/management/team-of-flow.ts:267,233,no,,,candidate,,
api-ts-local-2b525bd3,api,2,ts-local,fluxoId,,apps/api/src/domain/management/team-of-flow.ts:287,233,no,,,candidate,,
api-ts-local-f894c874,api,2,ts-local,fluxoId,,apps/api/src/domain/management/team-of-flow.ts:313,233,no,,,candidate,,
api-ts-local-a265df7a,api,2,ts-local,fluxoId,,apps/api/src/domain/management/team-of-flow.ts:378,233,no,,,candidate,,
api-ts-local-482a3d56,api,2,ts-local,fluxoId,,apps/api/src/domain/management/team-of-flow.ts:439,233,no,,,candidate,,
api-ts-local-44a1692f,api,2,ts-local,fluxoId,,apps/api/src/domain/rastreador-de-cliques.ts:63,233,no,,,candidate,,
api-ts-local-a6822ec8,api,2,ts-local,fluxoId,,apps/api/src/domain/rastreador-de-cliques.ts:76,233,no,,,candidate,,
api-ts-local-b778ffc5,api,2,ts-local,fluxoId,,apps/api/tests/channel-of-flow.test.ts:141,233,no,,,candidate,,
api-ts-local-3db0f2c9,api,2,ts-local,fluxoId,,apps/api/tests/channel-of-flow.test.ts:143,233,no,,,candidate,,
api-ts-local-f1705372,api,2,ts-local,fluxoId,,apps/api/tests/channel-of-flow.test.ts:146,233,no,,,candidate,,
api-ts-local-d91b17a4,api,2,ts-local,fluxoId,,apps/api/tests/channel-of-flow.test.ts:153,233,no,,,candidate,,
api-ts-local-e2f1cdc5,api,2,ts-local,fluxoId,,apps/api/tests/jsonb-compat.test.ts:100,233,no,,,candidate,,
api-ts-local-5c84d39f,api,2,ts-local,fluxoId,,apps/api/tests/jsonb-compat.test.ts:184,233,no,,,candidate,,
api-ts-local-90beae13,api,2,ts-local,fluxos,,apps/api/tests/flow-actions.test.ts:238,174,no,,,candidate,,
api-ts-local-8afa76d5,api,2,ts-local,foto,,apps/api/src/domain/whatsapp/cliente-graph.ts:639,88,no,,,candidate,,
api-ts-local-676e6d24,api,2,ts-local,foto,,apps/api/src/domain/whatsapp/perfil.ts:155,88,no,,,candidate,,
api-ts-local-18f220e7,api,2,ts-local,frase,,apps/api/src/domain/management/palavras-proibidas.ts:48,51,no,,,candidate,,
api-ts-local-ed03766e,api,2,ts-local,gatilho,,apps/api/tests/flow-content.test.ts:150,13,no,,,candidate,,
api-ts-local-ccaf11d2,api,2,ts-local,gravada,,apps/api/src/domain/management/communication.ts:346,30,no,,,candidate,,
api-ts-local-20530c94,api,2,ts-local,gravada,,apps/api/src/domain/management/palavras-proibidas.ts:244,30,no,,,candidate,,
api-ts-local-f3772f8f,api,2,ts-local,gravada,,apps/api/src/domain/management/registrations.ts:1325,30,no,,,candidate,,
api-ts-local-f570c711,api,2,ts-local,gravada,,apps/api/src/domain/management/regras-sla.ts:221,30,no,,,candidate,,
api-ts-local-0c6129e5,api,2,ts-local,gravada,,apps/api/src/domain/management/rules-priority.ts:253,30,no,,,candidate,,
api-ts-local-6485e7d8,api,2,ts-local,gravados,,apps/api/src/controllers/catalogo.ts:221,14,no,,,candidate,,
api-ts-local-f27fa57d,api,2,ts-local,grupo,,apps/api/src/domain/management/effort.ts:120,136,no,,,candidate,,
api-ts-local-af11af2a,api,2,ts-local,horario,,apps/api/src/domain/management/actions/regras.ts:125,42,no,,,candidate,,
api-ts-local-961e0aa7,api,2,ts-local,horario,,apps/api/src/domain/management/actions/regras.ts:199,42,no,,,candidate,,
api-ts-local-b1169dba,api,2,ts-local,horarioId,,apps/api/src/domain/management/registrations.ts:1202,81,no,,,candidate,,
api-ts-local-ee1423ed,api,2,ts-local,horarioId,,apps/api/src/domain/management/settings.ts:107,81,no,,,candidate,,
api-ts-local-80bb125a,api,2,ts-local,horarioId,,apps/api/tests/registrations-attendance.test.ts:898,81,no,,,candidate,,
api-ts-local-7abbaf25,api,2,ts-local,horarioId,,apps/api/tests/registrations-attendance.test.ts:912,81,no,,,candidate,,
api-ts-local-966d1758,api,2,ts-local,ID_DA_RAIZ_PADRAO,,apps/api/tests/builder-by-flow.test.ts:15,6,no,,,candidate,,
api-ts-local-e7f72d3e,api,2,ts-local,identificador,,apps/api/src/domain/inbound.ts:402,121,no,,,candidate,,
api-ts-local-312ffbc0,api,2,ts-local,idProvedor,,apps/api/tests/process-http-retomada.test.ts:156,57,no,,,candidate,,
api-ts-local-76288c6c,api,2,ts-local,igual,,apps/api/src/domain/management/actions/regras.ts:134,166,no,,,candidate,,
api-ts-local-1153e4d7,api,2,ts-local,inicioBruto,,apps/api/src/controllers/desk.ts:175,2,no,,,candidate,,
api-ts-local-382ec015,api,2,ts-local,interno,,apps/api/src/domain/management/pfx.ts:268,67,no,,,candidate,,
api-ts-local-ce1b2948,api,2,ts-local,intervalo,,apps/api/src/domain/management-analytics.ts:203,73,no,,,candidate,,
api-ts-local-258e3271,api,2,ts-local,intervalo,,apps/api/src/domain/management-analytics.ts:49,73,no,,,candidate,,
api-ts-local-c9b0dbdc,api,2,ts-local,jaLigada,,apps/api/src/domain/convites.ts:380,2,no,,,candidate,,
api-ts-local-54857aed,api,2,ts-local,janela,,apps/api/src/domain/management/monitoring.ts:692,141,no,,,candidate,,
api-ts-local-f3146bc2,api,2,ts-local,ler,,apps/api/tests/history.test.ts:18,165,no,,,candidate,,
api-ts-local-dc4de7a8,api,2,ts-local,lerConexao,,apps/api/tests/sso.test.ts:18,9,no,,,candidate,,
api-ts-local-10b33c7d,api,2,ts-local,lerFalhas,,apps/api/tests/import.test.ts:15,6,no,,,candidate,,
api-ts-local-ef499604,api,2,ts-local,lerMetadados,,apps/api/tests/dictionary-crm.test.ts:15,6,no,,,candidate,,
api-ts-local-439ea5f3,api,2,ts-local,ligada,,apps/api/src/domain/management/permissions-of-agent.ts:180,60,no,,,candidate,,
api-ts-local-adbad0c7,api,2,ts-local,limite,,apps/api/src/controllers/my-account.ts:141,381,no,,,candidate,,
api-ts-local-fa7b5e1f,api,2,ts-local,limite,,apps/api/src/domain/import-of-contacts.ts:116,381,no,,,candidate,,
api-ts-local-6a8bdd1b,api,2,ts-local,limite,,apps/api/src/domain/management-analytics.ts:400,381,no,,,candidate,,
api-ts-local-e4d76376,api,2,ts-local,limite,,apps/api/src/domain/mtls.ts:158,381,no,,,candidate,,
api-ts-local-bcd31570,api,2,ts-local,limite,,apps/api/src/pagination.ts:104,381,no,,,candidate,,
api-ts-local-8d149ded,api,2,ts-local,limite,,apps/api/tests/desk-actions.test.ts:295,381,no,,,candidate,,
api-ts-local-330cf165,api,2,ts-local,limiteBruto,,apps/api/src/controllers/management-analytics.ts:239,2,no,,,candidate,,
api-ts-local-408cbba8,api,2,ts-local,limiteMs,,apps/api/src/domain/flow.ts:859,15,no,,,candidate,,
api-ts-local-d4c8575b,api,2,ts-local,maisVelho,,apps/api/src/queues.ts:517,2,no,,,candidate,,
api-ts-local-2b4c73dd,api,2,ts-local,marcarTestada,,apps/api/tests/sso.test.ts:19,6,no,,,candidate,,
api-ts-local-66e60daa,api,2,ts-local,MAX_TENTATIVAS_DOWNLOAD,,apps/api/tests/media-received.test.ts:15,9,no,,,candidate,,
api-ts-local-7ff6d288,api,2,ts-local,mensagem,,apps/api/src/domain/flow.ts:817,992,no,,,candidate,,
api-ts-local-66f13a77,api,2,ts-local,mensagem,,apps/api/src/domain/inbound.ts:203,992,no,,,candidate,,
api-ts-local-57e92132,api,2,ts-local,mensagem,,apps/api/src/domain/inbound.ts:526,992,no,,,candidate,,
api-ts-local-fc3d1725,api,2,ts-local,mensagem,,apps/api/src/domain/inbound.ts:551,992,no,,,candidate,,
api-ts-local-74a23cf6,api,2,ts-local,mensagem,,apps/api/src/domain/instagram/cliente-graph.ts:200,992,no,,,candidate,,
api-ts-local-3e9b51db,api,2,ts-local,mensagem,,apps/api/src/domain/media.ts:191,992,no,,,candidate,,
api-ts-local-5827cc0a,api,2,ts-local,mensagem,,apps/api/src/errors.ts:26,992,no,,,candidate,,
api-ts-local-c3f52ecd,api,2,ts-local,mensagem,,apps/api/src/errors.ts:30,992,no,,,candidate,,
api-ts-local-cdb70e84,api,2,ts-local,mensagem,,apps/api/src/errors.ts:49,992,no,,,candidate,,
api-ts-local-d327e251,api,2,ts-local,mensagem,,apps/api/tests/instagram.test.ts:71,992,no,,,candidate,,
api-ts-local-6fc72924,api,2,ts-local,midia,,apps/api/src/domain/whatsapp/modelos.ts:429,54,no,,,candidate,,
api-ts-local-0fe25838,api,2,ts-local,modelo,,apps/api/src/domain/whatsapp/cliente-graph.ts:445,216,no,,,candidate,,
api-ts-local-31a9507c,api,2,ts-local,modelo,,apps/api/src/domain/whatsapp/cliente-graph.ts:662,216,no,,,candidate,,
api-ts-local-2403c46c,api,2,ts-local,normalizarTermo,,apps/api/tests/palavras-proibidas.test.ts:17,8,no,,,candidate,,
api-ts-local-0c4c729b,api,2,ts-local,notas,,apps/api/tests/flow.test.ts:166,58,no,,,candidate,,
api-ts-local-548c5c2b,api,2,ts-local,notas,,apps/api/tests/flow.test.ts:281,58,no,,,candidate,,
api-ts-local-184009a5,api,2,ts-local,notas,,apps/api/tests/monitoring-conversations.test.ts:139,58,no,,,candidate,,
api-ts-local-56466fe8,api,2,ts-local,novas,,apps/api/tests/desk-actions.test.ts:514,53,no,,,candidate,,
api-ts-local-b9894134,api,2,ts-local,numeros,,apps/api/src/domain/whatsapp/info-do-numero.ts:53,15,no,,,candidate,,
api-ts-local-8260d25c,api,2,ts-local,numeros,,apps/api/tests/channels.test.ts:255,15,no,,,candidate,,
api-ts-local-83c5af96,api,2,ts-local,objetoCodigo,,apps/api/src/domain/dictionary-crm.ts:376,8,no,,,candidate,,
api-ts-local-b3f76456,api,2,ts-local,ordem,,apps/api/tests/jsonb-compat.test.ts:153,234,no,,,candidate,,
api-ts-local-64cb7bfa,api,2,ts-local,outraId,,apps/api/tests/registrations-attendance.test.ts:649,2,no,,,candidate,,
api-ts-local-c5bd474d,api,2,ts-local,padrao,,apps/api/src/pagination.ts:66,105,no,,,candidate,,
api-ts-local-70d1944c,api,2,ts-local,padrao,,apps/api/tests/key-of-flow.test.ts:130,105,no,,,candidate,,
api-ts-local-1718f171,api,2,ts-local,padraoAte,,apps/api/src/controllers/management-analytics.ts:56,2,no,,,candidate,,
api-ts-local-7b10fcf0,api,2,ts-local,padraoDe,,apps/api/src/controllers/management-analytics.ts:55,2,no,,,candidate,,
api-ts-local-15a1be73,api,2,ts-local,paginaId,,apps/api/src/domain/messenger/cliente-graph.ts:12,14,no,,,candidate,,
api-ts-local-918b2958,api,2,ts-local,paginaId,,apps/api/src/domain/messenger/cliente-graph.ts:41,14,no,,,candidate,,
api-ts-local-0b838011,api,2,ts-local,paginaId,,apps/api/src/domain/messenger/cliente-graph.ts:42,14,no,,,candidate,,
api-ts-local-f92e17f6,api,2,ts-local,paginaId,,apps/api/src/domain/messenger/cliente-graph.ts:57,14,no,,,candidate,,
api-ts-local-4af3e2db,api,2,ts-local,paginaId,,apps/api/src/domain/messenger/cliente-graph.ts:58,14,no,,,candidate,,
api-ts-local-0e2ddeea,api,2,ts-local,palavra,,apps/api/src/domain/management/palavras-proibidas.ts:54,52,no,,,candidate,,
api-ts-local-426fd530,api,2,ts-local,papelId,,apps/api/src/domain/management/contract.ts:310,25,no,,,candidate,,
api-ts-local-43fe9b1a,api,2,ts-local,para,,apps/api/src/domain/conversation.ts:139,3618,no,,,candidate,,
api-ts-local-007cc38e,api,2,ts-local,para,,apps/api/tests/email.test.ts:93,3618,no,,,candidate,,
api-ts-local-3ec042a8,api,2,ts-local,para,,apps/api/tests/jsonb-compat.test.ts:151,3618,no,,,candidate,,
api-ts-local-617ffb31,api,2,ts-local,parcial,,apps/api/tests/priority.test.ts:24,92,no,,,candidate,,
api-ts-local-180b96f8,api,2,ts-local,pedido,,apps/api/src/domain/attachment.ts:62,364,no,,,candidate,,
api-ts-local-ada4c4f6,api,2,ts-local,pedido,,apps/api/src/domain/builder-of-account.ts:116,364,no,,,candidate,,
api-ts-local-4beaff52,api,2,ts-local,pedido,,apps/api/src/domain/conversation.ts:162,364,no,,,candidate,,
api-ts-local-aebf1935,api,2,ts-local,pedido,,apps/api/src/domain/conversation.ts:288,364,no,,,candidate,,
api-ts-local-7d0abbda,api,2,ts-local,pedido,,apps/api/src/domain/engine-services.ts:275,364,no,,,candidate,,
api-ts-local-060d521a,api,2,ts-local,pedido,,apps/api/src/domain/envio.ts:305,364,no,,,candidate,,
api-ts-local-4e1060c4,api,2,ts-local,pedido,,apps/api/src/domain/envio.ts:86,364,no,,,candidate,,
api-ts-local-69aa3ff5,api,2,ts-local,pedido,,apps/api/src/domain/flow.ts:1556,364,no,,,candidate,,
api-ts-local-95ad02bb,api,2,ts-local,pedido,,apps/api/src/domain/flow.ts:508,364,no,,,candidate,,
api-ts-local-4300f77c,api,2,ts-local,pedido,,apps/api/src/domain/instagram/channel.ts:155,364,no,,,candidate,,
api-ts-local-ae3f0f4c,api,2,ts-local,pedido,,apps/api/src/domain/management-flow.ts:459,364,no,,,candidate,,
api-ts-local-3d253f64,api,2,ts-local,pedido,,apps/api/src/domain/management/certificados.ts:186,364,no,,,candidate,,
api-ts-local-6aa75971,api,2,ts-local,pedido,,apps/api/src/domain/management/communication.ts:277,364,no,,,candidate,,
api-ts-local-473dbd07,api,2,ts-local,pedido,,apps/api/src/domain/management/communication.ts:316,364,no,,,candidate,,
api-ts-local-5d318b3f,api,2,ts-local,pedido,,apps/api/src/domain/management/configuration-of-flow.ts:185,364,no,,,candidate,,
api-ts-local-39c405b2,api,2,ts-local,pedido,,apps/api/src/domain/management/configuration-of-flow.ts:87,364,no,,,candidate,,
api-ts-local-75c167f9,api,2,ts-local,pedido,,apps/api/src/domain/management/cycle-of-lifetime-of-flow.ts:159,364,no,,,candidate,,
api-ts-local-4a6d2ad6,api,2,ts-local,pedido,,apps/api/src/domain/management/cycle-of-lifetime-of-flow.ts:210,364,no,,,candidate,,
api-ts-local-82abc56e,api,2,ts-local,pedido,,apps/api/src/domain/management/flow-secrets.ts:201,364,no,,,candidate,,
api-ts-local-4f707524,api,2,ts-local,pedido,,apps/api/src/domain/management/integrations.ts:558,364,no,,,candidate,,
api-ts-local-a937966c,api,2,ts-local,pedido,,apps/api/src/domain/management/integrations.ts:644,364,no,,,candidate,,
api-ts-local-e1885196,api,2,ts-local,pedido,,apps/api/src/domain/management/integrations.ts:928,364,no,,,candidate,,
api-ts-local-e45002ce,api,2,ts-local,pedido,,apps/api/src/domain/management/integrations.ts:950,364,no,,,candidate,,
api-ts-local-386d46f8,api,2,ts-local,pedido,,apps/api/src/domain/management/integrations.ts:999,364,no,,,candidate,,
api-ts-local-0d91a460,api,2,ts-local,pedido,,apps/api/src/domain/management/palavras-proibidas.ts:187,364,no,,,candidate,,
api-ts-local-0c35acc9,api,2,ts-local,pedido,,apps/api/src/domain/management/palavras-proibidas.ts:221,364,no,,,candidate,,
api-ts-local-9b9eb3a3,api,2,ts-local,pedido,,apps/api/src/domain/management/permissions-of-agent.ts:154,364,no,,,candidate,,
api-ts-local-7f4a87fa,api,2,ts-local,pedido,,apps/api/src/domain/management/registrations.ts:1254,364,no,,,candidate,,
api-ts-local-c4534bec,api,2,ts-local,pedido,,apps/api/src/domain/management/registrations.ts:1292,364,no,,,candidate,,
api-ts-local-12e5bcaa,api,2,ts-local,pedido,,apps/api/src/domain/management/registrations.ts:1589,364,no,,,candidate,,
api-ts-local-7ac0deda,api,2,ts-local,pedido,,apps/api/src/domain/management/registrations.ts:1623,364,no,,,candidate,,
api-ts-local-a00a53a5,api,2,ts-local,pedido,,apps/api/src/domain/management/registrations.ts:431,364,no,,,candidate,,
api-ts-local-12b1bce2,api,2,ts-local,pedido,,apps/api/src/domain/management/registrations.ts:552,364,no,,,candidate,,
api-ts-local-1f96ca64,api,2,ts-local,pedido,,apps/api/src/domain/management/registrations.ts:969,364,no,,,candidate,,
api-ts-local-66a62f00,api,2,ts-local,pedido,,apps/api/src/domain/management/regras-sla.ts:145,364,no,,,candidate,,
api-ts-local-37160db8,api,2,ts-local,pedido,,apps/api/src/domain/management/regras-sla.ts:179,364,no,,,candidate,,
api-ts-local-8b9e4955,api,2,ts-local,pedido,,apps/api/src/domain/management/rules-priority.ts:190,364,no,,,candidate,,
api-ts-local-87a20b8a,api,2,ts-local,pedido,,apps/api/src/domain/management/rules-priority.ts:223,364,no,,,candidate,,
api-ts-local-96265ede,api,2,ts-local,pedido,,apps/api/src/domain/management/services-of-router.ts:110,364,no,,,candidate,,
api-ts-local-e1df36f8,api,2,ts-local,pedido,,apps/api/src/domain/management/services-of-router.ts:229,364,no,,,candidate,,
api-ts-local-90709855,api,2,ts-local,pedido,,apps/api/src/domain/management/services-of-router.ts:272,364,no,,,candidate,,
api-ts-local-41a431ff,api,2,ts-local,pedido,,apps/api/src/domain/management/team-of-flow.ts:314,364,no,,,candidate,,
api-ts-local-7e38a33e,api,2,ts-local,pedido,,apps/api/src/domain/management/team-of-flow.ts:380,364,no,,,candidate,,
api-ts-local-b45b3f72,api,2,ts-local,pedido,,apps/api/src/domain/message-active.ts:104,364,no,,,candidate,,
api-ts-local-e4e700f9,api,2,ts-local,pedido,,apps/api/src/domain/message-active.ts:227,364,no,,,candidate,,
api-ts-local-f2707e16,api,2,ts-local,pedido,,apps/api/src/domain/message-active.ts:79,364,no,,,candidate,,
api-ts-local-895a4198,api,2,ts-local,pedido,,apps/api/src/domain/messenger/channel.ts:23,364,no,,,candidate,,
api-ts-local-876aa77a,api,2,ts-local,pedido,,apps/api/src/domain/mtls.ts:176,364,no,,,candidate,,
api-ts-local-a5d3876f,api,2,ts-local,pedido,,apps/api/src/domain/mtls.ts:191,364,no,,,candidate,,
api-ts-local-ec9f0961,api,2,ts-local,pedido,,apps/api/src/domain/mtls.ts:245,364,no,,,candidate,,
api-ts-local-e5ca3aab,api,2,ts-local,pedido,,apps/api/src/domain/rastreador-de-cliques.ts:77,364,no,,,candidate,,
api-ts-local-6e37230b,api,2,ts-local,pedido,,apps/api/src/domain/router.ts:101,364,no,,,candidate,,
api-ts-local-a102b3d7,api,2,ts-local,pedido,,apps/api/src/domain/status-agent.ts:30,364,no,,,candidate,,
api-ts-local-c22a3c40,api,2,ts-local,pedido,,apps/api/src/domain/whatsapp/configuration-manual.ts:23,364,no,,,candidate,,
api-ts-local-3983e4aa,api,2,ts-local,pedido,,apps/api/src/domain/whatsapp/creation-of-channel.ts:44,364,no,,,candidate,,
api-ts-local-7e97b710,api,2,ts-local,pedido,,apps/api/src/domain/whatsapp/modelos.ts:291,364,no,,,candidate,,
api-ts-local-d37966a1,api,2,ts-local,pedido,,apps/api/src/domain/whatsapp/modelos.ts:312,364,no,,,candidate,,
api-ts-local-911566ce,api,2,ts-local,pedido,,apps/api/src/domain/whatsapp/modelos.ts:355,364,no,,,candidate,,
api-ts-local-a05a47e3,api,2,ts-local,pedido,,apps/api/src/domain/whatsapp/modelos.ts:424,364,no,,,candidate,,
api-ts-local-178f11fb,api,2,ts-local,pedido,,apps/api/src/domain/whatsapp/perfil.ts:102,364,no,,,candidate,,
api-ts-local-261225dc,api,2,ts-local,pedido,,apps/api/src/domain/whatsapp/perfil.ts:172,364,no,,,candidate,,
api-ts-local-883967c0,api,2,ts-local,pedido,,apps/api/src/domain/whatsapp/preferences.ts:56,364,no,,,candidate,,
api-ts-local-fe233245,api,2,ts-local,pedido,,apps/api/src/domain/whatsapp/preferences.ts:81,364,no,,,candidate,,
api-ts-local-3d78993d,api,2,ts-local,pedido,,apps/api/src/domain/whatsapp/reauthorization.ts:22,364,no,,,candidate,,
api-ts-local-bd836b4b,api,2,ts-local,pedido,,apps/api/src/domain/whatsapp/registration-embedded.ts:27,364,no,,,candidate,,
api-ts-local-fd8ada1e,api,2,ts-local,pedido,,apps/api/src/domain/whatsapp/registration-embedded.ts:39,364,no,,,candidate,,
api-ts-local-42f507f7,api,2,ts-local,pedido,,apps/api/src/provision.ts:68,364,no,,,candidate,,
api-ts-local-b76843bf,api,2,ts-local,pedido,,apps/api/tests/flow-content.test.ts:253,364,no,,,candidate,,
api-ts-local-6cedfc3b,api,2,ts-local,pedido,,apps/api/tests/jsonb-compat.test.ts:293,364,no,,,candidate,,
api-ts-local-0714af60,api,2,ts-local,perfil,,apps/api/src/domain/messenger/channel.ts:39,76,no,,,candidate,,
api-ts-local-83f967af,api,2,ts-local,perfil,,apps/api/src/domain/messenger/cliente-graph.ts:13,76,no,,,candidate,,
api-ts-local-0b11204e,api,2,ts-local,perfil,,apps/api/src/domain/messenger/cliente-graph.ts:43,76,no,,,candidate,,
api-ts-local-1eea9243,api,2,ts-local,perfil,,apps/api/src/domain/messenger/cliente-graph.ts:59,76,no,,,candidate,,
api-ts-local-aa53d1c0,api,2,ts-local,perfil,,apps/api/src/domain/whatsapp/cliente-graph.ts:115,76,no,,,candidate,,
api-ts-local-ecb620be,api,2,ts-local,perfil,,apps/api/src/domain/whatsapp/cliente-graph.ts:392,76,no,,,candidate,,
api-ts-local-b4a086ae,api,2,ts-local,perfil,,apps/api/src/domain/whatsapp/cliente-graph.ts:637,76,no,,,candidate,,
api-ts-local-7432eebb,api,2,ts-local,perfil,,apps/api/src/domain/whatsapp/perfil.ts:70,76,no,,,candidate,,
api-ts-local-6f002ea8,api,2,ts-local,periodo,,apps/api/src/domain/management-analytics.ts:336,58,no,,,candidate,,
api-ts-local-b01b3a93,api,2,ts-local,periodoPedido,,apps/api/src/controllers/management-analytics.ts:140,2,no,,,candidate,,
api-ts-local-ffce90f5,api,2,ts-local,permissoes,,apps/api/src/controllers/login.ts:440,53,no,,,candidate,,
api-ts-local-69d034ef,api,2,ts-local,permissoes,,apps/api/tests/permissions-of-agent.test.ts:59,53,no,,,candidate,,
api-ts-local-650e1402,api,2,ts-local,personalizadas,,apps/api/src/domain/management/team-of-flow.ts:79,10,no,,,candidate,,
api-ts-local-6bec8c44,api,2,ts-local,politica,,apps/api/src/domain/convites.ts:404,22,no,,,candidate,,
api-ts-local-827a9047,api,2,ts-local,porta,,apps/api/src/servidor.ts:123,94,no,,,candidate,,
api-ts-local-53ff545b,api,2,ts-local,publico,,apps/api/tests/convites.test.ts:451,4,no,,,candidate,,
api-ts-local-adccff46,api,2,ts-local,quantos,,apps/api/tests/convites.test.ts:314,30,no,,,candidate,,
api-ts-local-bdc8e3f6,api,2,ts-local,quantos,,apps/api/tests/realtime.test.ts:108,30,no,,,candidate,,
api-ts-local-24bb5f19,api,2,ts-local,quemAlterna,,apps/api/src/domain/management/registrations.ts:848,2,no,,,candidate,,
api-ts-local-6031653a,api,2,ts-local,quem,,apps/api/src/controllers/login.ts:338,320,no,,,candidate,,
api-ts-local-cdd60d1e,api,2,ts-local,quem,,apps/api/tests/channels.test.ts:103,320,no,,,candidate,,
api-ts-local-920a31d7,api,2,ts-local,quem,,apps/api/tests/channels.test.ts:78,320,no,,,candidate,,
api-ts-local-555d1a6d,api,2,ts-local,quem,,apps/api/tests/import.test.ts:72,320,no,,,candidate,,
api-ts-local-9685b9bd,api,2,ts-local,quem,,apps/api/tests/instagram.test.ts:59,320,no,,,candidate,,
api-ts-local-778af398,api,2,ts-local,quem,,apps/api/tests/instagram.test.ts:63,320,no,,,candidate,,
api-ts-local-a27ccb5c,api,2,ts-local,quemGrava,,apps/api/src/domain/management/registrations.ts:788,2,no,,,candidate,,
api-ts-local-ffa01c3f,api,2,ts-local,recado,,apps/api/src/controllers/my-account.ts:132,35,no,,,candidate,,
api-ts-local-aa33dcd2,api,2,ts-local,recados,,apps/api/src/domain/management/regras-de-nome.ts:85,21,no,,,candidate,,
api-ts-local-e09ba4ac,api,2,ts-local,regra,,apps/api/src/domain/management/priority-engine.ts:75,562,no,,,candidate,,
api-ts-local-e831a965,api,2,ts-local,regra,,apps/api/src/domain/management/sla-motor.ts:120,562,no,,,candidate,,
api-ts-local-4cf7f97f,api,2,ts-local,regra,,apps/api/src/domain/management/sla-motor.ts:295,562,no,,,candidate,,
api-ts-local-4fab57a6,api,2,ts-local,regra,,apps/api/tests/queue-entry.test.ts:46,562,no,,,candidate,,
api-ts-local-0ddfb3d9,api,2,ts-local,regras,,apps/api/src/domain/management/priority-engine.ts:41,387,no,,,candidate,,
api-ts-local-24c75a7d,api,2,ts-local,regras,,apps/api/src/domain/management/priority-engine.ts:72,387,no,,,candidate,,
api-ts-local-b4ac62c9,api,2,ts-local,regras,,apps/api/src/domain/management/sla-motor.ts:24,387,no,,,candidate,,
api-ts-local-b4caedec,api,2,ts-local,regras,,apps/api/src/domain/management/sla-motor.ts:33,387,no,,,candidate,,
api-ts-local-d1a6623c,api,2,ts-local,regras,,apps/api/src/domain/management/sla.ts:79,387,no,,,candidate,,
api-ts-local-4917ecfd,api,2,ts-local,regras,,apps/api/src/domain/management/sla.ts:87,387,no,,,candidate,,
api-ts-local-a8271771,api,2,ts-local,removidos,,apps/api/src/domain/whatsapp/modelos.ts:195,24,no,,,candidate,,
api-ts-local-ca4f882b,api,2,ts-local,requisicao,,apps/api/src/authentication.ts:104,396,no,,,candidate,,
api-ts-local-27a7d668,api,2,ts-local,requisicao,,apps/api/src/authentication.ts:71,396,no,,,candidate,,
api-ts-local-11e53894,api,2,ts-local,requisicao,,apps/api/src/controllers/catalogo.ts:126,396,no,,,candidate,,
api-ts-local-348578e7,api,2,ts-local,requisicao,,apps/api/src/controllers/catalogo.ts:170,396,no,,,candidate,,
api-ts-local-08eac997,api,2,ts-local,requisicao,,apps/api/src/controllers/catalogo.ts:272,396,no,,,candidate,,
api-ts-local-e0c3c894,api,2,ts-local,requisicao,,apps/api/src/controllers/catalogo.ts:338,396,no,,,candidate,,
api-ts-local-29493a20,api,2,ts-local,requisicao,,apps/api/src/controllers/catalogo.ts:366,396,no,,,candidate,,
api-ts-local-5ec13125,api,2,ts-local,requisicao,,apps/api/src/controllers/catalogo.ts:66,396,no,,,candidate,,
api-ts-local-3214a7c1,api,2,ts-local,requisicao,,apps/api/src/controllers/channels-instagram.ts:27,396,no,,,candidate,,
api-ts-local-f2a50bd3,api,2,ts-local,requisicao,,apps/api/src/controllers/channels-instagram.ts:47,396,no,,,candidate,,
api-ts-local-4fbe6440,api,2,ts-local,requisicao,,apps/api/src/controllers/channels.ts:158,396,no,,,candidate,,
api-ts-local-abb9cbe6,api,2,ts-local,requisicao,,apps/api/src/controllers/channels.ts:167,396,no,,,candidate,,
api-ts-local-851ababf,api,2,ts-local,requisicao,,apps/api/src/controllers/channels.ts:180,396,no,,,candidate,,
api-ts-local-9d688309,api,2,ts-local,requisicao,,apps/api/src/controllers/channels.ts:191,396,no,,,candidate,,
api-ts-local-a143d045,api,2,ts-local,requisicao,,apps/api/src/controllers/channels.ts:205,396,no,,,candidate,,
api-ts-local-78359a16,api,2,ts-local,requisicao,,apps/api/src/controllers/channels.ts:218,396,no,,,candidate,,
api-ts-local-b8450cff,api,2,ts-local,requisicao,,apps/api/src/controllers/channels.ts:231,396,no,,,candidate,,
api-ts-local-9ed8fbf5,api,2,ts-local,requisicao,,apps/api/src/controllers/channels.ts:244,396,no,,,candidate,,
api-ts-local-76646027,api,2,ts-local,requisicao,,apps/api/src/controllers/channels.ts:33,396,no,,,candidate,,
api-ts-local-d6764a75,api,2,ts-local,requisicao,,apps/api/src/controllers/channels.ts:45,396,no,,,candidate,,
api-ts-local-c6ef1f2c,api,2,ts-local,requisicao,,apps/api/src/controllers/channels.ts:64,396,no,,,candidate,,
api-ts-local-f5d5104c,api,2,ts-local,requisicao,,apps/api/src/controllers/conversations.ts:163,396,no,,,candidate,,
api-ts-local-075af09e,api,2,ts-local,requisicao,,apps/api/src/controllers/conversations.ts:222,396,no,,,candidate,,
api-ts-local-1fb5ec09,api,2,ts-local,requisicao,,apps/api/src/controllers/conversations.ts:256,396,no,,,candidate,,
api-ts-local-dbe9995c,api,2,ts-local,requisicao,,apps/api/src/controllers/conversations.ts:292,396,no,,,candidate,,
api-ts-local-35a2dd79,api,2,ts-local,requisicao,,apps/api/src/controllers/conversations.ts:314,396,no,,,candidate,,
api-ts-local-1fe0d1bf,api,2,ts-local,requisicao,,apps/api/src/controllers/conversations.ts:328,396,no,,,candidate,,
api-ts-local-c69e8fea,api,2,ts-local,requisicao,,apps/api/src/controllers/conversations.ts:357,396,no,,,candidate,,
api-ts-local-04f81208,api,2,ts-local,requisicao,,apps/api/src/controllers/conversations.ts:84,396,no,,,candidate,,
api-ts-local-350eadc8,api,2,ts-local,requisicao,,apps/api/src/controllers/convites.ts:123,396,no,,,candidate,,
api-ts-local-f9131f48,api,2,ts-local,requisicao,,apps/api/src/controllers/convites.ts:20,396,no,,,candidate,,
api-ts-local-59edb149,api,2,ts-local,requisicao,,apps/api/src/controllers/convites.ts:49,396,no,,,candidate,,
api-ts-local-8dd6da97,api,2,ts-local,requisicao,,apps/api/src/controllers/crm.ts:49,396,no,,,candidate,,
api-ts-local-eda9b9cf,api,2,ts-local,requisicao,,apps/api/src/controllers/crm.ts:58,396,no,,,candidate,,
api-ts-local-1a707e9a,api,2,ts-local,requisicao,,apps/api/src/controllers/desk.ts:115,396,no,,,candidate,,
api-ts-local-995a47e8,api,2,ts-local,requisicao,,apps/api/src/controllers/desk.ts:128,396,no,,,candidate,,
api-ts-local-41ec6c7c,api,2,ts-local,requisicao,,apps/api/src/controllers/desk.ts:143,396,no,,,candidate,,
api-ts-local-0a97e74e,api,2,ts-local,requisicao,,apps/api/src/controllers/desk.ts:154,396,no,,,candidate,,
api-ts-local-8feb61c2,api,2,ts-local,requisicao,,apps/api/src/controllers/desk.ts:174,396,no,,,candidate,,
api-ts-local-dae31484,api,2,ts-local,requisicao,,apps/api/src/controllers/desk.ts:206,396,no,,,candidate,,
api-ts-local-b1ef9105,api,2,ts-local,requisicao,,apps/api/src/controllers/desk.ts:59,396,no,,,candidate,,
api-ts-local-e2a94eb9,api,2,ts-local,requisicao,,apps/api/src/controllers/desk.ts:78,396,no,,,candidate,,
api-ts-local-48b56f84,api,2,ts-local,requisicao,,apps/api/src/controllers/etiquetas.ts:108,396,no,,,candidate,,
api-ts-local-a17e3bc9,api,2,ts-local,requisicao,,apps/api/src/controllers/etiquetas.ts:121,396,no,,,candidate,,
api-ts-local-f8c5d902,api,2,ts-local,requisicao,,apps/api/src/controllers/etiquetas.ts:40,396,no,,,candidate,,
api-ts-local-602255a3,api,2,ts-local,requisicao,,apps/api/src/controllers/etiquetas.ts:59,396,no,,,candidate,,
api-ts-local-69e4f95e,api,2,ts-local,requisicao,,apps/api/src/controllers/etiquetas.ts:76,396,no,,,candidate,,
api-ts-local-8382653a,api,2,ts-local,requisicao,,apps/api/src/controllers/imports.ts:39,396,no,,,candidate,,
api-ts-local-4a20e748,api,2,ts-local,requisicao,,apps/api/src/controllers/imports.ts:48,396,no,,,candidate,,
api-ts-local-33c3dbf8,api,2,ts-local,requisicao,,apps/api/src/controllers/imports.ts:60,396,no,,,candidate,,
api-ts-local-d237e4e8,api,2,ts-local,requisicao,,apps/api/src/controllers/login.ts:203,396,no,,,candidate,,
api-ts-local-170e5525,api,2,ts-local,requisicao,,apps/api/src/controllers/login.ts:209,396,no,,,candidate,,
api-ts-local-9215ad10,api,2,ts-local,requisicao,,apps/api/src/controllers/login.ts:233,396,no,,,candidate,,
api-ts-local-d3c9d03e,api,2,ts-local,requisicao,,apps/api/src/controllers/login.ts:274,396,no,,,candidate,,
api-ts-local-1674d0df,api,2,ts-local,requisicao,,apps/api/src/controllers/login.ts:298,396,no,,,candidate,,
api-ts-local-c9b17755,api,2,ts-local,requisicao,,apps/api/src/controllers/login.ts:362,396,no,,,candidate,,
api-ts-local-7b4401d7,api,2,ts-local,requisicao,,apps/api/src/controllers/login.ts:387,396,no,,,candidate,,
api-ts-local-fa458f2e,api,2,ts-local,requisicao,,apps/api/src/controllers/management-account.ts:130,396,no,,,candidate,,
api-ts-local-24b823c6,api,2,ts-local,requisicao,,apps/api/src/controllers/management-account.ts:162,396,no,,,candidate,,
api-ts-local-c11ef178,api,2,ts-local,requisicao,,apps/api/src/controllers/management-account.ts:172,396,no,,,candidate,,
api-ts-local-c1f0d973,api,2,ts-local,requisicao,,apps/api/src/controllers/management-account.ts:185,396,no,,,candidate,,
api-ts-local-33eb2b5c,api,2,ts-local,requisicao,,apps/api/src/controllers/management-account.ts:201,396,no,,,candidate,,
api-ts-local-8ad8e274,api,2,ts-local,requisicao,,apps/api/src/controllers/management-account.ts:219,396,no,,,candidate,,
api-ts-local-448a2248,api,2,ts-local,requisicao,,apps/api/src/controllers/management-account.ts:78,396,no,,,candidate,,
api-ts-local-812a5233,api,2,ts-local,requisicao,,apps/api/src/controllers/management-account.ts:86,396,no,,,candidate,,
api-ts-local-58dd8b34,api,2,ts-local,requisicao,,apps/api/src/controllers/management-analytics.ts:138,396,no,,,candidate,,
api-ts-local-7d993cc5,api,2,ts-local,requisicao,,apps/api/src/controllers/management-analytics.ts:165,396,no,,,candidate,,
api-ts-local-7cdc7f7c,api,2,ts-local,requisicao,,apps/api/src/controllers/management-analytics.ts:184,396,no,,,candidate,,
api-ts-local-fd25c5ce,api,2,ts-local,requisicao,,apps/api/src/controllers/management-analytics.ts:214,396,no,,,candidate,,
api-ts-local-2ef2cbae,api,2,ts-local,requisicao,,apps/api/src/controllers/management-analytics.ts:231,396,no,,,candidate,,
api-ts-local-3c80e84b,api,2,ts-local,requisicao,,apps/api/src/controllers/management-builder.ts:104,396,no,,,candidate,,
api-ts-local-d5db14a6,api,2,ts-local,requisicao,,apps/api/src/controllers/management-builder.ts:125,396,no,,,candidate,,
api-ts-local-ad3eac4c,api,2,ts-local,requisicao,,apps/api/src/controllers/management-builder.ts:140,396,no,,,candidate,,
api-ts-local-cfd16222,api,2,ts-local,requisicao,,apps/api/src/controllers/management-builder.ts:47,396,no,,,candidate,,
api-ts-local-4816b515,api,2,ts-local,requisicao,,apps/api/src/controllers/management-builder.ts:62,396,no,,,candidate,,
api-ts-local-bea52dd2,api,2,ts-local,requisicao,,apps/api/src/controllers/management-builder.ts:75,396,no,,,candidate,,
api-ts-local-7f9483e9,api,2,ts-local,requisicao,,apps/api/src/controllers/management-builder.ts:88,396,no,,,candidate,,
api-ts-local-5dbd43d7,api,2,ts-local,requisicao,,apps/api/src/controllers/management-flow.ts:190,396,no,,,candidate,,
api-ts-local-16b25106,api,2,ts-local,requisicao,,apps/api/src/controllers/management-flow.ts:215,396,no,,,candidate,,
api-ts-local-21cad471,api,2,ts-local,requisicao,,apps/api/src/controllers/management-flow.ts:227,396,no,,,candidate,,
api-ts-local-627b756c,api,2,ts-local,requisicao,,apps/api/src/controllers/management-flow.ts:253,396,no,,,candidate,,
api-ts-local-3e556599,api,2,ts-local,requisicao,,apps/api/src/controllers/management-flow.ts:270,396,no,,,candidate,,
api-ts-local-d6624a1b,api,2,ts-local,requisicao,,apps/api/src/controllers/management-flow.ts:290,396,no,,,candidate,,
api-ts-local-37c32f62,api,2,ts-local,requisicao,,apps/api/src/controllers/management-flow.ts:302,396,no,,,candidate,,
api-ts-local-1751f1ae,api,2,ts-local,requisicao,,apps/api/src/controllers/management-flow.ts:323,396,no,,,candidate,,
api-ts-local-bff73bd9,api,2,ts-local,requisicao,,apps/api/src/controllers/management-flow.ts:339,396,no,,,candidate,,
api-ts-local-7ab9448f,api,2,ts-local,requisicao,,apps/api/src/controllers/management-flow.ts:350,396,no,,,candidate,,
api-ts-local-acd500cd,api,2,ts-local,requisicao,,apps/api/src/controllers/management-flow.ts:369,396,no,,,candidate,,
api-ts-local-595c6651,api,2,ts-local,requisicao,,apps/api/src/controllers/management-flow.ts:380,396,no,,,candidate,,
api-ts-local-566ee551,api,2,ts-local,requisicao,,apps/api/src/controllers/management-flow.ts:395,396,no,,,candidate,,
api-ts-local-f1740d0a,api,2,ts-local,requisicao,,apps/api/src/controllers/management-flow.ts:406,396,no,,,candidate,,
api-ts-local-d9e01345,api,2,ts-local,requisicao,,apps/api/src/controllers/management-flow.ts:430,396,no,,,candidate,,
api-ts-local-cb67bf83,api,2,ts-local,requisicao,,apps/api/src/controllers/management-flow.ts:445,396,no,,,candidate,,
api-ts-local-d933a43c,api,2,ts-local,requisicao,,apps/api/src/controllers/management-flow.ts:456,396,no,,,candidate,,
api-ts-local-c5a234e7,api,2,ts-local,requisicao,,apps/api/src/controllers/management-flow.ts:472,396,no,,,candidate,,
api-ts-local-aa818fb6,api,2,ts-local,requisicao,,apps/api/src/controllers/management-flow.ts:487,396,no,,,candidate,,
api-ts-local-2d43be2a,api,2,ts-local,requisicao,,apps/api/src/controllers/management-flow.ts:501,396,no,,,candidate,,
api-ts-local-5c302796,api,2,ts-local,requisicao,,apps/api/src/controllers/management-flow.ts:518,396,no,,,candidate,,
api-ts-local-b007847f,api,2,ts-local,requisicao,,apps/api/src/controllers/management-flow.ts:538,396,no,,,candidate,,
api-ts-local-217983a0,api,2,ts-local,requisicao,,apps/api/src/controllers/management-flow.ts:551,396,no,,,candidate,,
api-ts-local-ca33ecb9,api,2,ts-local,requisicao,,apps/api/src/controllers/management-flow.ts:565,396,no,,,candidate,,
api-ts-local-56d430a3,api,2,ts-local,requisicao,,apps/api/src/controllers/management-flow.ts:582,396,no,,,candidate,,
api-ts-local-02da0c01,api,2,ts-local,requisicao,,apps/api/src/controllers/management-flow.ts:601,396,no,,,candidate,,
api-ts-local-c63f9118,api,2,ts-local,requisicao,,apps/api/src/controllers/management-flow.ts:614,396,no,,,candidate,,
api-ts-local-eb57f3a7,api,2,ts-local,requisicao,,apps/api/src/controllers/management-flow.ts:628,396,no,,,candidate,,
api-ts-local-818d1859,api,2,ts-local,requisicao,,apps/api/src/controllers/management-flow.ts:645,396,no,,,candidate,,
api-ts-local-712a6a72,api,2,ts-local,requisicao,,apps/api/src/controllers/management-integrations.ts:111,396,no,,,candidate,,
api-ts-local-07db13b0,api,2,ts-local,requisicao,,apps/api/src/controllers/management-integrations.ts:124,396,no,,,candidate,,
api-ts-local-014ec000,api,2,ts-local,requisicao,,apps/api/src/controllers/management-integrations.ts:146,396,no,,,candidate,,
api-ts-local-cf382a76,api,2,ts-local,requisicao,,apps/api/src/controllers/management-integrations.ts:154,396,no,,,candidate,,
api-ts-local-568c34b6,api,2,ts-local,requisicao,,apps/api/src/controllers/management-integrations.ts:172,396,no,,,candidate,,
api-ts-local-a45afb95,api,2,ts-local,requisicao,,apps/api/src/controllers/management-integrations.ts:193,396,no,,,candidate,,
api-ts-local-b9ef0958,api,2,ts-local,requisicao,,apps/api/src/controllers/management-integrations.ts:207,396,no,,,candidate,,
api-ts-local-e428b9e8,api,2,ts-local,requisicao,,apps/api/src/controllers/management-integrations.ts:64,396,no,,,candidate,,
api-ts-local-b70b7a20,api,2,ts-local,requisicao,,apps/api/src/controllers/management-integrations.ts:77,396,no,,,candidate,,
api-ts-local-fc6dd31b,api,2,ts-local,requisicao,,apps/api/src/controllers/management-operations.ts:130,396,no,,,candidate,,
api-ts-local-d9930961,api,2,ts-local,requisicao,,apps/api/src/controllers/management-operations.ts:148,396,no,,,candidate,,
api-ts-local-7f50864d,api,2,ts-local,requisicao,,apps/api/src/controllers/management-operations.ts:163,396,no,,,candidate,,
api-ts-local-5490124a,api,2,ts-local,requisicao,,apps/api/src/controllers/management-operations.ts:178,396,no,,,candidate,,
api-ts-local-2d2f0ba1,api,2,ts-local,requisicao,,apps/api/src/controllers/management-operations.ts:202,396,no,,,candidate,,
api-ts-local-46a908eb,api,2,ts-local,requisicao,,apps/api/src/controllers/management-operations.ts:226,396,no,,,candidate,,
api-ts-local-ed631945,api,2,ts-local,requisicao,,apps/api/src/controllers/management-operations.ts:250,396,no,,,candidate,,
api-ts-local-cb2fafb9,api,2,ts-local,requisicao,,apps/api/src/controllers/management-operations.ts:272,396,no,,,candidate,,
api-ts-local-55c8566a,api,2,ts-local,requisicao,,apps/api/src/controllers/management-operations.ts:287,396,no,,,candidate,,
api-ts-local-1d28b5c4,api,2,ts-local,requisicao,,apps/api/src/controllers/management-operations.ts:303,396,no,,,candidate,,
api-ts-local-85c1ae89,api,2,ts-local,requisicao,,apps/api/src/controllers/management-operations.ts:325,396,no,,,candidate,,
api-ts-local-2e50ea87,api,2,ts-local,requisicao,,apps/api/src/controllers/management-registrations.ts:105,396,no,,,candidate,,
api-ts-local-c010f101,api,2,ts-local,requisicao,,apps/api/src/controllers/management-registrations.ts:116,396,no,,,candidate,,
api-ts-local-977cd37f,api,2,ts-local,requisicao,,apps/api/src/controllers/management-registrations.ts:123,396,no,,,candidate,,
api-ts-local-83a44f22,api,2,ts-local,requisicao,,apps/api/src/controllers/management-registrations.ts:130,396,no,,,candidate,,
api-ts-local-faaa7fd4,api,2,ts-local,requisicao,,apps/api/src/controllers/management-registrations.ts:137,396,no,,,candidate,,
api-ts-local-174fb97c,api,2,ts-local,requisicao,,apps/api/src/controllers/management-registrations.ts:144,396,no,,,candidate,,
api-ts-local-0696fa19,api,2,ts-local,requisicao,,apps/api/src/controllers/management-registrations.ts:151,396,no,,,candidate,,
api-ts-local-b9ddfd29,api,2,ts-local,requisicao,,apps/api/src/controllers/management-registrations.ts:161,396,no,,,candidate,,
api-ts-local-8768e7ed,api,2,ts-local,requisicao,,apps/api/src/controllers/management-registrations.ts:173,396,no,,,candidate,,
api-ts-local-ebed4c43,api,2,ts-local,requisicao,,apps/api/src/controllers/management-registrations.ts:187,396,no,,,candidate,,
api-ts-local-8e446080,api,2,ts-local,requisicao,,apps/api/src/controllers/management-registrations.ts:198,396,no,,,candidate,,
api-ts-local-4efdd19b,api,2,ts-local,requisicao,,apps/api/src/controllers/management-registrations.ts:222,396,no,,,candidate,,
api-ts-local-797e623a,api,2,ts-local,requisicao,,apps/api/src/controllers/management-registrations.ts:239,396,no,,,candidate,,
api-ts-local-133dc6de,api,2,ts-local,requisicao,,apps/api/src/controllers/management-registrations.ts:253,396,no,,,candidate,,
api-ts-local-5acc7440,api,2,ts-local,requisicao,,apps/api/src/controllers/management-registrations.ts:266,396,no,,,candidate,,
api-ts-local-34aaf3ea,api,2,ts-local,requisicao,,apps/api/src/controllers/management-registrations.ts:280,396,no,,,candidate,,
api-ts-local-c1b2eb1f,api,2,ts-local,requisicao,,apps/api/src/controllers/management-registrations.ts:291,396,no,,,candidate,,
api-ts-local-46ebf782,api,2,ts-local,requisicao,,apps/api/src/controllers/management-registrations.ts:305,396,no,,,candidate,,
api-ts-local-cd172646,api,2,ts-local,requisicao,,apps/api/src/controllers/management-registrations.ts:318,396,no,,,candidate,,
api-ts-local-2cd1ce49,api,2,ts-local,requisicao,,apps/api/src/controllers/management-registrations.ts:330,396,no,,,candidate,,
api-ts-local-86c57e5e,api,2,ts-local,requisicao,,apps/api/src/controllers/management-registrations.ts:344,396,no,,,candidate,,
api-ts-local-69469183,api,2,ts-local,requisicao,,apps/api/src/controllers/management-registrations.ts:356,396,no,,,candidate,,
api-ts-local-77b209a0,api,2,ts-local,requisicao,,apps/api/src/controllers/management-registrations.ts:366,396,no,,,candidate,,
api-ts-local-368b8db5,api,2,ts-local,requisicao,,apps/api/src/controllers/management-registrations.ts:378,396,no,,,candidate,,
api-ts-local-b7b24d98,api,2,ts-local,requisicao,,apps/api/src/controllers/management-registrations.ts:393,396,no,,,candidate,,
api-ts-local-4550d0ca,api,2,ts-local,requisicao,,apps/api/src/controllers/management-registrations.ts:408,396,no,,,candidate,,
api-ts-local-62a036ad,api,2,ts-local,requisicao,,apps/api/src/controllers/management-registrations.ts:420,396,no,,,candidate,,
api-ts-local-d92fff04,api,2,ts-local,requisicao,,apps/api/src/controllers/management-registrations.ts:434,396,no,,,candidate,,
api-ts-local-fc0888fa,api,2,ts-local,requisicao,,apps/api/src/controllers/management-registrations.ts:449,396,no,,,candidate,,
api-ts-local-e9c57ee8,api,2,ts-local,requisicao,,apps/api/src/controllers/management-registrations.ts:466,396,no,,,candidate,,
api-ts-local-5815432b,api,2,ts-local,requisicao,,apps/api/src/controllers/management-registrations.ts:481,396,no,,,candidate,,
api-ts-local-87cf6c10,api,2,ts-local,requisicao,,apps/api/src/controllers/management-registrations.ts:493,396,no,,,candidate,,
api-ts-local-faeb4a1a,api,2,ts-local,requisicao,,apps/api/src/controllers/management-registrations.ts:508,396,no,,,candidate,,
api-ts-local-f68ace56,api,2,ts-local,requisicao,,apps/api/src/controllers/management-registrations.ts:523,396,no,,,candidate,,
api-ts-local-9376f12a,api,2,ts-local,requisicao,,apps/api/src/controllers/management-registrations.ts:535,396,no,,,candidate,,
api-ts-local-f5041f08,api,2,ts-local,requisicao,,apps/api/src/controllers/management-registrations.ts:550,396,no,,,candidate,,
api-ts-local-7cda4b40,api,2,ts-local,requisicao,,apps/api/src/controllers/management-registrations.ts:567,396,no,,,candidate,,
api-ts-local-7c7001bc,api,2,ts-local,requisicao,,apps/api/src/controllers/management-registrations.ts:67,396,no,,,candidate,,
api-ts-local-bbfa1a1c,api,2,ts-local,requisicao,,apps/api/src/controllers/management-registrations.ts:74,396,no,,,candidate,,
api-ts-local-0555b1ab,api,2,ts-local,requisicao,,apps/api/src/controllers/management-registrations.ts:84,396,no,,,candidate,,
api-ts-local-a1c0f8a9,api,2,ts-local,requisicao,,apps/api/src/controllers/management-registrations.ts:98,396,no,,,candidate,,
api-ts-local-b17b2f01,api,2,ts-local,requisicao,,apps/api/src/controllers/management-team.ts:38,396,no,,,candidate,,
api-ts-local-6989114f,api,2,ts-local,requisicao,,apps/api/src/controllers/management-team.ts:52,396,no,,,candidate,,
api-ts-local-d6b22aa4,api,2,ts-local,requisicao,,apps/api/src/controllers/management-team.ts:66,396,no,,,candidate,,
api-ts-local-98c1da7f,api,2,ts-local,requisicao,,apps/api/src/controllers/management-team.ts:80,396,no,,,candidate,,
api-ts-local-502c33e6,api,2,ts-local,requisicao,,apps/api/src/controllers/messages-active.ts:69,396,no,,,candidate,,
api-ts-local-8bde1d41,api,2,ts-local,requisicao,,apps/api/src/controllers/my-account.ts:175,396,no,,,candidate,,
api-ts-local-094b3caa,api,2,ts-local,requisicao,,apps/api/src/controllers/my-account.ts:226,396,no,,,candidate,,
api-ts-local-b66cfc2c,api,2,ts-local,requisicao,,apps/api/src/controllers/my-account.ts:266,396,no,,,candidate,,
api-ts-local-d53bc39f,api,2,ts-local,requisicao,,apps/api/src/controllers/operations.ts:49,396,no,,,candidate,,
api-ts-local-e4fd81a2,api,2,ts-local,requisicao,,apps/api/src/controllers/rastreador-de-cliques.ts:60,396,no,,,candidate,,
api-ts-local-08d65a4f,api,2,ts-local,requisicao,,apps/api/src/controllers/redirect.ts:29,396,no,,,candidate,,
api-ts-local-3034b294,api,2,ts-local,requisicao,,apps/api/src/controllers/sso.ts:135,396,no,,,candidate,,
api-ts-local-c18c8492,api,2,ts-local,requisicao,,apps/api/src/controllers/sso.ts:210,396,no,,,candidate,,
api-ts-local-1176fc22,api,2,ts-local,requisicao,,apps/api/src/controllers/sso.ts:59,396,no,,,candidate,,
api-ts-local-41703522,api,2,ts-local,requisicao,,apps/api/src/controllers/sso.ts:70,396,no,,,candidate,,
api-ts-local-4872ce2a,api,2,ts-local,requisicao,,apps/api/src/controllers/sso.ts:85,396,no,,,candidate,,
api-ts-local-8d732190,api,2,ts-local,requisicao,,apps/api/src/controllers/webhooks-whatsapp.ts:40,396,no,,,candidate,,
api-ts-local-56241de3,api,2,ts-local,requisicao,,apps/api/src/metrics.ts:94,396,no,,,candidate,,
api-ts-local-17f60b7c,api,2,ts-local,requisicao,,apps/api/src/session.ts:39,396,no,,,candidate,,
api-ts-local-63707ad3,api,2,ts-local,requisicao,,apps/api/src/session.ts:70,396,no,,,candidate,,
api-ts-local-6fb9fab7,api,2,ts-local,resto,,apps/api/src/domain/instagram/inbound.ts:79,123,no,,,candidate,,
api-ts-local-3a27daf2,api,2,ts-local,resto,,apps/api/src/domain/management/settings.ts:107,123,no,,,candidate,,
api-ts-local-002eaf90,api,2,ts-local,resto,,apps/api/src/domain/management/settings.ts:108,123,no,,,candidate,,
api-ts-local-575699da,api,2,ts-local,resto,,apps/api/src/domain/management/sla.ts:61,123,no,,,candidate,,
api-ts-local-facb58eb,api,2,ts-local,resto,,apps/api/src/domain/whatsapp/cliente-graph.ts:639,123,no,,,candidate,,
api-ts-local-11303614,api,2,ts-local,roteadorId,,apps/api/src/domain/management/services-of-router.ts:195,26,no,,,candidate,,
api-ts-local-056a5ef4,api,2,ts-local,roteadorId,,apps/api/src/domain/management/services-of-router.ts:204,26,no,,,candidate,,
api-ts-local-59f72638,api,2,ts-local,roteadorId,,apps/api/src/domain/management/services-of-router.ts:228,26,no,,,candidate,,
api-ts-local-090265fe,api,2,ts-local,roteadorId,,apps/api/src/domain/management/services-of-router.ts:270,26,no,,,candidate,,
api-ts-local-69a144bd,api,2,ts-local,roteadorId,,apps/api/src/domain/management/services-of-router.ts:332,26,no,,,candidate,,
api-ts-local-56aae2e4,api,2,ts-local,roteadorId,,apps/api/src/domain/management/services-of-router.ts:36,26,no,,,candidate,,
api-ts-local-fcf82b81,api,2,ts-local,rotuloExcluidas,,apps/api/src/domain/management/format.ts:49,4,no,,,candidate,,
api-ts-local-c1e205a7,api,2,ts-local,saida,,apps/api/src/domain/flow.ts:1653,345,no,,,candidate,,
api-ts-local-6583e742,api,2,ts-local,saida,,apps/api/src/domain/management/builder-of-flow.ts:451,345,no,,,candidate,,
api-ts-local-7af0cfe9,api,2,ts-local,saida,,apps/api/src/domain/management/pfx.ts:283,345,no,,,candidate,,
api-ts-local-2432dfaf,api,2,ts-local,saida,,apps/api/tests/instagram.test.ts:290,345,no,,,candidate,,
api-ts-local-10c0f4a2,api,2,ts-local,segredo,,apps/api/src/authentication.ts:221,106,no,,,candidate,,
api-ts-local-9efd7cf4,api,2,ts-local,segredo,,apps/api/src/domain/instagram/cliente-graph.ts:218,106,no,,,candidate,,
api-ts-local-4a6b36d2,api,2,ts-local,segredo,,apps/api/src/domain/instagram/cliente-graph.ts:48,106,no,,,candidate,,
api-ts-local-4d097413,api,2,ts-local,segredo,,apps/api/src/domain/instagram/cliente-graph.ts:59,106,no,,,candidate,,
api-ts-local-826fca3a,api,2,ts-local,segredo,,apps/api/src/domain/messenger/cliente-graph.ts:16,106,no,,,candidate,,
api-ts-local-371a252f,api,2,ts-local,segredo,,apps/api/src/domain/messenger/cliente-graph.ts:37,106,no,,,candidate,,
api-ts-local-c5c80ed6,api,2,ts-local,segredo,,apps/api/src/domain/messenger/cliente-graph.ts:56,106,no,,,candidate,,
api-ts-local-c63f0853,api,2,ts-local,segredo,,apps/api/src/domain/whatsapp/cliente-graph.ts:151,106,no,,,candidate,,
api-ts-local-5091a8f1,api,2,ts-local,segredo,,apps/api/src/domain/whatsapp/cliente-graph.ts:365,106,no,,,candidate,,
api-ts-local-be5b1c7e,api,2,ts-local,segredo,,apps/api/src/domain/whatsapp/cliente-graph.ts:627,106,no,,,candidate,,
api-ts-local-8340ef1c,api,2,ts-local,segredos,,apps/api/src/domain/instagram/cliente-graph.ts:57,25,no,,,candidate,,
api-ts-local-024a1c8c,api,2,ts-local,segredos,,apps/api/src/domain/whatsapp/cliente-graph.ts:201,25,no,,,candidate,,
api-ts-local-0979c257,api,2,ts-local,semBot,,apps/api/tests/channel-of-flow.test.ts:487,1,no,,,candidate,,
api-ts-local-48795d98,api,2,ts-local,semCrm,,apps/api/src/queues.ts:405,5,no,,,candidate,,
api-ts-local-db33d642,api,2,ts-local,senha,,apps/api/src/domain/management/pfx.ts:161,129,no,,,candidate,,
api-ts-local-d615dfba,api,2,ts-local,senha,,apps/api/src/domain/management/pfx.ts:171,129,no,,,candidate,,
api-ts-local-7749ec46,api,2,ts-local,senha,,apps/api/src/domain/management/pfx.ts:209,129,no,,,candidate,,
api-ts-local-89c8a9ca,api,2,ts-local,senha,,apps/api/src/domain/management/pfx.ts:302,129,no,,,candidate,,
api-ts-local-c2413307,api,2,ts-local,senha,,apps/api/src/domain/management/pfx.ts:373,129,no,,,candidate,,
api-ts-local-4d7f6edd,api,2,ts-local,senha,,apps/api/tests/ajuda-pfx.ts:117,129,no,,,candidate,,
api-ts-local-cba024e8,api,2,ts-local,sequencia,,apps/api/src/domain/management/pfx.ts:284,7,no,,,candidate,,
api-ts-local-e907809a,api,2,ts-local,servicoId,,apps/api/src/controllers/management-flow.ts:520,8,no,,,candidate,,
api-ts-local-686dbba5,api,2,ts-local,servicos,,apps/api/src/domain/router.ts:42,32,no,,,candidate,,
api-ts-local-74ef77e8,api,2,ts-local,sessao,,apps/api/tests/builder-by-flow.test.ts:133,274,no,,,candidate,,
api-ts-local-83458c80,api,2,ts-local,sessao,,apps/api/tests/builder-by-flow.test.ts:134,274,no,,,candidate,,
api-ts-local-9d16db48,api,2,ts-local,sessao,,apps/api/tests/builder-by-flow.test.ts:136,274,no,,,candidate,,
api-ts-local-b8a3a1a4,api,2,ts-local,sessao,,apps/api/tests/builder-by-flow.test.ts:138,274,no,,,candidate,,
api-ts-local-35dbc6be,api,2,ts-local,sessao,,apps/api/tests/builder-by-flow.test.ts:140,274,no,,,candidate,,
api-ts-local-9b484420,api,2,ts-local,sessao,,apps/api/tests/builder-by-flow.test.ts:142,274,no,,,candidate,,
api-ts-local-7821897a,api,2,ts-local,sessao,,apps/api/tests/builder-test-run.test.ts:121,274,no,,,candidate,,
api-ts-local-aeec4b13,api,2,ts-local,sessao,,apps/api/tests/builder-test-run.test.ts:123,274,no,,,candidate,,
api-ts-local-261122bb,api,2,ts-local,sessao,,apps/api/tests/builder-test-run.test.ts:125,274,no,,,candidate,,
api-ts-local-14693332,api,2,ts-local,sessao,,apps/api/tests/channel-of-flow.test.ts:139,274,no,,,candidate,,
api-ts-local-7f4532dc,api,2,ts-local,sessao,,apps/api/tests/channel-of-flow.test.ts:141,274,no,,,candidate,,
api-ts-local-f60ae0ca,api,2,ts-local,sessao,,apps/api/tests/channel-of-flow.test.ts:143,274,no,,,candidate,,
api-ts-local-6f649ccb,api,2,ts-local,sessao,,apps/api/tests/cycle-of-lifetime-of-flow.test.ts:157,274,no,,,candidate,,
api-ts-local-4a1826a5,api,2,ts-local,sessao,,apps/api/tests/cycle-of-lifetime-of-flow.test.ts:166,274,no,,,candidate,,
api-ts-local-ae2bf01b,api,2,ts-local,sessao,,apps/api/tests/flow-short-name.test.ts:109,274,no,,,candidate,,
api-ts-local-c7185888,api,2,ts-local,sessao,,apps/api/tests/flow-short-name.test.ts:118,274,no,,,candidate,,
api-ts-local-aa0edfd0,api,2,ts-local,sessao,,apps/api/tests/flow-short-name.test.ts:125,274,no,,,candidate,,
api-ts-local-d8ab5abf,api,2,ts-local,sessao,,apps/api/tests/flow-short-name.test.ts:132,274,no,,,candidate,,
api-ts-local-4fb12db9,api,2,ts-local,sessao,,apps/api/tests/integrations.test.ts:106,274,no,,,candidate,,
api-ts-local-6ed7f5e1,api,2,ts-local,sessao,,apps/api/tests/integrations.test.ts:107,274,no,,,candidate,,
api-ts-local-ab2e0697,api,2,ts-local,sessao,,apps/api/tests/integrations.test.ts:109,274,no,,,candidate,,
api-ts-local-3a4f7fb7,api,2,ts-local,sessao,,apps/api/tests/integrations.test.ts:111,274,no,,,candidate,,
api-ts-local-734a04d4,api,2,ts-local,sessao,,apps/api/tests/integrations.test.ts:113,274,no,,,candidate,,
api-ts-local-b8fc85fc,api,2,ts-local,sessao,,apps/api/tests/palavras-proibidas.test.ts:142,274,no,,,candidate,,
api-ts-local-be8ef65a,api,2,ts-local,sessao,,apps/api/tests/permissions-of-agent.test.ts:129,274,no,,,candidate,,
api-ts-local-e081433d,api,2,ts-local,sessao,,apps/api/tests/registrations-attendance.test.ts:149,274,no,,,candidate,,
api-ts-local-e07b4a77,api,2,ts-local,sessao,,apps/api/tests/registrations-attendance.test.ts:426,274,no,,,candidate,,
api-ts-local-36576b09,api,2,ts-local,sessao,,apps/api/tests/registrations-attendance.test.ts:512,274,no,,,candidate,,
api-ts-local-c92fe095,api,2,ts-local,sessao,,apps/api/tests/registrations-attendance.test.ts:720,274,no,,,candidate,,
api-ts-local-dc2760ba,api,2,ts-local,sessao,,apps/api/tests/registrations-attendance.test.ts:91,274,no,,,candidate,,
api-ts-local-e0534152,api,2,ts-local,sessao,,apps/api/tests/team-of-flow.test.ts:117,274,no,,,candidate,,
api-ts-local-12c2496e,api,2,ts-local,sessao,,apps/api/tests/team-of-flow.test.ts:119,274,no,,,candidate,,
api-ts-local-ea28963f,api,2,ts-local,sessao,,apps/api/tests/team-of-flow.test.ts:125,274,no,,,candidate,,
api-ts-local-9d6b679a,api,2,ts-local,sessao,,apps/api/tests/team-of-flow.test.ts:131,274,no,,,candidate,,
api-ts-local-dffd1d34,api,2,ts-local,sinal,,apps/api/src/main.ts:6,45,no,,,candidate,,
api-ts-local-1e373615,api,2,ts-local,sincronizarModelos,,apps/api/tests/channels.test.ts:34,11,no,,,candidate,,
api-ts-local-fca2895e,api,2,ts-local,sobrou,,apps/api/tests/channels.test.ts:1063,7,no,,,candidate,,
api-ts-local-3b65b1f3,api,2,ts-local,soma,,apps/api/src/domain/management-analytics.ts:97,110,no,,,candidate,,
api-ts-local-9fe36062,api,2,ts-local,sujeito,,apps/api/tests/convites.test.ts:90,42,no,,,candidate,,
api-ts-local-435216b1,api,2,ts-local,sujeito,,apps/api/tests/sso.test.ts:53,42,no,,,candidate,,
api-ts-local-a4dbf982,api,2,ts-local,templatePedido,,apps/api/src/controllers/management-analytics.ts:143,2,no,,,candidate,,
api-ts-local-48653759,api,2,ts-local,termo,,apps/api/src/domain/management/palavras-proibidas.ts:162,160,no,,,candidate,,
api-ts-local-9f078de8,api,2,ts-local,termo,,apps/api/src/domain/management/palavras-proibidas.ts:47,160,no,,,candidate,,
api-ts-local-9f9dc6f7,api,2,ts-local,termo,,apps/api/src/domain/management/palavras-proibidas.ts:53,160,no,,,candidate,,
api-ts-local-68accb47,api,2,ts-local,termos,,apps/api/src/domain/management/palavras-proibidas.ts:41,40,no,,,candidate,,
api-ts-local-b1189733,api,2,ts-local,testadaEm,,apps/api/src/domain/sso.ts:221,9,no,,,candidate,,
api-ts-local-15747f93,api,2,ts-local,texto,,apps/api/src/domain/email.ts:42,1706,no,,,candidate,,
api-ts-local-41194bea,api,2,ts-local,texto,,apps/api/src/domain/flow.ts:1045,1706,no,,,candidate,,
api-ts-local-e2fb7058,api,2,ts-local,texto,,apps/api/src/domain/instagram/cliente-graph.ts:57,1706,no,,,candidate,,
api-ts-local-19320f65,api,2,ts-local,texto,,apps/api/src/domain/management/integrations.ts:789,1706,no,,,candidate,,
api-ts-local-b61260bc,api,2,ts-local,texto,,apps/api/src/domain/management/monitoring.ts:220,1706,no,,,candidate,,
api-ts-local-92150ec8,api,2,ts-local,texto,,apps/api/src/domain/management/palavras-proibidas.ts:29,1706,no,,,candidate,,
api-ts-local-0c5145d8,api,2,ts-local,texto,,apps/api/src/domain/management/palavras-proibidas.ts:41,1706,no,,,candidate,,
api-ts-local-b53b1c0a,api,2,ts-local,texto,,apps/api/src/domain/management/palavras-proibidas.ts:98,1706,no,,,candidate,,
api-ts-local-6c2f3c37,api,2,ts-local,texto,,apps/api/src/domain/media.ts:176,1706,no,,,candidate,,
api-ts-local-2eeaa602,api,2,ts-local,texto,,apps/api/src/domain/messenger/cliente-graph.ts:16,1706,no,,,candidate,,
api-ts-local-fc05d11b,api,2,ts-local,texto,,apps/api/src/domain/whatsapp/cliente-graph.ts:149,1706,no,,,candidate,,
api-ts-local-247da806,api,2,ts-local,texto,,apps/api/tests/ajuda-pfx.ts:43,1706,no,,,candidate,,
api-ts-local-dea629fc,api,2,ts-local,texto,,apps/api/tests/ajuda-pfx.ts:44,1706,no,,,candidate,,
api-ts-local-19c78c27,api,2,ts-local,texto,,apps/api/tests/ajuda.ts:121,1706,no,,,candidate,,
api-ts-local-6d7cde2c,api,2,ts-local,texto,,apps/api/tests/builder-by-flow.test.ts:148,1706,no,,,candidate,,
api-ts-local-1b5cd577,api,2,ts-local,texto,,apps/api/tests/builder-by-flow.test.ts:228,1706,no,,,candidate,,
api-ts-local-db2d28f3,api,2,ts-local,texto,,apps/api/tests/builder-test-run.test.ts:418,1706,no,,,candidate,,
api-ts-local-c74e27a8,api,2,ts-local,texto,,apps/api/tests/channel-of-flow.test.ts:394,1706,no,,,candidate,,
api-ts-local-3b8fbf6c,api,2,ts-local,texto,,apps/api/tests/desk-availability.test.ts:109,1706,no,,,candidate,,
api-ts-local-a19ec411,api,2,ts-local,texto,,apps/api/tests/desk-write-commands.test.ts:66,1706,no,,,candidate,,
api-ts-local-52c32a70,api,2,ts-local,texto,,apps/api/tests/engine-contracts.test.ts:92,1706,no,,,candidate,,
api-ts-local-84db2d61,api,2,ts-local,texto,,apps/api/tests/flow-actions.test.ts:152,1706,no,,,candidate,,
api-ts-local-57c4d080,api,2,ts-local,texto,,apps/api/tests/flow-actions.test.ts:190,1706,no,,,candidate,,
api-ts-local-b220908a,api,2,ts-local,texto,,apps/api/tests/flow-content.test.ts:89,1706,no,,,candidate,,
api-ts-local-110103ca,api,2,ts-local,texto,,apps/api/tests/flow.test.ts:71,1706,no,,,candidate,,
api-ts-local-f1df0327,api,2,ts-local,texto,,apps/api/tests/gerar-fixtures-jsonb.helper.ts:39,1706,no,,,candidate,,
api-ts-local-e04eae6d,api,2,ts-local,texto,,apps/api/tests/inbound-phone.test.ts:34,1706,no,,,candidate,,
api-ts-local-08a0d671,api,2,ts-local,texto,,apps/api/tests/input-expiration.test.ts:94,1706,no,,,candidate,,
api-ts-local-7a5bb428,api,2,ts-local,texto,,apps/api/tests/priority.test.ts:117,1706,no,,,candidate,,
api-ts-local-bf8c710a,api,2,ts-local,texto,,apps/api/tests/process-http-retomada.test.ts:105,1706,no,,,candidate,,
api-ts-local-386b7962,api,2,ts-local,texto,,apps/api/tests/queue-entry.test.ts:74,1706,no,,,candidate,,
api-ts-local-f5c5d990,api,2,ts-local,texto,,apps/api/tests/router.test.ts:347,1706,no,,,candidate,,
api-ts-local-8283ae73,api,2,ts-local,texto,,apps/api/tests/router.test.ts:486,1706,no,,,candidate,,
api-ts-local-5a884087,api,2,ts-local,texto,,apps/api/tests/subflows.test.ts:50,1706,no,,,candidate,,
api-ts-local-282d5558,api,2,ts-local,textoDeEntrada,,apps/api/tests/jsonb-compat.test.ts:187,2,no,,,candidate,,
api-ts-local-8dc27db9,api,2,ts-local,tokenCru,,apps/api/src/domain/convites.ts:231,6,no,,,candidate,,
api-ts-local-42588564,api,2,ts-local,tokenCru,,apps/api/src/domain/convites.ts:258,6,no,,,candidate,,
api-ts-local-e2fd7b60,api,2,ts-local,tokenCru,,apps/api/src/domain/convites.ts:282,6,no,,,candidate,,
api-ts-local-8f972a97,api,2,ts-local,transferida,,apps/api/src/domain/flow.ts:926,14,no,,,candidate,,
api-ts-local-16591592,api,2,ts-local,uri,,apps/api/src/domain/engine-services.ts:130,367,no,,,candidate,,
api-ts-local-e066838c,api,2,ts-local,uri,,apps/api/tests/builder-commands.test.ts:65,367,no,,,candidate,,
api-ts-local-56dad95e,api,2,ts-local,uri,,apps/api/tests/desk-commands.test.ts:130,367,no,,,candidate,,
api-ts-local-01d7f9df,api,2,ts-local,uri,,apps/api/tests/desk-commands.test.ts:40,367,no,,,candidate,,
api-ts-local-dbe82682,api,2,ts-local,uri,,apps/api/tests/desk-commands.test.ts:73,367,no,,,candidate,,
api-ts-local-c629b7a0,api,2,ts-local,uri,,apps/api/tests/desk-write-commands.test.ts:61,367,no,,,candidate,,
api-ts-local-2c86d919,api,2,ts-local,uri,,apps/api/tests/engine-services.test.ts:161,367,no,,,candidate,,
api-ts-local-75eed0c0,api,2,ts-local,uri,,apps/api/tests/engine-services.test.ts:51,367,no,,,candidate,,
api-ts-local-1ed6dc52,api,2,ts-local,uri,,apps/api/tests/flow-actions.test.ts:254,367,no,,,candidate,,
api-ts-local-c9e8d0e1,api,2,ts-local,uri,,apps/api/tests/flow-content.test.ts:226,367,no,,,candidate,,
api-ts-local-52f81172,api,2,ts-local,uri,,apps/api/tests/flow-content.test.ts:244,367,no,,,candidate,,
api-ts-local-c6a7908d,api,2,ts-local,uri,,apps/api/tests/flow-content.test.ts:31,367,no,,,candidate,,
api-ts-local-613bff55,api,2,ts-local,uri,,apps/api/tests/scheduling-commands-memory.test.ts:37,367,no,,,candidate,,
api-ts-local-4780cf9f,api,2,ts-local,uri,,apps/api/tests/scheduling-commands.test.ts:70,367,no,,,candidate,,
api-ts-local-f9bd62a8,api,2,ts-local,urlCurtaDe,,apps/api/tests/growth.test.ts:16,9,no,,,candidate,,
api-ts-local-e80cfcfe,api,2,ts-local,urlProibida,,apps/api/tests/integrations.test.ts:285,3,no,,,candidate,,
api-ts-local-0c68c34b,api,2,ts-local,usuarioIdAlvo,,apps/api/src/domain/management/contract.ts:265,5,no,,,candidate,,
api-ts-local-c2854f46,api,2,ts-local,usuarioId,,apps/api/src/controllers/connection-in-flow.ts:43,283,no,,,candidate,,
api-ts-local-56baff62,api,2,ts-local,usuarioId,,apps/api/src/controllers/connection-in-flow.ts:56,283,no,,,candidate,,
api-ts-local-6ddc92dc,api,2,ts-local,usuarioId,,apps/api/src/controllers/management-team.ts:82,283,no,,,candidate,,
api-ts-local-97c2db89,api,2,ts-local,usuarioId,,apps/api/src/domain/management/builder-of-flow.ts:36,283,no,,,candidate,,
api-ts-local-105d972e,api,2,ts-local,usuarioId,,apps/api/src/domain/management/builder-of-flow.ts:46,283,no,,,candidate,,
api-ts-local-d3ee90d7,api,2,ts-local,usuarioId,,apps/api/src/domain/management/builder-of-flow.ts:526,283,no,,,candidate,,
api-ts-local-9f69ba95,api,2,ts-local,usuarioId,,apps/api/src/domain/management/builder-of-flow.ts:540,283,no,,,candidate,,
api-ts-local-73c4841f,api,2,ts-local,usuarioId,,apps/api/src/domain/management/builder-of-flow.ts:556,283,no,,,candidate,,
api-ts-local-2a34e180,api,2,ts-local,usuarioId,,apps/api/src/domain/management/builder-of-flow.ts:580,283,no,,,candidate,,
api-ts-local-6d332022,api,2,ts-local,usuarioId,,apps/api/src/domain/management/builder-of-flow.ts:611,283,no,,,candidate,,
api-ts-local-c015c084,api,2,ts-local,usuarioId,,apps/api/src/domain/management/builder-of-flow.ts:691,283,no,,,candidate,,
api-ts-local-18947d6e,api,2,ts-local,usuarioId,,apps/api/src/domain/management/builder-of-flow.ts:722,283,no,,,candidate,,
api-ts-local-ed7ae551,api,2,ts-local,usuarioId,,apps/api/src/domain/management/builder-of-flow.ts:740,283,no,,,candidate,,
api-ts-local-2457c587,api,2,ts-local,usuarioId,,apps/api/src/domain/management/channel-of-flow.ts:128,283,no,,,candidate,,
api-ts-local-19d0192c,api,2,ts-local,usuarioId,,apps/api/src/domain/management/channel-of-flow.ts:16,283,no,,,candidate,,
api-ts-local-06a892d4,api,2,ts-local,usuarioId,,apps/api/src/domain/management/channel-of-flow.ts:178,283,no,,,candidate,,
api-ts-local-0633bc8f,api,2,ts-local,usuarioId,,apps/api/src/domain/management/channel-of-flow.ts:207,283,no,,,candidate,,
api-ts-local-f33f179c,api,2,ts-local,usuarioId,,apps/api/src/domain/management/communication.ts:314,283,no,,,candidate,,
api-ts-local-654a620f,api,2,ts-local,usuarioId,,apps/api/src/domain/management/communication.ts:381,283,no,,,candidate,,
api-ts-local-d0b8af27,api,2,ts-local,usuarioId,,apps/api/src/domain/management/configuration-of-flow.ts:183,283,no,,,candidate,,
api-ts-local-16b0483a,api,2,ts-local,usuarioId,,apps/api/src/domain/management/configuration-of-flow.ts:23,283,no,,,candidate,,
api-ts-local-24cb2976,api,2,ts-local,usuarioId,,apps/api/src/domain/management/cycle-of-lifetime-of-flow.ts:158,283,no,,,candidate,,
api-ts-local-6d0d21be,api,2,ts-local,usuarioId,,apps/api/src/domain/management/cycle-of-lifetime-of-flow.ts:208,283,no,,,candidate,,
api-ts-local-078cae61,api,2,ts-local,usuarioId,,apps/api/src/domain/management/cycle-of-lifetime-of-flow.ts:290,283,no,,,candidate,,
api-ts-local-c06309a5,api,2,ts-local,usuarioId,,apps/api/src/domain/management/integrations.ts:120,283,no,,,candidate,,
api-ts-local-71a92332,api,2,ts-local,usuarioId,,apps/api/src/domain/management/integrations.ts:144,283,no,,,candidate,,
api-ts-local-d028180a,api,2,ts-local,usuarioId,,apps/api/src/domain/management/integrations.ts:200,283,no,,,candidate,,
api-ts-local-4d195e10,api,2,ts-local,usuarioId,,apps/api/src/domain/management/integrations.ts:33,283,no,,,candidate,,
api-ts-local-518603fa,api,2,ts-local,usuarioId,,apps/api/src/domain/management/integrations.ts:534,283,no,,,candidate,,
api-ts-local-b759d33f,api,2,ts-local,usuarioId,,apps/api/src/domain/management/integrations.ts:557,283,no,,,candidate,,
api-ts-local-c5d93195,api,2,ts-local,usuarioId,,apps/api/src/domain/management/integrations.ts:642,283,no,,,candidate,,
api-ts-local-147b2642,api,2,ts-local,usuarioId,,apps/api/src/domain/management/integrations.ts:705,283,no,,,candidate,,
api-ts-local-8c561a92,api,2,ts-local,usuarioId,,apps/api/src/domain/management/integrations.ts:747,283,no,,,candidate,,
api-ts-local-cbf0aab8,api,2,ts-local,usuarioId,,apps/api/src/domain/management/integrations.ts:877,283,no,,,candidate,,
api-ts-local-7d4365a7,api,2,ts-local,usuarioId,,apps/api/src/domain/management/integrations.ts:894,283,no,,,candidate,,
api-ts-local-cae35bb0,api,2,ts-local,usuarioId,,apps/api/src/domain/management/integrations.ts:927,283,no,,,candidate,,
api-ts-local-78612018,api,2,ts-local,usuarioId,,apps/api/src/domain/management/integrations.ts:948,283,no,,,candidate,,
api-ts-local-0cfad7dd,api,2,ts-local,usuarioId,,apps/api/src/domain/management/integrations.ts:973,283,no,,,candidate,,
api-ts-local-f386cd44,api,2,ts-local,usuarioId,,apps/api/src/domain/management/monitoring.ts:218,283,no,,,candidate,,
api-ts-local-de34821f,api,2,ts-local,usuarioId,,apps/api/src/domain/management/palavras-proibidas.ts:219,283,no,,,candidate,,
api-ts-local-0e6db58a,api,2,ts-local,usuarioId,,apps/api/src/domain/management/palavras-proibidas.ts:266,283,no,,,candidate,,
api-ts-local-2375086c,api,2,ts-local,usuarioId,,apps/api/src/domain/management/registrations.ts:1253,283,no,,,candidate,,
api-ts-local-19e4cbe8,api,2,ts-local,usuarioId,,apps/api/src/domain/management/registrations.ts:1290,283,no,,,candidate,,
api-ts-local-0fb0be38,api,2,ts-local,usuarioId,,apps/api/src/domain/management/registrations.ts:1365,283,no,,,candidate,,
api-ts-local-b8ef2517,api,2,ts-local,usuarioId,,apps/api/src/domain/management/registrations.ts:1424,283,no,,,candidate,,
api-ts-local-5944355b,api,2,ts-local,usuarioId,,apps/api/src/domain/management/registrations.ts:1466,283,no,,,candidate,,
api-ts-local-ef0e8afc,api,2,ts-local,usuarioId,,apps/api/src/domain/management/registrations.ts:1588,283,no,,,candidate,,
api-ts-local-e963a673,api,2,ts-local,usuarioId,,apps/api/src/domain/management/registrations.ts:1621,283,no,,,candidate,,
api-ts-local-8d202cc7,api,2,ts-local,usuarioId,,apps/api/src/domain/management/registrations.ts:1678,283,no,,,candidate,,
api-ts-local-4cb4214e,api,2,ts-local,usuarioId,,apps/api/src/domain/management/registrations.ts:429,283,no,,,candidate,,
api-ts-local-6d443a9d,api,2,ts-local,usuarioId,,apps/api/src/domain/management/registrations.ts:48,283,no,,,candidate,,
api-ts-local-d51e6efc,api,2,ts-local,usuarioId,,apps/api/src/domain/management/registrations.ts:491,283,no,,,candidate,,
api-ts-local-80a2db73,api,2,ts-local,usuarioId,,apps/api/src/domain/management/registrations.ts:550,283,no,,,candidate,,
api-ts-local-58733c2d,api,2,ts-local,usuarioId,,apps/api/src/domain/management/registrations.ts:653,283,no,,,candidate,,
api-ts-local-7f538d43,api,2,ts-local,usuarioId,,apps/api/src/domain/management/registrations.ts:967,283,no,,,candidate,,
api-ts-local-8f5b4dd4,api,2,ts-local,usuarioId,,apps/api/src/domain/management/regras-sla.ts:177,283,no,,,candidate,,
api-ts-local-b634a481,api,2,ts-local,usuarioId,,apps/api/src/domain/management/regras-sla.ts:257,283,no,,,candidate,,
api-ts-local-20f96fc9,api,2,ts-local,usuarioId,,apps/api/src/domain/management/rules-priority.ts:221,283,no,,,candidate,,
api-ts-local-ad8da186,api,2,ts-local,usuarioId,,apps/api/src/domain/management/rules-priority.ts:287,283,no,,,candidate,,
api-ts-local-f60c2fa9,api,2,ts-local,usuarioId,,apps/api/src/domain/management/services-of-router.ts:23,283,no,,,candidate,,
api-ts-local-54f000e4,api,2,ts-local,usuarioId,,apps/api/src/domain/management/services-of-router.ts:269,283,no,,,candidate,,
api-ts-local-17337c53,api,2,ts-local,usuarioId,,apps/api/src/domain/management/services-of-router.ts:331,283,no,,,candidate,,
api-ts-local-3eda4e5d,api,2,ts-local,usuarioId,,apps/api/src/domain/management/team-of-flow.ts:165,283,no,,,candidate,,
api-ts-local-675f7ef2,api,2,ts-local,usuarioId,,apps/api/src/domain/management/team-of-flow.ts:181,283,no,,,candidate,,
api-ts-local-9e14eb2b,api,2,ts-local,usuarioId,,apps/api/src/domain/management/team-of-flow.ts:196,283,no,,,candidate,,
api-ts-local-829fb24b,api,2,ts-local,usuarioId,,apps/api/src/domain/management/team-of-flow.ts:242,283,no,,,candidate,,
api-ts-local-1c7de496,api,2,ts-local,usuarioId,,apps/api/src/domain/management/team-of-flow.ts:266,283,no,,,candidate,,
api-ts-local-018569af,api,2,ts-local,usuarioId,,apps/api/src/domain/management/team-of-flow.ts:312,283,no,,,candidate,,
api-ts-local-3236aa75,api,2,ts-local,usuarioId,,apps/api/src/domain/management/team-of-flow.ts:377,283,no,,,candidate,,
api-ts-local-17850b25,api,2,ts-local,usuarioId,,apps/api/src/domain/management/team-of-flow.ts:438,283,no,,,candidate,,
api-ts-local-03e65e84,api,2,ts-local,usuarioId,,apps/api/src/domain/sso.ts:169,283,no,,,candidate,,
api-ts-local-f60498e1,api,2,ts-local,usuarioId,,apps/api/src/domain/whatsapp/modelos.ts:422,283,no,,,candidate,,
api-ts-local-6a7cdf51,api,2,ts-local,usuarioId,,apps/api/src/domain/whatsapp/modelos.ts:460,283,no,,,candidate,,
api-ts-local-aaa8f442,api,2,ts-local,usuarioId,,apps/api/src/domain/whatsapp/state-of-connection.ts:32,283,no,,,candidate,,
api-ts-local-494ea0cf,api,2,ts-local,usuarioId,,apps/api/tests/desk-actions.test.ts:59,283,no,,,candidate,,
api-ts-local-f27f55df,api,2,ts-local,usuarioId,,apps/api/tests/desk-actions.test.ts:67,283,no,,,candidate,,
api-ts-local-3ee83e31,api,2,ts-local,usuarioId,,apps/api/tests/permissions-of-agent.test.ts:138,283,no,,,candidate,,
api-ts-local-6563de53,api,2,ts-local,usuarioId,,apps/api/tests/team-of-flow.test.ts:152,283,no,,,candidate,,
api-ts-local-bc3399bf,api,2,ts-local,usuarioId,,apps/api/tests/team-of-flow.test.ts:346,283,no,,,candidate,,
api-ts-local-3b7378c4,api,2,ts-local,usuarioId,,apps/api/tests/team-of-flow.test.ts:83,283,no,,,candidate,,
api-ts-local-986d3d2b,api,2,ts-local,validoDesde,,apps/api/tests/ajuda-pfx.ts:96,8,no,,,candidate,,
api-ts-local-f000766c,api,2,ts-local,valor,,apps/api/src/controllers/my-account.ts:141,695,no,,,candidate,,
api-ts-local-e043cc81,api,2,ts-local,valor,,apps/api/src/domain/desk/consultas.ts:39,695,no,,,candidate,,
api-ts-local-bd2c9557,api,2,ts-local,valor,,apps/api/src/domain/desk/consultas.ts:43,695,no,,,candidate,,
api-ts-local-d9dcfb10,api,2,ts-local,valor,,apps/api/src/domain/desk/metrics.ts:14,695,no,,,candidate,,
api-ts-local-ad33096c,api,2,ts-local,valor,,apps/api/src/domain/envio.ts:443,695,no,,,candidate,,
api-ts-local-7e8e8675,api,2,ts-local,valor,,apps/api/src/domain/inbound.ts:202,695,no,,,candidate,,
api-ts-local-e7da8545,api,2,ts-local,valor,,apps/api/src/domain/management/builder-of-flow.ts:335,695,no,,,candidate,,
api-ts-local-12021b87,api,2,ts-local,valor,,apps/api/src/domain/management/colors-of-queue.ts:20,695,no,,,candidate,,
api-ts-local-1c6481c7,api,2,ts-local,valor,,apps/api/src/domain/management/colors-of-queue.ts:24,695,no,,,candidate,,
api-ts-local-70d7ca96,api,2,ts-local,valor,,apps/api/src/domain/management/format.ts:121,695,no,,,candidate,,
api-ts-local-a9510ab0,api,2,ts-local,valor,,apps/api/src/domain/management/format.ts:29,695,no,,,candidate,,
api-ts-local-c1437e3b,api,2,ts-local,valor,,apps/api/src/domain/management/integrations.ts:460,695,no,,,candidate,,
api-ts-local-d84823cf,api,2,ts-local,valor,,apps/api/src/domain/management/note-evaluation.ts:49,695,no,,,candidate,,
api-ts-local-e6ee8038,api,2,ts-local,valor,,apps/api/src/metrics.ts:122,695,no,,,candidate,,
api-ts-local-8a191d7f,api,2,ts-local,valor,,apps/api/src/metrics.ts:75,695,no,,,candidate,,
api-ts-local-7d32db12,api,2,ts-local,valor,,apps/api/src/webhooks-saida.ts:133,695,no,,,candidate,,
api-ts-local-9970ff58,api,2,ts-local,valor,,apps/api/tests/jsonb-compat.test.ts:70,695,no,,,candidate,,
api-ts-local-acfccf54,api,2,ts-local,variaveis,,apps/api/src/domain/flow.ts:1016,80,no,,,candidate,,
api-ts-local-28849b58,api,2,ts-local,variaveis,,apps/api/src/domain/flow.ts:1027,80,no,,,candidate,,
api-ts-local-0f803261,api,2,ts-local,variaveis,,apps/api/src/domain/flow.ts:983,80,no,,,candidate,,
api-ts-local-d76d12bb,api,2,ts-local,variaveis,,apps/api/src/domain/management-flow.ts:383,80,no,,,candidate,,
api-ts-local-a5a0b3f6,api,2,ts-local,variaveis,,apps/api/src/domain/management-flow.ts:436,80,no,,,candidate,,
api-ts-local-3bf9b686,api,2,ts-local,variaveis,,apps/api/src/domain/management/communication.ts:141,80,no,,,candidate,,
api-ts-local-ca99f078,api,2,ts-local,variaveisIniciais,,apps/api/tests/jsonb-compat.test.ts:186,1,no,,,candidate,,
api-ts-local-1fd9197a,api,2,ts-local,verificado,,apps/api/tests/sso.test.ts:53,62,no,,,candidate,,
api-ts-local-f221b18f,api,2,ts-local,versao,,apps/api/src/controllers/management-builder.ts:106,199,no,,,candidate,,
api-ts-local-6d3c0320,api,2,ts-local,versao,,apps/api/src/controllers/management-builder.ts:90,199,no,,,candidate,,
api-ts-local-2587ef90,api,2,ts-local,versao,,apps/api/src/domain/management/pfx.ts:304,199,no,,,candidate,,
api-ts-local-f98230d2,api,2,ts-local,versao,,apps/api/src/domain/whatsapp/cliente-graph.ts:186,199,no,,,candidate,,
api-ts-local-9b76faed,api,2,ts-local,versao,,apps/api/src/domain/whatsapp/cliente-graph.ts:280,199,no,,,candidate,,
api-ts-local-72482897,api,2,ts-local,versao,,apps/api/src/domain/whatsapp/cliente-graph.ts:91,199,no,,,candidate,,
api-ts-local-01df90f8,api,2,ts-local,versao,,apps/api/tests/builder-by-flow.test.ts:140,199,no,,,candidate,,
api-ts-local-ea96ed6c,api,2,ts-local,versao,,apps/api/tests/builder-by-flow.test.ts:142,199,no,,,candidate,,
api-ts-local-652b2c4b,api,2,ts-local,versaoId,,apps/api/src/domain/management/builder-of-flow.ts:105,58,no,,,candidate,,
api-ts-local-9c87dd61,api,2,ts-local,versaoId,,apps/api/src/domain/management/builder-of-flow.ts:183,58,no,,,candidate,,
api-ts-local-5fccb304,api,2,ts-local,versaoId,,apps/api/src/domain/management/builder-of-flow.ts:424,58,no,,,candidate,,
api-ts-local-d2caa3e0,api,2,ts-local,versaoId,,apps/api/tests/jsonb-compat.test.ts:101,58,no,,,candidate,,
api-ts-local-09302a50,api,2,ts-local,versaoId,,apps/api/tests/jsonb-compat.test.ts:185,58,no,,,candidate,,
api-ts-local-d3acaf76,api,2,ts-local,versaoRows,,apps/api/tests/gerar-fixtures-jsonb.helper.ts:72,2,no,,,candidate,,
api-ts-prop-29f4fd35,api,2,ts-prop,abertoAgora,,apps/api/src/domain/management/registrations.ts:265,3,no,,,candidate,,
api-ts-prop-f285f7a9,api,2,ts-prop,aceito_em,,apps/api/src/domain/convites.ts:225,10,no,,,candidate,,
api-ts-prop-027c9000,api,2,ts-prop,aceito_em,,apps/api/src/domain/convites.ts:298,10,no,,,candidate,,
api-ts-prop-1272a419,api,2,ts-prop,agora,,apps/api/src/domain/management/monitoring.ts:148,466,no,,,candidate,,
api-ts-prop-3d4d3935,api,2,ts-prop,agora,,apps/api/src/domain/management/registrations.ts:276,466,no,,,candidate,,
api-ts-prop-b1caebf3,api,2,ts-prop,aguardandoAtendente,,apps/api/src/domain/management/monitoring.ts:76,4,no,,,candidate,,
api-ts-prop-722ddb72,api,2,ts-prop,alertado_em,,apps/api/tests/sla-motor.test.ts:109,4,no,,,candidate,,
api-ts-prop-e2bebdc6,api,2,ts-prop,alvos,,apps/api/src/controllers/management-account.ts:101,27,no,,,candidate,,
api-ts-prop-81f73a10,api,2,ts-prop,alvos,,apps/api/src/controllers/management-account.ts:131,27,no,,,candidate,,
api-ts-prop-30d50fa4,api,2,ts-prop,antes,,apps/api/tests/channel-of-flow.test.ts:156,865,no,,,candidate,,
api-ts-prop-9bee4f27,api,2,ts-prop,antes,,apps/api/tests/configuration-of-flow.test.ts:100,865,no,,,candidate,,
api-ts-prop-872ab447,api,2,ts-prop,antes,,apps/api/tests/contacts-editar.test.ts:114,865,no,,,candidate,,
api-ts-prop-596f7866,api,2,ts-prop,antes,,apps/api/tests/cycle-of-lifetime-of-flow.test.ts:125,865,no,,,candidate,,
api-ts-prop-d31b875c,api,2,ts-prop,antes,,apps/api/tests/etiquetas.test.ts:129,865,no,,,candidate,,
api-ts-prop-edf96a47,api,2,ts-prop,antes,,apps/api/tests/gerar-fixtures-jsonb.helper.ts:309,865,no,,,candidate,,
api-ts-prop-f3b421b0,api,2,ts-prop,antes,,apps/api/tests/palavras-proibidas.test.ts:173,865,no,,,candidate,,
api-ts-prop-d9b3b16c,api,2,ts-prop,antes,,apps/api/tests/registrations-attendance.test.ts:135,865,no,,,candidate,,
api-ts-prop-1206b6f6,api,2,ts-prop,antes,,apps/api/tests/team-of-flow.test.ts:155,865,no,,,candidate,,
api-ts-prop-6af16673,api,2,ts-prop,aprovado,,apps/api/src/domain/management/communication.ts:40,251,no,,,candidate,,
api-ts-prop-0ce474fc,api,2,ts-prop,arquivo,,apps/api/src/domain/import-of-contacts.ts:30,487,no,,,candidate,,
api-ts-prop-99abb701,api,2,ts-prop,atendente_id,,apps/api/src/controllers/conversations.ts:42,67,no,,,candidate,,
api-ts-prop-39b2b7cb,api,2,ts-prop,atendente_id,,apps/api/tests/flow.test.ts:81,67,no,,,candidate,,
api-ts-prop-fc12abc0,api,2,ts-prop,atendente_id,,apps/api/tests/queue-entry.test.ts:174,67,no,,,candidate,,
api-ts-prop-8c5e7243,api,2,ts-prop,atendente_id,,apps/api/tests/queue-entry.test.ts:84,67,no,,,candidate,,
api-ts-prop-7bea1091,api,2,ts-prop,atendentesOnline,,apps/api/src/domain/management/monitoring.ts:132,3,no,,,candidate,,
api-ts-prop-0b4f46f8,api,2,ts-prop,ativa,,apps/api/src/domain/management/communication.ts:193,249,no,,,candidate,,
api-ts-prop-b9f61b24,api,2,ts-prop,ativa,,apps/api/src/domain/management/communication.ts:78,249,no,,,candidate,,
api-ts-prop-6dba28cb,api,2,ts-prop,ativa,,apps/api/src/domain/management/registrations.ts:1155,249,no,,,candidate,,
api-ts-prop-644f8162,api,2,ts-prop,ativa,,apps/api/src/domain/management/registrations.ts:1165,249,no,,,candidate,,
api-ts-prop-51025a1b,api,2,ts-prop,ativa,,apps/api/src/domain/management/registrations.ts:687,249,no,,,candidate,,
api-ts-prop-8365274f,api,2,ts-prop,ativa,,apps/api/src/domain/management/registrations.ts:88,249,no,,,candidate,,
api-ts-prop-97cb1094,api,2,ts-prop,ativa,,apps/api/src/domain/management/registrations.ts:900,249,no,,,candidate,,
api-ts-prop-299902cc,api,2,ts-prop,ativa,,apps/api/src/domain/management/regras-sla.ts:40,249,no,,,candidate,,
api-ts-prop-f8bf672d,api,2,ts-prop,ativa,,apps/api/src/domain/management/regras-sla.ts:51,249,no,,,candidate,,
api-ts-prop-cc0711c6,api,2,ts-prop,ativa,,apps/api/src/domain/management/rules-priority.ts:147,249,no,,,candidate,,
api-ts-prop-700f00b7,api,2,ts-prop,ativa,,apps/api/src/domain/management/rules-priority.ts:60,249,no,,,candidate,,
api-ts-prop-70870116,api,2,ts-prop,ativa,,apps/api/src/domain/management/rules-priority.ts:69,249,no,,,candidate,,
api-ts-prop-a42d0fce,api,2,ts-prop,ativa,,apps/api/src/domain/management/rules-priority.ts:78,249,no,,,candidate,,
api-ts-prop-01e0b671,api,2,ts-prop,ativa,,apps/api/src/domain/management/settings.ts:399,249,no,,,candidate,,
api-ts-prop-e31481d4,api,2,ts-prop,ativa,,apps/api/src/domain/management/settings.ts:48,249,no,,,candidate,,
api-ts-prop-397eb329,api,2,ts-prop,ativa,,apps/api/src/domain/management/settings.ts:57,249,no,,,candidate,,
api-ts-prop-9c95caac,api,2,ts-prop,ativada_em,,apps/api/src/domain/sso.ts:50,5,no,,,candidate,,
api-ts-prop-583ee18b,api,2,ts-prop,ativadaEm,,apps/api/src/domain/sso.ts:33,4,no,,,candidate,,
api-ts-prop-5a3c9bac,api,2,ts-prop,ativas,,apps/api/src/controllers/catalogo.ts:399,132,no,,,candidate,,
api-ts-prop-ef2d9674,api,2,ts-prop,ativas,,apps/api/src/domain/distribution.ts:16,132,no,,,candidate,,
api-ts-prop-e216d986,api,2,ts-prop,ativas,,apps/api/src/domain/management/deployment.ts:69,132,no,,,candidate,,
api-ts-prop-23b58399,api,2,ts-prop,ativas,,apps/api/src/domain/management/monitoring.ts:116,132,no,,,candidate,,
api-ts-prop-f59a4937,api,2,ts-prop,ativo,,apps/api/src/database.ts:64,338,no,,,candidate,,
api-ts-prop-c8ba4ecd,api,2,ts-prop,ativo,,apps/api/src/database.ts:97,338,no,,,candidate,,
api-ts-prop-b91408c4,api,2,ts-prop,ativo,,apps/api/src/domain/channels.ts:39,338,no,,,candidate,,
api-ts-prop-73264477,api,2,ts-prop,ativo,,apps/api/src/domain/management/channel-of-flow.ts:66,338,no,,,candidate,,
api-ts-prop-bc56d5a1,api,2,ts-prop,ativo,,apps/api/src/domain/whatsapp/channel.ts:41,338,no,,,candidate,,
api-ts-prop-20f106ab,api,2,ts-prop,ativo,,apps/api/tests/channel-of-flow.test.ts:321,338,no,,,candidate,,
api-ts-prop-6840c6fb,api,2,ts-prop,ativos,,apps/api/tests/analytics.test.ts:209,25,no,,,candidate,,
api-ts-prop-da6af6f9,api,2,ts-prop,atualizado_em,,apps/api/src/domain/flow.ts:861,112,no,,,candidate,,
api-ts-prop-f715d25c,api,2,ts-prop,atualizado_em,,apps/api/src/domain/import-of-contacts.ts:37,112,no,,,candidate,,
api-ts-prop-68f7abd1,api,2,ts-prop,atualizado_em,,apps/api/src/domain/management/builder-of-flow.ts:81,112,no,,,candidate,,
api-ts-prop-7a24a8e0,api,2,ts-prop,atualizado_em,,apps/api/tests/process-http-retomada.test.ts:120,112,no,,,candidate,,
api-ts-prop-151e04c1,api,2,ts-prop,atualizadoEm,,apps/api/src/domain/import-of-contacts.ts:24,55,no,,,candidate,,
api-ts-prop-a01cf31b,api,2,ts-prop,audiosSemMetadado,,apps/api/src/domain/management/effort.ts:43,8,no,,,candidate,,
api-ts-prop-0fd211af,api,2,ts-prop,autenticacao,,apps/api/src/domain/management/communication.ts:36,152,no,,,candidate,,
api-ts-prop-132dccaf,api,2,ts-prop,autenticacao,,apps/api/src/domain/management/integrations.ts:549,152,no,,,candidate,,
api-ts-prop-a1003240,api,2,ts-prop,autenticacao,,apps/api/src/domain/management/integrations.ts:634,152,no,,,candidate,,
api-ts-prop-3a5efd28,api,2,ts-prop,bloco_codigo,,apps/api/src/domain/flow.ts:758,4,no,,,candidate,,
api-ts-prop-1ea938da,api,2,ts-prop,bloco_id,,apps/api/tests/subflows.test.ts:200,11,no,,,candidate,,
api-ts-prop-14a1c576,api,2,ts-prop,bloco_versao_id,,apps/api/tests/builder-by-flow.test.ts:256,2,no,,,candidate,,
api-ts-prop-e2257834,api,2,ts-prop,blocos,,apps/api/tests/builder-by-flow.test.ts:216,240,no,,,candidate,,
api-ts-prop-9bd094e1,api,2,ts-prop,boasVindas,,apps/api/src/domain/management/configuration-of-flow.ts:19,4,unknown,,,candidate,,jsonb:flow.configuration
api-ts-prop-57231d15,api,2,ts-prop,bruto,,apps/api/src/domain/management/pfx.ts:28,276,no,,,candidate,,
api-ts-prop-836954b3,api,2,ts-prop,cabecalho_tipo,,apps/api/src/domain/envio.ts:82,26,no,,,candidate,,
api-ts-prop-ea5ac607,api,2,ts-prop,cabecalho_tipo,,apps/api/tests/channels.test.ts:609,26,no,,,candidate,,
api-ts-prop-ad58b62c,api,2,ts-prop,cabecalho_tipo,,apps/api/tests/channels.test.ts:747,26,no,,,candidate,,
api-ts-prop-926176d9,api,2,ts-prop,cabecalho_tipo,,apps/api/tests/channels.test.ts:772,26,no,,,candidate,,
api-ts-prop-6e4bba69,api,2,ts-prop,cabecalho_tipo,,apps/api/tests/channels.test.ts:861,26,no,,,candidate,,
api-ts-prop-380abe14,api,2,ts-prop,cabecalho,,apps/api/src/domain/management/quality-review.ts:245,133,no,,,candidate,,
api-ts-prop-6f7beeeb,api,2,ts-prop,cabecalho,,apps/api/src/domain/whatsapp/modelos.ts:231,133,no,,,candidate,,
api-ts-prop-11a265ce,api,2,ts-prop,cabecalhos,,apps/api/src/controllers/management-integrations.ts:54,103,no,,,candidate,,
api-ts-prop-6da3172d,api,2,ts-prop,cabecalhos,,apps/api/src/domain/management/integrations.ts:335,103,no,,,candidate,,
api-ts-prop-56754f90,api,2,ts-prop,cabecalhos,,apps/api/src/domain/management/integrations.ts:356,103,no,,,candidate,,
api-ts-prop-135c49dd,api,2,ts-prop,cabecalhos,,apps/api/src/domain/management/integrations.ts:551,103,no,,,candidate,,
api-ts-prop-47325c44,api,2,ts-prop,cabecalhos,,apps/api/src/domain/management/integrations.ts:635,103,no,,,candidate,,
api-ts-prop-c28a14cd,api,2,ts-prop,cabecalhos,,apps/api/src/webhooks-saida.ts:189,103,no,,,candidate,,
api-ts-prop-a927c6fd,api,2,ts-prop,campo,,apps/api/src/pagination.ts:56,819,no,,,candidate,,
api-ts-prop-83a32b38,api,2,ts-prop,campos,,apps/api/src/controllers/desk.ts:208,261,no,,,candidate,,
api-ts-prop-0572e982,api,2,ts-prop,campos,,apps/api/src/controllers/management-registrations.ts:569,261,no,,,candidate,,
api-ts-prop-a6ac6d00,api,2,ts-prop,campos,,apps/api/src/domain/dictionary-crm.ts:205,261,no,,,candidate,,
api-ts-prop-d4377c79,api,2,ts-prop,campos,,apps/api/src/domain/dictionary-crm.ts:206,261,no,,,candidate,,
api-ts-prop-c2daa102,api,2,ts-prop,campos,,apps/api/src/domain/dictionary-crm.ts:207,261,no,,,candidate,,
api-ts-prop-52cf509c,api,2,ts-prop,campos,,apps/api/src/domain/dictionary-crm.ts:361,261,no,,,candidate,,
api-ts-prop-359c48a8,api,2,ts-prop,campos,,apps/api/src/domain/whatsapp/cliente-graph.ts:469,261,no,,,candidate,,
api-ts-prop-7f01c773,api,2,ts-prop,campos,,apps/api/tests/dictionary-crm.test.ts:323,261,no,,,candidate,,
api-ts-prop-c938626f,api,2,ts-prop,campos,,apps/api/tests/dictionary-crm.test.ts:335,261,no,,,candidate,,
api-ts-prop-232d661e,api,2,ts-prop,campos,,apps/api/tests/dictionary-crm.test.ts:336,261,no,,,candidate,,
api-ts-prop-6443c38e,api,2,ts-prop,canal_id,,apps/api/src/controllers/channels.ts:72,78,no,,,candidate,,
api-ts-prop-78a27cde,api,2,ts-prop,capacidade_override,,apps/api/tests/registrations-attendance.test.ts:361,8,no,,,candidate,,
api-ts-prop-8633daa7,api,2,ts-prop,capacidade_override,,apps/api/tests/registrations-attendance.test.ts:374,8,no,,,candidate,,
api-ts-prop-c0a36247,api,2,ts-prop,cargaMaxima,,apps/api/src/domain/management/monitoring.ts:121,3,no,,,candidate,,
api-ts-prop-6663a4da,api,2,ts-prop,categoriaAnterior,,apps/api/src/domain/whatsapp/events-of-template.ts:73,2,no,,,candidate,,
api-ts-prop-f8603b20,api,2,ts-prop,categoria,,apps/api/src/domain/scheduling-commands.ts:455,281,no,,,candidate,,
api-ts-prop-789f46a5,api,2,ts-prop,categoria,,apps/api/tests/channels.test.ts:608,281,no,,,candidate,,
api-ts-prop-b1920ac9,api,2,ts-prop,categoriaCobranca,,apps/api/src/domain/envio.ts:49,11,no,,,candidate,,
api-ts-prop-cab25e2e,api,2,ts-prop,categoriaNova,,apps/api/src/domain/whatsapp/events-of-template.ts:74,2,no,,,candidate,,
api-ts-prop-cfa2fa60,api,2,ts-prop,charsDeRespostaPronta,,apps/api/src/domain/management/effort.ts:40,9,no,,,candidate,,
api-ts-prop-1ebe9cfa,api,2,ts-prop,charsEscritos,,apps/api/src/domain/management/effort.ts:35,9,no,,,candidate,,
api-ts-prop-1be06698,api,2,ts-prop,charsLidos,,apps/api/src/domain/management/effort.ts:36,9,no,,,candidate,,
api-ts-prop-094ee750,api,2,ts-prop,chave_storage,,apps/api/src/domain/attachment.ts:164,17,no,,,candidate,,
api-ts-prop-1a1f6e15,api,2,ts-prop,chave_storage,,apps/api/tests/attachments.test.ts:90,17,no,,,candidate,,
api-ts-prop-0ce6d838,api,2,ts-prop,chaves,,apps/api/src/domain/management/attendance.ts:105,189,no,,,candidate,,
api-ts-prop-a0e4fc7e,api,2,ts-prop,chaves,,apps/api/src/domain/management/pfx.ts:263,189,no,,,candidate,,
api-ts-prop-f0fe0a1d,api,2,ts-prop,cifrado,,apps/api/src/domain/management/flow-secrets.ts:194,37,no,,,candidate,,
api-ts-prop-c35fee0a,api,2,ts-prop,cifrado,,apps/api/tests/ajuda-pfx.ts:117,37,no,,,candidate,,
api-ts-prop-4b320c72,api,2,ts-prop,codigo,,apps/api/src/domain/scheduling-commands.ts:475,595,no,,,candidate,,
api-ts-prop-c6571cd9,api,2,ts-prop,codigo,,apps/api/src/errors.ts:9,595,no,,,candidate,,
api-ts-prop-56763a50,api,2,ts-prop,codigo,,apps/api/tests/flow.test.ts:175,595,no,,,candidate,,
api-ts-prop-6aa6b32b,api,2,ts-prop,codigo,,apps/api/tests/flow.test.ts:229,595,no,,,candidate,,
api-ts-prop-cb262f3f,api,2,ts-prop,codigo,,apps/api/tests/team-of-flow.test.ts:349,595,no,,,candidate,,
api-ts-prop-9cda915c,api,2,ts-prop,comCrm,,apps/api/src/domain/dictionary-crm.ts:398,4,no,,,candidate,,
api-ts-prop-a9a659d0,api,2,ts-prop,comecoInvalido,,apps/api/src/domain/management/regras-de-nome.ts:79,12,no,,,candidate,,
api-ts-prop-162514ef,api,2,ts-prop,comentario,,apps/api/tests/desk-write-commands.test.ts:233,29,no,,,candidate,,
api-ts-prop-ec30d5dd,api,2,ts-prop,comentario,,apps/api/tests/flow-actions.test.ts:343,29,no,,,candidate,,
api-ts-prop-ad2d3732,api,2,ts-prop,comentario,,apps/api/tests/satisfaction-survey.test.ts:117,29,no,,,candidate,,
api-ts-prop-9b4cff8d,api,2,ts-prop,comentarios,,apps/api/src/domain/management/satisfaction.ts:63,7,no,,,candidate,,
api-ts-prop-7906e30f,api,2,ts-prop,comentarioTexto,,apps/api/tests/satisfaction-survey.test.ts:117,1,no,,,candidate,,
api-ts-prop-5b2f9119,api,2,ts-prop,concedida,,apps/api/tests/permissions-of-agent.test.ts:139,15,no,,,candidate,,
api-ts-prop-727dfad9,api,2,ts-prop,concluida,,apps/api/src/domain/management/quality-review.ts:34,30,no,,,candidate,,
api-ts-prop-1865d81b,api,2,ts-prop,condicoes,,apps/api/src/domain/management/registrations.ts:891,29,no,,,candidate,,
api-ts-prop-31d1df6c,api,2,ts-prop,condicoes,,apps/api/src/domain/management/registrations.ts:901,29,no,,,candidate,,
api-ts-prop-ef39a157,api,2,ts-prop,contato_id,,apps/api/tests/messages-active.test.ts:166,124,no,,,candidate,,
api-ts-prop-abded57e,api,2,ts-prop,contato_id,,apps/api/tests/messages-active.test.ts:174,124,no,,,candidate,,
api-ts-prop-19e3325c,api,2,ts-prop,contato_nome,,apps/api/src/domain/desk/consultas.ts:419,6,no,,,candidate,,
api-ts-prop-156b161c,api,2,ts-prop,contato_nome,,apps/api/src/domain/desk/consultas.ts:61,6,no,,,candidate,,
api-ts-prop-c5f42bc8,api,2,ts-prop,contatoId,,apps/api/src/domain/message-active.ts:34,124,no,,,candidate,,
api-ts-prop-5ffa0550,api,2,ts-prop,contatoId,,apps/api/src/domain/message-active.ts:43,124,no,,,candidate,,
api-ts-prop-26e54b95,api,2,ts-prop,contatoId,,apps/api/tests/engine-contracts.test.ts:102,124,no,,,candidate,,
api-ts-prop-1137703b,api,2,ts-prop,contatoId,,apps/api/tests/engine-contracts.test.ts:103,124,no,,,candidate,,
api-ts-prop-ee28c253,api,2,ts-prop,conteudo,,apps/api/tests/channel-of-flow.test.ts:439,398,no,,,candidate,,
api-ts-prop-b9d932f4,api,2,ts-prop,conteudo,,apps/api/tests/desk-availability.test.ts:130,398,no,,,candidate,,
api-ts-prop-1f6467e0,api,2,ts-prop,conteudo,,apps/api/tests/engine-contracts.test.ts:113,398,no,,,candidate,,
api-ts-prop-314ea6d9,api,2,ts-prop,conteudo,,apps/api/tests/engine-contracts.test.ts:114,398,no,,,candidate,,
api-ts-prop-d8e9bcd8,api,2,ts-prop,conteudo,,apps/api/tests/flow-actions.test.ts:191,398,no,,,candidate,,
api-ts-prop-f4e08cce,api,2,ts-prop,conteudo,,apps/api/tests/flow-actions.test.ts:222,398,no,,,candidate,,
api-ts-prop-42092313,api,2,ts-prop,conteudo,,apps/api/tests/flow-actions.test.ts:230,398,no,,,candidate,,
api-ts-prop-f6045405,api,2,ts-prop,conteudo,,apps/api/tests/flow-actions.test.ts:241,398,no,,,candidate,,
api-ts-prop-0afbd618,api,2,ts-prop,conteudo,,apps/api/tests/flow-actions.test.ts:335,398,no,,,candidate,,
api-ts-prop-35e62ecd,api,2,ts-prop,conteudo,,apps/api/tests/flow-content.test.ts:99,398,no,,,candidate,,
api-ts-prop-04a04c3a,api,2,ts-prop,conteudo,,apps/api/tests/flow.test.ts:96,398,no,,,candidate,,
api-ts-prop-91953569,api,2,ts-prop,conteudo,,apps/api/tests/input-expiration.test.ts:124,398,no,,,candidate,,
api-ts-prop-e6141bd9,api,2,ts-prop,conteudo,,apps/api/tests/instagram.test.ts:242,398,no,,,candidate,,
api-ts-prop-9fc6036b,api,2,ts-prop,conteudo,,apps/api/tests/jsonb-compat.test.ts:304,398,no,,,candidate,,
api-ts-prop-5833b862,api,2,ts-prop,conteudo,,apps/api/tests/process-http-retomada.test.ts:137,398,no,,,candidate,,
api-ts-prop-c0ca7101,api,2,ts-prop,conteudo,,apps/api/tests/scheduling-commands.test.ts:83,398,no,,,candidate,,
api-ts-prop-4e21f031,api,2,ts-prop,conteudo,,apps/api/tests/scheduling-commands.test.ts:84,398,no,,,candidate,,
api-ts-prop-ad046959,api,2,ts-prop,conteudo,,apps/api/tests/subflows.test.ts:72,398,no,,,candidate,,
api-ts-prop-96fbb270,api,2,ts-prop,contexto,,apps/api/src/domain/flow.ts:256,248,no,,,candidate,,
api-ts-prop-090277c9,api,2,ts-prop,contexto,,apps/api/src/domain/flow.ts:66,248,no,,,candidate,,
api-ts-prop-1ccfd0a5,api,2,ts-prop,contexto,,apps/api/src/domain/flow.ts:759,248,no,,,candidate,,
api-ts-prop-e61470bb,api,2,ts-prop,contexto,,apps/api/tests/desk-availability.test.ts:133,248,no,,,candidate,,
api-ts-prop-c9181688,api,2,ts-prop,contexto,,apps/api/tests/desk-write-commands.test.ts:88,248,no,,,candidate,,
api-ts-prop-a1e82fb4,api,2,ts-prop,contexto,,apps/api/tests/engine-contracts.test.ts:163,248,no,,,candidate,,
api-ts-prop-7e242850,api,2,ts-prop,contexto,,apps/api/tests/flow.test.ts:176,248,no,,,candidate,,
api-ts-prop-bee26739,api,2,ts-prop,contexto,,apps/api/tests/flow.test.ts:228,248,no,,,candidate,,
api-ts-prop-d33e1f1e,api,2,ts-prop,contexto,,apps/api/tests/gerar-fixtures-jsonb.helper.ts:172,248,no,,,candidate,,
api-ts-prop-b746b35c,api,2,ts-prop,contexto,,apps/api/tests/gerar-fixtures-jsonb.helper.ts:238,248,no,,,candidate,,
api-ts-prop-f043abca,api,2,ts-prop,contexto,,apps/api/tests/subflows.test.ts:80,248,no,,,candidate,,
api-ts-prop-48e26ce8,api,2,ts-prop,contexto,,apps/api/tests/subflows.test.ts:81,248,no,,,candidate,,
api-ts-prop-daf4067c,api,2,ts-prop,conversa_id,,apps/api/tests/input-expiration.test.ts:106,154,no,,,candidate,,
api-ts-prop-b64c5e62,api,2,ts-prop,conversa_id,,apps/api/tests/instagram.test.ts:278,154,no,,,candidate,,
api-ts-prop-1eaf8879,api,2,ts-prop,conversa_id,,apps/api/tests/instagram.test.ts:280,154,no,,,candidate,,
api-ts-prop-3b6d34f4,api,2,ts-prop,conversa_id,,apps/api/tests/messages-active.test.ts:117,154,no,,,candidate,,
api-ts-prop-d973a6ea,api,2,ts-prop,conversa_id,,apps/api/tests/messages-active.test.ts:136,154,no,,,candidate,,
api-ts-prop-d764810d,api,2,ts-prop,conversa_id,,apps/api/tests/messages-active.test.ts:149,154,no,,,candidate,,
api-ts-prop-1f719b6f,api,2,ts-prop,conversa,,apps/api/tests/builder-test-run.test.ts:238,927,no,,,candidate,,
api-ts-prop-a7404f89,api,2,ts-prop,conversas_criadas,,apps/api/tests/ponta-a-ponta.test.ts:392,6,no,,,candidate,,
api-ts-prop-2a220860,api,2,ts-prop,convite,,apps/api/tests/convites.test.ts:404,247,no,,,candidate,,
api-ts-prop-e514f0d0,api,2,ts-prop,convites,,apps/api/src/domain/management/deployment.ts:64,86,no,,,candidate,,
api-ts-prop-e21d9b01,api,2,ts-prop,convites,,apps/api/src/domain/management/passos-of-deployment.ts:15,86,no,,,candidate,,
api-ts-prop-81147e99,api,2,ts-prop,corpoCru,,apps/api/src/controllers/webhooks-whatsapp.ts:9,5,no,,,candidate,,
api-ts-prop-bfbbacd6,api,2,ts-prop,corpoCru,,apps/api/src/servidor.ts:107,5,no,,,candidate,,
api-ts-prop-bca82bed,api,2,ts-prop,criadoPor,,apps/api/src/domain/convites.ts:172,3,no,,,candidate,,
api-ts-prop-9f2080e7,api,2,ts-prop,custoCentavos,,apps/api/src/domain/management-flow.ts:279,12,no,,,candidate,,
api-ts-prop-a4a26d33,api,2,ts-prop,dados,,apps/api/src/controllers/management-analytics.ts:77,401,no,,,candidate,,
api-ts-prop-56f5d347,api,2,ts-prop,dados,,apps/api/src/controllers/management-analytics.ts:81,401,no,,,candidate,,
api-ts-prop-3b057285,api,2,ts-prop,dados,,apps/api/src/domain/flow.ts:1164,401,no,,,candidate,,
api-ts-prop-b78bfd85,api,2,ts-prop,dados,,apps/api/tests/analytics.test.ts:209,401,no,,,candidate,,
api-ts-prop-cfb03d90,api,2,ts-prop,dados,,apps/api/tests/engine-contracts.test.ts:113,401,no,,,candidate,,
api-ts-prop-839ac2ce,api,2,ts-prop,dados,,apps/api/tests/engine-contracts.test.ts:114,401,no,,,candidate,,
api-ts-prop-3c29c8d6,api,2,ts-prop,dados,,apps/api/tests/flow-content.test.ts:99,401,no,,,candidate,,
api-ts-prop-eba79d85,api,2,ts-prop,dados,,apps/api/tests/flow.test.ts:145,401,no,,,candidate,,
api-ts-prop-913cde60,api,2,ts-prop,dados,,apps/api/tests/queue-entry.test.ts:97,401,no,,,candidate,,
api-ts-prop-0f079878,api,2,ts-prop,dados,,apps/api/tests/queue-entry.test.ts:98,401,no,,,candidate,,
api-ts-prop-6f94da31,api,2,ts-prop,depois,,apps/api/tests/channel-of-flow.test.ts:157,685,no,,,candidate,,
api-ts-prop-ae714a9e,api,2,ts-prop,depois,,apps/api/tests/configuration-of-flow.test.ts:101,685,no,,,candidate,,
api-ts-prop-4eddc5ed,api,2,ts-prop,depois,,apps/api/tests/contacts-editar.test.ts:114,685,no,,,candidate,,
api-ts-prop-53873903,api,2,ts-prop,depois,,apps/api/tests/contract.test.ts:453,685,no,,,candidate,,
api-ts-prop-12451909,api,2,ts-prop,depois,,apps/api/tests/cycle-of-lifetime-of-flow.test.ts:126,685,no,,,candidate,,
api-ts-prop-af1dcbd4,api,2,ts-prop,depois,,apps/api/tests/etiquetas.test.ts:129,685,no,,,candidate,,
api-ts-prop-3ffbbca9,api,2,ts-prop,depois,,apps/api/tests/flow-secrets.test.ts:154,685,no,,,candidate,,
api-ts-prop-e25af6a6,api,2,ts-prop,depois,,apps/api/tests/gerar-fixtures-jsonb.helper.ts:310,685,no,,,candidate,,
api-ts-prop-c6dd52c7,api,2,ts-prop,depois,,apps/api/tests/monitoring-conversations.test.ts:141,685,no,,,candidate,,
api-ts-prop-eee4d24d,api,2,ts-prop,depois,,apps/api/tests/monitoring-conversations.test.ts:157,685,no,,,candidate,,
api-ts-prop-4dce25f4,api,2,ts-prop,depois,,apps/api/tests/palavras-proibidas.test.ts:174,685,no,,,candidate,,
api-ts-prop-68de1548,api,2,ts-prop,depois,,apps/api/tests/permissions-of-agent.test.ts:316,685,no,,,candidate,,
api-ts-prop-98085065,api,2,ts-prop,depois,,apps/api/tests/registrations-attendance.test.ts:136,685,no,,,candidate,,
api-ts-prop-96617c0b,api,2,ts-prop,depois,,apps/api/tests/router.test.ts:291,685,no,,,candidate,,
api-ts-prop-ca7373da,api,2,ts-prop,depois,,apps/api/tests/sso.test.ts:185,685,no,,,candidate,,
api-ts-prop-442a27d3,api,2,ts-prop,depois,,apps/api/tests/team-of-flow.test.ts:156,685,no,,,candidate,,
api-ts-prop-3b90be4f,api,2,ts-prop,desde,,apps/api/src/domain/management/registrations.ts:176,131,no,,,candidate,,
api-ts-prop-54fdf4f0,api,2,ts-prop,desenho,,apps/api/src/domain/management/builder-of-flow.ts:311,188,no,,,candidate,,
api-ts-prop-c22f24dd,api,2,ts-prop,destinos,,apps/api/src/domain/message-active.ts:55,26,no,,,candidate,,
api-ts-prop-0fa207fb,api,2,ts-prop,diaSemana,,apps/api/src/domain/queue-entry.ts:173,26,no,,,candidate,,
api-ts-prop-a635e998,api,2,ts-prop,direcao,,apps/api/tests/instagram.test.ts:242,65,no,,,candidate,,
api-ts-prop-254bffc0,api,2,ts-prop,documento,,apps/api/src/domain/management/communication.ts:54,231,no,,,candidate,,
api-ts-prop-cd216e48,api,2,ts-prop,dosPapeis,,apps/api/src/domain/management/permissions-of-agent.ts:39,10,no,,,candidate,,
api-ts-prop-590a133e,api,2,ts-prop,dosPapeis,,apps/api/tests/permissions-of-agent.test.ts:110,10,no,,,candidate,,
api-ts-prop-b9415290,api,2,ts-prop,download_tentativas,,apps/api/src/domain/media.ts:57,8,no,,,candidate,,
api-ts-prop-fe7f867b,api,2,ts-prop,download_tentativas,,apps/api/tests/media-received.test.ts:99,8,no,,,candidate,,
api-ts-prop-9cbaea11,api,2,ts-prop,em_espera_desde,,apps/api/src/domain/conversation.ts:21,16,no,,,candidate,,
api-ts-prop-1ea87e71,api,2,ts-prop,em_espera_desde,,apps/api/src/domain/desk/consultas.ts:127,16,no,,,candidate,,
api-ts-prop-2a28e1ec,api,2,ts-prop,em_espera_desde,,apps/api/src/domain/desk/consultas.ts:60,16,no,,,candidate,,
api-ts-prop-1d581c96,api,2,ts-prop,emAtendimento,,apps/api/src/domain/management/monitoring.ts:130,3,no,,,candidate,,
api-ts-prop-616285ba,api,2,ts-prop,emissor,,apps/api/src/domain/management/pfx.ts:16,63,no,,,candidate,,
api-ts-prop-9ab9fc33,api,2,ts-prop,emissor,,apps/api/src/domain/sso.ts:44,63,no,,,candidate,,
api-ts-prop-edd74b57,api,2,ts-prop,encerradas,,apps/api/src/domain/management/satisfaction.ts:61,36,no,,,candidate,,
api-ts-prop-8e6c19f1,api,2,ts-prop,encerramento,,apps/api/src/domain/management/pesquisa.ts:34,112,no,,,candidate,,
api-ts-prop-21301d00,api,2,ts-prop,enfileirado,,apps/api/src/controllers/crm.ts:50,2,no,,,candidate,,
api-ts-prop-c2a3df7e,api,2,ts-prop,entrada_expira_bloco,,apps/api/tests/input-expiration.test.ts:109,12,no,,,candidate,,
api-ts-prop-f9864679,api,2,ts-prop,entrada_expira_em,,apps/api/tests/input-expiration.test.ts:108,16,no,,,candidate,,
api-ts-prop-144e00da,api,2,ts-prop,entrada,,apps/api/src/domain/flow.ts:759,534,no,,,candidate,,
api-ts-prop-12288bfe,api,2,ts-prop,entrada,,apps/api/tests/gerar-fixtures-jsonb.helper.ts:171,534,no,,,candidate,,
api-ts-prop-0637ecb1,api,2,ts-prop,entrada,,apps/api/tests/input-expiration.test.ts:165,534,no,,,candidate,,
api-ts-prop-46c629f8,api,2,ts-prop,entrada,,apps/api/tests/process-http-retomada.test.ts:118,534,no,,,candidate,,
api-ts-prop-8bc4b094,api,2,ts-prop,entrouNaFila,,apps/api/tests/desk-availability.test.ts:119,2,no,,,candidate,,
api-ts-prop-e74dc223,api,2,ts-prop,enviada,,apps/api/src/domain/message-active.ts:44,87,no,,,candidate,,
api-ts-prop-cb7ea072,api,2,ts-prop,enviada,,apps/api/tests/messages-active.test.ts:212,87,no,,,candidate,,
api-ts-prop-8bfc17b1,api,2,ts-prop,enviada,,apps/api/tests/messages-active.test.ts:226,87,no,,,candidate,,
api-ts-prop-ae8fbf1b,api,2,ts-prop,enviada,,apps/api/tests/messages-active.test.ts:237,87,no,,,candidate,,
api-ts-prop-501ff5b8,api,2,ts-prop,enviada,,apps/api/tests/messages-active.test.ts:98,87,no,,,candidate,,
api-ts-prop-31374583,api,2,ts-prop,escopos,,apps/api/src/authentication.ts:36,45,no,,,candidate,,
api-ts-prop-65d95027,api,2,ts-prop,escopos,,apps/api/src/authentication.ts:96,45,no,,,candidate,,
api-ts-prop-2f1357e4,api,2,ts-prop,escopos,,apps/api/src/domain/management/integrations.ts:68,45,no,,,candidate,,
api-ts-prop-49e64f80,api,2,ts-prop,estado_entrega,,apps/api/tests/flow.test.ts:130,42,no,,,candidate,,
api-ts-prop-9dd65171,api,2,ts-prop,estado_entrega,,apps/api/tests/messages-active.test.ts:314,42,no,,,candidate,,
api-ts-prop-90506f53,api,2,ts-prop,estado,,apps/api/src/domain/desk-write-commands.ts:72,836,no,,,candidate,,
api-ts-prop-1f0e7f5c,api,2,ts-prop,estado,,apps/api/src/domain/flow.ts:330,836,no,,,candidate,,
api-ts-prop-210fd8e4,api,2,ts-prop,estado,,apps/api/src/domain/import-of-contacts.ts:17,836,no,,,candidate,,
api-ts-prop-a06206bd,api,2,ts-prop,estado,,apps/api/src/domain/import-of-contacts.ts:31,836,no,,,candidate,,
api-ts-prop-44df3170,api,2,ts-prop,estado,,apps/api/src/domain/management/builder-test-run.ts:40,836,no,,,candidate,,
api-ts-prop-de93eb30,api,2,ts-prop,estado,,apps/api/src/domain/sso.ts:47,836,no,,,candidate,,
api-ts-prop-13dfeddf,api,2,ts-prop,estado,,apps/api/tests/builder-by-flow.test.ts:216,836,no,,,candidate,,
api-ts-prop-bc9a12a3,api,2,ts-prop,estado,,apps/api/tests/builder-by-flow.test.ts:256,836,no,,,candidate,,
api-ts-prop-85131031,api,2,ts-prop,estado,,apps/api/tests/builder-by-flow.test.ts:517,836,no,,,candidate,,
api-ts-prop-c6713ed0,api,2,ts-prop,estado,,apps/api/tests/builder-by-flow.test.ts:570,836,no,,,candidate,,
api-ts-prop-c82b684a,api,2,ts-prop,estado,,apps/api/tests/cycle-of-lifetime-of-flow.test.ts:107,836,no,,,candidate,,
api-ts-prop-0e6bbd17,api,2,ts-prop,estado,,apps/api/tests/desk-availability.test.ts:119,836,no,,,candidate,,
api-ts-prop-ee9dedb9,api,2,ts-prop,estado,,apps/api/tests/desk-availability.test.ts:122,836,no,,,candidate,,
api-ts-prop-1945394c,api,2,ts-prop,estado,,apps/api/tests/desk-write-commands.test.ts:233,836,no,,,candidate,,
api-ts-prop-1ae81bc0,api,2,ts-prop,estado,,apps/api/tests/desk-write-commands.test.ts:76,836,no,,,candidate,,
api-ts-prop-c2e87506,api,2,ts-prop,estado,,apps/api/tests/engine-contracts.test.ts:180,836,no,,,candidate,,
api-ts-prop-842f8b28,api,2,ts-prop,estado,,apps/api/tests/flow-actions.test.ts:166,836,no,,,candidate,,
api-ts-prop-40495591,api,2,ts-prop,estado,,apps/api/tests/flow-actions.test.ts:195,836,no,,,candidate,,
api-ts-prop-80fed401,api,2,ts-prop,estado,,apps/api/tests/flow-actions.test.ts:272,836,no,,,candidate,,
api-ts-prop-92f579bf,api,2,ts-prop,estado,,apps/api/tests/flow-actions.test.ts:273,836,no,,,candidate,,
api-ts-prop-3050b424,api,2,ts-prop,estado,,apps/api/tests/flow-actions.test.ts:295,836,no,,,candidate,,
api-ts-prop-198770c3,api,2,ts-prop,estado,,apps/api/tests/flow-content.test.ts:189,836,no,,,candidate,,
api-ts-prop-0d8f5457,api,2,ts-prop,estado,,apps/api/tests/flow.test.ts:174,836,no,,,candidate,,
api-ts-prop-f241a3c4,api,2,ts-prop,estado,,apps/api/tests/flow.test.ts:277,836,no,,,candidate,,
api-ts-prop-e2c172aa,api,2,ts-prop,estado,,apps/api/tests/flow.test.ts:81,836,no,,,candidate,,
api-ts-prop-9bcf839c,api,2,ts-prop,estado,,apps/api/tests/input-expiration.test.ts:107,836,no,,,candidate,,
api-ts-prop-5a5d5a5c,api,2,ts-prop,estado,,apps/api/tests/process-http-retomada.test.ts:117,836,no,,,candidate,,
api-ts-prop-5ad648e0,api,2,ts-prop,estado,,apps/api/tests/queue-entry.test.ts:84,836,no,,,candidate,,
api-ts-prop-af2a8873,api,2,ts-prop,estado,,apps/api/tests/satisfaction-survey.test.ts:117,836,no,,,candidate,,
api-ts-prop-ee7f69f1,api,2,ts-prop,estado,,apps/api/tests/subflows.test.ts:80,836,no,,,candidate,,
api-ts-prop-061a848c,api,2,ts-prop,estado,,apps/api/tests/subflows.test.ts:81,836,no,,,candidate,,
api-ts-prop-ca67ec9f,api,2,ts-prop,estadoEntrega,,apps/api/src/domain/envio.ts:47,2,no,,,candidate,,
api-ts-prop-cab1a806,api,2,ts-prop,estadoFinalId,,apps/api/tests/jsonb-compat.test.ts:178,2,no,,,candidate,,
api-ts-prop-15aa3699,api,2,ts-prop,estourado_em,,apps/api/tests/sla-motor.test.ts:110,4,no,,,candidate,,
api-ts-prop-5ca291e2,api,2,ts-prop,etiqueta_id,,apps/api/src/controllers/etiquetas.ts:23,46,no,,,candidate,,
api-ts-prop-ae6ad60d,api,2,ts-prop,etiqueta_id,,apps/api/tests/etiquetas.test.ts:122,46,no,,,candidate,,
api-ts-prop-65d0185f,api,2,ts-prop,etiquetaId,,apps/api/src/domain/etiquetas.ts:113,53,no,,,candidate,,
api-ts-prop-9aa120fa,api,2,ts-prop,etiquetaIds,,apps/api/src/domain/conversation.ts:155,7,no,,,candidate,,
api-ts-prop-106dde41,api,2,ts-prop,etiquetas,,apps/api/src/controllers/etiquetas.ts:42,182,no,,,candidate,,
api-ts-prop-d47b12a8,api,2,ts-prop,etiquetas,,apps/api/src/controllers/etiquetas.ts:97,182,no,,,candidate,,
api-ts-prop-a5bc2ab4,api,2,ts-prop,etiquetas,,apps/api/src/domain/management/builder-test-run.ts:43,182,no,,,candidate,,
api-ts-prop-6da47a35,api,2,ts-prop,etiquetas,,apps/api/src/domain/management/settings.ts:140,182,no,,,candidate,,
api-ts-prop-8af034e3,api,2,ts-prop,etiquetas,,apps/api/src/domain/management/settings.ts:266,182,no,,,candidate,,
api-ts-prop-843bce0d,api,2,ts-prop,eventos,,apps/api/src/controllers/management-integrations.ts:51,232,no,,,candidate,,
api-ts-prop-e01484e5,api,2,ts-prop,eventos,,apps/api/src/domain/management/attendance.ts:106,232,no,,,candidate,,
api-ts-prop-dfd18e26,api,2,ts-prop,eventos,,apps/api/src/domain/management/integrations.ts:331,232,no,,,candidate,,
api-ts-prop-5fdfbf9f,api,2,ts-prop,eventos,,apps/api/src/domain/management/integrations.ts:348,232,no,,,candidate,,
api-ts-prop-e4a6ec01,api,2,ts-prop,eventos,,apps/api/src/domain/management/integrations.ts:547,232,no,,,candidate,,
api-ts-prop-b44940f1,api,2,ts-prop,eventos,,apps/api/src/domain/management/integrations.ts:631,232,no,,,candidate,,
api-ts-prop-0484432e,api,2,ts-prop,eventos,,apps/api/src/domain/management/monitoring.ts:282,232,no,,,candidate,,
api-ts-prop-7de465f3,api,2,ts-prop,eventos,,apps/api/tests/integrations.test.ts:372,232,no,,,candidate,,
api-ts-prop-237cdf36,api,2,ts-prop,execucao_fluxo,,apps/api/tests/builder-test-run.test.ts:239,82,no,,,candidate,,
api-ts-prop-4b1b761a,api,2,ts-prop,exemplo,,apps/api/src/domain/whatsapp/modelos.ts:288,69,no,,,candidate,,
api-ts-prop-5db2617e,api,2,ts-prop,exemploDoCabecalho,,apps/api/src/domain/whatsapp/modelos.ts:241,8,no,,,candidate,,
api-ts-prop-bb99c53b,api,2,ts-prop,exigirAtribuicao,,apps/api/src/domain/envio.ts:42,3,no,,,candidate,,
api-ts-prop-547a8e2f,api,2,ts-prop,existe,,apps/api/src/domain/builder-of-account.ts:106,582,no,,,candidate,,
api-ts-prop-1870e49d,api,2,ts-prop,existe,,apps/api/src/domain/builder-of-account.ts:132,582,no,,,candidate,,
api-ts-prop-d6e3eac4,api,2,ts-prop,existe,,apps/api/src/domain/inbound.ts:222,582,no,,,candidate,,
api-ts-prop-40126df2,api,2,ts-prop,expiracao_min,,apps/api/src/domain/router.ts:27,4,no,,,candidate,,
api-ts-prop-37e43504,api,2,ts-prop,expirada,,apps/api/src/authentication.ts:97,3,no,,,candidate,,
api-ts-prop-da42f249,api,2,ts-prop,expirado,,apps/api/src/domain/management/certificados.ts:118,20,no,,,candidate,,
api-ts-prop-ecbe5cf2,api,2,ts-prop,expirado,,apps/api/src/domain/management/certificados.ts:122,20,no,,,candidate,,
api-ts-prop-ae2746ba,api,2,ts-prop,expirado,,apps/api/src/domain/management/certificados.ts:199,20,no,,,candidate,,
api-ts-prop-a83ac2de,api,2,ts-prop,faixas,,apps/api/src/domain/management/pesquisa.ts:12,61,no,,,candidate,,
api-ts-prop-ffb92dcf,api,2,ts-prop,faixas,,apps/api/src/domain/management/registrations.ts:261,61,no,,,candidate,,
api-ts-prop-0aaf86e5,api,2,ts-prop,faixasDeFuncionarios,,apps/api/src/controllers/my-account.ts:68,3,no,,,candidate,,
api-ts-prop-5ebab7e9,api,2,ts-prop,falhas_csv,,apps/api/src/domain/import-of-contacts.ts:134,4,no,,,candidate,,
api-ts-prop-030f9661,api,2,ts-prop,fechado,,apps/api/src/domain/queue-entry.ts:177,116,no,,,candidate,,
api-ts-prop-5a782689,api,2,ts-prop,fila_id,,apps/api/src/domain/flow.ts:330,103,no,,,candidate,,
api-ts-prop-5b24c7f6,api,2,ts-prop,fila_id,,apps/api/tests/desk-availability.test.ts:119,103,no,,,candidate,,
api-ts-prop-3ccfe456,api,2,ts-prop,fila_id,,apps/api/tests/desk-availability.test.ts:122,103,no,,,candidate,,
api-ts-prop-4d367e0a,api,2,ts-prop,fila_id,,apps/api/tests/desk-write-commands.test.ts:76,103,no,,,candidate,,
api-ts-prop-10a11e33,api,2,ts-prop,fila_id,,apps/api/tests/flow-actions.test.ts:199,103,no,,,candidate,,
api-ts-prop-83e32af8,api,2,ts-prop,fila_id,,apps/api/tests/flow-actions.test.ts:272,103,no,,,candidate,,
api-ts-prop-0d4d2214,api,2,ts-prop,fila_id,,apps/api/tests/flow-actions.test.ts:273,103,no,,,candidate,,
api-ts-prop-92d28d4c,api,2,ts-prop,fila_id,,apps/api/tests/flow-content.test.ts:195,103,no,,,candidate,,
api-ts-prop-d6179abb,api,2,ts-prop,fila_id,,apps/api/tests/flow.test.ts:81,103,no,,,candidate,,
api-ts-prop-05635138,api,2,ts-prop,fila_id,,apps/api/tests/queue-entry.test.ts:174,103,no,,,candidate,,
api-ts-prop-bccb96a3,api,2,ts-prop,fila_id,,apps/api/tests/queue-entry.test.ts:84,103,no,,,candidate,,
api-ts-prop-5740028c,api,2,ts-prop,fila_id,,apps/api/tests/queue-entry.test.ts:97,103,no,,,candidate,,
api-ts-prop-3ff00f76,api,2,ts-prop,fila_id,,apps/api/tests/queue-entry.test.ts:98,103,no,,,candidate,,
api-ts-prop-85152900,api,2,ts-prop,fila_nome,,apps/api/src/domain/desk/consultas.ts:372,7,no,,,candidate,,
api-ts-prop-1a0c8682,api,2,ts-prop,fila_nome,,apps/api/src/domain/desk/consultas.ts:416,7,no,,,candidate,,
api-ts-prop-022236c4,api,2,ts-prop,fila_nome,,apps/api/src/domain/desk/consultas.ts:63,7,no,,,candidate,,
api-ts-prop-fcafe07c,api,2,ts-prop,fila,,apps/api/tests/engine-contracts.test.ts:180,878,no,,,candidate,,
api-ts-prop-72cd646c,api,2,ts-prop,filaId,,apps/api/src/domain/management/builder-test-run.ts:42,49,no,,,candidate,,
api-ts-prop-b8d908e8,api,2,ts-prop,finalizadas,,apps/api/src/domain/management/monitoring.ts:143,3,no,,,candidate,,
api-ts-prop-12a9239c,api,2,ts-prop,fluxo_id,,apps/api/src/authentication.ts:94,95,no,,,candidate,,
api-ts-prop-4d21fcfd,api,2,ts-prop,fluxo_id,,apps/api/src/controllers/channels.ts:74,95,no,,,candidate,,
api-ts-prop-55ad74cd,api,2,ts-prop,fluxo_versao_id,,apps/api/tests/builder-by-flow.test.ts:256,9,no,,,candidate,,
api-ts-prop-0ae9531a,api,2,ts-prop,formatos,,apps/api/src/domain/whatsapp/modelos.ts:57,27,no,,,candidate,,
api-ts-prop-f21fd83c,api,2,ts-prop,foto,,apps/api/src/domain/whatsapp/perfil.ts:51,88,no,,,candidate,,
api-ts-prop-dd5d195b,api,2,ts-prop,fotoUrl,,apps/api/src/domain/whatsapp/perfil.ts:33,8,no,,,candidate,,
api-ts-prop-b46397f5,api,2,ts-prop,fusos,,apps/api/src/controllers/my-account.ts:70,7,no,,,candidate,,
api-ts-prop-4d655b3a,api,2,ts-prop,geral,,apps/api/src/domain/management/attendance.ts:61,72,no,,,candidate,,
api-ts-prop-24bf48e3,api,2,ts-prop,horarioNome,,apps/api/src/domain/management/registrations.ts:90,5,no,,,candidate,,
api-ts-prop-601826b7,api,2,ts-prop,horarios,,apps/api/src/domain/management/registrations.ts:101,28,no,,,candidate,,
api-ts-prop-fad12cf9,api,2,ts-prop,horarios,,apps/api/src/domain/management/registrations.ts:273,28,no,,,candidate,,
api-ts-prop-b2381c77,api,2,ts-prop,id_provedor,,apps/api/tests/messenger.test.ts:126,97,no,,,candidate,,
api-ts-prop-e7fd7518,api,2,ts-prop,id_provedor,,apps/api/tests/process-http-retomada.test.ts:118,97,no,,,candidate,,
api-ts-prop-582cb22a,api,2,ts-prop,idioma,,apps/api/src/controllers/my-account.ts:64,139,no,,,candidate,,
api-ts-prop-9454136d,api,2,ts-prop,idioma,,apps/api/src/controllers/my-account.ts:85,139,no,,,candidate,,
api-ts-prop-d126edba,api,2,ts-prop,idioma,,apps/api/src/domain/management-flow.ts:285,139,no,,,candidate,,
api-ts-prop-59a27e8f,api,2,ts-prop,idioma,,apps/api/src/domain/management-flow.ts:401,139,no,,,candidate,,
api-ts-prop-4ba74910,api,2,ts-prop,idioma,,apps/api/src/domain/management/communication.ts:105,139,no,,,candidate,,
api-ts-prop-370f268a,api,2,ts-prop,idioma,,apps/api/src/domain/management/settings.ts:239,139,no,,,candidate,,
api-ts-prop-0643dd15,api,2,ts-prop,idioma,,apps/api/src/domain/management/settings.ts:352,139,no,,,candidate,,
api-ts-prop-8cbca876,api,2,ts-prop,idioma,,apps/api/src/domain/whatsapp/events-of-template.ts:72,139,no,,,candidate,,
api-ts-prop-16b66270,api,2,ts-prop,idioma,,apps/api/src/domain/whatsapp/modelos.ts:103,139,no,,,candidate,,
api-ts-prop-e595c7a1,api,2,ts-prop,idioma,,apps/api/src/domain/whatsapp/modelos.ts:228,139,no,,,candidate,,
api-ts-prop-0bb5810c,api,2,ts-prop,idioma,,apps/api/tests/channels.test.ts:606,139,no,,,candidate,,
api-ts-prop-1474c7e3,api,2,ts-prop,idiomas,,apps/api/src/controllers/my-account.ts:69,9,no,,,candidate,,
api-ts-prop-9098d1d6,api,2,ts-prop,idProvedor,,apps/api/src/domain/flow.ts:170,57,no,,,candidate,,
api-ts-prop-a728c1aa,api,2,ts-prop,ignorados,,apps/api/src/domain/inbound.ts:92,13,no,,,candidate,,
api-ts-prop-ce5e3853,api,2,ts-prop,ignorados,,apps/api/src/domain/whatsapp/modelos.ts:149,13,no,,,candidate,,
api-ts-prop-41962f0b,api,2,ts-prop,imagem,,apps/api/src/controllers/management-flow.ts:147,235,no,,,candidate,,
api-ts-prop-f093ddc5,api,2,ts-prop,imagem,,apps/api/src/domain/management/communication.ts:52,235,no,,,candidate,,
api-ts-prop-668125ec,api,2,ts-prop,imagem,,apps/api/src/domain/management/cycle-of-lifetime-of-flow.ts:38,235,no,,,candidate,,
api-ts-prop-420676d2,api,2,ts-prop,intervalo,,apps/api/src/controllers/management-analytics.ts:64,73,no,,,candidate,,
api-ts-prop-18c2daed,api,2,ts-prop,intervalo,,apps/api/src/controllers/management-analytics.ts:72,73,no,,,candidate,,
api-ts-prop-27d9ed54,api,2,ts-prop,introspeccao,,apps/api/tests/dictionary-crm.test.ts:28,3,no,,,candidate,,
api-ts-prop-61fe45a4,api,2,ts-prop,invisivel,,apps/api/src/domain/management/monitoring.ts:99,26,no,,,candidate,,
api-ts-prop-deb8db25,api,2,ts-prop,itens,KEEP,apps/api/src/domain/management/configuration-of-flow.ts:20,0,unknown,,,candidate,,jsonb:flow.configuration
api-ts-prop-f0b86ffe,api,2,ts-prop,janela,,apps/api/src/controllers/management-operations.ts:65,141,no,,,candidate,,
api-ts-prop-4aa17028,api,2,ts-prop,janela,,apps/api/src/controllers/management-operations.ts:78,141,no,,,candidate,,
api-ts-prop-9207b4ef,api,2,ts-prop,justificativa,,apps/api/src/domain/management/quality-review.ts:230,47,no,,,candidate,,
api-ts-prop-73a52b11,api,2,ts-prop,key,KEEP,apps/api/src/webhooks-saida.ts:60,0,unknown,,,candidate,,jsonb:webhookSaida.cabecalhos
api-ts-prop-285fb0eb,api,2,ts-prop,latitude,KEEP,apps/api/src/domain/flow.ts:1271,0,unknown,,,candidate,,jsonb:block.conteudo
api-ts-prop-c52f952b,api,2,ts-prop,lidoEm,,apps/api/src/domain/mtls.ts:21,3,no,,,candidate,,
api-ts-prop-7bb945ff,api,2,ts-prop,ligada,,apps/api/src/domain/management/permissions-of-agent.ts:43,60,no,,,candidate,,
api-ts-prop-45516b15,api,2,ts-prop,ligada,,apps/api/tests/permissions-of-agent.test.ts:112,60,no,,,candidate,,
api-ts-prop-3cf4cfcc,api,2,ts-prop,limite,,apps/api/src/controllers/management-analytics.ts:75,381,no,,,candidate,,
api-ts-prop-2da51165,api,2,ts-prop,limite,,apps/api/src/domain/channels.ts:28,381,no,,,candidate,,
api-ts-prop-402239e9,api,2,ts-prop,limite,,apps/api/src/domain/management/monitoring.ts:118,381,no,,,candidate,,
api-ts-prop-37b64f7e,api,2,ts-prop,limiteSimultaneo,,apps/api/src/domain/management/registrations.ts:1085,18,no,,,candidate,,
api-ts-prop-5afedb3a,api,2,ts-prop,longitude,KEEP,apps/api/src/domain/flow.ts:1271,0,unknown,,,candidate,,jsonb:block.conteudo
api-ts-prop-a97f2354,api,2,ts-prop,mensagem_id,,apps/api/tests/messages-active.test.ts:107,39,no,,,candidate,,
api-ts-prop-12c42512,api,2,ts-prop,mensagem_id,,apps/api/tests/messages-active.test.ts:186,39,no,,,candidate,,
api-ts-prop-db490403,api,2,ts-prop,mensagem_id,,apps/api/tests/messages-active.test.ts:98,39,no,,,candidate,,
api-ts-prop-afa48f96,api,2,ts-prop,mensagem,,apps/api/tests/builder-by-flow.test.ts:398,992,no,,,candidate,,
api-ts-prop-760521f7,api,2,ts-prop,mensagem,,apps/api/tests/builder-test-run.test.ts:236,992,no,,,candidate,,
api-ts-prop-09b6a6f8,api,2,ts-prop,mensagemId,,apps/api/src/domain/message-active.ts:45,13,no,,,candidate,,
api-ts-prop-9d9aa2f5,api,2,ts-prop,mensagens,,apps/api/tests/jsonb-compat.test.ts:177,334,no,,,candidate,,
api-ts-prop-64ca19b4,api,2,ts-prop,menuPersistente,,apps/api/src/domain/management/configuration-of-flow.ts:20,4,unknown,,,candidate,,jsonb:flow.configuration
api-ts-prop-6f9a1334,api,2,ts-prop,modelos,,apps/api/src/controllers/management-flow.ts:458,123,no,,,candidate,,
api-ts-prop-ac50c28e,api,2,ts-prop,modelos,,apps/api/src/domain/management-flow.ts:302,123,no,,,candidate,,
api-ts-prop-dd88b919,api,2,ts-prop,modelos,,apps/api/src/domain/whatsapp/cliente-graph.ts:655,123,no,,,candidate,,
api-ts-prop-fc2d8aa9,api,2,ts-prop,motivo_pausa_id,,apps/api/src/controllers/catalogo.ts:339,1,no,,,candidate,,
api-ts-prop-c40fcf03,api,2,ts-prop,motivoPausaId,,apps/api/src/domain/status-agent.ts:27,2,no,,,candidate,,
api-ts-prop-cde60b1e,api,2,ts-prop,motivosDePausa,,apps/api/src/provision.ts:57,3,no,,,candidate,,
api-ts-prop-732de1a1,api,2,ts-prop,naFila,,apps/api/src/domain/management/monitoring.ts:82,3,no,,,candidate,,
api-ts-prop-85c7da5a,api,2,ts-prop,nao_conforme,,apps/api/src/domain/management/quality-review.ts:48,21,no,,,candidate,,
api-ts-prop-48a50a59,api,2,ts-prop,nao_lida_em,,apps/api/src/domain/desk/consultas.ts:68,10,no,,,candidate,,
api-ts-prop-5d04303a,api,2,ts-prop,nao_lida_em,,apps/api/tests/desk-actions.test.ts:381,10,no,,,candidate,,
api-ts-prop-36462d85,api,2,ts-prop,nao_se_aplica,,apps/api/src/domain/management/quality-review.ts:49,25,no,,,candidate,,
api-ts-prop-5a1603c0,api,2,ts-prop,naoLida,,apps/api/src/domain/desk/taggings.ts:110,19,no,,,candidate,,
api-ts-prop-c7d8c069,api,2,ts-prop,naoLidaEm,,apps/api/tests/desk-actions.test.ts:389,8,no,,,candidate,,
api-ts-prop-cefc768e,api,2,ts-prop,naoLidaEm,,apps/api/tests/desk-actions.test.ts:392,8,no,,,candidate,,
api-ts-prop-8a012545,api,2,ts-prop,nenhum,,apps/api/src/domain/management/communication.ts:50,415,no,,,candidate,,
api-ts-prop-9480ca26,api,2,ts-prop,nomes,,apps/api/src/controllers/management-analytics.ts:67,253,no,,,candidate,,
api-ts-prop-4ec3fea0,api,2,ts-prop,nomeVerificado,,apps/api/src/domain/whatsapp/validation-of-configuration-manual.ts:13,4,no,,,candidate,,
api-ts-prop-028b62fb,api,2,ts-prop,notaAntesDoFatal,,apps/api/src/domain/management/quality-review.ts:248,10,no,,,candidate,,
api-ts-prop-81a3a099,api,2,ts-prop,nps,,apps/api/src/domain/management/pesquisa.ts:17,36,no,,,candidate,,
api-ts-prop-e4041565,api,2,ts-prop,nps,,apps/api/src/domain/management/pesquisa.ts:22,36,no,,,candidate,,
api-ts-prop-e729b688,api,2,ts-prop,objetos,,apps/api/src/domain/dictionary-crm.ts:106,47,no,,,candidate,,
api-ts-prop-235a8e75,api,2,ts-prop,objetos,,apps/api/src/domain/dictionary-crm.ts:204,47,no,,,candidate,,
api-ts-prop-4b4bb1be,api,2,ts-prop,objetos,,apps/api/src/domain/dictionary-crm.ts:206,47,no,,,candidate,,
api-ts-prop-ee589296,api,2,ts-prop,objetos,,apps/api/src/domain/dictionary-crm.ts:207,47,no,,,candidate,,
api-ts-prop-b3816802,api,2,ts-prop,objetos,,apps/api/tests/dictionary-crm.test.ts:323,47,no,,,candidate,,
api-ts-prop-6651ed35,api,2,ts-prop,objetos,,apps/api/tests/dictionary-crm.test.ts:335,47,no,,,candidate,,
api-ts-prop-7b67e4bf,api,2,ts-prop,objetos,,apps/api/tests/dictionary-crm.test.ts:336,47,no,,,candidate,,
api-ts-prop-07eaf07b,api,2,ts-prop,obrigatoria_no_encerramento,,apps/api/src/domain/conversation.ts:176,11,no,,,candidate,,
api-ts-prop-be24bf0a,api,2,ts-prop,onboarding_concluido_em,,apps/api/src/controllers/login.ts:379,10,no,,,candidate,,
api-ts-prop-8040780a,api,2,ts-prop,onboarding_concluido_em,,apps/api/src/controllers/my-account.ts:235,10,no,,,candidate,,
api-ts-prop-cf1b1eb8,api,2,ts-prop,onboarding_concluido_em,,apps/api/src/controllers/my-account.ts:87,10,no,,,candidate,,
api-ts-prop-1423bd3e,api,2,ts-prop,onboardingConcluidoEm,,apps/api/src/controllers/my-account.ts:67,5,no,,,candidate,,
api-ts-prop-c28f3ea1,api,2,ts-prop,opcoes,,apps/api/src/domain/flow.ts:1092,41,no,,,candidate,,
api-ts-prop-5340e83d,api,2,ts-prop,optin_whatsapp,,apps/api/src/controllers/my-account.ts:84,5,no,,,candidate,,
api-ts-prop-3ff55c7e,api,2,ts-prop,optinWhatsapp,,apps/api/src/controllers/my-account.ts:60,8,no,,,candidate,,
api-ts-prop-c14e1b96,api,2,ts-prop,outbox_mensagem,,apps/api/tests/builder-test-run.test.ts:237,60,no,,,candidate,,
api-ts-prop-9e5a8f46,api,2,ts-prop,outrasPesquisas,,apps/api/src/domain/management/settings.ts:265,6,no,,,candidate,,
api-ts-prop-aa91fcc8,api,2,ts-prop,paginaId,,apps/api/src/domain/messenger/channel.ts:12,14,no,,,candidate,,
api-ts-prop-0386cdb0,api,2,ts-prop,paginas,,apps/api/tests/dictionary-crm.test.ts:30,1464,no,,,candidate,,
api-ts-prop-130112ac,api,2,ts-prop,para_codigo,,apps/api/src/domain/flow.ts:106,4,no,,,candidate,,
api-ts-prop-b9cb0776,api,2,ts-prop,para_codigo,,apps/api/src/domain/management/builder-of-flow.ts:134,4,no,,,candidate,,
api-ts-prop-be6c2965,api,2,ts-prop,para,,apps/api/src/domain/convites.ts:75,3618,no,,,candidate,,
api-ts-prop-99d8fb1e,api,2,ts-prop,para,,apps/api/src/domain/email.ts:9,3618,no,,,candidate,,
api-ts-prop-d95b2d64,api,2,ts-prop,para,,apps/api/src/domain/management-analytics.ts:379,3618,no,,,candidate,,
api-ts-prop-e0617d7d,api,2,ts-prop,para,,apps/api/src/domain/whatsapp/events-of-template.ts:80,3618,no,,,candidate,,
api-ts-prop-d464a218,api,2,ts-prop,para,,apps/api/tests/analytics.test.ts:226,3618,no,,,candidate,,
api-ts-prop-a0662ecf,api,2,ts-prop,para,,apps/api/tests/jsonb-compat.test.ts:304,3618,no,,,candidate,,
api-ts-prop-48e034de,api,2,ts-prop,para,,apps/api/tests/jsonb-compat.test.ts:305,3618,no,,,candidate,,
api-ts-prop-6a5fdbe0,api,2,ts-prop,parcial,,apps/api/src/domain/management/permissions-of-agent.ts:45,92,no,,,candidate,,
api-ts-prop-3484b760,api,2,ts-prop,parcial,,apps/api/tests/permissions-of-agent.test.ts:113,92,no,,,candidate,,
api-ts-prop-8faa7cc3,api,2,ts-prop,pares,,apps/api/src/domain/management/satisfaction.ts:121,33,no,,,candidate,,
api-ts-prop-c56b21e3,api,2,ts-prop,pausa,,apps/api/src/domain/management/monitoring.ts:98,139,no,,,candidate,,
api-ts-prop-a2ab67b0,api,2,ts-prop,pausasEstouradas,,apps/api/src/domain/management/monitoring.ts:101,3,no,,,candidate,,
api-ts-prop-621e5f48,api,2,ts-prop,pedido,,apps/api/src/domain/flow.ts:692,364,no,,,candidate,,
api-ts-prop-08e1e9d1,api,2,ts-prop,pedido,,apps/api/tests/gerar-fixtures-jsonb.helper.ts:173,364,no,,,candidate,,
api-ts-prop-a9877bbe,api,2,ts-prop,perfil,,apps/api/src/domain/messenger/cliente-graph.ts:51,76,no,,,candidate,,
api-ts-prop-b2953e55,api,2,ts-prop,periodo,,apps/api/src/controllers/management-analytics.ts:71,58,no,,,candidate,,
api-ts-prop-68318d87,api,2,ts-prop,pesquisa,,apps/api/src/domain/management/settings.ts:263,514,no,,,candidate,,
api-ts-prop-636944d0,api,2,ts-prop,pipeContatoId,,apps/api/src/domain/twenty.ts:152,33,no,,,candidate,,
api-ts-prop-83987ecb,api,2,ts-prop,plano,,apps/api/tests/inbound.test.ts:134,654,no,,,candidate,,
api-ts-prop-e516b74e,api,2,ts-prop,politica,,apps/api/src/domain/sso.ts:48,22,no,,,candidate,,
api-ts-prop-83f6d0f3,api,2,ts-prop,pontos,,apps/api/src/domain/management/quality-review.ts:229,135,no,,,candidate,,
api-ts-prop-551b6049,api,2,ts-prop,porta,,apps/api/src/domain/mtls.ts:17,94,no,,,candidate,,
api-ts-prop-a4d9581e,api,2,ts-prop,primeira_resposta_em,,apps/api/src/domain/desk/consultas.ts:411,22,no,,,candidate,,
api-ts-prop-3f074f08,api,2,ts-prop,primeira_resposta_em,,apps/api/src/domain/desk/consultas.ts:56,22,no,,,candidate,,
api-ts-prop-ea58c559,api,2,ts-prop,primeira_resposta,,apps/api/src/domain/management/pesquisa.ts:35,46,no,,,candidate,,
api-ts-prop-a2dd919c,api,2,ts-prop,prioridade,,apps/api/src/domain/flow.ts:330,85,no,,,candidate,,
api-ts-prop-a4ddc0b4,api,2,ts-prop,prioridade,,apps/api/src/domain/management/builder-test-run.ts:41,85,no,,,candidate,,
api-ts-prop-3c8eb99e,api,2,ts-prop,provedor,,apps/api/src/domain/sso.ts:43,105,no,,,candidate,,
api-ts-prop-1da45f2c,api,2,ts-prop,publicada_em,,apps/api/src/domain/management/builder-of-flow.ts:78,7,no,,,candidate,,
api-ts-prop-9482ea32,api,2,ts-prop,quickReply,,apps/api/src/domain/whatsapp/preferences.ts:17,31,no,,,candidate,,
api-ts-prop-0d1941d9,api,2,ts-prop,quickReply,,apps/api/src/domain/whatsapp/preferences.ts:35,31,no,,,candidate,,
api-ts-prop-eaa85c9b,api,2,ts-prop,recados,,apps/api/src/controllers/management-flow.ts:133,21,no,,,candidate,,
api-ts-prop-77e7a8b3,api,2,ts-prop,recusadas,,apps/api/tests/messages-active.test.ts:211,10,no,,,candidate,,
api-ts-prop-9d987986,api,2,ts-prop,recusadas,,apps/api/tests/messages-active.test.ts:97,10,no,,,candidate,,
api-ts-prop-3cad228c,api,2,ts-prop,regras,,apps/api/src/domain/management/registrations.ts:696,387,no,,,candidate,,
api-ts-prop-73748c6c,api,2,ts-prop,regras,,apps/api/src/domain/management/settings.ts:75,387,no,,,candidate,,
api-ts-prop-8bdfee7d,api,2,ts-prop,rejeitados,,apps/api/src/domain/import-of-contacts.ts:20,26,no,,,candidate,,
api-ts-prop-f0e6d262,api,2,ts-prop,rejeitados,,apps/api/src/domain/import-of-contacts.ts:34,26,no,,,candidate,,
api-ts-prop-1a440f3d,api,2,ts-prop,rejeitados,,apps/api/src/domain/management/deployment.ts:81,26,no,,,candidate,,
api-ts-prop-3fa74ff0,api,2,ts-prop,rejeitados,,apps/api/src/domain/management/passos-of-deployment.ts:24,26,no,,,candidate,,
api-ts-prop-e86f8159,api,2,ts-prop,relatorio,,apps/api/src/controllers/management-operations.ts:103,16,no,,,candidate,,
api-ts-prop-f2036cf8,api,2,ts-prop,removidos,,apps/api/src/domain/dictionary-crm.ts:207,24,no,,,candidate,,
api-ts-prop-537cf446,api,2,ts-prop,resposta_pronta_id,,apps/api/src/controllers/conversations.ts:76,12,no,,,candidate,,
api-ts-prop-4d966704,api,2,ts-prop,resposta_pronta_id,,apps/api/src/domain/desk/consultas.ts:199,12,no,,,candidate,,
api-ts-prop-df612cf4,api,2,ts-prop,resposta_pronta_id,,apps/api/tests/envio-session.test.ts:312,12,no,,,candidate,,
api-ts-prop-d2579766,api,2,ts-prop,resumo_em,,apps/api/src/domain/desk/consultas.ts:139,2,no,,,candidate,,
api-ts-prop-a67363df,api,2,ts-prop,revisada,,apps/api/src/domain/management/quality-review.ts:36,7,no,,,candidate,,
api-ts-prop-9a506cb9,api,2,ts-prop,revogada_em,,apps/api/tests/integrations.test.ts:236,7,no,,,candidate,,
api-ts-prop-d31342f5,api,2,ts-prop,revogada,,apps/api/src/authentication.ts:98,6,no,,,candidate,,
api-ts-prop-e23005be,api,2,ts-prop,saida,,apps/api/tests/gerar-fixtures-jsonb.helper.ts:111,345,no,,,candidate,,
api-ts-prop-a425599a,api,2,ts-prop,saida,,apps/api/tests/subflows.test.ts:200,345,no,,,candidate,,
api-ts-prop-769143f7,api,2,ts-prop,semCrm,,apps/api/src/domain/dictionary-crm.ts:398,5,no,,,candidate,,
api-ts-prop-d1658e81,api,2,ts-prop,semEtiqueta,,apps/api/src/domain/management/attendance.ts:77,5,no,,,candidate,,
api-ts-prop-8847f8ab,api,2,ts-prop,semMotivo,,apps/api/src/domain/management/registrations.ts:179,8,no,,,candidate,,
api-ts-prop-c91cc681,api,2,ts-prop,senha_cifrada,,apps/api/src/domain/mtls.ts:86,9,no,,,candidate,,
api-ts-prop-97db6b7b,api,2,ts-prop,senha_cifrada,,apps/api/tests/contract.test.ts:436,9,no,,,candidate,,
api-ts-prop-25ae6637,api,2,ts-prop,senha,,apps/api/src/domain/management/certificados.ts:39,129,no,,,candidate,,
api-ts-prop-6e6e51e7,api,2,ts-prop,senha,,apps/api/src/domain/management/integrations.ts:454,129,no,,,candidate,,
api-ts-prop-14cf0a5c,api,2,ts-prop,senha,,apps/api/src/webhooks-saida.ts:68,129,no,,,candidate,,
api-ts-prop-d3a324ca,api,2,ts-prop,senha,,apps/api/tests/ajuda-pfx.ts:139,129,no,,,candidate,,
api-ts-prop-7c58824b,api,2,ts-prop,senha,,apps/api/tests/ajuda-pfx.ts:152,129,no,,,candidate,,
api-ts-prop-518391b7,api,2,ts-prop,servico_id,,apps/api/src/domain/router.ts:10,16,no,,,candidate,,
api-ts-prop-80187766,api,2,ts-prop,servico_id,,apps/api/src/domain/router.ts:19,16,no,,,candidate,,
api-ts-prop-f1516923,api,2,ts-prop,servico_id,,apps/api/tests/builder-commands.test.ts:144,16,no,,,candidate,,
api-ts-prop-82f179ac,api,2,ts-prop,servico_id,,apps/api/tests/channel-of-flow.test.ts:449,16,no,,,candidate,,
api-ts-prop-cef13a2b,api,2,ts-prop,seteDiasSeg,,apps/api/src/domain/management/registrations.ts:269,3,no,,,candidate,,
api-ts-prop-6003a512,api,2,ts-prop,soma,,apps/api/src/domain/management/satisfaction.ts:121,110,no,,,candidate,,
api-ts-prop-fd8d7695,api,2,ts-prop,soma,,apps/api/src/metrics.ts:45,110,no,,,candidate,,
api-ts-prop-a47ece8a,api,2,ts-prop,sujeito,,apps/api/src/domain/management/pfx.ts:17,42,no,,,candidate,,
api-ts-prop-41fa0ae4,api,2,ts-prop,taxa,,apps/api/src/domain/management/satisfaction.ts:44,83,no,,,candidate,,
api-ts-prop-92840d4c,api,2,ts-prop,tem_falhas,,apps/api/src/domain/import-of-contacts.ts:35,4,no,,,candidate,,
api-ts-prop-dd57deed,api,2,ts-prop,tem_falhas,,apps/api/src/domain/management/deployment.ts:82,4,no,,,candidate,,
api-ts-prop-47203032,api,2,ts-prop,temFalhas,,apps/api/src/domain/import-of-contacts.ts:22,9,no,,,candidate,,
api-ts-prop-34f662cb,api,2,ts-prop,temFalhas,,apps/api/src/domain/management/passos-of-deployment.ts:25,9,no,,,candidate,,
api-ts-prop-ecb64dbd,api,2,ts-prop,temHorario,,apps/api/src/domain/management/settings.ts:56,3,no,,,candidate,,
api-ts-prop-1f87b5f2,api,2,ts-prop,tempoMedioAtendimentoSeg,,apps/api/src/domain/management/monitoring.ts:135,8,no,,,candidate,,
api-ts-prop-82ab8f13,api,2,ts-prop,tempoMedioAtendimentoSeg,,apps/api/src/domain/management/monitoring.ts:144,8,no,,,candidate,,
api-ts-prop-56d19993,api,2,ts-prop,tempoMedioRespostaSeg,,apps/api/src/domain/management/monitoring.ts:134,3,no,,,candidate,,
api-ts-prop-1a3964b7,api,2,ts-prop,tentativas,,apps/api/src/webhooks-saida.ts:182,67,no,,,candidate,,
api-ts-prop-fbd903dc,api,2,ts-prop,tentativas,,apps/api/tests/envio-session.test.ts:225,67,no,,,candidate,,
api-ts-prop-582ea3f2,api,2,ts-prop,tentativas,,apps/api/tests/ponta-a-ponta.test.ts:180,67,no,,,candidate,,
api-ts-prop-43c9ef48,api,2,ts-prop,termos,,apps/api/src/domain/management/palavras-proibidas.ts:63,40,no,,,candidate,,
api-ts-prop-8ffca67d,api,2,ts-prop,testada_em,,apps/api/src/domain/sso.ts:49,4,no,,,candidate,,
api-ts-prop-6701b6aa,api,2,ts-prop,testadaEm,,apps/api/src/domain/sso.ts:32,9,no,,,candidate,,
api-ts-prop-86c4489d,api,2,ts-prop,text,KEEP,apps/api/src/domain/scheduled-messages.ts:58,0,unknown,,,candidate,,jsonb:flowFunction.parameters
api-ts-prop-7d7a4d28,api,2,ts-prop,texto,,apps/api/src/controllers/conversations.ts:258,1706,no,,,candidate,,
api-ts-prop-99856e36,api,2,ts-prop,texto,,apps/api/src/controllers/conversations.ts:69,1706,no,,,candidate,,
api-ts-prop-a7cb14f9,api,2,ts-prop,texto,,apps/api/src/controllers/management-flow.ts:382,1706,no,,,candidate,,
api-ts-prop-ef056c1e,api,2,ts-prop,texto,,apps/api/src/controllers/management-operations.ts:165,1706,no,,,candidate,,
api-ts-prop-ce9e8c3b,api,2,ts-prop,texto,,apps/api/src/domain/convites.ts:77,1706,no,,,candidate,,
api-ts-prop-7cec99dd,api,2,ts-prop,texto,,apps/api/src/domain/email.ts:12,1706,no,,,candidate,,
api-ts-prop-ae58fd5d,api,2,ts-prop,texto,,apps/api/src/domain/engine-services.ts:225,1706,no,,,candidate,,
api-ts-prop-6e902683,api,2,ts-prop,texto,,apps/api/src/domain/envio.ts:27,1706,no,,,candidate,,
api-ts-prop-0d303cd7,api,2,ts-prop,texto,,apps/api/src/domain/envio.ts:296,1706,no,,,candidate,,
api-ts-prop-ea8c30b3,api,2,ts-prop,texto,,apps/api/src/domain/flow.ts:1092,1706,no,,,candidate,,
api-ts-prop-e2c03846,api,2,ts-prop,texto,,apps/api/src/domain/flow.ts:1163,1706,no,,,candidate,,
api-ts-prop-d6534b08,api,2,ts-prop,texto,,apps/api/src/domain/management/communication.ts:51,1706,no,,,candidate,,
api-ts-prop-9ddd074d,api,2,ts-prop,texto,,apps/api/src/domain/management/configuration-of-flow.ts:142,1706,no,,,candidate,,
api-ts-prop-7322f5f3,api,2,ts-prop,texto,,apps/api/src/domain/management/configuration-of-flow.ts:146,1706,no,,,candidate,,
api-ts-prop-99c130cc,api,2,ts-prop,texto,,apps/api/src/domain/management/configuration-of-flow.ts:173,1706,no,,,candidate,,
api-ts-prop-85e87896,api,2,ts-prop,texto,,apps/api/src/domain/management/monitoring.ts:168,1706,no,,,candidate,,
api-ts-prop-181ec55c,api,2,ts-prop,texto,,apps/api/src/domain/management/monitoring.ts:192,1706,no,,,candidate,,
api-ts-prop-ec564975,api,2,ts-prop,texto,,apps/api/src/domain/management/satisfaction.ts:55,1706,no,,,candidate,,
api-ts-prop-841e0f5d,api,2,ts-prop,texto,,apps/api/src/domain/mtls.ts:185,1706,no,,,candidate,,
api-ts-prop-1ac1ff4d,api,2,ts-prop,texto,,apps/api/src/domain/whatsapp/events-of-template.ts:82,1706,no,,,candidate,,
api-ts-prop-fb9cb0cf,api,2,ts-prop,texto,,apps/api/src/domain/whatsapp/modelos.ts:288,1706,no,,,candidate,,
api-ts-prop-df3315c9,api,2,ts-prop,texto,,apps/api/tests/input-expiration.test.ts:303,1706,no,,,candidate,,
api-ts-prop-4d5cb507,api,2,ts-prop,textoBotao,,apps/api/src/controllers/management-flow.ts:352,24,no,,,candidate,,
api-ts-prop-0e22f510,api,2,ts-prop,textoBotao,,apps/api/src/domain/management/configuration-of-flow.ts:76,24,no,,,candidate,,
api-ts-prop-64cd501a,api,2,ts-prop,textoDoBotao,,apps/api/src/domain/whatsapp/modelos.ts:223,8,no,,,candidate,,
api-ts-prop-8a2bc973,api,2,ts-prop,token_verificacao,,apps/api/src/domain/dominios.ts:81,7,no,,,candidate,,
api-ts-prop-cd7f2366,api,2,ts-prop,transbordo,,apps/api/src/domain/management-analytics.ts:98,36,no,,,candidate,,
api-ts-prop-8800a6ee,api,2,ts-prop,transbordo,,apps/api/tests/analytics.test.ts:155,36,no,,,candidate,,
api-ts-prop-d41b641c,api,2,ts-prop,twenty_chave,,apps/api/src/domain/twenty.ts:35,9,no,,,candidate,,
api-ts-prop-39955405,api,2,ts-prop,twenty_chave,,apps/api/tests/twenty.test.ts:200,9,no,,,candidate,,
api-ts-prop-f2e7bd3b,api,2,ts-prop,ultima_mensagem_em,,apps/api/src/domain/desk/consultas.ts:57,19,no,,,candidate,,
api-ts-prop-0361b1ec,api,2,ts-prop,uri,,apps/api/src/domain/flow.ts:1140,367,no,,,candidate,,
api-ts-prop-a5cc83d1,api,2,ts-prop,uri,,apps/api/src/domain/flow.ts:1196,367,no,,,candidate,,
api-ts-prop-c0990294,api,2,ts-prop,uri,,apps/api/src/domain/flow.ts:1287,367,no,,,candidate,,
api-ts-prop-fc4b9514,api,2,ts-prop,uri,,apps/api/src/domain/flow.ts:1313,367,unknown,,,candidate,,jsonb:block.conteudo
api-ts-prop-a6a3e0e1,api,2,ts-prop,urlAutorizacao,,apps/api/src/domain/management/integrations.ts:455,7,no,,,candidate,,
api-ts-prop-fbc60e00,api,2,ts-prop,urlCurta,,apps/api/src/domain/rastreador-de-cliques.ts:32,5,no,,,candidate,,
api-ts-prop-25fd684b,api,2,ts-prop,urlCurta,,apps/api/tests/growth.test.ts:83,5,no,,,candidate,,
api-ts-prop-b7598085,api,2,ts-prop,urlMensagens,,apps/api/src/domain/management/integrations.ts:887,1,no,,,candidate,,
api-ts-prop-c48dde89,api,2,ts-prop,urlNotificacoes,,apps/api/src/domain/management/integrations.ts:888,1,no,,,candidate,,
api-ts-prop-e604a899,api,2,ts-prop,username,,apps/api/src/domain/instagram/channel.ts:28,21,no,,,candidate,,
api-ts-prop-5d34fa69,api,2,ts-prop,username,,apps/api/src/domain/instagram/cliente-graph.ts:32,21,no,,,candidate,,
api-ts-prop-e0b366f9,api,2,ts-prop,usos,,apps/api/src/domain/management/settings.ts:129,24,no,,,candidate,,
api-ts-prop-660c1d17,api,2,ts-prop,usos,,apps/api/src/domain/management/settings.ts:257,24,no,,,candidate,,
api-ts-prop-44d136ef,api,2,ts-prop,usuarioId,,apps/api/src/domain/convites.ts:39,283,no,,,candidate,,
api-ts-prop-0128b518,api,2,ts-prop,utilidade,,apps/api/src/domain/management/communication.ts:34,51,no,,,candidate,,
api-ts-prop-44f0a210,api,2,ts-prop,validoDesde,,apps/api/src/domain/management/pfx.ts:13,8,no,,,candidate,,
api-ts-prop-50e96596,api,2,ts-prop,validoDesde,,apps/api/tests/ajuda-pfx.ts:154,8,no,,,candidate,,
api-ts-prop-64351931,api,2,ts-prop,valor_cifrado,,apps/api/tests/flow-secrets.test.ts:106,10,no,,,candidate,,
api-ts-prop-cb26b5db,api,2,ts-prop,valor_cifrado,,apps/api/tests/flow-secrets.test.ts:107,10,no,,,candidate,,
api-ts-prop-f16f605d,api,2,ts-prop,valor,,apps/api/src/domain/flow.ts:452,695,no,,,candidate,,
api-ts-prop-4491ac03,api,2,ts-prop,value,KEEP,apps/api/src/webhooks-saida.ts:61,0,unknown,,,candidate,,jsonb:webhookSaida.cabecalhos
api-ts-prop-6f594fc3,api,2,ts-prop,variaveis,,apps/api/tests/channels.test.ts:610,80,no,,,candidate,,
api-ts-prop-a2e42e52,api,2,ts-prop,variaveis,,apps/api/tests/channels.test.ts:747,80,no,,,candidate,,
api-ts-prop-7cb7721c,api,2,ts-prop,variaveis,,apps/api/tests/channels.test.ts:862,80,no,,,candidate,,
api-ts-prop-d31cbe12,api,2,ts-prop,verificado_em,,apps/api/src/domain/dominios.ts:169,11,no,,,candidate,,
api-ts-prop-26e01e61,api,2,ts-prop,verificado_em,,apps/api/src/domain/dominios.ts:82,11,no,,,candidate,,
api-ts-prop-98d0b2bd,api,2,ts-prop,verificado,,apps/api/src/domain/whatsapp/info-do-numero.ts:13,62,no,,,candidate,,
api-ts-prop-102ef5a1,api,2,ts-prop,verificado,,apps/api/src/provision.ts:62,62,no,,,candidate,,
api-ts-prop-7933654a,api,2,ts-prop,verificadoEm,,apps/api/src/domain/dominios.ts:124,7,no,,,candidate,,
api-ts-prop-094d5b7d,api,2,ts-prop,verificadoEm,,apps/api/src/domain/dominios.ts:34,7,no,,,candidate,,
api-ts-prop-23d87426,api,2,ts-prop,verificar,,apps/api/src/provision.ts:39,36,no,,,candidate,,
api-ts-prop-a8a5e871,api,2,ts-prop,versao_id,,apps/api/src/domain/flow.ts:91,25,no,,,candidate,,
api-ts-prop-3ab9ac2e,api,2,ts-prop,versao_id,,apps/api/src/domain/router.ts:15,25,no,,,candidate,,
api-ts-prop-565d267a,api,2,ts-prop,versao,,apps/api/tests/builder-by-flow.test.ts:216,199,no,,,candidate,,
api-ts-prop-bf185696,api,2,ts-prop,versao,,apps/api/tests/builder-by-flow.test.ts:570,199,no,,,candidate,,
api-ts-prop-0a097b41,api,2,ts-prop,versaoId,,apps/api/src/domain/flow.ts:1524,58,no,,,candidate,,
api-ts-prop-82cb82d9,api,2,ts-prop,versaoId,,apps/api/src/domain/flow.ts:59,58,no,,,candidate,,
