id,scope,slice,kind,old,new,declared_at,consumers,persisted,category,decision_ref,status,owner,notes
management-vite-file-fe8cb001,management-vite,4,file,anuncios.tsx,,apps/management-vite/src/pages/flow/growth/ads/anuncios.tsx,1,no,,,candidate,,
management-vite-file-bebe8549,management-vite,4,file,boas-vindas.css,,apps/management-vite/src/pages/welcome/boas-vindas.css,2,no,,,candidate,,
management-vite-file-ff6843f4,management-vite,4,file,boasvindas.tsx,,apps/management-vite/src/pages/flow/settings/welcome/boasvindas.tsx,1,no,,,candidate,,
management-vite-file-c3f3fca2,management-vite,4,file,cabecalho-info.tsx,,apps/management-vite/src/pages/builder/cabecalho-info.tsx,15,no,,,candidate,,
management-vite-file-d5ccaaf6,management-vite,4,file,conteudo.ts,,apps/management-vite/src/pages/builder/conteudo.ts,87,no,,,candidate,,
management-vite-file-e1653dff,management-vite,4,file,conteudo.ts,,apps/management-vite/src/pages/updates/conteudo.ts,87,no,,,candidate,,
management-vite-file-780a2815,management-vite,4,file,conteudos-regras.test.ts,,apps/management-vite/tests/conteudos-regras.test.ts,1,no,,,candidate,,
management-vite-file-ecd9cb4a,management-vite,4,file,equipe.css,,apps/management-vite/src/pages/flow/team/equipe.css,3,no,,,candidate,,
management-vite-file-3a5ecc95,management-vite,4,file,equipe.test.ts,,apps/management-vite/tests/equipe.test.ts,2,no,,,candidate,,
management-vite-file-b5ba66ea,management-vite,4,file,equipe.tsx,,apps/management-vite/src/pages/flow/team/equipe.tsx,0,no,,,candidate,,
management-vite-file-1a9ffec6,management-vite,4,file,filters-quick.tsx,,apps/management-vite/src/components/filters-quick.tsx,0,no,,,candidate,,
management-vite-file-9d06de49,management-vite,4,file,flow-resources-regras.test.ts,,apps/management-vite/tests/flow-resources-regras.test.ts,2,no,,,candidate,,
management-vite-file-5df8f1e3,management-vite,4,file,fundo-pipe.tsx,,apps/management-vite/src/pages/fundo-pipe.tsx,2,no,,,candidate,,
management-vite-file-ede93d63,management-vite,4,file,jornada.css,,apps/management-vite/src/pages/flow/analytics/journey/jornada.css,2,no,,,candidate,,
management-vite-file-2683b8fa,management-vite,4,file,jornada.tsx,,apps/management-vite/src/pages/flow/analytics/journey/jornada.tsx,3,no,,,candidate,,
management-vite-file-3e577968,management-vite,4,file,lista-regras.tsx,,apps/management-vite/src/components/lista-regras.tsx,11,no,,,candidate,,
management-vite-file-02b2c783,management-vite,4,file,menu-persistente.tsx,,apps/management-vite/src/pages/flow/settings/persistent-menu/menu-persistente.tsx,1,no,,,candidate,,
management-vite-file-ace5e68a,management-vite,4,file,metrica.tsx,,apps/management-vite/src/components/metrica.tsx,5,no,,,candidate,,
management-vite-file-70cd6261,management-vite,4,file,nao-encontrado.tsx,,apps/management-vite/src/pages/nao-encontrado.tsx,0,no,,,candidate,,
management-vite-file-f3a7d9b4,management-vite,4,file,perfil.tsx,,apps/management-vite/src/pages/flow/channels/whatsapp/perfil.tsx,16,no,,,candidate,,
management-vite-file-f4879eb3,management-vite,4,file,pesquisa.test.ts,,apps/management-vite/tests/pesquisa.test.ts,0,no,,,candidate,,
management-vite-file-85c6f0dd,management-vite,4,file,pesquisa.ts,,apps/management-vite/src/lib/pesquisa.ts,3,no,,,candidate,,
management-vite-file-6395e4e9,management-vite,4,file,regras-de-nome.ts,,apps/management-vite/src/pages/create/regras-de-nome.ts,30,no,,,candidate,,
management-vite-file-b3f60302,management-vite,4,file,regras-horarios-formulario.tsx,,apps/management-vite/src/pages/registrations/regras-horarios-formulario.tsx,12,no,,,candidate,,
management-vite-file-43774b3f,management-vite,4,file,regras-horarios.tsx,,apps/management-vite/src/pages/registrations/regras-horarios.tsx,11,no,,,candidate,,
management-vite-file-12830852,management-vite,4,file,regras-sla-formulario.tsx,,apps/management-vite/src/pages/registrations/regras-sla-formulario.tsx,14,no,,,candidate,,
management-vite-file-f8319c2f,management-vite,4,file,regras-sla.tsx,,apps/management-vite/src/pages/registrations/regras-sla.tsx,8,no,,,candidate,,
management-vite-file-963e0f25,management-vite,4,file,regras.ts,,apps/management-vite/src/pages/create/flow/regras.ts,40,no,,,candidate,,
management-vite-file-12a0bb72,management-vite,4,file,regras.ts,,apps/management-vite/src/pages/create/router/regras.ts,40,no,,,candidate,,
management-vite-file-66972c02,management-vite,4,file,regras.ts,,apps/management-vite/src/pages/flow/analytics/report-manager/regras.ts,40,no,,,candidate,,
management-vite-file-26e035ac,management-vite,4,file,regras.ts,,apps/management-vite/src/pages/flow/contacts/regras.ts,40,no,,,candidate,,
management-vite-file-0cdeea1c,management-vite,4,file,regras.ts,,apps/management-vite/src/pages/flow/contents/regras.ts,40,no,,,candidate,,
management-vite-file-71925515,management-vite,4,file,regras.ts,,apps/management-vite/src/pages/flow/growth/regras.ts,40,no,,,candidate,,
management-vite-file-e57f798f,management-vite,4,file,regras.ts,,apps/management-vite/src/pages/flow/integrations/webhook/regras.ts,40,no,,,candidate,,
management-vite-file-a17b80da,management-vite,4,file,regras.ts,,apps/management-vite/src/pages/flow/resources/regras.ts,40,no,,,candidate,,
management-vite-file-3364d5ba,management-vite,4,file,regras.ts,,apps/management-vite/src/pages/flow/services/regras.ts,40,no,,,candidate,,
management-vite-file-d9aedf7b,management-vite,4,file,regras.ts,,apps/management-vite/src/pages/flow/settings/regras.ts,40,no,,,candidate,,
management-vite-file-b91365f0,management-vite,4,file,regras.ts,,apps/management-vite/src/pages/my-account/regras.ts,40,no,,,candidate,,
management-vite-file-a9a0f603,management-vite,4,file,servicos.css,,apps/management-vite/src/pages/flow/services/servicos.css,1,no,,,candidate,,
management-vite-file-17d58179,management-vite,4,file,servicos.test.ts,,apps/management-vite/tests/servicos.test.ts,3,no,,,candidate,,
management-vite-file-3bdaf53b,management-vite,4,file,servicos.tsx,,apps/management-vite/src/pages/flow/services/servicos.tsx,0,no,,,candidate,,
management-vite-file-2f9fd2c1,management-vite,4,file,visao-geral.css,,apps/management-vite/src/pages/flow/analytics/overview/visao-geral.css,1,no,,,candidate,,
management-vite-file-f96a94d8,management-vite,4,file,visao-geral.tsx,,apps/management-vite/src/pages/flow/analytics/overview/visao-geral.tsx,2,no,,,candidate,,
management-vite-file-9c23d3a9,management-vite,4,file,visao-geral.tsx,,apps/management-vite/src/pages/flow/channels/whatsapp/visao-geral.tsx,2,no,,,candidate,,
management-vite-file-716ba954,management-vite,4,file,webhook-regras.test.ts,,apps/management-vite/tests/webhook-regras.test.ts,0,no,,,candidate,,
management-vite-literal-value-712b9e2d,management-vite,4,literal-value,acesso,,apps/management-vite/src/lib/passos-of-deployment.ts:42,146,unknown,,,candidate,,
management-vite-literal-value-40e179b7,management-vite,4,literal-value,acoes,,apps/management-vite/src/pages/builder/panel-configuration.tsx:47,62,unknown,,,candidate,,
management-vite-literal-value-237fa476,management-vite,4,literal-value,acoes,,apps/management-vite/src/pages/builder/panel.tsx:21,62,unknown,,,candidate,,
management-vite-literal-value-290bf508,management-vite,4,literal-value,andamento,,apps/management-vite/src/lib/passos-of-deployment.ts:40,25,unknown,,,candidate,,
management-vite-literal-value-20ddde9c,management-vite,4,literal-value,atendente,,apps/management-vite/src/lib/history.ts:75,564,unknown,,,candidate,,
management-vite-literal-value-a142724e,management-vite,4,literal-value,atendentes,,apps/management-vite/src/components/monitoring-detailed.tsx:31,233,unknown,,,candidate,,
management-vite-literal-value-45aacb0f,management-vite,4,literal-value,atendentes,,apps/management-vite/src/pages/builder/queues-panel.ts:63,233,unknown,,,candidate,,
management-vite-literal-value-c422c2a5,management-vite,4,literal-value,atendentes,,apps/management-vite/src/pages/operation/reports-attendance.tsx:38,233,unknown,,,candidate,,
management-vite-literal-value-d66f33bf,management-vite,4,literal-value,atendentes,,apps/management-vite/src/pages/operation/reports-satisfaction.tsx:45,233,unknown,,,candidate,,
management-vite-literal-value-b725a07a,management-vite,4,literal-value,ativos,,apps/management-vite/src/pages/flow/analytics/overview/visao-geral.tsx:214,25,unknown,,,candidate,,
management-vite-literal-value-55b36761,management-vite,4,literal-value,autenticacao,,apps/management-vite/src/lib/communication.ts:2,152,unknown,,,candidate,,
management-vite-literal-value-075d06a4,management-vite,4,literal-value,autenticacao,,apps/management-vite/src/pages/flow/contents/regras.ts:17,152,unknown,,,candidate,,
management-vite-literal-value-5c2e6700,management-vite,4,literal-value,autenticacao,,apps/management-vite/tests/conteudos-regras.test.ts:92,152,unknown,,,candidate,,
management-vite-literal-value-094357d5,management-vite,4,literal-value,baixo,,apps/management-vite/src/pages/builder/setas.ts:29,78,unknown,,,candidate,,
management-vite-literal-value-a397a09f,management-vite,4,literal-value,bottom-center,,apps/management-vite/src/pages/flow/analytics/dashboard/tela.tsx:172,7,unknown,,,candidate,,
management-vite-literal-value-8723c0d7,management-vite,4,literal-value,busca,,apps/management-vite/src/pages/flow/log/log.tsx:15,350,unknown,,,candidate,,
management-vite-literal-value-5e272413,management-vite,4,literal-value,carrossel,,apps/management-vite/src/pages/flow/contents/regras.ts:12,35,unknown,,,candidate,,
management-vite-literal-value-9d363bd0,management-vite,4,literal-value,concluido,,apps/management-vite/src/pages/create/flow/page.tsx:79,17,unknown,,,candidate,,
management-vite-literal-value-ad0cdefb,management-vite,4,literal-value,confiabilidade-ia,,apps/management-vite/src/pages/builder/configuration-sections.ts:42,1,unknown,,,candidate,,
management-vite-literal-value-e0a44467,management-vite,4,literal-value,configuracoes,,apps/management-vite/src/pages/contract/catalogo.ts:11,239,unknown,,,candidate,,
management-vite-literal-value-8d75d656,management-vite,4,literal-value,configuracoes,,apps/management-vite/src/pages/flow/integrations/webhook/tela.tsx:51,239,unknown,,,candidate,,
management-vite-literal-value-0171d4de,management-vite,4,literal-value,contato.email,,apps/management-vite/src/pages/builder/queues-panel.ts:126,19,unknown,,,candidate,,
management-vite-literal-value-f1353a38,management-vite,4,literal-value,contato.nome,,apps/management-vite/src/pages/builder/queues-panel.ts:125,23,unknown,,,candidate,,
management-vite-literal-value-9625b324,management-vite,4,literal-value,contatos,,apps/management-vite/src/lib/passos-of-deployment.ts:42,433,unknown,,,candidate,,
management-vite-literal-value-7daa56b5,management-vite,4,literal-value,conteudo,,apps/management-vite/src/pages/builder/panel.tsx:21,398,unknown,,,candidate,,
management-vite-literal-value-bfacfe6e,management-vite,4,literal-value,contexto-roteador,,apps/management-vite/src/pages/builder/configuration-sections.ts:60,1,unknown,,,candidate,,
management-vite-literal-value-d03d2078,management-vite,4,literal-value,conversa,,apps/management-vite/src/lib/passos-of-deployment.ts:42,927,unknown,,,candidate,,
management-vite-literal-value-a5977240,management-vite,4,literal-value,cumprido,,apps/management-vite/src/lib/sla.ts:17,17,unknown,,,candidate,,
management-vite-literal-value-6f1f5734,management-vite,4,literal-value,dataExtractor,,apps/management-vite/src/pages/flow/analytics/abas.ts:86,4,unknown,,,candidate,,
management-vite-literal-value-d0411d42,management-vite,4,literal-value,diferente,,apps/management-vite/src/pages/builder/queues-panel.ts:134,114,unknown,,,candidate,,
management-vite-literal-value-bb14fbda,management-vite,4,literal-value,direcao,,apps/management-vite/src/pages/flow/log/log.tsx:15,65,unknown,,,candidate,,
management-vite-literal-value-36685600,management-vite,4,literal-value,direita,,apps/management-vite/src/pages/builder/setas.ts:29,91,unknown,,,candidate,,
management-vite-literal-value-e39593b7,management-vite,4,literal-value,documento,,apps/management-vite/src/lib/communication.ts:33,231,unknown,,,candidate,,
management-vite-literal-value-d74233d4,management-vite,4,literal-value,documento,,apps/management-vite/src/pages/flow/contents/regras.ts:9,231,unknown,,,candidate,,
management-vite-literal-value-6045e829,management-vite,4,literal-value,documento,,apps/management-vite/tests/builder-content.test.ts:38,231,unknown,,,candidate,,
management-vite-literal-value-bebeb12e,management-vite,4,literal-value,email,,apps/management-vite/src/pages/contract/members/tabela.tsx:54,855,unknown,,,candidate,,
management-vite-literal-value-4c0d4f27,management-vite,4,literal-value,encerramento,,apps/management-vite/src/lib/pesquisa.ts:30,112,unknown,,,candidate,,
management-vite-literal-value-a66bfe64,management-vite,4,literal-value,equipe,,apps/management-vite/src/lib/passos-of-deployment.ts:42,123,unknown,,,candidate,,
management-vite-literal-value-2e37b491,management-vite,4,literal-value,equipe,,apps/management-vite/src/pages/create/flow/page.tsx:79,123,unknown,,,candidate,,
management-vite-literal-value-46d926b0,management-vite,4,literal-value,esquerda,,apps/management-vite/src/pages/builder/setas.ts:29,87,unknown,,,candidate,,
management-vite-literal-value-2932826f,management-vite,4,literal-value,estourado,,apps/management-vite/src/lib/sla.ts:17,31,unknown,,,candidate,,
management-vite-literal-value-0c359f00,management-vite,4,literal-value,etiqueta,,apps/management-vite/src/lib/history.ts:77,288,unknown,,,candidate,,
management-vite-literal-value-070feb16,management-vite,4,literal-value,etiqueta,,apps/management-vite/src/pages/operation/history.tsx:112,288,unknown,,,candidate,,
management-vite-literal-value-17e73a10,management-vite,4,literal-value,etiquetas,,apps/management-vite/src/components/monitoring-detailed.tsx:33,182,unknown,,,candidate,,
management-vite-literal-value-b0739935,management-vite,4,literal-value,expiracao-sessao,,apps/management-vite/src/pages/builder/configuration-sections.ts:69,2,unknown,,,candidate,,
management-vite-literal-value-ec929d54,management-vite,4,literal-value,expirado,,apps/management-vite/src/lib/certificados.ts:14,20,unknown,,,candidate,,
management-vite-literal-value-49799a9e,management-vite,4,literal-value,falhas,,apps/management-vite/src/pages/flow/analytics/active-messages/miolo.tsx:203,69,unknown,,,candidate,,
management-vite-literal-value-4791fc9d,management-vite,4,literal-value,feito,,apps/management-vite/src/lib/passos-of-deployment.ts:40,76,unknown,,,candidate,,
management-vite-literal-value-bf87d607,management-vite,4,literal-value,fila,,apps/management-vite/src/lib/history.ts:74,878,unknown,,,candidate,,
management-vite-literal-value-c542718d,management-vite,4,literal-value,fila,,apps/management-vite/src/lib/passos-of-deployment.ts:42,878,unknown,,,candidate,,
management-vite-literal-value-1b2acd3f,management-vite,4,literal-value,filas,,apps/management-vite/src/components/monitoring-detailed.tsx:32,293,unknown,,,candidate,,
management-vite-literal-value-3b9e39ef,management-vite,4,literal-value,filas,,apps/management-vite/src/pages/operation/reports-attendance.tsx:39,293,unknown,,,candidate,,
management-vite-literal-value-f5453bb0,management-vite,4,literal-value,filas,,apps/management-vite/src/pages/operation/reports-satisfaction.tsx:44,293,unknown,,,candidate,,
management-vite-literal-value-3504f160,management-vite,4,literal-value,fluxo,,apps/management-vite/src/pages/flow/itens.ts:37,2087,unknown,,,candidate,,
management-vite-literal-value-a6d99198,management-vite,4,literal-value,fluxo,,apps/management-vite/tests/flow-detalhe.test.ts:21,2087,unknown,,,candidate,,
management-vite-literal-value-fbad4d31,management-vite,4,literal-value,fluxo,,apps/management-vite/tests/flow-detalhe.test.ts:28,2087,unknown,,,candidate,,
management-vite-literal-value-ed01f356,management-vite,4,literal-value,fluxo,,apps/management-vite/tests/flow-detalhe.test.ts:35,2087,unknown,,,candidate,,
management-vite-literal-value-9a300abb,management-vite,4,literal-value,fluxo,,apps/management-vite/tests/flow-detalhe.test.ts:44,2087,unknown,,,candidate,,
management-vite-literal-value-2e2c5eba,management-vite,4,literal-value,fluxo,,apps/management-vite/tests/flow-detalhe.test.ts:55,2087,unknown,,,candidate,,
management-vite-literal-value-1c8c2094,management-vite,4,literal-value,funcionalidades,,apps/management-vite/src/pages/contract/catalogo.ts:16,12,unknown,,,candidate,,
management-vite-literal-value-b576784e,management-vite,4,literal-value,funcoes,,apps/management-vite/src/pages/builder/panel-configuration.tsx:47,7,unknown,,,candidate,,
management-vite-literal-value-55d92fb0,management-vite,4,literal-value,geral,,apps/management-vite/src/pages/operation/reports-satisfaction.tsx:43,72,unknown,,,candidate,,
management-vite-literal-value-2b4549bd,management-vite,4,literal-value,goodData,,apps/management-vite/src/pages/flow/analytics/abas.ts:88,7,unknown,,,candidate,,
management-vite-literal-value-da5d148b,management-vite,4,literal-value,identificador-fluxo,,apps/management-vite/src/pages/builder/configuration-sections.ts:89,1,unknown,,,candidate,,
management-vite-literal-value-6fd5dd55,management-vite,4,literal-value,igual,,apps/management-vite/src/pages/builder/queues-panel.ts:133,166,unknown,,,candidate,,
management-vite-literal-value-ecff871b,management-vite,4,literal-value,imagem,,apps/management-vite/src/lib/communication.ts:33,235,unknown,,,candidate,,
management-vite-literal-value-0816e64b,management-vite,4,literal-value,imagem,,apps/management-vite/src/pages/flow/contents/regras.ts:8,235,unknown,,,candidate,,
management-vite-literal-value-20fa5ddb,management-vite,4,literal-value,imagem,,apps/management-vite/tests/builder-content.test.ts:36,235,unknown,,,candidate,,
management-vite-literal-value-580979e3,management-vite,4,literal-value,indisponivel,,apps/management-vite/src/pages/flow/contents/regras.ts:134,24,unknown,,,candidate,,
management-vite-literal-value-2ab2074e,management-vite,4,literal-value,invisivel,,apps/management-vite/src/pages/operation/monitoring.tsx:57,26,unknown,,,candidate,,
management-vite-literal-value-e3c147d9,management-vite,4,literal-value,Já existe uma fila com esse nome.,,apps/management-vite/src/pages/builder/queues-panel.ts:25,0,unknown,,,candidate,,
management-vite-literal-value-89921bff,management-vite,4,literal-value,left-bottom,,apps/management-vite/src/pages/flow/analytics/dashboard/tela.tsx:172,2,unknown,,,candidate,,
management-vite-literal-value-633417b5,management-vite,4,literal-value,left-center,,apps/management-vite/src/pages/flow/analytics/dashboard/tela.tsx:172,3,unknown,,,candidate,,
management-vite-literal-value-65b0348e,management-vite,4,literal-value,ler,,apps/management-vite/src/pages/contract/catalogo.ts:25,165,unknown,,,candidate,,
management-vite-literal-value-2c799cdd,management-vite,4,literal-value,ler,,apps/management-vite/tests/equipe.test.ts:51,165,unknown,,,candidate,,
management-vite-literal-value-ac56ab17,management-vite,4,literal-value,ma-fundo-enviadas,,apps/management-vite/src/pages/flow/analytics/active-messages/miolo.tsx:145,1,unknown,,,candidate,,
management-vite-literal-value-bdc17986,management-vite,4,literal-value,ma-fundo-falharam,,apps/management-vite/src/pages/flow/analytics/active-messages/miolo.tsx:149,2,unknown,,,candidate,,
management-vite-literal-value-230df717,management-vite,4,literal-value,ma-fundo-lidas,,apps/management-vite/src/pages/flow/analytics/active-messages/miolo.tsx:147,2,unknown,,,candidate,,
management-vite-literal-value-c41b5c90,management-vite,4,literal-value,ma-fundo-recebidas,,apps/management-vite/src/pages/flow/analytics/active-messages/miolo.tsx:146,2,unknown,,,candidate,,
management-vite-literal-value-bc3eebba,management-vite,4,literal-value,ma-fundo-respondidas,,apps/management-vite/src/pages/flow/analytics/active-messages/miolo.tsx:148,2,unknown,,,candidate,,
management-vite-literal-value-276e8da5,management-vite,4,literal-value,membros,,apps/management-vite/src/pages/contract/members/tabela.tsx:600,80,unknown,,,candidate,,
management-vite-literal-value-8a9edc8e,management-vite,4,literal-value,mensagem,,apps/management-vite/src/pages/builder/queues-panel.ts:124,992,unknown,,,candidate,,
management-vite-literal-value-0ecbceca,management-vite,4,literal-value,nao_contem,,apps/management-vite/src/pages/builder/queues-panel.ts:132,12,unknown,,,candidate,,
management-vite-literal-value-79be7847,management-vite,4,literal-value,nao-gostei,,apps/management-vite/src/pages/flow/analytics/dashboard/tela.tsx:1159,2,unknown,,,candidate,,
management-vite-literal-value-40458966,management-vite,4,literal-value,nenhuma,,apps/management-vite/src/pages/flow/integrations/webhook/gravar.ts:10,332,unknown,,,candidate,,
management-vite-literal-value-ef218070,management-vite,4,literal-value,nenhum,,apps/management-vite/src/lib/communication.ts:33,415,unknown,,,candidate,,
management-vite-literal-value-d3809ab8,management-vite,4,literal-value,nenhum,,apps/management-vite/src/lib/history.ts:73,415,unknown,,,candidate,,
management-vite-literal-value-fb1ac026,management-vite,4,literal-value,nenhum,,apps/management-vite/src/pages/flow/team/permissions.ts:51,415,unknown,,,candidate,,
management-vite-literal-value-b97f23b2,management-vite,4,literal-value,nenhum,,apps/management-vite/src/pages/registrations/communication-templates-formulario.tsx:17,415,unknown,,,candidate,,
management-vite-literal-value-945c0258,management-vite,4,literal-value,nenhum,,apps/management-vite/tests/equipe.test.ts:51,415,unknown,,,candidate,,
management-vite-literal-value-0f7f761e,management-vite,4,literal-value,nome,,apps/management-vite/src/pages/contract/members/tabela.tsx:54,3798,unknown,,,candidate,,
management-vite-literal-value-be04b85d,management-vite,4,literal-value,nps,,apps/management-vite/src/lib/pesquisa.ts:5,36,unknown,,,candidate,,
management-vite-literal-value-a49a7f37,management-vite,4,literal-value,pagamento,,apps/management-vite/src/pages/flow/contents/regras.ts:11,41,unknown,,,candidate,,
management-vite-literal-value-d3528106,management-vite,4,literal-value,papel,,apps/management-vite/src/pages/contract/members/tabela.tsx:54,270,unknown,,,candidate,,
management-vite-literal-value-23b1c7a3,management-vite,4,literal-value,pausa,,apps/management-vite/src/pages/operation/monitoring.tsx:56,139,unknown,,,candidate,,
management-vite-literal-value-4cee1f3a,management-vite,4,literal-value,permissao,,apps/management-vite/src/pages/builder/queues-panel.ts:63,37,unknown,,,candidate,,
management-vite-literal-value-78445cea,management-vite,4,literal-value,primeira_resposta,,apps/management-vite/src/lib/pesquisa.ts:30,46,unknown,,,candidate,,
management-vite-literal-value-bb064021,management-vite,4,literal-value,publicada,,apps/management-vite/tests/builder-painels.test.ts:297,98,unknown,,,candidate,,
management-vite-literal-value-4329e1a8,management-vite,4,literal-value,publicada,,apps/management-vite/tests/builder-painels.test.ts:323,98,unknown,,,candidate,,
management-vite-literal-value-330c1f75,management-vite,4,literal-value,regras,,apps/management-vite/src/pages/builder/queues-panel.ts:63,387,unknown,,,candidate,,
management-vite-literal-value-ea4b9477,management-vite,4,literal-value,reservado,,apps/management-vite/src/pages/builder/queues-panel.ts:25,51,unknown,,,candidate,,
management-vite-literal-value-66de3b7f,management-vite,4,literal-value,roteador,,apps/management-vite/src/pages/flow/itens.ts:37,433,unknown,,,candidate,,
management-vite-literal-value-3a42a33e,management-vite,4,literal-value,roteador,,apps/management-vite/tests/flow-detalhe.test.ts:21,433,unknown,,,candidate,,
management-vite-literal-value-922f3045,management-vite,4,literal-value,roteador,,apps/management-vite/tests/flow-detalhe.test.ts:28,433,unknown,,,candidate,,
management-vite-literal-value-beb6fbbc,management-vite,4,literal-value,roteador,,apps/management-vite/tests/flow-detalhe.test.ts:35,433,unknown,,,candidate,,
management-vite-literal-value-2ee2c502,management-vite,4,literal-value,roteador,,apps/management-vite/tests/flow-detalhe.test.ts:44,433,unknown,,,candidate,,
management-vite-literal-value-3ce0cefa,management-vite,4,literal-value,roteador,,apps/management-vite/tests/flow-detalhe.test.ts:55,433,unknown,,,candidate,,
management-vite-literal-value-4df42808,management-vite,4,literal-value,saida,,apps/management-vite/tests/analytics-journey.test.ts:11,345,unknown,,,candidate,,
management-vite-literal-value-6308012f,management-vite,4,literal-value,saida,,apps/management-vite/tests/analytics-journey.test.ts:13,345,unknown,,,candidate,,
management-vite-literal-value-89c56620,management-vite,4,literal-value,sem_arquivo,,apps/management-vite/src/lib/certificados.ts:14,5,unknown,,,candidate,,
management-vite-literal-value-4b1c9c1d,management-vite,4,literal-value,sem_regra,,apps/management-vite/src/lib/sla.ts:17,5,unknown,,,candidate,,
management-vite-literal-value-32978428,management-vite,4,literal-value,suporte,,apps/management-vite/src/pages/create/flow/page.tsx:79,142,unknown,,,candidate,,
management-vite-literal-value-6a58f498,management-vite,4,literal-value,tempo-limite-acoes,,apps/management-vite/src/pages/builder/configuration-sections.ts:79,2,unknown,,,candidate,,
management-vite-literal-value-512840fe,management-vite,4,literal-value,texto,,apps/management-vite/src/lib/communication.ts:33,1706,unknown,,,candidate,,
management-vite-literal-value-e00d9e7c,management-vite,4,literal-value,texto,,apps/management-vite/src/pages/flow/contents/regras.ts:7,1706,unknown,,,candidate,,
management-vite-literal-value-979c031a,management-vite,4,literal-value,texto,,apps/management-vite/src/pages/registrations/communication-templates-formulario.tsx:17,1706,unknown,,,candidate,,
management-vite-literal-value-38f9d677,management-vite,4,literal-value,texto,,apps/management-vite/tests/conteudos-regras.test.ts:81,1706,unknown,,,candidate,,
management-vite-literal-value-add9c559,management-vite,4,literal-value,usuario,,apps/management-vite/src/pages/builder/panel-variables.tsx:22,233,unknown,,,candidate,,
management-vite-literal-value-8fc8e031,management-vite,4,literal-value,utilidade,,apps/management-vite/src/lib/communication.ts:2,51,unknown,,,candidate,,
management-vite-literal-value-195ac3d7,management-vite,4,literal-value,utilidade,,apps/management-vite/src/pages/flow/contents/regras.ts:17,51,unknown,,,candidate,,
management-vite-literal-value-90b97a01,management-vite,4,literal-value,utilidade,,apps/management-vite/src/pages/registrations/communication-templates-formulario.tsx:8,51,unknown,,,candidate,,
management-vite-literal-value-97b585e3,management-vite,4,literal-value,variaveis-configuracao,,apps/management-vite/src/pages/builder/configuration-sections.ts:98,2,unknown,,,candidate,,
management-vite-literal-value-05a8bba0,management-vite,4,literal-value,variaveis-sensiveis,,apps/management-vite/src/pages/builder/configuration-sections.ts:105,2,unknown,,,candidate,,
management-vite-literal-value-06aacbc6,management-vite,4,literal-value,variaveis,,apps/management-vite/src/pages/builder/panel-configuration.tsx:47,80,unknown,,,candidate,,
management-vite-literal-value-cda50256,management-vite,4,literal-value,vazio,,apps/management-vite/src/pages/flow/contents/regras.ts:135,229,unknown,,,candidate,,
management-vite-literal-value-437619d0,management-vite,4,literal-value,versoes,,apps/management-vite/src/pages/builder/panel-configuration.tsx:47,32,unknown,,,candidate,,
management-vite-literal-value-0948379d,management-vite,4,literal-value,visao-geral,,apps/management-vite/src/pages/flow/integrations/webhook/tela.tsx:51,27,unknown,,,candidate,,
management-vite-literal-value-eff27039,management-vite,4,literal-value,Você precisa dar um nome para essa fila,,apps/management-vite/src/pages/builder/queues-panel.ts:25,0,unknown,,,candidate,,
management-vite-symbol-b70a15e1,management-vite,4,symbol,ABA_PADRAO,,apps/management-vite/src/pages/flow/analytics/abas.ts:162,3,no,,,candidate,,
management-vite-symbol-f755df6a,management-vite,4,symbol,AbaPerfil,,apps/management-vite/src/pages/flow/channels/whatsapp/perfil.tsx:258,3,no,,,candidate,,
management-vite-symbol-a5b66b17,management-vite,4,symbol,AbaVisaoGeral,,apps/management-vite/src/pages/flow/channels/whatsapp/visao-geral.tsx:28,3,no,,,candidate,,
management-vite-symbol-124d4474,management-vite,4,symbol,abrirFilas,,apps/management-vite/src/pages/builder.tsx:169,2,no,,,candidate,,
management-vite-symbol-faaa2abb,management-vite,4,symbol,abrirFuncoes,,apps/management-vite/src/pages/builder.tsx:187,5,no,,,candidate,,
management-vite-symbol-78da3313,management-vite,4,symbol,abrirFuncoes,,apps/management-vite/src/pages/builder/panel-configuration.tsx:86,5,no,,,candidate,,
management-vite-symbol-9df45e80,management-vite,4,symbol,abrirMenuDoFundo,,apps/management-vite/src/pages/builder/canvas.tsx:301,2,no,,,candidate,,
management-vite-symbol-9b122a82,management-vite,4,symbol,acaoSemSuporte,,apps/management-vite/src/pages/builder/actions-of-block.ts:352,3,no,,,candidate,,
management-vite-symbol-8ab6fc0e,management-vite,4,symbol,acaoTemDependenciaExterna,,apps/management-vite/src/pages/builder/actions-of-block.ts:355,12,no,,,candidate,,
management-vite-symbol-5295b513,management-vite,4,symbol,acoes,,apps/management-vite/tests/builder-actions.test.ts:206,62,no,,,candidate,,
management-vite-symbol-3ef7987a,management-vite,4,symbol,adicionarConteudo,,apps/management-vite/src/pages/builder/conteudo.ts:311,16,no,,,candidate,,
management-vite-symbol-aae583e8,management-vite,4,symbol,adicionarSaida,,apps/management-vite/src/pages/builder/conditions.ts:117,6,no,,,candidate,,
management-vite-symbol-7e0a781d,management-vite,4,symbol,agora,,apps/management-vite/src/lib/periodos.ts:22,466,no,,,candidate,,
management-vite-symbol-18c3fd59,management-vite,4,symbol,aguardarMinimo,,apps/management-vite/src/pages/builder.tsx:163,4,no,,,candidate,,
management-vite-symbol-8e0dfd74,management-vite,4,symbol,aindaPausado,,apps/management-vite/tests/builder-toast.test.ts:65,3,no,,,candidate,,
management-vite-symbol-15c6abca,management-vite,4,symbol,alertaBruto,,apps/management-vite/src/pages/registrations/regras-sla-formulario.tsx:13,3,no,,,candidate,,
management-vite-symbol-0df9ef6d,management-vite,4,symbol,algumAtivo,,apps/management-vite/src/pages/flow/integrations/webhook/tela.tsx:56,2,no,,,candidate,,
management-vite-symbol-aa728cc6,management-vite,4,symbol,algumaUrlRepeteWebhookExistente,,apps/management-vite/src/pages/flow/integrations/webhook/tela.tsx:83,2,no,,,candidate,,
management-vite-symbol-780ff47a,management-vite,4,symbol,alternarAtivo,,apps/management-vite/src/pages/flow/integrations/webhook/tela.tsx:149,2,no,,,candidate,,
management-vite-symbol-b7a3021a,management-vite,4,symbol,alternarFiltroDePesquisa,,apps/management-vite/src/pages/builder/panel-outputs.tsx:78,2,no,,,candidate,,
management-vite-symbol-7c783b4b,management-vite,4,symbol,alternarMotivoPausa,,apps/management-vite/src/lib/registrations-gravar.ts:127,2,no,,,candidate,,
management-vite-symbol-32a89aa0,management-vite,4,symbol,alternarRespostaPronta,,apps/management-vite/src/lib/communication-gravar.ts:10,3,no,,,candidate,,
management-vite-symbol-ea00fb0b,management-vite,4,symbol,alternarTodos,,apps/management-vite/src/pages/registrations/agents-management.tsx:52,5,no,,,candidate,,
management-vite-symbol-db83064b,management-vite,4,symbol,alternarTodosVisiveis,,apps/management-vite/src/lib/history.ts:50,4,no,,,candidate,,
management-vite-symbol-55442b51,management-vite,4,symbol,aoClicarFora,,apps/management-vite/src/pages/builder.tsx:114,9,no,,,candidate,,
management-vite-symbol-9d765a81,management-vite,4,symbol,aoClicarFora,,apps/management-vite/src/pages/builder/destination-picker.tsx:41,9,no,,,candidate,,
management-vite-symbol-aecfd3fd,management-vite,4,symbol,aoPressionarFundo,,apps/management-vite/src/pages/builder/canvas.tsx:198,2,no,,,candidate,,
management-vite-symbol-494b3e55,management-vite,4,symbol,aoPressionarSaida,,apps/management-vite/src/pages/builder/canvas.tsx:183,2,no,,,candidate,,
management-vite-symbol-181bd47a,management-vite,4,symbol,aoSoltar,,apps/management-vite/src/pages/builder/canvas.tsx:227,4,no,,,candidate,,
management-vite-symbol-01086de4,management-vite,4,symbol,aplicarBusca,,apps/management-vite/src/pages/builder/panel-queues.tsx:38,2,no,,,candidate,,
management-vite-symbol-cca94252,management-vite,4,symbol,ARRANJO,,apps/management-vite/src/pages/builder/model.ts:164,1,no,,,candidate,,
management-vite-symbol-fade0533,management-vite,4,symbol,Arrasto,,apps/management-vite/src/pages/builder/canvas.tsx:47,2,no,,,candidate,,
management-vite-symbol-2ff66589,management-vite,4,symbol,assinatura,,apps/management-vite/src/pages/builder/flow-functions.ts:66,94,no,,,candidate,,
management-vite-symbol-ab1eca7b,management-vite,4,symbol,ativar,,apps/management-vite/src/pages/flow/channels/conexao.tsx:73,27,no,,,candidate,,
management-vite-symbol-15896661,management-vite,4,symbol,ativo,,apps/management-vite/src/pages/builder/flow-functions-panel.tsx:312,338,no,,,candidate,,
management-vite-symbol-4291c70e,management-vite,4,symbol,ativo,,apps/management-vite/src/pages/builder/flow-functions-panel.tsx:375,338,no,,,candidate,,
management-vite-symbol-abe895af,management-vite,4,symbol,ativo,,apps/management-vite/src/pages/builder/panel-configuration.tsx:200,338,no,,,candidate,,
management-vite-symbol-b21a2785,management-vite,4,symbol,ativo,,apps/management-vite/src/pages/builder/panel-variables.tsx:83,338,no,,,candidate,,
management-vite-symbol-7a9bcd51,management-vite,4,symbol,ativo,,apps/management-vite/src/pages/flow/contacts/detalhe/detalhe.tsx:35,338,no,,,candidate,,
management-vite-symbol-a28a63f3,management-vite,4,symbol,ativo,,apps/management-vite/src/pages/flow/growth/navigation.tsx:57,338,no,,,candidate,,
management-vite-symbol-81c9801d,management-vite,4,symbol,atribuidas,,apps/management-vite/src/components/monitoring-detailed.tsx:609,2,no,,,candidate,,
management-vite-symbol-517cf672,management-vite,4,symbol,Atualizado,,apps/management-vite/src/pages/flow/analytics/data-dictionary/pages.tsx:13,42,no,,,candidate,,
management-vite-symbol-7b0e6509,management-vite,4,symbol,atualizado,,apps/management-vite/tests/builder-content.test.ts:73,18,no,,,candidate,,
management-vite-symbol-12efab2c,management-vite,4,symbol,Aviso,,apps/management-vite/src/pages/contract/certificates/tela.tsx:431,27,no,,,candidate,,
management-vite-symbol-b3721915,management-vite,4,symbol,aviso,,apps/management-vite/src/pages/login.tsx:100,216,no,,,candidate,,
management-vite-symbol-a0dc897a,management-vite,4,symbol,avisoDasFilas,,apps/management-vite/src/pages/builder.tsx:133,2,no,,,candidate,,
management-vite-symbol-373c3555,management-vite,4,symbol,BalaoIndisponivel,,apps/management-vite/src/pages/flow/contents/tela.tsx:83,2,no,,,candidate,,
management-vite-symbol-362dc63c,management-vite,4,symbol,bloco,,apps/management-vite/tests/builder-content.test.ts:112,854,no,,,candidate,,
management-vite-symbol-a3262bed,management-vite,4,symbol,bloco,,apps/management-vite/tests/builder-content.test.ts:124,854,no,,,candidate,,
management-vite-symbol-f3b9ad38,management-vite,4,symbol,bloco,,apps/management-vite/tests/builder-content.test.ts:172,854,no,,,candidate,,
management-vite-symbol-81659c1b,management-vite,4,symbol,bloco,,apps/management-vite/tests/builder-content.test.ts:43,854,no,,,candidate,,
management-vite-symbol-e35a3370,management-vite,4,symbol,bloco,,apps/management-vite/tests/builder-content.test.ts:58,854,no,,,candidate,,
management-vite-symbol-a8a03009,management-vite,4,symbol,bloco,,apps/management-vite/tests/builder-content.test.ts:68,854,no,,,candidate,,
management-vite-symbol-08540e66,management-vite,4,symbol,bloco,,apps/management-vite/tests/builder-content.test.ts:81,854,no,,,candidate,,
management-vite-symbol-5e40b37b,management-vite,4,symbol,bloco,,apps/management-vite/tests/builder-content.test.ts:99,854,no,,,candidate,,
management-vite-symbol-f51d696e,management-vite,4,symbol,bloco,,apps/management-vite/tests/builder-editor.test.ts:304,854,no,,,candidate,,
management-vite-symbol-2fac27ec,management-vite,4,symbol,bloco,,apps/management-vite/tests/builder-editor.test.ts:311,854,no,,,candidate,,
management-vite-symbol-5ad64a5b,management-vite,4,symbol,bloco,,apps/management-vite/tests/builder-editor.test.ts:320,854,no,,,candidate,,
management-vite-symbol-e82aed70,management-vite,4,symbol,bloco,,apps/management-vite/tests/builder-painels.test.ts:425,854,no,,,candidate,,
management-vite-symbol-24a1801e,management-vite,4,symbol,bloco,,apps/management-vite/tests/builder-search.test.ts:100,854,no,,,candidate,,
management-vite-symbol-d4915741,management-vite,4,symbol,bloco,,apps/management-vite/tests/builder-search.test.ts:67,854,no,,,candidate,,
management-vite-symbol-5808c89e,management-vite,4,symbol,bloco,,apps/management-vite/tests/builder-search.test.ts:73,854,no,,,candidate,,
management-vite-symbol-fdcd985f,management-vite,4,symbol,bloco,,apps/management-vite/tests/builder-search.test.ts:78,854,no,,,candidate,,
management-vite-symbol-c6f5ec4c,management-vite,4,symbol,bloco,,apps/management-vite/tests/builder-search.test.ts:84,854,no,,,candidate,,
management-vite-symbol-f978d71d,management-vite,4,symbol,bloco,,apps/management-vite/tests/builder-search.test.ts:90,854,no,,,candidate,,
management-vite-symbol-4c6d16f1,management-vite,4,symbol,bloco,,apps/management-vite/tests/builder-search.test.ts:95,854,no,,,candidate,,
management-vite-symbol-8aa2920d,management-vite,4,symbol,blocoComAcao,,apps/management-vite/tests/builder-search.test.ts:38,3,no,,,candidate,,
management-vite-symbol-9c630790,management-vite,4,symbol,blocoComConteudo,,apps/management-vite/tests/builder-search.test.ts:46,3,no,,,candidate,,
management-vite-symbol-cdc9edf4,management-vite,4,symbol,blocoComSaida,,apps/management-vite/tests/builder-search.test.ts:27,3,no,,,candidate,,
management-vite-symbol-7feb5629,management-vite,4,symbol,blocoComTag,,apps/management-vite/tests/builder-search.test.ts:22,2,no,,,candidate,,
management-vite-symbol-329c051c,management-vite,4,symbol,blocos,,apps/management-vite/src/pages/builder.tsx:289,240,no,,,candidate,,
management-vite-symbol-b672d110,management-vite,4,symbol,blocos,,apps/management-vite/src/pages/builder/canvas.tsx:258,240,no,,,candidate,,
management-vite-symbol-ae6a292c,management-vite,4,symbol,BLOCOS,,apps/management-vite/src/pages/flow/contents/tela.tsx:35,7,no,,,candidate,,
management-vite-symbol-270b3cb1,management-vite,4,symbol,blocos,,apps/management-vite/tests/builder-editor.test.ts:344,240,no,,,candidate,,
management-vite-symbol-a20525bc,management-vite,4,symbol,blocos,,apps/management-vite/tests/builder-editor.test.ts:356,240,no,,,candidate,,
management-vite-symbol-16527414,management-vite,4,symbol,blocos,,apps/management-vite/tests/builder-editor.test.ts:367,240,no,,,candidate,,
management-vite-symbol-a5b28d2d,management-vite,4,symbol,blocos,,apps/management-vite/tests/builder-editor.test.ts:375,240,no,,,candidate,,
management-vite-symbol-20cf83b4,management-vite,4,symbol,blocosDoMenu,,apps/management-vite/src/pages/flow/contents/regras.ts:44,10,no,,,candidate,,
management-vite-symbol-012a38f3,management-vite,4,symbol,BoasVindas,,apps/management-vite/src/pages/portal.tsx:237,2,no,,,candidate,,
management-vite-symbol-8472dab9,management-vite,4,symbol,bolhaConteudo,,apps/management-vite/src/pages/builder/test-panel.tsx:24,3,no,,,candidate,,
management-vite-symbol-6a24087b,management-vite,4,symbol,botao,,apps/management-vite/src/pages/contract/members/tabela.tsx:423,24,no,,,candidate,,
management-vite-symbol-e07e68d4,management-vite,4,symbol,Botao,,apps/management-vite/src/pages/flow/cards.tsx:15,223,no,,,candidate,,
management-vite-symbol-51cab90b,management-vite,4,symbol,BotaoAtualizar,,apps/management-vite/src/pages/operation/monitoring.tsx:63,2,no,,,candidate,,
management-vite-symbol-a20398e7,management-vite,4,symbol,BotaoBaixar,,apps/management-vite/src/pages/operation/reports-attendance.tsx:92,3,no,,,candidate,,
management-vite-symbol-60bb51fd,management-vite,4,symbol,BotaoBds,,apps/management-vite/src/pages/flow/settings/pecas.tsx:198,52,no,,,candidate,,
management-vite-symbol-1b62a004,management-vite,4,symbol,botaoCopiar,,apps/management-vite/src/pages/builder/panel-variables.tsx:82,3,no,,,candidate,,
management-vite-symbol-fff356b7,management-vite,4,symbol,BotaoCopiar,,apps/management-vite/src/pages/contract/copiar.tsx:6,4,no,,,candidate,,
management-vite-symbol-570b213c,management-vite,4,symbol,BotaoCopiarLink,,apps/management-vite/src/pages/flow/growth/tracked-links/links-rastreados.tsx:18,2,no,,,candidate,,
management-vite-symbol-2aefd1c0,management-vite,4,symbol,BotaoCsv,,apps/management-vite/src/pages/flow/analytics/dashboard/tela.tsx:261,4,no,,,candidate,,
management-vite-symbol-44ac9cf3,management-vite,4,symbol,BotaoDaBarra,,apps/management-vite/src/pages/builder.tsx:33,15,no,,,candidate,,
management-vite-symbol-25628e66,management-vite,4,symbol,BotaoDeIcone,,apps/management-vite/src/pages/contract/certificates/tela.tsx:356,41,no,,,candidate,,
management-vite-symbol-29901ad2,management-vite,4,symbol,BotaoDeIcone,,apps/management-vite/src/pages/flow/settings/pecas.tsx:217,41,no,,,candidate,,
management-vite-symbol-dc183e65,management-vite,4,symbol,bruto,,apps/management-vite/src/lib/nota-evaluation.ts:26,276,no,,,candidate,,
management-vite-symbol-a8913d79,management-vite,4,symbol,bruto,,apps/management-vite/src/pages/builder/actions-of-block.ts:457,276,no,,,candidate,,
management-vite-symbol-7a3038b6,management-vite,4,symbol,bruto,,apps/management-vite/src/pages/builder/actions-of-block.ts:471,276,no,,,candidate,,
management-vite-symbol-248eda6d,management-vite,4,symbol,bruto,,apps/management-vite/src/pages/builder/actions-of-block.ts:512,276,no,,,candidate,,
management-vite-symbol-45586c45,management-vite,4,symbol,bruto,,apps/management-vite/src/pages/builder/search.ts:29,276,no,,,candidate,,
management-vite-symbol-5c384714,management-vite,4,symbol,CABECALHO_TEXTO_MAX,,apps/management-vite/src/pages/registrations/communication-templates-formulario.tsx:21,9,no,,,candidate,,
management-vite-symbol-2418c3d0,management-vite,4,symbol,Cabecalho,,apps/management-vite/src/pages/registrations/communication-templates-formulario.tsx:18,9,no,,,candidate,,
management-vite-symbol-81258d37,management-vite,4,symbol,CabecalhoCustomizado,,apps/management-vite/src/pages/flow/integrations/webhook/gravar.ts:30,14,no,,,candidate,,
management-vite-symbol-18aae580,management-vite,4,symbol,CabecalhoHttp,,apps/management-vite/src/pages/builder/actions-of-block.ts:450,3,no,,,candidate,,
management-vite-symbol-6c393407,management-vite,4,symbol,CabecalhoInfo,,apps/management-vite/src/pages/builder/cabecalho-info.tsx:4,19,no,,,candidate,,
management-vite-symbol-394eab06,management-vite,4,symbol,CABECALHOS_TEMPLATE,,apps/management-vite/src/lib/communication.ts:33,7,no,,,candidate,,
management-vite-symbol-22f39ca9,management-vite,4,symbol,cabecalhos,,apps/management-vite/src/pages/builder/panel-content.tsx:513,103,no,,,candidate,,
management-vite-symbol-70b50d97,management-vite,4,symbol,CABECALHOS,,apps/management-vite/src/pages/registrations/communication-templates-formulario.tsx:17,2,no,,,candidate,,
management-vite-symbol-77dd319d,management-vite,4,symbol,cabecalhosDoCampo,,apps/management-vite/src/pages/builder/actions-of-block.ts:456,5,no,,,candidate,,
management-vite-symbol-dbda4bee,management-vite,4,symbol,cabecalhosPreenchidos,,apps/management-vite/src/pages/flow/integrations/webhook/tela.tsx:129,2,no,,,candidate,,
management-vite-symbol-7dd67d80,management-vite,4,symbol,CabecalhoTemplate,,apps/management-vite/src/lib/communication.ts:34,16,no,,,candidate,,
management-vite-symbol-88acafa0,management-vite,4,symbol,caixaContemPonto,,apps/management-vite/src/pages/builder/setas.ts:39,8,no,,,candidate,,
management-vite-symbol-dd24c1b4,management-vite,4,symbol,CAMPO_DO_CODIGO,,apps/management-vite/src/lib/registrations-gravar.ts:36,2,no,,,candidate,,
management-vite-symbol-364c8c37,management-vite,4,symbol,CAMPO_OBRIGATORIO,,apps/management-vite/src/pages/builder/queue-rules.tsx:51,3,no,,,candidate,,
management-vite-symbol-45c0722f,management-vite,4,symbol,Campo,,apps/management-vite/src/components/lista-history.tsx:28,297,no,,,candidate,,
management-vite-symbol-7469700f,management-vite,4,symbol,campo,,apps/management-vite/src/lib/channels-gravar.ts:23,819,no,,,candidate,,
management-vite-symbol-4f4ed619,management-vite,4,symbol,campo,,apps/management-vite/src/lib/registrations-gravar.ts:50,819,no,,,candidate,,
management-vite-symbol-e6022391,management-vite,4,symbol,campo,,apps/management-vite/src/pages/builder/queues-panel.ts:244,819,no,,,candidate,,
management-vite-symbol-a0050746,management-vite,4,symbol,Campo,,apps/management-vite/src/pages/contract/certificates/tela.tsx:691,297,no,,,candidate,,
management-vite-symbol-1fc41a8e,management-vite,4,symbol,Campo,,apps/management-vite/src/pages/contract/members/tabela.tsx:54,297,no,,,candidate,,
management-vite-symbol-573f997a,management-vite,4,symbol,campo,,apps/management-vite/src/pages/deployment/actions.ts:90,819,no,,,candidate,,
management-vite-symbol-69057f3b,management-vite,4,symbol,Campo,,apps/management-vite/src/pages/flow/cards.tsx:223,297,no,,,candidate,,
management-vite-symbol-a8120d37,management-vite,4,symbol,campo,,apps/management-vite/src/pages/flow/growth/tracked-links/gravar.ts:13,819,no,,,candidate,,
management-vite-symbol-df28273f,management-vite,4,symbol,Campo,,apps/management-vite/src/pages/flow/integrations/webhook/tela.tsx:621,297,no,,,candidate,,
management-vite-symbol-d9062dca,management-vite,4,symbol,campo,,apps/management-vite/tests/builder-actions.test.ts:33,819,no,,,candidate,,
management-vite-symbol-7bf3c45b,management-vite,4,symbol,campoAte,,apps/management-vite/src/components/panel-filters.tsx:166,2,no,,,candidate,,
management-vite-symbol-567ecba7,management-vite,4,symbol,CampoBds,,apps/management-vite/src/pages/flow/settings/pecas.tsx:115,17,no,,,candidate,,
management-vite-symbol-38706e23,management-vite,4,symbol,CampoCopiavel,,apps/management-vite/src/pages/flow/settings/pecas.tsx:80,13,no,,,candidate,,
management-vite-symbol-ba80a570,management-vite,4,symbol,CampoDaAcao,,apps/management-vite/src/pages/builder/actions-of-block.ts:17,7,no,,,candidate,,
management-vite-symbol-38a7d273,management-vite,4,symbol,campoDe,,apps/management-vite/src/components/panel-filters.tsx:165,2,no,,,candidate,,
management-vite-symbol-0982c7af,management-vite,4,symbol,CampoDeLinha,,apps/management-vite/src/pages/flow/settings/basic/tela.tsx:26,4,no,,,candidate,,
management-vite-symbol-0c534e71,management-vite,4,symbol,campoDeTexto,,apps/management-vite/src/pages/contract/members/convidar.tsx:44,2,no,,,candidate,,
management-vite-symbol-32d47a2f,management-vite,4,symbol,campoDoDetalhe,,apps/management-vite/src/lib/registrations-gravar.ts:49,3,no,,,candidate,,
management-vite-symbol-1aee421d,management-vite,4,symbol,campoInicialEhFixo,,apps/management-vite/src/pages/registrations/rules-attendance-formulario.tsx:37,3,no,,,candidate,,
management-vite-symbol-5389ead4,management-vite,4,symbol,campos,,apps/management-vite/src/lib/actions.ts:15,261,no,,,candidate,,
management-vite-symbol-9f9b26cd,management-vite,4,symbol,campos,,apps/management-vite/src/pages/flow/services/regras.ts:24,261,no,,,candidate,,
management-vite-symbol-0ed764bf,management-vite,4,symbol,campos,,apps/management-vite/src/pages/flow/services/tela.tsx:67,261,no,,,candidate,,
management-vite-symbol-6c612a11,management-vite,4,symbol,campos,,apps/management-vite/src/pages/registrations/rules-attendance-formulario.tsx:100,261,no,,,candidate,,
management-vite-symbol-a5aed1e7,management-vite,4,symbol,campos,,apps/management-vite/src/pages/registrations/rules-attendance-formulario.tsx:183,261,no,,,candidate,,
management-vite-symbol-1249742f,management-vite,4,symbol,CamposEscondidos,,apps/management-vite/src/pages/operation/history.tsx:69,3,no,,,candidate,,
management-vite-symbol-cd1ed785,management-vite,4,symbol,carregarMais,,apps/management-vite/src/pages/flow/log/log.tsx:96,2,no,,,candidate,,
management-vite-symbol-21ee77e9,management-vite,4,symbol,cartaoAberto,,apps/management-vite/src/pages/builder/queue-rules.tsx:195,3,no,,,candidate,,
management-vite-symbol-b09b80f2,management-vite,4,symbol,cartao,,apps/management-vite/tests/builder-content.test.ts:51,17,no,,,candidate,,
management-vite-symbol-822b6267,management-vite,4,symbol,cartoes,,apps/management-vite/tests/builder-content.test.ts:49,6,no,,,candidate,,
management-vite-symbol-48b5bf91,management-vite,4,symbol,Categoria,,apps/management-vite/src/pages/flow/contents/regras.ts:18,31,no,,,candidate,,
management-vite-symbol-cb420523,management-vite,4,symbol,categoria,,apps/management-vite/src/pages/updates/page.tsx:49,281,no,,,candidate,,
management-vite-symbol-27c0ab97,management-vite,4,symbol,categoriaDaMidia,,apps/management-vite/src/pages/builder/conteudo.ts:158,3,no,,,candidate,,
management-vite-symbol-7c1f4650,management-vite,4,symbol,CATEGORIAS_DO_PERFIL,,apps/management-vite/src/lib/channels.ts:86,2,no,,,candidate,,
management-vite-symbol-a1dd96af,management-vite,4,symbol,CategoriaTemplate,,apps/management-vite/src/lib/communication.ts:18,14,no,,,candidate,,
management-vite-symbol-2f6abccc,management-vite,4,symbol,CertificadoMtls,,apps/management-vite/src/lib/certificados.ts:17,16,no,,,candidate,,
management-vite-symbol-5dc9e9af,management-vite,4,symbol,chaves,,apps/management-vite/src/pages/flow/settings/keys/tela.tsx:94,189,no,,,candidate,,
management-vite-symbol-c3acd197,management-vite,4,symbol,chaves,,apps/management-vite/tests/settings-rules.test.ts:28,189,no,,,candidate,,
management-vite-symbol-0baa4f6a,management-vite,4,symbol,chavesDe,,apps/management-vite/src/lib/history.ts:111,6,no,,,candidate,,
management-vite-symbol-e3e45fb5,management-vite,4,symbol,cheia,,apps/management-vite/tests/webhook-regras.test.ts:13,25,no,,,candidate,,
management-vite-symbol-b18caeaf,management-vite,4,symbol,cheio,,apps/management-vite/tests/builder-painels.test.ts:66,10,no,,,candidate,,
management-vite-symbol-749b3e24,management-vite,4,symbol,cincoAnosAntes,,apps/management-vite/src/pages/flow/analytics/report-manager/regras.ts:22,5,no,,,candidate,,
management-vite-symbol-4d3833b6,management-vite,4,symbol,classeErro,,apps/management-vite/src/pages/builder/panel-content.tsx:330,10,no,,,candidate,,
management-vite-symbol-19151a45,management-vite,4,symbol,classificarEvento,,apps/management-vite/src/components/registration-embedded-whatsapp.tsx:90,2,no,,,candidate,,
management-vite-symbol-b3749428,management-vite,4,symbol,CLUSTER_DA_CAPTURA,,apps/management-vite/src/pages/flow/analytics/abas.ts:60,7,no,,,candidate,,
management-vite-symbol-7f2174c7,management-vite,4,symbol,codigo,,apps/management-vite/src/components/registration-embedded-whatsapp.tsx:168,595,no,,,candidate,,
management-vite-symbol-f5c98388,management-vite,4,symbol,codigo,,apps/management-vite/src/lib/registrations-gravar.ts:47,595,no,,,candidate,,
management-vite-symbol-71b97c12,management-vite,4,symbol,codigo,,apps/management-vite/src/pages/builder/model.ts:261,595,no,,,candidate,,
management-vite-symbol-a023f06a,management-vite,4,symbol,codigo,,apps/management-vite/src/pages/builder/model.ts:343,595,no,,,candidate,,
management-vite-symbol-cc4376e0,management-vite,4,symbol,codigo,,apps/management-vite/src/pages/flow/growth/tracked-links/gravar.ts:12,595,no,,,candidate,,
management-vite-symbol-162572f3,management-vite,4,symbol,codigo,,apps/management-vite/tests/contract.test.ts:30,595,no,,,candidate,,
management-vite-symbol-05598b30,management-vite,4,symbol,COLUNAS_CSV,,apps/management-vite/src/lib/csv-history.ts:8,2,no,,,candidate,,
management-vite-symbol-51d3fc18,management-vite,4,symbol,COLUNAS_DE_NIVEL,,apps/management-vite/src/pages/flow/team/permissions.ts:17,2,no,,,candidate,,
management-vite-symbol-8251d5e2,management-vite,4,symbol,colunas,,apps/management-vite/src/components/lista-regras.tsx:79,160,no,,,candidate,,
management-vite-symbol-89671de3,management-vite,4,symbol,COLUNAS,,apps/management-vite/src/pages/contract/members/tabela.tsx:57,39,no,,,candidate,,
management-vite-symbol-83c3e58c,management-vite,4,symbol,colunas,,apps/management-vite/src/pages/flow/analytics/dashboard/tela.tsx:1163,160,no,,,candidate,,
management-vite-symbol-5b7f89a8,management-vite,4,symbol,COLUNAS,,apps/management-vite/src/pages/flow/analytics/data-dictionary/pages.tsx:218,39,no,,,candidate,,
management-vite-symbol-3809bc2d,management-vite,4,symbol,colunas,,apps/management-vite/src/pages/flow/analytics/journey/sankey.ts:74,160,no,,,candidate,,
management-vite-symbol-8be9af7d,management-vite,4,symbol,COLUNAS,,apps/management-vite/src/pages/operation/reports-attendance.tsx:53,39,no,,,candidate,,
management-vite-symbol-5ce888dd,management-vite,4,symbol,comAcao,,apps/management-vite/tests/builder-search.test.ts:109,3,no,,,candidate,,
management-vite-symbol-aaacd567,management-vite,4,symbol,comAcaoGlobal,,apps/management-vite/tests/builder-editor.test.ts:146,1,no,,,candidate,,
management-vite-symbol-2fbd6f3b,management-vite,4,symbol,comAntes,,apps/management-vite/src/pages/flow/analytics/dashboard/tela.tsx:428,8,no,,,candidate,,
management-vite-symbol-43a20085,management-vite,4,symbol,comAntes,,apps/management-vite/src/pages/flow/analytics/dashboard/tela.tsx:940,8,no,,,candidate,,
management-vite-symbol-97f035cc,management-vite,4,symbol,com,,apps/management-vite/src/pages/flow/analytics/dashboard/tela.tsx:1221,4824,no,,,candidate,,
management-vite-symbol-c0db1780,management-vite,4,symbol,com,,apps/management-vite/src/pages/flow/analytics/dashboard/tela.tsx:427,4824,no,,,candidate,,
management-vite-symbol-95e8771a,management-vite,4,symbol,com,,apps/management-vite/src/pages/flow/analytics/dashboard/tela.tsx:939,4824,no,,,candidate,,
management-vite-symbol-8db62727,management-vite,4,symbol,com,,apps/management-vite/tests/deployment.test.ts:44,4824,no,,,candidate,,
management-vite-symbol-02d62086,management-vite,4,symbol,combinaCategoria,,apps/management-vite/src/pages/updates/page.tsx:52,2,no,,,candidate,,
management-vite-symbol-d18f76b9,management-vite,4,symbol,comCabecalhos,,apps/management-vite/src/pages/builder/actions-of-block.ts:462,6,no,,,candidate,,
management-vite-symbol-40e1e46e,management-vite,4,symbol,comCampo,,apps/management-vite/src/pages/builder/actions-of-block.ts:415,29,no,,,candidate,,
management-vite-symbol-2608ecaa,management-vite,4,symbol,comCampoJson,,apps/management-vite/src/pages/builder/actions-of-block.ts:437,7,no,,,candidate,,
management-vite-symbol-0d598f02,management-vite,4,symbol,comConteudo,,apps/management-vite/tests/builder-search.test.ts:110,4,no,,,candidate,,
management-vite-symbol-494b9324,management-vite,4,symbol,COMECA_COM_LETRA,,apps/management-vite/src/pages/create/regras-de-nome.ts:109,2,no,,,candidate,,
management-vite-symbol-28995040,management-vite,4,symbol,ComentarioRecente,,apps/management-vite/src/lib/satisfaction.ts:38,5,no,,,candidate,,
management-vite-symbol-9da7eb91,management-vite,4,symbol,comErro,,apps/management-vite/src/pages/builder/panel-content.tsx:329,12,no,,,candidate,,
management-vite-symbol-8a107c5b,management-vite,4,symbol,comFluxo,,apps/management-vite/tests/deployment.test.ts:86,1,no,,,candidate,,
management-vite-symbol-2fa8adbd,management-vite,4,symbol,comFonte,,apps/management-vite/src/pages/builder/conditions.ts:83,3,no,,,candidate,,
management-vite-symbol-f00ebe3a,management-vite,4,symbol,comOPrimeiro,,apps/management-vite/tests/builder-toast.test.ts:12,5,no,,,candidate,,
management-vite-symbol-39f3fcff,management-vite,4,symbol,comOSegundo,,apps/management-vite/tests/builder-toast.test.ts:18,3,no,,,candidate,,
management-vite-symbol-9c60fa36,management-vite,4,symbol,comPesquisa,,apps/management-vite/tests/builder-editor.test.ts:540,2,no,,,candidate,,
management-vite-symbol-478199d7,management-vite,4,symbol,comSaida,,apps/management-vite/tests/builder-search.test.ts:116,2,no,,,candidate,,
management-vite-symbol-1ab678de,management-vite,4,symbol,comSettings,,apps/management-vite/src/pages/builder/conteudo.ts:341,6,no,,,candidate,,
management-vite-symbol-056fa50b,management-vite,4,symbol,comTitulo,,apps/management-vite/src/pages/builder/actions-of-block.ts:485,7,no,,,candidate,,
management-vite-symbol-308c4f30,management-vite,4,symbol,comVariavel,,apps/management-vite/tests/builder-actions.test.ts:69,2,no,,,candidate,,
management-vite-symbol-e0beab43,management-vite,4,symbol,configuracao,,apps/management-vite/src/pages/builder/state.ts:138,73,no,,,candidate,,
management-vite-symbol-21dee946,management-vite,4,symbol,configuracao,,apps/management-vite/tests/builder-painels.test.ts:452,73,no,,,candidate,,
management-vite-symbol-de047e47,management-vite,4,symbol,confirmar,,apps/management-vite/src/pages/builder/queue-rules.tsx:132,106,no,,,candidate,,
management-vite-symbol-0b91097e,management-vite,4,symbol,confirmar,,apps/management-vite/src/pages/flow/channels/conexao.tsx:179,106,no,,,candidate,,
management-vite-symbol-5f78ece5,management-vite,4,symbol,confirmarExclusao,,apps/management-vite/src/pages/builder/queue-rules.tsx:175,6,no,,,candidate,,
management-vite-symbol-2b50794f,management-vite,4,symbol,ConfirmarExclusao,,apps/management-vite/src/pages/flow/analytics/reports/reports.tsx:128,2,no,,,candidate,,
management-vite-symbol-421337cd,management-vite,4,symbol,confirmarExclusao,,apps/management-vite/src/pages/flow/integrations/webhook/tela.tsx:169,6,no,,,candidate,,
management-vite-symbol-f209edc6,management-vite,4,symbol,confirmarExclusao,,apps/management-vite/src/pages/flow/settings/keys/tela.tsx:131,6,no,,,candidate,,
management-vite-symbol-2849386e,management-vite,4,symbol,confirmarNome,,apps/management-vite/src/pages/builder/queue-rules.tsx:105,3,no,,,candidate,,
management-vite-symbol-35152022,management-vite,4,symbol,confirmarTexto,,apps/management-vite/src/pages/contract/members/convidar.tsx:79,3,no,,,candidate,,
management-vite-symbol-a1a4eb80,management-vite,4,symbol,confirmarTitulo,,apps/management-vite/src/pages/builder/queue-rules.tsx:397,3,no,,,candidate,,
management-vite-symbol-853478db,management-vite,4,symbol,Contador,,apps/management-vite/src/pages/flow/analytics/overview/visao-geral.tsx:200,10,no,,,candidate,,
management-vite-symbol-f5c9af68,management-vite,4,symbol,contatos,,apps/management-vite/src/pages/flow/analytics/dashboard/dashboard.tsx:54,433,no,,,candidate,,
management-vite-symbol-229df3e5,management-vite,4,symbol,conteudo,,apps/management-vite/src/pages/builder/model.ts:320,398,no,,,candidate,,
management-vite-symbol-4ea0f177,management-vite,4,symbol,conteudo,,apps/management-vite/src/pages/builder/model.ts:329,398,no,,,candidate,,
management-vite-symbol-38511162,management-vite,4,symbol,conteudo,,apps/management-vite/src/pages/builder/panel-configuration.tsx:212,398,no,,,candidate,,
management-vite-symbol-c566bc31,management-vite,4,symbol,conteudo,,apps/management-vite/src/pages/builder/panel-configuration.tsx:229,398,no,,,candidate,,
management-vite-symbol-0896b4c8,management-vite,4,symbol,conteudo,,apps/management-vite/src/pages/builder/panel-content.tsx:94,398,no,,,candidate,,
management-vite-symbol-3fcf41fa,management-vite,4,symbol,conteudoMidia,,apps/management-vite/src/pages/builder/conteudo.ts:203,8,no,,,candidate,,
management-vite-symbol-7ca378c5,management-vite,4,symbol,continuar,,apps/management-vite/src/pages/login.tsx:104,43,no,,,candidate,,
management-vite-symbol-bcca6425,management-vite,4,symbol,copiado,,apps/management-vite/tests/builder-editor.test.ts:424,68,no,,,candidate,,
management-vite-symbol-569aa394,management-vite,4,symbol,copiado,,apps/management-vite/tests/builder-editor.test.ts:61,68,no,,,candidate,,
management-vite-symbol-bd1bd0c0,management-vite,4,symbol,COPY_TOOLTIP_MS,,apps/management-vite/src/pages/builder/panel-variables.tsx:24,2,no,,,candidate,,
management-vite-symbol-2cb16b6a,management-vite,4,symbol,COR_DO_STATUS,,apps/management-vite/src/pages/flow/contents/tela.tsx:68,2,no,,,candidate,,
management-vite-symbol-db76bb0e,management-vite,4,symbol,cor,,apps/management-vite/src/pages/builder/panel.tsx:32,308,no,,,candidate,,
management-vite-symbol-94d63659,management-vite,4,symbol,cor,,apps/management-vite/src/pages/builder/tags-of-block.ts:57,308,no,,,candidate,,
management-vite-symbol-2438b83a,management-vite,4,symbol,cor,,apps/management-vite/src/pages/flow/analytics/data-dictionary/dictionary.tsx:195,308,no,,,candidate,,
management-vite-symbol-ba1a31cd,management-vite,4,symbol,corDaEtiqueta,,apps/management-vite/src/pages/builder/tags-of-block.ts:56,14,no,,,candidate,,
management-vite-symbol-65ea066d,management-vite,4,symbol,corDoTitulo,,apps/management-vite/src/pages/flow/analytics/data-dictionary/dictionary.tsx:149,3,no,,,candidate,,
management-vite-symbol-6fbd696c,management-vite,4,symbol,corte,,apps/management-vite/src/pages/contract/catalogo.ts:188,91,no,,,candidate,,
management-vite-symbol-8a3123c1,management-vite,4,symbol,criados,,apps/management-vite/src/pages/flow/integrations/webhook/tela.tsx:133,43,no,,,candidate,,
management-vite-symbol-1d88ca74,management-vite,4,symbol,criarNova,,apps/management-vite/src/pages/builder/queue-rules.tsx:129,3,no,,,candidate,,
management-vite-symbol-aa3efb5d,management-vite,4,symbol,cumpridoEm,,apps/management-vite/src/lib/sla.ts:51,8,no,,,candidate,,
management-vite-symbol-6e734c27,management-vite,4,symbol,dados,,apps/management-vite/src/pages/builder/panel-queues.tsx:277,401,no,,,candidate,,
management-vite-symbol-02135b27,management-vite,4,symbol,dados,,apps/management-vite/src/pages/builder/queue-rules.tsx:142,401,no,,,candidate,,
management-vite-symbol-732bdc9a,management-vite,4,symbol,dados,,apps/management-vite/src/pages/builder/queue-rules.tsx:189,401,no,,,candidate,,
management-vite-symbol-6e174802,management-vite,4,symbol,dados,,apps/management-vite/src/pages/builder/test-panel.tsx:25,401,no,,,candidate,,
management-vite-symbol-d2be5249,management-vite,4,symbol,dataComPontos,,apps/management-vite/src/pages/contract/page.tsx:108,2,no,,,candidate,,
management-vite-symbol-e755e4de,management-vite,4,symbol,dataOuNada,,apps/management-vite/src/lib/format.ts:91,39,no,,,candidate,,
management-vite-symbol-54e3fa54,management-vite,4,symbol,definirConteudoDinamico,,apps/management-vite/src/pages/builder/conteudo.ts:405,3,no,,,candidate,,
management-vite-symbol-ab66dcfd,management-vite,4,symbol,definirConteudoHttp,,apps/management-vite/src/pages/builder/conteudo.ts:401,3,no,,,candidate,,
management-vite-symbol-6f225858,management-vite,4,symbol,definirConteudoInterativo,,apps/management-vite/src/pages/builder/conteudo.ts:392,8,no,,,candidate,,
management-vite-symbol-19ae0b70,management-vite,4,symbol,definirMidia,,apps/management-vite/src/pages/builder/conteudo.ts:366,8,no,,,candidate,,
management-vite-symbol-89a91bb9,management-vite,4,symbol,definirSaidaPadrao,,apps/management-vite/src/pages/builder/conditions.ts:175,3,no,,,candidate,,
management-vite-symbol-a9690fc1,management-vite,4,symbol,definirTexto,,apps/management-vite/src/pages/builder/conteudo.ts:358,8,no,,,candidate,,
management-vite-symbol-341d344b,management-vite,4,symbol,denominador,,apps/management-vite/src/lib/format.ts:49,61,no,,,candidate,,
management-vite-symbol-908931b5,management-vite,4,symbol,dependenciaExterna,,apps/management-vite/src/pages/builder/panel-actions.tsx:390,5,no,,,candidate,,
management-vite-symbol-28f60fae,management-vite,4,symbol,depois,,apps/management-vite/tests/sla.test.ts:13,685,no,,,candidate,,
management-vite-symbol-6af5bdc6,management-vite,4,symbol,depoisDoImport,,apps/management-vite/tests/builder-editor.test.ts:530,1,no,,,candidate,,
management-vite-symbol-da12887e,management-vite,4,symbol,deriva,,apps/management-vite/src/pages/fundo-pipe.tsx:100,8,no,,,candidate,,
management-vite-symbol-ce109364,management-vite,4,symbol,desconectarInstagram,,apps/management-vite/src/lib/channels-gravar.ts:224,4,no,,,candidate,,
management-vite-symbol-4dde4a1f,management-vite,4,symbol,desconectarMessenger,,apps/management-vite/src/lib/channels-gravar.ts:235,4,no,,,candidate,,
management-vite-symbol-b31ef678,management-vite,4,symbol,desconectarWhatsapp,,apps/management-vite/src/lib/channels-gravar.ts:103,1,no,,,candidate,,
management-vite-symbol-793471d0,management-vite,4,symbol,DescricaoParte,,apps/management-vite/src/pages/builder/cabecalho-info.tsx:41,11,no,,,candidate,,
management-vite-symbol-b747e1da,management-vite,4,symbol,desenho,,apps/management-vite/tests/builder-editor.test.ts:322,188,no,,,candidate,,
management-vite-symbol-1fe2b148,management-vite,4,symbol,desenho,,apps/management-vite/tests/builder-editor.test.ts:36,188,no,,,candidate,,
management-vite-symbol-cbc0bc57,management-vite,4,symbol,desenho,,apps/management-vite/tests/builder-painels.test.ts:361,188,no,,,candidate,,
management-vite-symbol-c86d0af5,management-vite,4,symbol,desligado,,apps/management-vite/tests/channel-of-flow.test.ts:55,54,no,,,candidate,,
management-vite-symbol-cdd52e31,management-vite,4,symbol,desligado,,apps/management-vite/tests/channel-of-flow.test.ts:63,54,no,,,candidate,,
management-vite-symbol-fe99b1fe,management-vite,4,symbol,destinoA,,apps/management-vite/tests/builder-editor.test.ts:218,5,no,,,candidate,,
management-vite-symbol-18f35d8e,management-vite,4,symbol,destino,,apps/management-vite/tests/builder-editor.test.ts:192,391,no,,,candidate,,
management-vite-symbol-412cb1d4,management-vite,4,symbol,destino,,apps/management-vite/tests/builder-editor.test.ts:208,391,no,,,candidate,,
management-vite-symbol-b5deb374,management-vite,4,symbol,destino,,apps/management-vite/tests/builder-editor.test.ts:255,391,no,,,candidate,,
management-vite-symbol-e24d9968,management-vite,4,symbol,destino,,apps/management-vite/tests/builder-editor.test.ts:272,391,no,,,candidate,,
management-vite-symbol-a2337a34,management-vite,4,symbol,destino,,apps/management-vite/tests/builder-editor.test.ts:281,391,no,,,candidate,,
management-vite-symbol-8cfccf74,management-vite,4,symbol,destinoB,,apps/management-vite/tests/builder-editor.test.ts:219,5,no,,,candidate,,
management-vite-symbol-ba27f358,management-vite,4,symbol,destinos,,apps/management-vite/src/pages/builder/panel-outputs.tsx:67,26,no,,,candidate,,
management-vite-symbol-bca10fa7,management-vite,4,symbol,destinos,,apps/management-vite/src/pages/flow/growth/active-messages/tela.tsx:100,26,no,,,candidate,,
management-vite-symbol-f003e3e3,management-vite,4,symbol,destinosDaSaida,,apps/management-vite/src/pages/builder/panel-outputs.tsx:76,2,no,,,candidate,,
management-vite-symbol-a152fe17,management-vite,4,symbol,DIAS_DA_SEMANA,,apps/management-vite/src/lib/format.ts:104,8,no,,,candidate,,
management-vite-symbol-6d322def,management-vite,4,symbol,Dica,,apps/management-vite/src/components/metrica.tsx:42,37,no,,,candidate,,
management-vite-symbol-2f65096b,management-vite,4,symbol,dica,,apps/management-vite/src/pages/contract/certificates/tela.tsx:341,148,no,,,candidate,,
management-vite-symbol-fe110145,management-vite,4,symbol,Dica,,apps/management-vite/src/pages/flow/analytics/active-messages/miolo.tsx:66,37,no,,,candidate,,
management-vite-symbol-6c04d52a,management-vite,4,symbol,Dica,,apps/management-vite/src/pages/flow/analytics/dashboard/tela.tsx:175,37,no,,,candidate,,
management-vite-symbol-d6c9f819,management-vite,4,symbol,digitos,,apps/management-vite/src/pages/my-account/regras.ts:96,19,no,,,candidate,,
management-vite-symbol-a2a2e36c,management-vite,4,symbol,dir,,apps/management-vite/src/pages/flow/analytics/overview/visao-geral.tsx:229,218,no,,,candidate,,
management-vite-symbol-c00b1d96,management-vite,4,symbol,DisparoDePesquisa,,apps/management-vite/src/lib/pesquisa.ts:31,6,no,,,candidate,,
management-vite-symbol-70697afe,management-vite,4,symbol,DISPAROS_DE_PESQUISA,,apps/management-vite/src/lib/pesquisa.ts:30,7,no,,,candidate,,
management-vite-symbol-6103c5a6,management-vite,4,symbol,documento,,apps/management-vite/tests/builder-content.test.ts:140,231,no,,,candidate,,
management-vite-symbol-87feadab,management-vite,4,symbol,dois,,apps/management-vite/src/components/monitoring-detailed.tsx:55,440,no,,,candidate,,
management-vite-symbol-699090d5,management-vite,4,symbol,dois,,apps/management-vite/src/lib/format.ts:10,440,no,,,candidate,,
management-vite-symbol-ed7eafdc,management-vite,4,symbol,duranteArrasto,,apps/management-vite/tests/builder-editor.test.ts:121,5,no,,,candidate,,
management-vite-symbol-ec28ca95,management-vite,4,symbol,duranteArrasto,,apps/management-vite/tests/builder-editor.test.ts:90,5,no,,,candidate,,
management-vite-symbol-2ae43f33,management-vite,4,symbol,editarRegraSla,,apps/management-vite/src/lib/settings-gravar.ts:47,7,no,,,candidate,,
management-vite-symbol-753f35f0,management-vite,4,symbol,EditorDeCabecalhos,,apps/management-vite/src/pages/builder/panel-actions.tsx:729,2,no,,,candidate,,
management-vite-symbol-6b21ed63,management-vite,4,symbol,EditorDeVariaveis,,apps/management-vite/src/pages/builder/panel-actions.tsx:689,2,no,,,candidate,,
management-vite-symbol-6758aae9,management-vite,4,symbol,ehTextoValido,,apps/management-vite/src/pages/builder/actions-of-block.ts:516,2,no,,,candidate,,
management-vite-symbol-9e5eb82c,management-vite,4,symbol,EMAIL_SUPORTE,,apps/management-vite/src/components/barra-do-portal.tsx:13,3,no,,,candidate,,
management-vite-symbol-cdd0c507,management-vite,4,symbol,emailsParaTexto,,apps/management-vite/src/lib/channels.ts:137,8,no,,,candidate,,
management-vite-symbol-52bc3426,management-vite,4,symbol,encontrada,,apps/management-vite/src/pages/builder/panel-queues.tsx:55,74,no,,,candidate,,
management-vite-symbol-4d7822b3,management-vite,4,symbol,entrada,,apps/management-vite/src/pages/builder/flow-functions.ts:61,534,no,,,candidate,,
management-vite-symbol-1fb9a1d8,management-vite,4,symbol,entrada,,apps/management-vite/src/pages/builder/panel-actions.tsx:607,534,no,,,candidate,,
management-vite-symbol-7e2bf40b,management-vite,4,symbol,Entradas,,apps/management-vite/src/pages/contract/certificates/tela.tsx:71,7,no,,,candidate,,
management-vite-symbol-a2955ebe,management-vite,4,symbol,enviarAgora,,apps/management-vite/src/pages/flow/growth/active-messages/tela.tsx:97,2,no,,,candidate,,
management-vite-symbol-d093fe0c,management-vite,4,symbol,erro,,apps/management-vite/src/pages/builder/panel-queues.tsx:260,806,no,,,candidate,,
management-vite-symbol-1741c5f3,management-vite,4,symbol,erro,,apps/management-vite/src/pages/builder/queue-rules.tsx:114,806,no,,,candidate,,
management-vite-symbol-56f490f1,management-vite,4,symbol,erro,,apps/management-vite/src/pages/builder/queue-rules.tsx:138,806,no,,,candidate,,
management-vite-symbol-db2334dc,management-vite,4,symbol,erro,,apps/management-vite/src/pages/create/name/page.tsx:26,806,no,,,candidate,,
management-vite-symbol-80026521,management-vite,4,symbol,erro,,apps/management-vite/src/pages/flow/resources/regras.ts:76,806,no,,,candidate,,
management-vite-symbol-e34483c2,management-vite,4,symbol,erros,,apps/management-vite/src/pages/builder/error-marks.ts:28,106,no,,,candidate,,
management-vite-symbol-d172d7fa,management-vite,4,symbol,erros,,apps/management-vite/src/pages/builder/error-marks.ts:37,106,no,,,candidate,,
management-vite-symbol-c3a9cb3e,management-vite,4,symbol,erros,,apps/management-vite/src/pages/builder/error-marks.ts:54,106,no,,,candidate,,
management-vite-symbol-8a4ff893,management-vite,4,symbol,erros,,apps/management-vite/src/pages/builder/panel-content.tsx:447,106,no,,,candidate,,
management-vite-symbol-b8fb45b9,management-vite,4,symbol,EscalaDePesquisa,,apps/management-vite/src/lib/pesquisa.ts:8,4,no,,,candidate,,
management-vite-symbol-c1681a61,management-vite,4,symbol,escolherRegra,,apps/management-vite/src/lib/sla.ts:31,7,no,,,candidate,,
management-vite-symbol-35c24061,management-vite,4,symbol,ESPERA_PARA_GRAVAR_MS,,apps/management-vite/src/pages/builder/use-editor.ts:17,2,no,,,candidate,,
management-vite-symbol-66cb6025,management-vite,4,symbol,esq,,apps/management-vite/src/pages/flow/analytics/overview/visao-geral.tsx:228,5,no,,,candidate,,
management-vite-symbol-88654abb,management-vite,4,symbol,esqueleto,,apps/management-vite/src/pages/builder/model.ts:225,15,no,,,candidate,,
management-vite-symbol-69ad9231,management-vite,4,symbol,estado,,apps/management-vite/src/pages/builder/queue-rules.tsx:394,836,no,,,candidate,,
management-vite-symbol-130a0aca,management-vite,4,symbol,estado,,apps/management-vite/tests/builder-queues.test.ts:171,836,no,,,candidate,,
management-vite-symbol-1cfc7940,management-vite,4,symbol,estado,,apps/management-vite/tests/builder-queues.test.ts:78,836,no,,,candidate,,
management-vite-symbol-28892cc8,management-vite,4,symbol,estado,,apps/management-vite/tests/builder-queues.test.ts:83,836,no,,,candidate,,
management-vite-symbol-4f284466,management-vite,4,symbol,estado,,apps/management-vite/tests/builder-queues.test.ts:88,836,no,,,candidate,,
management-vite-symbol-d9439c11,management-vite,4,symbol,estado,,apps/management-vite/tests/builder-queues.test.ts:93,836,no,,,candidate,,
management-vite-symbol-c58e23ff,management-vite,4,symbol,ESTADOS,,apps/management-vite/src/pages/my-account/page.tsx:26,5,no,,,candidate,,
management-vite-symbol-538df880,management-vite,4,symbol,estados,,apps/management-vite/tests/deployment.test.ts:26,94,no,,,candidate,,
management-vite-symbol-9e97aa6c,management-vite,4,symbol,Etapa,,apps/management-vite/src/pages/flow/growth/active-messages/tela.tsx:13,5,no,,,candidate,,
management-vite-symbol-f7390b92,management-vite,4,symbol,Etiqueta,,apps/management-vite/src/pages/contract/certificates/tela.tsx:339,373,no,,,candidate,,
management-vite-symbol-543930d6,management-vite,4,symbol,ETIQUETA,,apps/management-vite/src/pages/portal.tsx:378,1,no,,,candidate,,
management-vite-symbol-9bca8d61,management-vite,4,symbol,EtiquetaConfigurada,,apps/management-vite/src/lib/settings.ts:56,5,no,,,candidate,,
management-vite-symbol-8a3702a7,management-vite,4,symbol,etiquetaDoStatus,,apps/management-vite/src/lib/certificados.ts:33,9,no,,,candidate,,
management-vite-symbol-0ec58e8f,management-vite,4,symbol,etiquetas,,apps/management-vite/src/components/modal-finalizar-monitoring.tsx:24,182,no,,,candidate,,
management-vite-symbol-ad582efe,management-vite,4,symbol,etiquetas,,apps/management-vite/src/pages/builder/no.tsx:50,182,no,,,candidate,,
management-vite-symbol-0708ced2,management-vite,4,symbol,etiquetas,,apps/management-vite/tests/builder-painels.test.ts:108,182,no,,,candidate,,
management-vite-symbol-6053df31,management-vite,4,symbol,etq,,apps/management-vite/src/pages/portal.tsx:390,2,no,,,candidate,,
management-vite-symbol-4bdfcab8,management-vite,4,symbol,EVENTO_DE_COEXISTENCIA,,apps/management-vite/src/components/registration-embedded-whatsapp.tsx:71,3,no,,,candidate,,
management-vite-symbol-411fefb1,management-vite,4,symbol,evento,,apps/management-vite/src/components/registration-embedded-whatsapp.tsx:91,324,no,,,candidate,,
management-vite-symbol-530152d9,management-vite,4,symbol,EVENTOS_DE_FIM,,apps/management-vite/src/components/registration-embedded-whatsapp.tsx:72,1,no,,,candidate,,
management-vite-symbol-5e214da4,management-vite,4,symbol,EVENTOS_ROTULOS,,apps/management-vite/src/pages/flow/integrations/webhook/tela.tsx:28,3,no,,,candidate,,
management-vite-symbol-239e44d1,management-vite,4,symbol,EVENTOS_SEM_SUPORTE,,apps/management-vite/src/components/registration-embedded-whatsapp.tsx:74,1,no,,,candidate,,
management-vite-symbol-b63463ae,management-vite,4,symbol,excluirMotivoPausa,,apps/management-vite/src/lib/registrations-gravar.ts:137,5,no,,,candidate,,
management-vite-symbol-5f5a5ea8,management-vite,4,symbol,excluirRegraSla,,apps/management-vite/src/lib/settings-gravar.ts:60,5,no,,,candidate,,
management-vite-symbol-3f7cfe74,management-vite,4,symbol,excluirRespostaPronta,,apps/management-vite/src/lib/communication-gravar.ts:20,5,no,,,candidate,,
management-vite-symbol-ec2de9b7,management-vite,4,symbol,exemplo,,apps/management-vite/src/pages/flow/analytics/data-dictionary/pages.tsx:482,69,no,,,candidate,,
management-vite-symbol-b3865f3e,management-vite,4,symbol,existe,,apps/management-vite/src/pages/builder/error-marks.ts:24,582,no,,,candidate,,
management-vite-symbol-7b549073,management-vite,4,symbol,existe,,apps/management-vite/src/pages/builder/panel-outputs.tsx:68,582,no,,,candidate,,
management-vite-symbol-07cdaec4,management-vite,4,symbol,existe,,apps/management-vite/src/pages/builder/validation.ts:27,582,no,,,candidate,,
management-vite-symbol-4af597e0,management-vite,4,symbol,expirado,,apps/management-vite/tests/builder-toast.test.ts:74,20,no,,,candidate,,
management-vite-symbol-91c611b2,management-vite,4,symbol,Extensao,,apps/management-vite/src/pages/flow/itens.ts:169,3,no,,,candidate,,
management-vite-symbol-25cd859f,management-vite,4,symbol,externa,,apps/management-vite/tests/builder-actions.test.ts:96,110,no,,,candidate,,
management-vite-symbol-d054a369,management-vite,4,symbol,facesEntre,,apps/management-vite/src/pages/builder/setas.ts:51,2,no,,,candidate,,
management-vite-symbol-cf9e1861,management-vite,4,symbol,FaixaDoHorario,,apps/management-vite/src/lib/registrations.ts:79,6,no,,,candidate,,
management-vite-symbol-6fb7d65e,management-vite,4,symbol,FaixaDoSankey,,apps/management-vite/src/pages/flow/analytics/journey/sankey.ts:35,2,no,,,candidate,,
management-vite-symbol-8f482af5,management-vite,4,symbol,faixas,,apps/management-vite/src/pages/flow/analytics/journey/sankey.ts:104,61,no,,,candidate,,
management-vite-symbol-d77383ef,management-vite,4,symbol,faixas,,apps/management-vite/src/pages/flow/itens.ts:190,61,no,,,candidate,,
management-vite-symbol-24d61962,management-vite,4,symbol,fala,,apps/management-vite/src/pages/builder/conteudo.ts:223,52,no,,,candidate,,
management-vite-symbol-725b15d8,management-vite,4,symbol,falhaComCampo,,apps/management-vite/src/lib/registrations-gravar.ts:42,3,no,,,candidate,,
management-vite-symbol-105ee8a9,management-vite,4,symbol,Falhas,,apps/management-vite/src/pages/flow/analytics/active-messages/miolo.tsx:418,5,no,,,candidate,,
management-vite-symbol-4cacdbb4,management-vite,4,symbol,faltando,,apps/management-vite/src/pages/flow/contents/tela.tsx:361,11,no,,,candidate,,
management-vite-symbol-42e961b8,management-vite,4,symbol,fatalReprovado,,apps/management-vite/src/lib/nota-evaluation.ts:49,13,no,,,candidate,,
management-vite-symbol-5365c3fc,management-vite,4,symbol,fecharComEscape,,apps/management-vite/src/pages/flow/settings/keys/tela.tsx:53,3,no,,,candidate,,
management-vite-symbol-24701b6d,management-vite,4,symbol,fecharPesquisa,,apps/management-vite/src/pages/builder.tsx:123,4,no,,,candidate,,
management-vite-symbol-6ecd035d,management-vite,4,symbol,feito,,apps/management-vite/src/pages/builder/model.ts:498,76,no,,,candidate,,
management-vite-symbol-065d25d6,management-vite,4,symbol,filaAtual,,apps/management-vite/src/pages/builder/panel-queues.tsx:83,3,no,,,candidate,,
management-vite-symbol-49e3c853,management-vite,4,symbol,filas,,apps/management-vite/tests/builder-painels.test.ts:457,293,no,,,candidate,,
management-vite-symbol-0c28ce7b,management-vite,4,symbol,filas,,apps/management-vite/tests/builder-queues.test.ts:56,293,no,,,candidate,,
management-vite-symbol-6bc7f918,management-vite,4,symbol,filas,,apps/management-vite/tests/builder-queues.test.ts:61,293,no,,,candidate,,
management-vite-symbol-1d1ce800,management-vite,4,symbol,filas,,apps/management-vite/tests/builder-queues.test.ts:66,293,no,,,candidate,,
management-vite-symbol-eafc1663,management-vite,4,symbol,FILTRO_VAZIO,,apps/management-vite/src/pages/updates/page.tsx:19,2,no,,,candidate,,
management-vite-symbol-d4d22c09,management-vite,4,symbol,FILTROS_VAZIOS,,apps/management-vite/src/pages/flow/log/log.tsx:26,2,no,,,candidate,,
management-vite-symbol-fb243a12,management-vite,4,symbol,filtrosKey,,apps/management-vite/src/pages/flow/analytics/active-messages/page.tsx:64,28,no,,,candidate,,
management-vite-symbol-e0505489,management-vite,4,symbol,filtrosKey,,apps/management-vite/src/pages/flow/analytics/dashboard/dashboard.tsx:42,28,no,,,candidate,,
management-vite-symbol-ada489ea,management-vite,4,symbol,filtrosKey,,apps/management-vite/src/pages/flow/analytics/journey/page.tsx:52,28,no,,,candidate,,
management-vite-symbol-e3a2c9b0,management-vite,4,symbol,filtrosKey,,apps/management-vite/src/pages/flow/analytics/overview/page.tsx:47,28,no,,,candidate,,
management-vite-symbol-c43c390b,management-vite,4,symbol,filtrosKey,,apps/management-vite/src/pages/flow/log/log.tsx:52,28,no,,,candidate,,
management-vite-symbol-bc733904,management-vite,4,symbol,filtrosKey,,apps/management-vite/src/pages/operation/monitoring.tsx:280,28,no,,,candidate,,
management-vite-symbol-b228a123,management-vite,4,symbol,filtrosKey,,apps/management-vite/src/pages/updates/page.tsx:40,28,no,,,candidate,,
management-vite-symbol-5f3e1a6d,management-vite,4,symbol,finalizarCriacao,,apps/management-vite/src/pages/builder/panel-queues.tsx:53,2,no,,,candidate,,
management-vite-symbol-65dc744b,management-vite,4,symbol,FLAGS_DA_CAPTURA,,apps/management-vite/src/pages/flow/analytics/abas.ts:46,7,no,,,candidate,,
management-vite-symbol-67648d15,management-vite,4,symbol,folga,,apps/management-vite/src/pages/flow/analytics/dashboard/tela.tsx:397,12,no,,,candidate,,
management-vite-symbol-abe0e984,management-vite,4,symbol,fonteSemSuporte,,apps/management-vite/src/pages/builder/conditions.ts:103,3,no,,,candidate,,
management-vite-symbol-861a51b1,management-vite,4,symbol,foraDaLista,,apps/management-vite/src/pages/my-account/regras.ts:112,4,no,,,candidate,,
management-vite-symbol-5b9b90a1,management-vite,4,symbol,FormularioFaixa,,apps/management-vite/src/pages/registrations/regras-horarios-formulario.tsx:57,2,no,,,candidate,,
management-vite-symbol-0a14378d,management-vite,4,symbol,formularioInvalido,,apps/management-vite/src/pages/flow/settings/basic/tela.tsx:89,2,no,,,candidate,,
management-vite-symbol-039830af,management-vite,4,symbol,FormularioMotivoPausa,,apps/management-vite/src/pages/registrations/agents-breaks-formulario.tsx:12,3,no,,,candidate,,
management-vite-symbol-3f6fbe26,management-vite,4,symbol,FormularioNovoHorario,,apps/management-vite/src/pages/registrations/regras-horarios-formulario.tsx:13,2,no,,,candidate,,
management-vite-symbol-d335c243,management-vite,4,symbol,FormularioRegraSla,,apps/management-vite/src/pages/registrations/regras-sla-formulario.tsx:41,4,no,,,candidate,,
management-vite-symbol-57b64a1b,management-vite,4,symbol,FormularioRespostaPronta,,apps/management-vite/src/pages/registrations/communication-respostas-formulario.tsx:10,3,no,,,candidate,,
management-vite-symbol-a0f48bfe,management-vite,4,symbol,FormulariosDeHorario,,apps/management-vite/src/pages/registrations/regras-horarios-formulario.tsx:180,3,no,,,candidate,,
management-vite-symbol-6f24d85d,management-vite,4,symbol,fundo,,apps/management-vite/src/pages/builder/canvas.tsx:80,225,no,,,candidate,,
management-vite-symbol-91ec9f67,management-vite,4,symbol,fundo,,apps/management-vite/tests/analytics-journey.test.ts:36,225,no,,,candidate,,
management-vite-symbol-4bcc78ed,management-vite,4,symbol,FundoPipe,,apps/management-vite/src/pages/fundo-pipe.tsx:66,12,no,,,candidate,,
management-vite-symbol-63449227,management-vite,4,symbol,gente,,apps/management-vite/tests/flow-detalhe.test.ts:190,57,no,,,candidate,,
management-vite-symbol-a4d06f34,management-vite,4,symbol,geral,,apps/management-vite/src/pages/operation/reports-attendance.tsx:187,72,no,,,candidate,,
management-vite-symbol-ea30e0a5,management-vite,4,symbol,gerar,,apps/management-vite/src/pages/flow/analytics/report-manager/tela.tsx:83,68,no,,,candidate,,
management-vite-symbol-6597977d,management-vite,4,symbol,gerarId,,apps/management-vite/src/pages/builder/model.ts:127,31,no,,,candidate,,
management-vite-symbol-1d05a73c,management-vite,4,symbol,GraficoDeLinha,,apps/management-vite/src/pages/flow/analytics/overview/visao-geral.tsx:219,3,no,,,candidate,,
management-vite-symbol-3860c06d,management-vite,4,symbol,GraficoDeLinhas,,apps/management-vite/src/pages/flow/analytics/dashboard/tela.tsx:320,4,no,,,candidate,,
management-vite-symbol-3b8456c6,management-vite,4,symbol,gravarPerfilWhatsapp,,apps/management-vite/src/lib/channels-gravar.ts:113,4,no,,,candidate,,
management-vite-symbol-a794d438,management-vite,4,symbol,GrupoDaFicha,,apps/management-vite/src/lib/quality-review.ts:87,5,no,,,candidate,,
management-vite-symbol-5a41a526,management-vite,4,symbol,GrupoLateral,,apps/management-vite/src/pages/operation/shell.tsx:20,2,no,,,candidate,,
management-vite-symbol-f0a4c443,management-vite,4,symbol,haOutraVisivelDepois,,apps/management-vite/src/pages/builder/panel-outputs.tsx:210,2,no,,,candidate,,
management-vite-symbol-57b3f1ba,management-vite,4,symbol,haQuanto,,apps/management-vite/src/pages/flow/analytics/reports/reports.tsx:113,2,no,,,candidate,,
management-vite-symbol-f41ffb57,management-vite,4,symbol,horario,,apps/management-vite/src/components/monitoring-detailed.tsx:56,42,no,,,candidate,,
management-vite-symbol-51aa4f50,management-vite,4,symbol,HorarioCadastrado,,apps/management-vite/src/lib/registrations.ts:95,4,no,,,candidate,,
management-vite-symbol-ded8601d,management-vite,4,symbol,HorarioParaEscolher,,apps/management-vite/src/lib/registrations.ts:47,7,no,,,candidate,,
management-vite-symbol-a48a2a3d,management-vite,4,symbol,Horarios,,apps/management-vite/src/lib/registrations.ts:110,7,no,,,candidate,,
management-vite-symbol-3874c68e,management-vite,4,symbol,HostDigitado,,apps/management-vite/src/lib/certificados.ts:53,5,no,,,candidate,,
management-vite-symbol-a00b3441,management-vite,4,symbol,houveArrasto,,apps/management-vite/src/pages/builder/setas.ts:20,11,no,,,candidate,,
management-vite-symbol-a0dd7d13,management-vite,4,symbol,IdDeGrupo,,apps/management-vite/src/pages/contract/catalogo.ts:22,2,no,,,candidate,,
management-vite-symbol-7bc73314,management-vite,4,symbol,IDIOMAS,,apps/management-vite/src/pages/flow/contents/tela.tsx:53,4,no,,,candidate,,
management-vite-symbol-705636b9,management-vite,4,symbol,idiomasRepetidos,,apps/management-vite/src/pages/flow/contents/regras.ts:102,6,no,,,candidate,,
management-vite-symbol-8c82c819,management-vite,4,symbol,idsDosTickets,,apps/management-vite/src/pages/operation/history.tsx:138,1,no,,,candidate,,
management-vite-symbol-7525000f,management-vite,4,symbol,igualAoGravado,,apps/management-vite/src/pages/builder/state.ts:65,4,no,,,candidate,,
management-vite-symbol-8ba58ad9,management-vite,4,symbol,importar,,apps/management-vite/src/pages/flow/resources/recursos.tsx:205,58,no,,,candidate,,
management-vite-symbol-9e074403,management-vite,4,symbol,importarArquivo,,apps/management-vite/src/pages/contract/members/convidar.tsx:99,2,no,,,candidate,,
management-vite-symbol-f9dbadc1,management-vite,4,symbol,includesLibrary,,apps/management-vite/src/pages/builder/variables.ts:85,5,no,,,candidate,,
management-vite-symbol-4c327f73,management-vite,4,symbol,IndicadorDeExemplo,,apps/management-vite/src/pages/flow/analytics/data-dictionary/pages.tsx:140,3,no,,,candidate,,
management-vite-symbol-6b831f5b,management-vite,4,symbol,indisponivel,,apps/management-vite/src/pages/flow/settings/basic/tela.tsx:138,24,no,,,candidate,,
management-vite-symbol-7ab70d4d,management-vite,4,symbol,inicioDoIntervalo,,apps/management-vite/src/pages/flow/analytics/report-manager/regras.ts:16,6,no,,,candidate,,
management-vite-symbol-1d0a244a,management-vite,4,symbol,inteiro,,apps/management-vite/src/pages/builder/configuration-sections.ts:118,103,no,,,candidate,,
management-vite-symbol-c639015d,management-vite,4,symbol,INTERVALOS_RAPIDOS,,apps/management-vite/src/pages/flow/analytics/report-manager/regras.ts:1,2,no,,,candidate,,
management-vite-symbol-13a51bd1,management-vite,4,symbol,invalido,,apps/management-vite/src/pages/contract/members/convidar.tsx:65,55,no,,,candidate,,
management-vite-symbol-09b21925,management-vite,4,symbol,invalido,,apps/management-vite/src/pages/flow/settings/basic/tela.tsx:136,55,no,,,candidate,,
management-vite-symbol-345a4548,management-vite,4,symbol,invalido,,apps/management-vite/tests/builder-errors.test.ts:54,55,no,,,candidate,,
management-vite-symbol-935da7d3,management-vite,4,symbol,invalidos,,apps/management-vite/src/pages/builder.tsx:149,3,no,,,candidate,,
management-vite-symbol-bcdd8ff3,management-vite,4,symbol,invalidos,,apps/management-vite/src/pages/builder/editor.tsx:108,3,no,,,candidate,,
management-vite-symbol-85561a02,management-vite,4,symbol,irPara,,apps/management-vite/src/lib/navigation.ts:9,29,no,,,candidate,,
management-vite-symbol-bb9fe269,management-vite,4,symbol,ItemDeConteudo,,apps/management-vite/src/pages/builder/model.ts:46,35,no,,,candidate,,
management-vite-symbol-8810b498,management-vite,4,symbol,ItemUnico,,apps/management-vite/src/pages/flow/analytics/data-dictionary/dictionary.tsx:159,2,no,,,candidate,,
management-vite-symbol-69e4ecd4,management-vite,4,symbol,jaTemAChave,,apps/management-vite/src/pages/builder/state.ts:132,3,no,,,candidate,,
management-vite-symbol-9ac7a85f,management-vite,4,symbol,legado,,apps/management-vite/tests/builder-functions.test.ts:109,17,no,,,candidate,,
management-vite-symbol-27790526,management-vite,4,symbol,lerComoDataUrl,,apps/management-vite/src/pages/flow/channels/whatsapp/perfil.tsx:9,2,no,,,candidate,,
management-vite-symbol-98fbd0cf,management-vite,4,symbol,lerDesenho,,apps/management-vite/src/pages/builder/model.ts:179,22,no,,,candidate,,
management-vite-symbol-7701ff75,management-vite,4,symbol,lerSelect,,apps/management-vite/src/pages/builder/conteudo.ts:140,2,no,,,candidate,,
management-vite-symbol-b02dda53,management-vite,4,symbol,lido,,apps/management-vite/src/pages/builder/conteudo.ts:183,93,no,,,candidate,,
management-vite-symbol-aa25696a,management-vite,4,symbol,lidos,,apps/management-vite/src/pages/contract/catalogo.ts:186,28,no,,,candidate,,
management-vite-symbol-cf0e5e41,management-vite,4,symbol,ligada,,apps/management-vite/src/pages/registrations/agents-permissions.tsx:106,60,no,,,candidate,,
management-vite-symbol-fa1e7652,management-vite,4,symbol,ligado,,apps/management-vite/tests/builder-editor.test.ts:51,105,no,,,candidate,,
management-vite-symbol-ac05f219,management-vite,4,symbol,ligado,,apps/management-vite/tests/builder-editor.test.ts:75,105,no,,,candidate,,
management-vite-symbol-47ff9ce0,management-vite,4,symbol,ligarBlocos,,apps/management-vite/src/pages/builder/editor.tsx:167,2,no,,,candidate,,
management-vite-symbol-5aaafba8,management-vite,4,symbol,LIMIAR_DE_ARRASTO,,apps/management-vite/src/pages/builder/setas.ts:18,2,no,,,candidate,,
management-vite-symbol-41d1b119,management-vite,4,symbol,LIMITE_CABECALHOS,,apps/management-vite/src/pages/flow/integrations/webhook/tela.tsx:39,5,no,,,candidate,,
management-vite-symbol-bc14cc67,management-vite,4,symbol,LIMITE_COMENTARIOS,,apps/management-vite/src/lib/satisfaction.ts:57,3,no,,,candidate,,
management-vite-symbol-948ce7ac,management-vite,4,symbol,LIMITE_DE_CHAVES,,apps/management-vite/src/pages/flow/settings/regras.ts:6,11,no,,,candidate,,
management-vite-symbol-e8a92b55,management-vite,4,symbol,LIMITE_DE_CONTEUDOS,,apps/management-vite/src/pages/builder/conteudo.ts:18,4,no,,,candidate,,
management-vite-symbol-fcf4998b,management-vite,4,symbol,LIMITE_DE_SAIDAS,,apps/management-vite/src/pages/builder/model.ts:96,4,no,,,candidate,,
management-vite-symbol-b17e068a,management-vite,4,symbol,LIMITE_DO_MENU,,apps/management-vite/src/pages/builder/conteudo.ts:19,5,no,,,candidate,,
management-vite-symbol-b9592cec,management-vite,4,symbol,LIMITE_DO_QUICK_REPLY,,apps/management-vite/src/pages/builder/conteudo.ts:20,5,no,,,candidate,,
management-vite-symbol-77f6905e,management-vite,4,symbol,LIMITE_DO_TITULO,,apps/management-vite/src/pages/builder/validation.ts:17,5,no,,,candidate,,
management-vite-symbol-73bee7b4,management-vite,4,symbol,LIMITE_URLS,,apps/management-vite/src/pages/flow/integrations/webhook/regras.ts:11,6,no,,,candidate,,
management-vite-symbol-27485a86,management-vite,4,symbol,LIMITE_VISIVEL,,apps/management-vite/src/pages/flow/itens.ts:47,9,no,,,candidate,,
management-vite-symbol-6c6f2ca8,management-vite,4,symbol,limite,,apps/management-vite/src/pages/builder/conteudo.ts:474,381,no,,,candidate,,
management-vite-symbol-9e49cecb,management-vite,4,symbol,limite,,apps/management-vite/src/pages/builder/panel-content.tsx:390,381,no,,,candidate,,
management-vite-symbol-5cb3c1eb,management-vite,4,symbol,limite,,apps/management-vite/src/pages/builder/queues-panel.ts:53,381,no,,,candidate,,
management-vite-symbol-90be5a78,management-vite,4,symbol,limite,,apps/management-vite/src/pages/flow/settings/keys/tela.tsx:106,381,no,,,candidate,,
management-vite-symbol-16ae0b70,management-vite,4,symbol,LIMITES_DO_PERFIL,,apps/management-vite/src/lib/channels.ts:75,6,no,,,candidate,,
management-vite-symbol-92fc9d0e,management-vite,4,symbol,limites,,apps/management-vite/src/pages/flow/growth/active-messages/tela.tsx:43,68,no,,,candidate,,
management-vite-symbol-1148aaf0,management-vite,4,symbol,LimitesDeDisparo,,apps/management-vite/src/pages/flow/growth/active-messages/disparo.ts:31,3,no,,,candidate,,
management-vite-symbol-c7147f1a,management-vite,4,symbol,limparBusca,,apps/management-vite/src/pages/builder/panel-queues.tsx:42,2,no,,,candidate,,
management-vite-symbol-02d2a9ab,management-vite,4,symbol,LinhaDeQuebra,,apps/management-vite/src/lib/attendance.ts:26,19,no,,,candidate,,
management-vite-symbol-74203c7a,management-vite,4,symbol,linhasNovas,,apps/management-vite/src/pages/builder/panel-configuration-variables.tsx:224,1,no,,,candidate,,
management-vite-symbol-2b768453,management-vite,4,symbol,LinhaVazia,,apps/management-vite/src/pages/contract/members/tabela.tsx:578,3,no,,,candidate,,
management-vite-symbol-9db10b53,management-vite,4,symbol,ListaCrua,,apps/management-vite/src/pages/flow/analytics/data-dictionary/pages.tsx:86,3,no,,,candidate,,
management-vite-symbol-7056700f,management-vite,4,symbol,ListaDeBlocos,,apps/management-vite/src/pages/flow/analytics/data-dictionary/pages.tsx:760,2,no,,,candidate,,
management-vite-symbol-1ade3009,management-vite,4,symbol,ListaRegras,,apps/management-vite/src/components/lista-regras.tsx:119,23,no,,,candidate,,
management-vite-symbol-dff773ae,management-vite,4,symbol,listas,,apps/management-vite/src/pages/builder/search.ts:115,64,no,,,candidate,,
management-vite-symbol-9fa5bf98,management-vite,4,symbol,ListaSimples,,apps/management-vite/src/pages/flow/analytics/data-dictionary/pages.tsx:75,3,no,,,candidate,,
management-vite-symbol-9a3bd0ae,management-vite,4,symbol,localizacao,,apps/management-vite/src/pages/builder/conteudo.ts:190,44,no,,,candidate,,
management-vite-symbol-c301bbd1,management-vite,4,symbol,mapaIsolado,,apps/management-vite/tests/builder-editor.test.ts:426,2,no,,,candidate,,
management-vite-symbol-c645bf7a,management-vite,4,symbol,MARCADOR_DE_AREA_DE_TRANSFERENCIA,,apps/management-vite/src/pages/builder/model.ts:132,3,no,,,candidate,,
management-vite-symbol-e0a5b551,management-vite,4,symbol,marcarPadrao,,apps/management-vite/src/pages/flow/settings/regras.ts:30,5,no,,,candidate,,
management-vite-symbol-c2be93c9,management-vite,4,symbol,MAXIMO_DE_ITENS,,apps/management-vite/src/pages/flow/settings/persistent-menu/tela.tsx:7,3,no,,,candidate,,
management-vite-symbol-872ffb0d,management-vite,4,symbol,mensagem,,apps/management-vite/src/pages/builder/test-panel.tsx:153,992,no,,,candidate,,
management-vite-symbol-d021af9a,management-vite,4,symbol,Metrica,,apps/management-vite/src/components/metrica.tsx:6,37,no,,,candidate,,
management-vite-symbol-c14d6b6d,management-vite,4,symbol,Metrica,,apps/management-vite/src/pages/flow/cards.tsx:272,37,no,,,candidate,,
management-vite-symbol-180de095,management-vite,4,symbol,MetricaCarregando,,apps/management-vite/src/pages/operation/monitoring.tsx:157,7,no,,,candidate,,
management-vite-symbol-6935b0e5,management-vite,4,symbol,minhas,,apps/management-vite/src/pages/flow/barra-of-contact.tsx:47,9,no,,,candidate,,
management-vite-symbol-64935709,management-vite,4,symbol,minimo,,apps/management-vite/src/pages/flow/analytics/dashboard/period-custom.tsx:32,26,no,,,candidate,,
management-vite-symbol-57b38b6a,management-vite,4,symbol,minimo,,apps/management-vite/src/pages/flow/analytics/report-manager/tela.tsx:81,26,no,,,candidate,,
management-vite-symbol-04d949d8,management-vite,4,symbol,minusculo,,apps/management-vite/src/pages/builder/search.ts:30,4,no,,,candidate,,
management-vite-symbol-e7341355,management-vite,4,symbol,ModalDaJornada,,apps/management-vite/src/pages/flow/analytics/journey/jornada.tsx:260,2,no,,,candidate,,
management-vite-symbol-96dec4ed,management-vite,4,symbol,ModalDaVisaoGeral,,apps/management-vite/src/pages/flow/analytics/overview/visao-geral.tsx:291,2,no,,,candidate,,
management-vite-symbol-7bdb3c8a,management-vite,4,symbol,ModalDesconectar,,apps/management-vite/src/pages/flow/channels/conexao.tsx:155,9,no,,,candidate,,
management-vite-symbol-4ef6d8f0,management-vite,4,symbol,modelos,,apps/management-vite/src/pages/registrations/communication-templates.tsx:91,123,no,,,candidate,,
management-vite-symbol-4453021b,management-vite,4,symbol,modelosAprovados,,apps/management-vite/src/pages/flow/growth/active-messages/tela.tsx:46,1,no,,,candidate,,
management-vite-symbol-764c425b,management-vite,4,symbol,montarDesenho,,apps/management-vite/src/pages/builder/model.ts:194,11,no,,,candidate,,
management-vite-symbol-b8490c25,management-vite,4,symbol,MotivoDePausa,,apps/management-vite/src/lib/registrations.ts:54,14,no,,,candidate,,
management-vite-symbol-a82ddcaa,management-vite,4,symbol,moveBlock,,apps/management-vite/src/pages/builder/model.ts:367,8,no,,,candidate,,
management-vite-symbol-98018a94,management-vite,4,symbol,moverConteudo,,apps/management-vite/src/pages/builder/conteudo.ts:332,4,no,,,candidate,,
management-vite-symbol-497564da,management-vite,4,symbol,moverSaida,,apps/management-vite/src/pages/builder/conditions.ts:129,7,no,,,candidate,,
management-vite-symbol-07ddb6d5,management-vite,4,symbol,mudarCampo,,apps/management-vite/src/pages/flow/settings/persistent-menu/tela.tsx:45,3,no,,,candidate,,
management-vite-symbol-6a65395e,management-vite,4,symbol,mudarCondicao,,apps/management-vite/src/pages/builder/queue-rules.tsx:402,5,no,,,candidate,,
management-vite-symbol-2f8ba2a9,management-vite,4,symbol,mudou,,apps/management-vite/src/pages/builder/canvas.tsx:93,82,no,,,candidate,,
management-vite-symbol-19afb158,management-vite,4,symbol,mudou,,apps/management-vite/src/pages/flow/channels/whatsapp/perfil.tsx:104,82,no,,,candidate,,
management-vite-symbol-5ca93ecb,management-vite,4,symbol,mudou,,apps/management-vite/src/pages/flow/settings/basic/tela.tsx:134,82,no,,,candidate,,
management-vite-symbol-13c20aed,management-vite,4,symbol,mudou,,apps/management-vite/src/pages/flow/team/editar.tsx:84,82,no,,,candidate,,
management-vite-symbol-4b5e9c70,management-vite,4,symbol,mudou,,apps/management-vite/src/pages/registrations/agents-queues-edit.tsx:89,82,no,,,candidate,,
management-vite-symbol-4a1f585b,management-vite,4,symbol,NADA,,apps/management-vite/tests/deployment.test.ts:11,3,no,,,candidate,,
management-vite-symbol-ed310694,management-vite,4,symbol,nadaParaPublicar,,apps/management-vite/src/pages/builder.tsx:253,3,no,,,candidate,,
management-vite-symbol-c6564128,management-vite,4,symbol,naoBate,,apps/management-vite/tests/builder-search.test.ts:136,2,no,,,candidate,,
management-vite-symbol-493e362c,management-vite,4,symbol,NaoConectado,,apps/management-vite/src/pages/flow/channels/whatsapp/visao-geral.tsx:106,2,no,,,candidate,,
management-vite-symbol-fdfa92fa,management-vite,4,symbol,NaoEncontrado,,apps/management-vite/src/pages/nao-encontrado.tsx:5,24,no,,,candidate,,
management-vite-symbol-29972ffc,management-vite,4,symbol,naoPublicado,,apps/management-vite/src/pages/portal.tsx:392,3,no,,,candidate,,
management-vite-symbol-cf7e3daf,management-vite,4,symbol,nenhuma,,apps/management-vite/src/components/lista-regras.tsx:165,332,no,,,candidate,,
management-vite-symbol-51a28096,management-vite,4,symbol,noLimite,,apps/management-vite/src/pages/flow/settings/regras.ts:11,9,no,,,candidate,,
management-vite-symbol-62705062,management-vite,4,symbol,nomeDoGrupo,,apps/management-vite/src/pages/flow/team/tela.tsx:124,2,no,,,candidate,,
management-vite-symbol-a4a5cec4,management-vite,4,symbol,nomes,,apps/management-vite/src/lib/agents.ts:39,253,no,,,candidate,,
management-vite-symbol-9d1c7855,management-vite,4,symbol,nomes,,apps/management-vite/src/pages/builder/flow-functions.ts:34,253,no,,,candidate,,
management-vite-symbol-aeef599b,management-vite,4,symbol,nomes,,apps/management-vite/src/pages/builder/variables.ts:56,253,no,,,candidate,,
management-vite-symbol-ae7b3cb2,management-vite,4,symbol,nomes,,apps/management-vite/tests/builder-painels.test.ts:184,253,no,,,candidate,,
management-vite-symbol-06b87e25,management-vite,4,symbol,nomes,,apps/management-vite/tests/builder-painels.test.ts:229,253,no,,,candidate,,
management-vite-symbol-63f1f04f,management-vite,4,symbol,nomes,,apps/management-vite/tests/priority.test.ts:21,253,no,,,candidate,,
management-vite-symbol-b53fdacf,management-vite,4,symbol,normalizar,,apps/management-vite/src/pages/builder/search.ts:18,89,no,,,candidate,,
management-vite-symbol-4e2e71d4,management-vite,4,symbol,normalizar,,apps/management-vite/src/pages/builder/variables.ts:67,89,no,,,candidate,,
management-vite-symbol-99a5f6a4,management-vite,4,symbol,nos,,apps/management-vite/src/pages/flow/analytics/journey/sankey.ts:57,295,no,,,candidate,,
management-vite-symbol-448ebe20,management-vite,4,symbol,novaImagem,,apps/management-vite/src/pages/builder/conteudo.ts:294,7,no,,,candidate,,
management-vite-symbol-c0410607,management-vite,4,symbol,novaLocalizacao,,apps/management-vite/src/pages/builder/conteudo.ts:256,5,no,,,candidate,,
management-vite-symbol-57450538,management-vite,4,symbol,novaMidia,,apps/management-vite/src/pages/builder/conteudo.ts:280,6,no,,,candidate,,
management-vite-symbol-9f9801cb,management-vite,4,symbol,novaSaida,,apps/management-vite/src/pages/builder/conditions.ts:111,2,no,,,candidate,,
management-vite-symbol-eccc78f6,management-vite,4,symbol,novas,,apps/management-vite/tests/builder-painels.test.ts:210,53,no,,,candidate,,
management-vite-symbol-b217990e,management-vite,4,symbol,novasSaidas,,apps/management-vite/src/pages/builder/conditions.ts:163,2,no,,,candidate,,
management-vite-symbol-d630d3b0,management-vite,4,symbol,novoConteudoDinamico,,apps/management-vite/src/pages/builder/conteudo.ts:268,7,no,,,candidate,,
management-vite-symbol-dbab93f1,management-vite,4,symbol,novoConteudoHttp,,apps/management-vite/src/pages/builder/conteudo.ts:264,5,no,,,candidate,,
management-vite-symbol-fc9fafb8,management-vite,4,symbol,novoDocumento,,apps/management-vite/src/pages/builder/conteudo.ts:302,7,no,,,candidate,,
management-vite-symbol-391c56d9,management-vite,4,symbol,novoPedirLocalizacao,,apps/management-vite/src/pages/builder/conteudo.ts:252,5,no,,,candidate,,
management-vite-symbol-5556ffa1,management-vite,4,symbol,novoQuickReply,,apps/management-vite/src/pages/builder/conteudo.ts:244,9,no,,,candidate,,
management-vite-symbol-a5dc1724,management-vite,4,symbol,novoTexto,,apps/management-vite/src/pages/builder/conteudo.ts:236,15,no,,,candidate,,
management-vite-symbol-4c898f3c,management-vite,4,symbol,numeroParaWaMe,,apps/management-vite/src/lib/channel-of-flow.ts:68,6,no,,,candidate,,
management-vite-symbol-c8141fc7,management-vite,4,symbol,Numeros,,apps/management-vite/src/pages/flow/analytics/active-messages/miolo.tsx:88,2,no,,,candidate,,
management-vite-symbol-95f96556,management-vite,4,symbol,OITO_COLUNAS,,apps/management-vite/src/components/lista-history.tsx:40,2,no,,,candidate,,
management-vite-symbol-89f06bc5,management-vite,4,symbol,opcoes,,apps/management-vite/src/pages/builder/destination-picker.tsx:38,41,no,,,candidate,,
management-vite-symbol-d246a579,management-vite,4,symbol,operador,,apps/management-vite/src/pages/builder/queues-panel.ts:243,93,no,,,candidate,,
management-vite-symbol-e22da59e,management-vite,4,symbol,operadores,,apps/management-vite/src/pages/registrations/rules-attendance-formulario.tsx:101,6,no,,,candidate,,
management-vite-symbol-b1d1ac81,management-vite,4,symbol,ordem,,apps/management-vite/src/pages/builder/queue-rules.tsx:141,234,no,,,candidate,,
management-vite-symbol-1852fc67,management-vite,4,symbol,ouNulo,,apps/management-vite/src/pages/flow/contacts/detalhe/editar.tsx:17,7,no,,,candidate,,
management-vite-symbol-0c7d9454,management-vite,4,symbol,outras,,apps/management-vite/src/components/barra-do-portal.tsx:21,49,no,,,candidate,,
management-vite-symbol-0e3c7a82,management-vite,4,symbol,outrasFilas,,apps/management-vite/src/pages/builder/queue-rules.tsx:111,4,no,,,candidate,,
management-vite-symbol-6cfd5123,management-vite,4,symbol,PADRAO_DE_SITE,,apps/management-vite/src/pages/my-account/regras.ts:28,4,no,,,candidate,,
management-vite-symbol-a276fcf7,management-vite,4,symbol,padrao,,apps/management-vite/src/pages/builder/error-marks.ts:45,105,no,,,candidate,,
management-vite-symbol-ce5d8017,management-vite,4,symbol,padrao,,apps/management-vite/src/pages/builder/model.ts:496,105,no,,,candidate,,
management-vite-symbol-a3265eb9,management-vite,4,symbol,padrao,,apps/management-vite/src/pages/builder/validation.ts:34,105,no,,,candidate,,
management-vite-symbol-a577c0a2,management-vite,4,symbol,pagina,,apps/management-vite/src/pages/builder/panel-queues.tsx:158,19,no,,,candidate,,
management-vite-symbol-b251cdd1,management-vite,4,symbol,pagina,,apps/management-vite/src/pages/builder/queue-rules.tsx:208,19,no,,,candidate,,
management-vite-symbol-2a3fb57e,management-vite,4,symbol,para,,apps/management-vite/src/pages/flow/analytics/journey/sankey.ts:106,3618,no,,,candidate,,
management-vite-symbol-58849bcc,management-vite,4,symbol,parcial,,apps/management-vite/src/pages/registrations/agents-permissions.tsx:107,92,no,,,candidate,,
management-vite-symbol-2afc77b1,management-vite,4,symbol,pares,,apps/management-vite/src/pages/operation/history.tsx:70,33,no,,,candidate,,
management-vite-symbol-b0e90b0c,management-vite,4,symbol,passado,,apps/management-vite/src/pages/builder/state.ts:141,28,no,,,candidate,,
management-vite-symbol-cf2b68e7,management-vite,4,symbol,passado,,apps/management-vite/src/pages/builder/state.ts:80,28,no,,,candidate,,
management-vite-symbol-32d0efb5,management-vite,4,symbol,passado,,apps/management-vite/src/pages/builder/state.ts:92,28,no,,,candidate,,
management-vite-symbol-193030d4,management-vite,4,symbol,pct,,apps/management-vite/src/pages/flow/analytics/active-messages/miolo.tsx:143,25,no,,,candidate,,
management-vite-symbol-fc48dd8c,management-vite,4,symbol,pedido,,apps/management-vite/src/pages/builder/use-editor.ts:94,364,no,,,candidate,,
management-vite-symbol-f6e9bd0b,management-vite,4,symbol,PedidoDeCertificado,,apps/management-vite/src/pages/contract/certificates/actions.ts:16,9,no,,,candidate,,
management-vite-symbol-6b31e3c6,management-vite,4,symbol,PedidoDePerfil,,apps/management-vite/src/lib/channels.ts:38,8,no,,,candidate,,
management-vite-symbol-e0b84c2c,management-vite,4,symbol,PedidoDeRegraSla,,apps/management-vite/src/lib/settings-gravar.ts:9,10,no,,,candidate,,
management-vite-symbol-9ec98f83,management-vite,4,symbol,pedidoDoFormulario,,apps/management-vite/src/pages/flow/services/regras.ts:23,10,no,,,candidate,,
management-vite-symbol-900df983,management-vite,4,symbol,pedidoDoFormulario,,apps/management-vite/src/pages/registrations/regras-sla-formulario.tsx:12,10,no,,,candidate,,
management-vite-symbol-65abfc85,management-vite,4,symbol,pelaExtensao,,apps/management-vite/src/lib/certificados.ts:82,2,no,,,candidate,,
management-vite-symbol-e1bbca12,management-vite,4,symbol,percentual,,apps/management-vite/src/lib/format.ts:37,69,no,,,candidate,,
management-vite-symbol-945f9585,management-vite,4,symbol,PerfilVisivel,,apps/management-vite/src/lib/channels.ts:22,18,no,,,candidate,,
management-vite-symbol-371ff740,management-vite,4,symbol,PERIODO_PADRAO,,apps/management-vite/src/pages/flow/analytics/active-messages/page.tsx:49,10,no,,,candidate,,
management-vite-symbol-72dc24c3,management-vite,4,symbol,PERIODO_PADRAO,,apps/management-vite/src/pages/flow/analytics/dashboard/dashboard.tsx:27,10,no,,,candidate,,
management-vite-symbol-86694ecd,management-vite,4,symbol,PERIODO_PADRAO,,apps/management-vite/src/pages/flow/analytics/journey/page.tsx:38,10,no,,,candidate,,
management-vite-symbol-46c4c428,management-vite,4,symbol,PERIODO_PADRAO,,apps/management-vite/src/pages/flow/analytics/overview/page.tsx:33,10,no,,,candidate,,
management-vite-symbol-af630fad,management-vite,4,symbol,persistente,,apps/management-vite/src/pages/flow/services/regras.ts:25,53,no,,,candidate,,
management-vite-symbol-994cf5ac,management-vite,4,symbol,persistidas,,apps/management-vite/src/pages/builder/panel-configuration-variables.tsx:220,4,no,,,candidate,,
management-vite-symbol-9df8025d,management-vite,4,symbol,pesquisaAncoraRef,,apps/management-vite/src/pages/builder.tsx:110,2,no,,,candidate,,
management-vite-symbol-324aa40c,management-vite,4,symbol,PesquisaConfigurada,,apps/management-vite/src/lib/settings.ts:111,4,no,,,candidate,,
management-vite-symbol-49917a01,management-vite,4,symbol,PesquisaParaGravar,,apps/management-vite/src/lib/settings.ts:156,3,no,,,candidate,,
management-vite-symbol-43150542,management-vite,4,symbol,Picos,,apps/management-vite/src/pages/flow/analytics/active-messages/miolo.tsx:385,3,no,,,candidate,,
management-vite-symbol-63ead0f7,management-vite,4,symbol,pilhaDaEquipe,,apps/management-vite/src/pages/flow/itens.ts:180,7,no,,,candidate,,
management-vite-symbol-8fa5aeff,management-vite,4,symbol,podeConfirmarDesconexao,,apps/management-vite/src/lib/channel-of-flow.ts:75,9,no,,,candidate,,
management-vite-symbol-8cd8245e,management-vite,4,symbol,podeDesfazer,,apps/management-vite/src/pages/builder/state.ts:150,3,no,,,candidate,,
management-vite-symbol-ad3e1748,management-vite,4,symbol,podeEditarResumo,,apps/management-vite/src/pages/contract/page.tsx:32,2,no,,,candidate,,
management-vite-symbol-96f782e2,management-vite,4,symbol,podeEscrever,,apps/management-vite/src/pages/contract/certificates/page.tsx:28,23,no,,,candidate,,
management-vite-symbol-4c6c2c4a,management-vite,4,symbol,podeEscrever,,apps/management-vite/src/pages/contract/members/page.tsx:33,23,no,,,candidate,,
management-vite-symbol-a6c095e7,management-vite,4,symbol,podeExcluir,,apps/management-vite/src/pages/builder/model.ts:427,21,no,,,candidate,,
management-vite-symbol-e8d72443,management-vite,4,symbol,podeExcluir,,apps/management-vite/src/pages/flow/settings/regras.ts:25,21,no,,,candidate,,
management-vite-symbol-1bd8731e,management-vite,4,symbol,podeGravar,,apps/management-vite/src/pages/builder/queue-rules.tsx:91,9,no,,,candidate,,
management-vite-symbol-ebdc8ca8,management-vite,4,symbol,podeLer,,apps/management-vite/src/pages/contract/certificates/page.tsx:20,8,no,,,candidate,,
management-vite-symbol-1f2bef30,management-vite,4,symbol,podeLer,,apps/management-vite/src/pages/contract/members/page.tsx:23,8,no,,,candidate,,
management-vite-symbol-20fa7784,management-vite,4,symbol,podePaginar,,apps/management-vite/src/components/lista-regras.tsx:167,4,no,,,candidate,,
management-vite-symbol-541e60da,management-vite,4,symbol,podePublicar,,apps/management-vite/src/pages/builder.tsx:146,3,no,,,candidate,,
management-vite-symbol-cfb1c802,management-vite,4,symbol,podeRefazer,,apps/management-vite/src/pages/builder/state.ts:151,3,no,,,candidate,,
management-vite-symbol-3ec92c7c,management-vite,4,symbol,podeSalvar,,apps/management-vite/src/pages/flow/settings/persistent-menu/tela.tsx:43,2,no,,,candidate,,
management-vite-symbol-9e6fdec3,management-vite,4,symbol,ponto,,apps/management-vite/src/pages/builder/canvas.tsx:157,124,no,,,candidate,,
management-vite-symbol-84ec9a96,management-vite,4,symbol,ponto,,apps/management-vite/src/pages/builder/canvas.tsx:304,124,no,,,candidate,,
management-vite-symbol-878fcf08,management-vite,4,symbol,Ponto,,apps/management-vite/src/pages/builder/setas.ts:31,21,no,,,candidate,,
management-vite-symbol-c781b411,management-vite,4,symbol,pontoDaFace,,apps/management-vite/src/pages/builder/setas.ts:62,3,no,,,candidate,,
management-vite-symbol-74677c33,management-vite,4,symbol,pontoDoCanvas,,apps/management-vite/src/pages/builder/canvas.tsx:139,5,no,,,candidate,,
management-vite-symbol-e6adbcdb,management-vite,4,symbol,pontos,,apps/management-vite/src/pages/builder/setas.ts:97,135,no,,,candidate,,
management-vite-symbol-9a81b42b,management-vite,4,symbol,pontos,,apps/management-vite/src/pages/fundo-pipe.tsx:38,135,no,,,candidate,,
management-vite-symbol-5a74286e,management-vite,4,symbol,pontos,,apps/management-vite/src/pages/fundo-pipe.tsx:73,135,no,,,candidate,,
management-vite-symbol-4bf65556,management-vite,4,symbol,POR_PAGINA,,apps/management-vite/src/pages/builder/queues-panel.ts:49,2,no,,,candidate,,
management-vite-symbol-c0d5960d,management-vite,4,symbol,positionInCenter,,apps/management-vite/src/pages/builder/setas.ts:125,3,no,,,candidate,,
management-vite-symbol-fcf55dde,management-vite,4,symbol,precisaReconectar,,apps/management-vite/src/pages/deployment/page.tsx:119,3,no,,,candidate,,
management-vite-symbol-d5aa7cf4,management-vite,4,symbol,preenchido,,apps/management-vite/src/pages/flow/settings/basic/tela.tsx:45,44,no,,,candidate,,
management-vite-symbol-3fbdb160,management-vite,4,symbol,preferenciasAbertas,,apps/management-vite/src/pages/my-account/page.tsx:70,3,no,,,candidate,,
management-vite-symbol-ca100cd7,management-vite,4,symbol,prefixo,,apps/management-vite/src/pages/builder/search.ts:32,88,no,,,candidate,,
management-vite-symbol-b5d84936,management-vite,4,symbol,proximos,,apps/management-vite/src/lib/filters-monitoring.ts:21,13,no,,,candidate,,
management-vite-symbol-c3450ce6,management-vite,4,symbol,proximos,,apps/management-vite/src/pages/flow/analytics/active-messages/page.tsx:118,13,no,,,candidate,,
management-vite-symbol-60135d46,management-vite,4,symbol,proximos,,apps/management-vite/src/pages/operation/monitoring.tsx:526,13,no,,,candidate,,
management-vite-symbol-a0f489c5,management-vite,4,symbol,proximos,,apps/management-vite/tests/filters-monitoring.test.ts:31,13,no,,,candidate,,
management-vite-symbol-dbc6336b,management-vite,4,symbol,proximos,,apps/management-vite/tests/filters-monitoring.test.ts:40,13,no,,,candidate,,
management-vite-symbol-00e2abda,management-vite,4,symbol,proximos,,apps/management-vite/tests/filters-monitoring.test.ts:46,13,no,,,candidate,,
management-vite-symbol-ca73f807,management-vite,4,symbol,publicada,,apps/management-vite/tests/builder-painels.test.ts:320,98,no,,,candidate,,
management-vite-symbol-1dc9cf41,management-vite,4,symbol,quadro,,apps/management-vite/src/pages/fundo-pipe.tsx:77,30,no,,,candidate,,
management-vite-symbol-90e96754,management-vite,4,symbol,quantos,,apps/management-vite/src/lib/passos-of-deployment.ts:59,30,no,,,candidate,,
management-vite-symbol-a0c12c49,management-vite,4,symbol,QueuesAviso,,apps/management-vite/src/pages/builder/panel-queues.tsx:21,5,no,,,candidate,,
management-vite-symbol-4028ac8e,management-vite,4,symbol,RECADOS,,apps/management-vite/src/pages/create/flow/regras.ts:75,20,no,,,candidate,,
management-vite-symbol-f57bb5ae,management-vite,4,symbol,RECADOS,,apps/management-vite/src/pages/create/router/regras.ts:44,20,no,,,candidate,,
management-vite-symbol-f949d8f5,management-vite,4,symbol,RECADOS,,apps/management-vite/src/pages/my-account/regras.ts:57,20,no,,,candidate,,
management-vite-symbol-d4cf99e6,management-vite,4,symbol,RecadosDoNome,,apps/management-vite/src/pages/create/regras-de-nome.ts:147,8,no,,,candidate,,
management-vite-symbol-1be46b55,management-vite,4,symbol,recarregarQuando,,apps/management-vite/src/pages/builder/use-editor.ts:112,4,no,,,candidate,,
management-vite-symbol-33c33c77,management-vite,4,symbol,recusado,,apps/management-vite/src/pages/my-account/page.tsx:74,34,no,,,candidate,,
management-vite-symbol-7c2a9b32,management-vite,4,symbol,RECUSAS,,apps/management-vite/src/pages/login.tsx:24,9,no,,,candidate,,
management-vite-symbol-5f394cf7,management-vite,4,symbol,regra,,apps/management-vite/src/lib/sla.ts:45,562,no,,,candidate,,
management-vite-symbol-8be8c677,management-vite,4,symbol,regra,,apps/management-vite/tests/builder-queues.test.ts:212,562,no,,,candidate,,
management-vite-symbol-ead46825,management-vite,4,symbol,regra,,apps/management-vite/tests/builder-queues.test.ts:97,562,no,,,candidate,,
management-vite-symbol-4139133b,management-vite,4,symbol,regra,,apps/management-vite/tests/rules-priority.test.ts:16,562,no,,,candidate,,
management-vite-symbol-67a4ab71,management-vite,4,symbol,regra,,apps/management-vite/tests/sla.test.ts:15,562,no,,,candidate,,
management-vite-symbol-996c9df3,management-vite,4,symbol,regras,,apps/management-vite/tests/builder-queues.test.ts:112,387,no,,,candidate,,
management-vite-symbol-87e69c63,management-vite,4,symbol,regras,,apps/management-vite/tests/sla.test.ts:50,387,no,,,candidate,,
management-vite-symbol-680ef1f1,management-vite,4,symbol,regras,,apps/management-vite/tests/sla.test.ts:69,387,no,,,candidate,,
management-vite-symbol-0f89a721,management-vite,4,symbol,regrasDaFila,,apps/management-vite/src/pages/builder/queue-rules.tsx:88,3,no,,,candidate,,
management-vite-symbol-14930ba6,management-vite,4,symbol,regrasDoTenant,,apps/management-vite/src/lib/rules-priority.ts:33,3,no,,,candidate,,
management-vite-symbol-915510d9,management-vite,4,symbol,RegraSlaCarregada,,apps/management-vite/src/lib/sla.ts:7,22,no,,,candidate,,
management-vite-symbol-76a102b0,management-vite,4,symbol,RegraSlaConfigurada,,apps/management-vite/src/lib/settings.ts:15,12,no,,,candidate,,
management-vite-symbol-e84a6bc2,management-vite,4,symbol,removerConteudo,,apps/management-vite/src/pages/builder/conteudo.ts:327,3,no,,,candidate,,
management-vite-symbol-d2347782,management-vite,4,symbol,removerSaida,,apps/management-vite/src/pages/builder/conditions.ts:123,4,no,,,candidate,,
management-vite-symbol-cac018e6,management-vite,4,symbol,renderDescricao,,apps/management-vite/src/pages/builder/cabecalho-info.tsx:47,8,no,,,candidate,,
management-vite-symbol-f4c94bc1,management-vite,4,symbol,repetida,,apps/management-vite/tests/webhook-regras.test.ts:29,17,no,,,candidate,,
management-vite-symbol-77d2f94b,management-vite,4,symbol,repetido,,apps/management-vite/tests/builder-editor.test.ts:80,33,no,,,candidate,,
management-vite-symbol-03940aca,management-vite,4,symbol,repetidos,,apps/management-vite/src/pages/flow/contents/regras.ts:104,6,no,,,candidate,,
management-vite-symbol-ff1e528c,management-vite,4,symbol,repetidos,,apps/management-vite/src/pages/flow/contents/tela.tsx:340,6,no,,,candidate,,
management-vite-symbol-71f44d56,management-vite,4,symbol,RespostaDaJornada,,apps/management-vite/src/pages/flow/analytics/journey/page.tsx:23,4,no,,,candidate,,
management-vite-symbol-b22304da,management-vite,4,symbol,RespostaDaVisaoGeral,,apps/management-vite/src/pages/flow/analytics/overview/page.tsx:21,4,no,,,candidate,,
management-vite-symbol-d163030f,management-vite,4,symbol,RespostaProntaListada,,apps/management-vite/src/lib/communication.ts:59,10,no,,,candidate,,
management-vite-symbol-489c9efb,management-vite,4,symbol,restaurarVersaoAntiga,,apps/management-vite/src/pages/builder.tsx:244,4,no,,,candidate,,
management-vite-symbol-32769d2b,management-vite,4,symbol,resto,,apps/management-vite/src/components/monitoring-detailed.tsx:51,123,no,,,candidate,,
management-vite-symbol-5c9a07e8,management-vite,4,symbol,resto,,apps/management-vite/src/pages/builder/conditions.ts:84,123,no,,,candidate,,
management-vite-symbol-5e9e6dbb,management-vite,4,symbol,resto,,apps/management-vite/src/pages/builder/model.ts:450,123,no,,,candidate,,
management-vite-symbol-44373dd3,management-vite,4,symbol,resto,,apps/management-vite/src/pages/flow/itens.ts:182,123,no,,,candidate,,
management-vite-symbol-43bade0b,management-vite,4,symbol,resultado,,apps/management-vite/src/components/registration-embedded-whatsapp.tsx:174,426,no,,,candidate,,
management-vite-symbol-e43bc3bc,management-vite,4,symbol,resultado,,apps/management-vite/src/components/registration-embedded-whatsapp.tsx:296,426,no,,,candidate,,
management-vite-symbol-f84fdc67,management-vite,4,symbol,resultado,,apps/management-vite/src/lib/actions.ts:23,426,no,,,candidate,,
management-vite-symbol-8f843bd1,management-vite,4,symbol,Resultado,,apps/management-vite/src/lib/actions.ts:5,273,no,,,candidate,,
management-vite-symbol-32b96055,management-vite,4,symbol,Resultado,,apps/management-vite/src/lib/channels-gravar.ts:17,273,no,,,candidate,,
management-vite-symbol-0963e61f,management-vite,4,symbol,Resultado,,apps/management-vite/src/lib/rest.ts:6,273,no,,,candidate,,
management-vite-symbol-b9e582ee,management-vite,4,symbol,resultado,,apps/management-vite/src/pages/builder/panel-actions.tsx:191,426,no,,,candidate,,
management-vite-symbol-2aea55ec,management-vite,4,symbol,resultado,,apps/management-vite/src/pages/builder/panel-queues.tsx:282,426,no,,,candidate,,
management-vite-symbol-5c247f27,management-vite,4,symbol,resultado,,apps/management-vite/src/pages/builder/panel-queues.tsx:49,426,no,,,candidate,,
management-vite-symbol-aff86aa7,management-vite,4,symbol,resultado,,apps/management-vite/src/pages/builder/queue-rules.tsx:120,426,no,,,candidate,,
management-vite-symbol-a757b4a0,management-vite,4,symbol,resultado,,apps/management-vite/src/pages/builder/queue-rules.tsx:152,426,no,,,candidate,,
management-vite-symbol-326d56c0,management-vite,4,symbol,resultado,,apps/management-vite/src/pages/builder/queue-rules.tsx:155,426,no,,,candidate,,
management-vite-symbol-915e2685,management-vite,4,symbol,resultado,,apps/management-vite/src/pages/builder/queue-rules.tsx:178,426,no,,,candidate,,
management-vite-symbol-976c84ea,management-vite,4,symbol,resultado,,apps/management-vite/src/pages/builder/queue-rules.tsx:191,426,no,,,candidate,,
management-vite-symbol-bb8710c4,management-vite,4,symbol,resultado,,apps/management-vite/src/pages/contract/actions.ts:19,426,no,,,candidate,,
management-vite-symbol-bec841eb,management-vite,4,symbol,resultado,,apps/management-vite/src/pages/contract/actions.ts:30,426,no,,,candidate,,
management-vite-symbol-aabc1a68,management-vite,4,symbol,resultado,,apps/management-vite/src/pages/contract/actions.ts:77,426,no,,,candidate,,
management-vite-symbol-c26e9e50,management-vite,4,symbol,resultado,,apps/management-vite/src/pages/contract/certificates/actions.ts:50,426,no,,,candidate,,
management-vite-symbol-563f7526,management-vite,4,symbol,resultado,,apps/management-vite/src/pages/contract/certificates/actions.ts:63,426,no,,,candidate,,
management-vite-symbol-bca8522e,management-vite,4,symbol,resultado,,apps/management-vite/src/pages/contract/certificates/tela.tsx:108,426,no,,,candidate,,
management-vite-symbol-5bd80839,management-vite,4,symbol,resultado,,apps/management-vite/src/pages/contract/certificates/tela.tsx:123,426,no,,,candidate,,
management-vite-symbol-02ed4c78,management-vite,4,symbol,resultado,,apps/management-vite/src/pages/contract/certificates/tela.tsx:138,426,no,,,candidate,,
management-vite-symbol-d21481bb,management-vite,4,symbol,resultado,,apps/management-vite/src/pages/contract/members/tabela.tsx:100,426,no,,,candidate,,
management-vite-symbol-57db6458,management-vite,4,symbol,resultado,,apps/management-vite/src/pages/create/flow/actions.ts:10,426,no,,,candidate,,
management-vite-symbol-bb2f4e30,management-vite,4,symbol,Resultado,,apps/management-vite/src/pages/create/gravar.ts:13,273,no,,,candidate,,
management-vite-symbol-5fb46771,management-vite,4,symbol,resultado,,apps/management-vite/src/pages/create/gravar.ts:30,426,no,,,candidate,,
management-vite-symbol-689013bf,management-vite,4,symbol,resultado,,apps/management-vite/src/pages/create/router/actions.ts:12,426,no,,,candidate,,
management-vite-symbol-6b8c2216,management-vite,4,symbol,Resultado,,apps/management-vite/src/pages/deployment/formularios.tsx:13,273,no,,,candidate,,
management-vite-symbol-9476ce93,management-vite,4,symbol,resultado,,apps/management-vite/src/pages/flow/channels/conexao.tsx:186,426,no,,,candidate,,
management-vite-symbol-c07337c1,management-vite,4,symbol,resultado,,apps/management-vite/src/pages/flow/channels/conexao.tsx:77,426,no,,,candidate,,
management-vite-symbol-782cff28,management-vite,4,symbol,resultado,,apps/management-vite/src/pages/flow/channels/whatsapp/alerta.tsx:43,426,no,,,candidate,,
management-vite-symbol-00d2bf4f,management-vite,4,symbol,resultado,,apps/management-vite/src/pages/flow/channels/whatsapp/alerta.tsx:54,426,no,,,candidate,,
management-vite-symbol-913ea8bc,management-vite,4,symbol,resultado,,apps/management-vite/src/pages/flow/channels/whatsapp/perfil.tsx:110,426,no,,,candidate,,
management-vite-symbol-6819046e,management-vite,4,symbol,resultado,,apps/management-vite/src/pages/flow/channels/whatsapp/perfil.tsx:129,426,no,,,candidate,,
management-vite-symbol-f3880468,management-vite,4,symbol,resultado,,apps/management-vite/src/pages/flow/channels/whatsapp/settings.tsx:25,426,no,,,candidate,,
management-vite-symbol-8b92d9d0,management-vite,4,symbol,resultado,,apps/management-vite/src/pages/flow/contacts/detalhe/editar.tsx:41,426,no,,,candidate,,
management-vite-symbol-e4e67f77,management-vite,4,symbol,Resultado,,apps/management-vite/src/pages/flow/contacts/detalhe/gravar.ts:17,273,no,,,candidate,,
management-vite-symbol-066078a5,management-vite,4,symbol,resultado,,apps/management-vite/src/pages/flow/contents/tela.tsx:371,426,no,,,candidate,,
management-vite-symbol-299bd545,management-vite,4,symbol,Resultado,,apps/management-vite/src/pages/flow/growth/active-messages/disparo.ts:36,273,no,,,candidate,,
management-vite-symbol-379c7c54,management-vite,4,symbol,resultado,,apps/management-vite/src/pages/flow/growth/active-messages/tela.tsx:112,426,no,,,candidate,,
management-vite-symbol-7086793b,management-vite,4,symbol,Resultado,,apps/management-vite/src/pages/flow/growth/tracked-links/data.ts:20,273,no,,,candidate,,
management-vite-symbol-2cce6197,management-vite,4,symbol,Resultado,,apps/management-vite/src/pages/flow/integrations/webhook/gravar.ts:58,273,no,,,candidate,,
management-vite-symbol-26c3efa6,management-vite,4,symbol,resultado,,apps/management-vite/src/pages/flow/integrations/webhook/tela.tsx:135,426,no,,,candidate,,
management-vite-symbol-62947ac9,management-vite,4,symbol,resultado,,apps/management-vite/src/pages/flow/integrations/webhook/tela.tsx:155,426,no,,,candidate,,
management-vite-symbol-d2957d34,management-vite,4,symbol,resultado,,apps/management-vite/src/pages/flow/integrations/webhook/tela.tsx:173,426,no,,,candidate,,
management-vite-symbol-d5962d57,management-vite,4,symbol,Resultado,,apps/management-vite/src/pages/flow/settings/api/gravar.ts:16,273,no,,,candidate,,
management-vite-symbol-ec791205,management-vite,4,symbol,resultado,,apps/management-vite/src/pages/flow/settings/api/tela.tsx:46,426,no,,,candidate,,
management-vite-symbol-b1652543,management-vite,4,symbol,Resultado,,apps/management-vite/src/pages/flow/settings/basic/gravar.ts:25,273,no,,,candidate,,
management-vite-symbol-f50a6e65,management-vite,4,symbol,resultado,,apps/management-vite/src/pages/flow/settings/basic/tela.tsx:147,426,no,,,candidate,,
management-vite-symbol-d2b997a4,management-vite,4,symbol,resultado,,apps/management-vite/src/pages/flow/settings/basic/tela.tsx:179,426,no,,,candidate,,
management-vite-symbol-6e9a06a4,management-vite,4,symbol,Resultado,,apps/management-vite/src/pages/flow/settings/keys/gravar.ts:24,273,no,,,candidate,,
management-vite-symbol-c233f2c3,management-vite,4,symbol,resultado,,apps/management-vite/src/pages/flow/settings/keys/tela.tsx:120,426,no,,,candidate,,
management-vite-symbol-4cc9681d,management-vite,4,symbol,resultado,,apps/management-vite/src/pages/flow/settings/keys/tela.tsx:135,426,no,,,candidate,,
management-vite-symbol-89e5db96,management-vite,4,symbol,Resultado,,apps/management-vite/src/pages/flow/settings/persistent-menu/gravar.ts:10,273,no,,,candidate,,
management-vite-symbol-ad03e634,management-vite,4,symbol,resultado,,apps/management-vite/src/pages/flow/settings/persistent-menu/tela.tsx:59,426,no,,,candidate,,
management-vite-symbol-143f58d4,management-vite,4,symbol,Resultado,,apps/management-vite/src/pages/flow/settings/welcome/gravar.ts:10,273,no,,,candidate,,
management-vite-symbol-dcfdddd0,management-vite,4,symbol,resultado,,apps/management-vite/src/pages/flow/settings/welcome/tela.tsx:27,426,no,,,candidate,,
management-vite-symbol-56146523,management-vite,4,symbol,resultado,,apps/management-vite/src/pages/flow/settings/welcome/tela.tsx:38,426,no,,,candidate,,
management-vite-symbol-86311d58,management-vite,4,symbol,resultado,,apps/management-vite/src/pages/flow/team/tela.tsx:221,426,no,,,candidate,,
management-vite-symbol-285fd9c2,management-vite,4,symbol,resultado,,apps/management-vite/src/pages/flow/team/tela.tsx:519,426,no,,,candidate,,
management-vite-symbol-931eb48d,management-vite,4,symbol,resultado,,apps/management-vite/src/pages/registrations/agents-breaks.tsx:38,426,no,,,candidate,,
management-vite-symbol-207cb2cb,management-vite,4,symbol,resultado,,apps/management-vite/src/pages/registrations/agents-edit.tsx:80,426,no,,,candidate,,
management-vite-symbol-6e40312e,management-vite,4,symbol,resultado,,apps/management-vite/src/pages/registrations/agents-management.tsx:73,426,no,,,candidate,,
management-vite-symbol-7a46654d,management-vite,4,symbol,resultado,,apps/management-vite/src/pages/registrations/agents-permissions.tsx:63,426,no,,,candidate,,
management-vite-symbol-41651e3f,management-vite,4,symbol,resultado,,apps/management-vite/src/pages/registrations/agents-queues-edit.tsx:102,426,no,,,candidate,,
management-vite-symbol-714ddbe8,management-vite,4,symbol,resultado,,apps/management-vite/src/pages/registrations/agents-queues-edit.tsx:211,426,no,,,candidate,,
management-vite-symbol-0fdb0417,management-vite,4,symbol,resultado,,apps/management-vite/src/pages/registrations/agents-queues-edit.tsx:321,426,no,,,candidate,,
management-vite-symbol-3fd80618,management-vite,4,symbol,resultado,,apps/management-vite/src/pages/registrations/agents-queues-edit.tsx:385,426,no,,,candidate,,
management-vite-symbol-8e5629f3,management-vite,4,symbol,resultado,,apps/management-vite/src/pages/registrations/agents-queues.tsx:78,426,no,,,candidate,,
management-vite-symbol-5ec5f7a6,management-vite,4,symbol,resultado,,apps/management-vite/src/pages/registrations/communication-respostas.tsx:61,426,no,,,candidate,,
management-vite-symbol-45967ab1,management-vite,4,symbol,resultado,,apps/management-vite/src/pages/registrations/communication-templates-formulario.tsx:75,426,no,,,candidate,,
management-vite-symbol-d30f1412,management-vite,4,symbol,resultado,,apps/management-vite/src/pages/registrations/communication-templates.tsx:97,426,no,,,candidate,,
management-vite-symbol-2738d651,management-vite,4,symbol,resultado,,apps/management-vite/src/pages/registrations/regras-sla-formulario.tsx:36,426,no,,,candidate,,
management-vite-symbol-52af2b95,management-vite,4,symbol,resultado,,apps/management-vite/src/pages/registrations/regras-sla.tsx:73,426,no,,,candidate,,
management-vite-symbol-d7333f52,management-vite,4,symbol,resultado,,apps/management-vite/src/pages/registrations/rules-attendance-formulario.tsx:112,426,no,,,candidate,,
management-vite-symbol-e7b368a3,management-vite,4,symbol,resultado,,apps/management-vite/src/pages/registrations/rules-attendance.tsx:106,426,no,,,candidate,,
management-vite-symbol-1a256418,management-vite,4,symbol,resultado,,apps/management-vite/src/pages/registrations/rules-attendance.tsx:118,426,no,,,candidate,,
management-vite-symbol-5a342d48,management-vite,4,symbol,resultado,,apps/management-vite/tests/builder-editor.test.ts:443,426,no,,,candidate,,
management-vite-symbol-36fd8da1,management-vite,4,symbol,resultado,,apps/management-vite/tests/builder-editor.test.ts:457,426,no,,,candidate,,
management-vite-symbol-95c2313f,management-vite,4,symbol,resultado,,apps/management-vite/tests/builder-editor.test.ts:467,426,no,,,candidate,,
management-vite-symbol-745d5801,management-vite,4,symbol,resultado,,apps/management-vite/tests/builder-editor.test.ts:48,426,no,,,candidate,,
management-vite-symbol-cc53f9cb,management-vite,4,symbol,resultado,,apps/management-vite/tests/builder-editor.test.ts:483,426,no,,,candidate,,
management-vite-symbol-c4173ffd,management-vite,4,symbol,resultado,,apps/management-vite/tests/builder-editor.test.ts:525,426,no,,,candidate,,
management-vite-symbol-1384c4dc,management-vite,4,symbol,resultado,,apps/management-vite/tests/builder-search.test.ts:129,426,no,,,candidate,,
management-vite-symbol-ca09e505,management-vite,4,symbol,resultado,,apps/management-vite/tests/builder-search.test.ts:138,426,no,,,candidate,,
management-vite-symbol-08a1bb19,management-vite,4,symbol,ResultadoComCampo,,apps/management-vite/src/lib/registrations-gravar.ts:34,6,no,,,candidate,,
management-vite-symbol-ff5d8d71,management-vite,4,symbol,ResultadoDaAcao,,apps/management-vite/src/pages/deployment/actions.ts:7,11,no,,,candidate,,
management-vite-symbol-1f5d458b,management-vite,4,symbol,ResultadoDeAcao,,apps/management-vite/src/pages/builder/actions-of-block.ts:538,3,no,,,candidate,,
management-vite-symbol-93d2ede1,management-vite,4,symbol,ResultadoDeConteudo,,apps/management-vite/src/pages/builder/conteudo.ts:306,2,no,,,candidate,,
management-vite-symbol-c92f2586,management-vite,4,symbol,ResultadoDeSaida,,apps/management-vite/src/pages/builder/conditions.ts:115,2,no,,,candidate,,
management-vite-symbol-a3e5afd6,management-vite,4,symbol,ResultadoDoBuilder,,apps/management-vite/src/pages/builder-gravar.ts:21,2,no,,,candidate,,
management-vite-symbol-303288bf,management-vite,4,symbol,ResultadoDoReenvio,,apps/management-vite/src/pages/contract/actions.ts:44,5,no,,,candidate,,
management-vite-symbol-3bdb5176,management-vite,4,symbol,ResultadoSimples,,apps/management-vite/src/pages/contract/actions.ts:9,21,no,,,candidate,,
management-vite-symbol-d2e803a8,management-vite,4,symbol,ResultadoSimples,,apps/management-vite/src/pages/contract/certificates/actions.ts:8,21,no,,,candidate,,
management-vite-symbol-0042155c,management-vite,4,symbol,ResultadoSimples,,apps/management-vite/src/pages/flow/team/tela.tsx:21,21,no,,,candidate,,
management-vite-symbol-067f4835,management-vite,4,symbol,resumo,,apps/management-vite/src/pages/contract/members/page.tsx:24,147,no,,,candidate,,
management-vite-symbol-1e0a3683,management-vite,4,symbol,resumo,,apps/management-vite/src/pages/contract/page.tsx:25,147,no,,,candidate,,
management-vite-symbol-538c002e,management-vite,4,symbol,ResumoEtiqueta,,apps/management-vite/src/lib/monitoring.ts:92,5,no,,,candidate,,
management-vite-symbol-d8d4f4cd,management-vite,4,symbol,retidosAntes,,apps/management-vite/src/pages/flow/analytics/dashboard/tela.tsx:1028,2,no,,,candidate,,
management-vite-symbol-c32fbefd,management-vite,4,symbol,ROTULO_CABECALHO,,apps/management-vite/src/lib/communication.ts:36,6,no,,,candidate,,
management-vite-symbol-3b5112e9,management-vite,4,symbol,ROTULO_CABECALHO,,apps/management-vite/src/pages/registrations/communication-templates-formulario.tsx:19,6,no,,,candidate,,
management-vite-symbol-56cb2d8b,management-vite,4,symbol,ROTULO_CATEGORIA_TEMPLATE,,apps/management-vite/src/lib/communication.ts:20,4,no,,,candidate,,
management-vite-symbol-3dbbb83f,management-vite,4,symbol,ROTULO_CATEGORIA,,apps/management-vite/src/pages/flow/contents/tela.tsx:46,7,no,,,candidate,,
management-vite-symbol-9a7583c8,management-vite,4,symbol,ROTULO_CATEGORIA,,apps/management-vite/src/pages/registrations/communication-templates-formulario.tsx:9,7,no,,,candidate,,
management-vite-symbol-f4618fbc,management-vite,4,symbol,ROTULO_DE_IDIOMA,,apps/management-vite/src/pages/my-account/regras.ts:32,3,no,,,candidate,,
management-vite-symbol-787e7be6,management-vite,4,symbol,ROTULO_TIPO_PESQUISA,,apps/management-vite/src/lib/pesquisa.ts:20,4,no,,,candidate,,
management-vite-symbol-e26da97b,management-vite,4,symbol,rotuloDoEvento,,apps/management-vite/src/pages/flow/integrations/webhook/tela.tsx:41,3,no,,,candidate,,
management-vite-symbol-4af2729a,management-vite,4,symbol,ROTULOS_DAS_SAIDAS,,apps/management-vite/src/pages/builder/conditions.ts:44,5,no,,,candidate,,
management-vite-symbol-26928b9b,management-vite,4,symbol,ROTULOS_DO_CONTEUDO,,apps/management-vite/src/pages/builder/conteudo.ts:22,7,no,,,candidate,,
management-vite-symbol-f9cd6771,management-vite,4,symbol,saida,,apps/management-vite/src/lib/channels.ts:126,345,no,,,candidate,,
management-vite-symbol-7075dbbe,management-vite,4,symbol,saida,,apps/management-vite/src/lib/channels.ts:144,345,no,,,candidate,,
management-vite-symbol-0987be20,management-vite,4,symbol,saida,,apps/management-vite/src/pages/builder/conditions.ts:160,345,no,,,candidate,,
management-vite-symbol-90c9aa8b,management-vite,4,symbol,saida,,apps/management-vite/src/pages/flow/analytics/journey/sankey.ts:102,345,no,,,candidate,,
management-vite-symbol-6bf72d0b,management-vite,4,symbol,saida,,apps/management-vite/src/pages/registrations/communication-templates.tsx:43,345,no,,,candidate,,
management-vite-symbol-c21d7d58,management-vite,4,symbol,SaidaDoEditor,,apps/management-vite/src/pages/builder/model.ts:52,12,no,,,candidate,,
management-vite-symbol-fa8c3401,management-vite,4,symbol,saidaPadraoInicial,,apps/management-vite/src/pages/builder/model.ts:246,3,no,,,candidate,,
management-vite-symbol-0a59e496,management-vite,4,symbol,salvarAgora,,apps/management-vite/src/pages/builder/use-editor.ts:105,4,no,,,candidate,,
management-vite-symbol-423a4e00,management-vite,4,symbol,salvarBloqueado,,apps/management-vite/src/pages/flow/integrations/webhook/tela.tsx:90,3,no,,,candidate,,
management-vite-symbol-8d486e7a,management-vite,4,symbol,salvarBoasVindas,,apps/management-vite/src/pages/flow/settings/welcome/gravar.ts:12,7,no,,,candidate,,
management-vite-symbol-7acbe727,management-vite,4,symbol,salvarFaixa,,apps/management-vite/src/lib/actions.ts:36,7,no,,,candidate,,
management-vite-symbol-2ac23d02,management-vite,4,symbol,salvarFoto,,apps/management-vite/src/pages/flow/channels/whatsapp/perfil.tsx:119,2,no,,,candidate,,
management-vite-symbol-8bc844fd,management-vite,4,symbol,salvarHorario,,apps/management-vite/src/lib/actions.ts:35,6,no,,,candidate,,
management-vite-symbol-96606cf1,management-vite,4,symbol,salvarMenuPersistente,,apps/management-vite/src/pages/flow/settings/persistent-menu/gravar.ts:12,6,no,,,candidate,,
management-vite-symbol-4a347849,management-vite,4,symbol,salvarMotivoPausa,,apps/management-vite/src/lib/actions.ts:42,7,no,,,candidate,,
management-vite-symbol-fb220e3f,management-vite,4,symbol,salvarPesquisa,,apps/management-vite/src/lib/actions.ts:50,6,no,,,candidate,,
management-vite-symbol-ce7df518,management-vite,4,symbol,salvarRespostaPronta,,apps/management-vite/src/lib/actions.ts:44,10,no,,,candidate,,
management-vite-symbol-79b5e6f9,management-vite,4,symbol,secoes,,apps/management-vite/tests/builder-painels.test.ts:404,3,no,,,candidate,,
management-vite-symbol-2ff72393,management-vite,4,symbol,seguirSePronto,,apps/management-vite/src/components/registration-embedded-whatsapp.tsx:205,3,no,,,candidate,,
management-vite-symbol-f498bfa8,management-vite,4,symbol,selecionados,,apps/management-vite/src/components/lista-history.tsx:107,35,no,,,candidate,,
management-vite-symbol-cc33b9ef,management-vite,4,symbol,selecionados,,apps/management-vite/src/pages/operation/history.tsx:201,35,no,,,candidate,,
management-vite-symbol-b48c6650,management-vite,4,symbol,selecionados,,apps/management-vite/src/pages/registrations/agents-edit.tsx:60,35,no,,,candidate,,
management-vite-symbol-494b9f25,management-vite,4,symbol,SEM_REGRA,,apps/management-vite/src/lib/sla.ts:26,6,no,,,candidate,,
management-vite-symbol-1e1c1780,management-vite,4,symbol,sem,,apps/management-vite/tests/analytics-abas.test.ts:56,2538,no,,,candidate,,
management-vite-symbol-92bf9671,management-vite,4,symbol,sem,,apps/management-vite/tests/deployment.test.ts:40,2538,no,,,candidate,,
management-vite-symbol-7a13c52f,management-vite,4,symbol,semEspecificos,,apps/management-vite/tests/flow-detalhe.test.ts:96,4,no,,,candidate,,
management-vite-symbol-f6f9607f,management-vite,4,symbol,semFaixa,,apps/management-vite/src/pages/registrations/regras-horarios.tsx:16,1,no,,,candidate,,
management-vite-symbol-608ad3bb,management-vite,4,symbol,semFluxo,,apps/management-vite/tests/deployment.test.ts:96,1,no,,,candidate,,
management-vite-symbol-859061f5,management-vite,4,symbol,semPesquisa,,apps/management-vite/tests/builder-editor.test.ts:537,2,no,,,candidate,,
management-vite-symbol-990a354f,management-vite,4,symbol,semRaiz,,apps/management-vite/tests/builder-painels.test.ts:271,6,no,,,candidate,,
management-vite-symbol-fe17ab01,management-vite,4,symbol,semRespostaAntes,,apps/management-vite/src/pages/flow/analytics/dashboard/tela.tsx:430,2,no,,,candidate,,
management-vite-symbol-13ce9bd6,management-vite,4,symbol,semResposta,,apps/management-vite/src/pages/flow/analytics/dashboard/tela.tsx:429,11,no,,,candidate,,
management-vite-symbol-6e2aa02e,management-vite,4,symbol,semResposta,,apps/management-vite/src/pages/operation/quality-review-ficha.tsx:45,11,no,,,candidate,,
management-vite-symbol-80be5eca,management-vite,4,symbol,semSuporte,,apps/management-vite/src/pages/builder/condition.tsx:86,4,no,,,candidate,,
management-vite-symbol-52f64651,management-vite,4,symbol,semSuporte,,apps/management-vite/src/pages/builder/panel-actions.tsx:389,4,no,,,candidate,,
management-vite-symbol-303f2a51,management-vite,4,symbol,servicos,,apps/management-vite/src/pages/flow/services/tela.tsx:62,32,no,,,candidate,,
management-vite-symbol-4765d34c,management-vite,4,symbol,sinal,,apps/management-vite/src/pages/contract/members/tabela.tsx:113,45,no,,,candidate,,
management-vite-symbol-f3896131,management-vite,4,symbol,sitesParaTexto,,apps/management-vite/src/lib/channels.ts:154,3,no,,,candidate,,
management-vite-symbol-d049adea,management-vite,4,symbol,SO_ISSO,,apps/management-vite/tests/flow-detalhe.test.ts:135,6,no,,,candidate,,
management-vite-symbol-2235eea7,management-vite,4,symbol,soma,,apps/management-vite/src/pages/flow/analytics/journey/sankey.ts:11,110,no,,,candidate,,
management-vite-symbol-ffc39c68,management-vite,4,symbol,sufixoDaDica,,apps/management-vite/src/pages/flow/analytics/journey/sankey.ts:126,2,no,,,candidate,,
management-vite-symbol-f843b071,management-vite,4,symbol,suportado,,apps/management-vite/src/pages/builder/conteudo.ts:213,100,no,,,candidate,,
management-vite-symbol-7f05a487,management-vite,4,symbol,TabelaAtribuidas,,apps/management-vite/src/components/monitoring-detailed.tsx:278,2,no,,,candidate,,
management-vite-symbol-a1d58597,management-vite,4,symbol,TabelaDeQuebra,,apps/management-vite/src/pages/operation/reports-attendance.tsx:107,2,no,,,candidate,,
management-vite-symbol-99f1d7ae,management-vite,4,symbol,taxa,,apps/management-vite/src/pages/flow/analytics/active-messages/miolo.tsx:346,83,no,,,candidate,,
management-vite-symbol-cbe27562,management-vite,4,symbol,taxa,,apps/management-vite/src/pages/flow/analytics/dashboard/tela.tsx:1223,83,no,,,candidate,,
management-vite-symbol-e45961f8,management-vite,4,symbol,taxa,,apps/management-vite/src/pages/flow/analytics/dashboard/tela.tsx:614,83,no,,,candidate,,
management-vite-symbol-aceac860,management-vite,4,symbol,taxa,,apps/management-vite/src/pages/flow/analytics/dashboard/tela.tsx:941,83,no,,,candidate,,
management-vite-symbol-569e57dc,management-vite,4,symbol,taxa,,apps/management-vite/src/pages/operation/reports-satisfaction.tsx:96,83,no,,,candidate,,
management-vite-symbol-4ee5cac8,management-vite,4,symbol,Taxas,,apps/management-vite/src/pages/flow/analytics/active-messages/miolo.tsx:344,4,no,,,candidate,,
management-vite-symbol-87ba2518,management-vite,4,symbol,teclaNoCampo,,apps/management-vite/src/pages/contract/members/convidar.tsx:84,2,no,,,candidate,,
management-vite-symbol-498a1d3c,management-vite,4,symbol,telaCheia,,apps/management-vite/src/pages/builder.tsx:281,5,no,,,candidate,,
management-vite-symbol-ae535f06,management-vite,4,symbol,TelaDeBoasVindas,,apps/management-vite/src/pages/flow/settings/welcome/tela.tsx:15,3,no,,,candidate,,
management-vite-symbol-eeb2485a,management-vite,4,symbol,TelaDeChaves,,apps/management-vite/src/pages/flow/settings/keys/tela.tsx:91,3,no,,,candidate,,
management-vite-symbol-77978fcf,management-vite,4,symbol,TelaDeEquipe,,apps/management-vite/src/pages/flow/team/tela.tsx:351,3,no,,,candidate,,
management-vite-symbol-eb978a44,management-vite,4,symbol,TelaDeMenuPersistente,,apps/management-vite/src/pages/flow/settings/persistent-menu/tela.tsx:30,3,no,,,candidate,,
management-vite-symbol-3d913627,management-vite,4,symbol,TelaDeServicos,,apps/management-vite/src/pages/flow/services/tela.tsx:39,3,no,,,candidate,,
management-vite-symbol-e1b03d1f,management-vite,4,symbol,TEMPLATE_PADRAO,,apps/management-vite/src/pages/create/flow/regras.ts:10,8,no,,,candidate,,
management-vite-symbol-487ba57e,management-vite,4,symbol,templateFiltro,,apps/management-vite/src/pages/flow/analytics/active-messages/page.tsx:81,3,no,,,candidate,,
management-vite-symbol-d28715ac,management-vite,4,symbol,tempo,,apps/management-vite/src/pages/builder/test-panel-logic.ts:24,227,no,,,candidate,,
management-vite-symbol-c7a7e347,management-vite,4,symbol,termo,,apps/management-vite/src/components/monitoring-detailed.tsx:588,160,no,,,candidate,,
management-vite-symbol-57b2a721,management-vite,4,symbol,termo,,apps/management-vite/src/pages/builder/variables.ts:101,160,no,,,candidate,,
management-vite-symbol-85e31ced,management-vite,4,symbol,termo,,apps/management-vite/src/pages/builder/variables.ts:94,160,no,,,candidate,,
management-vite-symbol-99ea3ddf,management-vite,4,symbol,termo,,apps/management-vite/src/pages/contract/members/tabela.tsx:106,160,no,,,candidate,,
management-vite-symbol-6b81d67d,management-vite,4,symbol,termo,,apps/management-vite/src/pages/flow/growth/regras.ts:4,160,no,,,candidate,,
management-vite-symbol-0fbe82ca,management-vite,4,symbol,termo,,apps/management-vite/src/pages/flow/team/tela.tsx:368,160,no,,,candidate,,
management-vite-symbol-183d8657,management-vite,4,symbol,testar,,apps/management-vite/src/pages/flow/integrations/webhook/tela.tsx:153,35,no,,,candidate,,
management-vite-symbol-52488fd7,management-vite,4,symbol,testarWebhook,,apps/management-vite/src/pages/flow/integrations/webhook/gravar.ts:109,9,no,,,candidate,,
management-vite-symbol-47c5f8bd,management-vite,4,symbol,TEXTO_BLOQUEIO,,apps/management-vite/src/pages/builder/queue-rules.tsx:45,2,no,,,candidate,,
management-vite-symbol-1ab7e516,management-vite,4,symbol,TEXTO_BOTAO_MAX,,apps/management-vite/src/pages/flow/settings/welcome/tela.tsx:6,5,no,,,candidate,,
management-vite-symbol-e588b71b,management-vite,4,symbol,texto,,apps/management-vite/src/lib/actions.ts:17,1706,no,,,candidate,,
management-vite-symbol-175360cd,management-vite,4,symbol,texto,,apps/management-vite/src/pages/builder/actions-of-block.ts:358,1706,no,,,candidate,,
management-vite-symbol-02b9be96,management-vite,4,symbol,texto,,apps/management-vite/src/pages/builder/conteudo.ts:138,1706,no,,,candidate,,
management-vite-symbol-a37b46e2,management-vite,4,symbol,texto,,apps/management-vite/src/pages/builder/panel-configuration-variables.tsx:167,1706,no,,,candidate,,
management-vite-symbol-0974cd69,management-vite,4,symbol,TEXTO,,apps/management-vite/src/pages/contract/certificates/tela.tsx:22,3,no,,,candidate,,
management-vite-symbol-a1b08bbc,management-vite,4,symbol,TEXTO,,apps/management-vite/src/pages/contract/members/tabela.tsx:33,3,no,,,candidate,,
management-vite-symbol-11e1f574,management-vite,4,symbol,texto,,apps/management-vite/src/pages/flow/analytics/dashboard/tela.tsx:209,1706,no,,,candidate,,
management-vite-symbol-fbd84452,management-vite,4,symbol,Texto,,apps/management-vite/src/pages/flow/analytics/data-dictionary/pages.tsx:33,180,no,,,candidate,,
management-vite-symbol-dccddcb0,management-vite,4,symbol,texto,,apps/management-vite/src/pages/flow/growth/active-messages/tela.tsx:73,1706,no,,,candidate,,
management-vite-symbol-bfda7ca5,management-vite,4,symbol,texto,,apps/management-vite/src/pages/flow/integrations/webhook/tela.tsx:156,1706,no,,,candidate,,
management-vite-symbol-d212b73f,management-vite,4,symbol,texto,,apps/management-vite/tests/builder-editor.test.ts:522,1706,no,,,candidate,,
management-vite-symbol-26628329,management-vite,4,symbol,texto,,apps/management-vite/tests/builder-painels.test.ts:366,1706,no,,,candidate,,
management-vite-symbol-fe89c9b5,management-vite,4,symbol,texto,,apps/management-vite/tests/channels.test.ts:37,1706,no,,,candidate,,
management-vite-symbol-edc8631f,management-vite,4,symbol,texto,,apps/management-vite/tests/growth.test.ts:43,1706,no,,,candidate,,
management-vite-symbol-b869b973,management-vite,4,symbol,texto,,apps/management-vite/tests/growth.test.ts:51,1706,no,,,candidate,,
management-vite-symbol-c4b2dc4e,management-vite,4,symbol,textoParaEmails,,apps/management-vite/src/lib/channels.ts:124,8,no,,,candidate,,
management-vite-symbol-e6872c1c,management-vite,4,symbol,textoParaSites,,apps/management-vite/src/lib/channels.ts:142,3,no,,,candidate,,
management-vite-symbol-801ff1d7,management-vite,4,symbol,textos,,apps/management-vite/src/pages/builder/search.ts:48,74,no,,,candidate,,
management-vite-symbol-2e5e8b2f,management-vite,4,symbol,textos,,apps/management-vite/src/pages/builder/search.ts:67,74,no,,,candidate,,
management-vite-symbol-02df401c,management-vite,4,symbol,textos,,apps/management-vite/src/pages/builder/search.ts:76,74,no,,,candidate,,
management-vite-symbol-1eeb8438,management-vite,4,symbol,textos,,apps/management-vite/src/pages/flow/channels/conexao.tsx:166,74,no,,,candidate,,
management-vite-symbol-e64e8bf1,management-vite,4,symbol,textos,,apps/management-vite/src/pages/flow/channels/conexao.tsx:67,74,no,,,candidate,,
management-vite-symbol-72669095,management-vite,4,symbol,TextosDaDesconexao,,apps/management-vite/src/pages/flow/channels/conexao.tsx:124,2,no,,,candidate,,
management-vite-symbol-66b9d3f2,management-vite,4,symbol,TextosDaEscolha,,apps/management-vite/src/pages/flow/channels/conexao.tsx:22,2,no,,,candidate,,
management-vite-symbol-7b56320b,management-vite,4,symbol,ticketAtivo,,apps/management-vite/src/pages/flow/contacts/regras.ts:83,8,no,,,candidate,,
management-vite-symbol-432d344d,management-vite,4,symbol,tinta,,apps/management-vite/src/components/monitoring-detailed.tsx:95,24,no,,,candidate,,
management-vite-symbol-7ec29bbd,management-vite,4,symbol,TIPO_CONTEUDO_DINAMICO,,apps/management-vite/src/pages/builder/conteudo.ts:73,5,no,,,candidate,,
management-vite-symbol-f8e398a4,management-vite,4,symbol,TIPO_CONTEUDO_HTTP,,apps/management-vite/src/pages/builder/conteudo.ts:71,3,no,,,candidate,,
management-vite-symbol-db0c228e,management-vite,4,symbol,TIPO_LOCALIZACAO,,apps/management-vite/src/pages/builder/conteudo.ts:69,4,no,,,candidate,,
management-vite-symbol-404a097e,management-vite,4,symbol,TIPO_PEDIR_LOCALIZACAO,,apps/management-vite/src/pages/builder/conteudo.ts:68,3,no,,,candidate,,
management-vite-symbol-3bde44f7,management-vite,4,symbol,TIPO_PESQUISA,,apps/management-vite/src/pages/builder/conteudo.ts:74,2,no,,,candidate,,
management-vite-symbol-60dd2e25,management-vite,4,symbol,TIPO_TEXTO,,apps/management-vite/src/pages/builder/conteudo.ts:64,8,no,,,candidate,,
management-vite-symbol-24f54e72,management-vite,4,symbol,TipoDeConteudo,,apps/management-vite/src/pages/flow/contents/regras.ts:14,11,no,,,candidate,,
management-vite-symbol-3c21ded6,management-vite,4,symbol,TipoDePesquisa,,apps/management-vite/src/lib/pesquisa.ts:6,14,no,,,candidate,,
management-vite-symbol-fe2cb625,management-vite,4,symbol,tipoDePesquisaValido,,apps/management-vite/src/lib/pesquisa.ts:25,9,no,,,candidate,,
management-vite-symbol-56ac115a,management-vite,4,symbol,TIPOS_DE_CONTEUDO,,apps/management-vite/src/pages/flow/contents/regras.ts:6,2,no,,,candidate,,
management-vite-symbol-14759a3b,management-vite,4,symbol,TIPOS_DE_PESQUISA,,apps/management-vite/src/lib/pesquisa.ts:5,7,no,,,candidate,,
management-vite-symbol-c9e84968,management-vite,4,symbol,TITULO_PADRAO,,apps/management-vite/src/pages/builder/model.ts:93,3,no,,,candidate,,
management-vite-symbol-5a200bcc,management-vite,4,symbol,titulos,,apps/management-vite/tests/builder-painels.test.ts:476,6,no,,,candidate,,
management-vite-symbol-42298ea0,management-vite,4,symbol,titulos,,apps/management-vite/tests/history.test.ts:96,6,no,,,candidate,,
management-vite-symbol-e2980680,management-vite,4,symbol,tituloVazio,,apps/management-vite/src/pages/builder/queue-rules.tsx:395,5,no,,,candidate,,
management-vite-symbol-396e2649,management-vite,4,symbol,todasRegras,,apps/management-vite/src/pages/builder/queue-rules.tsx:87,2,no,,,candidate,,
management-vite-symbol-0f91c655,management-vite,4,symbol,TODOS_OS_EVENTOS,,apps/management-vite/src/pages/flow/integrations/webhook/tela.tsx:38,1,no,,,candidate,,
management-vite-symbol-6a78cbcc,management-vite,4,symbol,todos,,apps/management-vite/src/pages/flow/analytics/data-dictionary/pages.tsx:1035,346,no,,,candidate,,
management-vite-symbol-5bc023f1,management-vite,4,symbol,todos,,apps/management-vite/src/pages/operation/history.tsx:194,346,no,,,candidate,,
management-vite-symbol-aa369360,management-vite,4,symbol,todosMarcados,,apps/management-vite/src/pages/contract/members/tabela.tsx:120,10,no,,,candidate,,
management-vite-symbol-9e26c3d6,management-vite,4,symbol,todosMarcados,,apps/management-vite/src/pages/registrations/agents-management.tsx:41,10,no,,,candidate,,
management-vite-symbol-573eff85,management-vite,4,symbol,totalAntes,,apps/management-vite/src/pages/flow/analytics/dashboard/tela.tsx:780,2,no,,,candidate,,
management-vite-symbol-ff7ce407,management-vite,4,symbol,tudo,,apps/management-vite/tests/deployment.test.ts:102,144,no,,,candidate,,
management-vite-symbol-d3361b8f,management-vite,4,symbol,tudoMarcado,,apps/management-vite/src/components/lista-history.tsx:108,2,no,,,candidate,,
management-vite-symbol-ff3ef840,management-vite,4,symbol,tudoZero,,apps/management-vite/src/pages/flow/analytics/dashboard/tela.tsx:1029,8,no,,,candidate,,
management-vite-symbol-8510d2b3,management-vite,4,symbol,tudoZero,,apps/management-vite/src/pages/flow/analytics/dashboard/tela.tsx:615,8,no,,,candidate,,
management-vite-symbol-333ac3c6,management-vite,4,symbol,tudoZero,,apps/management-vite/src/pages/flow/analytics/dashboard/tela.tsx:786,8,no,,,candidate,,
management-vite-symbol-9326bd09,management-vite,4,symbol,ultimoPedido,,apps/management-vite/src/pages/builder/use-editor.ts:47,1,no,,,candidate,,
management-vite-symbol-20dc370d,management-vite,4,symbol,unico,,apps/management-vite/src/pages/operation/reports-satisfaction.tsx:97,4,no,,,candidate,,
management-vite-symbol-0bc09853,management-vite,4,symbol,uri,,apps/management-vite/src/pages/builder/actions-of-block.ts:359,367,no,,,candidate,,
management-vite-symbol-e7cfa63b,management-vite,4,symbol,URL_SABER_MAIS,,apps/management-vite/src/pages/create/router/page.tsx:50,3,no,,,candidate,,
management-vite-symbol-7e6e52c0,management-vite,4,symbol,UsoDePausas,,apps/management-vite/src/lib/registrations.ts:66,6,no,,,candidate,,
management-vite-symbol-6845c201,management-vite,4,symbol,uuidOuNada,,apps/management-vite/src/lib/format.ts:86,29,no,,,candidate,,
management-vite-symbol-156c982c,management-vite,4,symbol,valor,,apps/management-vite/src/pages/builder/actions-of-block.ts:507,695,no,,,candidate,,
management-vite-symbol-41f099e9,management-vite,4,symbol,valor,,apps/management-vite/src/pages/builder/panel-configuration-variables.tsx:137,695,no,,,candidate,,
management-vite-symbol-f637dc0a,management-vite,4,symbol,valor,,apps/management-vite/tests/builder-actions.test.ts:34,695,no,,,candidate,,
management-vite-symbol-ec8857f8,management-vite,4,symbol,vazio,,apps/management-vite/src/pages/builder/panel-actions.tsx:580,229,no,,,candidate,,
management-vite-symbol-79ef3da7,management-vite,4,symbol,VERSAO_PADRAO,,apps/management-vite/src/components/registration-embedded-whatsapp.tsx:27,5,no,,,candidate,,
management-vite-symbol-b68f69db,management-vite,4,symbol,VisaoGeral,,apps/management-vite/src/pages/flow/analytics/overview/visao-geral.tsx:8,10,no,,,candidate,,
management-vite-symbol-2848282b,management-vite,4,symbol,volta,,apps/management-vite/src/pages/login.tsx:113,164,no,,,candidate,,
management-vite-symbol-8e430950,management-vite,4,symbol,volta,,apps/management-vite/tests/builder-actions.test.ts:148,164,no,,,candidate,,
management-vite-symbol-f041c2c7,management-vite,4,symbol,ZOOM_MAXIMO,,apps/management-vite/src/pages/builder/setas.ts:141,7,no,,,candidate,,
management-vite-symbol-177b3da0,management-vite,4,symbol,ZOOM_MINIMO,,apps/management-vite/src/pages/builder/setas.ts:140,6,no,,,candidate,,
management-vite-test-title-249cc7d2,management-vite,1,test-title,"""Hoje"" e ""Ontem"" são um dia só",,apps/management-vite/tests/analytics.test.ts:26,0,no,,,candidate,,
management-vite-test-title-4ae4d2d5,management-vite,1,test-title,"""Testar no WhatsApp"" abre wa.me só com dígitos",,apps/management-vite/tests/channel-of-flow.test.ts:78,0,no,,,candidate,,
management-vite-test-title-21b9cf1e,management-vite,1,test-title,"""Últimos 7 dias"" é D-7 a D-1, sem hoje",,apps/management-vite/tests/analytics.test.ts:22,0,no,,,candidate,,
management-vite-test-title-e95fae7e,management-vite,1,test-title,a data chegada como texto do JSON ordena igual à Date,,apps/management-vite/tests/priority.test.ts:64,0,no,,,candidate,,
management-vite-test-title-e37f9ef0,management-vite,1,test-title,"a escala sai do tipo, não do formulário",,apps/management-vite/tests/pesquisa.test.ts:14,0,no,,,candidate,,
management-vite-test-title-48e06b74,management-vite,1,test-title,a fonte da subbarra não inclui Inteligência artificial sem claims do bot,,apps/management-vite/tests/flow-detalhe.test.ts:54,0,no,,,candidate,,
management-vite-test-title-723b98ae,management-vite,1,test-title,"a pilha da equipe: sete rostos e um ""+N"" que para em 9",,apps/management-vite/tests/flow-detalhe.test.ts:189,0,no,,,candidate,,
management-vite-test-title-c359a21b,management-vite,1,test-title,"a recusa é a mesma nas duas telas, com a palavra de cada uma",,apps/management-vite/tests/create-rules-of-name.test.ts:70,0,no,,,candidate,,
management-vite-test-title-f1eef13c,management-vite,1,test-title,"a régua tem cinco degraus, e o índice é o peso",,apps/management-vite/tests/priority.test.ts:23,0,no,,,candidate,,
management-vite-test-title-09ec6a6c,management-vite,1,test-title,"abre o ticket da URL quando existe, senão o mais recente",,apps/management-vite/tests/contacts.test.ts:30,0,no,,,candidate,,
management-vite-test-title-26927040,management-vite,1,test-title,aceita lista vazia se o tenant não configurou tags obrigatórias,,apps/management-vite/tests/closure.test.ts:15,0,no,,,candidate,,
management-vite-test-title-32bab48c,management-vite,1,test-title,addChips: ignora vazio e repetido,,apps/management-vite/tests/builder-queues.test.ts:159,0,no,,,candidate,,
management-vite-test-title-722f31fb,management-vite,1,test-title,adicionar acrescenta uma linha vazia até o limite de dez,,apps/management-vite/tests/webhook-regras.test.ts:11,0,no,,,candidate,,
management-vite-test-title-049f19f5,management-vite,1,test-title,adicionar oferece somente as quatro paradas da barra da Blip,,apps/management-vite/tests/equipe.test.ts:13,0,no,,,candidate,,
management-vite-test-title-bc8f0f6e,management-vite,1,test-title,agrupar não mexe na lista que recebeu,,apps/management-vite/tests/history.test.ts:115,0,no,,,candidate,,
management-vite-test-title-48fc8c0b,management-vite,1,test-title,"alerta, dentro e estourado seguem os limiares configurados",,apps/management-vite/tests/sla.test.ts:68,0,no,,,candidate,,
management-vite-test-title-17ef7ca2,management-vite,1,test-title,alvo sem marco de início não vira pastilha,,apps/management-vite/tests/sla.test.ts:120,0,no,,,candidate,,
management-vite-test-title-3d17dd51,management-vite,1,test-title,"an output with no ""Ir para"" marks its index and turns the node red",,apps/management-vite/tests/builder-errors.test.ts:6,0,no,,,candidate,,
management-vite-test-title-bd960854,management-vite,1,test-title,"as fronteiras do CSAT: 1–2 detrator, 3 neutro, 4–5 promotor",,apps/management-vite/tests/pesquisa.test.ts:30,0,no,,,candidate,,
management-vite-test-title-e265ce85,management-vite,1,test-title,"as fronteiras do NPS: 0–6 detrator, 7–8 neutro, 9–10 promotor",,apps/management-vite/tests/pesquisa.test.ts:37,0,no,,,candidate,,
management-vite-test-title-39471cb7,management-vite,1,test-title,cada flag desliga só a sua aba,,apps/management-vite/tests/analytics-abas.test.ts:55,0,no,,,candidate,,
management-vite-test-title-8cc8f0b0,management-vite,1,test-title,"Configuração, Biblioteca and Filas mount on the shared floating shell",,apps/management-vite/tests/builder-painels.test.ts:451,0,no,,,candidate,,
management-vite-test-title-f683f2e1,management-vite,1,test-title,"configuracao: sets a key, `valor: null` removes it, and desfazer returns to the previous value",,apps/management-vite/tests/builder-editor.test.ts:489,0,no,,,candidate,,
management-vite-test-title-f5c72cb1,management-vite,1,test-title,"conforme vale tudo, não conforme vale nada",,apps/management-vite/tests/nota-evaluation.test.ts:21,0,no,,,candidate,,
management-vite-test-title-1a4b3faf,management-vite,1,test-title,"data e hora saem no fuso do tenant, não no do servidor",,apps/management-vite/tests/format.test.ts:100,0,no,,,candidate,,
management-vite-test-title-57805bac,management-vite,1,test-title,definirMidia atualiza uri e legenda preservando o MIME real,,apps/management-vite/tests/builder-content.test.ts:67,0,no,,,candidate,,
management-vite-test-title-ba5247bb,management-vite,1,test-title,desfazer e refazer tratam o arrasto como uma mudança única,,apps/management-vite/tests/builder-editor.test.ts:87,0,no,,,candidate,,
management-vite-test-title-04801c83,management-vite,1,test-title,documento maior que o limite de 100 MB é apontado com a mensagem literal do inventário,,apps/management-vite/tests/builder-content.test.ts:80,0,no,,,candidate,,
management-vite-test-title-fefb5b1d,management-vite,1,test-title,"draftToApi: E com várias condições não guarda ""qualquer um"" de chips",,apps/management-vite/tests/builder-queues.test.ts:201,0,no,,,candidate,,
management-vite-test-title-98f95029,management-vite,1,test-title,draftToApi: uma condição com vários chips vira OU; negada vira E,,apps/management-vite/tests/builder-queues.test.ts:187,0,no,,,candidate,,
management-vite-test-title-3a43b822,management-vite,1,test-title,dynamic content card: Builder settings -> engine -> the LIME document the API resolves (CR-04),,apps/management-vite/tests/builder-content.test.ts:135,0,no,,,candidate,,
management-vite-test-title-dec84021,management-vite,1,test-title,edges: a filled $defaultOutput without $conditionOutputs never draws an edge (PAINEL-Saidas.md:53),,apps/management-vite/tests/builder-editor.test.ts:278,0,no,,,candidate,,
management-vite-test-title-27772c94,management-vite,1,test-title,"edges: a valid $conditionOutputs stateId produces exactly { de, para }",,apps/management-vite/tests/builder-editor.test.ts:189,0,no,,,candidate,,
management-vite-test-title-c4353401,management-vite,1,test-title,"eixo do chart.js 3.9.1: zero é 0 a 1, e o passo é o niceNum sem arredondar",,apps/management-vite/tests/analytics.test.ts:130,0,no,,,candidate,,
management-vite-test-title-63ecf261,management-vite,1,test-title,emailsParaTexto junta com vírgula e espaço,,apps/management-vite/tests/channels.test.ts:31,0,no,,,candidate,,
management-vite-test-title-123c1df3,management-vite,1,test-title,estouro anuncia quantos segundos passaram do prazo,,apps/management-vite/tests/sla.test.ts:79,0,no,,,candidate,,
management-vite-test-title-a1fc97f4,management-vite,1,test-title,exige os motivos configurados e aceita outras tags múltiplas,,apps/management-vite/tests/closure.test.ts:6,0,no,,,candidate,,
management-vite-test-title-08705125,management-vite,1,test-title,"figurinha e imagem, ambas image/*, voltam a ler como o mesmo tipo de mídia sem $typeOfContent (fluxo importado)",,apps/management-vite/tests/builder-content.test.ts:98,0,no,,,candidate,,
management-vite-test-title-d1fbf0e7,management-vite,1,test-title,"filterDestinations: matches ""atendi"" against both ""Atendimento"" and ""ATENDIMENTO humano"", case- and accent-insensitive",,apps/management-vite/tests/builder-editor.test.ts:343,0,no,,,candidate,,
management-vite-test-title-a5b9100d,management-vite,1,test-title,filterQueues: casa por nome sem diferenciar maiúsculas,,apps/management-vite/tests/builder-queues.test.ts:55,0,no,,,candidate,,
management-vite-test-title-e0a11f9f,management-vite,1,test-title,filterQueues: termo vazio devolve tudo,,apps/management-vite/tests/builder-queues.test.ts:60,0,no,,,candidate,,
management-vite-test-title-91fd74ae,management-vite,1,test-title,"functions: inUseWarning says ""em uso em outros bots"" and names up to three",,apps/management-vite/tests/builder-functions.test.ts:94,0,no,,,candidate,,
management-vite-test-title-beee30ff,management-vite,1,test-title,hasAttendanceBlock: false com um mapa sem bloco de atendimento,,apps/management-vite/tests/builder-queues.test.ts:22,0,no,,,candidate,,
management-vite-test-title-2a226d39,management-vite,1,test-title,hasAttendanceBlock: true com pelo menos um bloco de atendimento,,apps/management-vite/tests/builder-queues.test.ts:27,0,no,,,candidate,,
management-vite-test-title-d882f3ef,management-vite,1,test-title,HTML renomeado para .png não passa,,apps/management-vite/tests/create-rules-of-name.test.ts:24,0,no,,,candidate,,
management-vite-test-title-7f31d52a,management-vite,1,test-title,ignora linha em branco e linha sem telefone,,apps/management-vite/tests/growth.test.ts:50,0,no,,,candidate,,
management-vite-test-title-eba0595f,management-vite,1,test-title,"import-exportar: export -> import does not touch the screen's configuracao (the file carries only {flow, globalActions})",,apps/management-vite/tests/builder-editor.test.ts:511,0,no,,,candidate,,
management-vite-test-title-a003a787,management-vite,1,test-title,isSearchDimming: só esmaece com pelo menos um bloco encontrado (Blip searchedStates.length > 0),,apps/management-vite/tests/builder-search.test.ts:146,0,no,,,candidate,,
management-vite-test-title-15105b49,management-vite,1,test-title,matchBlock: com prefixo actions:/content:/output: restringe o campo,,apps/management-vite/tests/builder-search.test.ts:108,0,no,,,candidate,,
management-vite-test-title-7d2b1861,management-vite,1,test-title,"matchBlock: com prefixo, casa só no campo indicado",,apps/management-vite/tests/builder-search.test.ts:99,0,no,,,candidate,,
management-vite-test-title-7e3d9a87,management-vite,1,test-title,matchBlock: nunca casa só pelo id,,apps/management-vite/tests/builder-search.test.ts:94,0,no,,,candidate,,
management-vite-test-title-4dd60703,management-vite,1,test-title,matchBlock: sem prefixo casa por etiqueta,,apps/management-vite/tests/builder-search.test.ts:72,0,no,,,candidate,,
management-vite-test-title-2599aa01,management-vite,1,test-title,matchBlock: sem prefixo casa por texto do conteúdo,,apps/management-vite/tests/builder-search.test.ts:89,0,no,,,candidate,,
management-vite-test-title-b220aba7,management-vite,1,test-title,matchBlock: sem prefixo casa por título e campo das ações,,apps/management-vite/tests/builder-search.test.ts:83,0,no,,,candidate,,
management-vite-test-title-3c1bff2f,management-vite,1,test-title,matchBlock: sem prefixo casa por título,,apps/management-vite/tests/builder-search.test.ts:66,0,no,,,candidate,,
management-vite-test-title-44bdd17d,management-vite,1,test-title,matchBlock: sem prefixo casa por variável e valor da condição de saída,,apps/management-vite/tests/builder-search.test.ts:77,0,no,,,candidate,,
management-vite-test-title-080e7728,management-vite,1,test-title,"máxima vem antes de alta, e o empate desempata pela mais antiga",,apps/management-vite/tests/priority.test.ts:46,0,no,,,candidate,,
management-vite-test-title-da78ecb3,management-vite,1,test-title,"mês anterior vai do dia 1 ao último dia, atravessando o ano",,apps/management-vite/tests/analytics.test.ts:47,0,no,,,candidate,,
management-vite-test-title-707f68ba,management-vite,1,test-title,"não se aplica sai do cálculo — não é zero, é ausência",,apps/management-vite/tests/nota-evaluation.test.ts:26,0,no,,,candidate,,
management-vite-test-title-ddcd00a9,management-vite,1,test-title,nextRuleName: sequencial e pula nome já usado,,apps/management-vite/tests/builder-queues.test.ts:163,0,no,,,candidate,,
management-vite-test-title-fa4e8922,management-vite,1,test-title,"nível desconhecido cai no FIM, não no meio",,apps/management-vite/tests/priority.test.ts:32,0,no,,,candidate,,
management-vite-test-title-cc2a8109,management-vite,1,test-title,nó de partida: quem saiu sobre todos da etapa seguinte,,apps/management-vite/tests/analytics-journey.test.ts:21,0,no,,,candidate,,
management-vite-test-title-ea588c3a,management-vite,1,test-title,nó que recebe: quem chegou sobre todos da etapa,,apps/management-vite/tests/analytics-journey.test.ts:16,0,no,,,candidate,,
management-vite-test-title-f4dc9e7c,management-vite,1,test-title,"o anterior tem o mesmo tanto de dias, logo antes",,apps/management-vite/tests/analytics.test.ts:90,0,no,,,candidate,,
management-vite-test-title-86fd2d6d,management-vite,1,test-title,o campo escondido não vai no pedido,,apps/management-vite/tests/servicos.test.ts:24,0,no,,,candidate,,
management-vite-test-title-fd64c3c4,management-vite,1,test-title,"o degrau sai em português, pelo rótulo do core",,apps/management-vite/tests/rules-priority.test.ts:52,0,no,,,candidate,,
management-vite-test-title-c8b73392,management-vite,1,test-title,"o desfecho vira rótulo em português, e o desconhecido passa cru",,apps/management-vite/tests/history.test.ts:88,0,no,,,candidate,,
management-vite-test-title-b5e6d0c2,management-vite,1,test-title,"o identificador curto sai do nome, sem espaço",,apps/management-vite/tests/create-rules-of-name.test.ts:51,0,no,,,candidate,,
management-vite-test-title-8ab236d6,management-vite,1,test-title,o mesmo 4 é promotor no CSAT e detrator no NPS,,apps/management-vite/tests/pesquisa.test.ts:25,0,no,,,candidate,,
management-vite-test-title-7b9f7435,management-vite,1,test-title,o modal de desconexão só confirma com motivo E concordância (regra da origem),,apps/management-vite/tests/channel-of-flow.test.ts:83,0,no,,,candidate,,
management-vite-test-title-4eae9d12,management-vite,1,test-title,"o número da home arredonda para baixo, com ""+"", como o processNumber",,apps/management-vite/tests/flow-detalhe.test.ts:199,0,no,,,candidate,,
management-vite-test-title-41a04798,management-vite,1,test-title,o relógio corta os segundos que o Postgres devolve,,apps/management-vite/tests/format.test.ts:111,0,no,,,candidate,,
management-vite-test-title-1b1418db,management-vite,1,test-title,o teto cobre um avatar e não cobre uma foto de câmera,,apps/management-vite/tests/create-rules-of-name.test.ts:41,0,no,,,candidate,,
management-vite-test-title-199cc27f,management-vite,1,test-title,"o ticket sai dos últimos seis do uuid, em maiúsculas e sem hífen",,apps/management-vite/tests/history.test.ts:137,0,no,,,candidate,,
management-vite-test-title-8af06e83,management-vite,1,test-title,"os tetos continuam sendo os do formulário: escala 5, nota 10",,apps/management-vite/tests/nota-evaluation.test.ts:16,0,no,,,candidate,,
management-vite-test-title-a8e20bf2,management-vite,1,test-title,pageQueues: 100 por página,,apps/management-vite/tests/builder-queues.test.ts:65,0,no,,,candidate,,
management-vite-test-title-847052cc,management-vite,1,test-title,"parseSearch: prefixo reconhecido, normalizado sem acento e minúsculo",,apps/management-vite/tests/builder-search.test.ts:53,0,no,,,candidate,,
management-vite-test-title-40939d19,management-vite,1,test-title,"parseSearch: sem prefixo, espaços extras ignorados",,apps/management-vite/tests/builder-search.test.ts:61,0,no,,,candidate,,
management-vite-test-title-bc82d3f7,management-vite,1,test-title,"personalizado respeita o limite para trás, não passa de hoje e não inverte",,apps/management-vite/tests/analytics.test.ts:59,0,no,,,candidate,,
management-vite-test-title-503604b9,management-vite,1,test-title,quebra de linha dentro do campo continua presa em um campo só,,apps/management-vite/tests/csv-history.test.ts:69,0,no,,,candidate,,
management-vite-test-title-d05b691d,management-vite,1,test-title,queueNameError: DIRECT_TRANSFER é reservado,,apps/management-vite/tests/builder-queues.test.ts:42,0,no,,,candidate,,
management-vite-test-title-9d3501ec,management-vite,1,test-title,queueNameError: espaços nas pontas não contam,,apps/management-vite/tests/builder-queues.test.ts:51,0,no,,,candidate,,
management-vite-test-title-187ffd0a,management-vite,1,test-title,"queueNameError: nome repetido, sem diferenciar maiúsculas",,apps/management-vite/tests/builder-queues.test.ts:38,0,no,,,candidate,,
management-vite-test-title-016e3b7f,management-vite,1,test-title,queueNameError: nome válido não gera erro,,apps/management-vite/tests/builder-queues.test.ts:47,0,no,,,candidate,,
management-vite-test-title-2e296757,management-vite,1,test-title,queueNameError: nome vazio,,apps/management-vite/tests/builder-queues.test.ts:33,0,no,,,candidate,,
management-vite-test-title-9ee58531,management-vite,1,test-title,queueRenameError: nome repetido usa o mesmo texto de queueNameError,,apps/management-vite/tests/builder-queues.test.ts:143,0,no,,,candidate,,
management-vite-test-title-dc556f82,management-vite,1,test-title,queueRenameError: nome válido não gera erro,,apps/management-vite/tests/builder-queues.test.ts:150,0,no,,,candidate,,
management-vite-test-title-1160faf6,management-vite,1,test-title,"queueRules: só as regras da fila pedida, ordenadas por order",,apps/management-vite/tests/builder-queues.test.ts:111,0,no,,,candidate,,
management-vite-test-title-f80fcb3e,management-vite,1,test-title,queuesPanelReducer: criada(id) -> regras(id),,apps/management-vite/tests/builder-queues.test.ts:82,0,no,,,candidate,,
management-vite-test-title-2440496b,management-vite,1,test-title,queuesPanelReducer: editar(id) -> regras(id),,apps/management-vite/tests/builder-queues.test.ts:87,0,no,,,candidate,,
management-vite-test-title-527d730a,management-vite,1,test-title,queuesPanelReducer: lista -> abrirCriar -> criar,,apps/management-vite/tests/builder-queues.test.ts:77,0,no,,,candidate,,
management-vite-test-title-d6a4870c,management-vite,1,test-title,reconhece os três tipos que a origem aceita,,apps/management-vite/tests/create-rules-of-name.test.ts:18,0,no,,,candidate,,
management-vite-test-title-e53b4cd2,management-vite,1,test-title,renameBlockReason: atendentes tem prioridade sobre regras e permissão,,apps/management-vite/tests/builder-queues.test.ts:127,0,no,,,candidate,,
management-vite-test-title-be17bc82,management-vite,1,test-title,"renameBlockReason: null com 0 atendentes, 0 regras e permissão",,apps/management-vite/tests/builder-queues.test.ts:123,0,no,,,candidate,,
management-vite-test-title-e0df15f9,management-vite,1,test-title,renameBlockReason: permissão só quando não há atendentes nem regras,,apps/management-vite/tests/builder-queues.test.ts:135,0,no,,,candidate,,
management-vite-test-title-1dd2d1c1,management-vite,1,test-title,renameBlockReason: regras quando não há atendentes,,apps/management-vite/tests/builder-queues.test.ts:131,0,no,,,candidate,,
management-vite-test-title-04a34f04,management-vite,1,test-title,"responder dentro do prazo fecha a pastilha em ""CUMPRIDO""",,apps/management-vite/tests/sla.test.ts:106,0,no,,,candidate,,
management-vite-test-title-d5e9ccb0,management-vite,1,test-title,responder depois do prazo continua sendo estouro,,apps/management-vite/tests/sla.test.ts:93,0,no,,,candidate,,
management-vite-test-title-b7a036f6,management-vite,1,test-title,rotuloDoMotivo traduz os códigos conhecidos e devolve o cru quando não conhece,,apps/management-vite/tests/channels.test.ts:42,0,no,,,candidate,,
management-vite-test-title-19436caa,management-vite,1,test-title,ruleDraftState: Confirmar desabilitado com valor vazio,,apps/management-vite/tests/builder-queues.test.ts:169,0,no,,,candidate,,
management-vite-test-title-9179a027,management-vite,1,test-title,ruleDraftState: Extras Contato exige a propriedade,,apps/management-vite/tests/builder-queues.test.ts:178,0,no,,,candidate,,
management-vite-test-title-b9d0de8a,management-vite,1,test-title,ruleToDraft -> draftToApi preserva a regra guardada,,apps/management-vite/tests/builder-queues.test.ts:211,0,no,,,candidate,,
management-vite-test-title-8861dd83,management-vite,1,test-title,"salvar trava com URL inválida, mas linha vazia não trava",,apps/management-vite/tests/webhook-regras.test.ts:33,0,no,,,candidate,,
management-vite-test-title-462b47c4,management-vite,1,test-title,"SEARCH_DEBOUNCE_MS: igual ao debounce(makeSearch, 500) da Blip",,apps/management-vite/tests/builder-search.test.ts:142,0,no,,,candidate,,
management-vite-test-title-31ff2d86,management-vite,1,test-title,searchMatches: devolve só os ids que casam,,apps/management-vite/tests/builder-search.test.ts:134,0,no,,,candidate,,
management-vite-test-title-c70fe99d,management-vite,1,test-title,searchMatches: termo sem resultado devolve Set vazio,,apps/management-vite/tests/builder-search.test.ts:127,0,no,,,candidate,,
management-vite-test-title-5d7c27f7,management-vite,1,test-title,searchMatches: termo vazio não pesquisa (null),,apps/management-vite/tests/builder-search.test.ts:121,0,no,,,candidate,,
management-vite-test-title-2a434085,management-vite,1,test-title,"secretDraftError always requires the value, and explains it on a rename (Blip: reinsira o valor)",,apps/management-vite/tests/builder-secrets.test.ts:18,0,no,,,candidate,,
management-vite-test-title-fca41131,management-vite,1,test-title,selecionar todos considera somente resultados visíveis,,apps/management-vite/tests/history.test.ts:130,0,no,,,candidate,,
management-vite-test-title-774036bc,management-vite,1,test-title,sem estouro não há excedido para mostrar,,apps/management-vite/tests/sla.test.ts:88,0,no,,,candidate,,
management-vite-test-title-9c90af7a,management-vite,1,test-title,semana anterior é domingo a sábado; a atual começa no domingo,,apps/management-vite/tests/analytics.test.ts:34,0,no,,,candidate,,
management-vite-test-title-efc69239,management-vite,1,test-title,"só HTTPS vale, e não pode repetir",,apps/management-vite/tests/webhook-regras.test.ts:25,0,no,,,candidate,,
management-vite-test-title-cfeed870,management-vite,1,test-title,"sobra item para o ""…"" nos dois tipos",,apps/management-vite/tests/flow-detalhe.test.ts:124,0,no,,,candidate,,
management-vite-test-title-cbf2952b,management-vite,1,test-title,"splitChipText: vírgula, | e ; fecham chips; o resto continua digitado",,apps/management-vite/tests/builder-queues.test.ts:154,0,no,,,candidate,,
management-vite-test-title-1c5b2251,management-vite,1,test-title,survey: montarDesenho -> lerDesenho round trip preserves the survey block,,apps/management-vite/tests/builder-editor.test.ts:319,0,no,,,candidate,,
management-vite-test-title-f3ecb334,management-vite,1,test-title,"SVG não entra: a origem não o aceita, e ele carrega script",,apps/management-vite/tests/create-rules-of-name.test.ts:31,0,no,,,candidate,,
management-vite-test-title-1fe2bab2,management-vite,1,test-title,the Ações tab opens with the function library section and its two buttons wired to onAbrirFuncoes,,apps/management-vite/tests/builder-actions.test.ts:165,0,no,,,candidate,,
management-vite-test-title-360a834c,management-vite,1,test-title,the floating shell keeps the block panel unchanged and adds direita/esquerda positions,,apps/management-vite/tests/builder-painels.test.ts:432,0,no,,,candidate,,
management-vite-test-title-68a82aa5,management-vite,1,test-title,tudo pronto: seis de seis,,apps/management-vite/tests/deployment.test.ts:101,0,no,,,candidate,,
management-vite-test-title-1e92b003,management-vite,1,test-title,typeLabel maps MIME types to Texto/JSON,,apps/management-vite/tests/flow-resources-regras.test.ts:13,0,no,,,candidate,,
management-vite-test-title-69a552e2,management-vite,1,test-title,"Ver canais and Abrir filas link into the primary flow (D-52); with none, they fall back to the portal",,apps/management-vite/tests/deployment.test.ts:85,0,no,,,candidate,,
management-vite-test-title-bb4f7f15,management-vite,1,test-title,"WS: absoluto, percentual, padrão e sinal",,apps/management-vite/tests/analytics.test.ts:116,0,no,,,candidate,,
management-vite-ts-local-f5e17801,management-vite,4,ts-local,agora,,apps/management-vite/src/lib/sla.ts:43,466,no,,,candidate,,
management-vite-ts-local-d3c2f4a2,management-vite,4,ts-local,agora,,apps/management-vite/src/pages/flow/analytics/pecas.tsx:162,466,no,,,candidate,,
management-vite-ts-local-257cc300,management-vite,4,ts-local,agora,,apps/management-vite/src/pages/flow/analytics/reports/reports.tsx:10,466,no,,,candidate,,
management-vite-ts-local-77fea1aa,management-vite,4,ts-local,agora,,apps/management-vite/src/pages/flow/analytics/reports/reports.tsx:98,466,no,,,candidate,,
management-vite-ts-local-37a9d872,management-vite,4,ts-local,agora,,apps/management-vite/src/pages/registrations/regras-horarios.tsx:13,466,no,,,candidate,,
management-vite-ts-local-f6c818e9,management-vite,4,ts-local,alterarEspera,,apps/management-vite/src/pages/builder/panel-content.tsx:98,4,no,,,candidate,,
management-vite-ts-local-a706ee6e,management-vite,4,ts-local,alvos,,apps/management-vite/src/pages/contract/members/tabela.tsx:534,27,no,,,candidate,,
management-vite-ts-local-0b471c2a,management-vite,4,ts-local,ano,,apps/management-vite/src/pages/flow/analytics/pecas.tsx:48,49,no,,,candidate,,
management-vite-ts-local-dd6595e9,management-vite,4,ts-local,ano,,apps/management-vite/src/pages/updates/page.tsx:196,49,no,,,candidate,,
management-vite-ts-local-e372eb2c,management-vite,4,ts-local,antes,,apps/management-vite/src/pages/builder/flow-functions.ts:63,865,no,,,candidate,,
management-vite-ts-local-ec5e8dac,management-vite,4,ts-local,antes,,apps/management-vite/src/pages/contract/certificates/tela.tsx:476,865,no,,,candidate,,
management-vite-ts-local-60ada48b,management-vite,4,ts-local,antes,,apps/management-vite/src/pages/contract/certificates/tela.tsx:552,865,no,,,candidate,,
management-vite-ts-local-b274c08c,management-vite,4,ts-local,antes,,apps/management-vite/src/pages/contract/certificates/tela.tsx:563,865,no,,,candidate,,
management-vite-ts-local-6aff02eb,management-vite,4,ts-local,antes,,apps/management-vite/src/pages/contract/certificates/tela.tsx:574,865,no,,,candidate,,
management-vite-ts-local-be827cf7,management-vite,4,ts-local,antes,,apps/management-vite/src/pages/contract/certificates/tela.tsx:589,865,no,,,candidate,,
management-vite-ts-local-f4cd2a91,management-vite,4,ts-local,antes,,apps/management-vite/src/pages/contract/certificates/tela.tsx:609,865,no,,,candidate,,
management-vite-ts-local-56f10eae,management-vite,4,ts-local,antes,,apps/management-vite/src/pages/contract/certificates/tela.tsx:623,865,no,,,candidate,,
management-vite-ts-local-8d202e30,management-vite,4,ts-local,antes,,apps/management-vite/src/pages/contract/members/convidar.tsx:238,865,no,,,candidate,,
management-vite-ts-local-04190353,management-vite,4,ts-local,antes,,apps/management-vite/src/pages/contract/members/convidar.tsx:70,865,no,,,candidate,,
management-vite-ts-local-e2f957aa,management-vite,4,ts-local,antes,,apps/management-vite/src/pages/contract/members/convidar.tsx:89,865,no,,,candidate,,
management-vite-ts-local-087e1778,management-vite,4,ts-local,antes,,apps/management-vite/src/pages/contract/members/tabela.tsx:124,865,no,,,candidate,,
management-vite-ts-local-020e5845,management-vite,4,ts-local,aoAlternarTodos,,apps/management-vite/src/components/lista-history.tsx:98,4,no,,,candidate,,
management-vite-ts-local-3eee5700,management-vite,4,ts-local,aoAplicarFiltro,,apps/management-vite/src/pages/flow/log/tela.tsx:87,5,no,,,candidate,,
management-vite-ts-local-06c89959,management-vite,4,ts-local,aoAplicarPeriodo,,apps/management-vite/src/pages/flow/analytics/journey/jornada.tsx:41,8,no,,,candidate,,
management-vite-ts-local-c2433eea,management-vite,4,ts-local,aoAplicarPeriodo,,apps/management-vite/src/pages/flow/analytics/overview/visao-geral.tsx:12,8,no,,,candidate,,
management-vite-ts-local-1e403680,management-vite,4,ts-local,aoCarregarMais,,apps/management-vite/src/pages/flow/log/tela.tsx:86,4,no,,,candidate,,
management-vite-ts-local-37adb3c7,management-vite,4,ts-local,aoFiltrarCategoria,,apps/management-vite/src/pages/updates/page.tsx:158,5,no,,,candidate,,
management-vite-ts-local-9c984808,management-vite,4,ts-local,aoReceber,,apps/management-vite/src/components/registration-embedded-whatsapp.tsx:108,2,no,,,candidate,,
management-vite-ts-local-578c99a2,management-vite,4,ts-local,aoSumir,,apps/management-vite/src/pages/contract/certificates/tela.tsx:431,5,no,,,candidate,,
management-vite-ts-local-33ceb25f,management-vite,4,ts-local,apoio,,apps/management-vite/src/components/panel-filters.tsx:133,26,no,,,candidate,,
management-vite-ts-local-60c9c248,management-vite,4,ts-local,arrasto,,apps/management-vite/src/pages/builder/canvas.tsx:81,19,no,,,candidate,,
management-vite-ts-local-41ee1245,management-vite,4,ts-local,ativo,,apps/management-vite/src/lib/registrations-gravar.ts:127,338,no,,,candidate,,
management-vite-ts-local-4653cc4b,management-vite,4,ts-local,ativo,,apps/management-vite/src/pages/builder.tsx:39,338,no,,,candidate,,
management-vite-ts-local-9eddcc81,management-vite,4,ts-local,ativo,,apps/management-vite/src/pages/builder/destination-picker.tsx:32,338,no,,,candidate,,
management-vite-ts-local-a09a3eea,management-vite,4,ts-local,ativo,,apps/management-vite/src/pages/flow/barra-of-contact.tsx:158,338,no,,,candidate,,
management-vite-ts-local-02da0059,management-vite,4,ts-local,ativo,,apps/management-vite/src/pages/flow/barra-of-contact.tsx:40,338,no,,,candidate,,
management-vite-ts-local-9b6962eb,management-vite,4,ts-local,ativo,,apps/management-vite/src/pages/flow/contact.tsx:71,338,no,,,candidate,,
management-vite-ts-local-7b1e1240,management-vite,4,ts-local,ativo,,apps/management-vite/src/pages/flow/contact.tsx:86,338,no,,,candidate,,
management-vite-ts-local-55c11a7b,management-vite,4,ts-local,ativo,,apps/management-vite/src/pages/flow/contents/tela.tsx:107,338,no,,,candidate,,
management-vite-ts-local-c573499f,management-vite,4,ts-local,ativo,,apps/management-vite/src/pages/flow/log/tela.tsx:107,338,no,,,candidate,,
management-vite-ts-local-00cdb688,management-vite,4,ts-local,ativo,,apps/management-vite/src/pages/flow/settings/welcome/tela.tsx:16,338,no,,,candidate,,
management-vite-ts-local-fc7a8061,management-vite,4,ts-local,ativos,,apps/management-vite/src/pages/flow/cards.tsx:116,25,no,,,candidate,,
management-vite-ts-local-6ced0491,management-vite,4,ts-local,atualizadoEm,,apps/management-vite/src/pages/builder/use-editor.ts:112,55,no,,,candidate,,
management-vite-ts-local-e40faad6,management-vite,4,ts-local,atualizadoEm,,apps/management-vite/src/pages/builder/use-editor.ts:37,55,no,,,candidate,,
management-vite-ts-local-185f6f82,management-vite,4,ts-local,atualizados,,apps/management-vite/src/pages/registrations/communication-templates.tsx:49,11,no,,,candidate,,
management-vite-ts-local-fd09ca61,management-vite,4,ts-local,authSenha,,apps/management-vite/src/pages/flow/integrations/webhook/tela.tsx:65,4,no,,,candidate,,
management-vite-ts-local-bed9405f,management-vite,4,ts-local,avisoAberto,,apps/management-vite/src/pages/builder.tsx:86,2,no,,,candidate,,
management-vite-ts-local-0397a1c1,management-vite,4,ts-local,aviso,,apps/management-vite/src/components/registration-embedded-whatsapp.tsx:267,216,no,,,candidate,,
management-vite-ts-local-6a3bc68e,management-vite,4,ts-local,aviso,,apps/management-vite/src/pages/builder.tsx:133,216,no,,,candidate,,
management-vite-ts-local-8b1eede8,management-vite,4,ts-local,aviso,,apps/management-vite/src/pages/builder/flow-functions-panel.tsx:175,216,no,,,candidate,,
management-vite-ts-local-93deadc3,management-vite,4,ts-local,aviso,,apps/management-vite/src/pages/builder/panel-queues.tsx:253,216,no,,,candidate,,
management-vite-ts-local-dc7e63f2,management-vite,4,ts-local,aviso,,apps/management-vite/src/pages/builder/panel-queues.tsx:28,216,no,,,candidate,,
management-vite-ts-local-15351188,management-vite,4,ts-local,aviso,,apps/management-vite/src/pages/builder/queue-rules.tsx:62,216,no,,,candidate,,
management-vite-ts-local-d9dd86fa,management-vite,4,ts-local,aviso,,apps/management-vite/src/pages/contract/certificates/tela.tsx:101,216,no,,,candidate,,
management-vite-ts-local-bf6bef4d,management-vite,4,ts-local,aviso,,apps/management-vite/src/pages/flow/contacts/detalhe/editar.tsx:27,216,no,,,candidate,,
management-vite-ts-local-4323c5fa,management-vite,4,ts-local,aviso,,apps/management-vite/src/pages/flow/contents/tela.tsx:336,216,no,,,candidate,,
management-vite-ts-local-4a392c16,management-vite,4,ts-local,aviso,,apps/management-vite/src/pages/flow/growth/active-messages/tela.tsx:32,216,no,,,candidate,,
management-vite-ts-local-076fbef5,management-vite,4,ts-local,aviso,,apps/management-vite/src/pages/flow/growth/ads/anuncios.tsx:12,216,no,,,candidate,,
management-vite-ts-local-8693c687,management-vite,4,ts-local,aviso,,apps/management-vite/src/pages/flow/resources/recursos.tsx:264,216,no,,,candidate,,
management-vite-ts-local-a296f945,management-vite,4,ts-local,aviso,,apps/management-vite/src/pages/flow/settings/api/tela.tsx:29,216,no,,,candidate,,
management-vite-ts-local-910e19b7,management-vite,4,ts-local,aviso,,apps/management-vite/src/pages/flow/settings/basic/tela.tsx:120,216,no,,,candidate,,
management-vite-ts-local-8f15b450,management-vite,4,ts-local,aviso,,apps/management-vite/src/pages/flow/settings/keys/tela.tsx:100,216,no,,,candidate,,
management-vite-ts-local-14d56db7,management-vite,4,ts-local,aviso,,apps/management-vite/src/pages/flow/settings/persistent-menu/tela.tsx:40,216,no,,,candidate,,
management-vite-ts-local-f327821a,management-vite,4,ts-local,aviso,,apps/management-vite/src/pages/flow/settings/welcome/tela.tsx:19,216,no,,,candidate,,
management-vite-ts-local-aa0c6260,management-vite,4,ts-local,aviso,,apps/management-vite/src/pages/flow/team/editar.tsx:82,216,no,,,candidate,,
management-vite-ts-local-afe06385,management-vite,4,ts-local,aviso,,apps/management-vite/src/pages/flow/team/tela.tsx:197,216,no,,,candidate,,
management-vite-ts-local-89a3d717,management-vite,4,ts-local,aviso,,apps/management-vite/src/pages/flow/team/tela.tsx:365,216,no,,,candidate,,
management-vite-ts-local-d16362db,management-vite,4,ts-local,avisoVisivel,,apps/management-vite/src/pages/flow/analytics/report-manager/tela.tsx:77,2,no,,,candidate,,
management-vite-ts-local-7afc21b1,management-vite,4,ts-local,bloco,,apps/management-vite/src/pages/builder/panel-configuration.tsx:132,854,no,,,candidate,,
management-vite-ts-local-f382fb03,management-vite,4,ts-local,blocos,,apps/management-vite/src/pages/builder/destination-picker.tsx:21,240,no,,,candidate,,
management-vite-ts-local-c1eb164c,management-vite,4,ts-local,blocos,,apps/management-vite/src/pages/builder/variables.ts:112,240,no,,,candidate,,
management-vite-ts-local-3730436f,management-vite,4,ts-local,botao,,apps/management-vite/src/pages/flow/contents/tela.tsx:667,24,no,,,candidate,,
management-vite-ts-local-b7458f70,management-vite,4,ts-local,botao,,apps/management-vite/src/pages/flow/contents/tela.tsx:808,24,no,,,candidate,,
management-vite-ts-local-75a0815b,management-vite,4,ts-local,bruto,,apps/management-vite/src/lib/channels.ts:127,276,no,,,candidate,,
management-vite-ts-local-8478c7ce,management-vite,4,ts-local,bruto,,apps/management-vite/src/lib/channels.ts:145,276,no,,,candidate,,
management-vite-ts-local-9a8e1e24,management-vite,4,ts-local,bruto,,apps/management-vite/src/lib/format.ts:86,276,no,,,candidate,,
management-vite-ts-local-7b5c42bb,management-vite,4,ts-local,bruto,,apps/management-vite/src/lib/format.ts:91,276,no,,,candidate,,
management-vite-ts-local-32b86fb9,management-vite,4,ts-local,bruto,,apps/management-vite/src/lib/pesquisa.ts:25,276,no,,,candidate,,
management-vite-ts-local-c68ec2c8,management-vite,4,ts-local,bruto,,apps/management-vite/src/lib/pesquisa.ts:39,276,no,,,candidate,,
management-vite-ts-local-6f6686d9,management-vite,4,ts-local,bruto,,apps/management-vite/src/pages/builder/model.ts:181,276,no,,,candidate,,
management-vite-ts-local-a73efdd6,management-vite,4,ts-local,bruto,,apps/management-vite/src/pages/create/regras-de-nome.ts:112,276,no,,,candidate,,
management-vite-ts-local-2a7a66e1,management-vite,4,ts-local,busca,,apps/management-vite/src/pages/builder/destination-picker.tsx:30,350,no,,,candidate,,
management-vite-ts-local-645d11d1,management-vite,4,ts-local,busca,,apps/management-vite/src/pages/builder/variables.ts:112,350,no,,,candidate,,
management-vite-ts-local-98115598,management-vite,4,ts-local,buscaSistema,,apps/management-vite/src/pages/builder/panel-variables.tsx:67,6,no,,,candidate,,
management-vite-ts-local-39247383,management-vite,4,ts-local,buscaUsuario,,apps/management-vite/src/pages/builder/panel-variables.tsx:68,6,no,,,candidate,,
management-vite-ts-local-84a24145,management-vite,4,ts-local,cabecalho,,apps/management-vite/src/lib/communication.ts:51,133,no,,,candidate,,
management-vite-ts-local-bb8c4d03,management-vite,4,ts-local,cabecalho,,apps/management-vite/src/lib/communication.ts:55,133,no,,,candidate,,
management-vite-ts-local-a3d2c6ff,management-vite,4,ts-local,cabecalho,,apps/management-vite/src/pages/builder/panel-actions.tsx:738,133,no,,,candidate,,
management-vite-ts-local-0defdaa4,management-vite,4,ts-local,cabecalho,,apps/management-vite/src/pages/flow/analytics/data-dictionary/pages.tsx:178,133,no,,,candidate,,
management-vite-ts-local-cea3a629,management-vite,4,ts-local,cabecalho,,apps/management-vite/src/pages/flow/analytics/data-dictionary/pages.tsx:1875,133,no,,,candidate,,
management-vite-ts-local-13198612,management-vite,4,ts-local,cabecalho,,apps/management-vite/src/pages/flow/integrations/webhook/tela.tsx:480,133,no,,,candidate,,
management-vite-ts-local-7472bc12,management-vite,4,ts-local,cabecalho,,apps/management-vite/src/pages/registrations/communication-templates-formulario.tsx:42,133,no,,,candidate,,
management-vite-ts-local-8e2b94d0,management-vite,4,ts-local,cabecalho,,apps/management-vite/src/pages/registrations/communication-templates.tsx:28,133,no,,,candidate,,
management-vite-ts-local-4b1fa2ff,management-vite,4,ts-local,cabecalho,,apps/management-vite/tests/csv-history.test.ts:42,133,no,,,candidate,,
management-vite-ts-local-8c31e7d1,management-vite,4,ts-local,cabecalhos,,apps/management-vite/src/pages/builder/actions-of-block.ts:462,103,no,,,candidate,,
management-vite-ts-local-e5549759,management-vite,4,ts-local,cabecalhos,,apps/management-vite/src/pages/builder/conteudo.ts:264,103,no,,,candidate,,
management-vite-ts-local-18ef1589,management-vite,4,ts-local,cabecalhos,,apps/management-vite/src/pages/builder/panel-actions.tsx:594,103,no,,,candidate,,
management-vite-ts-local-ff7d1251,management-vite,4,ts-local,cabecalhos,,apps/management-vite/src/pages/builder/panel-actions.tsx:730,103,no,,,candidate,,
management-vite-ts-local-961c5c22,management-vite,4,ts-local,cabecalhos,,apps/management-vite/src/pages/builder/panel-actions.tsx:734,103,no,,,candidate,,
management-vite-ts-local-c1e0318c,management-vite,4,ts-local,cabecalhos,,apps/management-vite/src/pages/flow/integrations/webhook/gravar.ts:64,103,no,,,candidate,,
management-vite-ts-local-3658352d,management-vite,4,ts-local,cabecalhos,,apps/management-vite/src/pages/flow/integrations/webhook/tela.tsx:69,103,no,,,candidate,,
management-vite-ts-local-89d0fe55,management-vite,4,ts-local,cabecalhoTipo,,apps/management-vite/src/pages/registrations/communication-templates-formulario.tsx:41,15,no,,,candidate,,
management-vite-ts-local-1adf597a,management-vite,4,ts-local,campo,,apps/management-vite/src/pages/builder/actions-of-block.ts:506,819,no,,,candidate,,
management-vite-ts-local-e1339081,management-vite,4,ts-local,campo,,apps/management-vite/src/pages/builder/panel-actions.tsx:579,819,no,,,candidate,,
management-vite-ts-local-471e0947,management-vite,4,ts-local,campo,,apps/management-vite/src/pages/builder/panel-configuration-variables.tsx:233,819,no,,,candidate,,
management-vite-ts-local-0a7787ea,management-vite,4,ts-local,campo,,apps/management-vite/src/pages/builder/search.ts:117,819,no,,,candidate,,
management-vite-ts-local-aa2b533d,management-vite,4,ts-local,campo,,apps/management-vite/src/pages/builder/search.ts:31,819,no,,,candidate,,
management-vite-ts-local-372860a4,management-vite,4,ts-local,campo,,apps/management-vite/src/pages/contract/members/tabela.tsx:63,819,no,,,candidate,,
management-vite-ts-local-8ddab6b7,management-vite,4,ts-local,campo,,apps/management-vite/src/pages/create/casco.tsx:114,819,no,,,candidate,,
management-vite-ts-local-bca2d4b8,management-vite,4,ts-local,campo,,apps/management-vite/src/pages/create/gravar.ts:43,819,no,,,candidate,,
management-vite-ts-local-31a36b15,management-vite,4,ts-local,campo,,apps/management-vite/src/pages/flow/analytics/active-messages/filter.tsx:115,819,no,,,candidate,,
management-vite-ts-local-3ab778ab,management-vite,4,ts-local,campo,,apps/management-vite/src/pages/flow/analytics/active-messages/filter.tsx:50,819,no,,,candidate,,
management-vite-ts-local-89271980,management-vite,4,ts-local,campo,,apps/management-vite/src/pages/flow/channels/whatsapp/settings.tsx:22,819,no,,,candidate,,
management-vite-ts-local-76d00e8b,management-vite,4,ts-local,campo,,apps/management-vite/src/pages/flow/settings/persistent-menu/tela.tsx:45,819,no,,,candidate,,
management-vite-ts-local-1db26117,management-vite,4,ts-local,campo,,apps/management-vite/src/pages/my-account/actions.ts:46,819,no,,,candidate,,
management-vite-ts-local-a1e73ce0,management-vite,4,ts-local,campo,,apps/management-vite/src/pages/operation/monitoring.tsx:273,819,no,,,candidate,,
management-vite-ts-local-b6cd0b74,management-vite,4,ts-local,campo,,apps/management-vite/src/pages/registrations/rules-attendance-formulario.tsx:104,819,no,,,candidate,,
management-vite-ts-local-128d9973,management-vite,4,ts-local,campo,,apps/management-vite/src/pages/registrations/rules-attendance-formulario.tsx:38,819,no,,,candidate,,
management-vite-ts-local-b666d963,management-vite,4,ts-local,camposOcultos,,apps/management-vite/src/pages/create/casco.tsx:92,5,no,,,candidate,,
management-vite-ts-local-c05e00f2,management-vite,4,ts-local,campoValor,,apps/management-vite/tests/builder-search.test.ts:38,2,no,,,candidate,,
management-vite-ts-local-d1f33344,management-vite,4,ts-local,carregandoMais,,apps/management-vite/src/pages/flow/log/log.tsx:84,8,no,,,candidate,,
management-vite-ts-local-7fd1c3ee,management-vite,4,ts-local,carregandoMais,,apps/management-vite/src/pages/flow/log/tela.tsx:85,8,no,,,candidate,,
management-vite-ts-local-6b0cbf33,management-vite,4,ts-local,cartao,,apps/management-vite/src/pages/builder/search.ts:77,17,no,,,candidate,,
management-vite-ts-local-a11a5ecf,management-vite,4,ts-local,cartao,,apps/management-vite/tests/builder-content.test.ts:107,17,no,,,candidate,,
management-vite-ts-local-09a8c99c,management-vite,4,ts-local,cartao,,apps/management-vite/tests/builder-content.test.ts:74,17,no,,,candidate,,
management-vite-ts-local-28072599,management-vite,4,ts-local,categoria,,apps/management-vite/src/pages/flow/contents/regras.ts:45,281,no,,,candidate,,
management-vite-ts-local-a495a119,management-vite,4,ts-local,categoria,,apps/management-vite/src/pages/flow/contents/regras.ts:58,281,no,,,candidate,,
management-vite-ts-local-b0a66045,management-vite,4,ts-local,categoria,,apps/management-vite/src/pages/flow/contents/regras.ts:68,281,no,,,candidate,,
management-vite-ts-local-b1dc930b,management-vite,4,ts-local,categoria,,apps/management-vite/src/pages/flow/contents/regras.ts:93,281,no,,,candidate,,
management-vite-ts-local-44b6ff84,management-vite,4,ts-local,categoria,,apps/management-vite/src/pages/flow/contents/tela.tsx:333,281,no,,,candidate,,
management-vite-ts-local-11c3b1de,management-vite,4,ts-local,categoria,,apps/management-vite/src/pages/flow/growth/active-messages/tela.tsx:22,281,no,,,candidate,,
management-vite-ts-local-301754a3,management-vite,4,ts-local,categoria,,apps/management-vite/src/pages/registrations/communication-templates-formulario.tsx:40,281,no,,,candidate,,
management-vite-ts-local-89ed93e0,management-vite,4,ts-local,categoria,,apps/management-vite/src/pages/updates/page.tsx:162,281,no,,,candidate,,
management-vite-ts-local-32ec6cf5,management-vite,4,ts-local,categoria,,apps/management-vite/tests/conteudos-regras.test.ts:15,281,no,,,candidate,,
management-vite-ts-local-f68ca12e,management-vite,4,ts-local,chave,,apps/management-vite/src/pages/builder.tsx:371,571,no,,,candidate,,
management-vite-ts-local-8f323cb7,management-vite,4,ts-local,chave,,apps/management-vite/src/pages/builder/actions-of-block.ts:358,571,no,,,candidate,,
management-vite-ts-local-37bf7c05,management-vite,4,ts-local,chave,,apps/management-vite/src/pages/builder/panel-configuration-variables.tsx:134,571,no,,,candidate,,
management-vite-ts-local-04638f69,management-vite,4,ts-local,chave,,apps/management-vite/src/pages/builder/panel-configuration-variables.tsx:218,571,no,,,candidate,,
management-vite-ts-local-ec3a96b6,management-vite,4,ts-local,chave,,apps/management-vite/src/pages/builder/panel-configuration-variables.tsx:243,571,no,,,candidate,,
management-vite-ts-local-c54c41dd,management-vite,4,ts-local,chave,,apps/management-vite/src/pages/builder/panel-configuration-variables.tsx:275,571,no,,,candidate,,
management-vite-ts-local-bf3ca22e,management-vite,4,ts-local,chave,,apps/management-vite/src/pages/builder/panel-configuration-variables.tsx:31,571,no,,,candidate,,
management-vite-ts-local-f0754ef9,management-vite,4,ts-local,chave,,apps/management-vite/src/pages/builder/panel-configuration-variables.tsx:321,571,no,,,candidate,,
management-vite-ts-local-ac93b9b0,management-vite,4,ts-local,chave,,apps/management-vite/src/pages/builder/panel-configuration-variables.tsx:78,571,no,,,candidate,,
management-vite-ts-local-446af908,management-vite,4,ts-local,chave,,apps/management-vite/src/pages/builder/panel-configuration.tsx:71,571,no,,,candidate,,
management-vite-ts-local-c4e546a1,management-vite,4,ts-local,chave,,apps/management-vite/src/pages/builder/state.ts:14,571,no,,,candidate,,
management-vite-ts-local-d41d1e10,management-vite,4,ts-local,chave,,apps/management-vite/src/pages/builder/test-panel.tsx:97,571,no,,,candidate,,
management-vite-ts-local-eef4fac7,management-vite,4,ts-local,chave,,apps/management-vite/src/pages/builder/variables.ts:61,571,no,,,candidate,,
management-vite-ts-local-b42e7aef,management-vite,4,ts-local,chaveDraft,,apps/management-vite/src/pages/builder/panel-configuration-variables.tsx:287,6,no,,,candidate,,
management-vite-ts-local-26b099fd,management-vite,4,ts-local,chaves,,apps/management-vite/src/pages/flow/settings/regras.ts:30,189,no,,,candidate,,
management-vite-ts-local-30b8008e,management-vite,4,ts-local,cheia,,apps/management-vite/src/pages/operation/monitoring.tsx:110,25,no,,,candidate,,
management-vite-ts-local-3a3468ea,management-vite,4,ts-local,cheia,,apps/management-vite/src/pages/operation/monitoring.tsx:114,25,no,,,candidate,,
management-vite-ts-local-f31e718f,management-vite,4,ts-local,codigo,,apps/management-vite/src/pages/builder/model.ts:181,595,no,,,candidate,,
management-vite-ts-local-48de45ba,management-vite,4,ts-local,codigo,,apps/management-vite/src/pages/flow/contents/tela.tsx:284,595,no,,,candidate,,
management-vite-ts-local-d7bd03d8,management-vite,4,ts-local,codigo,,apps/management-vite/src/pages/flow/contents/tela.tsx:482,595,no,,,candidate,,
management-vite-ts-local-75114112,management-vite,4,ts-local,codigo,,apps/management-vite/src/pages/flow/growth/tracked-links/data.ts:27,595,no,,,candidate,,
management-vite-ts-local-44c25354,management-vite,4,ts-local,codigo,,apps/management-vite/src/pages/login.tsx:78,595,no,,,candidate,,
management-vite-ts-local-77502320,management-vite,4,ts-local,codigo,,apps/management-vite/src/pages/my-account/page.tsx:282,595,no,,,candidate,,
management-vite-ts-local-628f9ba2,management-vite,4,ts-local,codigo,,apps/management-vite/tests/links-rastreados.test.ts:14,595,no,,,candidate,,
management-vite-ts-local-2c912a65,management-vite,4,ts-local,colunas,,apps/management-vite/src/pages/contract/certificates/tela.tsx:311,160,no,,,candidate,,
management-vite-ts-local-302d5ed7,management-vite,4,ts-local,colunas,,apps/management-vite/src/pages/contract/members/tabela.tsx:578,160,no,,,candidate,,
management-vite-ts-local-383f6fea,management-vite,4,ts-local,colunas,,apps/management-vite/src/pages/flow/analytics/journey/jornada.tsx:214,160,no,,,candidate,,
management-vite-ts-local-552e917e,management-vite,4,ts-local,colunas,,apps/management-vite/tests/analytics-journey.test.ts:33,160,no,,,candidate,,
management-vite-ts-local-3c0cad62,management-vite,4,ts-local,comErro,,apps/management-vite/src/pages/builder/panel-content.tsx:550,12,no,,,candidate,,
management-vite-ts-local-b3310a03,management-vite,4,ts-local,comErro,,apps/management-vite/src/pages/builder/panel-content.tsx:558,12,no,,,candidate,,
management-vite-ts-local-48e3a84e,management-vite,4,ts-local,condicao,,apps/management-vite/src/pages/builder/search.ts:50,32,no,,,candidate,,
management-vite-ts-local-aaa28a50,management-vite,4,ts-local,configuracao,,apps/management-vite/src/pages/builder/state.ts:65,73,no,,,candidate,,
management-vite-ts-local-ee29a818,management-vite,4,ts-local,configuracao,,apps/management-vite/src/pages/builder/use-editor.ts:107,73,no,,,candidate,,
management-vite-ts-local-3532d793,management-vite,4,ts-local,configuracao,,apps/management-vite/src/pages/builder/use-editor.ts:71,73,no,,,candidate,,
management-vite-ts-local-8848432f,management-vite,4,ts-local,configuracao,,apps/management-vite/src/pages/builder/use-editor.ts:95,73,no,,,candidate,,
management-vite-ts-local-02daa00d,management-vite,4,ts-local,contador,,apps/management-vite/src/pages/builder/cabecalho-info.tsx:7,43,no,,,candidate,,
management-vite-ts-local-67411613,management-vite,4,ts-local,contador,,apps/management-vite/src/pages/flow/settings/pecas.tsx:126,43,no,,,candidate,,
management-vite-ts-local-17cf59ae,management-vite,4,ts-local,conteudo,,apps/management-vite/src/pages/builder/conteudo.ts:140,398,no,,,candidate,,
management-vite-ts-local-c21615d5,management-vite,4,ts-local,conteudo,,apps/management-vite/src/pages/builder/conteudo.ts:223,398,no,,,candidate,,
management-vite-ts-local-86fc11bd,management-vite,4,ts-local,conteudo,,apps/management-vite/src/pages/builder/conteudo.ts:236,398,no,,,candidate,,
management-vite-ts-local-8c913e93,management-vite,4,ts-local,conteudo,,apps/management-vite/src/pages/builder/conteudo.ts:240,398,no,,,candidate,,
management-vite-ts-local-c1925101,management-vite,4,ts-local,conteudo,,apps/management-vite/src/pages/builder/conteudo.ts:244,398,no,,,candidate,,
management-vite-ts-local-047b317b,management-vite,4,ts-local,conteudo,,apps/management-vite/src/pages/builder/conteudo.ts:252,398,no,,,candidate,,
management-vite-ts-local-fb32963e,management-vite,4,ts-local,conteudo,,apps/management-vite/src/pages/builder/conteudo.ts:260,398,no,,,candidate,,
management-vite-ts-local-7b87a33d,management-vite,4,ts-local,conteudo,,apps/management-vite/src/pages/builder/conteudo.ts:358,398,no,,,candidate,,
management-vite-ts-local-c1ac955a,management-vite,4,ts-local,conteudo,,apps/management-vite/src/pages/builder/conteudo.ts:381,398,no,,,candidate,,
management-vite-ts-local-ea35fb79,management-vite,4,ts-local,conteudo,,apps/management-vite/src/pages/builder/conteudo.ts:392,398,no,,,candidate,,
management-vite-ts-local-29537dba,management-vite,4,ts-local,conteudo,,apps/management-vite/src/pages/builder/conteudo.ts:401,398,no,,,candidate,,
management-vite-ts-local-174c5271,management-vite,4,ts-local,conteudo,,apps/management-vite/src/pages/builder/model.ts:203,398,no,,,candidate,,
management-vite-ts-local-7df77ae6,management-vite,4,ts-local,copiado,,apps/management-vite/src/pages/builder/panel-variables.tsx:69,68,no,,,candidate,,
management-vite-ts-local-9e9a3798,management-vite,4,ts-local,copiado,,apps/management-vite/src/pages/contract/copiar.tsx:7,68,no,,,candidate,,
management-vite-ts-local-b7f81907,management-vite,4,ts-local,copiado,,apps/management-vite/src/pages/contract/members/convidar.tsx:54,68,no,,,candidate,,
management-vite-ts-local-1da6892b,management-vite,4,ts-local,copiado,,apps/management-vite/src/pages/contract/members/tabela.tsx:343,68,no,,,candidate,,
management-vite-ts-local-84d8359b,management-vite,4,ts-local,copiado,,apps/management-vite/src/pages/flow/growth/tracked-links/links-rastreados.tsx:19,68,no,,,candidate,,
management-vite-ts-local-f82e5eb5,management-vite,4,ts-local,copiado,,apps/management-vite/src/pages/flow/team/tela.tsx:201,68,no,,,candidate,,
management-vite-ts-local-87dc34fe,management-vite,4,ts-local,cor,,apps/management-vite/src/pages/builder/panel.tsx:138,308,no,,,candidate,,
management-vite-ts-local-121c242e,management-vite,4,ts-local,cor,,apps/management-vite/src/pages/builder/tags-of-block.ts:12,308,no,,,candidate,,
management-vite-ts-local-e42c9baf,management-vite,4,ts-local,cor,,apps/management-vite/src/pages/builder/tags-of-block.ts:44,308,no,,,candidate,,
management-vite-ts-local-a2bc5777,management-vite,4,ts-local,cor,,apps/management-vite/src/pages/builder/tags-of-block.ts:80,308,no,,,candidate,,
management-vite-ts-local-121e405b,management-vite,4,ts-local,cor,,apps/management-vite/src/pages/flow/analytics/journey/jornada.tsx:188,308,no,,,candidate,,
management-vite-ts-local-f4c8ed3f,management-vite,4,ts-local,cor,,apps/management-vite/src/pages/registrations/agents-queues-edit.tsx:81,308,no,,,candidate,,
management-vite-ts-local-c9a22559,management-vite,4,ts-local,cor,,apps/management-vite/tests/builder-painels.test.ts:124,308,no,,,candidate,,
management-vite-ts-local-f3be9f8e,management-vite,4,ts-local,corDaOrigem,,apps/management-vite/src/pages/builder/tags-of-block.ts:56,6,no,,,candidate,,
management-vite-ts-local-154af769,management-vite,4,ts-local,criados,,apps/management-vite/src/pages/registrations/communication-templates.tsx:49,43,no,,,candidate,,
management-vite-ts-local-ee3c0522,management-vite,4,ts-local,criar,,apps/management-vite/tests/builder-content.test.ts:41,298,no,,,candidate,,
management-vite-ts-local-627b1a98,management-vite,4,ts-local,criarFuncaoAoAbrir,,apps/management-vite/src/pages/builder.tsx:95,9,no,,,candidate,,
management-vite-ts-local-348e6bca,management-vite,4,ts-local,criarFuncaoAoAbrir,,apps/management-vite/src/pages/builder/panel-configuration.tsx:62,9,no,,,candidate,,
management-vite-ts-local-6cb7c582,management-vite,4,ts-local,criarFuncao,,apps/management-vite/src/pages/builder/panel-configuration.tsx:85,3,no,,,candidate,,
management-vite-ts-local-8f9c24d0,management-vite,4,ts-local,cru,,apps/management-vite/src/pages/contract/catalogo.ts:187,95,no,,,candidate,,
management-vite-ts-local-ffe521b0,management-vite,4,ts-local,dados,,apps/management-vite/src/pages/flow/analytics/overview/page.tsx:62,401,no,,,candidate,,
management-vite-ts-local-b58c4d8b,management-vite,4,ts-local,definirTexto,,apps/management-vite/src/pages/contract/members/convidar.tsx:50,8,no,,,candidate,,
management-vite-ts-local-2aaf0451,management-vite,4,ts-local,dela,,apps/management-vite/src/lib/history.ts:129,56,no,,,candidate,,
management-vite-ts-local-4986ea2e,management-vite,4,ts-local,denominador,,apps/management-vite/src/components/metrica.tsx:11,61,no,,,candidate,,
management-vite-ts-local-34586f50,management-vite,4,ts-local,denominador,,apps/management-vite/src/components/metrica.tsx:45,61,no,,,candidate,,
management-vite-ts-local-340e50d8,management-vite,4,ts-local,depois,,apps/management-vite/src/pages/builder/flow-functions.ts:63,685,no,,,candidate,,
management-vite-ts-local-6f870cb6,management-vite,4,ts-local,desenho,,apps/management-vite/src/pages/builder-gravar.ts:38,188,no,,,candidate,,
management-vite-ts-local-d6028262,management-vite,4,ts-local,desenho,,apps/management-vite/src/pages/builder/model.ts:179,188,no,,,candidate,,
management-vite-ts-local-c5e41de0,management-vite,4,ts-local,destinoFixo,,apps/management-vite/src/pages/registrations/rules-attendance-formulario.tsx:127,9,no,,,candidate,,
management-vite-ts-local-d0912fa6,management-vite,4,ts-local,dica,,apps/management-vite/src/components/metrica.tsx:9,148,no,,,candidate,,
management-vite-ts-local-841268e1,management-vite,4,ts-local,dica,,apps/management-vite/src/pages/contract/certificates/tela.tsx:694,148,no,,,candidate,,
management-vite-ts-local-f3b9b567,management-vite,4,ts-local,dica,,apps/management-vite/src/pages/flow/analytics/dashboard/tela.tsx:233,148,no,,,candidate,,
management-vite-ts-local-1a900c47,management-vite,4,ts-local,dica,,apps/management-vite/src/pages/flow/analytics/dashboard/tela.tsx:261,148,no,,,candidate,,
management-vite-ts-local-a3d20619,management-vite,4,ts-local,dica,,apps/management-vite/src/pages/flow/analytics/dashboard/tela.tsx:73,148,no,,,candidate,,
management-vite-ts-local-58b0c4a3,management-vite,4,ts-local,dica,,apps/management-vite/src/pages/flow/analytics/overview/visao-geral.tsx:200,148,no,,,candidate,,
management-vite-ts-local-d5d93f0f,management-vite,4,ts-local,dica,,apps/management-vite/src/pages/flow/analytics/pecas.tsx:131,148,no,,,candidate,,
management-vite-ts-local-5a7ff330,management-vite,4,ts-local,dica,,apps/management-vite/src/pages/flow/cards.tsx:223,148,no,,,candidate,,
management-vite-ts-local-bb24a683,management-vite,4,ts-local,dica,,apps/management-vite/src/pages/flow/cards.tsx:275,148,no,,,candidate,,
management-vite-ts-local-0cc224a8,management-vite,4,ts-local,dica,,apps/management-vite/src/pages/operation/reports-satisfaction.tsx:54,148,no,,,candidate,,
management-vite-ts-local-a0eeb470,management-vite,4,ts-local,emailsTexto,,apps/management-vite/src/pages/flow/channels/whatsapp/alerta.tsx:22,3,no,,,candidate,,
management-vite-ts-local-749483f9,management-vite,4,ts-local,entrada,,apps/management-vite/src/pages/builder/test-panel.tsx:146,534,no,,,candidate,,
management-vite-ts-local-9df6ba86,management-vite,4,ts-local,entrada,,apps/management-vite/tests/builder-painels.test.ts:124,534,no,,,candidate,,
management-vite-ts-local-03dae4ec,management-vite,4,ts-local,entradas,,apps/management-vite/src/pages/contract/certificates/tela.tsx:469,29,no,,,candidate,,
management-vite-ts-local-a0b5b969,management-vite,4,ts-local,erro,,apps/management-vite/src/pages/builder/conteudo.ts:485,806,no,,,candidate,,
management-vite-ts-local-c82c4d56,management-vite,4,ts-local,erro,,apps/management-vite/src/pages/builder/conteudo.ts:489,806,no,,,candidate,,
management-vite-ts-local-d52e09c8,management-vite,4,ts-local,erro,,apps/management-vite/src/pages/builder/conteudo.ts:494,806,no,,,candidate,,
management-vite-ts-local-7de52e8e,management-vite,4,ts-local,erro,,apps/management-vite/src/pages/builder/test-panel.tsx:148,806,no,,,candidate,,
management-vite-ts-local-ae1654ad,management-vite,4,ts-local,erro,,apps/management-vite/src/pages/flow/resources/recursos.tsx:241,806,no,,,candidate,,
management-vite-ts-local-6340a864,management-vite,4,ts-local,erroCampo,,apps/management-vite/src/pages/builder/panel-queues.tsx:256,4,no,,,candidate,,
management-vite-ts-local-5d9c9b7f,management-vite,4,ts-local,erroExclusao,,apps/management-vite/src/pages/builder/queue-rules.tsx:76,2,no,,,candidate,,
management-vite-ts-local-d9ed96e6,management-vite,4,ts-local,erroNome,,apps/management-vite/src/pages/builder/queue-rules.tsx:73,4,no,,,candidate,,
management-vite-ts-local-dcb12b58,management-vite,4,ts-local,esperando,,apps/management-vite/src/pages/builder/use-editor.ts:43,29,no,,,candidate,,
management-vite-ts-local-2e71bad5,management-vite,4,ts-local,estado,,apps/management-vite/src/pages/builder/test-panel.tsx:106,836,no,,,candidate,,
management-vite-ts-local-c4a00d7e,management-vite,4,ts-local,etapa,,apps/management-vite/src/pages/flow/growth/active-messages/tela.tsx:20,42,no,,,candidate,,
management-vite-ts-local-638e4a75,management-vite,4,ts-local,etiqueta,,apps/management-vite/src/components/modal-finalizar-monitoring.tsx:35,288,no,,,candidate,,
management-vite-ts-local-fbf846ae,management-vite,4,ts-local,etiqueta,,apps/management-vite/src/pages/builder/cabecalho-info.tsx:9,288,no,,,candidate,,
management-vite-ts-local-cfe1bed0,management-vite,4,ts-local,etiqueta,,apps/management-vite/src/pages/builder/no.tsx:70,288,no,,,candidate,,
management-vite-ts-local-312d3362,management-vite,4,ts-local,etiqueta,,apps/management-vite/tests/builder-painels.test.ts:119,288,no,,,candidate,,
management-vite-ts-local-00f65bdf,management-vite,4,ts-local,etiquetas,,apps/management-vite/src/components/monitoring-detailed.tsx:483,182,no,,,candidate,,
management-vite-ts-local-853d8fae,management-vite,4,ts-local,etiquetas,,apps/management-vite/src/pages/registrations/settings-data.tsx:24,182,no,,,candidate,,
management-vite-ts-local-92647953,management-vite,4,ts-local,etiquetas,,apps/management-vite/src/pages/registrations/settings-general.tsx:23,182,no,,,candidate,,
management-vite-ts-local-84db0055,management-vite,4,ts-local,evento,,apps/management-vite/src/components/barra-do-portal.tsx:191,324,no,,,candidate,,
management-vite-ts-local-8c9fc9a5,management-vite,4,ts-local,evento,,apps/management-vite/src/components/envio-de-formulario.ts:10,324,no,,,candidate,,
management-vite-ts-local-67ec8da1,management-vite,4,ts-local,evento,,apps/management-vite/src/components/envio-de-formulario.ts:9,324,no,,,candidate,,
management-vite-ts-local-9b0e1c50,management-vite,4,ts-local,evento,,apps/management-vite/src/components/monitoring-detailed.tsx:119,324,no,,,candidate,,
management-vite-ts-local-99a7e668,management-vite,4,ts-local,evento,,apps/management-vite/src/components/monitoring-detailed.tsx:217,324,no,,,candidate,,
management-vite-ts-local-55638bd9,management-vite,4,ts-local,evento,,apps/management-vite/src/components/monitoring-detailed.tsx:528,324,no,,,candidate,,
management-vite-ts-local-03fbb34b,management-vite,4,ts-local,evento,,apps/management-vite/src/components/monitoring-detailed.tsx:567,324,no,,,candidate,,
management-vite-ts-local-f2b11a81,management-vite,4,ts-local,evento,,apps/management-vite/src/components/panel-filters.tsx:79,324,no,,,candidate,,
management-vite-ts-local-46dd7fab,management-vite,4,ts-local,evento,,apps/management-vite/src/components/registration-embedded-whatsapp.tsx:109,324,no,,,candidate,,
management-vite-ts-local-ff1ba9bb,management-vite,4,ts-local,evento,,apps/management-vite/src/components/registration-embedded-whatsapp.tsx:110,324,no,,,candidate,,
management-vite-ts-local-490b6bcf,management-vite,4,ts-local,evento,,apps/management-vite/src/pages/builder/destination-picker.tsx:41,324,no,,,candidate,,
management-vite-ts-local-98565682,management-vite,4,ts-local,evento,,apps/management-vite/src/pages/builder/destination-picker.tsx:57,324,no,,,candidate,,
management-vite-ts-local-e94ee885,management-vite,4,ts-local,evento,,apps/management-vite/src/pages/builder/panel-queues.tsx:273,324,no,,,candidate,,
management-vite-ts-local-28819424,management-vite,4,ts-local,evento,,apps/management-vite/src/pages/flow/analytics/journey/jornada.tsx:94,324,no,,,candidate,,
management-vite-ts-local-1ae27a8a,management-vite,4,ts-local,evento,,apps/management-vite/src/pages/flow/analytics/report-manager/tela.tsx:320,324,no,,,candidate,,
management-vite-ts-local-e4879390,management-vite,4,ts-local,evento,,apps/management-vite/src/pages/flow/analytics/report-manager/tela.tsx:83,324,no,,,candidate,,
management-vite-ts-local-b893e95b,management-vite,4,ts-local,evento,,apps/management-vite/src/pages/flow/contacts/detalhe/editar.tsx:107,324,no,,,candidate,,
management-vite-ts-local-0bcd1bc5,management-vite,4,ts-local,evento,,apps/management-vite/src/pages/flow/contacts/detalhe/editar.tsx:36,324,no,,,candidate,,
management-vite-ts-local-66e3a0df,management-vite,4,ts-local,evento,,apps/management-vite/src/pages/flow/contents/tela.tsx:431,324,no,,,candidate,,
management-vite-ts-local-6ed264c7,management-vite,4,ts-local,evento,,apps/management-vite/src/pages/flow/contents/tela.tsx:452,324,no,,,candidate,,
management-vite-ts-local-f67476bc,management-vite,4,ts-local,evento,,apps/management-vite/src/pages/flow/contents/tela.tsx:479,324,no,,,candidate,,
management-vite-ts-local-6ccf1d65,management-vite,4,ts-local,evento,,apps/management-vite/src/pages/flow/contents/tela.tsx:700,324,no,,,candidate,,
management-vite-ts-local-8c56b07f,management-vite,4,ts-local,evento,,apps/management-vite/src/pages/flow/contents/tela.tsx:743,324,no,,,candidate,,
management-vite-ts-local-01474e91,management-vite,4,ts-local,evento,,apps/management-vite/src/pages/flow/contents/tela.tsx:818,324,no,,,candidate,,
management-vite-ts-local-77d21082,management-vite,4,ts-local,evento,,apps/management-vite/src/pages/flow/contents/tela.tsx:907,324,no,,,candidate,,
management-vite-ts-local-88e0085b,management-vite,4,ts-local,evento,,apps/management-vite/src/pages/flow/contents/tela.tsx:915,324,no,,,candidate,,
management-vite-ts-local-e6eef189,management-vite,4,ts-local,evento,,apps/management-vite/src/pages/flow/contents/tela.tsx:936,324,no,,,candidate,,
management-vite-ts-local-95cee63e,management-vite,4,ts-local,evento,,apps/management-vite/src/pages/flow/growth/active-messages/tela.tsx:173,324,no,,,candidate,,
management-vite-ts-local-9fd116d7,management-vite,4,ts-local,evento,,apps/management-vite/src/pages/flow/growth/active-messages/tela.tsx:192,324,no,,,candidate,,
management-vite-ts-local-b99ff7b1,management-vite,4,ts-local,evento,,apps/management-vite/src/pages/flow/growth/active-messages/tela.tsx:202,324,no,,,candidate,,
management-vite-ts-local-1f302057,management-vite,4,ts-local,evento,,apps/management-vite/src/pages/flow/growth/active-messages/tela.tsx:212,324,no,,,candidate,,
management-vite-ts-local-fd72e063,management-vite,4,ts-local,evento,,apps/management-vite/src/pages/flow/growth/active-messages/tela.tsx:280,324,no,,,candidate,,
management-vite-ts-local-4f2d1374,management-vite,4,ts-local,evento,,apps/management-vite/src/pages/flow/growth/active-messages/tela.tsx:288,324,no,,,candidate,,
management-vite-ts-local-387844f9,management-vite,4,ts-local,evento,,apps/management-vite/src/pages/flow/growth/active-messages/tela.tsx:302,324,no,,,candidate,,
management-vite-ts-local-3b2726bc,management-vite,4,ts-local,evento,,apps/management-vite/src/pages/flow/growth/active-messages/tela.tsx:324,324,no,,,candidate,,
management-vite-ts-local-cd430944,management-vite,4,ts-local,evento,,apps/management-vite/src/pages/flow/growth/active-messages/tela.tsx:362,324,no,,,candidate,,
management-vite-ts-local-57436aca,management-vite,4,ts-local,evento,,apps/management-vite/src/pages/flow/growth/active-messages/tela.tsx:379,324,no,,,candidate,,
management-vite-ts-local-5f0e2983,management-vite,4,ts-local,evento,,apps/management-vite/src/pages/flow/growth/tracked-links/links-rastreados.tsx:40,324,no,,,candidate,,
management-vite-ts-local-80cd0b63,management-vite,4,ts-local,evento,,apps/management-vite/src/pages/flow/integrations/interruptor.tsx:38,324,no,,,candidate,,
management-vite-ts-local-2c03c349,management-vite,4,ts-local,evento,,apps/management-vite/src/pages/flow/integrations/webhook/tela.tsx:282,324,no,,,candidate,,
management-vite-ts-local-c9586748,management-vite,4,ts-local,evento,,apps/management-vite/src/pages/flow/integrations/webhook/tela.tsx:345,324,no,,,candidate,,
management-vite-ts-local-a0c7374b,management-vite,4,ts-local,evento,,apps/management-vite/src/pages/flow/integrations/webhook/tela.tsx:41,324,no,,,candidate,,
management-vite-ts-local-db1823f0,management-vite,4,ts-local,evento,,apps/management-vite/src/pages/flow/integrations/webhook/tela.tsx:581,324,no,,,candidate,,
management-vite-ts-local-200329f7,management-vite,4,ts-local,evento,,apps/management-vite/src/pages/flow/integrations/webhook/tela.tsx:664,324,no,,,candidate,,
management-vite-ts-local-b3458f8c,management-vite,4,ts-local,evento,,apps/management-vite/src/pages/flow/log/tela.tsx:114,324,no,,,candidate,,
management-vite-ts-local-edbd4a7e,management-vite,4,ts-local,evento,,apps/management-vite/src/pages/flow/log/tela.tsx:118,324,no,,,candidate,,
management-vite-ts-local-ad0347ad,management-vite,4,ts-local,evento,,apps/management-vite/src/pages/flow/services/tela.tsx:222,324,no,,,candidate,,
management-vite-ts-local-c96c3a95,management-vite,4,ts-local,evento,,apps/management-vite/src/pages/flow/services/tela.tsx:251,324,no,,,candidate,,
management-vite-ts-local-f4afd81a,management-vite,4,ts-local,evento,,apps/management-vite/src/pages/flow/services/tela.tsx:329,324,no,,,candidate,,
management-vite-ts-local-830fa443,management-vite,4,ts-local,evento,,apps/management-vite/src/pages/flow/services/tela.tsx:349,324,no,,,candidate,,
management-vite-ts-local-1467951b,management-vite,4,ts-local,evento,,apps/management-vite/src/pages/flow/services/tela.tsx:384,324,no,,,candidate,,
management-vite-ts-local-fc5ab106,management-vite,4,ts-local,evento,,apps/management-vite/src/pages/flow/settings/api/tela.tsx:147,324,no,,,candidate,,
management-vite-ts-local-cc249654,management-vite,4,ts-local,evento,,apps/management-vite/src/pages/flow/settings/basic/tela.tsx:195,324,no,,,candidate,,
management-vite-ts-local-82b8a978,management-vite,4,ts-local,evento,,apps/management-vite/src/pages/flow/settings/basic/tela.tsx:259,324,no,,,candidate,,
management-vite-ts-local-e6f9bf1d,management-vite,4,ts-local,evento,,apps/management-vite/src/pages/flow/settings/basic/tela.tsx:327,324,no,,,candidate,,
management-vite-ts-local-dc795594,management-vite,4,ts-local,evento,,apps/management-vite/src/pages/flow/settings/basic/tela.tsx:58,324,no,,,candidate,,
management-vite-ts-local-8b2ab78b,management-vite,4,ts-local,evento,,apps/management-vite/src/pages/flow/settings/basic/tela.tsx:70,324,no,,,candidate,,
management-vite-ts-local-a6346a2e,management-vite,4,ts-local,evento,,apps/management-vite/src/pages/flow/settings/keys/tela.tsx:53,324,no,,,candidate,,
management-vite-ts-local-530abf1b,management-vite,4,ts-local,evento,,apps/management-vite/src/pages/flow/settings/pecas.tsx:158,324,no,,,candidate,,
management-vite-ts-local-a0a229fc,management-vite,4,ts-local,evento,,apps/management-vite/src/pages/flow/settings/pecas.tsx:170,324,no,,,candidate,,
management-vite-ts-local-193d41d0,management-vite,4,ts-local,evento,,apps/management-vite/src/pages/flow/settings/welcome/tela.tsx:69,324,no,,,candidate,,
management-vite-ts-local-6476a34d,management-vite,4,ts-local,evento,,apps/management-vite/src/pages/flow/team/editar.tsx:153,324,no,,,candidate,,
management-vite-ts-local-15fbc76e,management-vite,4,ts-local,evento,,apps/management-vite/src/pages/flow/team/tela.tsx:290,324,no,,,candidate,,
management-vite-ts-local-b1bdaf1b,management-vite,4,ts-local,evento,,apps/management-vite/src/pages/flow/team/tela.tsx:387,324,no,,,candidate,,
management-vite-ts-local-bd5a76dd,management-vite,4,ts-local,evento,,apps/management-vite/src/pages/flow/team/tela.tsx:417,324,no,,,candidate,,
management-vite-ts-local-9d403b08,management-vite,4,ts-local,evento,,apps/management-vite/src/pages/flow/team/tela.tsx:459,324,no,,,candidate,,
management-vite-ts-local-01ef41a7,management-vite,4,ts-local,evento,,apps/management-vite/src/pages/flow/team/tela.tsx:470,324,no,,,candidate,,
management-vite-ts-local-0ccee228,management-vite,4,ts-local,evento,,apps/management-vite/src/pages/flow/team/tela.tsx:84,324,no,,,candidate,,
management-vite-ts-local-43e444d5,management-vite,4,ts-local,evento,,apps/management-vite/src/pages/login.tsx:104,324,no,,,candidate,,
management-vite-ts-local-4570f6ca,management-vite,4,ts-local,evento,,apps/management-vite/src/pages/my-account/page.tsx:103,324,no,,,candidate,,
management-vite-ts-local-5e9eeb0e,management-vite,4,ts-local,evento,,apps/management-vite/src/pages/registrations/agents-edit.tsx:75,324,no,,,candidate,,
management-vite-ts-local-b97f2f67,management-vite,4,ts-local,evento,,apps/management-vite/src/pages/registrations/agents-queues-edit.tsx:380,324,no,,,candidate,,
management-vite-ts-local-e848ae14,management-vite,4,ts-local,evento,,apps/management-vite/src/pages/registrations/agents-queues-edit.tsx:97,324,no,,,candidate,,
management-vite-ts-local-d4b2e666,management-vite,4,ts-local,eventos,,apps/management-vite/src/pages/flow/integrations/webhook/gravar.ts:62,232,no,,,candidate,,
management-vite-ts-local-184039f7,management-vite,4,ts-local,eventos,,apps/management-vite/src/pages/flow/integrations/webhook/tela.tsx:62,232,no,,,candidate,,
management-vite-ts-local-cf407f6c,management-vite,4,ts-local,excluindoAgora,,apps/management-vite/src/pages/flow/integrations/webhook/tela.tsx:76,4,no,,,candidate,,
management-vite-ts-local-6636703e,management-vite,4,ts-local,excluindoAgora,,apps/management-vite/src/pages/flow/settings/keys/tela.tsx:104,4,no,,,candidate,,
management-vite-ts-local-9870fe44,management-vite,4,ts-local,exemploDoCabecalho,,apps/management-vite/src/pages/registrations/communication-templates-formulario.tsx:43,8,no,,,candidate,,
management-vite-ts-local-2e2a9a12,management-vite,4,ts-local,existe,,apps/management-vite/src/pages/builder/conditions.ts:180,582,no,,,candidate,,
management-vite-ts-local-76867c21,management-vite,4,ts-local,extensao,,apps/management-vite/src/pages/builder/actions-global.ts:32,8,no,,,candidate,,
management-vite-ts-local-e71bf1b9,management-vite,4,ts-local,extensao,,apps/management-vite/src/pages/builder/model.ts:27,8,no,,,candidate,,
management-vite-ts-local-5b49d627,management-vite,4,ts-local,extensao,,apps/management-vite/src/pages/builder/model.ts:43,8,no,,,candidate,,
management-vite-ts-local-3eac94b1,management-vite,4,ts-local,extensao,,apps/management-vite/src/pages/builder/model.ts:49,8,no,,,candidate,,
management-vite-ts-local-35ebe4c8,management-vite,4,ts-local,extensao,,apps/management-vite/src/pages/builder/model.ts:59,8,no,,,candidate,,
management-vite-ts-local-1ccf02a5,management-vite,4,ts-local,extensao,,apps/management-vite/src/pages/builder/model.ts:70,8,no,,,candidate,,
management-vite-ts-local-f0b4ded7,management-vite,4,ts-local,extensao,,apps/management-vite/src/pages/builder/model.ts:75,8,no,,,candidate,,
management-vite-ts-local-f3921533,management-vite,4,ts-local,faixa,,apps/management-vite/src/pages/contract/page.tsx:123,168,no,,,candidate,,
management-vite-ts-local-25d24980,management-vite,4,ts-local,faixa,,apps/management-vite/src/pages/my-account/page.tsx:226,168,no,,,candidate,,
management-vite-ts-local-ff0fa2c9,management-vite,4,ts-local,faixas,,apps/management-vite/src/pages/flow/analytics/journey/jornada.tsx:214,61,no,,,candidate,,
management-vite-ts-local-fb4f6660,management-vite,4,ts-local,falhas,,apps/management-vite/src/pages/flow/analytics/active-messages/miolo.tsx:418,69,no,,,candidate,,
management-vite-ts-local-981db6d7,management-vite,4,ts-local,fila,,apps/management-vite/src/pages/builder/queue-rules.tsx:56,878,no,,,candidate,,
management-vite-ts-local-05ccf84d,management-vite,4,ts-local,fila,,apps/management-vite/src/pages/builder/queues-panel.ts:72,878,no,,,candidate,,
management-vite-ts-local-00ba22c8,management-vite,4,ts-local,filaId,,apps/management-vite/src/pages/builder/queues-panel.ts:59,49,no,,,candidate,,
management-vite-ts-local-fc542e57,management-vite,4,ts-local,filas,,apps/management-vite/src/pages/builder/queues-panel.ts:27,293,no,,,candidate,,
management-vite-ts-local-e24d700b,management-vite,4,ts-local,filas,,apps/management-vite/src/pages/builder/queues-panel.ts:37,293,no,,,candidate,,
management-vite-ts-local-bc78f65f,management-vite,4,ts-local,filas,,apps/management-vite/src/pages/builder/queues-panel.ts:52,293,no,,,candidate,,
management-vite-ts-local-1ca1ddd8,management-vite,4,ts-local,filtros,,apps/management-vite/src/pages/flow/analytics/active-messages/filter.tsx:41,74,no,,,candidate,,
management-vite-ts-local-353d15dd,management-vite,4,ts-local,filtros,,apps/management-vite/src/pages/flow/analytics/active-messages/page.tsx:116,74,no,,,candidate,,
management-vite-ts-local-f3d0793e,management-vite,4,ts-local,filtros,,apps/management-vite/src/pages/flow/log/log.tsx:53,74,no,,,candidate,,
management-vite-ts-local-e1e97512,management-vite,4,ts-local,filtros,,apps/management-vite/src/pages/flow/log/tela.tsx:105,74,no,,,candidate,,
management-vite-ts-local-b6eeb4ab,management-vite,4,ts-local,filtros,,apps/management-vite/src/pages/updates/page.tsx:41,74,no,,,candidate,,
management-vite-ts-local-89dc9061,management-vite,4,ts-local,folga,,apps/management-vite/src/pages/flow/analytics/journey/sankey.ts:51,12,no,,,candidate,,
management-vite-ts-local-c93cc3a1,management-vite,4,ts-local,foraDoAlcance,,apps/management-vite/src/pages/flow/analytics/dashboard/tela.tsx:73,7,no,,,candidate,,
management-vite-ts-local-1831a899,management-vite,4,ts-local,foto,,apps/management-vite/src/pages/flow/channels/whatsapp/perfil.tsx:91,88,no,,,candidate,,
management-vite-ts-local-f975a7bf,management-vite,4,ts-local,fundo,,apps/management-vite/src/pages/flow/analytics/active-messages/miolo.tsx:163,225,no,,,candidate,,
management-vite-ts-local-c4f18b03,management-vite,4,ts-local,fundo,,apps/management-vite/src/pages/flow/analytics/active-messages/miolo.tsx:177,225,no,,,candidate,,
management-vite-ts-local-4a985805,management-vite,4,ts-local,fundo,,apps/management-vite/src/pages/flow/analytics/active-messages/miolo.tsx:93,225,no,,,candidate,,
management-vite-ts-local-d1bfd94a,management-vite,4,ts-local,grande,,apps/management-vite/src/pages/updates/page.tsx:157,51,no,,,candidate,,
management-vite-ts-local-dc1ef421,management-vite,4,ts-local,gravandoFoto,,apps/management-vite/src/pages/flow/channels/whatsapp/perfil.tsx:94,3,no,,,candidate,,
management-vite-ts-local-030f079b,management-vite,4,ts-local,grupo,,apps/management-vite/src/components/lista-history.tsx:124,136,no,,,candidate,,
management-vite-ts-local-4ab40c8f,management-vite,4,ts-local,grupo,,apps/management-vite/src/pages/builder/panel-actions.tsx:326,136,no,,,candidate,,
management-vite-ts-local-6170a8af,management-vite,4,ts-local,grupo,,apps/management-vite/src/pages/contract/catalogo.ts:170,136,no,,,candidate,,
management-vite-ts-local-9b0be7f5,management-vite,4,ts-local,grupo,,apps/management-vite/src/pages/contract/page.tsx:61,136,no,,,candidate,,
management-vite-ts-local-b4907043,management-vite,4,ts-local,grupo,,apps/management-vite/src/pages/operation/reports-satisfaction.tsx:35,136,no,,,candidate,,
management-vite-ts-local-d5c5fb56,management-vite,4,ts-local,horarioId,,apps/management-vite/src/pages/registrations/agents-queues-edit.tsx:84,81,no,,,candidate,,
management-vite-ts-local-b38c0ece,management-vite,4,ts-local,horarios,,apps/management-vite/src/pages/registrations/agents-queues-edit.tsx:75,28,no,,,candidate,,
management-vite-ts-local-bcd36aed,management-vite,4,ts-local,horarios,,apps/management-vite/src/pages/registrations/regras-horarios-formulario.tsx:117,28,no,,,candidate,,
management-vite-ts-local-7538f3ae,management-vite,4,ts-local,horarios,,apps/management-vite/src/pages/registrations/regras-horarios-formulario.tsx:180,28,no,,,candidate,,
management-vite-ts-local-287703ee,management-vite,4,ts-local,horarios,,apps/management-vite/src/pages/registrations/regras-horarios-formulario.tsx:57,28,no,,,candidate,,
management-vite-ts-local-b34488b5,management-vite,4,ts-local,horarios,,apps/management-vite/src/pages/registrations/regras-horarios.tsx:13,28,no,,,candidate,,
management-vite-ts-local-d5cc158b,management-vite,4,ts-local,idioma,,apps/management-vite/src/pages/flow/contents/tela.tsx:158,139,no,,,candidate,,
management-vite-ts-local-8a10cb59,management-vite,4,ts-local,idioma,,apps/management-vite/src/pages/registrations/communication-templates-formulario.tsx:39,139,no,,,candidate,,
management-vite-ts-local-6f0422b2,management-vite,4,ts-local,ignorados,,apps/management-vite/src/pages/registrations/communication-templates.tsx:49,13,no,,,candidate,,
management-vite-ts-local-e25cb064,management-vite,4,ts-local,indices,,apps/management-vite/src/pages/builder/actions-of-block.ts:590,6,no,,,candidate,,
management-vite-ts-local-4880a0e1,management-vite,4,ts-local,intervalo,,apps/management-vite/src/pages/flow/analytics/active-messages/miolo.tsx:16,73,no,,,candidate,,
management-vite-ts-local-4f1b8b03,management-vite,4,ts-local,intervalo,,apps/management-vite/src/pages/flow/analytics/active-messages/miolo.tsx:206,73,no,,,candidate,,
management-vite-ts-local-d27c927d,management-vite,4,ts-local,intervalo,,apps/management-vite/src/pages/flow/analytics/active-messages/page.tsx:87,73,no,,,candidate,,
management-vite-ts-local-130537c5,management-vite,4,ts-local,intervalo,,apps/management-vite/src/pages/flow/analytics/dashboard/dashboard.tsx:60,73,no,,,candidate,,
management-vite-ts-local-ba7440e6,management-vite,4,ts-local,invalido,,apps/management-vite/src/pages/builder/no.tsx:31,55,no,,,candidate,,
management-vite-ts-local-8d89e858,management-vite,4,ts-local,irPara,,apps/management-vite/src/pages/contract/certificates/tela.tsx:468,29,no,,,candidate,,
management-vite-ts-local-a7debcb9,management-vite,4,ts-local,lido,,apps/management-vite/src/pages/contract/members/convidar.tsx:99,93,no,,,candidate,,
management-vite-ts-local-75e091d8,management-vite,4,ts-local,ligada,,apps/management-vite/src/pages/registrations/agents-permissions.tsx:51,60,no,,,candidate,,
management-vite-ts-local-e64d8e15,management-vite,4,ts-local,ligado,,apps/management-vite/src/components/card-config.tsx:40,105,no,,,candidate,,
management-vite-ts-local-a32eb9f1,management-vite,4,ts-local,ligado,,apps/management-vite/src/pages/flow/integrations/interruptor.tsx:10,105,no,,,candidate,,
management-vite-ts-local-a82fd710,management-vite,4,ts-local,ligado,,apps/management-vite/src/pages/flow/integrations/webhook/tela.tsx:375,105,no,,,candidate,,
management-vite-ts-local-b811c15e,management-vite,4,ts-local,ligado,,apps/management-vite/src/pages/flow/settings/pecas.tsx:44,105,no,,,candidate,,
management-vite-ts-local-8460f986,management-vite,4,ts-local,limite,,apps/management-vite/src/pages/flow/analytics/active-messages/filter.tsx:22,381,no,,,candidate,,
management-vite-ts-local-cda0e087,management-vite,4,ts-local,limite,,apps/management-vite/src/pages/flow/analytics/active-messages/page.tsx:87,381,no,,,candidate,,
management-vite-ts-local-78e89f78,management-vite,4,ts-local,limiteSimultaneo,,apps/management-vite/tests/agents.test.ts:22,18,no,,,candidate,,
management-vite-ts-local-496edaab,management-vite,4,ts-local,livres,,apps/management-vite/src/pages/flow/channels/conexao.tsx:68,13,no,,,candidate,,
management-vite-ts-local-ad669769,management-vite,4,ts-local,livres,,apps/management-vite/tests/channel-of-flow.test.ts:66,13,no,,,candidate,,
management-vite-ts-local-70e4c956,management-vite,4,ts-local,maisAntigo,,apps/management-vite/tests/builder-toast.test.ts:48,2,no,,,candidate,,
management-vite-ts-local-3b4c37a2,management-vite,4,ts-local,maisNovo,,apps/management-vite/tests/builder-toast.test.ts:48,2,no,,,candidate,,
management-vite-ts-local-e1d7cd7b,management-vite,4,ts-local,marcarCopiado,,apps/management-vite/src/pages/contract/members/convidar.tsx:54,6,no,,,candidate,,
management-vite-ts-local-27778eab,management-vite,4,ts-local,marcarCopiado,,apps/management-vite/src/pages/contract/members/tabela.tsx:343,6,no,,,candidate,,
management-vite-ts-local-b7d8e4a1,management-vite,4,ts-local,maximo,,apps/management-vite/src/pages/contract/certificates/tela.tsx:696,43,no,,,candidate,,
management-vite-ts-local-a0f4867b,management-vite,4,ts-local,maximo,,apps/management-vite/src/pages/flow/analytics/dashboard/tela.tsx:310,43,no,,,candidate,,
management-vite-ts-local-fea3dc92,management-vite,4,ts-local,mensagemDoBot,,apps/management-vite/src/pages/builder/test-panel.tsx:168,4,no,,,candidate,,
management-vite-ts-local-4a22aff2,management-vite,4,ts-local,mensagemDoBot,,apps/management-vite/src/pages/builder/test-panel.tsx:186,4,no,,,candidate,,
management-vite-ts-local-72cd8e9c,management-vite,4,ts-local,mensagens,,apps/management-vite/src/pages/builder/test-panel.tsx:145,334,no,,,candidate,,
management-vite-ts-local-791ee1d1,management-vite,4,ts-local,midia,,apps/management-vite/tests/builder-content.test.ts:41,54,no,,,candidate,,
management-vite-ts-local-c1d5c790,management-vite,4,ts-local,minimoMs,,apps/management-vite/src/pages/builder.tsx:163,3,no,,,candidate,,
management-vite-ts-local-c7c010d3,management-vite,4,ts-local,modelos,,apps/management-vite/src/pages/flow/contents/tela.tsx:172,123,no,,,candidate,,
management-vite-ts-local-19329cd1,management-vite,4,ts-local,motivoParaExcluir,,apps/management-vite/src/pages/registrations/agents-breaks.tsx:27,4,no,,,candidate,,
management-vite-ts-local-d29e69ad,management-vite,4,ts-local,mudou,,apps/management-vite/src/pages/flow/analytics/active-messages/filter.tsx:43,82,no,,,candidate,,
management-vite-ts-local-fb031044,management-vite,4,ts-local,nomes,,apps/management-vite/src/lib/agents.ts:54,253,no,,,candidate,,
management-vite-ts-local-ffc8516c,management-vite,4,ts-local,nomes,,apps/management-vite/src/pages/builder/variables.ts:100,253,no,,,candidate,,
management-vite-ts-local-a5ece891,management-vite,4,ts-local,nomes,,apps/management-vite/src/pages/builder/variables.ts:17,253,no,,,candidate,,
management-vite-ts-local-ff38840d,management-vite,4,ts-local,nomes,,apps/management-vite/src/pages/builder/variables.ts:29,253,no,,,candidate,,
management-vite-ts-local-3c52b04f,management-vite,4,ts-local,nomes,,apps/management-vite/src/pages/builder/variables.ts:74,253,no,,,candidate,,
management-vite-ts-local-00b8c44a,management-vite,4,ts-local,nos,,apps/management-vite/src/pages/flow/analytics/journey/jornada.tsx:214,295,no,,,candidate,,
management-vite-ts-local-0c4ffc0d,management-vite,4,ts-local,nos,,apps/management-vite/tests/analytics-journey.test.ts:33,295,no,,,candidate,,
management-vite-ts-local-e494cb71,management-vite,4,ts-local,novaChave,,apps/management-vite/src/pages/builder/panel-configuration-variables.tsx:249,6,no,,,candidate,,
management-vite-ts-local-2303e45c,management-vite,4,ts-local,novaChave,,apps/management-vite/src/pages/builder/panel-configuration-variables.tsx:284,6,no,,,candidate,,
management-vite-ts-local-6ace13e0,management-vite,4,ts-local,novas,,apps/management-vite/src/pages/builder/panel-configuration-variables.tsx:223,53,no,,,candidate,,
management-vite-ts-local-095bc807,management-vite,4,ts-local,novas,,apps/management-vite/src/pages/builder/secret-vars-control.tsx:23,53,no,,,candidate,,
management-vite-ts-local-ef711516,management-vite,4,ts-local,novoPeriodo,,apps/management-vite/src/pages/flow/analytics/dashboard/dashboard.tsx:70,2,no,,,candidate,,
management-vite-ts-local-2af38c06,management-vite,4,ts-local,onAbrirFuncoes,,apps/management-vite/src/pages/builder/editor.tsx:50,26,no,,,candidate,,
management-vite-ts-local-73b5e45c,management-vite,4,ts-local,onAbrirFuncoes,,apps/management-vite/src/pages/builder/panel-actions.tsx:129,26,no,,,candidate,,
management-vite-ts-local-2f7fdb20,management-vite,4,ts-local,onAbrirFuncoes,,apps/management-vite/src/pages/builder/panel-actions.tsx:59,26,no,,,candidate,,
management-vite-ts-local-2641efa8,management-vite,4,ts-local,onAbrirFuncoes,,apps/management-vite/src/pages/builder/panel.tsx:54,26,no,,,candidate,,
management-vite-ts-local-278d7f22,management-vite,4,ts-local,onAviso,,apps/management-vite/src/pages/builder/canvas.tsx:77,86,no,,,candidate,,
management-vite-ts-local-2e9e35ad,management-vite,4,ts-local,onAviso,,apps/management-vite/src/pages/builder/editor.tsx:51,86,no,,,candidate,,
management-vite-ts-local-34b41db8,management-vite,4,ts-local,onAviso,,apps/management-vite/src/pages/builder/panel-actions.tsx:169,86,no,,,candidate,,
management-vite-ts-local-8bcd32eb,management-vite,4,ts-local,onAviso,,apps/management-vite/src/pages/builder/panel-actions.tsx:58,86,no,,,candidate,,
management-vite-ts-local-472951a1,management-vite,4,ts-local,onAviso,,apps/management-vite/src/pages/builder/panel-configuration.tsx:177,86,no,,,candidate,,
management-vite-ts-local-10c74669,management-vite,4,ts-local,onAviso,,apps/management-vite/src/pages/builder/panel-configuration.tsx:59,86,no,,,candidate,,
management-vite-ts-local-a8c8290e,management-vite,4,ts-local,onAviso,,apps/management-vite/src/pages/builder/panel-content.tsx:85,86,no,,,candidate,,
management-vite-ts-local-8023cd95,management-vite,4,ts-local,onAviso,,apps/management-vite/src/pages/builder/panel-outputs.tsx:58,86,no,,,candidate,,
management-vite-ts-local-7516c1cf,management-vite,4,ts-local,onAviso,,apps/management-vite/src/pages/builder/panel-queues.tsx:248,86,no,,,candidate,,
management-vite-ts-local-7d0ea8fb,management-vite,4,ts-local,onAviso,,apps/management-vite/src/pages/builder/panel-queues.tsx:25,86,no,,,candidate,,
management-vite-ts-local-c18e7f35,management-vite,4,ts-local,onAviso,,apps/management-vite/src/pages/builder/panel.tsx:53,86,no,,,candidate,,
management-vite-ts-local-c5460600,management-vite,4,ts-local,onAviso,,apps/management-vite/src/pages/builder/queue-rules.tsx:58,86,no,,,candidate,,
management-vite-ts-local-e6f6de7a,management-vite,4,ts-local,onCarregarMais,,apps/management-vite/src/pages/builder/panel-queues.tsx:141,4,no,,,candidate,,
management-vite-ts-local-7b58bfc5,management-vite,4,ts-local,onConfirmar,,apps/management-vite/src/pages/builder/queue-rules.tsx:384,24,no,,,candidate,,
management-vite-ts-local-3ce08db7,management-vite,4,ts-local,onCriarNova,,apps/management-vite/src/pages/builder/panel-queues.tsx:140,4,no,,,candidate,,
management-vite-ts-local-aa6fa860,management-vite,4,ts-local,onDestacarBloco,,apps/management-vite/src/pages/builder/test-panel.tsx:138,4,no,,,candidate,,
management-vite-ts-local-07c42c86,management-vite,4,ts-local,onLimparBusca,,apps/management-vite/src/pages/builder/panel-queues.tsx:139,4,no,,,candidate,,
management-vite-ts-local-7212ad33,management-vite,4,ts-local,onMudarChave,,apps/management-vite/src/pages/builder/panel-configuration-variables.tsx:323,4,no,,,candidate,,
management-vite-ts-local-8ed48980,management-vite,4,ts-local,onMudarValor,,apps/management-vite/src/pages/builder/panel-configuration-variables.tsx:277,8,no,,,candidate,,
management-vite-ts-local-77e8ef2b,management-vite,4,ts-local,onMudarValor,,apps/management-vite/src/pages/builder/panel-configuration-variables.tsx:324,8,no,,,candidate,,
management-vite-ts-local-d0edfed0,management-vite,4,ts-local,onOpcao,,apps/management-vite/src/pages/builder/test-panel.tsx:24,2,no,,,candidate,,
management-vite-ts-local-0f17516b,management-vite,4,ts-local,onPadrao,,apps/management-vite/src/pages/builder/menu-new-block.tsx:8,4,no,,,candidate,,
management-vite-ts-local-3ee8bb02,management-vite,4,ts-local,onPesquisa,,apps/management-vite/src/pages/builder/menu-new-block.tsx:10,5,no,,,candidate,,
management-vite-ts-local-28a27541,management-vite,4,ts-local,onPointerDownNaSaida,,apps/management-vite/src/pages/builder/no.tsx:37,4,no,,,candidate,,
management-vite-ts-local-0ab5f4ba,management-vite,4,ts-local,onRemoverCondicao,,apps/management-vite/src/pages/builder/condition.tsx:28,7,no,,,candidate,,
management-vite-ts-local-92c56184,management-vite,4,ts-local,onSoltar,,apps/management-vite/src/pages/builder/canvas.tsx:70,11,no,,,candidate,,
management-vite-ts-local-dab6b688,management-vite,4,ts-local,onSoltar,,apps/management-vite/src/pages/builder/panel-actions.tsx:363,11,no,,,candidate,,
management-vite-ts-local-c5e1fc1f,management-vite,4,ts-local,onTerminarArrasto,,apps/management-vite/src/pages/builder/panel-actions.tsx:364,4,no,,,candidate,,
management-vite-ts-local-84c1e760,management-vite,4,ts-local,onTermoDigitadoChange,,apps/management-vite/src/pages/builder/panel-queues.tsx:137,4,no,,,candidate,,
management-vite-ts-local-0f9cc52b,management-vite,4,ts-local,opcao,,apps/management-vite/src/pages/builder/search.ts:86,9,no,,,candidate,,
management-vite-ts-local-b2d139f2,management-vite,4,ts-local,opcao,,apps/management-vite/src/pages/builder/test-panel.tsx:53,9,no,,,candidate,,
management-vite-ts-local-c94d7c8f,management-vite,4,ts-local,outra,,apps/management-vite/src/pages/flow/integrations/webhook/regras.ts:28,144,no,,,candidate,,
management-vite-ts-local-9604f7b1,management-vite,4,ts-local,outrasFilas,,apps/management-vite/src/pages/builder/queues-panel.ts:88,4,no,,,candidate,,
management-vite-ts-local-e55c1de5,management-vite,4,ts-local,outrasPesquisas,,apps/management-vite/src/pages/registrations/settings-general.tsx:23,6,no,,,candidate,,
management-vite-ts-local-0ed4adc9,management-vite,4,ts-local,padrao,,apps/management-vite/src/lib/channels-gravar.ts:19,105,no,,,candidate,,
management-vite-ts-local-d2dc7e00,management-vite,4,ts-local,padrao,,apps/management-vite/src/lib/registrations-gravar.ts:42,105,no,,,candidate,,
management-vite-ts-local-3d236826,management-vite,4,ts-local,padrao,,apps/management-vite/src/lib/rest.ts:9,105,no,,,candidate,,
management-vite-ts-local-51de2e78,management-vite,4,ts-local,padrao,,apps/management-vite/src/pages/builder/model.ts:136,105,no,,,candidate,,
management-vite-ts-local-8c3dc43a,management-vite,4,ts-local,padrao,,apps/management-vite/src/pages/flow/growth/active-messages/disparo.ts:54,105,no,,,candidate,,
management-vite-ts-local-035767f0,management-vite,4,ts-local,padrao,,apps/management-vite/src/pages/flow/growth/tracked-links/gravar.ts:8,105,no,,,candidate,,
management-vite-ts-local-4db73577,management-vite,4,ts-local,padrao,,apps/management-vite/src/pages/flow/settings/basic/gravar.ts:63,105,no,,,candidate,,
management-vite-ts-local-951f0660,management-vite,4,ts-local,paginas,,apps/management-vite/src/pages/builder/panel-queues.tsx:136,1464,no,,,candidate,,
management-vite-ts-local-275943db,management-vite,4,ts-local,paginas,,apps/management-vite/src/pages/builder/panel-queues.tsx:34,1464,no,,,candidate,,
management-vite-ts-local-ff8d23a9,management-vite,4,ts-local,paginas,,apps/management-vite/src/pages/builder/queue-rules.tsx:69,1464,no,,,candidate,,
management-vite-ts-local-91cdf8db,management-vite,4,ts-local,paginas,,apps/management-vite/src/pages/builder/queues-panel.ts:52,1464,no,,,candidate,,
management-vite-ts-local-a7e74dc2,management-vite,4,ts-local,para,,apps/management-vite/src/pages/builder/actions-of-block.ts:596,3618,no,,,candidate,,
management-vite-ts-local-6a444867,management-vite,4,ts-local,para,,apps/management-vite/src/pages/builder/canvas.tsx:110,3618,no,,,candidate,,
management-vite-ts-local-2a4c0b93,management-vite,4,ts-local,para,,apps/management-vite/src/pages/builder/canvas.tsx:37,3618,no,,,candidate,,
management-vite-ts-local-6da4fa13,management-vite,4,ts-local,para,,apps/management-vite/src/pages/builder/canvas.tsx:38,3618,no,,,candidate,,
management-vite-ts-local-a0c454a3,management-vite,4,ts-local,para,,apps/management-vite/src/pages/builder/conditions.ts:129,3618,no,,,candidate,,
management-vite-ts-local-f72b62db,management-vite,4,ts-local,para,,apps/management-vite/src/pages/builder/conteudo.ts:332,3618,no,,,candidate,,
management-vite-ts-local-1ec0c304,management-vite,4,ts-local,para,,apps/management-vite/src/pages/builder/editor.tsx:167,3618,no,,,candidate,,
management-vite-ts-local-24443616,management-vite,4,ts-local,para,,apps/management-vite/src/pages/builder/editor.tsx:206,3618,no,,,candidate,,
management-vite-ts-local-751b89ba,management-vite,4,ts-local,para,,apps/management-vite/src/pages/builder/model.ts:474,3618,no,,,candidate,,
management-vite-ts-local-28bb06ba,management-vite,4,ts-local,para,,apps/management-vite/src/pages/builder/model.ts:516,3618,no,,,candidate,,
management-vite-ts-local-c1085497,management-vite,4,ts-local,para,,apps/management-vite/src/pages/builder/setas.ts:51,3618,no,,,candidate,,
management-vite-ts-local-60a6d4b5,management-vite,4,ts-local,para,,apps/management-vite/src/pages/builder/setas.ts:91,3618,no,,,candidate,,
management-vite-ts-local-a3c4a620,management-vite,4,ts-local,paraExcluir,,apps/management-vite/src/pages/builder/queue-rules.tsx:74,16,no,,,candidate,,
management-vite-ts-local-18bcb3ba,management-vite,4,ts-local,paraExcluir,,apps/management-vite/src/pages/registrations/agents-management.tsx:31,16,no,,,candidate,,
management-vite-ts-local-e769662f,management-vite,4,ts-local,paraExcluir,,apps/management-vite/src/pages/registrations/agents-queues-edit.tsx:311,16,no,,,candidate,,
management-vite-ts-local-17f560c1,management-vite,4,ts-local,paraExcluir,,apps/management-vite/src/pages/registrations/communication-templates.tsx:86,16,no,,,candidate,,
management-vite-ts-local-07c1d000,management-vite,4,ts-local,parametrosTexto,,apps/management-vite/src/pages/flow/growth/active-messages/tela.tsx:29,2,no,,,candidate,,
management-vite-ts-local-6daf9a45,management-vite,4,ts-local,paraRemover,,apps/management-vite/src/pages/registrations/agents-queues-edit.tsx:199,4,no,,,candidate,,
management-vite-ts-local-85ebb996,management-vite,4,ts-local,parcial,,apps/management-vite/tests/csv-history.test.ts:12,92,no,,,candidate,,
management-vite-ts-local-f5cf4f8a,management-vite,4,ts-local,parcial,,apps/management-vite/tests/history.test.ts:19,92,no,,,candidate,,
management-vite-ts-local-969ee30d,management-vite,4,ts-local,parcial,,apps/management-vite/tests/sla.test.ts:15,92,no,,,candidate,,
management-vite-ts-local-e7c12a86,management-vite,4,ts-local,parcial,,apps/management-vite/tests/sla.test.ts:26,92,no,,,candidate,,
management-vite-ts-local-415fd4db,management-vite,4,ts-local,pedido,,apps/management-vite/src/lib/agents-gravar.ts:89,364,no,,,candidate,,
management-vite-ts-local-da5e7831,management-vite,4,ts-local,pedido,,apps/management-vite/src/lib/channels-gravar.ts:115,364,no,,,candidate,,
management-vite-ts-local-6321bb3a,management-vite,4,ts-local,pedido,,apps/management-vite/src/lib/channels-gravar.ts:128,364,no,,,candidate,,
management-vite-ts-local-0ad85c42,management-vite,4,ts-local,pedido,,apps/management-vite/src/lib/channels-gravar.ts:169,364,no,,,candidate,,
management-vite-ts-local-05c1f68b,management-vite,4,ts-local,pedido,,apps/management-vite/src/lib/registrations-gravar.ts:160,364,no,,,candidate,,
management-vite-ts-local-43ef78a7,management-vite,4,ts-local,pedido,,apps/management-vite/src/lib/registrations-gravar.ts:76,364,no,,,candidate,,
management-vite-ts-local-a6de0357,management-vite,4,ts-local,pedido,,apps/management-vite/src/lib/settings-gravar.ts:22,364,no,,,candidate,,
management-vite-ts-local-a05d65ee,management-vite,4,ts-local,pedido,,apps/management-vite/src/lib/settings-gravar.ts:34,364,no,,,candidate,,
management-vite-ts-local-bd199095,management-vite,4,ts-local,pedido,,apps/management-vite/src/lib/settings-gravar.ts:49,364,no,,,candidate,,
management-vite-ts-local-01b43222,management-vite,4,ts-local,pedido,,apps/management-vite/src/pages/contract/certificates/actions.ts:25,364,no,,,candidate,,
management-vite-ts-local-bd51735a,management-vite,4,ts-local,pedido,,apps/management-vite/src/pages/contract/certificates/tela.tsx:105,364,no,,,candidate,,
management-vite-ts-local-887947fa,management-vite,4,ts-local,pedido,,apps/management-vite/src/pages/contract/certificates/tela.tsx:466,364,no,,,candidate,,
management-vite-ts-local-5cb02642,management-vite,4,ts-local,pedido,,apps/management-vite/src/pages/flow/growth/active-messages/disparo.ts:38,364,no,,,candidate,,
management-vite-ts-local-dc83c0f1,management-vite,4,ts-local,pedido,,apps/management-vite/src/pages/flow/growth/tracked-links/gravar.ts:25,364,no,,,candidate,,
management-vite-ts-local-912bb705,management-vite,4,ts-local,pedido,,apps/management-vite/src/pages/flow/integrations/webhook/gravar.ts:82,364,no,,,candidate,,
management-vite-ts-local-094bd270,management-vite,4,ts-local,pedido,,apps/management-vite/src/pages/flow/services/gravar.ts:13,364,no,,,candidate,,
management-vite-ts-local-41801747,management-vite,4,ts-local,pedido,,apps/management-vite/src/pages/flow/settings/api/gravar.ts:20,364,no,,,candidate,,
management-vite-ts-local-720c0cae,management-vite,4,ts-local,pedido,,apps/management-vite/src/pages/flow/settings/welcome/gravar.ts:14,364,no,,,candidate,,
management-vite-ts-local-d3583ecd,management-vite,4,ts-local,pedido,,apps/management-vite/src/pages/registrations/regras-sla-formulario.tsx:35,364,no,,,candidate,,
management-vite-ts-local-b0dbcef5,management-vite,4,ts-local,perfil,,apps/management-vite/src/pages/flow/channels/whatsapp/perfil.tsx:240,76,no,,,candidate,,
management-vite-ts-local-9c4d4987,management-vite,4,ts-local,perfil,,apps/management-vite/src/pages/flow/channels/whatsapp/perfil.tsx:261,76,no,,,candidate,,
management-vite-ts-local-dc68faab,management-vite,4,ts-local,perfil,,apps/management-vite/src/pages/flow/channels/whatsapp/perfil.tsx:33,76,no,,,candidate,,
management-vite-ts-local-81b6e558,management-vite,4,ts-local,perfil,,apps/management-vite/src/pages/flow/channels/whatsapp/perfil.tsx:79,76,no,,,candidate,,
management-vite-ts-local-3906f1d6,management-vite,4,ts-local,periodo,,apps/management-vite/src/pages/flow/analytics/active-messages/page.tsx:70,58,no,,,candidate,,
management-vite-ts-local-e0054d84,management-vite,4,ts-local,periodo,,apps/management-vite/src/pages/flow/analytics/dashboard/dashboard.tsx:43,58,no,,,candidate,,
management-vite-ts-local-1f154c7c,management-vite,4,ts-local,periodo,,apps/management-vite/src/pages/flow/analytics/journey/page.tsx:53,58,no,,,candidate,,
management-vite-ts-local-360a8139,management-vite,4,ts-local,periodo,,apps/management-vite/src/pages/flow/analytics/overview/page.tsx:48,58,no,,,candidate,,
management-vite-ts-local-a178b71a,management-vite,4,ts-local,permissoes,,apps/management-vite/tests/flow-detalhe.test.ts:135,53,no,,,candidate,,
management-vite-ts-local-748e22d3,management-vite,4,ts-local,persistente,,apps/management-vite/src/pages/flow/services/regras.ts:4,53,no,,,candidate,,
management-vite-ts-local-8538e744,management-vite,4,ts-local,personalizadas,,apps/management-vite/src/pages/flow/team/permissions.ts:67,10,no,,,candidate,,
management-vite-ts-local-81f3a725,management-vite,4,ts-local,pesquisaAberta,,apps/management-vite/src/pages/builder.tsx:97,15,no,,,candidate,,
management-vite-ts-local-e5474823,management-vite,4,ts-local,pesquisa,,apps/management-vite/src/pages/builder.tsx:98,514,no,,,candidate,,
management-vite-ts-local-811b8b75,management-vite,4,ts-local,pesquisa,,apps/management-vite/src/pages/builder/canvas.tsx:78,514,no,,,candidate,,
management-vite-ts-local-683261b9,management-vite,4,ts-local,pesquisa,,apps/management-vite/src/pages/builder/editor.tsx:49,514,no,,,candidate,,
management-vite-ts-local-17c5d64e,management-vite,4,ts-local,pesquisa,,apps/management-vite/src/pages/registrations/settings-general.tsx:23,514,no,,,candidate,,
management-vite-ts-local-69bab3e3,management-vite,4,ts-local,pesquisaComAtraso,,apps/management-vite/src/pages/builder.tsx:101,3,no,,,candidate,,
management-vite-ts-local-68aaafff,management-vite,4,ts-local,plano,,apps/management-vite/src/pages/flow/cards.tsx:208,654,no,,,candidate,,
management-vite-ts-local-494a41a6,management-vite,4,ts-local,podeEditar,,apps/management-vite/src/pages/contract/page.tsx:122,9,no,,,candidate,,
management-vite-ts-local-429abcc9,management-vite,4,ts-local,podeEditar,,apps/management-vite/src/pages/flow/services/tela.tsx:41,9,no,,,candidate,,
management-vite-ts-local-2e04d485,management-vite,4,ts-local,podeEscrever,,apps/management-vite/src/pages/contract/certificates/tela.tsx:88,23,no,,,candidate,,
management-vite-ts-local-a35b623f,management-vite,4,ts-local,podeEscrever,,apps/management-vite/src/pages/contract/members/tabela.tsx:592,23,no,,,candidate,,
management-vite-ts-local-116e4713,management-vite,4,ts-local,podeEscrever,,apps/management-vite/src/pages/contract/members/tabela.tsx:80,23,no,,,candidate,,
management-vite-ts-local-7eeabc4a,management-vite,4,ts-local,podeExcluir,,apps/management-vite/src/pages/flow/settings/basic/tela.tsx:103,21,no,,,candidate,,
management-vite-ts-local-be2994d8,management-vite,4,ts-local,podeGerir,,apps/management-vite/src/pages/flow/team/tela.tsx:354,13,no,,,candidate,,
management-vite-ts-local-c66525ae,management-vite,4,ts-local,podeGravar,,apps/management-vite/src/pages/builder/queues-panel.ts:74,9,no,,,candidate,,
management-vite-ts-local-0a0056f8,management-vite,4,ts-local,ponto,,apps/management-vite/src/pages/builder/setas.ts:39,124,no,,,candidate,,
management-vite-ts-local-0f8f5624,management-vite,4,ts-local,previaFoto,,apps/management-vite/src/pages/flow/channels/whatsapp/perfil.tsx:92,2,no,,,candidate,,
management-vite-ts-local-707dd0c2,management-vite,4,ts-local,qtdRegras,,apps/management-vite/src/pages/builder/queues-panel.ts:73,3,no,,,candidate,,
management-vite-ts-local-3a202cf1,management-vite,4,ts-local,quando,,apps/management-vite/src/pages/flow/analytics/reports/reports.tsx:98,543,no,,,candidate,,
management-vite-ts-local-1b7532c1,management-vite,4,ts-local,recados,,apps/management-vite/src/pages/create/gravar.ts:24,21,no,,,candidate,,
management-vite-ts-local-2c3a2272,management-vite,4,ts-local,recados,,apps/management-vite/src/pages/create/regras-de-nome.ts:163,21,no,,,candidate,,
management-vite-ts-local-d8780ffa,management-vite,4,ts-local,regra,,apps/management-vite/src/pages/builder/conteudo.ts:460,562,no,,,candidate,,
management-vite-ts-local-c9505742,management-vite,4,ts-local,regra,,apps/management-vite/src/pages/builder/queue-rules.tsx:130,562,no,,,candidate,,
management-vite-ts-local-9b84f848,management-vite,4,ts-local,regra,,apps/management-vite/src/pages/builder/queue-rules.tsx:170,562,no,,,candidate,,
management-vite-ts-local-1fd1bff5,management-vite,4,ts-local,regra,,apps/management-vite/src/pages/builder/queue-rules.tsx:188,562,no,,,candidate,,
management-vite-ts-local-51e09c02,management-vite,4,ts-local,regra,,apps/management-vite/src/pages/builder/queue-rules.tsx:311,562,no,,,candidate,,
management-vite-ts-local-37ae0383,management-vite,4,ts-local,regra,,apps/management-vite/src/pages/registrations/regras-sla.tsx:27,562,no,,,candidate,,
management-vite-ts-local-9be2700f,management-vite,4,ts-local,regra,,apps/management-vite/src/pages/registrations/rules-attendance.tsx:43,562,no,,,candidate,,
management-vite-ts-local-de0e18f7,management-vite,4,ts-local,regraExistente,,apps/management-vite/src/pages/registrations/regras-sla-formulario.tsx:43,24,no,,,candidate,,
management-vite-ts-local-42e109e1,management-vite,4,ts-local,regraExistente,,apps/management-vite/src/pages/registrations/rules-attendance-formulario.tsx:125,24,no,,,candidate,,
management-vite-ts-local-5a1fbded,management-vite,4,ts-local,regraParaExcluir,,apps/management-vite/src/pages/registrations/regras-sla.tsx:60,8,no,,,candidate,,
management-vite-ts-local-81521960,management-vite,4,ts-local,regraParaExcluir,,apps/management-vite/src/pages/registrations/rules-attendance.tsx:81,8,no,,,candidate,,
management-vite-ts-local-81e8a14d,management-vite,4,ts-local,regras,,apps/management-vite/src/lib/rules-priority.ts:26,387,no,,,candidate,,
management-vite-ts-local-7cefbf48,management-vite,4,ts-local,regras,,apps/management-vite/src/lib/rules-priority.ts:33,387,no,,,candidate,,
management-vite-ts-local-023a676c,management-vite,4,ts-local,regras,,apps/management-vite/src/lib/sla.ts:32,387,no,,,candidate,,
management-vite-ts-local-6f20c9c1,management-vite,4,ts-local,regras,,apps/management-vite/src/lib/sla.ts:40,387,no,,,candidate,,
management-vite-ts-local-3c93c59b,management-vite,4,ts-local,regras,,apps/management-vite/src/pages/builder/queues-panel.ts:59,387,no,,,candidate,,
management-vite-ts-local-15ca8b10,management-vite,4,ts-local,regras,,apps/management-vite/src/pages/registrations/agents-queues-edit.tsx:305,387,no,,,candidate,,
management-vite-ts-local-59d4fd51,management-vite,4,ts-local,regras,,apps/management-vite/src/pages/registrations/regras-sla.tsx:67,387,no,,,candidate,,
management-vite-ts-local-737bdc99,management-vite,4,ts-local,regras,,apps/management-vite/src/pages/registrations/rules-attendance.tsx:87,387,no,,,candidate,,
management-vite-ts-local-693abe11,management-vite,4,ts-local,regras,,apps/management-vite/src/pages/registrations/settings-rules.tsx:19,387,no,,,candidate,,
management-vite-ts-local-e29da6c6,management-vite,4,ts-local,removendo,,apps/management-vite/src/pages/flow/settings/basic/tela.tsx:125,5,no,,,candidate,,
management-vite-ts-local-8628e54c,management-vite,4,ts-local,removendo,,apps/management-vite/src/pages/registrations/agents-queues-edit.tsx:200,5,no,,,candidate,,
management-vite-ts-local-06eeaa59,management-vite,4,ts-local,removidos,,apps/management-vite/src/pages/registrations/communication-templates.tsx:49,24,no,,,candidate,,
management-vite-ts-local-c7746ed9,management-vite,4,ts-local,respostaParaExcluir,,apps/management-vite/src/pages/registrations/communication-respostas.tsx:49,4,no,,,candidate,,
management-vite-ts-local-c757c392,management-vite,4,ts-local,resto,,apps/management-vite/src/components/icones-management.tsx:43,123,no,,,candidate,,
management-vite-ts-local-13f29217,management-vite,4,ts-local,resto,,apps/management-vite/src/components/link.tsx:10,123,no,,,candidate,,
management-vite-ts-local-554697b9,management-vite,4,ts-local,resto,,apps/management-vite/src/pages/flow/integrations/illustrations.tsx:122,123,no,,,candidate,,
management-vite-ts-local-c4402ecd,management-vite,4,ts-local,resto,,apps/management-vite/src/pages/flow/settings/pecas.tsx:202,123,no,,,candidate,,
management-vite-ts-local-da48ea5c,management-vite,4,ts-local,resto,,apps/management-vite/src/pages/flow/settings/pecas.tsx:220,123,no,,,candidate,,
management-vite-ts-local-414fac59,management-vite,4,ts-local,resultado,,apps/management-vite/src/components/card-config.tsx:38,426,no,,,candidate,,
management-vite-ts-local-708bd124,management-vite,4,ts-local,resultado,,apps/management-vite/src/pages/contract/members/convidar.tsx:59,426,no,,,candidate,,
management-vite-ts-local-77ce6bbc,management-vite,4,ts-local,resultado,,apps/management-vite/src/pages/contract/members/tabela.tsx:337,426,no,,,candidate,,
management-vite-ts-local-c60948ac,management-vite,4,ts-local,resultado,,apps/management-vite/src/pages/deployment/formularios.tsx:100,426,no,,,candidate,,
management-vite-ts-local-e055e214,management-vite,4,ts-local,resultado,,apps/management-vite/src/pages/deployment/formularios.tsx:13,426,no,,,candidate,,
management-vite-ts-local-0f8cb2a2,management-vite,4,ts-local,resultado,,apps/management-vite/src/pages/deployment/formularios.tsx:22,426,no,,,candidate,,
management-vite-ts-local-09c3d85d,management-vite,4,ts-local,resultado,,apps/management-vite/src/pages/deployment/formularios.tsx:75,426,no,,,candidate,,
management-vite-ts-local-30e35e72,management-vite,4,ts-local,resultado,,apps/management-vite/src/pages/flow/growth/tracked-links/links-rastreados.tsx:38,426,no,,,candidate,,
management-vite-ts-local-9958015a,management-vite,4,ts-local,resultado,,apps/management-vite/src/pages/registrations/agents-breaks-formulario.tsx:14,426,no,,,candidate,,
management-vite-ts-local-2565d66c,management-vite,4,ts-local,resultado,,apps/management-vite/src/pages/registrations/agents-queues-formulario.tsx:31,426,no,,,candidate,,
management-vite-ts-local-6643582b,management-vite,4,ts-local,resultado,,apps/management-vite/src/pages/registrations/communication-respostas-formulario.tsx:12,426,no,,,candidate,,
management-vite-ts-local-7e977762,management-vite,4,ts-local,resultado,,apps/management-vite/src/pages/registrations/communication-templates.tsx:38,426,no,,,candidate,,
management-vite-ts-local-f2f19c09,management-vite,4,ts-local,resultado,,apps/management-vite/src/pages/registrations/regras-horarios-formulario.tsx:119,426,no,,,candidate,,
management-vite-ts-local-4e8ffddc,management-vite,4,ts-local,resultado,,apps/management-vite/src/pages/registrations/regras-horarios-formulario.tsx:15,426,no,,,candidate,,
management-vite-ts-local-7af0ea15,management-vite,4,ts-local,resultado,,apps/management-vite/src/pages/registrations/regras-horarios-formulario.tsx:59,426,no,,,candidate,,
management-vite-ts-local-17c60541,management-vite,4,ts-local,resultado,,apps/management-vite/src/pages/registrations/regras-sla-formulario.tsx:53,426,no,,,candidate,,
management-vite-ts-local-9bf1cf81,management-vite,4,ts-local,resultado,,apps/management-vite/src/pages/registrations/rules-attendance-formulario.tsx:151,426,no,,,candidate,,
management-vite-ts-local-bbccfd73,management-vite,4,ts-local,resultadoEnvio,,apps/management-vite/src/pages/flow/growth/active-messages/tela.tsx:31,4,no,,,candidate,,
management-vite-ts-local-e8edd5ca,management-vite,4,ts-local,resumo,,apps/management-vite/src/pages/contract/page.tsx:121,147,no,,,candidate,,
management-vite-ts-local-2802a54b,management-vite,4,ts-local,rotuloExcluidas,,apps/management-vite/src/lib/format.ts:49,4,no,,,candidate,,
management-vite-ts-local-34e1c7a7,management-vite,4,ts-local,saida,,apps/management-vite/src/pages/builder/conditions.ts:117,345,no,,,candidate,,
management-vite-ts-local-f0161a61,management-vite,4,ts-local,saida,,apps/management-vite/src/pages/builder/conditions.ts:132,345,no,,,candidate,,
management-vite-ts-local-26140ad5,management-vite,4,ts-local,saida,,apps/management-vite/src/pages/builder/conditions.ts:180,345,no,,,candidate,,
management-vite-ts-local-0d5824e8,management-vite,4,ts-local,saida,,apps/management-vite/src/pages/builder/error-marks.ts:36,345,no,,,candidate,,
management-vite-ts-local-6917c909,management-vite,4,ts-local,saida,,apps/management-vite/src/pages/builder/model.ts:385,345,no,,,candidate,,
management-vite-ts-local-b807f0d0,management-vite,4,ts-local,saida,,apps/management-vite/src/pages/builder/model.ts:449,345,no,,,candidate,,
management-vite-ts-local-c6df6773,management-vite,4,ts-local,saida,,apps/management-vite/src/pages/builder/model.ts:460,345,no,,,candidate,,
management-vite-ts-local-82f83e47,management-vite,4,ts-local,saida,,apps/management-vite/src/pages/builder/model.ts:500,345,no,,,candidate,,
management-vite-ts-local-8cb555b4,management-vite,4,ts-local,saida,,apps/management-vite/src/pages/builder/panel-outputs.tsx:206,345,no,,,candidate,,
management-vite-ts-local-069ee97e,management-vite,4,ts-local,saida,,apps/management-vite/src/pages/builder/panel-outputs.tsx:48,345,no,,,candidate,,
management-vite-ts-local-956acce9,management-vite,4,ts-local,saida,,apps/management-vite/src/pages/builder/search.ts:49,345,no,,,candidate,,
management-vite-ts-local-f1153c90,management-vite,4,ts-local,saida,,apps/management-vite/src/pages/builder/validation.ts:28,345,no,,,candidate,,
management-vite-ts-local-264fb2b5,management-vite,4,ts-local,saida,,apps/management-vite/src/pages/builder/variables.ts:38,345,no,,,candidate,,
management-vite-ts-local-7c559608,management-vite,4,ts-local,saida,,apps/management-vite/tests/builder-editor.test.ts:105,345,no,,,candidate,,
management-vite-ts-local-4c60c6a7,management-vite,4,ts-local,saida,,apps/management-vite/tests/builder-editor.test.ts:233,345,no,,,candidate,,
management-vite-ts-local-393ad440,management-vite,4,ts-local,saida,,apps/management-vite/tests/builder-editor.test.ts:332,345,no,,,candidate,,
management-vite-ts-local-568004aa,management-vite,4,ts-local,secao,,apps/management-vite/src/pages/builder/panel-configuration-variables.tsx:126,12,no,,,candidate,,
management-vite-ts-local-29143053,management-vite,4,ts-local,secao,,apps/management-vite/src/pages/builder/panel-configuration-variables.tsx:46,12,no,,,candidate,,
management-vite-ts-local-dd5d2dab,management-vite,4,ts-local,secao,,apps/management-vite/src/pages/builder/panel-configuration-variables.tsx:66,12,no,,,candidate,,
management-vite-ts-local-b8bce196,management-vite,4,ts-local,selecionados,,apps/management-vite/src/pages/registrations/agents-management.tsx:30,35,no,,,candidate,,
management-vite-ts-local-9d6f74ed,management-vite,4,ts-local,semDica,,apps/management-vite/src/pages/flow/analytics/dashboard/tela.tsx:202,6,no,,,candidate,,
management-vite-ts-local-7e524a6b,management-vite,4,ts-local,semMargem,,apps/management-vite/src/pages/flow/analytics/dashboard/tela.tsx:234,4,no,,,candidate,,
management-vite-ts-local-c09f825e,management-vite,4,ts-local,semMotivo,,apps/management-vite/src/pages/registrations/agents-breaks.tsx:32,8,no,,,candidate,,
management-vite-ts-local-1299135c,management-vite,4,ts-local,senha,,apps/management-vite/src/pages/contract/certificates/tela.tsx:574,129,no,,,candidate,,
management-vite-ts-local-9fc26ea7,management-vite,4,ts-local,senha,,apps/management-vite/src/pages/flow/settings/pecas.tsx:122,129,no,,,candidate,,
management-vite-ts-local-edb56ffe,management-vite,4,ts-local,senhaVisivel,,apps/management-vite/src/pages/flow/settings/pecas.tsx:143,4,no,,,candidate,,
management-vite-ts-local-1c05002f,management-vite,4,ts-local,setAlterarEspera,,apps/management-vite/src/pages/builder/panel-content.tsx:98,3,no,,,candidate,,
management-vite-ts-local-133594ce,management-vite,4,ts-local,setArrasto,,apps/management-vite/src/pages/builder/canvas.tsx:81,8,no,,,candidate,,
management-vite-ts-local-9708f28d,management-vite,4,ts-local,setAtivo,,apps/management-vite/src/pages/builder/destination-picker.tsx:32,12,no,,,candidate,,
management-vite-ts-local-00365787,management-vite,4,ts-local,setAtivo,,apps/management-vite/src/pages/flow/log/tela.tsx:107,12,no,,,candidate,,
management-vite-ts-local-d5e9c9cc,management-vite,4,ts-local,setAtivo,,apps/management-vite/src/pages/flow/settings/welcome/tela.tsx:16,12,no,,,candidate,,
management-vite-ts-local-c9a81f50,management-vite,4,ts-local,setAuthSenha,,apps/management-vite/src/pages/flow/integrations/webhook/tela.tsx:65,4,no,,,candidate,,
management-vite-ts-local-8ade58c3,management-vite,4,ts-local,setAvisoAberto,,apps/management-vite/src/pages/builder.tsx:86,2,no,,,candidate,,
management-vite-ts-local-9e8109bd,management-vite,4,ts-local,setAviso,,apps/management-vite/src/components/registration-embedded-whatsapp.tsx:267,76,no,,,candidate,,
management-vite-ts-local-7a7db897,management-vite,4,ts-local,setAviso,,apps/management-vite/src/pages/builder/flow-functions-panel.tsx:175,76,no,,,candidate,,
management-vite-ts-local-bf500e06,management-vite,4,ts-local,setAviso,,apps/management-vite/src/pages/flow/contacts/detalhe/editar.tsx:27,76,no,,,candidate,,
management-vite-ts-local-4cecf194,management-vite,4,ts-local,setAviso,,apps/management-vite/src/pages/flow/contents/tela.tsx:336,76,no,,,candidate,,
management-vite-ts-local-0cf1983a,management-vite,4,ts-local,setAviso,,apps/management-vite/src/pages/flow/growth/active-messages/tela.tsx:32,76,no,,,candidate,,
management-vite-ts-local-bd69d4a2,management-vite,4,ts-local,setAviso,,apps/management-vite/src/pages/flow/growth/ads/anuncios.tsx:12,76,no,,,candidate,,
management-vite-ts-local-fbd9fe14,management-vite,4,ts-local,setAviso,,apps/management-vite/src/pages/flow/resources/recursos.tsx:264,76,no,,,candidate,,
management-vite-ts-local-6a53a807,management-vite,4,ts-local,setAviso,,apps/management-vite/src/pages/flow/settings/api/tela.tsx:29,76,no,,,candidate,,
management-vite-ts-local-c2eadf20,management-vite,4,ts-local,setAviso,,apps/management-vite/src/pages/flow/settings/basic/tela.tsx:120,76,no,,,candidate,,
management-vite-ts-local-5110037c,management-vite,4,ts-local,setAviso,,apps/management-vite/src/pages/flow/settings/keys/tela.tsx:100,76,no,,,candidate,,
management-vite-ts-local-40c540dc,management-vite,4,ts-local,setAviso,,apps/management-vite/src/pages/flow/settings/persistent-menu/tela.tsx:40,76,no,,,candidate,,
management-vite-ts-local-f6385ab1,management-vite,4,ts-local,setAviso,,apps/management-vite/src/pages/flow/settings/welcome/tela.tsx:19,76,no,,,candidate,,
management-vite-ts-local-f73b1305,management-vite,4,ts-local,setAviso,,apps/management-vite/src/pages/flow/team/editar.tsx:82,76,no,,,candidate,,
management-vite-ts-local-3c9c5e8f,management-vite,4,ts-local,setAviso,,apps/management-vite/src/pages/flow/team/tela.tsx:197,76,no,,,candidate,,
management-vite-ts-local-165bc552,management-vite,4,ts-local,setAviso,,apps/management-vite/src/pages/flow/team/tela.tsx:365,76,no,,,candidate,,
management-vite-ts-local-5c742f74,management-vite,4,ts-local,setAvisoVisivel,,apps/management-vite/src/pages/flow/analytics/report-manager/tela.tsx:77,2,no,,,candidate,,
management-vite-ts-local-fc88a9b1,management-vite,4,ts-local,setBusca,,apps/management-vite/src/pages/builder/destination-picker.tsx:30,7,no,,,candidate,,
management-vite-ts-local-4eab522e,management-vite,4,ts-local,setBuscaSistema,,apps/management-vite/src/pages/builder/panel-variables.tsx:67,2,no,,,candidate,,
management-vite-ts-local-35469a26,management-vite,4,ts-local,setBuscaUsuario,,apps/management-vite/src/pages/builder/panel-variables.tsx:68,2,no,,,candidate,,
management-vite-ts-local-dfa35102,management-vite,4,ts-local,setCabecalho,,apps/management-vite/src/pages/registrations/communication-templates-formulario.tsx:42,3,no,,,candidate,,
management-vite-ts-local-542db15a,management-vite,4,ts-local,setCabecalhos,,apps/management-vite/src/pages/flow/integrations/webhook/tela.tsx:69,6,no,,,candidate,,
management-vite-ts-local-6bc8de18,management-vite,4,ts-local,setCabecalhoTipo,,apps/management-vite/src/pages/registrations/communication-templates-formulario.tsx:41,3,no,,,candidate,,
management-vite-ts-local-b3f5b152,management-vite,4,ts-local,setCampo,,apps/management-vite/src/pages/registrations/rules-attendance-formulario.tsx:38,2,no,,,candidate,,
management-vite-ts-local-71d032ac,management-vite,4,ts-local,setCarregandoMais,,apps/management-vite/src/pages/flow/log/log.tsx:84,3,no,,,candidate,,
management-vite-ts-local-cf20f9e2,management-vite,4,ts-local,setCategoria,,apps/management-vite/src/pages/flow/channels/whatsapp/perfil.tsx:87,10,no,,,candidate,,
management-vite-ts-local-aa252e60,management-vite,4,ts-local,setCategoria,,apps/management-vite/src/pages/flow/contents/tela.tsx:333,10,no,,,candidate,,
management-vite-ts-local-04def73d,management-vite,4,ts-local,setCategoria,,apps/management-vite/src/pages/flow/growth/active-messages/tela.tsx:22,10,no,,,candidate,,
management-vite-ts-local-4ab7f461,management-vite,4,ts-local,setCategoria,,apps/management-vite/src/pages/registrations/communication-templates-formulario.tsx:40,10,no,,,candidate,,
management-vite-ts-local-91673b0d,management-vite,4,ts-local,setChaveDraft,,apps/management-vite/src/pages/builder/panel-configuration-variables.tsx:287,2,no,,,candidate,,
management-vite-ts-local-c021e38a,management-vite,4,ts-local,setCopiado,,apps/management-vite/src/pages/builder/panel-variables.tsx:69,14,no,,,candidate,,
management-vite-ts-local-41af0bd1,management-vite,4,ts-local,setCopiado,,apps/management-vite/src/pages/contract/copiar.tsx:7,14,no,,,candidate,,
management-vite-ts-local-9f1359f5,management-vite,4,ts-local,setCopiado,,apps/management-vite/src/pages/flow/growth/tracked-links/links-rastreados.tsx:19,14,no,,,candidate,,
management-vite-ts-local-0263ad80,management-vite,4,ts-local,setCopiado,,apps/management-vite/src/pages/flow/team/tela.tsx:201,14,no,,,candidate,,
management-vite-ts-local-7d4e1898,management-vite,4,ts-local,setCor,,apps/management-vite/src/pages/registrations/agents-queues-edit.tsx:81,2,no,,,candidate,,
management-vite-ts-local-3b9d544f,management-vite,4,ts-local,setCriarFuncaoAoAbrir,,apps/management-vite/src/pages/builder.tsx:95,2,no,,,candidate,,
management-vite-ts-local-c77cb2fd,management-vite,4,ts-local,setCriarFuncao,,apps/management-vite/src/pages/builder/panel-configuration.tsx:85,2,no,,,candidate,,
management-vite-ts-local-bad47b80,management-vite,4,ts-local,setEmailsTexto,,apps/management-vite/src/pages/flow/channels/whatsapp/alerta.tsx:22,4,no,,,candidate,,
management-vite-ts-local-f7a7fe94,management-vite,4,ts-local,setEntrada,,apps/management-vite/src/pages/builder/test-panel.tsx:146,3,no,,,candidate,,
management-vite-ts-local-e933f7f6,management-vite,4,ts-local,setErro,,apps/management-vite/src/pages/builder/test-panel.tsx:148,6,no,,,candidate,,
management-vite-ts-local-c4d11181,management-vite,4,ts-local,setErroCampo,,apps/management-vite/src/pages/builder/panel-queues.tsx:256,5,no,,,candidate,,
management-vite-ts-local-2f1794d2,management-vite,4,ts-local,setErroExclusao,,apps/management-vite/src/pages/builder/queue-rules.tsx:76,3,no,,,candidate,,
management-vite-ts-local-a3be6ee5,management-vite,4,ts-local,setErroNome,,apps/management-vite/src/pages/builder/queue-rules.tsx:73,5,no,,,candidate,,
management-vite-ts-local-4f76ce55,management-vite,4,ts-local,setEsperando,,apps/management-vite/src/pages/builder/use-editor.ts:43,3,no,,,candidate,,
management-vite-ts-local-5d1ae7e6,management-vite,4,ts-local,setEtapa,,apps/management-vite/src/pages/flow/growth/active-messages/tela.tsx:20,4,no,,,candidate,,
management-vite-ts-local-c170a9f4,management-vite,4,ts-local,setEventos,,apps/management-vite/src/pages/flow/integrations/webhook/tela.tsx:62,3,no,,,candidate,,
management-vite-ts-local-c0699ce3,management-vite,4,ts-local,setExcluindoAgora,,apps/management-vite/src/pages/flow/integrations/webhook/tela.tsx:76,6,no,,,candidate,,
management-vite-ts-local-6c5de25a,management-vite,4,ts-local,setExcluindoAgora,,apps/management-vite/src/pages/flow/settings/keys/tela.tsx:104,6,no,,,candidate,,
management-vite-ts-local-1720e18d,management-vite,4,ts-local,setExemploDoCabecalho,,apps/management-vite/src/pages/registrations/communication-templates-formulario.tsx:43,3,no,,,candidate,,
management-vite-ts-local-00799c2a,management-vite,4,ts-local,setFiltros,,apps/management-vite/src/pages/flow/log/log.tsx:53,6,no,,,candidate,,
management-vite-ts-local-c721b5f8,management-vite,4,ts-local,setFiltros,,apps/management-vite/src/pages/updates/page.tsx:41,6,no,,,candidate,,
management-vite-ts-local-9aeea470,management-vite,4,ts-local,setFoto,,apps/management-vite/src/pages/flow/channels/whatsapp/perfil.tsx:91,3,no,,,candidate,,
management-vite-ts-local-2aa363bc,management-vite,4,ts-local,setGravandoFoto,,apps/management-vite/src/pages/flow/channels/whatsapp/perfil.tsx:94,4,no,,,candidate,,
management-vite-ts-local-ed93cc62,management-vite,4,ts-local,setHorarioId,,apps/management-vite/src/pages/registrations/agents-queues-edit.tsx:84,2,no,,,candidate,,
management-vite-ts-local-7dffc981,management-vite,4,ts-local,setIdioma,,apps/management-vite/src/pages/registrations/communication-templates-formulario.tsx:39,3,no,,,candidate,,
management-vite-ts-local-5597dc37,management-vite,4,ts-local,setLigado,,apps/management-vite/src/components/card-config.tsx:40,2,no,,,candidate,,
management-vite-ts-local-f7829c74,management-vite,4,ts-local,setMensagens,,apps/management-vite/src/pages/builder/test-panel.tsx:145,5,no,,,candidate,,
management-vite-ts-local-9c427ba5,management-vite,4,ts-local,setMotivoParaExcluir,,apps/management-vite/src/pages/registrations/agents-breaks.tsx:27,4,no,,,candidate,,
management-vite-ts-local-6e780d3c,management-vite,4,ts-local,setMudou,,apps/management-vite/src/pages/flow/analytics/active-messages/filter.tsx:43,5,no,,,candidate,,
management-vite-ts-local-354741a1,management-vite,4,ts-local,setNovas,,apps/management-vite/src/pages/builder/panel-configuration-variables.tsx:223,8,no,,,candidate,,
management-vite-ts-local-880bcf74,management-vite,4,ts-local,setNovas,,apps/management-vite/src/pages/builder/secret-vars-control.tsx:23,8,no,,,candidate,,
management-vite-ts-local-7188f9e1,management-vite,4,ts-local,setPaginas,,apps/management-vite/src/pages/builder/panel-queues.tsx:34,7,no,,,candidate,,
management-vite-ts-local-4012c521,management-vite,4,ts-local,setPaginas,,apps/management-vite/src/pages/builder/queue-rules.tsx:69,7,no,,,candidate,,
management-vite-ts-local-767f2241,management-vite,4,ts-local,setParaExcluir,,apps/management-vite/src/pages/builder/queue-rules.tsx:74,16,no,,,candidate,,
management-vite-ts-local-ba841100,management-vite,4,ts-local,setParaExcluir,,apps/management-vite/src/pages/registrations/agents-management.tsx:31,16,no,,,candidate,,
management-vite-ts-local-92bb99fc,management-vite,4,ts-local,setParaExcluir,,apps/management-vite/src/pages/registrations/agents-queues-edit.tsx:311,16,no,,,candidate,,
management-vite-ts-local-835deafe,management-vite,4,ts-local,setParaExcluir,,apps/management-vite/src/pages/registrations/communication-templates.tsx:86,16,no,,,candidate,,
management-vite-ts-local-960c55fb,management-vite,4,ts-local,setParametrosTexto,,apps/management-vite/src/pages/flow/growth/active-messages/tela.tsx:29,3,no,,,candidate,,
management-vite-ts-local-8cf0fc4e,management-vite,4,ts-local,setParaRemover,,apps/management-vite/src/pages/registrations/agents-queues-edit.tsx:199,4,no,,,candidate,,
management-vite-ts-local-f23c3676,management-vite,4,ts-local,setPerfil,,apps/management-vite/src/pages/flow/channels/whatsapp/perfil.tsx:261,3,no,,,candidate,,
management-vite-ts-local-f0ce0999,management-vite,4,ts-local,setPeriodo,,apps/management-vite/src/pages/flow/analytics/active-messages/page.tsx:70,8,no,,,candidate,,
management-vite-ts-local-27903a82,management-vite,4,ts-local,setPeriodo,,apps/management-vite/src/pages/flow/analytics/dashboard/dashboard.tsx:43,8,no,,,candidate,,
management-vite-ts-local-216e4965,management-vite,4,ts-local,setPeriodo,,apps/management-vite/src/pages/flow/analytics/journey/page.tsx:53,8,no,,,candidate,,
management-vite-ts-local-651d9e7e,management-vite,4,ts-local,setPeriodo,,apps/management-vite/src/pages/flow/analytics/overview/page.tsx:48,8,no,,,candidate,,
management-vite-ts-local-615d7d61,management-vite,4,ts-local,setPesquisaAberta,,apps/management-vite/src/pages/builder.tsx:97,4,no,,,candidate,,
management-vite-ts-local-6363966a,management-vite,4,ts-local,setPesquisa,,apps/management-vite/src/pages/builder.tsx:98,12,no,,,candidate,,
management-vite-ts-local-ab43582e,management-vite,4,ts-local,setPesquisaComAtraso,,apps/management-vite/src/pages/builder.tsx:101,3,no,,,candidate,,
management-vite-ts-local-ccc6b8c9,management-vite,4,ts-local,setPreviaFoto,,apps/management-vite/src/pages/flow/channels/whatsapp/perfil.tsx:92,3,no,,,candidate,,
management-vite-ts-local-6eeb6e71,management-vite,4,ts-local,setRegraParaExcluir,,apps/management-vite/src/pages/registrations/regras-sla.tsx:60,8,no,,,candidate,,
management-vite-ts-local-6bb6fd00,management-vite,4,ts-local,setRegraParaExcluir,,apps/management-vite/src/pages/registrations/rules-attendance.tsx:81,8,no,,,candidate,,
management-vite-ts-local-4dbca1d4,management-vite,4,ts-local,setRemovendo,,apps/management-vite/src/pages/flow/settings/basic/tela.tsx:125,6,no,,,candidate,,
management-vite-ts-local-ac92bee0,management-vite,4,ts-local,setRemovendo,,apps/management-vite/src/pages/registrations/agents-queues-edit.tsx:200,6,no,,,candidate,,
management-vite-ts-local-0191188b,management-vite,4,ts-local,setRespostaParaExcluir,,apps/management-vite/src/pages/registrations/communication-respostas.tsx:49,4,no,,,candidate,,
management-vite-ts-local-4f33e693,management-vite,4,ts-local,setResultado,,apps/management-vite/src/pages/flow/growth/tracked-links/links-rastreados.tsx:38,9,no,,,candidate,,
management-vite-ts-local-3021f165,management-vite,4,ts-local,setResultado,,apps/management-vite/src/pages/registrations/communication-templates.tsx:38,9,no,,,candidate,,
management-vite-ts-local-a2294a87,management-vite,4,ts-local,setResultadoEnvio,,apps/management-vite/src/pages/flow/growth/active-messages/tela.tsx:31,3,no,,,candidate,,
management-vite-ts-local-276c50d7,management-vite,4,ts-local,setSelecionados,,apps/management-vite/src/pages/registrations/agents-management.tsx:30,3,no,,,candidate,,
management-vite-ts-local-a7cc8389,management-vite,4,ts-local,setSenhaVisivel,,apps/management-vite/src/pages/flow/settings/pecas.tsx:143,2,no,,,candidate,,
management-vite-ts-local-8fa7e653,management-vite,4,ts-local,setSomentePesquisa,,apps/management-vite/src/pages/builder/panel-outputs.tsx:75,2,no,,,candidate,,
management-vite-ts-local-f48038d4,management-vite,4,ts-local,setSujo,,apps/management-vite/src/components/card-config.tsx:39,8,no,,,candidate,,
management-vite-ts-local-82947a84,management-vite,4,ts-local,setSujo,,apps/management-vite/src/pages/flow/settings/api/tela.tsx:31,8,no,,,candidate,,
management-vite-ts-local-7708be99,management-vite,4,ts-local,setTemMais,,apps/management-vite/src/pages/flow/log/log.tsx:83,3,no,,,candidate,,
management-vite-ts-local-4ddfdc58,management-vite,4,ts-local,setTermoAberto,,apps/management-vite/src/pages/flow/analytics/report-manager/tela.tsx:78,5,no,,,candidate,,
management-vite-ts-local-baf0d52d,management-vite,4,ts-local,setTermoAplicado,,apps/management-vite/src/pages/builder/panel-queues.tsx:33,5,no,,,candidate,,
management-vite-ts-local-06a7807d,management-vite,4,ts-local,setTermoAplicado,,apps/management-vite/src/pages/builder/queue-rules.tsx:68,5,no,,,candidate,,
management-vite-ts-local-8ca30002,management-vite,4,ts-local,setTermoDigitado,,apps/management-vite/src/pages/builder/panel-queues.tsx:32,6,no,,,candidate,,
management-vite-ts-local-5ceb5745,management-vite,4,ts-local,setTermoDigitado,,apps/management-vite/src/pages/builder/queue-rules.tsx:67,6,no,,,candidate,,
management-vite-ts-local-d08643b3,management-vite,4,ts-local,setTexto,,apps/management-vite/src/components/monitoring-detailed.tsx:523,14,no,,,candidate,,
management-vite-ts-local-db672588,management-vite,4,ts-local,setTextoDoBotao,,apps/management-vite/src/pages/flow/settings/welcome/tela.tsx:18,3,no,,,candidate,,
management-vite-ts-local-ec832274,management-vite,4,ts-local,setTipoAudiencia,,apps/management-vite/src/pages/flow/growth/active-messages/tela.tsx:25,3,no,,,candidate,,
management-vite-ts-local-2fc35309,management-vite,4,ts-local,setVariaveis,,apps/management-vite/src/pages/builder/test-panel.tsx:150,6,no,,,candidate,,
management-vite-ts-local-b1f212d3,management-vite,4,ts-local,somentePesquisa,,apps/management-vite/src/pages/builder/panel-outputs.tsx:75,1,no,,,candidate,,
management-vite-ts-local-f25d49e7,management-vite,4,ts-local,sujo,,apps/management-vite/src/components/card-config.tsx:39,20,no,,,candidate,,
management-vite-ts-local-5e1e610b,management-vite,4,ts-local,sujo,,apps/management-vite/src/pages/flow/settings/api/tela.tsx:31,20,no,,,candidate,,
management-vite-ts-local-e9160b3d,management-vite,4,ts-local,temMais,,apps/management-vite/src/pages/flow/log/log.tsx:83,12,no,,,candidate,,
management-vite-ts-local-b1d8f375,management-vite,4,ts-local,temMais,,apps/management-vite/src/pages/flow/log/tela.tsx:84,12,no,,,candidate,,
management-vite-ts-local-cc6512b3,management-vite,4,ts-local,termoAberto,,apps/management-vite/src/pages/flow/analytics/report-manager/tela.tsx:78,2,no,,,candidate,,
management-vite-ts-local-ed09574a,management-vite,4,ts-local,termoAplicado,,apps/management-vite/src/pages/builder/panel-queues.tsx:135,16,no,,,candidate,,
management-vite-ts-local-68c1c1ac,management-vite,4,ts-local,termoAplicado,,apps/management-vite/src/pages/builder/panel-queues.tsx:33,16,no,,,candidate,,
management-vite-ts-local-feee4280,management-vite,4,ts-local,termoAplicado,,apps/management-vite/src/pages/builder/queue-rules.tsx:68,16,no,,,candidate,,
management-vite-ts-local-038461da,management-vite,4,ts-local,termo,,apps/management-vite/src/pages/builder/queues-panel.ts:37,160,no,,,candidate,,
management-vite-ts-local-39ebb0b4,management-vite,4,ts-local,termo,,apps/management-vite/src/pages/builder/variables.ts:85,160,no,,,candidate,,
management-vite-ts-local-af4727d2,management-vite,4,ts-local,termoDigitado,,apps/management-vite/src/pages/builder/panel-queues.tsx:134,9,no,,,candidate,,
management-vite-ts-local-f6de11c2,management-vite,4,ts-local,termoDigitado,,apps/management-vite/src/pages/builder/panel-queues.tsx:32,9,no,,,candidate,,
management-vite-ts-local-aae5c3cd,management-vite,4,ts-local,termoDigitado,,apps/management-vite/src/pages/builder/queue-rules.tsx:67,9,no,,,candidate,,
management-vite-ts-local-e2aa196f,management-vite,4,ts-local,texto,,apps/management-vite/src/components/metrica.tsx:43,1706,no,,,candidate,,
management-vite-ts-local-b1aa0acb,management-vite,4,ts-local,texto,,apps/management-vite/src/components/monitoring-detailed.tsx:523,1706,no,,,candidate,,
management-vite-ts-local-a783b756,management-vite,4,ts-local,texto,,apps/management-vite/src/lib/channels.ts:124,1706,no,,,candidate,,
management-vite-ts-local-0aa9a4ce,management-vite,4,ts-local,texto,,apps/management-vite/src/lib/channels.ts:142,1706,no,,,candidate,,
management-vite-ts-local-a0965ca1,management-vite,4,ts-local,texto,,apps/management-vite/src/pages/builder/actions-of-block.ts:493,1706,no,,,candidate,,
management-vite-ts-local-65cf275a,management-vite,4,ts-local,texto,,apps/management-vite/src/pages/builder/canvas.tsx:43,1706,no,,,candidate,,
management-vite-ts-local-8ca19163,management-vite,4,ts-local,texto,,apps/management-vite/src/pages/builder/editor.tsx:118,1706,no,,,candidate,,
management-vite-ts-local-271736dc,management-vite,4,ts-local,texto,,apps/management-vite/src/pages/builder/import-exportar.ts:66,1706,no,,,candidate,,
management-vite-ts-local-49b08375,management-vite,4,ts-local,texto,,apps/management-vite/src/pages/builder/model.ts:325,1706,no,,,candidate,,
management-vite-ts-local-c8ffccd4,management-vite,4,ts-local,texto,,apps/management-vite/src/pages/builder/model.ts:409,1706,no,,,candidate,,
management-vite-ts-local-50ba4a87,management-vite,4,ts-local,texto,,apps/management-vite/src/pages/builder/panel-actions.tsx:179,1706,no,,,candidate,,
management-vite-ts-local-10b27a89,management-vite,4,ts-local,texto,,apps/management-vite/src/pages/builder/panel-actions.tsx:63,1706,no,,,candidate,,
management-vite-ts-local-89496b4e,management-vite,4,ts-local,texto,,apps/management-vite/src/pages/builder/panel-configuration-variables.tsx:233,1706,no,,,candidate,,
management-vite-ts-local-7d8f72ba,management-vite,4,ts-local,texto,,apps/management-vite/src/pages/builder/panel-configuration-variables.tsx:262,1706,no,,,candidate,,
management-vite-ts-local-b8deb856,management-vite,4,ts-local,texto,,apps/management-vite/src/pages/builder/panel-configuration-variables.tsx:263,1706,no,,,candidate,,
management-vite-ts-local-65e1cbb0,management-vite,4,ts-local,texto,,apps/management-vite/src/pages/builder/panel-configuration-variables.tsx:329,1706,no,,,candidate,,
management-vite-ts-local-5b66a763,management-vite,4,ts-local,texto,,apps/management-vite/src/pages/builder/panel-configuration-variables.tsx:330,1706,no,,,candidate,,
management-vite-ts-local-1dfbe77f,management-vite,4,ts-local,texto,,apps/management-vite/src/pages/builder/panel-configuration.tsx:185,1706,no,,,candidate,,
management-vite-ts-local-92268455,management-vite,4,ts-local,texto,,apps/management-vite/src/pages/builder/panel-configuration.tsx:90,1706,no,,,candidate,,
management-vite-ts-local-e09d2090,management-vite,4,ts-local,texto,,apps/management-vite/src/pages/builder/panel-content.tsx:89,1706,no,,,candidate,,
management-vite-ts-local-3b585a36,management-vite,4,ts-local,texto,,apps/management-vite/src/pages/builder/panel-outputs.tsx:63,1706,no,,,candidate,,
management-vite-ts-local-80a90e87,management-vite,4,ts-local,texto,,apps/management-vite/src/pages/builder/panel.tsx:60,1706,no,,,candidate,,
management-vite-ts-local-c3e720b8,management-vite,4,ts-local,texto,,apps/management-vite/src/pages/builder/search.ts:118,1706,no,,,candidate,,
management-vite-ts-local-92a46df6,management-vite,4,ts-local,texto,,apps/management-vite/src/pages/builder/search.ts:133,1706,no,,,candidate,,
management-vite-ts-local-7f16c882,management-vite,4,ts-local,texto,,apps/management-vite/src/pages/builder/search.ts:18,1706,no,,,candidate,,
management-vite-ts-local-2e82dc41,management-vite,4,ts-local,texto,,apps/management-vite/src/pages/builder/search.ts:28,1706,no,,,candidate,,
management-vite-ts-local-b7aac394,management-vite,4,ts-local,texto,,apps/management-vite/src/pages/builder/test-panel.tsx:152,1706,no,,,candidate,,
management-vite-ts-local-94fb20c2,management-vite,4,ts-local,texto,,apps/management-vite/src/pages/builder/test-panel.tsx:24,1706,no,,,candidate,,
management-vite-ts-local-cb9cbcf5,management-vite,4,ts-local,texto,,apps/management-vite/src/pages/builder/test-panel.tsx:253,1706,no,,,candidate,,
management-vite-ts-local-be0eddf8,management-vite,4,ts-local,texto,,apps/management-vite/src/pages/builder/variables.ts:67,1706,no,,,candidate,,
management-vite-ts-local-8974f9d5,management-vite,4,ts-local,texto,,apps/management-vite/src/pages/builder/variables.ts:85,1706,no,,,candidate,,
management-vite-ts-local-fe444ae6,management-vite,4,ts-local,texto,,apps/management-vite/src/pages/contract/certificates/tela.tsx:340,1706,no,,,candidate,,
management-vite-ts-local-c8d5b4ba,management-vite,4,ts-local,texto,,apps/management-vite/src/pages/contract/certificates/tela.tsx:431,1706,no,,,candidate,,
management-vite-ts-local-3c6bb0a9,management-vite,4,ts-local,texto,,apps/management-vite/src/pages/contract/certificates/tela.tsx:465,1706,no,,,candidate,,
management-vite-ts-local-45fa9066,management-vite,4,ts-local,texto,,apps/management-vite/src/pages/contract/members/convidar.tsx:27,1706,no,,,candidate,,
management-vite-ts-local-3385f247,management-vite,4,ts-local,texto,,apps/management-vite/src/pages/contract/members/convidar.tsx:50,1706,no,,,candidate,,
management-vite-ts-local-d7abacb1,management-vite,4,ts-local,texto,,apps/management-vite/src/pages/contract/members/tabela.tsx:578,1706,no,,,candidate,,
management-vite-ts-local-a632f9bb,management-vite,4,ts-local,texto,,apps/management-vite/src/pages/flow/analytics/active-messages/miolo.tsx:66,1706,no,,,candidate,,
management-vite-ts-local-c476fb2e,management-vite,4,ts-local,texto,,apps/management-vite/src/pages/flow/analytics/dashboard/tela.tsx:176,1706,no,,,candidate,,
management-vite-ts-local-6a42c7bb,management-vite,4,ts-local,texto,,apps/management-vite/src/pages/flow/analytics/dashboard/tela.tsx:285,1706,no,,,candidate,,
management-vite-ts-local-a14617ef,management-vite,4,ts-local,texto,,apps/management-vite/src/pages/flow/analytics/data-dictionary/pages.tsx:1874,1706,no,,,candidate,,
management-vite-ts-local-7868ad56,management-vite,4,ts-local,texto,,apps/management-vite/src/pages/flow/analytics/data-dictionary/pages.tsx:224,1706,no,,,candidate,,
management-vite-ts-local-d3b1dac1,management-vite,4,ts-local,texto,,apps/management-vite/src/pages/flow/analytics/data-dictionary/pages.tsx:482,1706,no,,,candidate,,
management-vite-ts-local-6da05346,management-vite,4,ts-local,texto,,apps/management-vite/src/pages/flow/contents/tela.tsx:26,1706,no,,,candidate,,
management-vite-ts-local-58b0c3e9,management-vite,4,ts-local,texto,,apps/management-vite/src/pages/flow/growth/regras.ts:22,1706,no,,,candidate,,
management-vite-ts-local-86173254,management-vite,4,ts-local,texto,,apps/management-vite/src/pages/flow/services/regras.ts:39,1706,no,,,candidate,,
management-vite-ts-local-3494cf2c,management-vite,4,ts-local,texto,,apps/management-vite/src/pages/flow/settings/persistent-menu/tela.tsx:61,1706,no,,,candidate,,
management-vite-ts-local-dfaad706,management-vite,4,ts-local,texto,,apps/management-vite/src/pages/operation/reports-satisfaction.tsx:54,1706,no,,,candidate,,
management-vite-ts-local-82cf2d8f,management-vite,4,ts-local,texto,,apps/management-vite/src/pages/portal.tsx:324,1706,no,,,candidate,,
management-vite-ts-local-104433ef,management-vite,4,ts-local,texto,,apps/management-vite/src/pages/registrations/communication-templates-formulario.tsx:25,1706,no,,,candidate,,
management-vite-ts-local-5dbbc3ce,management-vite,4,ts-local,texto,,apps/management-vite/tests/builder-search.test.ts:46,1706,no,,,candidate,,
management-vite-ts-local-be40a2de,management-vite,4,ts-local,textoDoBotao,,apps/management-vite/src/pages/flow/settings/welcome/tela.tsx:18,8,no,,,candidate,,
management-vite-ts-local-a375f928,management-vite,4,ts-local,tipoAudiencia,,apps/management-vite/src/pages/flow/growth/active-messages/tela.tsx:25,11,no,,,candidate,,
management-vite-ts-local-a4f684e2,management-vite,4,ts-local,tituloProprio,,apps/management-vite/src/pages/flow/analytics/pecas.tsx:14,5,no,,,candidate,,
management-vite-ts-local-ea404149,management-vite,4,ts-local,todo,,apps/management-vite/src/pages/builder/flow-functions.ts:63,179,no,,,candidate,,
management-vite-ts-local-e943900b,management-vite,4,ts-local,todos,,apps/management-vite/src/components/lista-history.tsx:95,346,no,,,candidate,,
management-vite-ts-local-f15063b7,management-vite,4,ts-local,todosOsModelos,,apps/management-vite/src/pages/registrations/communication-templates.tsx:90,2,no,,,candidate,,
management-vite-ts-local-58d54b59,management-vite,4,ts-local,totalDeChaves,,apps/management-vite/src/pages/flow/settings/regras.ts:11,4,no,,,candidate,,
management-vite-ts-local-8a27534e,management-vite,4,ts-local,totalDeChaves,,apps/management-vite/src/pages/flow/settings/regras.ts:18,4,no,,,candidate,,
management-vite-ts-local-f61c3ecc,management-vite,4,ts-local,totalDeModelos,,apps/management-vite/src/pages/flow/contents/regras.ts:133,2,no,,,candidate,,
management-vite-ts-local-7f1e6a9e,management-vite,4,ts-local,tudo,,apps/management-vite/src/pages/builder/model.ts:494,144,no,,,candidate,,
management-vite-ts-local-304af9b5,management-vite,4,ts-local,uri,,apps/management-vite/src/pages/builder/conteudo.ts:260,367,no,,,candidate,,
management-vite-ts-local-3524cb2c,management-vite,4,ts-local,uri,,apps/management-vite/src/pages/builder/conteudo.ts:264,367,no,,,candidate,,
management-vite-ts-local-4be21e4d,management-vite,4,ts-local,uri,,apps/management-vite/src/pages/builder/conteudo.ts:280,367,no,,,candidate,,
management-vite-ts-local-4f36b4d1,management-vite,4,ts-local,uri,,apps/management-vite/src/pages/builder/conteudo.ts:286,367,no,,,candidate,,
management-vite-ts-local-ada88af7,management-vite,4,ts-local,uri,,apps/management-vite/src/pages/builder/conteudo.ts:290,367,no,,,candidate,,
management-vite-ts-local-a15d87ec,management-vite,4,ts-local,uri,,apps/management-vite/src/pages/builder/conteudo.ts:294,367,no,,,candidate,,
management-vite-ts-local-c3611730,management-vite,4,ts-local,uri,,apps/management-vite/src/pages/builder/conteudo.ts:298,367,no,,,candidate,,
management-vite-ts-local-2e689235,management-vite,4,ts-local,uri,,apps/management-vite/src/pages/builder/conteudo.ts:302,367,no,,,candidate,,
management-vite-ts-local-898fdea7,management-vite,4,ts-local,uri,,apps/management-vite/src/pages/builder/conteudo.ts:366,367,no,,,candidate,,
management-vite-ts-local-9448310b,management-vite,4,ts-local,valor,,apps/management-vite/src/pages/builder.tsx:371,695,no,,,candidate,,
management-vite-ts-local-d7562046,management-vite,4,ts-local,valor,,apps/management-vite/src/pages/builder/destination-picker.tsx:20,695,no,,,candidate,,
management-vite-ts-local-5774506f,management-vite,4,ts-local,valor,,apps/management-vite/src/pages/builder/panel-configuration-variables.tsx:134,695,no,,,candidate,,
management-vite-ts-local-52f65490,management-vite,4,ts-local,valor,,apps/management-vite/src/pages/builder/panel-configuration-variables.tsx:218,695,no,,,candidate,,
management-vite-ts-local-3bfb2038,management-vite,4,ts-local,valor,,apps/management-vite/src/pages/builder/panel-configuration-variables.tsx:248,695,no,,,candidate,,
management-vite-ts-local-517b2ffc,management-vite,4,ts-local,valor,,apps/management-vite/src/pages/builder/panel-configuration-variables.tsx:276,695,no,,,candidate,,
management-vite-ts-local-e523bcbe,management-vite,4,ts-local,valor,,apps/management-vite/src/pages/builder/panel-configuration-variables.tsx:283,695,no,,,candidate,,
management-vite-ts-local-bd0a3630,management-vite,4,ts-local,valor,,apps/management-vite/src/pages/builder/panel-configuration-variables.tsx:31,695,no,,,candidate,,
management-vite-ts-local-2bf21625,management-vite,4,ts-local,valor,,apps/management-vite/src/pages/builder/panel-configuration-variables.tsx:322,695,no,,,candidate,,
management-vite-ts-local-7dfdf099,management-vite,4,ts-local,valor,,apps/management-vite/src/pages/builder/panel-configuration-variables.tsx:78,695,no,,,candidate,,
management-vite-ts-local-9411bad1,management-vite,4,ts-local,valor,,apps/management-vite/src/pages/builder/panel-configuration.tsx:71,695,no,,,candidate,,
management-vite-ts-local-a1b8e1f7,management-vite,4,ts-local,valor,,apps/management-vite/src/pages/builder/search.ts:52,695,no,,,candidate,,
management-vite-ts-local-2f5e74c9,management-vite,4,ts-local,valor,,apps/management-vite/src/pages/builder/search.ts:59,695,no,,,candidate,,
management-vite-ts-local-359c771e,management-vite,4,ts-local,valor,,apps/management-vite/src/pages/builder/test-panel.tsx:97,695,no,,,candidate,,
management-vite-ts-local-9ebae447,management-vite,4,ts-local,variaveis,,apps/management-vite/src/pages/builder/panel-actions.tsx:691,80,no,,,candidate,,
management-vite-ts-local-6ee8b5a8,management-vite,4,ts-local,variaveis,,apps/management-vite/src/pages/builder/panel-actions.tsx:696,80,no,,,candidate,,
management-vite-ts-local-38e6f513,management-vite,4,ts-local,variaveis,,apps/management-vite/src/pages/builder/test-panel.tsx:150,80,no,,,candidate,,
management-vite-ts-local-58f907ca,management-vite,4,ts-local,variavel,,apps/management-vite/src/pages/builder/conteudo.ts:268,27,no,,,candidate,,
management-vite-ts-local-08b36964,management-vite,4,ts-local,variavel,,apps/management-vite/src/pages/builder/conteudo.ts:405,27,no,,,candidate,,
management-vite-ts-local-ac8d363a,management-vite,4,ts-local,varios,,apps/management-vite/src/lib/passos-of-deployment.ts:59,2,no,,,candidate,,
management-vite-ts-local-4cfbf7a8,management-vite,4,ts-local,versao,,apps/management-vite/src/components/registration-embedded-whatsapp.tsx:164,199,no,,,candidate,,
management-vite-ts-local-0c1c8027,management-vite,4,ts-local,versao,,apps/management-vite/src/components/registration-embedded-whatsapp.tsx:49,199,no,,,candidate,,
management-vite-ts-local-f42af16b,management-vite,4,ts-local,versao,,apps/management-vite/src/pages/builder-gravar.ts:65,199,no,,,candidate,,
management-vite-ts-local-abcb8972,management-vite,4,ts-local,versao,,apps/management-vite/src/pages/builder-gravar.ts:91,199,no,,,candidate,,
management-vite-ts-local-8820e0e3,management-vite,4,ts-local,versao,,apps/management-vite/src/pages/builder/panel-configuration.tsx:222,199,no,,,candidate,,
management-vite-ts-local-331b40ee,management-vite,4,ts-local,versaoId,,apps/management-vite/src/pages/builder/use-editor.ts:112,58,no,,,candidate,,
management-vite-ts-local-17bfc165,management-vite,4,ts-local,versaoId,,apps/management-vite/src/pages/builder/use-editor.ts:37,58,no,,,candidate,,
management-vite-ts-local-7c26d912,management-vite,4,ts-local,voltarPara,,apps/management-vite/src/pages/create/casco.tsx:87,5,no,,,candidate,,
management-vite-ts-prop-10d26105,management-vite,4,ts-prop,abaVisaoGeral,,apps/management-vite/src/pages/flow/analytics/abas.ts:31,3,no,,,candidate,,
management-vite-ts-prop-157f3a8a,management-vite,4,ts-prop,abaVisaoGeral,,apps/management-vite/src/pages/flow/analytics/abas.ts:48,3,no,,,candidate,,
management-vite-ts-prop-95eb2e64,management-vite,4,ts-prop,abertoAgora,,apps/management-vite/src/lib/registrations.ts:103,3,no,,,candidate,,
management-vite-ts-prop-76b47822,management-vite,4,ts-prop,agora,,apps/management-vite/src/lib/monitoring.ts:102,466,no,,,candidate,,
management-vite-ts-prop-3600f1bb,management-vite,4,ts-prop,agora,,apps/management-vite/src/lib/registrations.ts:114,466,no,,,candidate,,
management-vite-ts-prop-e8b7015c,management-vite,4,ts-prop,agora,,apps/management-vite/src/pages/flow/analytics/reports/reports.tsx:14,466,no,,,candidate,,
management-vite-ts-prop-f7503030,management-vite,4,ts-prop,aguardandoAtendente,,apps/management-vite/src/lib/monitoring.ts:30,4,no,,,candidate,,
management-vite-ts-prop-b293d3b2,management-vite,4,ts-prop,alvos,,apps/management-vite/src/pages/contract/members/tabela.tsx:545,27,no,,,candidate,,
management-vite-ts-prop-c43d128b,management-vite,4,ts-prop,America/Campo_Grande,,apps/management-vite/src/pages/my-account/regras.ts:48,0,no,,,candidate,,
management-vite-ts-prop-c01686a9,management-vite,4,ts-prop,America/Porto_Velho,,apps/management-vite/src/pages/my-account/regras.ts:50,0,no,,,candidate,,
management-vite-ts-prop-ef359194,management-vite,4,ts-prop,America/Rio_Branco,,apps/management-vite/src/pages/my-account/regras.ts:52,0,no,,,candidate,,
management-vite-ts-prop-644ccafd,management-vite,4,ts-prop,America/Sao_Paulo,,apps/management-vite/src/pages/my-account/regras.ts:42,0,no,,,candidate,,
management-vite-ts-prop-ff8c242f,management-vite,4,ts-prop,antesDoArrasto,,apps/management-vite/src/pages/builder/state.ts:30,5,no,,,candidate,,
management-vite-ts-prop-c6c633e4,management-vite,4,ts-prop,aoAlternarTodos,,apps/management-vite/src/components/lista-history.tsx:105,4,no,,,candidate,,
management-vite-ts-prop-22536751,management-vite,4,ts-prop,aoAplicarFiltro,,apps/management-vite/src/pages/flow/log/tela.tsx:105,5,no,,,candidate,,
management-vite-ts-prop-d4df7031,management-vite,4,ts-prop,aoAplicarPeriodo,,apps/management-vite/src/pages/flow/analytics/journey/jornada.tsx:51,8,no,,,candidate,,
management-vite-ts-prop-0fd4c7a6,management-vite,4,ts-prop,aoAplicarPeriodo,,apps/management-vite/src/pages/flow/analytics/overview/visao-geral.tsx:18,8,no,,,candidate,,
management-vite-ts-prop-1143c14c,management-vite,4,ts-prop,aoCarregarMais,,apps/management-vite/src/pages/flow/log/tela.tsx:98,4,no,,,candidate,,
management-vite-ts-prop-7adfcd1a,management-vite,4,ts-prop,aoFiltrarCategoria,,apps/management-vite/src/pages/updates/page.tsx:162,5,no,,,candidate,,
management-vite-ts-prop-09bf15e0,management-vite,4,ts-prop,aoMudarPeriodo,,apps/management-vite/src/pages/flow/analytics/dashboard/tela.tsx:58,2,no,,,candidate,,
management-vite-ts-prop-578c99a2,management-vite,4,ts-prop,aoSumir,,apps/management-vite/src/pages/contract/certificates/tela.tsx:431,5,no,,,candidate,,
management-vite-ts-prop-a16784d2,management-vite,4,ts-prop,apoio,,apps/management-vite/src/components/panel-filters.tsx:138,26,no,,,candidate,,
management-vite-ts-prop-712f533e,management-vite,4,ts-prop,aprovado,,apps/management-vite/src/lib/communication.ts:27,251,no,,,candidate,,
management-vite-ts-prop-2de3f56f,management-vite,4,ts-prop,atendentesOnline,,apps/management-vite/src/lib/monitoring.ts:86,3,no,,,candidate,,
management-vite-ts-prop-24ca47cb,management-vite,4,ts-prop,ativa,,apps/management-vite/src/lib/communication.ts:65,249,no,,,candidate,,
management-vite-ts-prop-5256df5f,management-vite,4,ts-prop,ativa,,apps/management-vite/src/lib/registrations.ts:134,249,no,,,candidate,,
management-vite-ts-prop-fefe729b,management-vite,4,ts-prop,ativa,,apps/management-vite/src/lib/registrations.ts:41,249,no,,,candidate,,
management-vite-ts-prop-8a5e7f74,management-vite,4,ts-prop,ativa,,apps/management-vite/src/lib/rules-priority.ts:14,249,no,,,candidate,,
management-vite-ts-prop-29a47353,management-vite,4,ts-prop,ativa,,apps/management-vite/src/lib/settings.ts:23,249,no,,,candidate,,
management-vite-ts-prop-1eff4c9b,management-vite,4,ts-prop,ativa,,apps/management-vite/src/lib/settings.ts:32,249,no,,,candidate,,
management-vite-ts-prop-6aabcf7f,management-vite,4,ts-prop,ativar,,apps/management-vite/src/pages/flow/channels/conexao.tsx:26,27,no,,,candidate,,
management-vite-ts-prop-2cd7a458,management-vite,4,ts-prop,ativas,,apps/management-vite/src/lib/monitoring.ts:70,132,no,,,candidate,,
management-vite-ts-prop-9e9f0550,management-vite,4,ts-prop,ativo,,apps/management-vite/src/pages/builder.tsx:48,338,no,,,candidate,,
management-vite-ts-prop-ed389a4d,management-vite,4,ts-prop,ativo,,apps/management-vite/src/pages/flow/analytics/data-dictionary/dictionary.tsx:39,338,no,,,candidate,,
management-vite-ts-prop-a09a3eea,management-vite,4,ts-prop,ativo,,apps/management-vite/src/pages/flow/barra-of-contact.tsx:158,338,no,,,candidate,,
management-vite-ts-prop-02da0059,management-vite,4,ts-prop,ativo,,apps/management-vite/src/pages/flow/barra-of-contact.tsx:40,338,no,,,candidate,,
management-vite-ts-prop-9b6962eb,management-vite,4,ts-prop,ativo,,apps/management-vite/src/pages/flow/contact.tsx:71,338,no,,,candidate,,
management-vite-ts-prop-7b1e1240,management-vite,4,ts-prop,ativo,,apps/management-vite/src/pages/flow/contact.tsx:86,338,no,,,candidate,,
management-vite-ts-prop-55c11a7b,management-vite,4,ts-prop,ativo,,apps/management-vite/src/pages/flow/contents/tela.tsx:107,338,no,,,candidate,,
management-vite-ts-prop-82c10939,management-vite,4,ts-prop,ativo,,apps/management-vite/src/pages/flow/settings/welcome/gravar.ts:14,338,no,,,candidate,,
management-vite-ts-prop-7d89091e,management-vite,4,ts-prop,ativos,,apps/management-vite/src/pages/flow/cards.tsx:119,25,no,,,candidate,,
management-vite-ts-prop-353325e3,management-vite,4,ts-prop,atualizados,,apps/management-vite/src/lib/channels-gravar.ts:141,11,no,,,candidate,,
management-vite-ts-prop-66839c17,management-vite,4,ts-prop,audiosSemMetadado,,apps/management-vite/src/lib/effort.ts:33,8,no,,,candidate,,
management-vite-ts-prop-d8e81f6f,management-vite,4,ts-prop,autenticacao,,apps/management-vite/src/lib/communication.ts:23,152,no,,,candidate,,
management-vite-ts-prop-a281948d,management-vite,4,ts-prop,blocos,,apps/management-vite/src/pages/builder/destination-picker.tsx:26,240,no,,,candidate,,
management-vite-ts-prop-43cb3d70,management-vite,4,ts-prop,botao,,apps/management-vite/src/pages/flow/channels/conexao.tsx:128,24,no,,,candidate,,
management-vite-ts-prop-27f6e763,management-vite,4,ts-prop,busca,,apps/management-vite/src/pages/flow/log/tela.tsx:70,350,no,,,candidate,,
management-vite-ts-prop-9ea54124,management-vite,4,ts-prop,cabeca,,apps/management-vite/src/pages/flow/analytics/dashboard/tela.tsx:702,19,no,,,candidate,,
management-vite-ts-prop-8181e151,management-vite,4,ts-prop,cabecalho,,apps/management-vite/src/lib/channels-gravar.ts:160,133,no,,,candidate,,
management-vite-ts-prop-3a145a10,management-vite,4,ts-prop,cabecalho,,apps/management-vite/src/lib/quality-review.ts:95,133,no,,,candidate,,
management-vite-ts-prop-192d281c,management-vite,4,ts-prop,cabecalho,,apps/management-vite/src/pages/flow/analytics/data-dictionary/pages.tsx:181,133,no,,,candidate,,
management-vite-ts-prop-65d464b6,management-vite,4,ts-prop,cabecalho,,apps/management-vite/src/pages/flow/analytics/data-dictionary/pages.tsx:1880,133,no,,,candidate,,
management-vite-ts-prop-26bffb2c,management-vite,4,ts-prop,cabecalhos,,apps/management-vite/src/pages/builder/conteudo.ts:125,103,no,,,candidate,,
management-vite-ts-prop-deaf71f1,management-vite,4,ts-prop,cabecalhos,,apps/management-vite/src/pages/builder/panel-actions.tsx:733,103,no,,,candidate,,
management-vite-ts-prop-79017526,management-vite,4,ts-prop,cabecalhos,,apps/management-vite/src/pages/builder/panel-content.tsx:512,103,no,,,candidate,,
management-vite-ts-prop-c56c29a1,management-vite,4,ts-prop,cabecalhos,,apps/management-vite/src/pages/flow/integrations/webhook/gravar.ts:42,103,no,,,candidate,,
management-vite-ts-prop-d50bf676,management-vite,4,ts-prop,cabecalhos,,apps/management-vite/src/pages/flow/integrations/webhook/gravar.ts:87,103,no,,,candidate,,
management-vite-ts-prop-5851d696,management-vite,4,ts-prop,campo,,apps/management-vite/src/lib/channels-gravar.ts:17,819,no,,,candidate,,
management-vite-ts-prop-d672e874,management-vite,4,ts-prop,campo,,apps/management-vite/src/lib/channels-gravar.ts:21,819,no,,,candidate,,
management-vite-ts-prop-aff80e47,management-vite,4,ts-prop,campo,,apps/management-vite/src/lib/registrations-gravar.ts:155,819,no,,,candidate,,
management-vite-ts-prop-d9b0e3c3,management-vite,4,ts-prop,campo,,apps/management-vite/src/lib/registrations-gravar.ts:34,819,no,,,candidate,,
management-vite-ts-prop-a28aee71,management-vite,4,ts-prop,campo,,apps/management-vite/src/lib/registrations-gravar.ts:45,819,no,,,candidate,,
management-vite-ts-prop-0270f2b9,management-vite,4,ts-prop,campo,,apps/management-vite/src/lib/registrations.ts:160,819,no,,,candidate,,
management-vite-ts-prop-8480c548,management-vite,4,ts-prop,campo,,apps/management-vite/src/pages/builder/queues-panel.ts:218,819,no,,,candidate,,
management-vite-ts-prop-d321a1be,management-vite,4,ts-prop,campo,,apps/management-vite/src/pages/builder/search.ts:14,819,no,,,candidate,,
management-vite-ts-prop-1f5c560b,management-vite,4,ts-prop,campo,,apps/management-vite/src/pages/contract/members/tabela.tsx:57,819,no,,,candidate,,
management-vite-ts-prop-856e4008,management-vite,4,ts-prop,campo,,apps/management-vite/src/pages/contract/members/tabela.tsx:88,819,no,,,candidate,,
management-vite-ts-prop-a8111b5e,management-vite,4,ts-prop,campo,,apps/management-vite/src/pages/flow/growth/tracked-links/data.ts:22,819,no,,,candidate,,
management-vite-ts-prop-02473f8d,management-vite,4,ts-prop,campo,,apps/management-vite/src/pages/my-account/regras.ts:68,819,no,,,candidate,,
management-vite-ts-prop-e89373ad,management-vite,4,ts-prop,campos,,apps/management-vite/src/components/lista-regras.tsx:38,261,no,,,candidate,,
management-vite-ts-prop-4ea4a3de,management-vite,4,ts-prop,campos,,apps/management-vite/src/pages/builder/actions-of-block.ts:37,261,no,,,candidate,,
management-vite-ts-prop-2cca6208,management-vite,4,ts-prop,camposOcultos,,apps/management-vite/src/pages/create/casco.tsx:103,5,no,,,candidate,,
management-vite-ts-prop-7f7372b7,management-vite,4,ts-prop,cargaMaxima,,apps/management-vite/src/lib/monitoring.ts:75,3,no,,,candidate,,
management-vite-ts-prop-badff602,management-vite,4,ts-prop,carregandoMais,,apps/management-vite/src/pages/flow/log/tela.tsx:97,8,no,,,candidate,,
management-vite-ts-prop-aa63b5b6,management-vite,4,ts-prop,carrossel,,apps/management-vite/src/pages/flow/contents/regras.ts:27,35,no,,,candidate,,
management-vite-ts-prop-7c514c90,management-vite,4,ts-prop,carrossel,,apps/management-vite/src/pages/flow/contents/regras.ts:33,35,no,,,candidate,,
management-vite-ts-prop-62e33e84,management-vite,4,ts-prop,categoria,,apps/management-vite/src/lib/channels-gravar.ts:159,281,no,,,candidate,,
management-vite-ts-prop-916710ea,management-vite,4,ts-prop,categoria,,apps/management-vite/src/pages/flow/contents/regras.ts:116,281,no,,,candidate,,
management-vite-ts-prop-a8347591,management-vite,4,ts-prop,categoria,,apps/management-vite/src/pages/updates/conteudo.ts:10,281,no,,,candidate,,
management-vite-ts-prop-2f68d524,management-vite,4,ts-prop,categoria,,apps/management-vite/src/pages/updates/page.tsx:14,281,no,,,candidate,,
management-vite-ts-prop-782d9d31,management-vite,4,ts-prop,charsDeRespostaPronta,,apps/management-vite/src/lib/effort.ts:30,9,no,,,candidate,,
management-vite-ts-prop-52247908,management-vite,4,ts-prop,charsEscritos,,apps/management-vite/src/lib/effort.ts:25,9,no,,,candidate,,
management-vite-ts-prop-9e411c86,management-vite,4,ts-prop,charsLidos,,apps/management-vite/src/lib/effort.ts:26,9,no,,,candidate,,
management-vite-ts-prop-3cef8ba2,management-vite,4,ts-prop,chave,,apps/management-vite/src/pages/builder/configuration-sections.ts:33,571,no,,,candidate,,
management-vite-ts-prop-f99939d8,management-vite,4,ts-prop,chave,,apps/management-vite/src/pages/builder/panel-configuration-variables.tsx:208,571,no,,,candidate,,
management-vite-ts-prop-cd817a6b,management-vite,4,ts-prop,chave,,apps/management-vite/src/pages/builder/panel-configuration-variables.tsx:281,571,no,,,candidate,,
management-vite-ts-prop-a6b774a7,management-vite,4,ts-prop,chave,,apps/management-vite/src/pages/builder/panel-configuration-variables.tsx:327,571,no,,,candidate,,
management-vite-ts-prop-a9d87b84,management-vite,4,ts-prop,chave,,apps/management-vite/src/pages/builder/state.ts:45,571,no,,,candidate,,
management-vite-ts-prop-b81b3f75,management-vite,4,ts-prop,chave,,apps/management-vite/src/pages/builder/test-panel-logic.ts:10,571,no,,,candidate,,
management-vite-ts-prop-7126dc63,management-vite,4,ts-prop,chave,,apps/management-vite/src/pages/builder/test-panel.tsx:150,571,no,,,candidate,,
management-vite-ts-prop-4d8e44fc,management-vite,4,ts-prop,cheia,,apps/management-vite/src/pages/operation/monitoring.tsx:113,25,no,,,candidate,,
management-vite-ts-prop-a9a2445e,management-vite,4,ts-prop,codigo,,apps/management-vite/src/components/registration-embedded-whatsapp.tsx:152,595,no,,,candidate,,
management-vite-ts-prop-e45805c6,management-vite,4,ts-prop,codigo,,apps/management-vite/src/lib/registrations-gravar.ts:45,595,no,,,candidate,,
management-vite-ts-prop-1155a1b8,management-vite,4,ts-prop,codigo,,apps/management-vite/src/pages/deployment/actions.ts:25,595,no,,,candidate,,
management-vite-ts-prop-492e9942,management-vite,4,ts-prop,codigo,,apps/management-vite/src/pages/flow/growth/tracked-links/gravar.ts:10,595,no,,,candidate,,
management-vite-ts-prop-1a648cf3,management-vite,4,ts-prop,codigo,,apps/management-vite/src/pages/flow/team/tela.tsx:24,595,no,,,candidate,,
management-vite-ts-prop-a960d531,management-vite,4,ts-prop,codigo,,apps/management-vite/src/pages/flow/team/tela.tsx:34,595,no,,,candidate,,
management-vite-ts-prop-6daa0c50,management-vite,4,ts-prop,colunas,,apps/management-vite/src/pages/contract/certificates/tela.tsx:315,160,no,,,candidate,,
management-vite-ts-prop-302d5ed7,management-vite,4,ts-prop,colunas,,apps/management-vite/src/pages/contract/members/tabela.tsx:578,160,no,,,candidate,,
management-vite-ts-prop-29736480,management-vite,4,ts-prop,colunas,,apps/management-vite/src/pages/flow/analytics/dashboard/tela.tsx:702,160,no,,,candidate,,
management-vite-ts-prop-0cb3ec44,management-vite,4,ts-prop,colunas,,apps/management-vite/src/pages/flow/analytics/journey/sankey.ts:43,160,no,,,candidate,,
management-vite-ts-prop-eacb31ff,management-vite,4,ts-prop,combinador,,apps/management-vite/src/lib/registrations-gravar.ts:153,37,no,,,candidate,,
management-vite-ts-prop-2c26714d,management-vite,4,ts-prop,combinador,,apps/management-vite/src/lib/registrations.ts:158,37,no,,,candidate,,
management-vite-ts-prop-fe140eb2,management-vite,4,ts-prop,comecoInvalido,,apps/management-vite/src/pages/create/regras-de-nome.ts:149,12,no,,,candidate,,
management-vite-ts-prop-fc267493,management-vite,4,ts-prop,comentarios,,apps/management-vite/src/lib/satisfaction.ts:53,7,no,,,candidate,,
management-vite-ts-prop-3c0cad62,management-vite,4,ts-prop,comErro,,apps/management-vite/src/pages/builder/panel-content.tsx:550,12,no,,,candidate,,
management-vite-ts-prop-3586e531,management-vite,4,ts-prop,comErro,,apps/management-vite/src/pages/builder/panel-content.tsx:564,12,no,,,candidate,,
management-vite-ts-prop-fc27dc71,management-vite,4,ts-prop,concluida,,apps/management-vite/src/lib/quality-review.ts:5,30,no,,,candidate,,
management-vite-ts-prop-58671ab0,management-vite,4,ts-prop,configuracao,,apps/management-vite/src/pages/builder/state.ts:19,73,no,,,candidate,,
management-vite-ts-prop-afb91bc0,management-vite,4,ts-prop,configuracao,,apps/management-vite/src/pages/builder/state.ts:25,73,no,,,candidate,,
management-vite-ts-prop-091a3b40,management-vite,4,ts-prop,configuracao,,apps/management-vite/src/pages/builder/state.ts:37,73,no,,,candidate,,
management-vite-ts-prop-74d893a5,management-vite,4,ts-prop,configuracao,,apps/management-vite/src/pages/builder/state.ts:43,73,no,,,candidate,,
management-vite-ts-prop-1339553e,management-vite,4,ts-prop,contador,,apps/management-vite/src/pages/builder/cabecalho-info.tsx:13,43,no,,,candidate,,
management-vite-ts-prop-86f30cdb,management-vite,4,ts-prop,contador,,apps/management-vite/src/pages/flow/settings/pecas.tsx:139,43,no,,,candidate,,
management-vite-ts-prop-f144b6ed,management-vite,4,ts-prop,content,KEEP,apps/management-vite/tests/builder-content.test.ts:90,0,unknown,,,candidate,,jsonb:dictionaryField.settings
management-vite-ts-prop-9c45f1f9,management-vite,4,ts-prop,content,KEEP,apps/management-vite/tests/builder-editor.test.ts:315,0,unknown,,,candidate,,jsonb:dictionaryField.settings
management-vite-ts-prop-9f9caa9e,management-vite,4,ts-prop,conteudo,,apps/management-vite/src/pages/flow/log/tela.tsx:65,398,no,,,candidate,,
management-vite-ts-prop-b9fc2599,management-vite,4,ts-prop,convites,,apps/management-vite/src/lib/passos-of-deployment.ts:25,86,no,,,candidate,,
management-vite-ts-prop-9355b33f,management-vite,4,ts-prop,cor,,apps/management-vite/src/components/lista-regras.tsx:50,308,no,,,candidate,,
management-vite-ts-prop-d8abe3b6,management-vite,4,ts-prop,cor,,apps/management-vite/src/lib/registrations-gravar.ts:67,308,no,,,candidate,,
management-vite-ts-prop-55869981,management-vite,4,ts-prop,cor,,apps/management-vite/src/pages/builder/tags-of-block.ts:6,308,no,,,candidate,,
management-vite-ts-prop-4ad062bc,management-vite,4,ts-prop,cor,,apps/management-vite/src/pages/flow/analytics/dashboard/tela.tsx:1106,308,no,,,candidate,,
management-vite-ts-prop-d9618687,management-vite,4,ts-prop,cor,,apps/management-vite/src/pages/flow/analytics/dashboard/tela.tsx:327,308,no,,,candidate,,
management-vite-ts-prop-572ffdf5,management-vite,4,ts-prop,cor,,apps/management-vite/src/pages/flow/analytics/dashboard/tela.tsx:371,308,no,,,candidate,,
management-vite-ts-prop-48c57f69,management-vite,4,ts-prop,cor,,apps/management-vite/src/pages/flow/analytics/dashboard/tela.tsx:392,308,no,,,candidate,,
management-vite-ts-prop-a58e7580,management-vite,4,ts-prop,cor,,apps/management-vite/src/pages/flow/analytics/dashboard/tela.tsx:560,308,no,,,candidate,,
management-vite-ts-prop-e87f3043,management-vite,4,ts-prop,cor,,apps/management-vite/src/pages/flow/analytics/journey/jornada.tsx:192,308,no,,,candidate,,
management-vite-ts-prop-924214cb,management-vite,4,ts-prop,criados,,apps/management-vite/src/lib/channels-gravar.ts:140,43,no,,,candidate,,
management-vite-ts-prop-8b9af5a2,management-vite,4,ts-prop,criar,,apps/management-vite/src/pages/builder/panel-content.tsx:52,298,no,,,candidate,,
management-vite-ts-prop-b8be914e,management-vite,4,ts-prop,criarFuncaoAoAbrir,,apps/management-vite/src/pages/builder/panel-configuration.tsx:81,9,no,,,candidate,,
management-vite-ts-prop-773c1a44,management-vite,4,ts-prop,dados,,apps/management-vite/src/pages/flow/analytics/active-messages/page.tsx:40,401,no,,,candidate,,
management-vite-ts-prop-637e2196,management-vite,4,ts-prop,dados,,apps/management-vite/src/pages/flow/analytics/overview/page.tsx:22,401,no,,,candidate,,
management-vite-ts-prop-ab6e0251,management-vite,4,ts-prop,denominador,,apps/management-vite/src/components/metrica.tsx:22,61,no,,,candidate,,
management-vite-ts-prop-bebcd891,management-vite,4,ts-prop,denominador,,apps/management-vite/src/components/metrica.tsx:50,61,no,,,candidate,,
management-vite-ts-prop-7d2bafa9,management-vite,4,ts-prop,descricao,,apps/management-vite/src/pages/builder/configuration-sections.ts:28,236,no,,,candidate,,
management-vite-ts-prop-0aae2855,management-vite,4,ts-prop,descricao,,apps/management-vite/src/pages/builder/system-variables.ts:20,236,no,,,candidate,,
management-vite-ts-prop-4e384747,management-vite,4,ts-prop,descricaoExtra,,apps/management-vite/src/pages/builder/configuration-sections.ts:30,2,no,,,candidate,,
management-vite-ts-prop-ff275aac,management-vite,4,ts-prop,desde,,apps/management-vite/src/lib/registrations.ts:69,131,no,,,candidate,,
management-vite-ts-prop-f868709d,management-vite,4,ts-prop,destinoFixo,,apps/management-vite/src/pages/registrations/rules-attendance-formulario.tsx:142,9,no,,,candidate,,
management-vite-ts-prop-5b2c381a,management-vite,4,ts-prop,dica,,apps/management-vite/src/components/metrica.tsx:18,148,no,,,candidate,,
management-vite-ts-prop-3d2ec15c,management-vite,4,ts-prop,dica,,apps/management-vite/src/pages/contract/certificates/tela.tsx:703,148,no,,,candidate,,
management-vite-ts-prop-50a1977a,management-vite,4,ts-prop,dica,,apps/management-vite/src/pages/flow/analytics/dashboard/tela.tsx:1107,148,no,,,candidate,,
management-vite-ts-prop-653d4d93,management-vite,4,ts-prop,dica,,apps/management-vite/src/pages/flow/analytics/dashboard/tela.tsx:111,148,no,,,candidate,,
management-vite-ts-prop-4b8f5f8d,management-vite,4,ts-prop,dica,,apps/management-vite/src/pages/flow/analytics/dashboard/tela.tsx:237,148,no,,,candidate,,
management-vite-ts-prop-1a900c47,management-vite,4,ts-prop,dica,,apps/management-vite/src/pages/flow/analytics/dashboard/tela.tsx:261,148,no,,,candidate,,
management-vite-ts-prop-747588bb,management-vite,4,ts-prop,dica,,apps/management-vite/src/pages/flow/analytics/dashboard/tela.tsx:528,148,no,,,candidate,,
management-vite-ts-prop-6f86d3d0,management-vite,4,ts-prop,dica,,apps/management-vite/src/pages/flow/analytics/dashboard/tela.tsx:558,148,no,,,candidate,,
management-vite-ts-prop-f7a96d08,management-vite,4,ts-prop,dica,,apps/management-vite/src/pages/flow/analytics/dashboard/tela.tsx:698,148,no,,,candidate,,
management-vite-ts-prop-966aad3b,management-vite,4,ts-prop,dica,,apps/management-vite/src/pages/flow/analytics/dashboard/tela.tsx:700,148,no,,,candidate,,
management-vite-ts-prop-14fc337a,management-vite,4,ts-prop,dica,,apps/management-vite/src/pages/flow/analytics/journey/sankey.ts:37,148,no,,,candidate,,
management-vite-ts-prop-58b0c4a3,management-vite,4,ts-prop,dica,,apps/management-vite/src/pages/flow/analytics/overview/visao-geral.tsx:200,148,no,,,candidate,,
management-vite-ts-prop-318d735c,management-vite,4,ts-prop,dica,,apps/management-vite/src/pages/flow/analytics/pecas.tsx:137,148,no,,,candidate,,
management-vite-ts-prop-653e9008,management-vite,4,ts-prop,dica,,apps/management-vite/src/pages/flow/analytics/report-manager/tela.tsx:435,148,no,,,candidate,,
management-vite-ts-prop-5a7ff330,management-vite,4,ts-prop,dica,,apps/management-vite/src/pages/flow/cards.tsx:223,148,no,,,candidate,,
management-vite-ts-prop-cb0a85af,management-vite,4,ts-prop,dica,,apps/management-vite/src/pages/flow/cards.tsx:281,148,no,,,candidate,,
management-vite-ts-prop-f59ba1e7,management-vite,4,ts-prop,dica,,apps/management-vite/src/pages/flow/team/permissions.ts:17,148,no,,,candidate,,
management-vite-ts-prop-0cc224a8,management-vite,4,ts-prop,dica,,apps/management-vite/src/pages/operation/reports-satisfaction.tsx:54,148,no,,,candidate,,
management-vite-ts-prop-91cecb1e,management-vite,4,ts-prop,direcao,,apps/management-vite/src/pages/flow/log/tela.tsx:73,65,no,,,candidate,,
management-vite-ts-prop-51af5499,management-vite,4,ts-prop,documento,,apps/management-vite/src/lib/communication.ts:41,231,no,,,candidate,,
management-vite-ts-prop-c67a4546,management-vite,4,ts-prop,dosPapeis,,apps/management-vite/src/lib/agents-gravar.ts:15,10,no,,,candidate,,
management-vite-ts-prop-6465e9aa,management-vite,4,ts-prop,duracaoMs,,apps/management-vite/src/pages/builder.tsx:137,20,no,,,candidate,,
management-vite-ts-prop-1c918030,management-vite,4,ts-prop,duracaoMs,,apps/management-vite/src/pages/builder/panel-queues.tsx:21,20,no,,,candidate,,
management-vite-ts-prop-4cdf7b1e,management-vite,4,ts-prop,emAtendimento,,apps/management-vite/src/lib/monitoring.ts:84,3,no,,,candidate,,
management-vite-ts-prop-5c09a7b2,management-vite,4,ts-prop,encerradas,,apps/management-vite/src/lib/satisfaction.ts:51,36,no,,,candidate,,
management-vite-ts-prop-cf0d05bb,management-vite,4,ts-prop,encerramento,,apps/management-vite/src/lib/pesquisa.ts:34,112,no,,,candidate,,
management-vite-ts-prop-8a45a17e,management-vite,4,ts-prop,entra,,apps/management-vite/src/pages/flow/analytics/journey/sankey.ts:56,210,no,,,candidate,,
management-vite-ts-prop-a709fbc8,management-vite,4,ts-prop,enviada,,apps/management-vite/src/pages/flow/growth/active-messages/disparo.ts:18,87,no,,,candidate,,
management-vite-ts-prop-59c5023f,management-vite,4,ts-prop,escopos,,apps/management-vite/src/pages/flow/settings/keys/gravar.ts:12,45,no,,,candidate,,
management-vite-ts-prop-5b20a9d8,management-vite,4,ts-prop,esquerda,,apps/management-vite/src/components/lista-regras.tsx:62,87,no,,,candidate,,
management-vite-ts-prop-9b49ed28,management-vite,4,ts-prop,etiqueta,,apps/management-vite/src/pages/builder/cabecalho-info.tsx:16,288,no,,,candidate,,
management-vite-ts-prop-3c6532f9,management-vite,4,ts-prop,etiqueta,,apps/management-vite/src/pages/operation/history.tsx:39,288,no,,,candidate,,
management-vite-ts-prop-2c454835,management-vite,4,ts-prop,etiquetas,,apps/management-vite/src/components/lista-history.tsx:20,182,no,,,candidate,,
management-vite-ts-prop-17da9966,management-vite,4,ts-prop,etiquetas,,apps/management-vite/src/components/modal-finalizar-monitoring.tsx:23,182,no,,,candidate,,
management-vite-ts-prop-00f65bdf,management-vite,4,ts-prop,etiquetas,,apps/management-vite/src/components/monitoring-detailed.tsx:483,182,no,,,candidate,,
management-vite-ts-prop-75c2e8a0,management-vite,4,ts-prop,etiquetas,,apps/management-vite/src/lib/settings.ts:134,182,no,,,candidate,,
management-vite-ts-prop-76e2f694,management-vite,4,ts-prop,etiquetas,,apps/management-vite/src/pages/registrations/settings-data.tsx:20,182,no,,,candidate,,
management-vite-ts-prop-0d4d1549,management-vite,4,ts-prop,eventos,,apps/management-vite/src/pages/flow/integrations/webhook/gravar.ts:38,232,no,,,candidate,,
management-vite-ts-prop-187b74e0,management-vite,4,ts-prop,eventos,,apps/management-vite/src/pages/flow/integrations/webhook/gravar.ts:84,232,no,,,candidate,,
management-vite-ts-prop-bf50f970,management-vite,4,ts-prop,exemploDoCabecalho,,apps/management-vite/src/lib/channels-gravar.ts:164,8,no,,,candidate,,
management-vite-ts-prop-93684c30,management-vite,4,ts-prop,faixa,,apps/management-vite/src/pages/contract/page.tsx:127,168,no,,,candidate,,
management-vite-ts-prop-512937e8,management-vite,4,ts-prop,faixas,,apps/management-vite/src/lib/pesquisa.ts:12,61,no,,,candidate,,
management-vite-ts-prop-ddab3b0f,management-vite,4,ts-prop,faixas,,apps/management-vite/src/lib/registrations.ts:99,61,no,,,candidate,,
management-vite-ts-prop-2553e4f7,management-vite,4,ts-prop,faixas,,apps/management-vite/src/pages/flow/analytics/journey/sankey.ts:42,61,no,,,candidate,,
management-vite-ts-prop-7d2a2575,management-vite,4,ts-prop,faixas,,apps/management-vite/src/pages/my-account/regras.ts:84,61,no,,,candidate,,
management-vite-ts-prop-7487f07c,management-vite,4,ts-prop,faixasDeFuncionarios,,apps/management-vite/src/lib/account.ts:21,3,no,,,candidate,,
management-vite-ts-prop-362e0e30,management-vite,4,ts-prop,falhas,,apps/management-vite/src/pages/flow/analytics/active-messages/miolo.tsx:249,69,no,,,candidate,,
management-vite-ts-prop-350ed455,management-vite,4,ts-prop,falhas,,apps/management-vite/src/pages/flow/analytics/active-messages/miolo.tsx:275,69,no,,,candidate,,
management-vite-ts-prop-fb4f6660,management-vite,4,ts-prop,falhas,,apps/management-vite/src/pages/flow/analytics/active-messages/miolo.tsx:418,69,no,,,candidate,,
management-vite-ts-prop-8a3c9eeb,management-vite,4,ts-prop,falhas,,apps/management-vite/src/pages/flow/analytics/active-messages/miolo.tsx:62,69,no,,,candidate,,
management-vite-ts-prop-da7ef853,management-vite,4,ts-prop,fila,,apps/management-vite/src/pages/builder/queue-rules.tsx:60,878,no,,,candidate,,
management-vite-ts-prop-06d74ab9,management-vite,4,ts-prop,finalizadas,,apps/management-vite/src/lib/monitoring.ts:97,3,no,,,candidate,,
management-vite-ts-prop-e35125be,management-vite,4,ts-prop,fora,,apps/management-vite/src/pages/flow/analytics/dashboard/tela.tsx:112,554,no,,,candidate,,
management-vite-ts-prop-ba970964,management-vite,4,ts-prop,foto,,apps/management-vite/src/lib/channels.ts:45,88,no,,,candidate,,
management-vite-ts-prop-573a1c83,management-vite,4,ts-prop,fotoUrl,,apps/management-vite/src/lib/channels.ts:29,8,no,,,candidate,,
management-vite-ts-prop-b1942609,management-vite,4,ts-prop,fotoUrl,,apps/management-vite/src/pages/flow/itens.ts:158,8,no,,,candidate,,
management-vite-ts-prop-8e38d60b,management-vite,4,ts-prop,funcionarios,,apps/management-vite/src/pages/my-account/regras.ts:81,20,no,,,candidate,,
management-vite-ts-prop-0787423f,management-vite,4,ts-prop,fundo,,apps/management-vite/src/pages/flow/analytics/active-messages/miolo.tsx:182,225,no,,,candidate,,
management-vite-ts-prop-e40586f9,management-vite,4,ts-prop,fusos,,apps/management-vite/src/lib/account.ts:23,7,no,,,candidate,,
management-vite-ts-prop-1b809bd9,management-vite,4,ts-prop,fusos,,apps/management-vite/src/pages/my-account/regras.ts:86,7,no,,,candidate,,
management-vite-ts-prop-dedd4969,management-vite,4,ts-prop,geral,,apps/management-vite/src/lib/attendance.ts:31,72,no,,,candidate,,
management-vite-ts-prop-89c6c5d1,management-vite,4,ts-prop,goodData,,apps/management-vite/src/pages/flow/analytics/abas.ts:33,7,no,,,candidate,,
management-vite-ts-prop-53f17126,management-vite,4,ts-prop,goodData,,apps/management-vite/src/pages/flow/analytics/abas.ts:50,7,no,,,candidate,,
management-vite-ts-prop-37dc7a34,management-vite,4,ts-prop,grande,,apps/management-vite/src/pages/updates/page.tsx:161,51,no,,,candidate,,
management-vite-ts-prop-0dbaad3b,management-vite,4,ts-prop,grupo,,apps/management-vite/src/pages/builder/actions-of-block.ts:35,136,no,,,candidate,,
management-vite-ts-prop-1762732b,management-vite,4,ts-prop,grupo,,apps/management-vite/src/pages/contract/catalogo.ts:169,136,no,,,candidate,,
management-vite-ts-prop-cf4947c9,management-vite,4,ts-prop,grupo,,apps/management-vite/src/pages/contract/catalogo.ts:29,136,no,,,candidate,,
management-vite-ts-prop-661cb7c2,management-vite,4,ts-prop,horarioId,,apps/management-vite/src/lib/registrations-gravar.ts:68,81,no,,,candidate,,
management-vite-ts-prop-382cd021,management-vite,4,ts-prop,horarioNome,,apps/management-vite/src/lib/registrations.ts:43,5,no,,,candidate,,
management-vite-ts-prop-6f4622c5,management-vite,4,ts-prop,horarios,,apps/management-vite/src/lib/registrations.ts:111,28,no,,,candidate,,
management-vite-ts-prop-2d5513ae,management-vite,4,ts-prop,horarios,,apps/management-vite/src/pages/registrations/agents-queues-edit.tsx:78,28,no,,,candidate,,
management-vite-ts-prop-bcd36aed,management-vite,4,ts-prop,horarios,,apps/management-vite/src/pages/registrations/regras-horarios-formulario.tsx:117,28,no,,,candidate,,
management-vite-ts-prop-7538f3ae,management-vite,4,ts-prop,horarios,,apps/management-vite/src/pages/registrations/regras-horarios-formulario.tsx:180,28,no,,,candidate,,
management-vite-ts-prop-287703ee,management-vite,4,ts-prop,horarios,,apps/management-vite/src/pages/registrations/regras-horarios-formulario.tsx:57,28,no,,,candidate,,
management-vite-ts-prop-c1cb3d9b,management-vite,4,ts-prop,idioma,,apps/management-vite/src/lib/account.ts:18,139,no,,,candidate,,
management-vite-ts-prop-c240ab36,management-vite,4,ts-prop,idioma,,apps/management-vite/src/lib/channels-gravar.ts:158,139,no,,,candidate,,
management-vite-ts-prop-f6a10284,management-vite,4,ts-prop,idioma,,apps/management-vite/src/lib/communication.ts:73,139,no,,,candidate,,
management-vite-ts-prop-77fd118d,management-vite,4,ts-prop,idioma,,apps/management-vite/src/lib/settings.ts:107,139,no,,,candidate,,
management-vite-ts-prop-3887cc60,management-vite,4,ts-prop,idioma,,apps/management-vite/src/lib/settings.ts:153,139,no,,,candidate,,
management-vite-ts-prop-a04b173d,management-vite,4,ts-prop,idioma,,apps/management-vite/src/pages/flow/contents/regras.ts:86,139,no,,,candidate,,
management-vite-ts-prop-4d36d8c4,management-vite,4,ts-prop,idioma,,apps/management-vite/src/pages/my-account/regras.ts:82,139,no,,,candidate,,
management-vite-ts-prop-9e4fb398,management-vite,4,ts-prop,idiomas,,apps/management-vite/src/lib/account.ts:22,9,no,,,candidate,,
management-vite-ts-prop-ac82a023,management-vite,4,ts-prop,idiomas,,apps/management-vite/src/pages/my-account/regras.ts:85,9,no,,,candidate,,
management-vite-ts-prop-92fe9ba2,management-vite,4,ts-prop,ignorados,,apps/management-vite/src/lib/channels-gravar.ts:143,13,no,,,candidate,,
management-vite-ts-prop-0a2d89c1,management-vite,4,ts-prop,imagem,,apps/management-vite/src/lib/communication.ts:39,235,no,,,candidate,,
management-vite-ts-prop-9397f9ea,management-vite,4,ts-prop,intervalo,,apps/management-vite/src/pages/flow/analytics/active-messages/miolo.tsx:19,73,no,,,candidate,,
management-vite-ts-prop-4f1b8b03,management-vite,4,ts-prop,intervalo,,apps/management-vite/src/pages/flow/analytics/active-messages/miolo.tsx:206,73,no,,,candidate,,
management-vite-ts-prop-8d3969e7,management-vite,4,ts-prop,intervalo,,apps/management-vite/src/pages/flow/analytics/active-messages/page.tsx:35,73,no,,,candidate,,
management-vite-ts-prop-2726a325,management-vite,4,ts-prop,intervalo,,apps/management-vite/src/pages/flow/analytics/dashboard/resposta.ts:6,73,no,,,candidate,,
management-vite-ts-prop-0d89e8f4,management-vite,4,ts-prop,intervalo,,apps/management-vite/src/pages/flow/analytics/dashboard/tela.tsx:44,73,no,,,candidate,,
management-vite-ts-prop-1f00cc10,management-vite,4,ts-prop,invalido,,apps/management-vite/src/pages/builder/no.tsx:15,55,no,,,candidate,,
management-vite-ts-prop-6250a809,management-vite,4,ts-prop,invalido,,apps/management-vite/src/pages/flow/resources/regras.ts:24,55,no,,,candidate,,
management-vite-ts-prop-bb1da9b0,management-vite,4,ts-prop,invisivel,,apps/management-vite/src/lib/monitoring.ts:53,26,no,,,candidate,,
management-vite-ts-prop-32b92c1e,management-vite,4,ts-prop,justificativa,,apps/management-vite/src/lib/quality-review.ts:80,47,no,,,candidate,,
management-vite-ts-prop-e1b44b00,management-vite,4,ts-prop,ligada,,apps/management-vite/src/lib/agents-gravar.ts:17,60,no,,,candidate,,
management-vite-ts-prop-bd58931a,management-vite,4,ts-prop,ligado,,apps/management-vite/src/components/card-config.tsx:19,105,no,,,candidate,,
management-vite-ts-prop-5c00952d,management-vite,4,ts-prop,ligado,,apps/management-vite/src/pages/flow/integrations/interruptor.tsx:18,105,no,,,candidate,,
management-vite-ts-prop-2830a88a,management-vite,4,ts-prop,ligado,,apps/management-vite/src/pages/flow/settings/pecas.tsx:50,105,no,,,candidate,,
management-vite-ts-prop-2c660850,management-vite,4,ts-prop,limite,,apps/management-vite/src/lib/channels.ts:15,381,no,,,candidate,,
management-vite-ts-prop-b51a8564,management-vite,4,ts-prop,limite,,apps/management-vite/src/lib/monitoring.ts:72,381,no,,,candidate,,
management-vite-ts-prop-e809a0bb,management-vite,4,ts-prop,limite,,apps/management-vite/src/pages/flow/analytics/active-messages/filter.tsx:35,381,no,,,candidate,,
management-vite-ts-prop-5ae823f7,management-vite,4,ts-prop,limite,,apps/management-vite/src/pages/flow/analytics/active-messages/page.tsx:38,381,no,,,candidate,,
management-vite-ts-prop-2273a795,management-vite,4,ts-prop,limiteSimultaneo,,apps/management-vite/src/lib/registrations.ts:179,18,no,,,candidate,,
management-vite-ts-prop-b0f44327,management-vite,4,ts-prop,livres,,apps/management-vite/src/lib/channel-of-flow.ts:54,13,no,,,candidate,,
management-vite-ts-prop-262549d9,management-vite,4,ts-prop,localizacao,,apps/management-vite/src/pages/builder/test-panel.tsx:45,44,no,,,candidate,,
management-vite-ts-prop-ba75ea1a,management-vite,4,ts-prop,maximo,,apps/management-vite/src/pages/contract/certificates/tela.tsx:705,43,no,,,candidate,,
management-vite-ts-prop-4eaa2dea,management-vite,4,ts-prop,mensagem,,apps/management-vite/src/pages/builder/test-panel.tsx:22,992,no,,,candidate,,
management-vite-ts-prop-a7e77e6f,management-vite,4,ts-prop,MergeContact,,apps/management-vite/src/pages/builder/actions-of-block.ts:289,57,no,,,candidate,,
management-vite-ts-prop-cc64b908,management-vite,4,ts-prop,midia,,apps/management-vite/src/pages/builder/conteudo.ts:131,54,no,,,candidate,,
management-vite-ts-prop-1f6d3288,management-vite,4,ts-prop,midia,,apps/management-vite/src/pages/builder/panel-content.tsx:52,54,no,,,candidate,,
management-vite-ts-prop-4756a963,management-vite,4,ts-prop,midia,,apps/management-vite/src/pages/builder/test-panel.tsx:26,54,no,,,candidate,,
management-vite-ts-prop-5bc7d302,management-vite,4,ts-prop,modelos,,apps/management-vite/src/pages/flow/contents/conteudos.tsx:12,123,no,,,candidate,,
management-vite-ts-prop-fbf83a36,management-vite,4,ts-prop,modelos,,apps/management-vite/src/pages/flow/contents/tela.tsx:176,123,no,,,candidate,,
management-vite-ts-prop-8a63878f,management-vite,4,ts-prop,modelos,,apps/management-vite/src/pages/registrations/communication-templates.tsx:82,123,no,,,candidate,,
management-vite-ts-prop-74358b6a,management-vite,4,ts-prop,naFila,,apps/management-vite/src/lib/monitoring.ts:36,3,no,,,candidate,,
management-vite-ts-prop-4d9f4420,management-vite,4,ts-prop,nao_conforme,,apps/management-vite/src/lib/quality-review.ts:19,21,no,,,candidate,,
management-vite-ts-prop-d29a76d4,management-vite,4,ts-prop,nao_se_aplica,,apps/management-vite/src/lib/quality-review.ts:20,25,no,,,candidate,,
management-vite-ts-prop-ecb38bd8,management-vite,4,ts-prop,naoEncontrou,,apps/management-vite/src/pages/flow/channels/conexao.tsx:27,4,no,,,candidate,,
management-vite-ts-prop-7de5bcaa,management-vite,4,ts-prop,nenhum,,apps/management-vite/src/lib/communication.ts:37,415,no,,,candidate,,
management-vite-ts-prop-f6d0c7f3,management-vite,4,ts-prop,nomeArquivo,,apps/management-vite/src/pages/builder/test-panel.tsx:26,6,no,,,candidate,,
management-vite-ts-prop-c33d1b20,management-vite,4,ts-prop,nomes,,apps/management-vite/src/pages/flow/analytics/dashboard/resposta.ts:9,253,no,,,candidate,,
management-vite-ts-prop-a8e1d7f2,management-vite,4,ts-prop,nomes,,apps/management-vite/src/pages/flow/analytics/dashboard/tela.tsx:51,253,no,,,candidate,,
management-vite-ts-prop-5e771463,management-vite,4,ts-prop,nos,,apps/management-vite/src/pages/flow/analytics/journey/sankey.ts:41,295,no,,,candidate,,
management-vite-ts-prop-ffb06124,management-vite,4,ts-prop,notaAntesDoFatal,,apps/management-vite/src/lib/quality-review.ts:98,10,no,,,candidate,,
management-vite-ts-prop-3bd61a6d,management-vite,4,ts-prop,nps,,apps/management-vite/src/lib/pesquisa.ts:17,36,no,,,candidate,,
management-vite-ts-prop-1145b8ec,management-vite,4,ts-prop,nps,,apps/management-vite/src/lib/pesquisa.ts:22,36,no,,,candidate,,
management-vite-ts-prop-076e5e30,management-vite,4,ts-prop,onAbrirFuncoes,,apps/management-vite/src/pages/builder/editor.tsx:63,26,no,,,candidate,,
management-vite-ts-prop-e02ef275,management-vite,4,ts-prop,onAbrirFuncoes,,apps/management-vite/src/pages/builder/panel-actions.tsx:131,26,no,,,candidate,,
management-vite-ts-prop-111a170e,management-vite,4,ts-prop,onAbrirFuncoes,,apps/management-vite/src/pages/builder/panel-actions.tsx:65,26,no,,,candidate,,
management-vite-ts-prop-41b25b42,management-vite,4,ts-prop,onAbrirFuncoes,,apps/management-vite/src/pages/builder/panel.tsx:61,26,no,,,candidate,,
management-vite-ts-prop-e67ee2d9,management-vite,4,ts-prop,onAviso,,apps/management-vite/src/pages/builder/canvas.tsx:43,86,no,,,candidate,,
management-vite-ts-prop-4cf3bc99,management-vite,4,ts-prop,onAviso,,apps/management-vite/src/pages/builder/editor.tsx:64,86,no,,,candidate,,
management-vite-ts-prop-2559f166,management-vite,4,ts-prop,onAviso,,apps/management-vite/src/pages/builder/panel-actions.tsx:179,86,no,,,candidate,,
management-vite-ts-prop-904fdfb6,management-vite,4,ts-prop,onAviso,,apps/management-vite/src/pages/builder/panel-actions.tsx:63,86,no,,,candidate,,
management-vite-ts-prop-ff3e387b,management-vite,4,ts-prop,onAviso,,apps/management-vite/src/pages/builder/panel-configuration.tsx:185,86,no,,,candidate,,
management-vite-ts-prop-0619f22a,management-vite,4,ts-prop,onAviso,,apps/management-vite/src/pages/builder/panel-configuration.tsx:76,86,no,,,candidate,,
management-vite-ts-prop-4a34c555,management-vite,4,ts-prop,onAviso,,apps/management-vite/src/pages/builder/panel-content.tsx:89,86,no,,,candidate,,
management-vite-ts-prop-b83185fa,management-vite,4,ts-prop,onAviso,,apps/management-vite/src/pages/builder/panel-outputs.tsx:63,86,no,,,candidate,,
management-vite-ts-prop-a0e80e2a,management-vite,4,ts-prop,onAviso,,apps/management-vite/src/pages/builder/panel-queues.tsx:253,86,no,,,candidate,,
management-vite-ts-prop-1ee6675b,management-vite,4,ts-prop,onAviso,,apps/management-vite/src/pages/builder/panel-queues.tsx:28,86,no,,,candidate,,
management-vite-ts-prop-c647e8c3,management-vite,4,ts-prop,onAviso,,apps/management-vite/src/pages/builder/panel.tsx:60,86,no,,,candidate,,
management-vite-ts-prop-dcec6462,management-vite,4,ts-prop,onAviso,,apps/management-vite/src/pages/builder/queue-rules.tsx:62,86,no,,,candidate,,
management-vite-ts-prop-db2c296c,management-vite,4,ts-prop,onboardingConcluidoEm,,apps/management-vite/src/lib/account.ts:20,5,no,,,candidate,,
management-vite-ts-prop-ad3e415a,management-vite,4,ts-prop,onCarregarMais,,apps/management-vite/src/pages/builder/panel-queues.tsx:153,4,no,,,candidate,,
management-vite-ts-prop-cc417abd,management-vite,4,ts-prop,onConfirmar,,apps/management-vite/src/pages/builder/queue-rules.tsx:390,24,no,,,candidate,,
management-vite-ts-prop-d06e78fb,management-vite,4,ts-prop,onCriarNova,,apps/management-vite/src/pages/builder/panel-queues.tsx:152,4,no,,,candidate,,
management-vite-ts-prop-51430559,management-vite,4,ts-prop,onDestacarBloco,,apps/management-vite/src/pages/builder/test-panel.tsx:143,4,no,,,candidate,,
management-vite-ts-prop-4ad5e945,management-vite,4,ts-prop,onLimparBusca,,apps/management-vite/src/pages/builder/panel-queues.tsx:151,4,no,,,candidate,,
management-vite-ts-prop-5826846e,management-vite,4,ts-prop,onMudarChave,,apps/management-vite/src/pages/builder/panel-configuration-variables.tsx:329,4,no,,,candidate,,
management-vite-ts-prop-ca578d8b,management-vite,4,ts-prop,onMudarValor,,apps/management-vite/src/pages/builder/panel-configuration-variables.tsx:283,8,no,,,candidate,,
management-vite-ts-prop-404dcec3,management-vite,4,ts-prop,onMudarValor,,apps/management-vite/src/pages/builder/panel-configuration-variables.tsx:330,8,no,,,candidate,,
management-vite-ts-prop-bde96c4c,management-vite,4,ts-prop,onPadrao,,apps/management-vite/src/pages/builder/menu-new-block.tsx:13,4,no,,,candidate,,
management-vite-ts-prop-61012bf9,management-vite,4,ts-prop,onPesquisa,,apps/management-vite/src/pages/builder/menu-new-block.tsx:15,5,no,,,candidate,,
management-vite-ts-prop-31e479c0,management-vite,4,ts-prop,onPointerDownNaSaida,,apps/management-vite/src/pages/builder/no.tsx:22,4,no,,,candidate,,
management-vite-ts-prop-283344ed,management-vite,4,ts-prop,onRemoverCondicao,,apps/management-vite/src/pages/builder/condition.tsx:36,7,no,,,candidate,,
management-vite-ts-prop-daa5a1a1,management-vite,4,ts-prop,onSoltar,,apps/management-vite/src/pages/builder/canvas.tsx:36,11,no,,,candidate,,
management-vite-ts-prop-eb37996a,management-vite,4,ts-prop,onSoltar,,apps/management-vite/src/pages/builder/panel-actions.tsx:379,11,no,,,candidate,,
management-vite-ts-prop-52c3ad65,management-vite,4,ts-prop,onTerminarArrasto,,apps/management-vite/src/pages/builder/panel-actions.tsx:380,4,no,,,candidate,,
management-vite-ts-prop-91bcfefd,management-vite,4,ts-prop,onTermoDigitadoChange,,apps/management-vite/src/pages/builder/panel-queues.tsx:149,4,no,,,candidate,,
management-vite-ts-prop-27acdbf2,management-vite,4,ts-prop,opcoes,,apps/management-vite/src/pages/builder/test-panel.tsx:26,41,no,,,candidate,,
management-vite-ts-prop-91706179,management-vite,4,ts-prop,operador,,apps/management-vite/src/lib/registrations-gravar.ts:155,93,no,,,candidate,,
management-vite-ts-prop-ab52808a,management-vite,4,ts-prop,operador,,apps/management-vite/src/lib/registrations.ts:160,93,no,,,candidate,,
management-vite-ts-prop-93a85868,management-vite,4,ts-prop,operador,,apps/management-vite/src/pages/builder/queues-panel.ts:218,93,no,,,candidate,,
management-vite-ts-prop-a212031b,management-vite,4,ts-prop,optinWhatsapp,,apps/management-vite/src/lib/account.ts:16,8,no,,,candidate,,
management-vite-ts-prop-ad9b6394,management-vite,4,ts-prop,outrasPesquisas,,apps/management-vite/src/lib/settings.ts:133,6,no,,,candidate,,
management-vite-ts-prop-06772d67,management-vite,4,ts-prop,padrao,,apps/management-vite/src/pages/flow/settings/keys/tela.tsx:102,105,no,,,candidate,,
management-vite-ts-prop-d9349d0e,management-vite,4,ts-prop,padrao,,apps/management-vite/src/pages/flow/settings/regras.ts:25,105,no,,,candidate,,
management-vite-ts-prop-01e514bc,management-vite,4,ts-prop,padrao,,apps/management-vite/src/pages/flow/settings/regras.ts:30,105,no,,,candidate,,
management-vite-ts-prop-df4ceec0,management-vite,4,ts-prop,paginaId,,apps/management-vite/src/lib/channels.ts:72,14,no,,,candidate,,
management-vite-ts-prop-3a2c37ad,management-vite,4,ts-prop,paginas,,apps/management-vite/src/pages/builder/panel-queues.tsx:148,1464,no,,,candidate,,
management-vite-ts-prop-0690bf9a,management-vite,4,ts-prop,para,,apps/management-vite/src/pages/builder/model.ts:88,3618,no,,,candidate,,
management-vite-ts-prop-c1085497,management-vite,4,ts-prop,para,,apps/management-vite/src/pages/builder/setas.ts:51,3618,no,,,candidate,,
management-vite-ts-prop-4449adbc,management-vite,4,ts-prop,para,,apps/management-vite/src/pages/flow/log/log.tsx:41,3618,no,,,candidate,,
management-vite-ts-prop-dc2e373c,management-vite,4,ts-prop,para,,apps/management-vite/src/pages/flow/log/tela.tsx:63,3618,no,,,candidate,,
management-vite-ts-prop-97cc4239,management-vite,4,ts-prop,parcial,,apps/management-vite/src/lib/agents-gravar.ts:19,92,no,,,candidate,,
management-vite-ts-prop-17696461,management-vite,4,ts-prop,passado,,apps/management-vite/src/pages/builder/state.ts:27,28,no,,,candidate,,
management-vite-ts-prop-429e7d9e,management-vite,4,ts-prop,pausa,,apps/management-vite/src/lib/monitoring.ts:52,139,no,,,candidate,,
management-vite-ts-prop-cdc0c6f6,management-vite,4,ts-prop,pausasEstouradas,,apps/management-vite/src/lib/monitoring.ts:55,3,no,,,candidate,,
management-vite-ts-prop-b0dbcef5,management-vite,4,ts-prop,perfil,,apps/management-vite/src/pages/flow/channels/whatsapp/perfil.tsx:240,76,no,,,candidate,,
management-vite-ts-prop-dc68faab,management-vite,4,ts-prop,perfil,,apps/management-vite/src/pages/flow/channels/whatsapp/perfil.tsx:33,76,no,,,candidate,,
management-vite-ts-prop-a9957f26,management-vite,4,ts-prop,perfil,,apps/management-vite/src/pages/flow/channels/whatsapp/perfil.tsx:84,76,no,,,candidate,,
management-vite-ts-prop-af137856,management-vite,4,ts-prop,periodo,,apps/management-vite/src/pages/flow/analytics/active-messages/filter.tsx:8,58,no,,,candidate,,
management-vite-ts-prop-c4383ce2,management-vite,4,ts-prop,periodo,,apps/management-vite/src/pages/flow/analytics/active-messages/page.tsx:34,58,no,,,candidate,,
management-vite-ts-prop-ab9b55aa,management-vite,4,ts-prop,periodo,,apps/management-vite/src/pages/flow/analytics/active-messages/page.tsx:44,58,no,,,candidate,,
management-vite-ts-prop-38752c85,management-vite,4,ts-prop,periodo,,apps/management-vite/src/pages/flow/analytics/dashboard/dashboard.tsx:22,58,no,,,candidate,,
management-vite-ts-prop-d04448a0,management-vite,4,ts-prop,persistente,,apps/management-vite/src/pages/flow/services/regras.ts:16,53,no,,,candidate,,
management-vite-ts-prop-6d301da6,management-vite,4,ts-prop,pesquisa,,apps/management-vite/src/lib/settings.ts:131,514,no,,,candidate,,
management-vite-ts-prop-6f36a721,management-vite,4,ts-prop,pesquisa,,apps/management-vite/src/pages/builder/canvas.tsx:44,514,no,,,candidate,,
management-vite-ts-prop-103b452a,management-vite,4,ts-prop,pesquisa,,apps/management-vite/src/pages/builder/editor.tsx:62,514,no,,,candidate,,
management-vite-ts-prop-2300212e,management-vite,4,ts-prop,plano,,apps/management-vite/src/lib/shell.ts:23,654,no,,,candidate,,
management-vite-ts-prop-68aaafff,management-vite,4,ts-prop,plano,,apps/management-vite/src/pages/flow/cards.tsx:208,654,no,,,candidate,,
management-vite-ts-prop-1a7a7301,management-vite,4,ts-prop,podeEditar,,apps/management-vite/src/pages/contract/page.tsx:126,9,no,,,candidate,,
management-vite-ts-prop-519f0ee7,management-vite,4,ts-prop,podeEditar,,apps/management-vite/src/pages/flow/services/tela.tsx:44,9,no,,,candidate,,
management-vite-ts-prop-e8c62655,management-vite,4,ts-prop,podeEscrever,,apps/management-vite/src/pages/contract/certificates/tela.tsx:91,23,no,,,candidate,,
management-vite-ts-prop-d4e8b815,management-vite,4,ts-prop,podeEscrever,,apps/management-vite/src/pages/contract/members/tabela.tsx:595,23,no,,,candidate,,
management-vite-ts-prop-59951eb9,management-vite,4,ts-prop,podeEscrever,,apps/management-vite/src/pages/contract/members/tabela.tsx:84,23,no,,,candidate,,
management-vite-ts-prop-92911a57,management-vite,4,ts-prop,podeExcluir,,apps/management-vite/src/pages/flow/settings/basic/tela.tsx:111,21,no,,,candidate,,
management-vite-ts-prop-8298680d,management-vite,4,ts-prop,podeGerir,,apps/management-vite/src/pages/flow/team/tela.tsx:358,13,no,,,candidate,,
management-vite-ts-prop-f12f4e74,management-vite,4,ts-prop,pontos,,apps/management-vite/src/lib/quality-review.ts:79,135,no,,,candidate,,
management-vite-ts-prop-215eabbe,management-vite,4,ts-prop,primeira_resposta,,apps/management-vite/src/lib/pesquisa.ts:35,46,no,,,candidate,,
management-vite-ts-prop-e82838fe,management-vite,4,ts-prop,pronto,,apps/management-vite/src/pages/contract/catalogo.ts:40,51,no,,,candidate,,
management-vite-ts-prop-e88e1fcd,management-vite,4,ts-prop,publicadaEm,,apps/management-vite/src/pages/builder/versions-list.ts:9,20,no,,,candidate,,
management-vite-ts-prop-65c2ecdf,management-vite,4,ts-prop,quickReply,,apps/management-vite/src/lib/channels.ts:49,31,no,,,candidate,,
management-vite-ts-prop-1a400355,management-vite,4,ts-prop,quickReply,,apps/management-vite/src/lib/channels.ts:55,31,no,,,candidate,,
management-vite-ts-prop-ba1f8096,management-vite,4,ts-prop,recados,,apps/management-vite/src/pages/create/gravar.ts:19,21,no,,,candidate,,
management-vite-ts-prop-4474ea22,management-vite,4,ts-prop,recarregarQuando,,apps/management-vite/src/pages/builder/use-editor.ts:37,4,no,,,candidate,,
management-vite-ts-prop-c56a1d48,management-vite,4,ts-prop,recusadas,,apps/management-vite/src/pages/flow/growth/active-messages/disparo.ts:27,10,no,,,candidate,,
management-vite-ts-prop-dffbd6f3,management-vite,4,ts-prop,regra,,apps/management-vite/src/pages/registrations/regras-sla.tsx:31,562,no,,,candidate,,
management-vite-ts-prop-f0ddd3dc,management-vite,4,ts-prop,regra,,apps/management-vite/src/pages/registrations/rules-attendance.tsx:50,562,no,,,candidate,,
management-vite-ts-prop-4557ab37,management-vite,4,ts-prop,regraExistente,,apps/management-vite/src/pages/registrations/regras-sla-formulario.tsx:47,24,no,,,candidate,,
management-vite-ts-prop-044c6f8d,management-vite,4,ts-prop,regraExistente,,apps/management-vite/src/pages/registrations/rules-attendance-formulario.tsx:131,24,no,,,candidate,,
management-vite-ts-prop-611eb278,management-vite,4,ts-prop,regras,,apps/management-vite/src/pages/builder/queue-rules.tsx:41,387,no,,,candidate,,
management-vite-ts-prop-4aabaff0,management-vite,4,ts-prop,regras,,apps/management-vite/src/pages/registrations/agents-queues-edit.tsx:308,387,no,,,candidate,,
management-vite-ts-prop-418899f8,management-vite,4,ts-prop,regras,,apps/management-vite/src/pages/registrations/regras-sla.tsx:63,387,no,,,candidate,,
management-vite-ts-prop-fe0797cc,management-vite,4,ts-prop,regras,,apps/management-vite/src/pages/registrations/rules-attendance.tsx:13,387,no,,,candidate,,
management-vite-ts-prop-4ed16391,management-vite,4,ts-prop,regras,,apps/management-vite/src/pages/registrations/settings-rules.tsx:15,387,no,,,candidate,,
management-vite-ts-prop-a89415df,management-vite,4,ts-prop,rejeitados,,apps/management-vite/src/lib/passos-of-deployment.ts:34,26,no,,,candidate,,
management-vite-ts-prop-a2c63c8d,management-vite,4,ts-prop,rejeitados,,apps/management-vite/src/pages/deployment/actions.ts:135,26,no,,,candidate,,
management-vite-ts-prop-168d3139,management-vite,4,ts-prop,relatorio,,apps/management-vite/src/pages/operation/reports-effort.tsx:12,16,no,,,candidate,,
management-vite-ts-prop-cdc7e8df,management-vite,4,ts-prop,relatorio,,apps/management-vite/src/pages/operation/reports-satisfaction.tsx:20,16,no,,,candidate,,
management-vite-ts-prop-66d235dc,management-vite,4,ts-prop,removidos,,apps/management-vite/src/lib/channels-gravar.ts:142,24,no,,,candidate,,
management-vite-ts-prop-5da6e4dc,management-vite,4,ts-prop,removidos,,apps/management-vite/src/lib/channels-gravar.ts:183,24,no,,,candidate,,
management-vite-ts-prop-f6751034,management-vite,4,ts-prop,removidos,,apps/management-vite/src/lib/channels-gravar.ts:185,24,no,,,candidate,,
management-vite-ts-prop-e9137e11,management-vite,4,ts-prop,resultado,,apps/management-vite/src/pages/contract/members/tabela.tsx:340,426,no,,,candidate,,
management-vite-ts-prop-e055e214,management-vite,4,ts-prop,resultado,,apps/management-vite/src/pages/deployment/formularios.tsx:13,426,no,,,candidate,,
management-vite-ts-prop-de64f9a8,management-vite,4,ts-prop,resumo,,apps/management-vite/src/lib/passos-of-deployment.ts:55,147,no,,,candidate,,
management-vite-ts-prop-33131d85,management-vite,4,ts-prop,resumo,,apps/management-vite/src/pages/contract/page.tsx:125,147,no,,,candidate,,
management-vite-ts-prop-d5dd8ca1,management-vite,4,ts-prop,resumo,,apps/management-vite/src/pages/flow/integrations/integrations.tsx:30,147,no,,,candidate,,
management-vite-ts-prop-34cf72d6,management-vite,4,ts-prop,resumo,,apps/management-vite/src/pages/flow/itens.ts:172,147,no,,,candidate,,
management-vite-ts-prop-dcabb5e8,management-vite,4,ts-prop,resumo,,apps/management-vite/src/pages/updates/conteudo.ts:12,147,no,,,candidate,,
management-vite-ts-prop-4a6b7e37,management-vite,4,ts-prop,revisada,,apps/management-vite/src/lib/quality-review.ts:7,7,no,,,candidate,,
management-vite-ts-prop-20bd3b9d,management-vite,4,ts-prop,rotuloCampo,,apps/management-vite/src/pages/builder/configuration-sections.ts:35,4,no,,,candidate,,
management-vite-ts-prop-b3f4fbd2,management-vite,4,ts-prop,sai,,apps/management-vite/src/pages/flow/analytics/journey/sankey.ts:56,172,no,,,candidate,,
management-vite-ts-prop-bdecca68,management-vite,4,ts-prop,saida,,apps/management-vite/src/pages/login.tsx:24,345,no,,,candidate,,
management-vite-ts-prop-b97debb1,management-vite,4,ts-prop,saida,,apps/management-vite/src/pages/login.tsx:63,345,no,,,candidate,,
management-vite-ts-prop-932259d6,management-vite,4,ts-prop,salvarAgora,,apps/management-vite/src/pages/builder/use-editor.ts:35,4,no,,,candidate,,
management-vite-ts-prop-89e73066,management-vite,4,ts-prop,scale,KEEP,apps/management-vite/tests/builder-editor.test.ts:315,0,unknown,,,candidate,,jsonb:dictionaryField.settings
management-vite-ts-prop-32506e60,management-vite,4,ts-prop,secao,,apps/management-vite/src/pages/builder/panel-configuration-variables.tsx:131,12,no,,,candidate,,
management-vite-ts-prop-7868c4a6,management-vite,4,ts-prop,secao,,apps/management-vite/src/pages/builder/panel-configuration-variables.tsx:73,12,no,,,candidate,,
management-vite-ts-prop-9dd61839,management-vite,4,ts-prop,selo,,apps/management-vite/src/components/lista-regras.tsx:44,5,no,,,candidate,,
management-vite-ts-prop-07fefb6b,management-vite,4,ts-prop,semDica,,apps/management-vite/src/pages/flow/analytics/dashboard/tela.tsx:207,6,no,,,candidate,,
management-vite-ts-prop-0f1f0898,management-vite,4,ts-prop,semEtiqueta,,apps/management-vite/src/lib/attendance.ts:47,5,no,,,candidate,,
management-vite-ts-prop-a8d70a1a,management-vite,4,ts-prop,semMargem,,apps/management-vite/src/pages/flow/analytics/dashboard/tela.tsx:238,4,no,,,candidate,,
management-vite-ts-prop-4c3f1ac6,management-vite,4,ts-prop,semMotivo,,apps/management-vite/src/lib/registrations.ts:72,8,no,,,candidate,,
management-vite-ts-prop-47a1fbdb,management-vite,4,ts-prop,sempre,,apps/management-vite/src/pages/flow/channels/channels.tsx:23,203,no,,,candidate,,
management-vite-ts-prop-013781d8,management-vite,4,ts-prop,senha,,apps/management-vite/src/pages/contract/certificates/actions.ts:19,129,no,,,candidate,,
management-vite-ts-prop-1424230b,management-vite,4,ts-prop,senha,,apps/management-vite/src/pages/contract/certificates/tela.tsx:73,129,no,,,candidate,,
management-vite-ts-prop-9649e035,management-vite,4,ts-prop,senha,,apps/management-vite/src/pages/flow/integrations/webhook/gravar.ts:24,129,no,,,candidate,,
management-vite-ts-prop-66b4b751,management-vite,4,ts-prop,senha,,apps/management-vite/src/pages/flow/settings/pecas.tsx:135,129,no,,,candidate,,
management-vite-ts-prop-d846d0e6,management-vite,4,ts-prop,seteDiasSeg,,apps/management-vite/src/lib/registrations.ts:107,3,no,,,candidate,,
management-vite-ts-prop-c8dc0977,management-vite,4,ts-prop,sombra,,apps/management-vite/src/pages/flow/analytics/dashboard/tela.tsx:564,92,no,,,candidate,,
management-vite-ts-prop-2f54ad8a,management-vite,4,ts-prop,statusTexto,,apps/management-vite/src/components/lista-history.tsx:17,3,no,,,candidate,,
management-vite-ts-prop-e4bfb200,management-vite,4,ts-prop,subtitulo,,apps/management-vite/src/pages/registrations/channels.tsx:15,9,no,,,candidate,,
management-vite-ts-prop-95ed40b6,management-vite,4,ts-prop,sujo,,apps/management-vite/src/pages/builder/state.ts:31,20,no,,,candidate,,
management-vite-ts-prop-e041b8b4,management-vite,4,ts-prop,suportado,,apps/management-vite/src/pages/builder/conteudo.ts:136,100,no,,,candidate,,
management-vite-ts-prop-c37da917,management-vite,4,ts-prop,taxa,,apps/management-vite/src/lib/satisfaction.ts:34,83,no,,,candidate,,
management-vite-ts-prop-797195e5,management-vite,4,ts-prop,temFalhas,,apps/management-vite/src/lib/passos-of-deployment.ts:35,9,no,,,candidate,,
management-vite-ts-prop-15f1914f,management-vite,4,ts-prop,temHorario,,apps/management-vite/src/lib/settings.ts:31,3,no,,,candidate,,
management-vite-ts-prop-6d1da976,management-vite,4,ts-prop,temMais,,apps/management-vite/src/pages/builder/queues-panel.ts:46,12,no,,,candidate,,
management-vite-ts-prop-95771b2b,management-vite,4,ts-prop,temMais,,apps/management-vite/src/pages/flow/log/tela.tsx:96,12,no,,,candidate,,
management-vite-ts-prop-1f874842,management-vite,4,ts-prop,tempoMedioAtendimentoSeg,,apps/management-vite/src/lib/monitoring.ts:89,8,no,,,candidate,,
management-vite-ts-prop-0719e023,management-vite,4,ts-prop,tempoMedioAtendimentoSeg,,apps/management-vite/src/lib/monitoring.ts:98,8,no,,,candidate,,
management-vite-ts-prop-be918976,management-vite,4,ts-prop,tempoMedioRespostaSeg,,apps/management-vite/src/lib/monitoring.ts:88,3,no,,,candidate,,
management-vite-ts-prop-b89b7fd1,management-vite,4,ts-prop,termoAplicado,,apps/management-vite/src/pages/builder/panel-queues.tsx:147,16,no,,,candidate,,
management-vite-ts-prop-cf23c9f4,management-vite,4,ts-prop,termo,,apps/management-vite/src/pages/builder/search.ts:15,160,no,,,candidate,,
management-vite-ts-prop-f3ebe03d,management-vite,4,ts-prop,termoDigitado,,apps/management-vite/src/pages/builder/panel-queues.tsx:146,9,no,,,candidate,,
management-vite-ts-prop-ab2f718c,management-vite,4,ts-prop,texto,,apps/management-vite/src/components/metrica.tsx:48,1706,no,,,candidate,,
management-vite-ts-prop-85eda054,management-vite,4,ts-prop,texto,,apps/management-vite/src/components/monitoring-detailed.tsx:518,1706,no,,,candidate,,
management-vite-ts-prop-fd1bebed,management-vite,4,ts-prop,texto,,apps/management-vite/src/components/registration-embedded-whatsapp.tsx:267,1706,no,,,candidate,,
management-vite-ts-prop-74452da1,management-vite,4,ts-prop,texto,,apps/management-vite/src/lib/certificados.ts:34,1706,no,,,candidate,,
management-vite-ts-prop-43fb6d40,management-vite,4,ts-prop,texto,,apps/management-vite/src/lib/communication.ts:38,1706,no,,,candidate,,
management-vite-ts-prop-e28ad266,management-vite,4,ts-prop,texto,,apps/management-vite/src/lib/satisfaction.ts:45,1706,no,,,candidate,,
management-vite-ts-prop-dad24160,management-vite,4,ts-prop,texto,,apps/management-vite/src/pages/builder.tsx:136,1706,no,,,candidate,,
management-vite-ts-prop-3070e1dd,management-vite,4,ts-prop,texto,,apps/management-vite/src/pages/builder.tsx:268,1706,no,,,candidate,,
management-vite-ts-prop-686a6ccf,management-vite,4,ts-prop,texto,,apps/management-vite/src/pages/builder/cabecalho-info.tsx:42,1706,no,,,candidate,,
management-vite-ts-prop-bee7b7d5,management-vite,4,ts-prop,texto,,apps/management-vite/src/pages/builder/conteudo.ts:118,1706,no,,,candidate,,
management-vite-ts-prop-4e8f5dfe,management-vite,4,ts-prop,texto,,apps/management-vite/src/pages/builder/conteudo.ts:119,1706,no,,,candidate,,
management-vite-ts-prop-a05c85b0,management-vite,4,ts-prop,texto,,apps/management-vite/src/pages/builder/conteudo.ts:122,1706,no,,,candidate,,
management-vite-ts-prop-7a2bef56,management-vite,4,ts-prop,texto,,apps/management-vite/src/pages/builder/conteudo.ts:124,1706,no,,,candidate,,
management-vite-ts-prop-10beb6e0,management-vite,4,ts-prop,texto,,apps/management-vite/src/pages/builder/conteudo.ts:140,1706,no,,,candidate,,
management-vite-ts-prop-d1e5149a,management-vite,4,ts-prop,texto,,apps/management-vite/src/pages/builder/panel-queues.tsx:21,1706,no,,,candidate,,
management-vite-ts-prop-0e438bfd,management-vite,4,ts-prop,texto,,apps/management-vite/src/pages/builder/test-panel.tsx:26,1706,no,,,candidate,,
management-vite-ts-prop-c8d5b4ba,management-vite,4,ts-prop,texto,,apps/management-vite/src/pages/contract/certificates/tela.tsx:431,1706,no,,,candidate,,
management-vite-ts-prop-d7abacb1,management-vite,4,ts-prop,texto,,apps/management-vite/src/pages/contract/members/tabela.tsx:578,1706,no,,,candidate,,
management-vite-ts-prop-a632f9bb,management-vite,4,ts-prop,texto,,apps/management-vite/src/pages/flow/analytics/active-messages/miolo.tsx:66,1706,no,,,candidate,,
management-vite-ts-prop-38022f87,management-vite,4,ts-prop,texto,,apps/management-vite/src/pages/flow/analytics/dashboard/tela.tsx:1109,1706,no,,,candidate,,
management-vite-ts-prop-5dc01264,management-vite,4,ts-prop,texto,,apps/management-vite/src/pages/flow/analytics/dashboard/tela.tsx:180,1706,no,,,candidate,,
management-vite-ts-prop-4ae30292,management-vite,4,ts-prop,texto,,apps/management-vite/src/pages/flow/analytics/dashboard/tela.tsx:289,1706,no,,,candidate,,
management-vite-ts-prop-da236307,management-vite,4,ts-prop,texto,,apps/management-vite/src/pages/flow/analytics/dashboard/tela.tsx:669,1706,no,,,candidate,,
management-vite-ts-prop-8cba27ec,management-vite,4,ts-prop,texto,,apps/management-vite/src/pages/flow/analytics/dashboard/tela.tsx:701,1706,no,,,candidate,,
management-vite-ts-prop-c3389426,management-vite,4,ts-prop,texto,,apps/management-vite/src/pages/flow/analytics/data-dictionary/pages.tsx:1879,1706,no,,,candidate,,
management-vite-ts-prop-919773ce,management-vite,4,ts-prop,texto,,apps/management-vite/src/pages/flow/analytics/data-dictionary/pages.tsx:228,1706,no,,,candidate,,
management-vite-ts-prop-7c272b31,management-vite,4,ts-prop,texto,,apps/management-vite/src/pages/flow/contents/regras.ts:87,1706,no,,,candidate,,
management-vite-ts-prop-bea1f8a9,management-vite,4,ts-prop,texto,,apps/management-vite/src/pages/flow/settings/persistent-menu/tela.tsx:10,1706,no,,,candidate,,
management-vite-ts-prop-d2f2bedd,management-vite,4,ts-prop,texto,,apps/management-vite/src/pages/operation/history.tsx:51,1706,no,,,candidate,,
management-vite-ts-prop-dfaad706,management-vite,4,ts-prop,texto,,apps/management-vite/src/pages/operation/reports-satisfaction.tsx:54,1706,no,,,candidate,,
management-vite-ts-prop-e2eda53d,management-vite,4,ts-prop,texto,,apps/management-vite/src/pages/portal.tsx:331,1706,no,,,candidate,,
management-vite-ts-prop-b9ea13ee,management-vite,4,ts-prop,texto,,apps/management-vite/src/pages/registrations/communication-templates.tsx:38,1706,no,,,candidate,,
management-vite-ts-prop-593402ca,management-vite,4,ts-prop,textoBotao,,apps/management-vite/src/pages/flow/settings/welcome/gravar.ts:14,24,no,,,candidate,,
management-vite-ts-prop-006e98bf,management-vite,4,ts-prop,tituloProprio,,apps/management-vite/src/pages/flow/analytics/pecas.tsx:21,5,no,,,candidate,,
management-vite-ts-prop-2bb2a4f7,management-vite,4,ts-prop,todos,,apps/management-vite/src/components/lista-history.tsx:102,346,no,,,candidate,,
management-vite-ts-prop-13a359e4,management-vite,4,ts-prop,type,KEEP,apps/management-vite/src/pages/builder/model.ts:309,0,unknown,,,candidate,,jsonb:dictionaryField.settings
management-vite-ts-prop-ac73d9c4,management-vite,4,ts-prop,type,KEEP,apps/management-vite/tests/builder-editor.test.ts:299,0,unknown,,,candidate,,jsonb:dictionaryField.settings
management-vite-ts-prop-7fc1419b,management-vite,4,ts-prop,uri,,apps/management-vite/src/pages/builder/conteudo.ts:124,367,no,,,candidate,,
management-vite-ts-prop-a696e2c8,management-vite,4,ts-prop,uri,,apps/management-vite/src/pages/builder/conteudo.ts:125,367,no,,,candidate,,
management-vite-ts-prop-fab40606,management-vite,4,ts-prop,uri,,apps/management-vite/src/pages/builder/conteudo.ts:132,367,no,,,candidate,,
management-vite-ts-prop-6bf639b4,management-vite,4,ts-prop,uri,,apps/management-vite/src/pages/builder/conteudo.ts:193,367,no,,,candidate,,
management-vite-ts-prop-ddf4b526,management-vite,4,ts-prop,uri,,apps/management-vite/src/pages/builder/conteudo.ts:196,367,no,,,candidate,,
management-vite-ts-prop-29d44131,management-vite,4,ts-prop,uri,,apps/management-vite/src/pages/builder/conteudo.ts:203,367,no,,,candidate,,
management-vite-ts-prop-2d46f84f,management-vite,4,ts-prop,uri,,apps/management-vite/src/pages/builder/panel-content.tsx:512,367,no,,,candidate,,
management-vite-ts-prop-54960dd9,management-vite,4,ts-prop,uri,,apps/management-vite/src/pages/builder/test-panel.tsx:26,367,no,,,candidate,,
management-vite-ts-prop-48558255,management-vite,4,ts-prop,urlCurta,,apps/management-vite/src/pages/flow/growth/tracked-links/data.ts:15,5,no,,,candidate,,
management-vite-ts-prop-d1dedcac,management-vite,4,ts-prop,username,,apps/management-vite/src/lib/channels.ts:65,21,no,,,candidate,,
management-vite-ts-prop-54be16c2,management-vite,4,ts-prop,usos,,apps/management-vite/src/lib/settings.ts:125,24,no,,,candidate,,
management-vite-ts-prop-31941fed,management-vite,4,ts-prop,usos,,apps/management-vite/src/lib/settings.ts:61,24,no,,,candidate,,
management-vite-ts-prop-8e3bdc49,management-vite,4,ts-prop,utilidade,,apps/management-vite/src/lib/communication.ts:21,51,no,,,candidate,,
management-vite-ts-prop-b934faa2,management-vite,4,ts-prop,valor,,apps/management-vite/src/pages/builder/destination-picker.tsx:25,695,no,,,candidate,,
management-vite-ts-prop-23d29941,management-vite,4,ts-prop,valor,,apps/management-vite/src/pages/builder/panel-configuration-variables.tsx:209,695,no,,,candidate,,
management-vite-ts-prop-1f679a6e,management-vite,4,ts-prop,valor,,apps/management-vite/src/pages/builder/panel-configuration-variables.tsx:282,695,no,,,candidate,,
management-vite-ts-prop-5c82c72e,management-vite,4,ts-prop,valor,,apps/management-vite/src/pages/builder/panel-configuration-variables.tsx:328,695,no,,,candidate,,
management-vite-ts-prop-0bfc7de9,management-vite,4,ts-prop,valor,,apps/management-vite/src/pages/builder/state.ts:45,695,no,,,candidate,,
management-vite-ts-prop-08d8248f,management-vite,4,ts-prop,valor,,apps/management-vite/src/pages/builder/test-panel-logic.ts:10,695,no,,,candidate,,
management-vite-ts-prop-f4d9e287,management-vite,4,ts-prop,valor,,apps/management-vite/src/pages/builder/test-panel.tsx:150,695,no,,,candidate,,
management-vite-ts-prop-833c9765,management-vite,4,ts-prop,variaveis,,apps/management-vite/src/pages/builder/panel-actions.tsx:695,80,no,,,candidate,,
management-vite-ts-prop-78e67b8d,management-vite,4,ts-prop,variavel,,apps/management-vite/src/pages/builder/conteudo.ts:126,27,no,,,candidate,,
management-vite-ts-prop-8adf02b4,management-vite,4,ts-prop,variavel,,apps/management-vite/tests/builder-content.test.ts:177,27,no,,,candidate,,
management-vite-ts-prop-59c12ba6,management-vite,4,ts-prop,vazio,,apps/management-vite/src/pages/flow/resources/regras.ts:23,229,no,,,candidate,,
management-vite-ts-prop-4bd78600,management-vite,4,ts-prop,versao,,apps/management-vite/src/pages/deployment/actions.ts:20,199,no,,,candidate,,
management-vite-ts-prop-3eb5847d,management-vite,4,ts-prop,voltarPara,,apps/management-vite/src/pages/create/casco.tsx:95,5,no,,,candidate,,
