id,scope,slice,kind,old,new,declared_at,consumers,persisted,category,decision_ref,status,owner,notes
api-cookie-c9e75885,api,2,cookie,pipe_desafio,pipe_challenge,apps/api/src/controladores/entrar.ts:47,11,no,,D-12,approved,sonnet,rewrite-literals unmatched: the constant is read via a hand-rolled Set-Cookie template literal and a custom lerCookies() helper - not a cookie.get/set() call the technical-position matcher recognizes; apply manually
api-dir-2cbd4c3f,api,2,dir,apps/api/src/dominio/gestao/acoes,apps/api/src/domain/management/actions,apps/api/src/dominio/gestao/acoes,0,no,,,approved,codex1,
api-dir-3eb5edfe,api,2,dir,apps/api/src/dominio/whatsapp,apps/api/src/domain/whatsapp,apps/api/src/dominio/whatsapp,0,no,,,approved,codex1,
api-dir-450156ea,api,2,dir,apps/api/src/dominio/desk,apps/api/src/domain/desk,apps/api/src/dominio/desk,0,no,,,approved,codex1,
api-dir-57237a6b,api,2,dir,apps/api/src/dominio,apps/api/src/domain,apps/api/src/dominio,0,no,,,approved,codex1,
api-dir-816a5cb6,api,2,dir,apps/api/src/dominio/messenger,apps/api/src/domain/messenger,apps/api/src/dominio/messenger,0,no,,,approved,codex1,
api-dir-8301da3d,api,2,dir,apps/api/src/dominio/gestao,apps/api/src/domain/management,apps/api/src/dominio/gestao,0,no,,,approved,codex1,
api-dir-f56e8137,api,2,dir,apps/api/src/dominio/instagram,apps/api/src/domain/instagram,apps/api/src/dominio/instagram,0,no,,,approved,codex1,
api-dir-f9884b83,api,2,dir,apps/api/src/controladores,apps/api/src/controllers,apps/api/src/controladores,0,no,,,approved,codex1,
api-endpoint-01c8fefe,api,2,endpoint,/v1/canais/instagram,/v1/channels/instagram,apps/api/src/controladores/canais-instagram.ts:18,0,no,,,approved,codex1,
api-endpoint-01ed76ae,api,2,endpoint,/v1/anexos/:*,/v1/attachments/:id,apps/api/src/controladores/anexos.ts:60,0,no,,,approved,codex1,
api-endpoint-055a2bd2,api,2,endpoint,/v1/conta,/v1/account,apps/api/src/controladores/minha-conta.ts:179,0,no,,,approved,codex1,
api-endpoint-07994269,api,2,endpoint,/v1/gestao/fluxos/:*/analise/jornada,/v1/management/flows/:id/analytics/journey,apps/api/src/controladores/gestao-analise.ts:186,0,no,,,approved,codex1,
api-endpoint-0b11702b,api,2,endpoint,/v1/gestao/contrato/resumo,/v1/management/contract/summary,apps/api/src/controladores/gestao-conta.ts:81,0,no,,,approved,codex1,
api-endpoint-0b226c9b,api,2,endpoint,/v1/contatos/:*/etiquetas/:*,/v1/contacts/:id/labels/:labelId,apps/api/src/controladores/etiquetas.ts:125,0,no,,,approved,codex1,
api-endpoint-0b6dd83b,api,2,endpoint,/v1/canais/whatsapp/:*,/v1/channels/whatsapp/:id,apps/api/src/controladores/canais.ts:263,0,no,,,approved,codex1,
api-endpoint-0c42e8a3,api,2,endpoint,/v1/gestao/canais,/v1/management/channels,apps/api/src/controladores/gestao-cadastros.ts:133,0,no,,,approved,codex1,
api-endpoint-0cb95ab8,api,2,endpoint,/v1/contas/trocar,/v1/accounts/exchange,apps/api/src/controladores/minha-conta.ts:304,0,no,,,approved,codex1,
api-endpoint-0f2bee19,api,2,endpoint,/v1/contas/minhas,/v1/accounts/my,apps/api/src/controladores/minha-conta.ts:259,0,no,,,approved,codex1,
api-endpoint-11586995,api,2,endpoint,/v1/gestao/regras/prioridade,/v1/management/rules/priority,apps/api/src/controladores/gestao-cadastros.ts:161,0,no,,,approved,codex1,
api-endpoint-18a5d5b0,api,2,endpoint,/v1/gestao/historico,/v1/management/history,apps/api/src/controladores/gestao-operacao.ts:229,0,no,,,approved,codex1,
api-endpoint-1bd389fc,api,2,endpoint,/v1/crm/dicionario/sincronizar,/v1/crm/dictionary/sync,apps/api/src/controladores/crm.ts:53,0,no,,,approved,codex1,
api-endpoint-1c118938,api,2,endpoint,/v1/contatos/:*/etiquetas,/v1/contacts/:id/labels,apps/api/src/controladores/etiquetas.ts:100,0,no,,,approved,codex1,
api-endpoint-1c704269,api,2,endpoint,/v1/gestao/regras/atendimento/:*,/v1/management/rules/attendance/:id,apps/api/src/controladores/gestao-cadastros.ts:248,0,no,,,approved,codex1,
api-endpoint-22f10e97,api,2,endpoint,/v1/gestao/atendentes/pausas/:*,/v1/management/agents/pauses/:id,apps/api/src/controladores/gestao-cadastros.ts:547,0,no,,,approved,codex1,
api-endpoint-237ace98,api,2,endpoint,/v1/gestao/atendentes/pausas,/v1/management/agents/pauses,apps/api/src/controladores/gestao-cadastros.ts:108,0,no,,,approved,codex1,
api-endpoint-23d6a2d0,api,2,endpoint,/v1/gestao/contrato/certificados,/v1/management/contract/certificates,apps/api/src/controladores/gestao-conta.ts:176,0,no,,,approved,codex1,"fixed leftover PT token (gate-2 compound audit, D-47 follow-up)"
api-endpoint-26fd6593,api,2,endpoint,/v1/gestao/monitoria/:*,/v1/management/quality-review/:id,apps/api/src/controladores/gestao-operacao.ts:328,0,no,,,approved,codex1,glossary-exception:D-01
api-endpoint-323fdd70,api,2,endpoint,/v1/gestao/regras/horarios/faixas/:*,/v1/management/rules/schedules/ranges/:id,apps/api/src/controladores/gestao-cadastros.ts:275,0,no,,,approved,codex1,
api-endpoint-326c71ed,api,2,endpoint,/v1/gestao/monitoramento,/v1/management/monitoring,apps/api/src/controladores/gestao-operacao.ts:133,0,no,,,approved,codex1,
api-endpoint-326cf791,api,2,endpoint,/v1/canais/whatsapp/:*/perfil,/v1/channels/whatsapp/:id/profile,apps/api/src/controladores/canais.ts:178,0,no,,,approved,codex1,
api-endpoint-331072cc,api,2,endpoint,/v1/canais/instagram/manual,/v1/channels/instagram/manual,apps/api/src/controladores/canais-instagram.ts:27,0,no,,,approved,codex1,
api-endpoint-3c1962d8,api,2,endpoint,/v1/conversas/:*/etiquetas/:*,/v1/conversations/:id/labels/:labelId,apps/api/src/controladores/etiquetas.ts:80,0,no,,,approved,codex1,
api-endpoint-3cd52729,api,2,endpoint,/v1/gestao/configuracoes/regras,/v1/management/settings/rules,apps/api/src/controladores/gestao-cadastros.ts:140,0,no,,,approved,codex1,
api-endpoint-3cfc4820,api,2,endpoint,/v1/gestao/atendentes/filas/:*/atendentes/:*,/v1/management/agents/queues/:id/agents/:agentId,apps/api/src/controladores/gestao-cadastros.ts:230,0,no,,,approved,codex1,
api-endpoint-3db4b90a,api,2,endpoint,/v1/canais/whatsapp/estado,/v1/channels/whatsapp/state,apps/api/src/controladores/canais.ts:57,0,no,,,approved,codex1,
api-endpoint-4000909d,api,2,endpoint,/v1/gestao/regras/atendimento,/v1/management/rules/attendance,apps/api/src/controladores/gestao-cadastros.ts:77,0,no,,,approved,codex1,
api-endpoint-410977af,api,2,endpoint,/v1/gestao/fluxos/:*/canal,/v1/management/flows/:id/channel,apps/api/src/controladores/gestao-fluxo.ts:254,0,no,,,approved,codex1,
api-endpoint-42150d17,api,2,endpoint,/v1/canais/instagram/:*,/v1/channels/instagram/:id,apps/api/src/controladores/canais-instagram.ts:48,0,no,,,approved,codex1,
api-endpoint-4613be18,api,2,endpoint,/v1/gestao/comunicacao/respostas-prontas,/v1/management/communication/responses-ready,apps/api/src/controladores/gestao-cadastros.ts:126,0,no,,,approved,codex1,
api-endpoint-47ce092a,api,2,endpoint,/v1/gestao/fluxos/:*/analise/visao-geral,/v1/management/flows/:id/analytics/view-overview,apps/api/src/controladores/gestao-analise.ts:167,0,no,,,approved,codex1,
api-endpoint-4917a410,api,2,endpoint,/v1/contatos/importacoes/:*,/v1/contacts/imports/:id,apps/api/src/controladores/importacoes.ts:53,0,no,,,approved,codex1,
api-endpoint-4a6dde2a,api,2,endpoint,/v1/desk/acoes/:*,/v1/desk/actions/:acao,apps/api/src/controladores/desk.ts:216,0,no,,,approved,codex1,
api-endpoint-4ab7988f,api,2,endpoint,/v1/gestao/regras/horarios/excecoes/:*,/v1/management/rules/schedules/exceptions/:id,apps/api/src/controladores/gestao-cadastros.ts:300,0,no,,,approved,codex1,
api-endpoint-4de75976,api,2,endpoint,/v1/gestao/fluxos/:*/builder,/v1/management/flows/:id/builder,apps/api/src/controladores/gestao-builder.ts:38,0,no,,,approved,codex1,
api-endpoint-5155d0e7,api,2,endpoint,/v1/gestao/fluxos/:*/servicos,/v1/management/flows/:id/services,apps/api/src/controladores/gestao-fluxo.ts:437,0,no,,,approved,codex1,
api-endpoint-53734e1a,api,2,endpoint,/v1/conversas/:*/encerrar,/v1/conversations/:id/close,apps/api/src/controladores/conversas.ts:299,0,no,,,approved,codex1,
api-endpoint-55ea708d,api,2,endpoint,/v1/gestao/monitoramento/conversas/:*/transferir,/v1/management/monitoring/conversations/:id/transfer,apps/api/src/controladores/gestao-operacao.ts:181,0,no,,,approved,codex1,
api-endpoint-57a4f869,api,2,endpoint,/v1/gestao/configuracoes/palavras-proibidas/:*,/v1/management/settings/words-forbidden/:id,apps/api/src/controladores/gestao-cadastros.ts:387,0,no,,,approved,codex1,
api-endpoint-57c4b106,api,2,endpoint,/v1/gestao/fluxos/:*/boas-vindas,/v1/management/flows/:id/welcome,apps/api/src/controladores/gestao-fluxo.ts:304,0,no,,,approved,codex1,"fixed leftover PT token (gate-2 compound audit, D-47 follow-up)"
api-endpoint-57dbf8aa,api,2,endpoint,/v1/gestao/atendentes/filas/:*,/v1/management/agents/queues/:id,apps/api/src/controladores/gestao-cadastros.ts:182,0,no,,,approved,codex1,
api-endpoint-59764ccb,api,2,endpoint,/v1/gestao/contrato/membros/excluir,/v1/management/contract/members/delete,apps/api/src/controladores/gestao-conta.ts:131,0,no,,,approved,codex1,
api-endpoint-5a5a239f,api,2,endpoint,/v1/atendentes,/v1/agents,apps/api/src/controladores/catalogo.ts:367,0,no,,,approved,codex1,
api-endpoint-5e8e7523,api,2,endpoint,/v1/contas,/v1/accounts,apps/api/src/controladores/contas.ts:20,0,no,,,approved,codex1,
api-endpoint-5ec9de65,api,2,endpoint,/v1/mensagens-ativas/limites,/v1/messages-active/limits,apps/api/src/controladores/mensagens-ativas.ts:35,0,no,,,approved,codex1,
api-endpoint-5f7e52be,api,2,endpoint,/v1/conversas/:*/transferir,/v1/conversations/:id/transfer,apps/api/src/controladores/conversas.ts:343,0,no,,,approved,codex1,
api-endpoint-6784dec6,api,2,endpoint,/v1/desk/conversas/:*,/v1/desk/conversations/:id,apps/api/src/controladores/desk.ts:90,0,no,,,approved,codex1,
api-endpoint-67d6d9fb,api,2,endpoint,/v1/gestao/fluxos/:*/builder/publicar,/v1/management/flows/:id/builder/publish,apps/api/src/controladores/gestao-builder.ts:65,0,no,,,approved,codex1,
api-endpoint-6d1a1852,api,2,endpoint,/v1/canais/whatsapp/manual,/v1/channels/whatsapp/manual,apps/api/src/controladores/canais.ts:125,0,no,,,approved,codex1,
api-endpoint-6db9b60c,api,2,endpoint,/v1/gestao/monitoramento/conversas/:*,/v1/management/monitoring/conversations/:id,apps/api/src/controladores/gestao-operacao.ts:152,0,no,,,approved,codex1,
api-endpoint-707ced7b,api,2,endpoint,/v1/gestao/comunicacao/respostas-prontas/:*,/v1/management/communication/responses-ready/:id,apps/api/src/controladores/gestao-cadastros.ts:505,0,no,,,approved,codex1,
api-endpoint-73bc2236,api,2,endpoint,/v1/canais/whatsapp,/v1/channels/whatsapp,apps/api/src/controladores/canais.ts:44,0,no,,,approved,codex1,
api-endpoint-767b5321,api,2,endpoint,/v1/conversas/:*/espera,/v1/conversations/:id/wait,apps/api/src/controladores/conversas.ts:372,0,no,,,approved,codex1,
api-endpoint-772f4ba3,api,2,endpoint,/v1/gestao/relatorios/atendimento,/v1/management/reports/attendance,apps/api/src/controladores/gestao-operacao.ts:253,0,no,,,approved,codex1,
api-endpoint-77d9d0cd,api,2,endpoint,/v1/crm/contato/:contatoId,/v1/crm/contact/:contactId,apps/api/src/controladores/crm.ts:63,0,no,,,approved,codex1,inventory old used :* placeholder but the actual @Get() param is named :contatoId; corrected to match source so rewrite-literals' decorator matcher (exact string equality) can find it
api-endpoint-79481201,api,2,endpoint,/v1/gestao/regras/horarios,/v1/management/rules/schedules,apps/api/src/controladores/gestao-cadastros.ts:84,0,no,,,approved,codex1,
api-endpoint-7d79ad05,api,2,endpoint,/v1/gestao/atendentes/permissoes,/v1/management/agents/permissions,apps/api/src/controladores/gestao-cadastros.ts:461,0,no,,,approved,codex1,
api-endpoint-7d99b268,api,2,endpoint,/v1/gestao/fluxos/:*/contatos/:*,/v1/management/flows/:id/contacts/:contactId,apps/api/src/controladores/gestao-fluxo.ts:371,0,no,,,approved,codex1,
api-endpoint-7de51dd5,api,2,endpoint,/v1/gestao/contrato/membros/papel,/v1/management/contract/members/role,apps/api/src/controladores/gestao-conta.ts:101,0,no,,,approved,codex1,
api-endpoint-7e52d7dd,api,2,endpoint,/v1/gestao/fluxos/:*/equipe/eu,/v1/management/flows/:id/team/i,apps/api/src/controladores/gestao-equipe.ts:62,0,no,,,approved,codex1,
api-endpoint-7ed1848c,api,2,endpoint,/v1/gestao/implantacao,/v1/management/deployment,apps/api/src/controladores/gestao-conta.ts:164,0,no,,,approved,codex1,
api-endpoint-7f11b074,api,2,endpoint,/v1/gestao/configuracoes/dados,/v1/management/settings/data,apps/api/src/controladores/gestao-cadastros.ts:147,0,no,,,approved,codex1,
api-endpoint-802e3739,api,2,endpoint,/v1/crm/dicionario,/v1/crm/dictionary,apps/api/src/controladores/crm.ts:43,0,no,,,approved,codex1,
api-endpoint-81136b5a,api,2,endpoint,/v1/gestao/fluxos/:*/links-rastreados,/v1/management/flows/:flowId/links-tracked,apps/api/src/controladores/rastreador-de-cliques.ts:42,0,no,,,approved,codex1,"fixed leftover PT token (gate-2 compound audit, D-47 follow-up)"
api-endpoint-825ae5d8,api,2,endpoint,/v1/gestao/fluxos/:*/contatos,/v1/management/flows/:id/contacts,apps/api/src/controladores/gestao-fluxo.ts:360,0,no,,,approved,codex1,
api-endpoint-87805e9c,api,2,endpoint,/v1/mensagens-ativas,/v1/messages-active,apps/api/src/controladores/mensagens-ativas.ts:46,0,no,,,approved,codex1,
api-endpoint-880d8f34,api,2,endpoint,/v1/canais/whatsapp/:*/modelos/sincronizar,/v1/channels/whatsapp/:id/templates/sync,apps/api/src/controladores/canais.ts:223,0,no,,,approved,codex1,
api-endpoint-897cf8ca,api,2,endpoint,/v1/gestao/contrato/certificados/:*/hosts/:*,/v1/management/contract/certificates/:id/hosts/:hostId,apps/api/src/controladores/gestao-conta.ts:221,0,no,,,approved,codex1,"fixed leftover PT token (gate-2 compound audit, D-47 follow-up)"
api-endpoint-8ba1b1ba,api,2,endpoint,/v1/auth/sso/retorno,/v1/auth/sso/callback,apps/api/src/controladores/sso.ts:136,0,no,,D-13,approved,sonnet,
api-endpoint-8bb7fa41,api,2,endpoint,/v1/desk/contatos/:*,/v1/desk/contacts/:id,apps/api/src/controladores/desk.ts:137,0,no,,,approved,codex1,
api-endpoint-8da1c9c3,api,2,endpoint,/v1/canais/messenger,/v1/channels/messenger,apps/api/src/controladores/canais-messenger.ts:6,0,no,,,approved,codex1,
api-endpoint-8e568223,api,2,endpoint,/v1/contatos,/v1/contacts,apps/api/src/controladores/catalogo.ts:124,0,no,,,approved,codex1,
api-endpoint-8eb42be4,api,2,endpoint,/v1/gestao/webhooks/:*,/v1/management/webhooks/:webhookId,apps/api/src/controladores/gestao-integracoes.ts:177,0,no,,,approved,codex1,
api-endpoint-8f2629c0,api,2,endpoint,/v1/atendentes/status,/v1/agents/status,apps/api/src/controladores/catalogo.ts:339,0,no,,,approved,codex1,
api-endpoint-927b3ef9,api,2,endpoint,/v1/desk/canais,/v1/desk/channels,apps/api/src/controladores/desk.ts:152,0,no,,,approved,codex1,
api-endpoint-9469049b,api,2,endpoint,/v1/canais/whatsapp/:*/modelos/:*,/v1/channels/whatsapp/:id/templates/:name,apps/api/src/controladores/canais.ts:250,0,no,,,approved,codex1,
api-endpoint-94ead35c,api,2,endpoint,/v1/gestao/relatorios/satisfacao,/v1/management/reports/satisfaction,apps/api/src/controladores/gestao-operacao.ts:290,0,no,,,approved,codex1,
api-endpoint-9592fc98,api,2,endpoint,/v1/gestao/atendentes/filas/:*/atendentes,/v1/management/agents/queues/:id/agents,apps/api/src/controladores/gestao-cadastros.ts:207,0,no,,,approved,codex1,
api-endpoint-96635e47,api,2,endpoint,/v1/gestao/fluxos/:*/menu-persistente,/v1/management/flows/:id/menu-persistent,apps/api/src/controladores/gestao-fluxo.ts:334,0,no,,,approved,codex1,
api-endpoint-9720b22c,api,2,endpoint,/v1/gestao/fluxos/:*/analise/relatorios,/v1/management/flows/:id/analytics/reports,apps/api/src/controladores/gestao-analise.ts:216,0,no,,,approved,codex1,
api-endpoint-98805a68,api,2,endpoint,/v1/gestao/configuracoes/regras/:*,/v1/management/settings/rules/:id,apps/api/src/controladores/gestao-cadastros.ts:339,0,no,,,approved,codex1,
api-endpoint-995c5c86,api,2,endpoint,/v1/anexos,/v1/attachments,apps/api/src/controladores/anexos.ts:26,0,no,,,approved,codex1,
api-endpoint-9cf633b2,api,2,endpoint,/v1/auth/google/retorno,/v1/auth/google/callback,apps/api/src/controladores/entrar.ts:289,0,no,,D-12,approved,sonnet,
api-endpoint-9d3e5ffd,api,2,endpoint,/v1/gestao/atendentes/gestao,/v1/management/agents/management,apps/api/src/controladores/gestao-cadastros.ts:94,0,no,,,approved,codex1,
api-endpoint-9d9defce,api,2,endpoint,/v1/gestao/comunicacao/modelos,/v1/management/communication/templates,apps/api/src/controladores/gestao-cadastros.ts:115,0,no,,,approved,codex1,
api-endpoint-a02a323b,api,2,endpoint,/v1/sso/estado,/v1/sso/state,apps/api/src/controladores/sso.ts:78,0,no,,,approved,codex1,
api-endpoint-a18c58da,api,2,endpoint,/v1/gestao/fluxos/:*/growth,/v1/management/flows/:id/growth,apps/api/src/controladores/gestao-fluxo.ts:410,0,no,,,approved,codex1,
api-endpoint-a213ae6e,api,2,endpoint,/v1/desk/metricas,/v1/desk/metrics,apps/api/src/controladores/desk.ts:185,0,no,,,approved,codex1,
api-endpoint-a3b971f0,api,2,endpoint,/v1/gestao/fluxos/:*/chaves/:*,/v1/management/flows/:id/keys/:keyId,apps/api/src/controladores/gestao-integracoes.ts:98,0,no,,,approved,codex1,
api-endpoint-a43cc87f,api,2,endpoint,/v1/desk/contatos,/v1/desk/contacts,apps/api/src/controladores/desk.ts:124,0,no,,,approved,codex1,
api-endpoint-a630d0fc,api,2,endpoint,/v1/gestao/fluxos,/v1/management/flows,apps/api/src/controladores/gestao-fluxo.ts:145,0,no,,,approved,codex1,
api-endpoint-a77efded,api,2,endpoint,/v1/gestao/monitoramento/conversas/:*/finalizar,/v1/management/monitoring/conversations/:id/finalize,apps/api/src/controladores/gestao-operacao.ts:205,0,no,,,approved,codex1,
api-endpoint-ab142271,api,2,endpoint,/v1/gestao/fluxos/:*/analise/mensagens-ativas,/v1/management/flows/:id/analytics/messages-active,apps/api/src/controladores/gestao-analise.ts:140,0,no,,,approved,codex1,
api-endpoint-ac041e2d,api,2,endpoint,/v1/contatos/:*,/v1/contacts/:id,apps/api/src/controladores/catalogo.ts:106,0,no,,,approved,codex1,
api-endpoint-ac7ff197,api,2,endpoint,/v1/gestao/fluxos/:*/servicos/:*,/v1/management/flows/:id/services/:serviceId,apps/api/src/controladores/gestao-fluxo.ts:466,0,no,,,approved,codex1,
api-endpoint-af5c4216,api,2,endpoint,/v1/gestao/fluxos/:*,/v1/management/flows/:id,apps/api/src/controladores/gestao-fluxo.ts:177,0,no,,,approved,codex1,
api-endpoint-b1afcf7d,api,2,endpoint,/v1/gestao/configuracoes/gerais,/v1/management/settings/general,apps/api/src/controladores/gestao-cadastros.ts:154,0,no,,,approved,codex1,
api-endpoint-b23fdaf1,api,2,endpoint,/v1/gestao/fluxos/:*/conteudos,/v1/management/flows/:id/content-items,apps/api/src/controladores/gestao-fluxo.ts:421,0,no,,,approved,codex1,
api-endpoint-b28fe6c6,api,2,endpoint,/v1/contatos/importacoes,/v1/contacts/imports,apps/api/src/controladores/importacoes.ts:27,0,no,,,approved,codex1,
api-endpoint-b562b563,api,2,endpoint,/v1/gestao/contrato/certificados/:*,/v1/management/contract/certificates/:id,apps/api/src/controladores/gestao-conta.ts:203,0,no,,,approved,codex1,"fixed leftover PT token (gate-2 compound audit, D-47 follow-up)"
api-endpoint-b6a3e037,api,2,endpoint,/v1/gestao/cabecalho,/v1/management/header,apps/api/src/controladores/gestao-operacao.ts:123,0,no,,,approved,codex1,
api-endpoint-ba56b91f,api,2,endpoint,/v1/gestao/atendentes/filas,/v1/management/agents/queues,apps/api/src/controladores/gestao-cadastros.ts:101,0,no,,,approved,codex1,
api-endpoint-bbbf9f3d,api,2,endpoint,/v1/desk/filas,/v1/desk/queues,apps/api/src/controladores/desk.ts:114,0,no,,,approved,codex1,
api-endpoint-bcc9d22e,api,2,endpoint,/v1/gestao/contrato/membros,/v1/management/contract/members,apps/api/src/controladores/gestao-conta.ts:88,0,no,,,approved,codex1,
api-endpoint-bddd711a,api,2,endpoint,/v1/canais/whatsapp/:*/preferencias,/v1/channels/whatsapp/:id/preferences,apps/api/src/controladores/canais.ts:199,0,no,,,approved,codex1,
api-endpoint-c4aa13a4,api,2,endpoint,/v1/contatos/importacoes/:*/falhas,/v1/contacts/imports/:id/failures,apps/api/src/controladores/importacoes.ts:65,0,no,,,approved,codex1,
api-endpoint-c4ed3f23,api,2,endpoint,/v1/gestao/fluxos/:*/equipe,/v1/management/flows/:id/team,apps/api/src/controladores/gestao-equipe.ts:48,0,no,,,approved,codex1,
api-endpoint-cb3281b1,api,2,endpoint,/v1/gestao/monitoria,/v1/management/quality-review,apps/api/src/controladores/gestao-operacao.ts:306,0,no,,,approved,codex1,glossary-exception:D-01
api-endpoint-cd85b257,api,2,endpoint,/v1/conversas/:*/mensagens,/v1/conversations/:id/messages,apps/api/src/controladores/conversas.ts:164,0,no,,,approved,codex1,
api-endpoint-cdf27eb6,api,2,endpoint,/v1/gestao/fluxos/:*/analise/dashboard,/v1/management/flows/:id/analytics/dashboard,apps/api/src/controladores/gestao-analise.ts:107,0,no,,,approved,codex1,
api-endpoint-d0285104,api,2,endpoint,/v1/gestao/fluxos/:*/builder/versoes,/v1/management/flows/:id/builder/versions,apps/api/src/controladores/gestao-builder.ts:79,0,no,,,approved,codex1,
api-endpoint-d38daa43,api,2,endpoint,/v1/gestao/webhooks,/v1/management/webhooks,apps/api/src/controladores/gestao-integracoes.ts:152,0,no,,,approved,codex1,
api-endpoint-d4cdb5bd,api,2,endpoint,/v1/gestao/configuracoes/palavras-proibidas,/v1/management/settings/words-forbidden,apps/api/src/controladores/gestao-cadastros.ts:366,0,no,,,approved,codex1,
api-endpoint-d65630e1,api,2,endpoint,/v1/conversas/:*/mensagens/anexos,/v1/conversations/:id/messages/attachments,apps/api/src/controladores/conversas.ts:262,0,no,,,approved,codex1,
api-endpoint-d9e36b61,api,2,endpoint,/v1/gestao/regras/prioridade/:*,/v1/management/rules/priority/:id,apps/api/src/controladores/gestao-cadastros.ts:429,0,no,,,approved,codex1,
api-endpoint-da334a1a,api,2,endpoint,/v1/canais/messenger/:*,/v1/channels/messenger/:id,apps/api/src/controladores/canais-messenger.ts:8,0,no,,,approved,codex1,
api-endpoint-e1b845c6,api,2,endpoint,/v1/conversas,/v1/conversations,apps/api/src/controladores/conversas.ts:85,0,no,,,approved,codex1,
api-endpoint-e3f0be52,api,2,endpoint,/v1/desk/fila,/v1/desk/queue,apps/api/src/controladores/desk.ts:72,0,no,,,approved,codex1,
api-endpoint-e65bb149,api,2,endpoint,/v1/gestao/fluxos/:*/analise/log,/v1/management/flows/:id/analytics/log,apps/api/src/controladores/gestao-analise.ts:236,0,no,,,approved,codex1,
api-endpoint-e691b3c0,api,2,endpoint,/v1/conversas/:*,/v1/conversations/:id,apps/api/src/controladores/conversas.ts:139,0,no,,,approved,codex1,
api-endpoint-e89ee23a,api,2,endpoint,/v1/canais/messenger/manual,/v1/channels/messenger/manual,apps/api/src/controladores/canais-messenger.ts:7,0,no,,,approved,codex1,
api-endpoint-e90b9a26,api,2,endpoint,/v1/conversas/:*/mensagens/:*/reenviar,/v1/conversations/:id/messages/:messageId/resend,apps/api/src/controladores/conversas.ts:325,0,no,,,approved,codex1,
api-endpoint-ed7e9caf,api,2,endpoint,/v1/gestao/fluxos/:*/builder/versoes/:*/restaurar,/v1/management/flows/:id/builder/versions/:version/restore,apps/api/src/controladores/gestao-builder.ts:92,0,no,,,approved,codex1,
api-endpoint-eda69865,api,2,endpoint,/v1/gestao/fluxos/:*/chaves,/v1/management/flows/:id/keys,apps/api/src/controladores/gestao-integracoes.ts:69,0,no,,,approved,codex1,
api-endpoint-ef232090,api,2,endpoint,/v1/gestao/fluxos/:*/conexao,/v1/management/flows/:id/connection,apps/api/src/controladores/gestao-integracoes.ts:116,0,no,,,approved,codex1,
api-endpoint-eff7f9a1,api,2,endpoint,/v1/gestao/relatorios/esforco,/v1/management/reports/effort,apps/api/src/controladores/gestao-operacao.ts:275,0,no,,,approved,codex1,
api-endpoint-f083e8a7,api,2,endpoint,/v1/conversas/:*/etiquetas,/v1/conversations/:id/labels,apps/api/src/controladores/etiquetas.ts:63,0,no,,,approved,codex1,
api-endpoint-f33bbcd4,api,2,endpoint,/v1/gestao/acoes/:*,/v1/management/actions/:acao,apps/api/src/controladores/gestao-cadastros.ts:578,0,no,,,approved,codex1,
api-endpoint-f46c75c5,api,2,endpoint,/v1/gestao/fluxos/:*/logs,/v1/management/flows/:id/logs,apps/api/src/controladores/gestao-fluxo.ts:395,0,no,,,approved,codex1,
api-endpoint-f935d19b,api,2,endpoint,/v1/gestao/webhooks/:*/testar,/v1/management/webhooks/:webhookId/test,apps/api/src/controladores/gestao-integracoes.ts:211,0,no,,,approved,codex1,
api-endpoint-f9611712,api,2,endpoint,/v1/gestao/monitoramento/conversas/:*/notas,/v1/management/monitoring/conversations/:id/notes,apps/api/src/controladores/gestao-operacao.ts:165,0,no,,,approved,codex1,
api-endpoint-fa3bf1ee,api,2,endpoint,/v1/gestao/fluxos/:*/equipe/:*,/v1/management/flows/:id/team/:userId,apps/api/src/controladores/gestao-equipe.ts:106,0,no,,,approved,codex1,
api-endpoint-fea7c85c,api,2,endpoint,/v1/canais/whatsapp/:*/modelos,/v1/channels/whatsapp/:id/templates,apps/api/src/controladores/canais.ts:236,0,no,,,approved,codex1,
api-endpoint-ffb31a62,api,2,endpoint,/v1/filas,/v1/queues,apps/api/src/controladores/catalogo.ts:272,0,no,,,approved,codex1,
api-endpoint-new-wh-insta-get,api,2,endpoint,/webhooks/instagram/:canalId,KEEP,apps/api/src/controladores/webhooks-instagram.ts:23,0,no,,D-15,approved,sonnet,
api-endpoint-new-wh-msgr-get,api,2,endpoint,/webhooks/messenger/:canalId,KEEP,apps/api/src/controladores/webhooks-messenger.ts:4,0,no,,D-15,approved,sonnet,
api-endpoint-new-wh-wa-get,api,2,endpoint,/webhooks/whatsapp,KEEP,apps/api/src/controladores/webhooks-whatsapp.ts:100,0,no,,D-15,approved,sonnet,
api-endpoint-new-wh-wa-id-get,api,2,endpoint,/webhooks/whatsapp/:canalId,KEEP,apps/api/src/controladores/webhooks-whatsapp.ts:26,0,no,,D-15,approved,sonnet,
api-error-code-007f5cbe,api,2,error-code,meta_recusou,meta_refused,apps/api/src/dominio/instagram/renovacao.ts:49,23,no,,D-10,approved,codex1,
api-error-code-015db452,api,2,error-code,order_by_invalido,order_by_invalid,apps/api/src/paginacao.ts:82,1,no,,D-10,approved,codex1,
api-error-code-0176cb86,api,2,error-code,etiqueta_de_outro_escopo,label_of_other_scope,apps/api/src/dominio/etiquetas.ts:81,3,no,,D-10,approved,codex1,
api-error-code-019a310e,api,2,error-code,nome_em_uso,name_in_use,apps/api/src/dominio/gestao/regras-prioridade.ts:200,17,no,,D-10,approved,codex1,
api-error-code-028ad1ca,api,2,error-code,sem_destino,without_destination,apps/api/src/dominio/mensagem-ativa.ts:101,1,no,,D-10,approved,codex1,
api-error-code-03653e17,api,2,error-code,numero_em_uso,number_in_use,apps/api/src/dominio/whatsapp/criacao-de-canal.ts:51,5,no,,D-10,approved,codex1,
api-error-code-04a293b3,api,2,error-code,meta_sem_token,meta_without_token,apps/api/src/dominio/whatsapp/troca-de-token.ts:21,2,no,,D-10,approved,codex1,
api-error-code-0682c98b,api,2,error-code,plano_invalido,plan_invalid,apps/api/src/provisionar.ts:129,2,no,,D-10,approved,codex1,
api-error-code-0702055f,api,2,error-code,app_sem_credencial,app_without_credential,apps/api/src/dominio/whatsapp/cliente-graph.ts:215,1,no,,D-10,approved,codex1,
api-error-code-0793fb6c,api,2,error-code,senha_incorreta,password_incorrect,apps/api/src/dominio/gestao/pfx.ts:383,4,no,,D-10,approved,codex1,
api-error-code-07a8a5f7,api,2,error-code,pfx_ilegivel,pfx_unreadable,apps/api/src/dominio/gestao/pfx.ts:419,3,no,,D-10,approved,codex1,
api-error-code-07f93a7b,api,2,error-code,corpo_ausente,body_missing,apps/api/src/controladores/webhooks-instagram.ts:57,3,no,,D-10,approved,codex1,
api-error-code-091ce08d,api,2,error-code,canal_sem_numero,channel_without_number,apps/api/src/dominio/whatsapp/perfil.ts:78,1,no,,D-10,approved,codex1,
api-error-code-09e71d19,api,2,error-code,papel_no_fluxo_invalido,role_in_flow_invalid,apps/api/src/dominio/gestao/equipe-do-fluxo.ts:140,2,no,,D-10,approved,codex1,
api-error-code-09ffef9d,api,2,error-code,cor_invalida,color_invalid,apps/api/src/dominio/gestao/cadastros.ts:1207,2,no,,D-10,approved,codex1,
api-error-code-0c15d455,api,2,error-code,canal_sem_app,channel_without_app,apps/api/src/dominio/whatsapp/modelos.ts:472,2,no,,D-10,approved,codex1,
api-error-code-0c7c2de6,api,2,error-code,arquivo_obrigatorio,file_required,apps/api/src/dominio/gestao/certificados.ts:123,2,no,,D-10,approved,codex1,
api-error-code-0cc5691c,api,2,error-code,canal_inativo,channel_inactive,apps/api/src/controladores/webhooks-messenger.ts:5,7,no,,D-10,approved,codex1,
api-error-code-0e026290,api,2,error-code,email_invalido,email_invalid,apps/api/src/dominio/convites.ts:60,4,no,,D-10,approved,codex1,
api-error-code-0e2f070d,api,2,error-code,ja_e_membro,already_member,apps/api/src/dominio/convites.ts:158,3,no,,D-10,approved,sonnet,
api-error-code-11e4b5e6,api,2,error-code,papel_invalido,role_invalid,apps/api/src/dominio/convites.ts:141,2,no,,D-10,approved,codex1,
api-error-code-1210b8cf,api,2,error-code,sem_rascunho,without_draft,apps/api/src/dominio/gestao/builder-do-fluxo.ts:498,2,no,,D-10,approved,codex1,
api-error-code-1232a758,api,2,error-code,canal_inativo,channel_inactive,apps/api/src/controladores/webhooks-instagram.ts:46,7,no,,D-10,approved,codex1,
api-error-code-12a85ab6,api,2,error-code,limite_invalido,limit_invalid,apps/api/src/paginacao.ts:39,1,no,,D-10,approved,codex1,
api-error-code-14062b5f,api,2,error-code,data_invalida,data_invalid,apps/api/src/dominio/gestao/cadastros.ts:598,1,no,,D-10,approved,codex1,
api-error-code-154f1f87,api,2,error-code,arquivo_grande_demais,file_large_excessive,apps/api/src/dominio/anexo.ts:97,4,no,,D-10,approved,codex1,
api-error-code-158e8948,api,2,error-code,convite_de_outro_email,invitation_of_other_email,apps/api/src/dominio/convites.ts:336,2,no,,D-10,approved,codex1,
api-error-code-16c24bb1,api,2,error-code,atalho_em_uso,shortcut_in_use,apps/api/src/dominio/gestao/comunicacao.ts:294,3,no,,D-10,approved,codex1,
api-error-code-17186a7e,api,2,error-code,autenticacao_invalida,authentication_invalid,apps/api/src/dominio/gestao/integracoes.ts:469,1,no,,D-10,approved,codex1,
api-error-code-17735e60,api,2,error-code,token_ausente,token_missing,apps/api/src/dominio/whatsapp/criacao-de-canal.ts:65,4,no,,D-10,approved,codex1,
api-error-code-181e2d32,api,2,error-code,limite_de_taxa,limit_of_rate,apps/api/src/dominio/rastreador-de-cliques.ts:193,1,no,,D-10,approved,codex1,
api-error-code-1a855451,api,2,error-code,meta_recusou,meta_refused,apps/api/src/dominio/messenger/cliente-graph.ts:33,23,no,,D-10,approved,codex1,
api-error-code-1afc2eea,api,2,error-code,fila_com_conversa_aberta,queue_with_conversation_open,apps/api/src/dominio/gestao/cadastros.ts:1410,2,no,,D-10,approved,codex1,
api-error-code-1b90c798,api,2,error-code,arquivo_grande_demais,file_large_excessive,apps/api/src/dominio/envio.ts:382,4,no,,D-10,approved,codex1,
api-error-code-1bbdc3ae,api,2,error-code,configuracao_invalida,configuration_invalid,apps/api/src/dominio/whatsapp/validacao-da-configuracao-manual.ts:36,9,no,,D-10,approved,codex1,
api-error-code-1bfc1842,api,2,error-code,canal_obrigatorio,channel_required,apps/api/src/controladores/gestao-fluxo.ts:276,2,no,,D-10,approved,codex1,
api-error-code-1d7488b1,api,2,error-code,meta_recusou,meta_refused,apps/api/src/dominio/instagram/cliente-graph.ts:130,23,no,,D-10,approved,codex1,
api-error-code-1e10bc89,api,2,error-code,email_invalido,email_invalid,apps/api/src/dominio/construtor-de-conta.ts:168,4,no,,D-10,approved,codex1,
api-error-code-21ee8ef0,api,2,error-code,mensagem_nao_falhou,message_not_failed,apps/api/src/dominio/envio.ts:442,2,no,,D-10,approved,codex1,
api-error-code-22ff9a22,api,2,error-code,mesmo_destino,same_destination,apps/api/src/dominio/conversa.ts:354,2,no,,D-10,approved,codex1,
api-error-code-230ba2c0,api,2,error-code,fila_nao_encontrada,queue_not_found,apps/api/src/dominio/gestao/regras-sla.ts:134,5,no,,D-10,approved,codex1,
api-error-code-240c13f3,api,2,error-code,usuario_obrigatorio,user_required,apps/api/src/controladores/catalogo.ts:355,1,no,,D-10,approved,codex1,
api-error-code-24487d01,api,2,error-code,descricao_longa,description_long,apps/api/src/dominio/gestao/certificados.ts:105,1,no,,D-10,approved,codex1,
api-error-code-24a7528d,api,2,error-code,descricao_tamanho,description_size,apps/api/src/dominio/gestao/ciclo-de-vida-do-fluxo.ts:132,2,no,,D-10,approved,codex1,
api-error-code-254da2f7,api,2,error-code,fila_padrao_de_inbox,queue_default_of_inbox,apps/api/src/dominio/gestao/cadastros.ts:1422,2,no,,D-10,approved,codex1,
api-error-code-270e9e35,api,2,error-code,arquivo_vazio,file_empty,apps/api/src/controladores/anexos.ts:36,12,no,,D-10,approved,codex1,
api-error-code-27c51ed7,api,2,error-code,nome_ausente,name_missing,apps/api/src/dominio/gestao/integracoes.ts:177,3,no,,D-10,approved,codex1,
api-error-code-27dea8ee,api,2,error-code,nome_obrigatorio,name_required,apps/api/src/dominio/gestao/regras-sla.ts:72,12,no,,D-10,approved,codex1,
api-error-code-286bde94,api,2,error-code,meta_inacessivel,meta_unreachable,apps/api/src/dominio/messenger/cliente-graph.ts:31,7,no,,D-10,approved,codex1,
api-error-code-29fa63f8,api,2,error-code,servico_chatbot,service_chatbot,apps/api/src/dominio/gestao/servicos-do-roteador.ts:147,3,no,,D-10,approved,codex1,
api-error-code-2a6e4ce1,api,2,error-code,parametros_ausentes,parameters_missing,apps/api/src/dominio/whatsapp/cadastro-embutido.ts:47,2,no,,D-10,approved,codex1,
api-error-code-2a7b339a,api,2,error-code,assinatura_invalida,signature_invalid,apps/api/src/controladores/webhooks-messenger.ts:5,6,no,,D-10,approved,codex1,
api-error-code-302a6a28,api,2,error-code,token_ausente,token_missing,apps/api/src/dominio/whatsapp/info-do-numero.ts:33,4,no,,D-10,approved,codex1,
api-error-code-30f00065,api,2,error-code,titulo_obrigatorio,title_required,apps/api/src/dominio/gestao/comunicacao.ts:214,2,no,,D-10,approved,codex1,
api-error-code-311d4d4a,api,2,error-code,boas_vindas_mensagem,welcome_vindas_message,apps/api/src/dominio/gestao/configuracao-do-fluxo.ts:119,1,no,,D-10,approved,codex1,
api-error-code-3136c10e,api,2,error-code,destino_invalido,destination_invalid,apps/api/src/dominio/conversa.ts:308,3,no,,D-10,approved,codex1,
api-error-code-31f5af19,api,2,error-code,codigo_ausente,code_missing,apps/api/src/dominio/whatsapp/troca-de-token.ts:13,2,no,,D-10,approved,codex1,
api-error-code-32b205a5,api,2,error-code,dominio_bloqueado,domain_blocked,apps/api/src/dominio/construtor-de-conta.ts:172,2,no,,D-10,approved,codex1,
api-error-code-334f0f2f,api,2,error-code,sem_permissao,without_permission,apps/api/src/erros.ts:45,20,no,,D-10,approved,codex1,
api-error-code-33dbbf41,api,2,error-code,waba_sem_numero,waba_without_number,apps/api/src/dominio/whatsapp/info-do-numero.ts:37,2,no,,D-10,approved,codex1,
api-error-code-33e5e992,api,2,error-code,contato_email_invalido,contact_email_invalid,apps/api/src/controladores/catalogo.ts:189,2,no,,D-10,approved,codex1,
api-error-code-340b09d7,api,2,error-code,canal_sem_waba,channel_without_waba,apps/api/src/dominio/whatsapp/modelos.ts:169,2,no,,D-10,approved,codex1,
api-error-code-342b5ab5,api,2,error-code,conversa_de_outro_atendente,conversation_of_other_agent,apps/api/src/dominio/conversa.ts:59,5,no,,D-10,approved,codex1,
api-error-code-34e28e27,api,2,error-code,numero_ausente,number_missing,apps/api/src/dominio/whatsapp/configuracao-de-webhook.ts:76,2,no,,D-10,approved,codex1,
api-error-code-353f52ae,api,2,error-code,numero_nao_encontrado,number_not_found,apps/api/src/dominio/whatsapp/info-do-numero.ts:44,3,no,,D-10,approved,codex1,
api-error-code-36b8f812,api,2,error-code,conteudo_vazio,content_empty,apps/api/src/dominio/envio.ts:187,3,no,,D-10,approved,codex1,
api-error-code-374611fe,api,2,error-code,pfx_formato_antigo,pfx_format_old,apps/api/src/dominio/gestao/pfx.ts:243,3,no,,D-10,approved,codex1,
api-error-code-396c677c,api,2,error-code,nota_vazia,note_empty,apps/api/src/dominio/gestao/monitoramento.ts:233,1,no,,D-10,approved,codex1,
api-error-code-3b1ac6fa,api,2,error-code,nome_em_uso,name_in_use,apps/api/src/dominio/gestao/ciclo-de-vida-do-fluxo.ts:180,17,no,,D-10,approved,codex1,
api-error-code-3bc0122d,api,2,error-code,canal_sem_inbox,channel_without_inbox,apps/api/src/dominio/mensagem-ativa.ts:267,1,no,,D-10,approved,codex1,
api-error-code-3e71e1f8,api,2,error-code,etiqueta_obrigatoria,label_required,apps/api/src/controladores/etiquetas.ts:37,3,no,,D-10,approved,codex1,
api-error-code-3eab04f0,api,2,error-code,configuracao_invalida,configuration_invalid,apps/api/src/dominio/messenger/canal.ts:15,9,no,,D-10,approved,codex1,
api-error-code-3eba0611,api,2,error-code,papel_de_atendimento,role_of_attendance,apps/api/src/dominio/convites.ts:147,2,no,,D-10,approved,codex1,
api-error-code-3f9d806f,api,2,error-code,termo_obrigatorio,term_required,apps/api/src/dominio/gestao/palavras-proibidas.ts:196,2,no,,D-10,approved,codex1,
api-error-code-3fd8d409,api,2,error-code,permissao_desconhecida,permission_unknown,apps/api/src/dominio/gestao/permissoes-do-atendente.ts:212,1,no,,D-10,approved,codex1,
api-error-code-4398ac53,api,2,error-code,template_obrigatorio,template_required,apps/api/src/controladores/mensagens-ativas.ts:81,1,no,,D-10,approved,codex1,
api-error-code-44359ec7,api,2,error-code,destino_invalido,destination_invalid,apps/api/src/controladores/mensagens-ativas.ts:99,3,no,,D-10,approved,codex1,
api-error-code-44abd03b,api,2,error-code,numero_divergente,number_mismatched,apps/api/src/dominio/whatsapp/reautorizacao.ts:39,2,no,,D-10,approved,codex1,
api-error-code-4564a8d9,api,2,error-code,escopo_id_obrigatorio,scope_id_required,apps/api/src/dominio/gestao/regras-prioridade.ts:119,3,no,,D-10,approved,codex1,
api-error-code-456ef38a,api,2,error-code,meta_inacessivel,meta_unreachable,apps/api/src/dominio/instagram/cliente-graph.ts:116,7,no,,D-10,approved,codex1,
api-error-code-459c0b5f,api,2,error-code,host_invalido,host_invalid,apps/api/src/dominio/gestao/certificados.ts:86,2,no,,D-10,approved,codex1,
api-error-code-45ec130e,api,2,error-code,cabecalho_invalido,header_invalid,apps/api/src/dominio/gestao/integracoes.ts:426,1,no,,D-10,approved,codex1,
api-error-code-4638423a,api,2,error-code,url_precisa_https,url_needs_https,apps/api/src/dominio/gestao/integracoes.ts:277,4,no,,D-10,approved,codex1,
api-error-code-4692a879,api,2,error-code,convite_usado,invitation_used,apps/api/src/dominio/convites.ts:282,4,no,,D-10,approved,codex1,
api-error-code-47af13ba,api,2,error-code,ultimo_admin,last_admin,apps/api/src/dominio/gestao/equipe-do-fluxo.ts:357,2,no,,D-10,approved,codex1,
api-error-code-486410bc,api,2,error-code,nao_encontrado,not_found,apps/api/src/controladores/minha-conta.ts:339,8,no,,D-10,approved,codex1,
api-error-code-4890c4f4,api,2,error-code,tipo_nao_aceito,type_not_accepted,apps/api/src/dominio/envio.ts:374,3,no,,D-10,approved,codex1,
api-error-code-48cbb79a,api,2,error-code,app_sem_secret,app_without_secret,apps/api/src/controladores/webhooks-whatsapp.ts:121,1,no,,D-10,approved,codex1,
api-error-code-49ef935f,api,2,error-code,url_proibida,url_forbidden,apps/api/src/dominio/gestao/integracoes.ts:281,5,no,,D-10,approved,codex1,
api-error-code-4a9a87c2,api,2,error-code,limite_de_contatos,limit_of_contacts,apps/api/src/dominio/mensagem-ativa.ts:105,2,no,,D-10,approved,codex1,
api-error-code-4b8c3bf0,api,2,error-code,alerta_invalido,alert_invalid,apps/api/src/dominio/gestao/regras-sla.ts:101,4,no,,D-10,approved,codex1,
api-error-code-4ccddc5a,api,2,error-code,cursor_invalido,cursor_invalid,apps/api/src/paginacao.ts:56,1,no,,D-10,approved,codex1,
api-error-code-4dd4b936,api,2,error-code,combinador_invalido,combiner_invalid,apps/api/src/dominio/gestao/cadastros.ts:998,1,no,,D-10,approved,codex1,
api-error-code-4e06e58f,api,2,error-code,dominio_nao_verificado,domain_not_verified,apps/api/src/dominio/dominios.ts:171,3,no,,D-10,approved,codex1,
api-error-code-4e9c7138,api,2,error-code,politica_invalida,policy_invalid,apps/api/src/dominio/sso.ts:205,1,no,,D-10,approved,codex1,
api-error-code-4ef261de,api,2,error-code,menu_persistente_boas_vindas,menu_persistent_welcome_vindas,apps/api/src/dominio/gestao/configuracao-do-fluxo.ts:222,1,no,,D-10,approved,codex1,
api-error-code-4f4e2aea,api,2,error-code,nome_grande,name_large,apps/api/src/dominio/gestao/integracoes.ts:180,1,no,,D-10,approved,codex1,
api-error-code-501a4d22,api,2,error-code,conversa_encerrada,conversation_closed,apps/api/src/dominio/envio.ts:123,3,no,,D-10,approved,codex1,
api-error-code-510355d9,api,2,error-code,slug_em_uso,slug_in_use,apps/api/src/provisionar.ts:151,2,no,,D-10,approved,codex1,
api-error-code-51bce6c8,api,2,error-code,campo_invalido,field_invalid,apps/api/src/dominio/gestao/cadastros.ts:966,2,no,,D-10,approved,codex1,
api-error-code-520c14c5,api,2,error-code,waba_ausente,waba_missing,apps/api/src/dominio/whatsapp/info-do-numero.ts:32,5,no,,D-10,approved,codex1,
api-error-code-53cace02,api,2,error-code,excecao_sem_horario,exception_without_schedule,apps/api/src/dominio/gestao/cadastros.ts:616,2,no,,D-10,approved,codex1,
api-error-code-54c7c05f,api,2,error-code,sso_inativo,sso_inactive,apps/api/src/dominio/sso.ts:285,1,no,,D-10,approved,codex1,
api-error-code-55a25049,api,2,error-code,meta_inacessivel,meta_unreachable,apps/api/src/dominio/whatsapp/cliente-graph.ts:261,7,no,,D-10,approved,codex1,
api-error-code-56043b91,api,2,error-code,dominio_publico,domain_public,apps/api/src/provisionar.ts:140,11,no,,D-10,approved,codex1,
api-error-code-58ecedb8,api,2,error-code,servico_principal_em_uso,service_principal_in_use,apps/api/src/dominio/gestao/servicos-do-roteador.ts:212,2,no,,D-10,approved,codex1,
api-error-code-5a3928aa,api,2,error-code,motivo_obrigatorio,reason_required,apps/api/src/dominio/status-atendente.ts:40,1,no,,D-10,approved,codex1,
api-error-code-5a549526,api,2,error-code,sem_teste_valido,without_test_valid,apps/api/src/dominio/sso.ts:210,2,no,,D-10,approved,codex1,
api-error-code-5ac90e5f,api,2,error-code,sem_condicao,without_condition,apps/api/src/dominio/gestao/cadastros.ts:957,2,no,,D-10,approved,codex1,
api-error-code-5add40c1,api,2,error-code,arquivo_vazio,file_empty,apps/api/src/dominio/anexo.ts:103,12,no,,D-10,approved,codex1,
api-error-code-5c2f61b6,api,2,error-code,tenant_ausente,tenant_missing,apps/api/src/controladores/minha-conta.ts:316,1,no,,D-10,approved,codex1,
api-error-code-5c8f2685,api,2,error-code,chave_de_outro_fluxo,key_of_other_flow,apps/api/src/autenticacao.ts:164,3,no,,D-10,approved,codex1,
api-error-code-5cd6d121,api,2,error-code,email_recusado,email_refused,apps/api/src/dominio/email.ts:99,2,no,,D-10,approved,codex1,
api-error-code-5d0a169e,api,2,error-code,url_invalida,url_invalid,apps/api/src/dominio/gestao/integracoes.ts:274,3,no,,D-10,approved,codex1,
api-error-code-5d5273eb,api,2,error-code,motivo_nao_criado,reason_not_created,apps/api/src/dominio/gestao/cadastros.ts:1641,1,no,,D-10,approved,codex1,
api-error-code-5deb4781,api,2,error-code,faixa_sobreposta,range_overlapping,apps/api/src/dominio/gestao/cadastros.ts:496,2,no,,D-10,approved,codex1,
api-error-code-5fc11b53,api,2,error-code,erro_interno,error_internal,apps/api/tests/convites.test.ts:420,3,no,,D-10,approved,codex1,
api-error-code-6323b71a,api,2,error-code,valor_obrigatorio,value_required,apps/api/src/dominio/gestao/cadastros.ts:971,1,no,,D-10,approved,codex1,
api-error-code-642564b8,api,2,error-code,convite_expirado,invitation_expired,apps/api/src/dominio/convites.ts:285,4,no,,D-10,approved,codex1,
api-error-code-647cdbbf,api,2,error-code,senha_obrigatoria,password_required,apps/api/src/dominio/gestao/certificados.ts:114,2,no,,D-10,approved,codex1,
api-error-code-6533262e,api,2,error-code,descricao_obrigatoria,description_required,apps/api/src/dominio/gestao/certificados.ts:101,1,no,,D-10,approved,codex1,
api-error-code-668e6eeb,api,2,error-code,dominio_em_uso,domain_in_use,apps/api/src/dominio/dominios.ts:116,2,no,,D-10,approved,codex1,
api-error-code-67a1f00b,api,2,error-code,slug_invalido,slug_invalid,apps/api/src/provisionar.ts:120,1,no,,D-10,approved,codex1,
api-error-code-681207a3,api,2,error-code,nome_em_uso,name_in_use,apps/api/src/dominio/gestao/regras-sla.ts:172,17,no,,D-10,approved,codex1,
api-error-code-6985d451,api,2,error-code,tipo_nao_aceito,type_not_accepted,apps/api/src/dominio/anexo.ts:77,3,no,,D-10,approved,codex1,
api-error-code-69ce9098,api,2,error-code,preferencias_invalidas,preferences_invalid,apps/api/src/dominio/whatsapp/preferencias.ts:51,1,no,,D-10,approved,codex1,
api-error-code-6bad7e64,api,2,error-code,contato_telefone_em_uso,contact_phone_in_use,apps/api/src/controladores/catalogo.ts:219,2,no,,D-10,approved,codex1,
api-error-code-7004bd39,api,2,error-code,conteudo_vazio,content_empty,apps/api/src/controladores/conversas.ts:275,3,no,,D-10,approved,codex1,
api-error-code-720193aa,api,2,error-code,atalho_obrigatorio,shortcut_required,apps/api/src/dominio/gestao/comunicacao.ts:202,1,no,,D-10,approved,codex1,
api-error-code-72139528,api,2,error-code,servico_chatbot_em_uso,service_chatbot_in_use,apps/api/src/dominio/gestao/servicos-do-roteador.ts:206,2,no,,D-10,approved,codex1,
api-error-code-721bee1a,api,2,error-code,conversa_de_outro_atendente,conversation_of_other_agent,apps/api/src/dominio/envio.ts:134,5,no,,D-10,approved,codex1,
api-error-code-7267c225,api,2,error-code,servico_expiracao,service_expiration,apps/api/src/dominio/gestao/servicos-do-roteador.ts:156,3,no,,D-10,approved,codex1,
api-error-code-727f661d,api,2,error-code,fila_nao_encontrada,queue_not_found,apps/api/src/dominio/gestao/cadastros.ts:1008,5,no,,D-10,approved,codex1,
api-error-code-72b320e5,api,2,error-code,parametros_invalidos,parameters_invalid,apps/api/src/controladores/contas.ts:30,2,no,,D-10,approved,codex1,
api-error-code-72d1c1e3,api,2,error-code,conta_ja_ligada,account_already_connected,apps/api/src/dominio/convites.ts:433,1,no,,D-10,approved,codex1,
api-error-code-73eecb1a,api,2,error-code,pfx_invalido,pfx_invalid,apps/api/src/dominio/gestao/pfx.ts:394,4,no,,D-10,approved,codex1,
api-error-code-744fd386,api,2,error-code,estado_desconhecido,state_unknown,apps/api/src/controladores/catalogo.ts:349,1,no,,D-10,approved,codex1,
api-error-code-779b677e,api,2,error-code,fila_nao_criada,queue_not_created,apps/api/src/dominio/gestao/cadastros.ts:1303,1,no,,D-10,approved,codex1,
api-error-code-794cd36b,api,2,error-code,transicao_invalida,transition_invalid,apps/api/src/dominio/conversa.ts:74,3,no,,D-10,approved,codex1,
api-error-code-796e9a8c,api,2,error-code,verificacao_recusada,verification_refused,apps/api/src/controladores/webhooks-whatsapp.ts:109,7,no,,D-10,approved,codex1,
api-error-code-7af0013e,api,2,error-code,canal_sem_app_secret,channel_without_app_secret,apps/api/src/controladores/webhooks-whatsapp.ts:60,3,no,,D-10,approved,codex1,
api-error-code-7bf9f70c,api,2,error-code,ja_e_membro,already_member,apps/api/src/dominio/gestao/equipe-do-fluxo.ts:413,3,no,,D-10,approved,sonnet,
api-error-code-7e91a473,api,2,error-code,nome_obrigatorio,name_required,apps/api/src/dominio/gestao/regras-prioridade.ts:83,12,no,,D-10,approved,codex1,
api-error-code-7fa04181,api,2,error-code,regra_nao_criada,rule_not_created,apps/api/src/dominio/gestao/regras-sla.ts:178,2,no,,D-10,approved,codex1,
api-error-code-802abf1e,api,2,error-code,nao_e_roteador,not_router,apps/api/src/dominio/gestao/servicos-do-roteador.ts:128,2,no,,D-10,approved,sonnet,
api-error-code-82d6db46,api,2,error-code,nivel_invalido,level_invalid,apps/api/src/dominio/gestao/regras-prioridade.ts:91,3,no,,D-10,approved,codex1,
api-error-code-83239508,api,2,error-code,imagem_invalida,image_invalid,apps/api/src/dominio/gestao/ciclo-de-vida-do-fluxo.ts:275,2,no,,D-10,approved,codex1,
api-error-code-84785549,api,2,error-code,escopo_id_obrigatorio,scope_id_required,apps/api/src/dominio/gestao/regras-sla.ts:132,3,no,,D-10,approved,codex1,
api-error-code-84915b36,api,2,error-code,sem_escopo,without_scope,apps/api/src/erros.ts:40,5,no,,D-10,approved,codex1,
api-error-code-85fe1c08,api,2,error-code,waba_ausente,waba_missing,apps/api/src/dominio/whatsapp/criacao-de-canal.ts:60,5,no,,D-10,approved,codex1,
api-error-code-8870289a,api,2,error-code,boas_vindas_botao,welcome_vindas_button,apps/api/src/dominio/gestao/configuracao-do-fluxo.ts:122,2,no,,D-10,approved,codex1,
api-error-code-890b8de9,api,2,error-code,nome_obrigatorio,name_required,apps/api/src/dominio/gestao/cadastros.ts:1199,12,no,,D-10,approved,codex1,
api-error-code-8a2b1cc5,api,2,error-code,cabecalhos_no_limite,headers_in_limit,apps/api/src/dominio/gestao/integracoes.ts:414,1,no,,D-10,approved,codex1,
api-error-code-8a317824,api,2,error-code,fila_nao_encontrada,queue_not_found,apps/api/src/dominio/gestao/regras-prioridade.ts:121,5,no,,D-10,approved,codex1,
api-error-code-8e69b867,api,2,error-code,verificacao_recusada,verification_refused,apps/api/src/controladores/webhooks-messenger.ts:4,7,no,,D-10,approved,codex1,
api-error-code-8f130dd3,api,2,error-code,cabecalho_reservado,header_reserved,apps/api/src/dominio/gestao/integracoes.ts:433,2,no,,D-10,approved,codex1,
api-error-code-8fb6930f,api,2,error-code,admin_invalido,admin_invalid,apps/api/src/provisionar.ts:125,1,no,,D-10,approved,codex1,
api-error-code-900f67ff,api,2,error-code,canal_sem_app,channel_without_app,apps/api/src/dominio/whatsapp/perfil.ts:200,2,no,,D-10,approved,codex1,
api-error-code-9255316b,api,2,error-code,conversa_indisponivel,conversation_unavailable,apps/api/src/dominio/assumir.ts:43,1,no,,D-10,approved,codex1,
api-error-code-92735067,api,2,error-code,canal_inativo,channel_inactive,apps/api/src/dominio/gestao/canal-do-fluxo.ts:166,7,no,,D-10,approved,codex1,
api-error-code-92fbc9fb,api,2,error-code,email_ausente,email_missing,apps/api/src/dominio/gestao/equipe-do-fluxo.ts:381,1,no,,D-10,approved,codex1,
api-error-code-93ff4f66,api,2,error-code,autenticacao_incompleta,authentication_incomplete,apps/api/src/dominio/gestao/integracoes.ts:477,3,no,,D-10,approved,codex1,
api-error-code-943ac449,api,2,error-code,escopo_invalido,scope_invalid,apps/api/src/dominio/gestao/regras-sla.ts:125,5,no,,D-10,approved,codex1,
api-error-code-94a99e4b,api,2,error-code,host_obrigatorio,host_required,apps/api/src/dominio/gestao/certificados.ts:93,1,no,,D-10,approved,codex1,
api-error-code-957913af,api,2,error-code,fluxo_invalido,flow_invalid,apps/api/src/dominio/gestao/builder-do-fluxo.ts:515,2,no,,D-10,approved,codex1,
api-error-code-965a04ca,api,2,error-code,estado_invalido,state_invalid,apps/api/src/dominio/whatsapp/estado-de-conexao.ts:62,3,no,,D-10,approved,codex1,
api-error-code-986fc3fc,api,2,error-code,nao_encontrado,not_found,apps/api/src/erros.ts:51,8,no,,D-10,approved,codex1,
api-error-code-9880caf2,api,2,error-code,nome_comeco,name_start,apps/api/src/dominio/gestao/ciclo-de-vida-do-fluxo.ts:114,3,no,,D-10,approved,codex1,
api-error-code-9a435fa6,api,2,error-code,provedor_invalido,provider_invalid,apps/api/src/dominio/sso.ts:108,1,no,,D-10,approved,codex1,
api-error-code-9a7bb9d5,api,2,error-code,assinatura_invalida,signature_invalid,apps/api/src/controladores/webhooks-whatsapp.ts:129,6,no,,D-10,approved,codex1,
api-error-code-9aca7f6d,api,2,error-code,menu_persistente_canal,menu_persistent_channel,apps/api/src/dominio/gestao/configuracao-do-fluxo.ts:216,2,no,,D-10,approved,codex1,
api-error-code-9c8cd68d,api,2,error-code,nome_obrigatorio,name_required,apps/api/src/dominio/rastreador-de-cliques.ts:86,12,no,,D-10,approved,codex1,
api-error-code-9cbed7c4,api,2,error-code,escopo_invalido,scope_invalid,apps/api/src/controladores/etiquetas.ts:53,5,no,,D-10,approved,codex1,
api-error-code-9db75655,api,2,error-code,configuracao_invalida,configuration_invalid,apps/api/src/dominio/instagram/canal.ts:65,9,no,,D-10,approved,codex1,
api-error-code-9f9bd296,api,2,error-code,nome_tamanho,name_size,apps/api/src/dominio/gestao/cadastros.ts:1564,5,no,,D-10,approved,codex1,
api-error-code-a099398f,api,2,error-code,ordem_invalida,order_invalid,apps/api/src/dominio/gestao/cadastros.ts:1226,1,no,,D-10,approved,codex1,
api-error-code-a1532691,api,2,error-code,corpo_ausente,body_missing,apps/api/src/controladores/webhooks-whatsapp.ts:127,3,no,,D-10,approved,codex1,
api-error-code-a41f445c,api,2,error-code,nao_encontrado,not_found,apps/api/src/controladores/contas.ts:25,8,no,,D-10,approved,codex1,
api-error-code-a4fabc85,api,2,error-code,servico_nome_em_uso,service_name_in_use,apps/api/src/dominio/gestao/servicos-do-roteador.ts:200,2,no,,D-10,approved,codex1,
api-error-code-a50ad3b9,api,2,error-code,pessoa_fora_do_contrato,person_outside_of_contract,apps/api/src/dominio/gestao/equipe-do-fluxo.ts:390,4,no,,D-10,approved,codex1,
api-error-code-a595832d,api,2,error-code,contato_sem_identificador,contact_without_identifier,apps/api/src/controladores/catalogo.ts:134,1,no,,D-10,approved,codex1,
api-error-code-a6923341,api,2,error-code,fila_usada_em_regra,queue_used_in_rule,apps/api/src/dominio/gestao/cadastros.ts:1436,2,no,,D-10,approved,codex1,
api-error-code-a6c68516,api,2,error-code,email_inacessivel,email_unreachable,apps/api/src/dominio/email.ts:91,1,no,,D-10,approved,codex1,
api-error-code-a99d5432,api,2,error-code,contato_telefone_invalido,contact_phone_invalid,apps/api/src/controladores/catalogo.ts:193,2,no,,D-10,approved,codex1,
api-error-code-a9e45ebd,api,2,error-code,evento_invalido,event_invalid,apps/api/src/dominio/gestao/integracoes.ts:398,2,no,,D-10,approved,codex1,
api-error-code-aa4304f8,api,2,error-code,perfil_invalido,profile_invalid,apps/api/src/dominio/whatsapp/perfil.ts:67,1,no,,D-10,approved,codex1,
api-error-code-aa8bbd21,api,2,error-code,anexos_demais,attachments_excessive,apps/api/src/dominio/envio.ts:349,2,no,,D-10,approved,codex1,
api-error-code-ac238933,api,2,error-code,palavra_nao_criada,word_not_created,apps/api/src/dominio/gestao/palavras-proibidas.ts:249,1,no,,D-10,approved,codex1,
api-error-code-ac99d025,api,2,error-code,arquivo_vazio,file_empty,apps/api/src/dominio/importacao-de-contatos.ts:71,12,no,,D-10,approved,codex1,
api-error-code-ad606a3f,api,2,error-code,canal_sem_token,channel_without_token,apps/api/src/dominio/whatsapp/modelos.ts:175,2,no,,D-10,approved,codex1,
api-error-code-ada995bb,api,2,error-code,atalho_com_espaco,shortcut_with_space,apps/api/src/dominio/gestao/comunicacao.ts:205,2,no,,D-10,approved,codex1,
api-error-code-ae97831f,api,2,error-code,roteador_sem_builder,router_without_builder,apps/api/src/dominio/gestao/builder-do-fluxo.ts:106,3,no,,D-10,approved,codex1,
api-error-code-b2b10a2f,api,2,error-code,dia_semana_invalido,day_week_invalid,apps/api/src/dominio/gestao/cadastros.ts:431,1,no,,D-10,approved,codex1,
api-error-code-b2f277cd,api,2,error-code,termo_em_uso,term_in_use,apps/api/src/dominio/gestao/palavras-proibidas.ts:242,4,no,,D-10,approved,codex1,
api-error-code-b3251a98,api,2,error-code,email_sem_credencial,email_without_credential,apps/api/src/dominio/email.ts:51,2,no,,D-10,approved,codex1,
api-error-code-b430ae4d,api,2,error-code,canal_inativo,channel_inactive,apps/api/src/controladores/webhooks-whatsapp.ts:53,7,no,,D-10,approved,codex1,
api-error-code-b4de1cdd,api,2,error-code,conexao_inativa,connection_inactive,apps/api/src/dominio/sso.ts:216,2,no,,D-10,approved,codex1,
api-error-code-b5491c31,api,2,error-code,cabecalhos_invalidos,headers_invalid,apps/api/src/dominio/gestao/integracoes.ts:410,1,no,,D-10,approved,codex1,
api-error-code-b5e34b27,api,2,error-code,conversa_encerrada,conversation_closed,apps/api/src/dominio/conversa.ts:335,3,no,,D-10,approved,codex1,
api-error-code-b6ca88f2,api,2,error-code,emissor_multi_tenant,issuer_multi_tenant,apps/api/src/dominio/sso.ts:321,2,no,,D-10,approved,codex1,
api-error-code-b77eb53a,api,2,error-code,operador_invalido,operator_invalid,apps/api/src/dominio/gestao/cadastros.ts:970,1,no,,D-10,approved,codex1,
api-error-code-ba0cfad3,api,2,error-code,atendente_obrigatorio,agent_required,apps/api/src/dominio/gestao/permissoes-do-atendente.ts:101,1,no,,D-10,approved,codex1,
api-error-code-be15ee3c,api,2,error-code,assinatura_invalida,signature_invalid,apps/api/src/controladores/webhooks-instagram.ts:59,6,no,,D-10,approved,codex1,
api-error-code-beaf2331,api,2,error-code,desenho_invalido,design_invalid,apps/api/src/dominio/gestao/builder-do-fluxo.ts:301,3,no,,D-10,approved,codex1,
api-error-code-c0cbf592,api,2,error-code,limite_de_chaves,limit_of_keys,apps/api/src/dominio/gestao/integracoes.ts:190,2,no,,D-10,approved,codex1,
api-error-code-c1c9042c,api,2,error-code,nada_para_gravar,nothing_for_write,apps/api/src/dominio/whatsapp/perfil.ts:190,2,no,,D-10,approved,codex1,
api-error-code-c1f0c6f3,api,2,error-code,duracao_invalida,duration_invalid,apps/api/src/dominio/gestao/cadastros.ts:1577,2,no,,D-10,approved,codex1,
api-error-code-c289357d,api,2,error-code,palavra_proibida,word_forbidden,apps/api/src/dominio/gestao/palavras-proibidas.ts:150,9,no,,D-10,approved,codex1,
api-error-code-c332616e,api,2,error-code,nome_em_uso,name_in_use,apps/api/src/dominio/gestao/cadastros.ts:1018,17,no,,D-10,approved,codex1,
api-error-code-c4691cbf,api,2,error-code,canal_inativo,channel_inactive,apps/api/src/controladores/mensagens-ativas.ts:89,7,no,,D-10,approved,codex1,
api-error-code-c46afb7f,api,2,error-code,canal_sem_token,channel_without_token,apps/api/src/dominio/whatsapp/perfil.ts:72,2,no,,D-10,approved,codex1,
api-error-code-c4fc4f2b,api,2,error-code,numero_em_uso,number_in_use,apps/api/src/dominio/gestao/canal-do-fluxo.ts:177,5,no,,D-10,approved,codex1,
api-error-code-c54545f1,api,2,error-code,cabecalho_repetido,header_repeated,apps/api/src/dominio/gestao/integracoes.ts:439,2,no,,D-10,approved,codex1,
api-error-code-c728a835,api,2,error-code,modelo_invalido,template_invalid,apps/api/src/dominio/whatsapp/modelos.ts:109,1,no,,D-10,approved,codex1,
api-error-code-c7ee4875,api,2,error-code,dominio_invalido,domain_invalid,apps/api/src/dominio/dominios.ts:53,1,no,,D-10,approved,codex1,
api-error-code-c87bfa70,api,2,error-code,resposta_nao_criada,response_not_created,apps/api/src/dominio/gestao/comunicacao.ts:303,1,no,,D-10,approved,codex1,
api-error-code-c8850ef6,api,2,error-code,data_em_uso,data_in_use,apps/api/src/dominio/gestao/cadastros.ts:635,2,no,,D-10,approved,codex1,
api-error-code-c8d02f85,api,2,error-code,escopo_invalido,scope_invalid,apps/api/src/dominio/gestao/regras-prioridade.ts:114,5,no,,D-10,approved,codex1,
api-error-code-c9ec49f9,api,2,error-code,meta_recusou,meta_refused,apps/api/src/dominio/whatsapp/cliente-graph.ts:277,23,no,,D-10,approved,codex1,
api-error-code-cba4eeb2,api,2,error-code,recados_ausentes,messages_missing,apps/api/src/controladores/gestao-fluxo.ts:154,2,no,,D-10,approved,codex1,
api-error-code-cca81386,api,2,error-code,destino_obrigatorio,destination_required,apps/api/src/controladores/rastreador-de-cliques.ts:69,3,no,,D-10,approved,codex1,
api-error-code-cd05c894,api,2,error-code,email_invalido,email_invalid,apps/api/src/dominio/sso.ts:346,4,no,,D-10,approved,codex1,
api-error-code-ce558aff,api,2,error-code,meta_recusou,meta_refused,apps/api/tests/canais.test.ts:1039,23,no,,D-10,approved,codex1,
api-error-code-d337c54a,api,2,error-code,meta_inacessivel,meta_unreachable,apps/api/tests/canais.test.ts:1064,7,no,,D-10,approved,codex1,
api-error-code-d3d95097,api,2,error-code,servico_nome,service_name,apps/api/src/dominio/gestao/servicos-do-roteador.ts:138,3,no,,D-10,approved,codex1,
api-error-code-d4994ec1,api,2,error-code,eventos_ausentes,events_missing,apps/api/src/dominio/gestao/integracoes.ts:393,2,no,,D-10,approved,codex1,
api-error-code-d4e3b530,api,2,error-code,url_longa_demais,url_long_excessive,apps/api/src/dominio/whatsapp/configuracao-de-webhook.ts:128,1,no,,D-10,approved,codex1,
api-error-code-d6cb6970,api,2,error-code,condicao_invalida,condition_invalid,apps/api/src/dominio/gestao/regras-prioridade.ts:102,2,no,,D-10,approved,codex1,
api-error-code-d6d5124e,api,2,error-code,conversa_de_outro_atendente,conversation_of_other_agent,apps/api/src/dominio/etiquetas.ts:117,5,no,,D-10,approved,codex1,
api-error-code-d9384103,api,2,error-code,permissao_fora_do_atendente,permission_outside_of_agent,apps/api/src/dominio/gestao/permissoes-do-atendente.ts:209,1,no,,D-10,approved,codex1,
api-error-code-da2905e9,api,2,error-code,config_incompleta,config_incomplete,apps/api/src/dominio/sso.ts:121,2,no,,D-10,approved,codex1,
api-error-code-da2a3ffe,api,2,error-code,waba_ausente,waba_missing,apps/api/src/dominio/whatsapp/configuracao-de-webhook.ts:74,5,no,,D-10,approved,codex1,
api-error-code-da7fb7c3,api,2,error-code,papel_ausente,role_missing,apps/api/src/dominio/convites.ts:203,1,no,,D-10,approved,codex1,
api-error-code-dad4c0c3,api,2,error-code,nao_autorizado,not_authorized,apps/api/src/erros.ts:36,3,no,,D-10,approved,codex1,
api-error-code-db8c7690,api,2,error-code,estado_invalido,state_invalid,apps/api/src/dominio/sso.ts:202,3,no,,D-10,approved,codex1,
api-error-code-dc032a28,api,2,error-code,numero_ausente,number_missing,apps/api/src/dominio/whatsapp/criacao-de-canal.ts:63,2,no,,D-10,approved,codex1,
api-error-code-dd5f3268,api,2,error-code,permissoes_invalidas,permissions_invalid,apps/api/src/dominio/gestao/equipe-do-fluxo.ts:149,1,no,,D-10,approved,codex1,
api-error-code-dd9c8217,api,2,error-code,fim_antes_do_inicio,end_before_of_start,apps/api/src/dominio/gestao/cadastros.ts:481,3,no,,D-10,approved,codex1,
api-error-code-dde69ba5,api,2,error-code,regra_nao_criada,rule_not_created,apps/api/src/dominio/gestao/regras-prioridade.ts:206,2,no,,D-10,approved,codex1,
api-error-code-e38a357d,api,2,error-code,dominio_publico,domain_public,apps/api/src/dominio/dominios.ts:57,11,no,,D-10,approved,codex1,
api-error-code-e3c298f2,api,2,error-code,horario_nao_encontrado,schedule_not_found,apps/api/src/dominio/gestao/cadastros.ts:1296,3,no,,D-10,approved,codex1,
api-error-code-e83fb667,api,2,error-code,verificacao_recusada,verification_refused,apps/api/src/controladores/webhooks-instagram.ts:34,7,no,,D-10,approved,codex1,
api-error-code-e8a86e1d,api,2,error-code,capacidade_invalida,capacity_invalid,apps/api/src/dominio/gestao/cadastros.ts:1216,4,no,,D-10,approved,codex1,
api-error-code-ea31e824,api,2,error-code,nome_tamanho,name_size,apps/api/src/dominio/gestao/ciclo-de-vida-do-fluxo.ts:108,5,no,,D-10,approved,codex1,
api-error-code-eb72bb18,api,2,error-code,alvo_invalido,target_invalid,apps/api/src/dominio/gestao/regras-sla.ts:79,2,no,,D-10,approved,codex1,
api-error-code-ee6d6355,api,2,error-code,convite_usado,invitation_used,apps/api/tests/convites.test.ts:417,4,no,,D-10,approved,codex1,
api-error-code-ef5c9793,api,2,error-code,corpo_obrigatorio,body_required,apps/api/src/dominio/gestao/comunicacao.ts:220,1,no,,D-10,approved,codex1,
api-error-code-f0ef0c87,api,2,error-code,webhook_falhou,webhook_failed,apps/api/src/dominio/whatsapp/configuracao-de-webhook.ts:139,2,no,,D-10,approved,codex1,
api-error-code-f169273a,api,2,error-code,canal_sem_app_secret,channel_without_app_secret,apps/api/src/controladores/webhooks-instagram.ts:52,3,no,,D-10,approved,codex1,
api-error-code-f262ab69,api,2,error-code,etiqueta_obrigatoria,label_required,apps/api/src/dominio/conversa.ts:115,3,no,,D-10,approved,codex1,
api-error-code-f2cd5c5b,api,2,error-code,conversa_encerrada,conversation_closed,apps/api/src/dominio/etiquetas.ts:110,3,no,,D-10,approved,codex1,
api-error-code-f344010d,api,2,error-code,menu_persistente_item,menu_persistent_item,apps/api/src/dominio/gestao/configuracao-do-fluxo.ts:236,1,no,,D-10,approved,codex1,
api-error-code-f34bbabe,api,2,error-code,regra_com_sla_correndo,rule_with_sla_running,apps/api/src/dominio/gestao/regras-sla.ts:286,2,no,,D-10,approved,codex1,
api-error-code-f4d02b3a,api,2,error-code,usuario_existe,user_exists,apps/api/src/dominio/construtor-de-conta.ts:183,1,no,,D-10,approved,codex1,
api-error-code-f573967d,api,2,error-code,emissor_invalido,issuer_invalid,apps/api/src/dominio/sso.ts:114,2,no,,D-10,approved,codex1,
api-error-code-f5afb0dd,api,2,error-code,filtro_invalido,filter_invalid,apps/api/src/controladores/conversas.ts:408,1,no,,D-10,approved,codex1,
api-error-code-f606e211,api,2,error-code,excecao_fechada_com_horario,exception_closed_with_schedule,apps/api/src/dominio/gestao/cadastros.ts:609,2,no,,D-10,approved,codex1,
api-error-code-f70c4b28,api,2,error-code,conta_ausente,account_missing,apps/api/src/dominio/whatsapp/criacao-de-canal.ts:58,1,no,,D-10,approved,codex1,
api-error-code-f82837ac,api,2,error-code,fluxo_ja_tem_canal,flow_already_has_channel,apps/api/src/dominio/gestao/canal-do-fluxo.ts:145,4,no,,D-10,approved,codex1,
api-error-code-f8f0edde,api,2,error-code,nivel_invalido,level_invalid,apps/api/src/dominio/gestao/equipe-do-fluxo.ts:156,3,no,,D-10,approved,codex1,
api-error-code-f968758a,api,2,error-code,numero_ambiguo,number_ambiguous,apps/api/src/dominio/whatsapp/info-do-numero.ts:74,2,no,,D-10,approved,codex1,
api-error-code-f973261e,api,2,error-code,funcionarios_invalido,employees_invalid,apps/api/src/controladores/minha-conta.ts:217,1,no,,D-10,approved,codex1,
api-error-code-f9e93bb1,api,2,error-code,nome_ausente,name_missing,apps/api/src/provisionar.ts:117,3,no,,D-10,approved,codex1,
api-error-code-f9fb76d1,api,2,error-code,arquivo_grande,file_large,apps/api/src/dominio/gestao/certificados.ts:130,3,no,,D-10,approved,codex1,
api-error-code-fa2d017f,api,2,error-code,prazo_invalido,deadline_invalid,apps/api/src/dominio/gestao/regras-sla.ts:88,2,no,,D-10,approved,codex1,
api-error-code-fb648f44,api,2,error-code,tipo_real_nao_aceito,type_real_not_accepted,apps/api/src/dominio/anexo.ts:88,1,no,,D-10,approved,codex1,
api-error-code-fd3bd658,api,2,error-code,token_ausente,token_missing,apps/api/src/dominio/whatsapp/configuracao-de-webhook.ts:75,4,no,,D-10,approved,codex1,
api-error-code-fddc6b12,api,2,error-code,canal_obrigatorio,channel_required,apps/api/src/controladores/mensagens-ativas.ts:79,2,no,,D-10,approved,codex1,
api-error-code-fe02025a,api,2,error-code,chave_de_fluxo,key_of_flow,apps/api/src/autenticacao.ts:156,11,no,,D-10,approved,codex1,
api-file-00594173,api,2,file,entrada.ts,domain/inbound.ts,apps/api/src/dominio/entrada.ts,18,no,,,approved,codex1,
api-file-03a4496d,api,2,file,entrar.ts,login.ts,apps/api/src/controladores/entrar.ts,9,no,,,approved,codex1,
api-file-06478baf,api,2,file,validacao-da-configuracao-manual.ts,validation-of-configuration-manual.ts,apps/api/src/dominio/whatsapp/validacao-da-configuracao-manual.ts,2,no,,,approved,codex1,
api-file-06accaf2,api,2,file,canais.ts,domain/channels.ts,apps/api/src/dominio/canais.ts,7,no,,,approved,codex1,
api-file-095b9b6f,api,2,file,espelho-crm.ts,mirror-crm.ts,apps/api/src/dominio/espelho-crm.ts,10,no,,,approved,codex1,
api-file-09ae3509,api,2,file,regra-fila.ts,rule-queue.ts,apps/api/src/dominio/gestao/regra-fila.ts,8,no,,,approved,codex1,
api-file-0ba25d38,api,2,file,operacao.ts,operations.ts,apps/api/src/controladores/operacao.ts,1,no,,,approved,codex1,
api-file-0c389e4a,api,2,file,filas.ts,src/queues.ts,apps/api/src/filas.ts,32,no,,,approved,codex1,
api-file-0d5a3092,api,2,file,entrada.test.ts,inbound.test.ts,apps/api/tests/entrada.test.ts,1,no,,,approved,codex1,
api-file-111adba6,api,2,file,gestao-equipe.ts,controllers/management-team.ts,apps/api/src/controladores/gestao-equipe.ts,1,no,,,approved,codex1,
api-file-11d7f18f,api,2,file,conversas.ts,controllers/conversations.ts,apps/api/src/controladores/conversas.ts,14,no,,,approved,codex1,
api-file-155d1232,api,2,file,monitoria.ts,management/quality-review.ts,apps/api/src/dominio/gestao/monitoria.ts,3,no,,,approved,codex1,glossary-exception:D-01
api-file-158785d0,api,2,file,roteador.ts,router.ts,apps/api/src/dominio/roteador.ts,1,no,,,approved,codex1,
api-file-1743d548,api,2,file,gestao-cadastros.ts,controllers/management-registrations.ts,apps/api/src/controladores/gestao-cadastros.ts,0,no,,,approved,codex1,
api-file-1c5b2e01,api,2,file,cadastro-embutido.ts,registration-embedded.ts,apps/api/src/dominio/whatsapp/cadastro-embutido.ts,2,no,,,approved,codex1,"fixed leftover PT token (gate-2 compound audit, D-47 follow-up)"
api-file-1d3b26e0,api,2,file,importacao.test.ts,import.test.ts,apps/api/tests/importacao.test.ts,1,no,,,approved,codex1,
api-file-1da69c4b,api,2,file,conexao-no-fluxo.ts,connection-in-flow.ts,apps/api/src/controladores/conexao-no-fluxo.ts,2,no,,,approved,codex1,
api-file-1dc922de,api,2,file,importacoes.ts,imports.ts,apps/api/src/controladores/importacoes.ts,0,no,,,approved,codex1,
api-file-1ea61379,api,2,file,mensagens-ativas.test.ts,messages-active.test.ts,apps/api/tests/mensagens-ativas.test.ts,1,no,,,approved,codex1,
api-file-2169d44c,api,2,file,roteador.test.ts,router.test.ts,apps/api/tests/roteador.test.ts,0,no,,,approved,codex1,
api-file-23364ea6,api,2,file,canais-messenger.ts,channels-messenger.ts,apps/api/src/controladores/canais-messenger.ts,0,no,,,approved,codex1,
api-file-24e11e88,api,2,file,metricas.ts,src/metrics.ts,apps/api/src/metricas.ts,3,no,,,approved,codex1,
api-file-24f575ae,api,2,file,historico.test.ts,history.test.ts,apps/api/tests/historico.test.ts,4,no,,,approved,codex1,
api-file-25b42025,api,2,file,canal-do-fluxo.test.ts,channel-of-flow.test.ts,apps/api/tests/canal-do-fluxo.test.ts,3,no,,,approved,codex1,
api-file-2889b8ff,api,2,file,cores-de-fila.ts,colors-of-queue.ts,apps/api/src/dominio/gestao/cores-de-fila.ts,0,no,,,approved,codex1,
api-file-30fad27e,api,2,file,estado-de-conexao.ts,state-of-connection.ts,apps/api/src/dominio/whatsapp/estado-de-conexao.ts,3,no,,,approved,codex1,
api-file-338c6feb,api,2,file,contrato.ts,contract.ts,apps/api/src/dominio/gestao/contrato.ts,0,no,,,approved,codex1,
api-file-35137e74,api,2,file,configuracao-de-webhook.ts,configuration-of-webhook.ts,apps/api/src/dominio/whatsapp/configuracao-de-webhook.ts,4,no,,,approved,codex1,
api-file-362b72cd,api,2,file,gestao-analise.ts,management-analytics.ts,apps/api/src/controladores/gestao-analise.ts,3,no,,,approved,codex1,
api-file-371ee653,api,2,file,configuracao-manual.ts,configuration-manual.ts,apps/api/src/dominio/whatsapp/configuracao-manual.ts,4,no,,,approved,codex1,
api-file-3a5f054d,api,2,file,cadastros-atendimento.test.ts,registrations-attendance.test.ts,apps/api/tests/cadastros-atendimento.test.ts,3,no,,,approved,codex1,
api-file-3e7c5852,api,2,file,canais-instagram.ts,channels-instagram.ts,apps/api/src/controladores/canais-instagram.ts,3,no,,,approved,codex1,
api-file-428745a2,api,2,file,gestao-analise.ts,domain/management-analytics.ts,apps/api/src/dominio/gestao-analise.ts,3,no,,,approved,codex1,
api-file-45038e50,api,2,file,acoes.ts,actions.ts,apps/api/src/dominio/desk/acoes.ts,39,no,,,approved,codex1,
api-file-4bc28469,api,2,file,construtor-de-conta.ts,builder-of-account.ts,apps/api/src/dominio/construtor-de-conta.ts,2,no,,,approved,codex1,
api-file-4be7f60e,api,2,file,regras-prioridade.ts,rules-priority.ts,apps/api/src/dominio/gestao/regras-prioridade.ts,4,no,,,approved,codex1,
api-file-4e68670c,api,2,file,servicos-do-roteador.ts,services-of-router.ts,apps/api/src/dominio/gestao/servicos-do-roteador.ts,5,no,,,approved,codex1,
api-file-517f6612,api,2,file,canal.ts,channel.ts,apps/api/src/dominio/instagram/canal.ts,3,no,,,approved,codex1,
api-file-5257b60c,api,2,file,janela.ts,window.ts,apps/api/src/dominio/gestao/janela.ts,1,no,,,approved,codex1,
api-file-529769f7,api,2,file,gestao-fluxo.ts,domain/management-flow.ts,apps/api/src/dominio/gestao-fluxo.ts,9,no,,,approved,codex1,
api-file-57871d01,api,2,file,anexos.ts,attachments.ts,apps/api/src/controladores/anexos.ts,6,no,,,approved,codex1,
api-file-57a6348c,api,2,file,redirecionamento.ts,redirect.ts,apps/api/src/controladores/redirecionamento.ts,0,no,,,approved,codex1,
api-file-57b47165,api,2,file,atendentes.ts,agents.ts,apps/api/src/dominio/gestao/acoes/atendentes.ts,3,no,,,approved,codex1,
api-file-5a64fae4,api,2,file,gestao-operacao.ts,management-operations.ts,apps/api/src/controladores/gestao-operacao.ts,1,no,,,approved,codex1,
api-file-5c82f233,api,2,file,banco.ts,src/database.ts,apps/api/src/banco.ts,12,no,,,approved,codex1,
api-file-5d6f5e69,api,2,file,envio-sessao.test.ts,envio-session.test.ts,apps/api/tests/envio-sessao.test.ts,1,no,,,approved,codex1,
api-file-5e198f74,api,2,file,desk-acoes.test.ts,desk-actions.test.ts,apps/api/tests/desk-acoes.test.ts,0,no,,,approved,codex1,
api-file-5eb1f490,api,2,file,contas.ts,accounts.ts,apps/api/src/controladores/contas.ts,2,no,,,approved,codex1,
api-file-62de75f9,api,2,file,passos-da-implantacao.ts,passos-of-deployment.ts,apps/api/src/dominio/gestao/passos-da-implantacao.ts,6,no,,,approved,codex1,
api-file-66543665,api,2,file,implantacao.ts,management/deployment.ts,apps/api/src/dominio/gestao/implantacao.ts,5,no,,,approved,codex1,
api-file-69571637,api,2,file,entrada.ts,messenger/inbound.ts,apps/api/src/dominio/messenger/entrada.ts,18,no,,,approved,codex1,
api-file-69f3dfa2,api,2,file,integracoes.test.ts,integrations.test.ts,apps/api/tests/integracoes.test.ts,4,no,,,approved,codex1,
api-file-6be73a7c,api,2,file,prioridade.test.ts,priority.test.ts,apps/api/tests/prioridade.test.ts,0,no,,,approved,codex1,
api-file-706c1149,api,2,file,reautorizacao.ts,reauthorization.ts,apps/api/src/dominio/whatsapp/reautorizacao.ts,1,no,,,approved,codex1,
api-file-70e2dd08,api,2,file,midia-recebida.test.ts,media-received.test.ts,apps/api/tests/midia-recebida.test.ts,2,no,,,approved,codex1,"fixed leftover PT token (gate-2 compound audit, D-47 follow-up)"
api-file-71c872b9,api,2,file,contas.test.ts,accounts.test.ts,apps/api/tests/contas.test.ts,1,no,,,approved,codex1,
api-file-75204b71,api,2,file,configuracao-do-fluxo.test.ts,configuration-of-flow.test.ts,apps/api/tests/configuracao-do-fluxo.test.ts,0,no,,,approved,codex1,
api-file-755efc15,api,2,file,provisionar.ts,provision.ts,apps/api/src/provisionar.ts,1,no,,,approved,codex1,
api-file-7b25fc3b,api,2,file,erros.ts,errors.ts,apps/api/src/erros.ts,13,no,,,approved,codex1,
api-file-7d604ee1,api,2,file,dicionario-crm.ts,dictionary-crm.ts,apps/api/src/dominio/dicionario-crm.ts,1,no,,,approved,codex1,
api-file-805a1ac1,api,2,file,configuracoes.ts,settings.ts,apps/api/src/dominio/gestao/acoes/configuracoes.ts,11,no,,,approved,codex1,
api-file-81eba4c0,api,2,file,conversa.ts,conversation.ts,apps/api/src/dominio/conversa.ts,3,no,,,approved,codex1,
api-file-8313004b,api,2,file,distribuicao.ts,distribution.ts,apps/api/src/dominio/distribuicao.ts,1,no,,,approved,codex1,
api-file-83d02b9b,api,2,file,tempo-real.ts,realtime.ts,apps/api/src/tempo-real.ts,2,no,,,approved,codex1,"GLOSSARY.md: tempo-real -> realtime (was time-real, token-level engine missed the compound entry)"
api-file-852d892e,api,2,file,builder-do-fluxo.ts,builder-of-flow.ts,apps/api/src/dominio/gestao/builder-do-fluxo.ts,4,no,,,approved,codex1,
api-file-8a5cf3d2,api,2,file,importacao-de-contatos.ts,domain/import-of-contacts.ts,apps/api/src/dominio/importacao-de-contatos.ts,8,no,,,approved,codex1,
api-file-8bda00a1,api,2,file,contrato.test.ts,contract.test.ts,apps/api/tests/contrato.test.ts,0,no,,,approved,codex1,
api-file-903ba586,api,2,file,fluxo.test.ts,flow.test.ts,apps/api/tests/fluxo.test.ts,17,no,,,approved,codex1,
api-file-913f38a5,api,2,file,esforco.ts,effort.ts,apps/api/src/dominio/gestao/esforco.ts,0,no,,,approved,codex1,
api-file-97f5f385,api,2,file,mensagem-ativa.ts,message-active.ts,apps/api/src/dominio/mensagem-ativa.ts,3,no,,,approved,codex1,
api-file-9c2d33d8,api,2,file,fluxo.ts,flow.ts,apps/api/src/dominio/fluxo.ts,8,no,,,approved,codex1,
api-file-9edaa370,api,2,file,cadastros.ts,registrations.ts,apps/api/src/dominio/gestao/cadastros.ts,22,no,,,approved,codex1,
api-file-a1f181a5,api,2,file,formato.ts,format.ts,apps/api/src/dominio/gestao/formato.ts,3,no,,,approved,codex1,
api-file-a373e438,api,2,file,minha-conta.ts,my-account.ts,apps/api/src/controladores/minha-conta.ts,0,no,,,approved,codex1,
api-file-a383a511,api,2,file,eventos-de-modelo.ts,events-of-template.ts,apps/api/src/dominio/whatsapp/eventos-de-modelo.ts,1,no,,,approved,codex1,
api-file-a3bf7f2b,api,2,file,renovacao.ts,renewal.ts,apps/api/src/dominio/instagram/renovacao.ts,1,no,,,approved,codex1,
api-file-a49438cb,api,2,file,prioridade-motor.ts,priority-engine.ts,apps/api/src/dominio/gestao/prioridade-motor.ts,4,no,,,approved,codex1,
api-file-a8c30ae4,api,2,file,comunicacao.ts,communication.ts,apps/api/src/dominio/gestao/acoes/comunicacao.ts,11,no,,,approved,codex1,
api-file-ad7bc2d6,api,2,file,criacao-de-canal.ts,creation-of-channel.ts,apps/api/src/dominio/whatsapp/criacao-de-canal.ts,2,no,,,approved,codex1,
api-file-aecff8f4,api,2,file,preferencias.ts,preferences.ts,apps/api/src/dominio/whatsapp/preferencias.ts,3,no,,,approved,codex1,
api-file-b27999c5,api,2,file,gestao-fluxo.ts,controllers/management-flow.ts,apps/api/src/controladores/gestao-fluxo.ts,9,no,,,approved,codex1,
api-file-b4051d23,api,2,file,satisfacao.ts,satisfaction.ts,apps/api/src/dominio/gestao/satisfacao.ts,4,no,,,approved,codex1,
api-file-b71ac2f0,api,2,file,analise.test.ts,analytics.test.ts,apps/api/tests/analise.test.ts,1,no,,,approved,codex1,
api-file-b800aa34,api,2,file,dicionario-crm.test.ts,dictionary-crm.test.ts,apps/api/tests/dicionario-crm.test.ts,0,no,,,approved,codex1,
api-file-b8241b13,api,2,file,builder-por-fluxo.test.ts,builder-by-flow.test.ts,apps/api/tests/builder-por-fluxo.test.ts,1,no,,,approved,codex1,
api-file-ba184355,api,2,file,canais.test.ts,channels.test.ts,apps/api/tests/canais.test.ts,4,no,,,approved,codex1,
api-file-bb7417c1,api,2,file,anexos-multiplos.test.ts,attachments-multiplos.test.ts,apps/api/tests/anexos-multiplos.test.ts,0,no,,,approved,codex1,
api-file-bdc3b924,api,2,file,canal.ts,messenger/channel.ts,apps/api/src/dominio/messenger/canal.ts,3,no,,,approved,codex1,
api-file-be11bfe1,api,2,file,canal.ts,whatsapp/channel.ts,apps/api/src/dominio/whatsapp/canal.ts,3,no,,,approved,codex1,
api-file-c198f3ec,api,2,file,permissoes-do-atendente.ts,permissions-of-agent.ts,apps/api/src/dominio/gestao/permissoes-do-atendente.ts,1,no,,,approved,codex1,
api-file-c3e0e593,api,2,file,importar-fluxo.ts,import-flow.ts,apps/api/src/importar-fluxo.ts,0,no,,,approved,codex1,
api-file-c7b34186,api,2,file,ciclo-de-vida-do-fluxo.test.ts,cycle-of-lifetime-of-flow.test.ts,apps/api/tests/ciclo-de-vida-do-fluxo.test.ts,2,no,,,approved,codex1,
api-file-c862312b,api,2,file,anexos.test.ts,attachments.test.ts,apps/api/tests/anexos.test.ts,3,no,,,approved,codex1,
api-file-c99eaca3,api,2,file,nota-avaliacao.ts,note-evaluation.ts,apps/api/src/dominio/gestao/nota-avaliacao.ts,1,no,,,approved,codex1,
api-file-cbe8e9dd,api,2,file,paginacao.ts,pagination.ts,apps/api/src/paginacao.ts,0,no,,,approved,codex1,
api-file-cc2b55ec,api,2,file,ciclo-de-vida-do-fluxo.ts,cycle-of-lifetime-of-flow.ts,apps/api/src/dominio/gestao/ciclo-de-vida-do-fluxo.ts,16,no,,,approved,codex1,
api-file-cdfe2e68,api,2,file,sessao.ts,api/src/session.ts,apps/api/src/sessao.ts,20,no,,,approved,codex1,
api-file-cec0bebb,api,2,file,equipe-do-fluxo.ts,team-of-flow.ts,apps/api/src/dominio/gestao/equipe-do-fluxo.ts,5,no,,,approved,codex1,
api-file-d1aa273f,api,2,file,atendimento.ts,attendance.ts,apps/api/src/dominio/gestao/atendimento.ts,0,no,,,approved,codex1,
api-file-d3b7902f,api,2,file,entrada.ts,instagram/inbound.ts,apps/api/src/dominio/instagram/entrada.ts,18,no,,,approved,codex1,
api-file-d5a3c4d7,api,2,file,contatos-editar.test.ts,contacts-editar.test.ts,apps/api/tests/contatos-editar.test.ts,0,no,,,approved,codex1,
api-file-d5d1f8ff,api,2,file,gestao-integracoes.ts,management-integrations.ts,apps/api/src/controladores/gestao-integracoes.ts,0,no,,,approved,codex1,
api-file-d6587e2c,api,2,file,configuracao-do-fluxo.ts,configuration-of-flow.ts,apps/api/src/dominio/gestao/configuracao-do-fluxo.ts,5,no,,,approved,codex1,
api-file-d6d183b8,api,2,file,desmontagem-de-webhook.ts,teardown-of-webhook.ts,apps/api/src/dominio/whatsapp/desmontagem-de-webhook.ts,2,no,,,approved,codex1,
api-file-d7701cf4,api,2,file,anexo.ts,attachment.ts,apps/api/src/dominio/anexo.ts,2,no,,,approved,codex1,
api-file-d7a45067,api,2,file,permissoes-do-atendente.test.ts,permissions-of-agent.test.ts,apps/api/tests/permissoes-do-atendente.test.ts,0,no,,,approved,codex1,
api-file-d872b3cd,api,2,file,marcacoes.ts,taggings.ts,apps/api/src/dominio/desk/marcacoes.ts,1,no,,,approved,codex1,
api-file-d8c3d524,api,2,file,tempo-real.test.ts,tests/realtime.test.ts,apps/api/tests/tempo-real.test.ts,0,no,,,approved,codex1,"GLOSSARY.md: tempo-real -> realtime (was time-real, token-level engine missed the compound entry)"
api-file-dc23b897,api,2,file,canal-do-fluxo.ts,channel-of-flow.ts,apps/api/src/dominio/gestao/canal-do-fluxo.ts,4,no,,,approved,codex1,
api-file-dd7fb5ff,api,2,file,configuracoes.ts,management/settings.ts,apps/api/src/dominio/gestao/configuracoes.ts,11,no,,,approved,codex1,
api-file-ddb922a5,api,2,file,gestao-builder.ts,management-builder.ts,apps/api/src/controladores/gestao-builder.ts,2,no,,,approved,codex1,
api-file-df116c8f,api,2,file,entrada-telefone.test.ts,inbound-phone.test.ts,apps/api/tests/entrada-telefone.test.ts,3,no,,,approved,codex1,
api-file-df54dc72,api,2,file,autenticacao.ts,authentication.ts,apps/api/src/autenticacao.ts,25,no,,,approved,codex1,
api-file-e41867c0,api,2,file,conversa-eventos.test.ts,conversation-events.test.ts,apps/api/tests/conversa-eventos.test.ts,0,no,,,approved,codex1,
api-file-e7d3692e,api,2,file,monitoramento.ts,monitoring.ts,apps/api/src/dominio/gestao/monitoramento.ts,2,no,,,approved,codex1,
api-file-ecf8e9a2,api,2,file,monitoramento-conversas.test.ts,monitoring-conversations.test.ts,apps/api/tests/monitoramento-conversas.test.ts,0,no,,,approved,codex1,
api-file-eeb9bfcc,api,2,file,gestao-conta.ts,management-account.ts,apps/api/src/controladores/gestao-conta.ts,0,no,,,approved,codex1,
api-file-f076cd00,api,2,file,chave-de-fluxo.test.ts,key-of-flow.test.ts,apps/api/tests/chave-de-fluxo.test.ts,4,no,,,approved,codex1,
api-file-f09d3873,api,2,file,mensagens-ativas.ts,messages-active.ts,apps/api/src/controladores/mensagens-ativas.ts,1,no,,,approved,codex1,
api-file-f0bb11e7,api,2,file,metricas.ts,metrics.ts,apps/api/src/dominio/desk/metricas.ts,3,no,,,approved,codex1,
api-file-f6a22c28,api,2,file,midia.ts,domain/media.ts,apps/api/src/dominio/midia.ts,7,no,,,approved,codex1,
api-file-f7184d86,api,2,file,comunicacao.ts,management/communication.ts,apps/api/src/dominio/gestao/comunicacao.ts,11,no,,,approved,codex1,
api-file-f83cc3a4,api,2,file,historico.ts,history.ts,apps/api/src/dominio/gestao/historico.ts,4,no,,,approved,codex1,
api-file-f8a25827,api,2,file,canais.ts,channels.ts,apps/api/src/controladores/canais.ts,7,no,,,approved,codex1,
api-file-f9eb9843,api,2,file,equipe-do-fluxo.test.ts,team-of-flow.test.ts,apps/api/tests/equipe-do-fluxo.test.ts,0,no,,,approved,codex1,
api-file-ff32bed5,api,2,file,integracoes.ts,integrations.ts,apps/api/src/dominio/gestao/integracoes.ts,13,no,,,approved,codex1,
api-file-ff3c999c,api,2,file,status-atendente.ts,status-agent.ts,apps/api/src/dominio/status-atendente.ts,1,no,,,approved,codex1,
api-file-fff9e40c,api,2,file,monitoramento-resumo.test.ts,monitoring-summary.test.ts,apps/api/tests/monitoramento-resumo.test.ts,0,no,,,approved,codex1,
api-job-name-5c21bb9f,api,2,job-name,renovacao-token-instagram,instagram-token-renewal,apps/api/src/filas.ts:491,4,no,,D-10,approved,sonnet,
api-job-name-a00b3b83,api,2,job-name,varredura-sla,sweep-sla,apps/api/src/filas.ts:401,4,no,,D-10,approved,sonnet,
api-job-name-c6d9e7d6,api,2,job-name,varredura-dicionario-crm,sweep-crm-dictionary,apps/api/src/filas.ts:464,4,no,,D-10,approved,sonnet,
api-job-name-e59b6a97,api,2,job-name,varredura-midia,sweep-media,apps/api/src/filas.ts:305,4,no,,D-10,approved,sonnet,
api-job-name-fe572552,api,2,job-name,varredura-espelho-crm,sweep-crm-mirror,apps/api/src/filas.ts:206,4,no,,D-10,approved,sonnet,
api-literal-value-0cddda7e,api,2,literal-value,cumprido,KEEP,apps/api/src/dominio/gestao/sla.ts:30,21,no,,D-11,approved,codex1,
api-literal-value-1879baf3,api,2,literal-value,feito,done,apps/api/src/dominio/gestao/passos-da-implantacao.ts:38,73,no,,D-11,approved,codex1,
api-literal-value-201ab54a,api,2,literal-value,usuario_inativo,user_inactive,apps/api/tests/entrada.test.ts:252,9,no,,D-11,approved,codex1,
api-literal-value-25ff72c0,api,2,literal-value,memoria,KEEP,apps/api/src/filas.ts:45,80,no,,D-11,approved,codex1,
api-literal-value-27362d12,api,2,literal-value,atendente,agent,apps/api/src/dominio/gestao/historico.ts:215,768,no,,D-11,approved,codex1,
api-literal-value-282ae895,api,2,literal-value,dominio_publico,domain_public,apps/api/tests/entrada.test.ts:249,11,no,,D-11,approved,codex1,
api-literal-value-2aed2f00,api,2,literal-value,dentro,inside,apps/api/src/dominio/gestao/sla.ts:30,495,no,,D-11,approved,codex1,
api-literal-value-2cdfbe92,api,2,literal-value,sem_regra,without_rule,apps/api/src/dominio/gestao/sla.ts:30,6,no,,D-11,approved,codex1,
api-literal-value-2ec6ef56,api,2,literal-value,pendente,pending,apps/api/src/dominio/gestao/passos-da-implantacao.ts:38,162,no,,D-11,approved,codex1,
api-literal-value-3ac427e7,api,2,literal-value,recusado,refused,apps/api/src/dominio/instagram/renovacao.ts:24,56,no,,D-11,approved,codex1,
api-literal-value-426cd760,api,2,literal-value,asc,KEEP,apps/api/src/paginacao.ts:60,153,no,,D-11,approved,codex1,
api-literal-value-493ab559,api,2,literal-value,conversa,conversation,apps/api/src/dominio/gestao/passos-da-implantacao.ts:40,1270,no,,D-11,approved,codex1,
api-literal-value-50b6a611,api,2,literal-value,fila,queue,apps/api/src/dominio/gestao/historico.ts:214,993,no,,D-11,approved,codex1,
api-literal-value-58cd3eab,api,2,literal-value,alerta,alert,apps/api/src/dominio/gestao/sla.ts:30,184,no,,D-11,approved,codex1,
api-literal-value-5f459aa4,api,2,literal-value,atendente,agent,apps/api/src/dominio/gestao/atendimento.ts:107,768,no,,D-11,approved,codex1,
api-literal-value-6055b8a6,api,2,literal-value,ja_em_atendimento,already_in_attendance,apps/api/src/dominio/mensagem-ativa.ts:153,4,no,,D-11,approved,codex1,
api-literal-value-61d19dea,api,2,literal-value,estourado,exceeded,apps/api/src/dominio/gestao/sla.ts:30,36,no,,D-11,approved,codex1,
api-literal-value-72d6ce4c,api,2,literal-value,acesso,access,apps/api/src/dominio/gestao/passos-da-implantacao.ts:40,136,no,,D-11,approved,codex1,
api-literal-value-7e935fe1,api,2,literal-value,contato_duplicado,contact_duplicated,apps/api/src/dominio/mensagem-ativa.ts:42,4,no,,D-11,approved,codex1,
api-literal-value-89bc091a,api,2,literal-value,vencido,expired,apps/api/src/dominio/instagram/renovacao.ts:24,34,no,,D-11,approved,codex1,
api-literal-value-91d806ab,api,2,literal-value,dominio_desconhecido,domain_unknown,apps/api/tests/entrada.test.ts:250,9,no,,D-11,approved,codex1,
api-literal-value-9ef612fc,api,2,literal-value,sem_convite,without_invitation,apps/api/tests/entrada.test.ts:251,15,no,,D-11,approved,codex1,
api-literal-value-a828f593,api,2,literal-value,cedo_demais,early_excessive,apps/api/src/dominio/instagram/renovacao.ts:24,5,no,,D-11,approved,codex1,
api-literal-value-b52f5cf6,api,2,literal-value,fila,queue,apps/api/src/dominio/gestao/atendimento.ts:107,993,no,,D-11,approved,codex1,
api-literal-value-b65a937a,api,2,literal-value,fila,queue,apps/api/src/dominio/gestao/passos-da-implantacao.ts:40,993,no,,D-11,approved,codex1,
api-literal-value-cfd01e53,api,2,literal-value,sem_arquivo,without_file,apps/api/src/dominio/gestao/certificados.ts:44,7,no,,D-11,approved,codex1,
api-literal-value-d309c82a,api,2,literal-value,desc,KEEP,apps/api/src/paginacao.ts:60,108,no,,D-11,approved,codex1,
api-literal-value-da7d6255,api,2,literal-value,renovado,KEEP,apps/api/src/dominio/instagram/renovacao.ts:24,7,no,,D-11,approved,codex1,
api-literal-value-dae35d21,api,2,literal-value,sem_espelho,without_mirror,apps/api/src/dominio/espelho-crm.ts:21,3,no,,D-11,approved,codex1,
api-literal-value-e903c566,api,2,literal-value,bullmq,KEEP,apps/api/src/filas.ts:45,13,no,,D-11,approved,codex1,
api-literal-value-f20ad935,api,2,literal-value,andamento,progress,apps/api/src/dominio/gestao/passos-da-implantacao.ts:38,29,no,,D-11,approved,codex1,
api-literal-value-f89882ba,api,2,literal-value,contatos,contacts,apps/api/src/dominio/gestao/passos-da-implantacao.ts:40,438,no,,D-11,approved,codex1,
api-metric-0ccc740d,api,2,metric,pipe_http_requisicoes_total,pipe_http_requests_total,apps/api/src/metricas.ts:51,8,no,,D-38,approved,sonnet,"rewrite-literals unmatched: metricas.ts is a hand-rolled Prometheus exporter (no prom-client) - the name is an unquoted AJUDA dict key and a bare contar() call argument, not a Counter/Gauge {name:} property the technical-position matcher recognizes; apply manually"
api-metric-5688f498,api,2,metric,pipe_migration_pendente,pipe_migration_pending,apps/api/src/metricas.ts:55,8,no,,D-38,approved,sonnet,rewrite-literals unmatched: same hand-rolled exporter as api-metric-0ccc740d; apply manually
api-metric-87eff7d9,api,2,metric,pipe_fila_idade_item_mais_velho_segundos,pipe_queue_oldest_item_age_seconds,apps/api/src/metricas.ts:54,7,no,,D-38,approved,sonnet,rewrite-literals unmatched: same hand-rolled exporter as api-metric-0ccc740d; apply manually
api-metric-95dd604a,api,2,metric,pipe_fila_profundidade,pipe_queue_depth,apps/api/src/metricas.ts:53,10,no,,D-38,approved,sonnet,rewrite-literals unmatched: same hand-rolled exporter as api-metric-0ccc740d; apply manually
api-metric-dcf9e22f,api,2,metric,pipe_mensagem_entrega_total,pipe_message_delivery_total,apps/api/src/metricas.ts:52,6,no,,D-38,approved,sonnet,rewrite-literals unmatched: same hand-rolled exporter as api-metric-0ccc740d; apply manually
api-queue-new-instagram-token,api,2,queue,pipe-instagram-token,KEEP,apps/api/src/filas.ts:475,0,unknown,,D-10,approved,sonnet,
api-script-46aa8560,api,2,script,importar:fluxo,import:flow,apps/api/package.json:1,0,no,,D-07,approved,sonnet,
api-script-bf26d566,api,2,script,provisionar,provision,apps/api/package.json:1,0,no,,D-07,approved,sonnet,
api-subpath-export-0a30eb20,api,2,subpath-export,./dominio/assumir,./domain/assume,apps/api/package.json:1,0,no,,,approved,sonnet,
api-subpath-export-240a0a99,api,2,subpath-export,./dominio/gestao/builder-do-fluxo,./domain/management/flow-builder,apps/api/package.json:1,0,no,,,approved,sonnet,
api-subpath-export-4762bf03,api,2,subpath-export,./dominio/fluxo,./domain/flow,apps/api/package.json:1,0,no,,,approved,sonnet,
api-subpath-export-584eb9b2,api,2,subpath-export,./dominio/envio,./domain/sending,apps/api/package.json:1,0,no,,,approved,sonnet,
api-subpath-export-e8487a5b,api,2,subpath-export,./dominio/conversa,./domain/conversation,apps/api/package.json:1,0,no,,,approved,sonnet,
api-symbol-0022c138,api,2,symbol,previaDaConversa,previaOfConversation,apps/api/src/controladores/gestao-operacao.ts:152,1,no,,,approved,codex1,
api-symbol-00344357,api,2,symbol,descricao,description,apps/api/src/controladores/gestao-fluxo.ts:189,299,no,,,approved,codex1,
api-symbol-00628957,api,2,symbol,papelId,roleId,apps/api/tests/contrato.test.ts:90,121,no,,,approved,codex1,
api-symbol-0082a5c2,api,2,symbol,ModoFila,ModoQueue,apps/api/src/filas.ts:45,2,no,,,approved,codex1,
api-symbol-00bfc8fb,api,2,symbol,carregarMonitoria,loadQualityReview,apps/api/src/dominio/gestao/monitoria.ts:141,3,no,,,approved,codex1,glossary-exception:D-01
api-symbol-00f51bbc,api,2,symbol,trocarCodigoPorToken,exchangeCodeByToken,apps/api/src/dominio/whatsapp/cliente-graph.ts:125,4,no,,,approved,codex1,
api-symbol-01577dc3,api,2,symbol,sessaoSemPoder,sessionWithoutPoder,apps/api/tests/configuracao-do-fluxo.test.ts:35,52,no,,,approved,codex1,
api-symbol-0165bac9,api,2,symbol,FiltroDeErro,ErrorFilter,apps/api/src/erros.ts:59,8,no,,D-05,approved,sonnet,
api-symbol-017fea55,api,2,symbol,PedidoDeEdicaoDeWebhook,RequestOfEditOfWebhook,apps/api/src/dominio/gestao/integracoes.ts:634,4,no,,,approved,codex1,
api-symbol-01831e22,api,2,symbol,carregarGerais,loadGeneral,apps/api/src/dominio/gestao/configuracoes.ts:272,1,no,,,approved,codex1,
api-symbol-018bb9c1,api,2,symbol,canal,channel,apps/api/src/controladores/gestao-fluxo.ts:254,970,no,,,approved,codex1,
api-symbol-01b8aea0,api,2,symbol,canal,channel,apps/api/src/dominio/whatsapp/reautorizacao.ts:33,970,no,,,approved,codex1,
api-symbol-01fa0062,api,2,symbol,EstadoAtendente,StateAgent,apps/api/src/dominio/status-atendente.ts:20,27,no,,,approved,codex1,
api-symbol-02142f91,api,2,symbol,ACOES,ACTIONS,apps/api/src/controladores/gestao-cadastros.ts:58,8,no,,,approved,codex1,
api-symbol-02216fbe,api,2,symbol,dominio,domain,apps/api/src/dominio/dominios.ts:42,476,no,,,approved,codex1,
api-symbol-02457347,api,2,symbol,preferenciasDe,preferencesOf,apps/api/src/dominio/whatsapp/preferencias.ts:32,5,no,,,approved,codex1,
api-symbol-02468932,api,2,symbol,publicarServico,publishService,apps/api/tests/roteador.test.ts:461,4,no,,,approved,codex1,
api-symbol-0256630c,api,2,symbol,contagem,count,apps/api/tests/entrada.test.ts:334,134,no,,,approved,codex1,
api-symbol-02a79fb4,api,2,symbol,abrirSessao,openSession,apps/api/tests/roteador.test.ts:66,91,no,,,approved,codex1,
api-symbol-02d88eda,api,2,symbol,LinhaBloco,LineBlock,apps/api/src/dominio/gestao/builder-do-fluxo.ts:173,4,no,,,approved,codex1,
api-symbol-02dcf5e9,api,2,symbol,erro,error,apps/api/src/dominio/gestao/pfx.ts:380,1478,no,,,approved,codex1,
api-symbol-02eab85b,api,2,symbol,fluxoExiste,flowExists,apps/api/src/dominio/rastreador-de-cliques.ts:63,9,no,,,approved,codex1,
api-symbol-0347e16f,api,2,symbol,pedirReautorizacao,pedirReauthorization,apps/api/src/dominio/whatsapp/canal.ts:123,5,no,,,approved,codex1,
api-symbol-03817f7b,api,2,symbol,criarMotivoDePausa,createReasonOfPause,apps/api/tests/desk-acoes.test.ts:78,4,no,,,approved,codex1,
api-symbol-03abe600,api,2,symbol,sessaoMembro,sessionMember,apps/api/tests/canal-do-fluxo.test.ts:310,4,no,,,approved,codex1,
api-symbol-03d2905a,api,2,symbol,excecoes,exceptions,apps/api/src/dominio/gestao/cadastros.ts:322,22,no,,,approved,codex1,
api-symbol-03e583f2,api,2,symbol,metricasPorChave,metricsByKey,apps/api/src/dominio/gestao/monitoramento.ts:251,6,no,,,approved,codex1,
api-symbol-04114a84,api,2,symbol,CaixaDoCanal,CaixaOfChannel,apps/api/src/dominio/gestao/configuracoes.ts:181,4,no,,,approved,codex1,
api-symbol-0466ca5d,api,2,symbol,enfileirarEntrada,enqueueInbound,apps/api/src/filas.ts:71,8,no,,,approved,codex1,"fixed leftover PT token (gate-2 compound audit, D-47 follow-up)"
api-symbol-046c10c5,api,2,symbol,pagina,page,apps/api/src/dominio/messenger/canal.ts:25,89,no,,,approved,codex1,
api-symbol-04a42be5,api,2,symbol,valor,value,apps/api/src/dominio/construtor-de-conta.ts:33,1656,no,,,approved,codex1,
api-symbol-04c4afd0,api,2,symbol,variaveisPadrao,variablesDefault,apps/api/tests/gerar-fixtures-jsonb.helper.ts:357,2,no,,,approved,codex1,
api-symbol-04e04c12,api,2,symbol,ControladorGestaoEquipe,ManagementTeamController,apps/api/src/controladores/gestao-equipe.ts:46,3,no,,D-05,approved,sonnet,
api-symbol-04e8cce7,api,2,symbol,estadoParaOEditor,stateForOEditor,apps/api/src/dominio/gestao/builder-do-fluxo.ts:188,3,no,,,approved,codex1,
api-symbol-04f4d124,api,2,symbol,escopoFora,scopeOutside,apps/api/tests/cadastros-atendimento.test.ts:772,1,no,,,approved,codex1,
api-symbol-050659fb,api,2,symbol,PfxDeTeste,PfxOfTest,apps/api/tests/ajuda-pfx.ts:145,2,no,,,approved,codex1,
api-symbol-051c254b,api,2,symbol,usuarioId,userId,apps/api/tests/contatos-editar.test.ts:41,604,no,,,approved,codex1,
api-symbol-05408bc8,api,2,symbol,PREFIXO_TXT,PREFIX_TXT,apps/api/src/dominio/dominios.ts:23,2,no,,,approved,codex1,
api-symbol-05870ed0,api,2,symbol,ConversaResolvida,ConversationResolved,apps/api/src/dominio/entrada.ts:468,2,no,,,approved,codex1,"fixed leftover PT token (gate-2 compound audit, D-47 follow-up)"
api-symbol-058dbdfd,api,2,symbol,blocoPorCodigo,blockByCode,apps/api/src/dominio/fluxo.ts:1076,12,no,,,approved,codex1,
api-symbol-05967d3e,api,2,symbol,sessao,session,apps/api/src/controladores/gestao-builder.ts:100,382,no,,,approved,codex1,
api-symbol-05976cd3,api,2,symbol,daConta,ofAccount,apps/api/src/dominio/gestao/contrato.ts:253,3,no,,,approved,codex1,
api-symbol-06007cb3,api,2,symbol,valoresDoMessenger,valuesOfMessenger,apps/api/src/dominio/messenger/entrada.ts:5,6,no,,,approved,codex1,
api-symbol-062481f3,api,2,symbol,validacao,validation,apps/api/src/importar-fluxo.ts:41,10,no,,,approved,codex1,
api-symbol-0633b69f,api,2,symbol,consumidorMidia,consumerMedia,apps/api/src/filas.ts:240,5,no,,,approved,codex1,
api-symbol-0634f382,api,2,symbol,AutenticacaoDeSaidaDecifrada,AuthenticationOfOutputDecrypted,apps/api/src/webhooks-saida.ts:76,3,no,,,approved,codex1,"fixed leftover PT token (gate-2 compound audit, D-47 follow-up)"
api-symbol-064d9c59,api,2,symbol,ControladorCanaisMessenger,MessengerChannelsController,apps/api/src/controladores/canais-messenger.ts:5,5,no,,D-05,approved,sonnet,
api-symbol-06575b3a,api,2,symbol,valor,value,apps/api/tests/entrada.test.ts:344,1656,no,,,approved,codex1,
api-symbol-0689924c,api,2,symbol,fluxoVivo,flowVivo,apps/api/src/dominio/gestao/equipe-do-fluxo.ts:253,20,no,,,approved,codex1,
api-symbol-069f92c5,api,2,symbol,atendentes,agents,apps/api/src/dominio/gestao/esforco.ts:141,309,no,,,approved,codex1,
api-symbol-06ae5997,api,2,symbol,papel,role,apps/api/src/dominio/convites.ts:92,521,no,,,approved,codex1,
api-symbol-06b60a4f,api,2,symbol,criarRespostaPronta,createResponseReady,apps/api/src/dominio/gestao/comunicacao.ts:277,5,no,,,approved,codex1,
api-symbol-06c589ed,api,2,symbol,RespostaDosRelatorios,ResponseOfReports,apps/api/src/controladores/gestao-analise.ts:100,4,no,,,approved,codex1,
api-symbol-06d0269a,api,2,symbol,criarRegraPrioridade,createRulePriority,apps/api/tests/cadastros-atendimento.test.ts:1107,12,no,,,approved,codex1,
api-symbol-07133097,api,2,symbol,etiquetaConversa,labelConversation,apps/api/tests/etiquetas.test.ts:39,19,no,,,approved,codex1,
api-symbol-07304e41,api,2,symbol,conversaId,conversationId,apps/api/src/dominio/desk/marcacoes.ts:133,523,no,,,approved,codex1,
api-symbol-073cc3cf,api,2,symbol,subir,up,apps/api/src/controladores/anexos.ts:26,71,no,,,approved,codex1,
api-symbol-0740b0e9,api,2,symbol,PaginaMessenger,PageMessenger,apps/api/src/dominio/messenger/cliente-graph.ts:6,4,no,,,approved,codex1,
api-symbol-0744cdca,api,2,symbol,conversaA,conversationA,apps/api/tests/sla-motor.test.ts:278,19,no,,,approved,codex1,
api-symbol-0751cae2,api,2,symbol,excluirRegraPrioridade,deleteRulePriority,apps/api/src/controladores/gestao-cadastros.ts:443,2,no,,,approved,codex1,
api-symbol-077efeb4,api,2,symbol,condicoes,conditions,apps/api/src/dominio/gestao/acoes/regras.ts:286,76,no,,,approved,codex1,
api-symbol-078b49f2,api,2,symbol,montarComponentesDeAutenticacao,assembleComponentsOfAuthentication,apps/api/src/dominio/whatsapp/modelos.ts:369,3,no,,,approved,codex1,
api-symbol-0796e0bd,api,2,symbol,capacidadePadrao,capacityDefault,apps/api/src/dominio/gestao/cadastros.ts:1289,37,no,,,approved,codex1,
api-symbol-07975328,api,2,symbol,contatoMessenger,contactMessenger,apps/api/src/dominio/gestao/configuracao-do-fluxo.ts:146,4,no,,,approved,codex1,
api-symbol-07c3a400,api,2,symbol,fetchDeVerdade,fetchOfTruth,apps/api/tests/integracoes.test.ts:437,11,no,,,approved,codex1,
api-symbol-07ecef53,api,2,symbol,EntradaNoFluxo,InboundInFlow,apps/api/src/dominio/fluxo.ts:176,4,no,,,approved,codex1,
api-symbol-07ed820f,api,2,symbol,aoSubir,toUp,apps/api/src/eventos-ws.ts:70,3,no,,,approved,codex1,
api-symbol-07f4bdf1,api,2,symbol,semearContato,seedContact,apps/api/tests/twenty.test.ts:256,3,no,,,approved,codex1,
api-symbol-08012ae3,api,2,symbol,paraFilaId,forQueueId,apps/api/src/dominio/desk/acoes.ts:299,10,no,,,approved,codex1,
api-symbol-083131a8,api,2,symbol,conversa,conversation,apps/api/src/dominio/desk/marcacoes.ts:52,1270,no,,,approved,codex1,
api-symbol-08327b8f,api,2,symbol,PedidoDeEdicaoDePalavraProibida,RequestOfEditOfWordForbidden,apps/api/src/dominio/gestao/palavras-proibidas.ts:169,2,no,,,approved,codex1,
api-symbol-08726887,api,2,symbol,urlDoConvite,urlOfInvitation,apps/api/src/dominio/convites.ts:70,4,no,,,approved,codex1,
api-symbol-089e059b,api,2,symbol,CondicaoDeRegra,ConditionOfRule,apps/api/src/dominio/gestao/regra-fila.ts:91,4,no,,,approved,codex1,
api-symbol-08c1d712,api,2,symbol,CanalInstagram,ChannelInstagram,apps/api/src/dominio/instagram/canal.ts:23,6,no,,,approved,codex1,
api-symbol-08c7dfba,api,2,symbol,construirConta,buildAccount,apps/api/src/dominio/construtor-de-conta.ts:163,4,no,,,approved,codex1,
api-symbol-08ddeb6e,api,2,symbol,filtroBusca,filterSearch,apps/api/src/dominio/gestao-analise.ts:474,6,no,,,approved,codex1,
api-symbol-090543c4,api,2,symbol,ErroDeAsn1,Asn1Error,apps/api/src/dominio/gestao/pfx.ts:63,16,no,,D-05,approved,sonnet,
api-symbol-091c9b1a,api,2,symbol,vincularAtendente,vincularAgent,apps/api/src/controladores/gestao-cadastros.ts:207,1,no,,,approved,codex1,
api-symbol-0941f76b,api,2,symbol,CargaAtendente,CargaAgent,apps/api/src/dominio/gestao/monitoramento.ts:121,6,no,,,approved,codex1,
api-symbol-0975a229,api,2,symbol,componente,component,apps/api/src/dominio/whatsapp/modelos.ts:449,78,no,,,approved,codex1,
api-symbol-097d1be2,api,2,symbol,contato,contact,apps/api/tests/twenty.test.ts:114,1026,no,,,approved,codex1,
api-symbol-098dd446,api,2,symbol,periodo,period,apps/api/src/controladores/gestao-operacao.ts:52,57,no,,,approved,codex1,
api-symbol-099059e4,api,2,symbol,normalizarTicketsPorHora,normalizeTicketsByHour,apps/api/src/dominio/gestao/monitoramento.ts:265,4,no,,,approved,codex1,
api-symbol-09a6c5aa,api,2,symbol,sessao,session,apps/api/src/controladores/minha-conta.ts:182,382,no,,,approved,codex1,
api-symbol-09b2fc20,api,2,symbol,agendarVarreduraDicionarioCrm,scheduleSweepDictionaryCrm,apps/api/src/filas.ts:460,3,no,,,approved,codex1,
api-symbol-09f8b3bc,api,2,symbol,ImportacaoDeFluxo,ImportOfFlow,apps/api/src/dominio/fluxo.ts:974,2,no,,,approved,codex1,
api-symbol-0a1e8986,api,2,symbol,estadoNovo,stateNew,apps/api/src/dominio/envio.ts:227,5,no,,,approved,codex1,
api-symbol-0a47a43c,api,2,symbol,carregarPreviaDaConversa,loadPreviaOfConversation,apps/api/src/dominio/gestao/monitoramento.ts:181,3,no,,,approved,codex1,
api-symbol-0a8414e1,api,2,symbol,papelId,roleId,apps/api/tests/integracoes.test.ts:64,121,no,,,approved,codex1,
api-symbol-0aa4956f,api,2,symbol,sessaoEditor,sessionEditor,apps/api/tests/equipe-do-fluxo.test.ts:38,150,no,,,approved,codex1,
api-symbol-0aca261d,api,2,symbol,RespostaDoMonitoramento,ResponseOfMonitoring,apps/api/src/controladores/gestao-operacao.ts:81,4,no,,,approved,codex1,
api-symbol-0ad23a14,api,2,symbol,DominioRegistrado,DomainRegistered,apps/api/src/dominio/dominios.ts:31,2,no,,,approved,codex1,"fixed leftover PT token (gate-2 compound audit, D-47 follow-up)"
api-symbol-0ad4d9bf,api,2,symbol,versoes,versions,apps/api/src/controladores/gestao-builder.ts:79,32,no,,,approved,codex1,
api-symbol-0b2ea289,api,2,symbol,mensagem,message,apps/api/src/dominio/whatsapp/configuracao-de-webhook.ts:137,1267,no,,,approved,codex1,
api-symbol-0b379c78,api,2,symbol,ativa,active,apps/api/src/dominio/gestao/regras-prioridade.ts:198,340,no,,,approved,codex1,
api-symbol-0b45af07,api,2,symbol,PedidoDeEdicaoDeMotivoPausa,RequestOfEditOfReasonPause,apps/api/src/dominio/gestao/cadastros.ts:1544,3,no,,,approved,codex1,
api-symbol-0b5fe954,api,2,symbol,VALIDADE_MS,VALIDITY_MS,apps/api/src/dominio/whatsapp/estado-de-conexao.ts:26,2,no,,,approved,codex1,
api-symbol-0b986c1f,api,2,symbol,CanalMessenger,ChannelMessenger,apps/api/src/dominio/messenger/canal.ts:11,3,no,,,approved,codex1,
api-symbol-0ba79791,api,2,symbol,monitoria,qualityReview,apps/api/src/controladores/gestao-operacao.ts:306,146,no,,,approved,codex1,glossary-exception:D-01
api-symbol-0bcaf518,api,2,symbol,erro,error,apps/api/src/dominio/whatsapp/cliente-graph.ts:275,1478,no,,,approved,codex1,
api-symbol-0bfa9c61,api,2,symbol,papelId,roleId,apps/api/src/controladores/gestao-conta.ts:109,121,no,,,approved,codex1,
api-symbol-0c783f50,api,2,symbol,filaEntrega,queueDelivery,apps/api/src/filas.ts:53,6,no,,,approved,codex1,
api-symbol-0c8bbe82,api,2,symbol,filtro,filter,apps/api/src/dominio/desk/consultas.ts:521,231,no,,,approved,codex1,
api-symbol-0c9e246e,api,2,symbol,RegraPrioridadeParaMotor,RulePriorityForEngine,apps/api/src/dominio/gestao/prioridade-motor.ts:35,5,no,,,approved,codex1,
api-symbol-0cccc465,api,2,symbol,variaveis,variables,apps/api/src/dominio/gestao/acoes/comunicacao.ts:93,134,no,,,approved,codex1,
api-symbol-0ce53cd3,api,2,symbol,abrirSessao,openSession,apps/api/tests/cadastros-atendimento.test.ts:77,91,no,,,approved,codex1,
api-symbol-0ceb2799,api,2,symbol,contatosComTelefone,contactsWithPhone,apps/api/tests/entrada-telefone.test.ts:47,6,no,,,approved,codex1,
api-symbol-0d1e771d,api,2,symbol,CorpoEdicaoContato,BodyEditContact,apps/api/src/controladores/catalogo.ts:57,2,no,,,approved,codex1,
api-symbol-0d5371ed,api,2,symbol,atendentes,agents,apps/api/src/dominio/gestao/permissoes-do-atendente.ts:122,309,no,,,approved,codex1,
api-symbol-0d5598a0,api,2,symbol,ContatoListado,ContactListed,apps/api/src/dominio/gestao-fluxo.ts:107,6,no,,,approved,codex1,"fixed leftover PT token (gate-2 compound audit, D-47 follow-up)"
api-symbol-0d8d89f8,api,2,symbol,semearIdentidade,seedIdentity,apps/api/tests/entrada.test.ts:46,2,no,,,approved,codex1,
api-symbol-0d90c4dc,api,2,symbol,cairPorInatividade,cairByInactivity,apps/api/src/dominio/desk/acoes.ts:99,9,no,,,approved,codex1,
api-symbol-0dc71e20,api,2,symbol,EtiquetaDoContato,LabelOfContact,apps/api/src/dominio/etiquetas.ts:208,5,no,,,approved,codex1,
api-symbol-0dc864c1,api,2,symbol,prefixo,prefix,apps/api/tests/ajuda.ts:106,89,no,,,approved,codex1,
api-symbol-0de1b543,api,2,symbol,LinhaDePermissao,LineOfPermission,apps/api/src/dominio/gestao/permissoes-do-atendente.ts:69,4,no,,,approved,codex1,
api-symbol-0de4de41,api,2,symbol,AtorDoContato,AtorOfContact,apps/api/src/dominio/etiquetas.ts:240,3,no,,,approved,codex1,
api-symbol-0deada95,api,2,symbol,dominio,domain,apps/api/src/dominio/sso.ts:348,476,no,,,approved,codex1,
api-symbol-0df39766,api,2,symbol,emAndamento,inProgress,apps/api/tests/builder-por-fluxo.test.ts:471,4,no,,,approved,codex1,
api-symbol-0df6f8fb,api,2,symbol,enfileirarEspelhoCrm,enqueueMirrorCrm,apps/api/src/filas.ts:147,8,no,,,approved,codex1,"fixed leftover PT token (gate-2 compound audit, D-47 follow-up)"
api-symbol-0e694c58,api,2,symbol,EstadoDoPasso,StateOfPasso,apps/api/src/dominio/gestao/passos-da-implantacao.ts:38,7,no,,,approved,codex1,
api-symbol-0e6e46c1,api,2,symbol,CanalMessengerVisivel,ChannelMessengerVisible,apps/api/src/dominio/messenger/canal.ts:12,14,no,,,approved,codex1,
api-symbol-0e6fa726,api,2,symbol,lerCanalVisivel,readChannelVisible,apps/api/src/dominio/canais.ts:121,4,no,,,approved,codex1,"fixed: leftover PT token (dictionary gap: ler/texto/como/resultado/servir), gate 2 dry-run sweep"
api-symbol-0e91cb21,api,2,symbol,pagina,page,apps/api/src/dominio/gestao-analise.ts:508,89,no,,,approved,codex1,
api-symbol-0ea70786,api,2,symbol,fluxo,flow,apps/api/tests/equipe-do-fluxo.test.ts:358,1172,no,,,approved,codex1,
api-symbol-0eea6a8f,api,2,symbol,primeiro,first,apps/api/src/dominio/gestao/permissoes-do-atendente.ts:164,258,no,,,approved,codex1,
api-symbol-0f3a9c02,api,2,symbol,novoSegredo,newSecret,apps/api/tests/canal-do-fluxo.test.ts:501,2,no,,,approved,codex1,
api-symbol-0f4811f8,api,2,symbol,ContextoDaChave,ContextOfKey,apps/api/src/autenticacao.ts:37,5,no,,,approved,codex1,
api-symbol-0fdb96bf,api,2,symbol,LIMITE_HISTORICO,LIMIT_HISTORY,apps/api/src/dominio/gestao/historico.ts:63,9,no,,,approved,codex1,
api-symbol-0fee2cb4,api,2,symbol,enviarMensagem,sendMessage,apps/api/src/dominio/envio.ts:106,17,no,,,approved,codex1,
api-symbol-0ff75715,api,2,symbol,agendarVarreduraProcessHttp,scheduleSweepProcessHttp,apps/api/src/filas.ts:111,4,no,,,approved,codex1,
api-symbol-10133c01,api,2,symbol,desligarCanalDoFluxo,disconnectChannelOfFlow,apps/api/src/dominio/gestao/canal-do-fluxo.ts:208,6,no,,,approved,codex1,
api-symbol-1028c58a,api,2,symbol,wabaTemOutroCanal,wabaHasOtherChannel,apps/api/src/dominio/whatsapp/desmontagem-de-webhook.ts:59,2,no,,,approved,codex1,
api-symbol-1038142f,api,2,symbol,erro,error,apps/api/tests/convites.test.ts:317,1478,no,,,approved,codex1,
api-symbol-104291cd,api,2,symbol,dominioAlvo,domainTarget,apps/api/src/provisionar.ts:137,2,no,,,approved,codex1,
api-symbol-10904572,api,2,symbol,contatoId,contactId,apps/api/tests/desk-acoes.test.ts:103,226,no,,,approved,codex1,
api-symbol-10916377,api,2,symbol,ContatoDoFluxo,ContactOfFlow,apps/api/src/dominio/gestao-fluxo.ts:64,6,no,,,approved,codex1,
api-symbol-109cf09c,api,2,symbol,ESCOPOS_DA_CHAVE_DO_FLUXO,SCOPES_OF_KEY_OF_FLOW,apps/api/src/dominio/gestao/integracoes.ts:80,1,no,,,approved,codex1,
api-symbol-10ac930e,api,2,symbol,periodoDaUrl,periodOfUrl,apps/api/src/controladores/gestao-analise.ts:57,4,no,,,approved,codex1,
api-symbol-10c0531d,api,2,symbol,ControladorGestaoOperacao,ManagementOperationsController,apps/api/src/controladores/gestao-operacao.ts:120,5,no,,D-05,approved,sonnet,
api-symbol-10ccf811,api,2,symbol,semAtendente,withoutAgent,apps/api/tests/cadastros-atendimento.test.ts:388,4,no,,,approved,codex1,
api-symbol-1105f070,api,2,symbol,IdentidadeParaGravar,IdentityForWrite,apps/api/src/dominio/gestao/configuracoes.ts:352,3,no,,,approved,codex1,
api-symbol-1107c9c0,api,2,symbol,acharOuAbrirConversa,findOrOpenConversation,apps/api/src/dominio/entrada.ts:477,3,no,,,approved,codex1,
api-symbol-110f6260,api,2,symbol,ModeloDaMeta,TemplateOfMeta,apps/api/src/dominio/whatsapp/cliente-graph.ts:106,9,no,,,approved,codex1,
api-symbol-11178034,api,2,symbol,fluxoPublicadoDoCanal,flowPublishedOfChannel,apps/api/src/dominio/fluxo.ts:91,10,no,,,approved,codex1,
api-symbol-11322048,api,2,symbol,mensagemSaidaId,messageOutputId,apps/api/tests/ponta-a-ponta.test.ts:110,11,no,,,approved,codex1,
api-symbol-1136ef9e,api,2,symbol,iteracoes,iterations,apps/api/src/dominio/gestao/pfx.ts:254,10,no,,,approved,codex1,
api-symbol-1139f526,api,2,symbol,fluxoComProcessHttp,flowWithProcessHttp,apps/api/tests/gerar-fixtures-jsonb.helper.ts:147,2,no,,,approved,codex1,
api-symbol-1160fcd6,api,2,symbol,outraFilaId,otherQueueId,apps/api/tests/transferencia.test.ts:33,14,no,,,approved,codex1,
api-symbol-116ead6c,api,2,symbol,dados,data,apps/api/tests/midia-recebida.test.ts:48,669,no,,,approved,codex1,
api-symbol-1174dbb1,api,2,symbol,chave,key,apps/api/tests/ajuda-pfx.ts:129,1153,no,,,approved,codex1,
api-symbol-1176a50b,api,2,symbol,criarRegra,createRule,apps/api/tests/prioridade.test.ts:114,2,no,,,approved,codex1,
api-symbol-117dae57,api,2,symbol,filaEspelhoCrm,queueMirrorCrm,apps/api/src/filas.ts:54,6,no,,,approved,codex1,
api-symbol-1191fa9f,api,2,symbol,usuarioComPapel,userWithRole,apps/api/tests/contrato.test.ts:61,7,no,,,approved,codex1,
api-symbol-11c00354,api,2,symbol,criarRegraSla,createRuleSla,apps/api/tests/sla-motor.test.ts:75,28,no,,,approved,codex1,
api-symbol-12520975,api,2,symbol,conversaDe,conversationOf,apps/api/tests/builder-por-fluxo.test.ts:240,3,no,,,approved,codex1,
api-symbol-12e385b5,api,2,symbol,indicePorTenant,indexByTenant,apps/api/src/dominio/mtls.ts:52,1,no,,,approved,codex1,
api-symbol-12e3f1db,api,2,symbol,abrirSessao,openSession,apps/api/tests/integracoes.test.ts:78,91,no,,,approved,codex1,
api-symbol-12e7e091,api,2,symbol,inteiroDe,integerOf,apps/api/src/dominio/gestao/pfx.ts:125,4,no,,,approved,codex1,
api-symbol-132a7106,api,2,symbol,erro,error,apps/api/src/dominio/fluxo.ts:709,1478,no,,,approved,codex1,
api-symbol-132d0767,api,2,symbol,ContaCriada,AccountCreated,apps/api/src/dominio/construtor-de-conta.ts:45,2,no,,,approved,codex1,
api-symbol-1365927b,api,2,symbol,guardarAnexo,saveAttachment,apps/api/src/dominio/entrada.ts:600,9,no,,,approved,codex1,"fixed leftover PT token (gate-2 compound audit, D-47 follow-up)"
api-symbol-1370877d,api,2,symbol,autorizacao,authorization,apps/api/src/webhooks-saida.ts:268,11,no,,,approved,codex1,
api-symbol-137a9e96,api,2,symbol,CascaDoContato,ShellOfContact,apps/api/src/controladores/gestao-fluxo.ts:99,3,no,,,approved,codex1,
api-symbol-13944638,api,2,symbol,papelId,roleId,apps/api/tests/builder-por-fluxo.test.ts:80,121,no,,,approved,codex1,
api-symbol-1397221a,api,2,symbol,sessao,session,apps/api/tests/chave-de-fluxo.test.ts:40,382,no,,,approved,codex1,
api-symbol-139f6b17,api,2,symbol,USUARIO_GERENCIAR,USER_MANAGE,apps/api/src/dominio/gestao/permissoes-do-atendente.ts:49,2,no,,,approved,codex1,
api-symbol-13b5668e,api,2,symbol,salvarFila,saveQueue,apps/api/src/dominio/gestao/acoes/atendentes.ts:43,8,no,,,approved,codex1,
api-symbol-1440595a,api,2,symbol,conversas,conversations,apps/api/src/dominio/gestao-fluxo.ts:154,540,no,,,approved,codex1,
api-symbol-14452bb2,api,2,symbol,originais,original,apps/api/src/dominio/fluxo.ts:1034,5,no,,,approved,codex1,
api-symbol-14460c19,api,2,symbol,autenticacaoEntrada,authenticationInbound,apps/api/src/dominio/gestao/integracoes.ts:669,5,no,,,approved,codex1,
api-symbol-1481af60,api,2,symbol,consumirDownloadMidia,consumeDownloadMedia,apps/api/src/filas.ts:251,3,no,,,approved,codex1,
api-symbol-14abd956,api,2,symbol,canal,channel,apps/api/tests/instagram.test.ts:315,970,no,,,approved,codex1,
api-symbol-14acb5f5,api,2,symbol,grupos,groups,apps/api/src/dominio/gestao/monitoria.ts:192,85,no,,,approved,codex1,
api-symbol-14d57ac9,api,2,symbol,sessao,session,apps/api/src/controladores/convites.ts:124,382,no,,,approved,codex1,
api-symbol-150013c9,api,2,symbol,sessaoDoOutroTenant,sessionOfOtherTenant,apps/api/tests/cadastros-atendimento.test.ts:41,64,no,,,approved,codex1,
api-symbol-1536f1fa,api,2,symbol,ConversaParaSla,ConversationForSla,apps/api/src/dominio/gestao/sla-motor.ts:133,2,no,,,approved,codex1,
api-symbol-15512532,api,2,symbol,semSessao,withoutSession,apps/api/tests/palavras-proibidas.test.ts:263,8,no,,,approved,codex1,
api-symbol-156915ce,api,2,symbol,listarCanaisInstagram,listChannelsInstagram,apps/api/src/dominio/instagram/canal.ts:141,3,no,,,approved,codex1,"fixed leftover PT token (gate-2 compound audit, D-47 follow-up)"
api-symbol-1570582a,api,2,symbol,validadeMs,validityMs,apps/api/src/dominio/instagram/renovacao.ts:50,2,no,,,approved,codex1,
api-symbol-15d875de,api,2,symbol,PERMISSOES,PERMISSIONS,apps/api/tests/entrada.test.ts:43,3,no,,,approved,codex1,
api-symbol-15dddf23,api,2,symbol,salvarExecucao,saveExecution,apps/api/src/dominio/fluxo.ts:668,3,no,,,approved,codex1,
api-symbol-15eec638,api,2,symbol,erroDe,errorOf,apps/api/tests/chave-de-fluxo.test.ts:122,11,no,,,approved,codex1,
api-symbol-15f08093,api,2,symbol,conversaId,conversationId,apps/api/tests/desk-acoes.test.ts:218,523,no,,,approved,codex1,
api-symbol-1623322e,api,2,symbol,capacidadeBruta,capacityRaw,apps/api/src/dominio/gestao/acoes/atendentes.ts:49,2,no,,,approved,codex1,
api-symbol-163090f5,api,2,symbol,usuarioId,userId,apps/api/src/dominio/convites.ts:356,604,no,,,approved,codex1,
api-symbol-1635e1b0,api,2,symbol,sessaoAdmin,sessionAdmin,apps/api/tests/convites.test.ts:49,15,no,,,approved,codex1,
api-symbol-1636c5db,api,2,symbol,comoErro,asError,apps/api/src/dominio/whatsapp/configuracao-de-webhook.ts:60,6,no,,,approved,codex1,
api-symbol-1688546f,api,2,symbol,hashDoSegredo,hashOfSecret,apps/api/src/autenticacao.ts:248,4,no,,,approved,codex1,
api-symbol-16c9cbff,api,2,symbol,lerCanalMessenger,readChannelMessenger,apps/api/src/dominio/messenger/canal.ts:16,8,no,,,approved,codex1,"fixed: leftover PT token (dictionary gap: ler/texto/como/resultado/servir), gate 2 dry-run sweep"
api-symbol-17139958,api,2,symbol,GuardaChaveApi,ApiKeyGuard,apps/api/src/autenticacao.ts:171,5,no,,D-05,approved,sonnet,
api-symbol-17362cfe,api,2,symbol,ativa,active,apps/api/src/dominio/gestao/acoes/configuracoes.ts:102,340,no,,,approved,codex1,
api-symbol-174c87c3,api,2,symbol,carregarRelatorios,loadReports,apps/api/src/dominio/gestao-analise.ts:365,3,no,,,approved,codex1,
api-symbol-175c90a3,api,2,symbol,sessaoSemPoder,sessionWithoutPoder,apps/api/tests/cadastros-atendimento.test.ts:39,52,no,,,approved,codex1,
api-symbol-176175a2,api,2,symbol,semearPapelDeConta,seedRoleOfAccount,apps/api/tests/email.test.ts:44,2,no,,,approved,codex1,
api-symbol-1762aad6,api,2,symbol,conversaId,conversationId,apps/api/tests/envio-sessao.test.ts:108,523,no,,,approved,codex1,
api-symbol-17a47108,api,2,symbol,PREFIXO_ATRIBUTO,PREFIX_ATRIBUTO,apps/api/src/dominio/gestao/regra-fila.ts:47,8,no,,,approved,codex1,
api-symbol-17c48591,api,2,symbol,estado,state,apps/api/src/controladores/sso.ts:78,1269,no,,,approved,codex1,
api-symbol-17cf4197,api,2,symbol,descricao,description,apps/api/src/dominio/gestao/certificados.ts:220,299,no,,,approved,codex1,
api-symbol-17eeb17b,api,2,symbol,SEGREDO,SECRET,apps/api/tests/instagram.test.ts:37,18,no,,,approved,codex1,
api-symbol-183a05ef,api,2,symbol,conferirSegredoDoApp,checkSecretOfApp,apps/api/src/dominio/instagram/cliente-graph.ts:147,10,no,,,approved,codex1,"fixed leftover PT token (gate-2 compound audit, D-47 follow-up)"
api-symbol-183abfb5,api,2,symbol,adicionarMembro,adicionarMember,apps/api/src/dominio/gestao/equipe-do-fluxo.ts:370,3,no,,,approved,codex1,
api-symbol-1896a798,api,2,symbol,variaveisDoTexto,variablesOfText,apps/api/src/dominio/whatsapp/modelos.ts:128,14,no,,,approved,codex1,
api-symbol-189d1176,api,2,symbol,primeira,first,apps/api/tests/desk-acoes.test.ts:322,377,no,,,approved,codex1,
api-symbol-18e662fa,api,2,symbol,subirApi,upApi,apps/api/src/servidor.ts:137,114,no,,,approved,codex1,
api-symbol-18f4dd9d,api,2,symbol,conversa,conversation,apps/api/src/dominio/assumir.ts:31,1270,no,,,approved,codex1,
api-symbol-190c9d7e,api,2,symbol,porConversa,byConversation,apps/api/src/dominio/gestao/atendimento.ts:211,9,no,,,approved,codex1,
api-symbol-193140e3,api,2,symbol,canalId,channelId,apps/api/tests/canal-do-fluxo.test.ts:190,387,no,,,approved,codex1,
api-symbol-19392355,api,2,symbol,usuarioId,userId,apps/api/tests/roteador.test.ts:47,604,no,,,approved,codex1,
api-symbol-1959d3a3,api,2,symbol,erro,error,apps/api/tests/chave-de-fluxo.test.ts:160,1478,no,,,approved,codex1,
api-symbol-19871b9a,api,2,symbol,criarAplicacao,createApplication,apps/api/src/servidor.ts:40,2,no,,,approved,codex1,
api-symbol-19b02c49,api,2,symbol,LinhaConversa,LineConversation,apps/api/src/dominio/etiquetas.ts:90,22,no,,,approved,codex1,
api-symbol-19ba5353,api,2,symbol,Gravacao,Recording,apps/api/src/dominio/gestao/cadastros.ts:795,22,no,,,approved,codex1,
api-symbol-19c75dec,api,2,symbol,estadoDasFilas,stateOfQueues,apps/api/src/filas.ts:542,6,no,,,approved,codex1,
api-symbol-19ea70d6,api,2,symbol,CHAVE_ESCOPOS,KEY_SCOPES,apps/api/src/autenticacao.ts:52,4,no,,,approved,codex1,
api-symbol-19ef5d0b,api,2,symbol,ultimoAtendimento,lastAttendance,apps/api/src/dominio/fluxo.ts:940,2,no,,,approved,codex1,
api-symbol-1a2ee354,api,2,symbol,FormatoDeMidia,FormatOfMedia,apps/api/src/dominio/whatsapp/modelos.ts:73,4,no,,,approved,codex1,
api-symbol-1a50f2a3,api,2,symbol,Posicao,Position,apps/api/tests/roteador.test.ts:524,29,no,,,approved,codex1,
api-symbol-1a5939dd,api,2,symbol,porHoraCru,byHourRaw,apps/api/src/dominio/gestao/monitoramento.ts:669,2,no,,,approved,codex1,
api-symbol-1a6b458c,api,2,symbol,ordem,order,apps/api/src/dominio/gestao/acoes/regras.ts:277,517,no,,,approved,codex1,
api-symbol-1a710d51,api,2,symbol,chave,key,apps/api/src/dominio/gestao/monitoria.ts:194,1153,no,,,approved,codex1,
api-symbol-1a97c598,api,2,symbol,removerMembro,removeMember,apps/api/src/dominio/gestao/equipe-do-fluxo.ts:489,8,no,,,approved,codex1,
api-symbol-1aa529af,api,2,symbol,requisicao,request,apps/api/src/sessao.ts:149,450,no,,,approved,codex1,
api-symbol-1b46c7bd,api,2,symbol,fluxo,flow,apps/api/src/controladores/sso.ts:119,1172,no,,,approved,codex1,
api-symbol-1bc5880d,api,2,symbol,chave,key,apps/api/src/dominio/gestao/atendimento.ts:118,1153,no,,,approved,codex1,
api-symbol-1bccb544,api,2,symbol,daFila,ofQueue,apps/api/tests/sla-motor.test.ts:146,15,no,,,approved,codex1,
api-symbol-1bdd681b,api,2,symbol,valores,values,apps/api/src/dominio/envio.ts:486,140,no,,,approved,codex1,
api-symbol-1c0c78ec,api,2,symbol,sessaoEditor,sessionEditor,apps/api/tests/builder-por-fluxo.test.ts:42,150,no,,,approved,codex1,
api-symbol-1c33d3c7,api,2,symbol,aceitarConvite,aceitarInvitation,apps/api/src/dominio/convites.ts:325,11,no,,,approved,codex1,
api-symbol-1c3fe81d,api,2,symbol,dominio,domain,apps/api/tests/convites.test.ts:426,476,no,,,approved,codex1,
api-symbol-1c6dbd9b,api,2,symbol,SEM_ESPELHO,WITHOUT_MIRROR,apps/api/src/dominio/espelho-crm.ts:21,3,no,,,approved,codex1,
api-symbol-1c8f904e,api,2,symbol,trocarCodigo,exchangeCode,apps/api/src/dominio/whatsapp/troca-de-token.ts:11,17,no,,,approved,codex1,
api-symbol-1cb52fe1,api,2,symbol,iteracoes,iterations,apps/api/tests/ajuda-pfx.ts:128,10,no,,,approved,codex1,
api-symbol-1cc07ed5,api,2,symbol,OrigemDoCanal,OriginOfChannel,apps/api/src/dominio/whatsapp/criacao-de-canal.ts:32,3,no,,,approved,codex1,
api-symbol-1d0c718c,api,2,symbol,conversaId,conversationId,apps/api/src/dominio/mensagem-ativa.ts:168,523,no,,,approved,codex1,
api-symbol-1d2ed2a3,api,2,symbol,arquivado,archived,apps/api/tests/roteador.test.ts:191,42,no,,,approved,codex1,
api-symbol-1d31629c,api,2,symbol,LinhaEntrega,LineDelivery,apps/api/src/webhooks-saida.ts:197,3,no,,,approved,codex1,
api-symbol-1d3e377a,api,2,symbol,FilaCadastrada,QueueRegistered,apps/api/src/dominio/gestao/cadastros.ts:79,15,no,,,approved,codex1,"fixed leftover PT token (gate-2 compound audit, D-47 follow-up)"
api-symbol-1d3e70b2,api,2,symbol,pagina,page,apps/api/tests/ponta-a-ponta.test.ts:265,89,no,,,approved,codex1,
api-symbol-1dc1dd80,api,2,symbol,consumirRenovacaoInstagram,consumeRenewalInstagram,apps/api/src/filas.ts:479,3,no,,,approved,codex1,
api-symbol-1dc88a6f,api,2,symbol,novaConversa,newConversation,apps/api/tests/conversa-eventos.test.ts:73,49,no,,,approved,codex1,
api-symbol-1de791b6,api,2,symbol,conversaA,conversationA,apps/api/tests/palavras-proibidas.test.ts:387,19,no,,,approved,codex1,
api-symbol-1df6bc6c,api,2,symbol,sessao,session,apps/api/src/sessao.ts:163,382,no,,,approved,codex1,
api-symbol-1e8a96df,api,2,symbol,segredo,secret,apps/api/tests/ajuda.ts:107,212,no,,,approved,codex1,
api-symbol-1ec2c0b4,api,2,symbol,modeloId,templateId,apps/api/tests/email.test.ts:276,16,no,,,approved,codex1,
api-symbol-1ec9dffc,api,2,symbol,implantacao,deployment,apps/api/src/controladores/gestao-conta.ts:164,14,no,,,approved,codex1,
api-symbol-1ee57d16,api,2,symbol,sessao,session,apps/api/src/controladores/gestao-conta.ts:108,382,no,,,approved,codex1,
api-symbol-1f7af8d9,api,2,symbol,EscopoDeEtiqueta,ScopeOfLabel,apps/api/src/dominio/etiquetas.ts:29,3,no,,,approved,codex1,
api-symbol-1f9a8b83,api,2,symbol,chaveDoFluxoA,keyOfFlowA,apps/api/tests/chave-de-fluxo.test.ts:44,5,no,,,approved,codex1,
api-symbol-1fe50f12,api,2,symbol,transferirEmMassa,transferInBulk,apps/api/src/dominio/desk/acoes.ts:292,12,no,,,approved,codex1,
api-symbol-1ff89fd5,api,2,symbol,criarContato,createContact,apps/api/tests/palavras-proibidas.test.ts:118,13,no,,,approved,codex1,
api-symbol-1ff90bd9,api,2,symbol,alternarAtivaDaRegraFila,toggleActiveOfRuleQueue,apps/api/src/dominio/gestao/cadastros.ts:851,4,no,,,approved,codex1,
api-symbol-209163e4,api,2,symbol,ControladorAnexos,AttachmentsController,apps/api/src/controladores/anexos.ts:24,21,no,,D-05,approved,sonnet,
api-symbol-20b5da22,api,2,symbol,gravarPreferencias,writePreferences,apps/api/src/dominio/whatsapp/preferencias.ts:87,9,no,,,approved,codex1,
api-symbol-20bcae61,api,2,symbol,porMensagem,byMessage,apps/api/src/dominio/gestao/monitoria.ts:363,1,no,,,approved,codex1,
api-symbol-20e41cbd,api,2,symbol,definirPapelDoConvite,defineRoleOfInvitation,apps/api/src/dominio/gestao/contrato.ts:348,3,no,,,approved,codex1,
api-symbol-21261a0a,api,2,symbol,FiltroAtendimento,AttendanceFilter,apps/api/src/dominio/gestao/atendimento.ts:80,3,no,,D-05,approved,sonnet,
api-symbol-213668ec,api,2,symbol,modelosLocais,templatesLocations,apps/api/tests/canais.test.ts:570,5,no,,,approved,codex1,
api-symbol-214533ca,api,2,symbol,restaurar,restore,apps/api/src/controladores/gestao-builder.ts:92,25,no,,,approved,codex1,
api-symbol-2148d6d6,api,2,symbol,contagemPorChave,countByKey,apps/api/src/dominio/rastreador-de-cliques.ts:161,1,no,,,approved,codex1,
api-symbol-218d1689,api,2,symbol,sincronizarDicionario,syncDictionary,apps/api/src/controladores/crm.ts:53,13,no,,,approved,codex1,
api-symbol-219f82b6,api,2,symbol,semear,seed,apps/api/tests/equipe-do-fluxo.test.ts:141,55,no,,,approved,codex1,
api-symbol-21b02959,api,2,symbol,falarComAtendente,falarWithAgent,apps/api/src/controladores/gestao-operacao.ts:165,1,no,,,approved,codex1,
api-symbol-21bb5374,api,2,symbol,criarConversa,createConversation,apps/api/tests/anexos-multiplos.test.ts:101,25,no,,,approved,codex1,
api-symbol-21d6d4dd,api,2,symbol,erro,error,apps/api/tests/anexos-multiplos.test.ts:218,1478,no,,,approved,codex1,
api-symbol-21e1f1f5,api,2,symbol,sessao,session,apps/api/src/controladores/importacoes.ts:35,382,no,,,approved,codex1,
api-symbol-223460f9,api,2,symbol,primeiro,first,apps/api/src/controladores/redirecionamento.ts:34,258,no,,,approved,codex1,
api-symbol-2278a3ec,api,2,symbol,AtendenteCadastrado,AgentRegistered,apps/api/src/dominio/gestao/cadastros.ts:1080,14,no,,,approved,codex1,
api-symbol-2285b037,api,2,symbol,PedidoDeEdicaoDeFila,RequestOfEditOfQueue,apps/api/src/dominio/gestao/cadastros.ts:1178,6,no,,,approved,codex1,
api-symbol-22aa57af,api,2,symbol,listaAtendentes,listAgents,apps/api/src/dominio/gestao/monitoramento.ts:679,6,no,,,approved,codex1,
api-symbol-22abf6db,api,2,symbol,descricao,description,apps/api/tests/contrato.test.ts:399,299,no,,,approved,codex1,
api-symbol-2304c1bb,api,2,symbol,criarFluxo,createFlow,apps/api/tests/chave-de-fluxo.test.ts:87,15,no,,,approved,codex1,
api-symbol-23467982,api,2,symbol,porAtendente,byAgent,apps/api/src/dominio/gestao/monitoria.ts:200,11,no,,,approved,codex1,
api-symbol-2366ec21,api,2,symbol,vazio,empty,apps/api/tests/palavras-proibidas.test.ts:246,290,no,,,approved,codex1,
api-symbol-23729dbd,api,2,symbol,idDaPagina,idOfPage,apps/api/src/dominio/messenger/cliente-graph.ts:53,1,no,,,approved,codex1,
api-symbol-238b3c33,api,2,symbol,daFila,ofQueue,apps/api/src/dominio/gestao/monitoramento.ts:628,15,no,,,approved,codex1,
api-symbol-23b9567e,api,2,symbol,semCondicao,withoutCondition,apps/api/tests/cadastros-atendimento.test.ts:633,3,no,,,approved,codex1,
api-symbol-23bf5ca5,api,2,symbol,CanalResolvido,ChannelResolved,apps/api/src/banco.ts:46,20,no,,,approved,codex1,"fixed leftover PT token (gate-2 compound audit, D-47 follow-up)"
api-symbol-23c03c87,api,2,symbol,criarCertificado,createCertificate,apps/api/src/dominio/gestao/certificados.ts:214,3,no,,,approved,codex1,"fixed leftover PT token (gate-2 compound audit, D-47 follow-up)"
api-symbol-23cb1b89,api,2,symbol,criarServico,createService,apps/api/src/controladores/gestao-fluxo.ts:452,4,no,,,approved,codex1,
api-symbol-23f0e261,api,2,symbol,roteadorVivo,routerVivo,apps/api/src/dominio/gestao/servicos-do-roteador.ts:120,4,no,,,approved,codex1,
api-symbol-23fb20cc,api,2,symbol,ControladorContas,AccountsController,apps/api/src/controladores/contas.ts:18,5,no,,D-05,approved,sonnet,
api-symbol-246ed42a,api,2,symbol,DESCRICAO,DESCRIPTION,apps/api/src/dominio/gestao/ciclo-de-vida-do-fluxo.ts:71,2,no,,,approved,codex1,
api-symbol-24709523,api,2,symbol,porEtiqueta,byLabel,apps/api/src/dominio/gestao/monitoramento.ts:550,5,no,,,approved,codex1,
api-symbol-24bbbedb,api,2,symbol,paraFila,forQueue,apps/api/src/dominio/conversa.ts:304,8,no,,,approved,codex1,
api-symbol-24d77be6,api,2,symbol,gravarPreferencias,writePreferences,apps/api/src/controladores/canais.ts:210,9,no,,,approved,codex1,
api-symbol-250ef702,api,2,symbol,mensagem,message,apps/api/src/dominio/gestao/configuracao-do-fluxo.ts:116,1267,no,,,approved,codex1,
api-symbol-25a5a156,api,2,symbol,busca,search,apps/api/src/dominio/gestao-fluxo.ts:457,420,no,,,approved,codex1,
api-symbol-25ccac34,api,2,symbol,atendenteId,agentId,apps/api/tests/permissoes-do-atendente.test.ts:42,217,no,,,approved,codex1,
api-symbol-25d4a901,api,2,symbol,excluirFila,deleteQueue,apps/api/src/dominio/gestao/cadastros.ts:1394,6,no,,,approved,codex1,
api-symbol-25f1e1fb,api,2,symbol,CartoesTempoReal,CardsTimeReal,apps/api/src/dominio/gestao/monitoramento.ts:90,5,no,,,approved,codex1,
api-symbol-2610219f,api,2,symbol,FilaGravada,QueueWritten,apps/api/src/dominio/gestao/cadastros.ts:1187,3,no,,,approved,codex1,
api-symbol-264cb38e,api,2,symbol,criarFaixaSql,createRangeSql,apps/api/tests/cadastros-atendimento.test.ts:902,7,no,,,approved,codex1,
api-symbol-265eb05e,api,2,symbol,papelConferido,roleChecked,apps/api/src/dominio/gestao/equipe-do-fluxo.ts:135,3,no,,,approved,codex1,"fixed leftover PT token (gate-2 compound audit, D-47 follow-up)"
api-symbol-2670cc6b,api,2,symbol,uuidsDoFiltro,uuidsOfFilter,apps/api/src/controladores/gestao-operacao.ts:47,3,no,,,approved,codex1,
api-symbol-26b6cd92,api,2,symbol,contato,contact,apps/api/src/controladores/gestao-fluxo.ts:232,1026,no,,,approved,codex1,
api-symbol-26f713be,api,2,symbol,canalId,channelId,apps/api/src/dominio/instagram/canal.ts:231,387,no,,,approved,codex1,
api-symbol-27072db3,api,2,symbol,dados,data,apps/api/src/dominio/gestao/monitoramento.ts:293,669,no,,,approved,codex1,
api-symbol-2728cd0b,api,2,symbol,ResultadoDeContato,ResultOfContact,apps/api/src/controladores/gestao-fluxo.ts:127,2,no,,,approved,codex1,
api-symbol-272ecd3e,api,2,symbol,subirFoto,upPhoto,apps/api/src/dominio/whatsapp/cliente-graph.ts:167,5,no,,,approved,codex1,
api-symbol-277b5d73,api,2,symbol,ContaNaLista,AccountInList,apps/api/src/controladores/minha-conta.ts:137,8,no,,,approved,codex1,
api-symbol-2783ba89,api,2,symbol,mensagemFalha,messageFails,apps/api/tests/envio-sessao.test.ts:197,3,no,,,approved,codex1,
api-symbol-27a7a89a,api,2,symbol,erro,error,apps/api/tests/canais.test.ts:1143,1478,no,,,approved,codex1,
api-symbol-27dc5d7d,api,2,symbol,criarEtiqueta,createLabel,apps/api/tests/etiquetas.test.ts:100,4,no,,,approved,codex1,
api-symbol-27e05bd4,api,2,symbol,periodoHistorico,periodHistory,apps/api/src/controladores/gestao-operacao.ts:66,2,no,,,approved,codex1,
api-symbol-27f7e6be,api,2,symbol,filaImportacao,queueImport,apps/api/src/filas.ts:618,2,no,,,approved,codex1,
api-symbol-28089b3e,api,2,symbol,conta,account,apps/api/src/controladores/contas.ts:35,808,no,,,approved,codex1,
api-symbol-284d03fe,api,2,symbol,AlvoDeMembro,TargetOfMember,apps/api/src/controladores/gestao-conta.ts:53,6,no,,,approved,codex1,
api-symbol-28877ab8,api,2,symbol,listarCanaisMessenger,listChannelsMessenger,apps/api/src/dominio/messenger/canal.ts:22,3,no,,,approved,codex1,"fixed leftover PT token (gate-2 compound audit, D-47 follow-up)"
api-symbol-288dbafa,api,2,symbol,Implantacao,Deployment,apps/api/src/dominio/gestao/implantacao.ts:26,7,no,,,approved,codex1,
api-symbol-28c17c76,api,2,symbol,dados,data,apps/api/src/controladores/gestao-analise.ts:130,669,no,,,approved,codex1,
api-symbol-28ccf64f,api,2,symbol,carregarSatisfacao,loadSatisfaction,apps/api/src/dominio/gestao/satisfacao.ts:86,3,no,,,approved,codex1,
api-symbol-292de940,api,2,symbol,usuarioId,userId,apps/api/tests/builder-por-fluxo.test.ts:67,604,no,,,approved,codex1,
api-symbol-297e9cdf,api,2,symbol,primeiro,first,apps/api/tests/email.test.ts:250,258,no,,,approved,codex1,
api-symbol-29811d73,api,2,symbol,filtros,filters,apps/api/src/controladores/catalogo.ts:286,91,no,,,approved,codex1,
api-symbol-2992a3d6,api,2,symbol,roteador,router,apps/api/src/dominio/fluxo.ts:102,387,no,,,approved,codex1,
api-symbol-299d1f1d,api,2,symbol,sessao,session,apps/api/src/controladores/etiquetas.ts:51,382,no,,,approved,codex1,
api-symbol-299e1738,api,2,symbol,sessaoSemPoder,sessionWithoutPoder,apps/api/tests/convites.test.ts:51,52,no,,,approved,codex1,
api-symbol-29bfeda3,api,2,symbol,descricao,description,apps/api/src/dominio/gestao/ciclo-de-vida-do-fluxo.ts:128,299,no,,,approved,codex1,
api-symbol-29c8eca0,api,2,symbol,conta,account,apps/api/src/controladores/minha-conta.ts:179,808,no,,,approved,codex1,
api-symbol-29da8b8c,api,2,symbol,IMAGEM,IMAGE,apps/api/src/dominio/gestao/regras-de-nome.ts:53,8,no,,,approved,codex1,
api-symbol-2a08510d,api,2,symbol,mensagem,message,apps/api/tests/ponta-a-ponta.test.ts:144,1267,no,,,approved,codex1,
api-symbol-2a413dd3,api,2,symbol,carregarContato,loadContact,apps/api/src/dominio/fluxo.ts:914,20,no,,,approved,codex1,
api-symbol-2a51a049,api,2,symbol,LinhaConversa,LineConversation,apps/api/src/dominio/conversa.ts:24,22,no,,,approved,codex1,
api-symbol-2a890070,api,2,symbol,ControladorEu,MeController,apps/api/src/controladores/entrar.ts:371,3,no,,D-05,approved,sonnet,
api-symbol-2a93c854,api,2,symbol,novoEstado,newState,apps/api/src/dominio/gestao/sla-motor.ts:206,10,no,,,approved,codex1,
api-symbol-2ac85035,api,2,symbol,porId,byId,apps/api/src/dominio/envio.ts:365,7,no,,,approved,codex1,
api-symbol-2adc52e9,api,2,symbol,dominio,domain,apps/api/src/controladores/entrar.ts:54,476,no,,,approved,codex1,
api-symbol-2b1dda43,api,2,symbol,sessao,session,apps/api/src/controladores/gestao-equipe.ts:114,382,no,,,approved,codex1,
api-symbol-2b205184,api,2,symbol,conta,account,apps/api/src/dominio/instagram/canal.ts:186,808,no,,,approved,codex1,
api-symbol-2b490ec9,api,2,symbol,canal,channel,apps/api/src/dominio/whatsapp/configuracao-manual.ts:93,970,no,,,approved,codex1,
api-symbol-2b55ca83,api,2,symbol,conversaAberta,conversationOpen,apps/api/src/dominio/gestao/monitoramento.ts:198,21,no,,,approved,codex1,
api-symbol-2b6438a9,api,2,symbol,PermissaoDoToken,PermissionOfToken,apps/api/src/dominio/whatsapp/cliente-graph.ts:66,4,no,,,approved,codex1,
api-symbol-2b7196ce,api,2,symbol,posicao,position,apps/api/tests/roteador.test.ts:531,84,no,,,approved,codex1,
api-symbol-2b7ab35c,api,2,symbol,requisicao,request,apps/api/tests/canais.test.ts:81,450,no,,,approved,codex1,
api-symbol-2b8cd868,api,2,symbol,restaurar,restore,apps/api/tests/builder-por-fluxo.test.ts:146,25,no,,,approved,codex1,
api-symbol-2c139956,api,2,symbol,criarFluxo,createFlow,apps/api/src/dominio/gestao/ciclo-de-vida-do-fluxo.ts:190,15,no,,,approved,codex1,
api-symbol-2c1953a7,api,2,symbol,conexaoParaFluxo,connectionForFlow,apps/api/src/dominio/sso.ts:277,8,no,,,approved,codex1,
api-symbol-2c2084b9,api,2,symbol,LinhaAtendente,LineAgent,apps/api/src/dominio/distribuicao.ts:17,5,no,,,approved,codex1,
api-symbol-2c398494,api,2,symbol,textoDeAutenticacao,textOfAuthentication,apps/api/src/dominio/whatsapp/modelos.ts:121,2,no,,,approved,codex1,
api-symbol-2ca19060,api,2,symbol,avaliacoes,evaluations,apps/api/src/dominio/gestao/monitoria.ts:182,8,no,,,approved,codex1,
api-symbol-2d10f69f,api,2,symbol,LinhaCanal,LineChannel,apps/api/src/dominio/canais.ts:47,13,no,,,approved,codex1,
api-symbol-2d193e41,api,2,symbol,InfoDaMidia,InfoOfMedia,apps/api/src/dominio/midia.ts:62,2,no,,,approved,codex1,
api-symbol-2d3b8510,api,2,symbol,DesafioComConvite,ChallengeWithInvitation,apps/api/src/controladores/entrar.ts:115,8,no,,,approved,codex1,
api-symbol-2d663ffb,api,2,symbol,ALVO_DO_BANCO,TARGET_OF_DATABASE,apps/api/src/dominio/gestao/sla.ts:40,3,no,,,approved,codex1,
api-symbol-2d7f90f7,api,2,symbol,criarConversa,createConversation,apps/api/tests/sla-motor.test.ts:50,25,no,,,approved,codex1,
api-symbol-2de39638,api,2,symbol,dados,data,apps/api/src/filas.ts:190,669,no,,,approved,codex1,
api-symbol-2e0ff7d1,api,2,symbol,historico,history,apps/api/src/controladores/gestao-operacao.ts:229,41,no,,,approved,codex1,
api-symbol-2e5a47c7,api,2,symbol,ControladorOperacao,OperationsController,apps/api/src/controladores/operacao.ts:51,3,no,,D-05,approved,sonnet,
api-symbol-2e7af924,api,2,symbol,listarContatos,listContacts,apps/api/src/dominio/desk/consultas.ts:519,4,no,,,approved,codex1,"fixed leftover PT token (gate-2 compound audit, D-47 follow-up)"
api-symbol-2ed90c54,api,2,symbol,Conversa,Conversation,apps/api/tests/roteador.test.ts:497,90,no,,,approved,codex1,
api-symbol-2ef19d8a,api,2,symbol,canalA,channelA,apps/api/tests/midia-recebida.test.ts:352,2,no,,,approved,codex1,
api-symbol-2f155a57,api,2,symbol,TEMPO_LIMITE_MS,TIME_LIMIT_MS,apps/api/src/saude.ts:17,5,no,,,approved,codex1,
api-symbol-2f32a050,api,2,symbol,ordem,order,apps/api/tests/canais.test.ts:150,517,no,,,approved,codex1,
api-symbol-2f6803da,api,2,symbol,erro,error,apps/api/tests/dicionario-crm.test.ts:300,1478,no,,,approved,codex1,
api-symbol-2fb90d9d,api,2,symbol,filaId,queueId,apps/api/src/dominio/desk/acoes.ts:211,170,no,,,approved,codex1,
api-symbol-2fba2294,api,2,symbol,criarChave,createKey,apps/api/src/controladores/gestao-integracoes.ts:82,11,no,,,approved,codex1,
api-symbol-2fbd54d2,api,2,symbol,ligarEEntrar,connectAndLogin,apps/api/src/dominio/convites.ts:416,2,no,,,approved,codex1,
api-symbol-2fe17bc5,api,2,symbol,carregarEsforco,loadEffort,apps/api/src/dominio/gestao/esforco.ts:54,3,no,,,approved,codex1,
api-symbol-2ff536d2,api,2,symbol,Direcao,Direction,apps/api/src/paginacao.ts:60,14,no,,,approved,codex1,
api-symbol-2ffb1ef7,api,2,symbol,modelo,template,apps/api/src/dominio/whatsapp/modelos.ts:488,361,no,,,approved,codex1,
api-symbol-3010f485,api,2,symbol,vincularAtendenteNaFila,vincularAgentInQueue,apps/api/src/dominio/gestao/cadastros.ts:1453,5,no,,,approved,codex1,
api-symbol-304f0aba,api,2,symbol,criarRegraSla,createRuleSla,apps/api/src/controladores/gestao-cadastros.ts:327,28,no,,,approved,codex1,
api-symbol-309434c9,api,2,symbol,conversa,conversation,apps/api/tests/transferencia.test.ts:99,1270,no,,,approved,codex1,
api-symbol-30ac2cb0,api,2,symbol,requisicaoCasada,requestMatched,apps/api/tests/chave-de-fluxo.test.ts:134,6,no,,,approved,codex1,"fixed leftover PT token (gate-2 compound audit, D-47 follow-up)"
api-symbol-30b06500,api,2,symbol,papelId,roleId,apps/api/tests/palavras-proibidas.test.ts:73,121,no,,,approved,codex1,
api-symbol-30d4958b,api,2,symbol,erro,error,apps/api/tests/instagram.test.ts:183,1478,no,,,approved,codex1,
api-symbol-30f8d51e,api,2,symbol,criarModelo,createTemplate,apps/api/tests/email.test.ts:119,9,no,,,approved,codex1,
api-symbol-30fb515a,api,2,symbol,ControladorWebhookWhatsApp,WhatsAppWebhookController,apps/api/src/controladores/webhooks-whatsapp.ts:23,6,no,,D-05,approved,sonnet,
api-symbol-31140d3d,api,2,symbol,ControladorContatos,ContactsController,apps/api/src/controladores/catalogo.ts:65,3,no,,D-05,approved,sonnet,
api-symbol-31145b19,api,2,symbol,dados,data,apps/api/src/dominio/gestao/historico.ts:144,669,no,,,approved,codex1,
api-symbol-3119ab3b,api,2,symbol,salvarConexaoDoFluxo,saveConnectionOfFlow,apps/api/src/dominio/gestao/integracoes.ts:1014,4,no,,,approved,codex1,
api-symbol-312e4012,api,2,symbol,ControladorGestaoBuilder,ManagementBuilderController,apps/api/src/controladores/gestao-builder.ts:36,3,no,,D-05,approved,sonnet,
api-symbol-313043b5,api,2,symbol,contatos,contacts,apps/api/tests/mensagens-ativas.test.ts:247,438,no,,,approved,codex1,
api-symbol-31332d67,api,2,symbol,corDeFilaConferida,colorOfQueueChecked,apps/api/src/dominio/gestao/cadastros.ts:1203,3,no,,,approved,codex1,"fixed leftover PT token (gate-2 compound audit, D-47 follow-up)"
api-symbol-313d66e0,api,2,symbol,desligarCanal,disconnectChannel,apps/api/src/controladores/gestao-fluxo.ts:287,1,no,,,approved,codex1,
api-symbol-31480085,api,2,symbol,canalDoInstagram,channelOfInstagram,apps/api/src/controladores/webhooks-instagram.ts:68,3,no,,,approved,codex1,
api-symbol-31bac386,api,2,symbol,chaveiroGuardado,keyringSaved,apps/api/src/banco.ts:61,3,no,,,approved,codex1,"fixed leftover PT token (gate-2 compound audit, D-47 follow-up)"
api-symbol-31c3b133,api,2,symbol,canalId,channelId,apps/api/src/dominio/whatsapp/criacao-de-canal.ts:95,387,no,,,approved,codex1,
api-symbol-31cee7f7,api,2,symbol,conexoesVivas,connectionsVivas,apps/api/src/tempo-real.ts:155,9,no,,,approved,codex1,
api-symbol-32287c29,api,2,symbol,carregarCanalDoFluxo,loadChannelOfFlow,apps/api/src/dominio/gestao-fluxo.ts:433,4,no,,,approved,codex1,
api-symbol-322e2b96,api,2,symbol,porConversa,byConversation,apps/api/src/dominio/gestao/historico.ts:142,9,no,,,approved,codex1,
api-symbol-325eca7b,api,2,symbol,canal,channel,apps/api/tests/ajuda.ts:46,970,no,,,approved,codex1,
api-symbol-328903dc,api,2,symbol,erro,error,apps/api/tests/tempo-real.test.ts:117,1478,no,,,approved,codex1,
api-symbol-329476bc,api,2,symbol,regraPrioridadeViva,rulePriorityViva,apps/api/src/dominio/gestao/regras-prioridade.ts:168,3,no,,,approved,codex1,
api-symbol-32b2f97c,api,2,symbol,espelharContato,espelharContact,apps/api/src/dominio/twenty.ts:199,8,no,,,approved,codex1,
api-symbol-32b6d1d5,api,2,symbol,editarExcecaoHorario,editarExceptionSchedule,apps/api/src/controladores/gestao-cadastros.ts:300,2,no,,,approved,codex1,
api-symbol-32be21c6,api,2,symbol,sessaoSemPoder,sessionWithoutPoder,apps/api/tests/contatos-editar.test.ts:31,52,no,,,approved,codex1,
api-symbol-33620781,api,2,symbol,fluxos,flows,apps/api/src/dominio/gestao-fluxo.ts:465,276,no,,,approved,codex1,
api-symbol-33bdf203,api,2,symbol,ResultadoDicionario,ResultDictionary,apps/api/src/dominio/dicionario-crm.ts:225,3,no,,,approved,codex1,
api-symbol-33d0eeb6,api,2,symbol,globais,globals,apps/api/src/dominio/gestao/builder-do-fluxo.ts:265,134,no,,,approved,codex1,
api-symbol-33d12925,api,2,symbol,sessao,session,apps/api/src/controladores/gestao-integracoes.ts:106,382,no,,,approved,codex1,
api-symbol-33efd441,api,2,symbol,gravarIdentidade,writeIdentity,apps/api/src/dominio/gestao/configuracoes.ts:358,3,no,,,approved,codex1,
api-symbol-3409b9b2,api,2,symbol,linhaAnexo,lineAttachment,apps/api/tests/midia-recebida.test.ts:113,9,no,,,approved,codex1,
api-symbol-340ca247,api,2,symbol,CanalConfigurado,ChannelConfigured,apps/api/src/dominio/gestao/configuracoes.ts:135,7,no,,,approved,codex1,"fixed leftover PT token (gate-2 compound audit, D-47 follow-up)"
api-symbol-3443f8f3,api,2,symbol,listarItensDaConversa,listItemsOfConversation,apps/api/src/dominio/desk/consultas.ts:197,1,no,,,approved,codex1,"fixed leftover PT token (gate-2 compound audit, D-47 follow-up)"
api-symbol-34705cd4,api,2,symbol,assumirConversa,assumeConversation,apps/api/src/dominio/assumir.ts:22,4,no,,,approved,codex1,
api-symbol-347dda08,api,2,symbol,lerVariaveis,readVariables,apps/api/src/dominio/gestao-fluxo.ts:404,7,no,,,approved,codex1,"fixed: leftover PT token (dictionary gap: ler/texto/como/resultado/servir), gate 2 dry-run sweep"
api-symbol-34ccb450,api,2,symbol,contato,contact,apps/api/src/dominio/gestao/configuracao-do-fluxo.ts:213,1026,no,,,approved,codex1,
api-symbol-34d1470d,api,2,symbol,ResultadoDaSincronizacao,ResultOfSynchronization,apps/api/src/dominio/whatsapp/modelos.ts:179,8,no,,,approved,codex1,
api-symbol-35753d3a,api,2,symbol,cliquesDoPeriodo,cliquesOfPeriod,apps/api/tests/growth.test.ts:208,2,no,,,approved,codex1,
api-symbol-3591f8d8,api,2,symbol,tenantsDoDicionario,tenantsOfDictionary,apps/api/src/dominio/dicionario-crm.ts:433,3,no,,,approved,codex1,
api-symbol-35a31bf5,api,2,symbol,ControladorConvites,InvitationsController,apps/api/src/controladores/convites.ts:23,3,no,,D-05,approved,sonnet,
api-symbol-35a601e6,api,2,symbol,grupos,groups,apps/api/src/dominio/gestao/atendimento.ts:116,85,no,,,approved,codex1,
api-symbol-35aeabbd,api,2,symbol,CanalInstagramVisivel,ChannelInstagramVisible,apps/api/src/dominio/instagram/canal.ts:33,19,no,,,approved,codex1,
api-symbol-35e20dcb,api,2,symbol,PAUSA_GERENCIAR,PAUSE_MANAGE,apps/api/src/dominio/gestao/cadastros.ts:43,4,no,,,approved,codex1,
api-symbol-35f05226,api,2,symbol,ResultadoDaVerificacao,ResultOfVerification,apps/api/src/dominio/dominios.ts:123,2,no,,,approved,codex1,
api-symbol-360f1e59,api,2,symbol,semAtendente,withoutAgent,apps/api/src/dominio/gestao/esforco.ts:119,4,no,,,approved,codex1,
api-symbol-36399425,api,2,symbol,conversas,conversations,apps/api/tests/chave-de-fluxo.test.ts:236,540,no,,,approved,codex1,
api-symbol-3644df07,api,2,symbol,criarMotivoPausa,createReasonPause,apps/api/src/controladores/gestao-cadastros.ts:535,5,no,,,approved,codex1,
api-symbol-3666b132,api,2,symbol,criarConversaAtribuida,createConversationAssigned,apps/api/tests/desk-acoes.test.ts:102,13,no,,,approved,codex1,
api-symbol-367331a5,api,2,symbol,contagem,count,apps/api/tests/ponta-a-ponta.test.ts:157,134,no,,,approved,codex1,
api-symbol-36d61e97,api,2,symbol,canalDeA,channelOfA,apps/api/tests/canal-do-fluxo.test.ts:288,2,no,,,approved,codex1,
api-symbol-36e1f985,api,2,symbol,fluxoId,flowId,apps/api/src/controladores/canais.ts:148,504,no,,,approved,codex1,
api-symbol-36e5c1b0,api,2,symbol,chave,key,apps/api/src/dominio/anexo.ts:106,1153,no,,,approved,codex1,
api-symbol-36ef983e,api,2,symbol,exigirPermissao,exigirPermission,apps/api/src/sessao.ts:117,104,no,,,approved,codex1,
api-symbol-36f54a68,api,2,symbol,FORMATO_DO_SEGREDO,FORMAT_OF_SECRET,apps/api/src/dominio/whatsapp/validacao-da-configuracao-manual.ts:33,2,no,,,approved,codex1,
api-symbol-3735424c,api,2,symbol,chave,key,apps/api/src/dominio/midia.ts:134,1153,no,,,approved,codex1,
api-symbol-375feb37,api,2,symbol,fracao,fraction,apps/api/src/dominio/gestao/nota-avaliacao.ts:51,39,no,,,approved,codex1,
api-symbol-37832518,api,2,symbol,imagemUrl,imageUrl,apps/api/src/dominio/gestao/ciclo-de-vida-do-fluxo.ts:199,22,no,,,approved,codex1,
api-symbol-380b1cd7,api,2,symbol,AtorDaConversa,AtorOfConversation,apps/api/src/dominio/conversa.ts:33,9,no,,,approved,codex1,
api-symbol-382a4ef4,api,2,symbol,variavel,variable,apps/api/src/dominio/gestao/builder-do-fluxo.ts:375,27,no,,,approved,codex1,
api-symbol-3834b507,api,2,symbol,agruparHistorico,agruparHistory,apps/api/src/dominio/gestao/historico.ts:245,12,no,,,approved,codex1,
api-symbol-383b0715,api,2,symbol,relatorio,report,apps/api/src/controladores/gestao-operacao.ts:267,26,no,,,approved,codex1,
api-symbol-38c14ea0,api,2,symbol,sessaoDoOutroTenant,sessionOfOtherTenant,apps/api/tests/contrato.test.ts:156,64,no,,,approved,codex1,
api-symbol-38db11f6,api,2,symbol,cookieDoAtendente,cookieOfAgent,apps/api/tests/envio-sessao.test.ts:30,11,no,,,approved,codex1,
api-symbol-38f3fa2e,api,2,symbol,conferirConversa,checkConversation,apps/api/src/dominio/desk/marcacoes.ts:43,3,no,,,approved,codex1,"fixed leftover PT token (gate-2 compound audit, D-47 follow-up)"
api-symbol-390cc392,api,2,symbol,porAtendente,byAgent,apps/api/tests/palavras-proibidas.test.ts:454,11,no,,,approved,codex1,
api-symbol-391b7423,api,2,symbol,usuarioOperador,userOperator,apps/api/tests/contrato.test.ts:84,3,no,,,approved,codex1,
api-symbol-39412cc0,api,2,symbol,usuarioCom,userWith,apps/api/tests/importacao.test.ts:42,3,no,,,approved,codex1,
api-symbol-3964109b,api,2,symbol,fluxoDoLimite,flowOfLimit,apps/api/tests/integracoes.test.ts:187,4,no,,,approved,codex1,
api-symbol-398ae329,api,2,symbol,ESTADOS_ATENDENTE,STATES_AGENT,apps/api/src/dominio/status-atendente.ts:18,5,no,,,approved,codex1,
api-symbol-39a11664,api,2,symbol,filaId,queueId,apps/api/src/dominio/entrada.ts:509,170,no,,,approved,codex1,
api-symbol-39c18ba2,api,2,symbol,filtroDirecao,filterDirection,apps/api/src/dominio/gestao-analise.ts:475,2,no,,,approved,codex1,
api-symbol-39ef1795,api,2,symbol,linhaDoContato,lineOfContact,apps/api/tests/contatos-editar.test.ts:102,2,no,,,approved,codex1,
api-symbol-3a1c461f,api,2,symbol,FILA_GERENCIAR,QUEUE_MANAGE,apps/api/src/dominio/gestao/cadastros.ts:37,7,no,,,approved,codex1,
api-symbol-3a7a2c09,api,2,symbol,chave,key,apps/api/src/dominio/mensagem-ativa.ts:135,1153,no,,,approved,codex1,
api-symbol-3a92a8ee,api,2,symbol,chaveDoMac,keyOfMac,apps/api/tests/ajuda-pfx.ts:204,2,no,,,approved,codex1,
api-symbol-3af1bdbc,api,2,symbol,nomeDaFila,nameOfQueue,apps/api/src/dominio/gestao/configuracoes.ts:93,7,no,,,approved,codex1,
api-symbol-3af20b82,api,2,symbol,mensagem,message,apps/api/src/dominio/fluxo.ts:358,1267,no,,,approved,codex1,
api-symbol-3afb9e86,api,2,symbol,ordemConferida,orderChecked,apps/api/src/dominio/gestao/cadastros.ts:1223,4,no,,,approved,codex1,"fixed leftover PT token (gate-2 compound audit, D-47 follow-up)"
api-symbol-3b1d3343,api,2,symbol,filaInstagramToken,queueInstagramToken,apps/api/src/filas.ts:476,4,no,,,approved,codex1,
api-symbol-3b3b840a,api,2,symbol,ErroPipe,PipeError,apps/api/src/erros.ts:13,243,no,,D-05,approved,sonnet,
api-symbol-3b5580c6,api,2,symbol,ControladorWebhookInstagram,InstagramWebhookController,apps/api/src/controladores/webhooks-instagram.ts:21,3,no,,D-05,approved,sonnet,
api-symbol-3b66c0c2,api,2,symbol,canal,channel,apps/api/src/dominio/whatsapp/modelos.ts:192,970,no,,,approved,codex1,
api-symbol-3b97f463,api,2,symbol,sessao,session,apps/api/src/controladores/canais.ts:143,382,no,,,approved,codex1,
api-symbol-3ba52d16,api,2,symbol,autenticacaoConferida,authenticationChecked,apps/api/src/dominio/gestao/integracoes.ts:465,5,no,,,approved,codex1,"fixed leftover PT token (gate-2 compound audit, D-47 follow-up)"
api-symbol-3ba84a62,api,2,symbol,canal,channel,apps/api/src/filas.ts:509,970,no,,,approved,codex1,
api-symbol-3bc55372,api,2,symbol,dados,data,apps/api/tests/anexos.test.ts:32,669,no,,,approved,codex1,
api-symbol-3bcafe73,api,2,symbol,ControladorDominios,DomainsController,apps/api/src/controladores/convites.ts:114,3,no,,D-05,approved,sonnet,
api-symbol-3bebeafc,api,2,symbol,fila,queue,apps/api/src/controladores/desk.ts:72,993,no,,,approved,codex1,
api-symbol-3c2189c6,api,2,symbol,escopoErrado,scopeWrong,apps/api/tests/etiquetas.test.ts:257,2,no,,,approved,codex1,
api-symbol-3c4b18b9,api,2,symbol,duracaoSugeridaConferida,durationSuggestedChecked,apps/api/src/dominio/gestao/cadastros.ts:1572,3,no,,,approved,codex1,"fixed leftover PT token (gate-2 compound audit, D-47 follow-up)"
api-symbol-3c7d7319,api,2,symbol,novoFluxo,newFlow,apps/api/tests/configuracao-do-fluxo.test.ts:77,45,no,,,approved,codex1,
api-symbol-3cbe1391,api,2,symbol,aplicarRegraDePrioridade,aplicarRuleOfPriority,apps/api/src/dominio/entrada.ts:559,3,no,,,approved,codex1,
api-symbol-3cc52082,api,2,symbol,naFilaSeg,inQueueSeg,apps/api/src/dominio/gestao/monitoramento.ts:455,4,no,,,approved,codex1,
api-symbol-3cc9c859,api,2,symbol,conferirSegredoDoApp,checkSecretOfApp,apps/api/src/dominio/whatsapp/cliente-graph.ts:158,10,no,,,approved,codex1,"fixed leftover PT token (gate-2 compound audit, D-47 follow-up)"
api-symbol-3ce46e43,api,2,symbol,primeiro,first,apps/api/tests/canal-do-fluxo.test.ts:231,258,no,,,approved,codex1,
api-symbol-3d000e5a,api,2,symbol,transferirNoMonitoramento,transferInMonitoring,apps/api/src/controladores/gestao-operacao.ts:181,1,no,,,approved,codex1,
api-symbol-3d559721,api,2,symbol,definirPapelDoMembro,defineRoleOfMember,apps/api/src/dominio/gestao/contrato.ts:231,5,no,,,approved,codex1,
api-symbol-3d7c271a,api,2,symbol,ResultadoDoTeste,ResultOfTest,apps/api/src/dominio/gestao/integracoes.ts:735,4,no,,,approved,codex1,
api-symbol-3da30c5b,api,2,symbol,semEscopo,withoutScope,apps/api/tests/chave-de-fluxo.test.ts:228,8,no,,,approved,codex1,
api-symbol-3dbec869,api,2,symbol,listarFilas,listQueues,apps/api/src/dominio/desk/consultas.ts:495,1,no,,,approved,codex1,"fixed leftover PT token (gate-2 compound audit, D-47 follow-up)"
api-symbol-3e4878f4,api,2,symbol,abrirSessao,openSession,apps/api/tests/contatos-editar.test.ts:60,91,no,,,approved,codex1,
api-symbol-3e97a738,api,2,symbol,criarLinkRastreado,createLinkTracked,apps/api/src/dominio/rastreador-de-cliques.ts:79,7,no,,,approved,codex1,"fixed leftover PT token (gate-2 compound audit, D-47 follow-up)"
api-symbol-3eab2794,api,2,symbol,primeira,first,apps/api/tests/monitoramento-conversas.test.ts:106,377,no,,,approved,codex1,
api-symbol-3f253836,api,2,symbol,emailDoConvite,emailOfInvitation,apps/api/src/dominio/convites.ts:87,2,no,,,approved,codex1,
api-symbol-3f321270,api,2,symbol,fluxoVivo,flowVivo,apps/api/src/dominio/gestao/ciclo-de-vida-do-fluxo.ts:219,20,no,,,approved,codex1,
api-symbol-3f9af3a1,api,2,symbol,controlador,controller,apps/api/tests/historico.test.ts:35,53,no,,,approved,codex1,
api-symbol-3f9faf80,api,2,symbol,sessaoSemPoder,sessionWithoutPoder,apps/api/tests/palavras-proibidas.test.ts:44,52,no,,,approved,codex1,
api-symbol-3fa3a634,api,2,symbol,fluxoExiste,flowExists,apps/api/src/dominio/gestao/integracoes.ts:55,9,no,,,approved,codex1,
api-symbol-3fe6405d,api,2,symbol,filtroAte,filterUntil,apps/api/src/dominio/gestao-analise.ts:480,2,no,,,approved,codex1,
api-symbol-405aaa94,api,2,symbol,ControladorEtiquetas,LabelsController,apps/api/src/controladores/etiquetas.ts:42,3,no,,D-05,approved,sonnet,
api-symbol-405fb252,api,2,symbol,carregarRegrasDeFila,loadRulesOfQueue,apps/api/src/dominio/gestao/cadastros.ts:707,1,no,,,approved,codex1,
api-symbol-40dafb31,api,2,symbol,ControladorMinhaConta,MyAccountController,apps/api/src/controladores/minha-conta.ts:176,3,no,,D-05,approved,sonnet,
api-symbol-412c8572,api,2,symbol,carregarLogDeMensagens,loadLogOfMessages,apps/api/src/dominio/gestao-analise.ts:460,4,no,,,approved,codex1,
api-symbol-415561f0,api,2,symbol,OpcoesDoAgente,OptionsOfAgente,apps/api/tests/contrato.test.ts:575,2,no,,,approved,codex1,
api-symbol-4198de56,api,2,symbol,permissoes,permissions,apps/api/src/controladores/gestao-conta.ts:114,149,no,,,approved,codex1,
api-symbol-41a85a8a,api,2,symbol,primeiraResposta,firstResponse,apps/api/tests/sla-motor.test.ts:164,13,no,,,approved,codex1,
api-symbol-41aa2041,api,2,symbol,sessaoGuest,sessionGuest,apps/api/tests/contrato.test.ts:148,4,no,,,approved,codex1,
api-symbol-41bd7334,api,2,symbol,filaDestinoId,queueDestinationId,apps/api/src/dominio/gestao/acoes/regras.ts:269,33,no,,,approved,codex1,
api-symbol-421eab3e,api,2,symbol,fluxoId,flowId,apps/api/tests/growth.test.ts:28,504,no,,,approved,codex1,
api-symbol-42a9f2f5,api,2,symbol,ModeloListado,TemplateListed,apps/api/src/dominio/gestao-fluxo.ts:390,16,no,,,approved,codex1,"fixed leftover PT token (gate-2 compound audit, D-47 follow-up)"
api-symbol-42f09273,api,2,symbol,onlinePorFila,onlineByQueue,apps/api/src/dominio/gestao/monitoramento.ts:620,1,no,,,approved,codex1,
api-symbol-42f1741e,api,2,symbol,primeira,first,apps/api/tests/contrato.test.ts:635,377,no,,,approved,codex1,
api-symbol-430090e8,api,2,symbol,NOME_DO_SERVICO_MAX,NAME_OF_SERVICE_MAX,apps/api/src/dominio/gestao/servicos-do-roteador.ts:44,3,no,,,approved,codex1,
api-symbol-432aa1f2,api,2,symbol,mensagens,messages,apps/api/tests/ponta-a-ponta.test.ts:272,363,no,,,approved,codex1,
api-symbol-432eb3bd,api,2,symbol,candidatosDaFila,candidatosOfQueue,apps/api/src/dominio/distribuicao.ts:27,3,no,,,approved,codex1,
api-symbol-437ab390,api,2,symbol,sessaoGestor,sessionManager,apps/api/tests/permissoes-do-atendente.test.ts:37,151,no,,,approved,codex1,
api-symbol-43867fe3,api,2,symbol,editarServico,editarService,apps/api/src/controladores/gestao-fluxo.ts:466,4,no,,,approved,codex1,
api-symbol-439a504b,api,2,symbol,execucaoId,executionId,apps/api/src/dominio/fluxo.ts:293,21,no,,,approved,codex1,
api-symbol-43aa6327,api,2,symbol,criarImportacao,createImport,apps/api/src/dominio/importacao-de-contatos.ts:64,5,no,,,approved,codex1,
api-symbol-43cb44a1,api,2,symbol,contato,contact,apps/api/tests/analise.test.ts:95,1026,no,,,approved,codex1,
api-symbol-43cfade9,api,2,symbol,umDestino,aDestination,apps/api/src/dominio/mensagem-ativa.ts:123,2,no,,,approved,codex1,"fixed leftover PT token (gate-2 compound audit, D-47 follow-up)"
api-symbol-43ed5c6b,api,2,symbol,valor,value,apps/api/src/dominio/gestao/cadastros.ts:437,1656,no,,,approved,codex1,
api-symbol-44112312,api,2,symbol,sessaoDoOutroTenant,sessionOfOtherTenant,apps/api/tests/roteador.test.ts:38,64,no,,,approved,codex1,
api-symbol-441b612f,api,2,symbol,filas,queues,apps/api/src/dominio/gestao/monitoramento.ts:571,297,no,,,approved,codex1,
api-symbol-444b1a23,api,2,symbol,criarFila,createQueue,apps/api/src/controladores/gestao-cadastros.ts:170,26,no,,,approved,codex1,
api-symbol-4462e4e6,api,2,symbol,acharOuCriarPorTelefone,findOrCreateByPhone,apps/api/src/dominio/mensagem-ativa.ts:207,2,no,,,approved,codex1,
api-symbol-4472ef2f,api,2,symbol,CHAVE_SESSAO,KEY_SESSION,apps/api/src/sessao.ts:26,5,no,,,approved,codex1,
api-symbol-44c8c82a,api,2,symbol,excluirExcecaoHorario,deleteExceptionSchedule,apps/api/src/dominio/gestao/cadastros.ts:662,2,no,,,approved,codex1,
api-symbol-44cd16d9,api,2,symbol,LinhaContato,LineContact,apps/api/src/controladores/catalogo.ts:37,13,no,,,approved,codex1,
api-symbol-450becc0,api,2,symbol,ComSessao,WithSession,apps/api/src/sessao.ts:29,203,no,,,approved,codex1,
api-symbol-454da6dc,api,2,symbol,receberMensagem,receiveMessage,apps/api/src/dominio/entrada.ts:212,3,no,,,approved,codex1,
api-symbol-4574fe0c,api,2,symbol,cabecalhoTemMidia,headerHasMedia,apps/api/src/dominio/gestao/comunicacao.ts:64,19,no,,,approved,codex1,
api-symbol-45e68825,api,2,symbol,conversa,conversation,apps/api/src/dominio/entrada.ts:247,1270,no,,,approved,codex1,
api-symbol-46028b59,api,2,symbol,LinhaMensagem,LineMessage,apps/api/src/controladores/conversas.ts:54,10,no,,,approved,codex1,
api-symbol-460f8cb0,api,2,symbol,desetiquetarConversa,unlabelConversation,apps/api/src/dominio/etiquetas.ts:169,3,no,,,approved,codex1,
api-symbol-46347dcc,api,2,symbol,midia,media,apps/api/src/dominio/entrada.ts:606,31,no,,,approved,codex1,
api-symbol-46467fa1,api,2,symbol,FIXTURE_FLUXO,FIXTURE_FLOW,apps/api/tests/gerar-fixtures-jsonb.helper.ts:19,4,no,,,approved,codex1,
api-symbol-464a5fb6,api,2,symbol,vazio,empty,apps/api/tests/dicionario-crm.test.ts:296,290,no,,,approved,codex1,
api-symbol-4653028d,api,2,symbol,contexto,context,apps/api/src/dominio/fluxo.ts:414,300,no,,,approved,codex1,
api-symbol-4668deca,api,2,symbol,excluirWebhookSemPermissao,deleteWebhookWithoutPermission,apps/api/src/dominio/gestao/integracoes.ts:990,2,no,,,approved,codex1,
api-symbol-467052f3,api,2,symbol,entregaId,deliveryId,apps/api/src/webhooks-saida.ts:256,11,no,,,approved,codex1,
api-symbol-46804bf5,api,2,symbol,duracaoBruta,durationRaw,apps/api/src/dominio/gestao/acoes/atendentes.ts:71,4,no,,,approved,codex1,
api-symbol-46c514d1,api,2,symbol,opcoes,options,apps/api/tests/contrato.test.ts:656,157,no,,,approved,codex1,
api-symbol-47416583,api,2,symbol,comoConversa,asConversation,apps/api/src/controladores/conversas.ts:424,3,no,,,approved,codex1,
api-symbol-4750169b,api,2,symbol,primeira,first,apps/api/src/dominio/gestao/configuracoes.ts:313,377,no,,,approved,codex1,
api-symbol-475b95b9,api,2,symbol,criarWebhook,createWebhook,apps/api/tests/sla-motor.test.ts:97,13,no,,,approved,codex1,
api-symbol-475ec1ba,api,2,symbol,LER_MEMBROS,READ_MEMBERS,apps/api/src/controladores/gestao-conta.ts:50,5,no,,,approved,codex1,"fixed: leftover PT token (dictionary gap: ler/texto/como/resultado/servir), gate 2 dry-run sweep"
api-symbol-47b942af,api,2,symbol,ContatoDaLista,ContactOfList,apps/api/src/dominio/desk/consultas.ts:504,11,no,,,approved,codex1,
api-symbol-47c0fab5,api,2,symbol,criarFila,createQueue,apps/api/src/dominio/gestao/cadastros.ts:1279,26,no,,,approved,codex1,
api-symbol-47d58594,api,2,symbol,mensagem,message,apps/api/src/controladores/sso.ts:233,1267,no,,,approved,codex1,
api-symbol-481048e5,api,2,symbol,RelatorioEsforco,ReportEffort,apps/api/src/dominio/gestao/esforco.ts:46,7,no,,,approved,codex1,
api-symbol-48185461,api,2,symbol,slaConversaDe,slaConversationOf,apps/api/tests/sla-motor.test.ts:110,7,no,,,approved,codex1,
api-symbol-482e2c6f,api,2,symbol,limitePorAtendente,limitByAgent,apps/api/src/dominio/gestao/monitoramento.ts:563,2,no,,,approved,codex1,
api-symbol-4856f457,api,2,symbol,tipoRealDaImagem,typeRealOfImage,apps/api/src/dominio/gestao/regras-de-nome.ts:78,12,no,,,approved,codex1,
api-symbol-487651d0,api,2,symbol,valor,value,apps/api/src/dominio/gestao/pfx.ts:110,1656,no,,,approved,codex1,
api-symbol-4876e498,api,2,symbol,ContatoParaEspelhar,ContactForEspelhar,apps/api/src/dominio/twenty.ts:175,4,no,,,approved,codex1,
api-symbol-488289bd,api,2,symbol,consumidorDicionarioCrm,consumerDictionaryCrm,apps/api/src/filas.ts:408,5,no,,,approved,codex1,
api-symbol-48a31a81,api,2,symbol,listarHistoricoDoContato,listHistoryOfContact,apps/api/src/dominio/desk/consultas.ts:374,1,no,,,approved,codex1,"fixed leftover PT token (gate-2 compound audit, D-47 follow-up)"
api-symbol-48b3cdcc,api,2,symbol,minhasPermissoesNoFluxo,myPermissionsInFlow,apps/api/src/dominio/gestao/equipe-do-fluxo.ts:319,3,no,,,approved,codex1,
api-symbol-48e05422,api,2,symbol,sessao,session,apps/api/src/controladores/gestao-operacao.ts:126,382,no,,,approved,codex1,
api-symbol-48e7ef62,api,2,symbol,ValorDeModelo,ValueOfTemplate,apps/api/src/dominio/whatsapp/eventos-de-modelo.ts:50,2,no,,,approved,codex1,
api-symbol-48eea064,api,2,symbol,EXPIRACAO_MIN,EXPIRATION_MIN,apps/api/src/dominio/whatsapp/modelos.ts:69,3,no,,,approved,codex1,
api-symbol-48fe0f42,api,2,symbol,excecoes,exceptions,apps/api/src/dominio/gestao/permissoes-do-atendente.ts:141,22,no,,,approved,codex1,
api-symbol-48fe1115,api,2,symbol,criarServico,createService,apps/api/src/dominio/gestao/servicos-do-roteador.ts:250,4,no,,,approved,codex1,
api-symbol-491bf26d,api,2,symbol,semSessao,withoutSession,apps/api/tests/ciclo-de-vida-do-fluxo.test.ts:273,8,no,,,approved,codex1,
api-symbol-491d4667,api,2,symbol,EstadoDaFila,StateOfQueue,apps/api/src/filas.ts:525,2,no,,,approved,codex1,
api-symbol-4949a30f,api,2,symbol,chaveNormal,keyNormal,apps/api/src/dominio/gestao/integracoes.ts:430,4,no,,,approved,codex1,
api-symbol-494fd75e,api,2,symbol,criarPalavraProibida,createWordForbidden,apps/api/src/dominio/gestao/palavras-proibidas.ts:229,2,no,,,approved,codex1,
api-symbol-49ceeff1,api,2,symbol,porMotivo,byReason,apps/api/src/dominio/gestao/cadastros.ts:226,1,no,,,approved,codex1,
api-symbol-49cffdd2,api,2,symbol,ConfiguracoesGerais,SettingsGeneral,apps/api/src/dominio/gestao/configuracoes.ts:263,5,no,,,approved,codex1,
api-symbol-4aba4f0e,api,2,symbol,sessao,session,apps/api/src/dominio/whatsapp/cliente-graph.ts:461,382,no,,,approved,codex1,
api-symbol-4affbd62,api,2,symbol,primeiro,first,apps/api/src/dominio/twenty.ts:113,258,no,,,approved,codex1,
api-symbol-4b2a1b16,api,2,symbol,ControladorConversas,ConversationsController,apps/api/src/controladores/conversas.ts:83,3,no,,D-05,approved,sonnet,
api-symbol-4b392769,api,2,symbol,mensagens,messages,apps/api/tests/anexos-multiplos.test.ts:162,363,no,,,approved,codex1,
api-symbol-4b901f3d,api,2,symbol,PreviaDaConversaNoMonitoramento,PreviaOfConversationInMonitoring,apps/api/src/dominio/gestao/monitoramento.ts:171,2,no,,,approved,codex1,
api-symbol-4c29a100,api,2,symbol,canal,channel,apps/api/src/dominio/instagram/canal.ts:292,970,no,,,approved,codex1,
api-symbol-4c569cd5,api,2,symbol,atendentes,agents,apps/api/src/controladores/gestao-cadastros.ts:94,309,no,,,approved,codex1,
api-symbol-4c86af85,api,2,symbol,esforcoSeg,effortSeg,apps/api/src/dominio/gestao/esforco.ts:145,18,no,,,approved,codex1,
api-symbol-4cb923e1,api,2,symbol,imagem,image,apps/api/src/controladores/gestao-fluxo.ts:190,218,no,,,approved,codex1,
api-symbol-4d1379d0,api,2,symbol,SEGREDO,SECRET,apps/api/src/dominio/messenger/canal.ts:9,18,no,,,approved,codex1,
api-symbol-4d1c3ce4,api,2,symbol,ExcecaoDoHorario,ExceptionOfSchedule,apps/api/src/dominio/gestao/cadastros.ts:255,5,no,,,approved,codex1,
api-symbol-4d1e434d,api,2,symbol,criarRegraPrioridade,createRulePriority,apps/api/src/controladores/gestao-cadastros.ts:417,12,no,,,approved,codex1,
api-symbol-4d415eb3,api,2,symbol,contatos,contacts,apps/api/src/dominio/gestao-fluxo.ts:330,438,no,,,approved,codex1,
api-symbol-4d553b7b,api,2,symbol,DetalheDoContato,DetalheOfContact,apps/api/src/dominio/gestao-fluxo.ts:211,6,no,,,approved,codex1,
api-symbol-4db66490,api,2,symbol,requisicao,request,apps/api/src/autenticacao.ts:183,450,no,,,approved,codex1,
api-symbol-4db792a2,api,2,symbol,FILA_INSTAGRAM_TOKEN,QUEUE_INSTAGRAM_TOKEN,apps/api/src/filas.ts:475,3,no,,,approved,codex1,
api-symbol-4dc58229,api,2,symbol,contatosCom,contactsWith,apps/api/tests/importacao.test.ts:65,10,no,,,approved,codex1,
api-symbol-4dcc0854,api,2,symbol,canalId,channelId,apps/api/src/dominio/gestao/acoes/comunicacao.ts:74,387,no,,,approved,codex1,
api-symbol-4dd71de7,api,2,symbol,filas,queues,apps/api/src/controladores/desk.ts:114,297,no,,,approved,codex1,
api-symbol-4e88f917,api,2,symbol,chave,key,apps/api/src/dominio/entrada.ts:610,1153,no,,,approved,codex1,
api-symbol-4e9259e7,api,2,symbol,destino,destination,apps/api/tests/entrada.test.ts:195,303,no,,,approved,codex1,
api-symbol-4e9f2d59,api,2,symbol,abrirSessao,openSession,apps/api/tests/builder-por-fluxo.test.ts:94,91,no,,,approved,codex1,
api-symbol-4ea36311,api,2,symbol,expiracaoMin,expirationMin,apps/api/src/dominio/gestao/servicos-do-roteador.ts:151,27,no,,,approved,codex1,
api-symbol-4ea5c5b7,api,2,symbol,estado,state,apps/api/src/controladores/catalogo.ts:346,1269,no,,,approved,codex1,
api-symbol-4ecc6fc5,api,2,symbol,excluirServico,deleteService,apps/api/src/dominio/gestao/servicos-do-roteador.ts:351,7,no,,,approved,codex1,
api-symbol-4f018fbc,api,2,symbol,fracaoRespondida,fractionAnswered,apps/api/src/dominio/gestao/nota-avaliacao.ts:24,17,no,,,approved,codex1,
api-symbol-4f115402,api,2,symbol,segredo,secret,apps/api/src/controladores/webhooks-messenger.ts:5,212,no,,,approved,codex1,
api-symbol-4f1ec832,api,2,symbol,CORES_DE_FILA,COLORS_OF_QUEUE,apps/api/src/dominio/gestao/cores-de-fila.ts:17,1,no,,,approved,codex1,
api-symbol-4f320e5d,api,2,symbol,ChaveDeFluxoCriada,KeyOfFlowCreated,apps/api/src/dominio/gestao/integracoes.ts:99,4,no,,,approved,codex1,
api-symbol-4f392581,api,2,symbol,contextoDe,contextOf,apps/api/src/autenticacao.ts:100,11,no,,,approved,codex1,
api-symbol-4f3de99e,api,2,symbol,semEscopo,withoutScope,apps/api/tests/growth.test.ts:273,8,no,,,approved,codex1,
api-symbol-4f943cb2,api,2,symbol,escopoValido,scopeValid,apps/api/src/dominio/gestao/regras-prioridade.ts:49,2,no,,,approved,codex1,
api-symbol-4f9e2475,api,2,symbol,enfileirarDicionarioCrm,enqueueDictionaryCrm,apps/api/src/filas.ts:418,4,no,,,approved,codex1,"fixed leftover PT token (gate-2 compound audit, D-47 follow-up)"
api-symbol-4fad9a7e,api,2,symbol,sessaoUnicoAdmin,sessionUniqueAdmin,apps/api/tests/contrato.test.ts:151,5,no,,,approved,codex1,
api-symbol-4fc5080c,api,2,symbol,carregarDetalheContatoDoFluxo,loadDetalheContactOfFlow,apps/api/src/dominio/gestao-fluxo.ts:109,4,no,,,approved,codex1,
api-symbol-4fdd8a3f,api,2,symbol,ESCOPOS_SLA_SUPORTADOS,SCOPES_SLA_SUPPORTED,apps/api/src/dominio/gestao/regras-sla.ts:29,3,no,,,approved,codex1,
api-symbol-4ff224c2,api,2,symbol,estado,state,apps/api/src/dominio/sso.ts:199,1269,no,,,approved,codex1,
api-symbol-500eb41d,api,2,symbol,canalDoBanco,channelOfDatabase,apps/api/tests/canal-do-fluxo.test.ts:151,10,no,,,approved,codex1,
api-symbol-5016f547,api,2,symbol,fecharFilas,closeQueues,apps/api/src/filas.ts:576,4,no,,,approved,codex1,
api-symbol-50172d92,api,2,symbol,membro,member,apps/api/src/dominio/gestao/equipe-do-fluxo.ts:178,59,no,,,approved,codex1,
api-symbol-5048659b,api,2,symbol,painel,application,apps/api/src/controladores/gestao-operacao.ts:320,218,no,,,approved,codex1,
api-symbol-509513d0,api,2,symbol,AtendenteDaFila,AgentOfQueue,apps/api/src/dominio/gestao/cadastros.ts:69,6,no,,,approved,codex1,
api-symbol-50953f2b,api,2,symbol,papelId,roleId,apps/api/tests/ciclo-de-vida-do-fluxo.test.ts:72,121,no,,,approved,codex1,
api-symbol-5095ce57,api,2,symbol,painel,application,apps/api/src/controladores/mensagens-ativas.ts:46,218,no,,,approved,codex1,
api-symbol-50979318,api,2,symbol,contexto,context,apps/api/src/controladores/entrar.ts:315,300,no,,,approved,codex1,
api-symbol-5099e5a7,api,2,symbol,RespostaDoHistorico,ResponseOfHistory,apps/api/src/controladores/gestao-operacao.ts:88,4,no,,,approved,codex1,
api-symbol-50b1eac6,api,2,symbol,entrada,inbound,apps/api/src/controladores/entrar.ts:318,473,no,,,approved,codex1,
api-symbol-50c70b27,api,2,symbol,Monitoramento,Monitoring,apps/api/src/dominio/gestao/monitoramento.ts:156,62,no,,,approved,codex1,
api-symbol-50db61bc,api,2,symbol,gravarPerfilDoCanal,writeProfileOfChannel,apps/api/src/dominio/whatsapp/perfil.ts:180,8,no,,,approved,codex1,
api-symbol-50f3346c,api,2,symbol,sessaoSoEditor,sessionOnlyEditor,apps/api/tests/integracoes.test.ts:37,5,no,,,approved,codex1,
api-symbol-5111c1c9,api,2,symbol,PedidoDeEdicaoDeContato,RequestOfEditOfContact,apps/api/src/controladores/gestao-fluxo.ts:130,2,no,,,approved,codex1,
api-symbol-5132f9f8,api,2,symbol,resolverCanalPorIdentificador,resolveChannelByIdentifier,apps/api/src/banco.ts:112,3,no,,,approved,codex1,"fixed leftover PT token (gate-2 compound audit, D-47 follow-up)"
api-symbol-515dfd5d,api,2,symbol,servico,service,apps/api/tests/gerar-fixtures-jsonb.helper.ts:224,17,no,,,approved,codex1,
api-symbol-5161d8cd,api,2,symbol,duracaoSugeridaMin,durationSuggestedMin,apps/api/src/dominio/gestao/cadastros.ts:1629,34,no,,,approved,codex1,
api-symbol-5168abf7,api,2,symbol,conversaB,conversationB,apps/api/tests/palavras-proibidas.test.ts:430,9,no,,,approved,codex1,
api-symbol-51963f2b,api,2,symbol,contatoId,contactId,apps/api/tests/dicionario-crm.test.ts:190,226,no,,,approved,codex1,
api-symbol-51a9a018,api,2,symbol,FluxoPublicado,FlowPublished,apps/api/src/dominio/fluxo.ts:71,6,no,,,approved,codex1,
api-symbol-51ae9188,api,2,symbol,ROTULO_VALOR,LABEL_VALUE,apps/api/src/dominio/gestao/monitoria.ts:61,4,no,,,approved,codex1,
api-symbol-51bac4a2,api,2,symbol,carregarCanalDoFluxo,loadChannelOfFlow,apps/api/src/dominio/gestao/comunicacao.ts:145,4,no,,,approved,codex1,
api-symbol-51d450d7,api,2,symbol,primeiroErro,firstError,apps/api/src/dominio/desk/acoes.ts:305,5,no,,,approved,codex1,
api-symbol-51ebaffa,api,2,symbol,papelId,roleId,apps/api/tests/permissoes-do-atendente.test.ts:91,121,no,,,approved,codex1,
api-symbol-522b2dfe,api,2,symbol,execucaoId,executionId,apps/api/tests/analise.test.ts:114,21,no,,,approved,codex1,
api-symbol-524cbaf0,api,2,symbol,EntradaIdentificada,InboundIdentified,apps/api/src/controladores/webhooks-whatsapp.ts:147,2,no,,,approved,codex1,"fixed leftover PT token (gate-2 compound audit, D-47 follow-up)"
api-symbol-52f91ce7,api,2,symbol,urlDeRetornoSso,ssoCallbackUrl,apps/api/src/dominio/sso.ts:68,3,no,,D-13,approved,sonnet,
api-symbol-52fd0af1,api,2,symbol,requisicao,request,apps/api/tests/historico.test.ts:36,450,no,,,approved,codex1,
api-symbol-530321d2,api,2,symbol,relatorioDeSatisfacao,reportOfSatisfaction,apps/api/src/controladores/gestao-operacao.ts:290,1,no,,,approved,codex1,
api-symbol-533291b2,api,2,symbol,criarContato,createContact,apps/api/tests/desk-acoes.test.ts:85,13,no,,,approved,codex1,
api-symbol-533b6b91,api,2,symbol,AutenticacaoWebhookVisivel,AuthenticationWebhookVisible,apps/api/src/dominio/gestao/integracoes.ts:323,3,no,,,approved,codex1,
api-symbol-5346d9c6,api,2,symbol,fluxo,flow,apps/api/tests/analise.test.ts:72,1172,no,,,approved,codex1,
api-symbol-53765ad4,api,2,symbol,usuario,user,apps/api/src/controladores/entrar.ts:389,347,no,,,approved,codex1,
api-symbol-53eb0441,api,2,symbol,registrarDominio,logDomain,apps/api/src/dominio/dominios.ts:74,11,no,,,approved,codex1,
api-symbol-545c83bf,api,2,symbol,LinhaConvite,LineInvitation,apps/api/src/dominio/convites.ts:245,3,no,,,approved,codex1,
api-symbol-5474179e,api,2,symbol,podeNoFluxo,canInFlow,apps/api/src/dominio/gestao/equipe-do-fluxo.ts:233,2,no,,,approved,codex1,
api-symbol-5475ba44,api,2,symbol,FichaDeAvaliacao,RecordOfEvaluation,apps/api/src/dominio/gestao/monitoria.ts:263,7,no,,,approved,codex1,
api-symbol-548598d8,api,2,symbol,atendenteId,agentId,apps/api/src/dominio/distribuicao.ts:156,217,no,,,approved,codex1,
api-symbol-5496ceaf,api,2,symbol,blocoPorCodigo,blockByCode,apps/api/src/dominio/gestao/builder-do-fluxo.ts:352,12,no,,,approved,codex1,
api-symbol-5498e6aa,api,2,symbol,entregaPendente,deliveryPending,apps/api/tests/contrato.test.ts:560,6,no,,,approved,codex1,
api-symbol-54d39ced,api,2,symbol,salvarModelo,saveTemplate,apps/api/src/dominio/gestao/acoes/comunicacao.ts:68,4,no,,,approved,codex1,
api-symbol-55c70b68,api,2,symbol,ticketsAbertosPorHora,ticketsOpenByHour,apps/api/src/dominio/gestao/monitoramento.ts:677,4,no,,,approved,codex1,
api-symbol-561a0792,api,2,symbol,sessaoSemPoder,sessionWithoutPoder,apps/api/tests/equipe-do-fluxo.test.ts:40,52,no,,,approved,codex1,
api-symbol-56397dbb,api,2,symbol,PapelDaConta,RoleOfAccount,apps/api/src/dominio/gestao/contrato.ts:89,7,no,,,approved,codex1,
api-symbol-563e5cfc,api,2,symbol,fluxoB,flowB,apps/api/tests/chave-de-fluxo.test.ts:42,8,no,,,approved,codex1,
api-symbol-5658fa82,api,2,symbol,anexo,attachment,apps/api/src/dominio/messenger/entrada.ts:16,150,no,,,approved,codex1,
api-symbol-567542bd,api,2,symbol,garantirUsuario,garantirUser,apps/api/src/dominio/convites.ts:400,6,no,,,approved,codex1,
api-symbol-567e55a9,api,2,symbol,sessao,session,apps/api/src/controladores/gestao-cadastros.ts:104,382,no,,,approved,codex1,
api-symbol-56a13018,api,2,symbol,primeiraRespostaSeg,firstResponseSeg,apps/api/src/dominio/gestao/monitoramento.ts:458,13,no,,,approved,codex1,
api-symbol-56c1d8a0,api,2,symbol,arquivo,file,apps/api/src/dominio/gestao/certificados.ts:223,462,no,,,approved,codex1,
api-symbol-56c9ba25,api,2,symbol,CondicaoDeEdicao,ConditionOfEdit,apps/api/src/dominio/gestao/cadastros.ts:896,5,no,,,approved,codex1,
api-symbol-56d31ebd,api,2,symbol,encerrarConversa,closeConversation,apps/api/src/dominio/conversa.ts:91,11,no,,,approved,codex1,
api-symbol-56edba33,api,2,symbol,MENSAGEM_ULTIMO_ADMIN,MESSAGE_LAST_ADMIN,apps/api/src/dominio/gestao/contrato.ts:202,3,no,,,approved,codex1,
api-symbol-56f2611b,api,2,symbol,conversaId,conversationId,apps/api/tests/ponta-a-ponta.test.ts:109,523,no,,,approved,codex1,
api-symbol-5714eb18,api,2,symbol,papelId,roleId,apps/api/tests/cadastros-atendimento.test.ts:63,121,no,,,approved,codex1,
api-symbol-57cc8a99,api,2,symbol,gravacao,recording,apps/api/src/dominio/gestao/acoes/regras.ts:334,5,no,,,approved,codex1,
api-symbol-57eee0b7,api,2,symbol,filtro,filter,apps/api/src/dominio/gestao-fluxo.ts:459,231,no,,,approved,codex1,
api-symbol-5813706d,api,2,symbol,AnexoGuardado,AttachmentSaved,apps/api/src/dominio/anexo.ts:59,2,no,,,approved,codex1,"fixed leftover PT token (gate-2 compound audit, D-47 follow-up)"
api-symbol-581504d9,api,2,symbol,membros,members,apps/api/src/controladores/gestao-conta.ts:88,128,no,,,approved,codex1,
api-symbol-582381d0,api,2,symbol,sessaoDoOutroTenant,sessionOfOtherTenant,apps/api/tests/equipe-do-fluxo.test.ts:43,64,no,,,approved,codex1,
api-symbol-583c9064,api,2,symbol,excecaoViva,exceptionViva,apps/api/src/dominio/gestao/cadastros.ts:554,3,no,,,approved,codex1,
api-symbol-586e69dd,api,2,symbol,Ordenacao,Sorting,apps/api/src/paginacao.ts:62,3,no,,,approved,codex1,
api-symbol-5872e1c1,api,2,symbol,primeiraResposta,firstResponse,apps/api/src/dominio/envio.ts:237,13,no,,,approved,codex1,
api-symbol-5883f086,api,2,symbol,mensagemId,messageId,apps/api/src/dominio/fluxo.ts:847,59,no,,,approved,codex1,
api-symbol-58871c05,api,2,symbol,LIMITE_POR_JANELA,LIMIT_BY_WINDOW,apps/api/src/dominio/rastreador-de-cliques.ts:160,2,no,,,approved,codex1,
api-symbol-58cc10e5,api,2,symbol,entrada,inbound,apps/api/src/dominio/gestao/historico.ts:175,473,no,,,approved,codex1,
api-symbol-58d4f60e,api,2,symbol,canal,channel,apps/api/src/dominio/instagram/renovacao.ts:78,970,no,,,approved,codex1,
api-symbol-58da4edc,api,2,symbol,contatoId,contactId,apps/api/tests/conversa-eventos.test.ts:33,226,no,,,approved,codex1,
api-symbol-58f219c3,api,2,symbol,Pagina,Page,apps/api/src/paginacao.ts:30,16,no,,,approved,codex1,
api-symbol-597f1f67,api,2,symbol,papelId,roleId,apps/api/tests/convites.test.ts:72,121,no,,,approved,codex1,
api-symbol-5982117b,api,2,symbol,CanalDetalhado,ChannelDetailed,apps/api/src/dominio/gestao/configuracoes.ts:188,3,no,,,approved,codex1,
api-symbol-59b708d1,api,2,symbol,abrirSessao,openSession,apps/api/tests/configuracao-do-fluxo.test.ts:64,91,no,,,approved,codex1,
api-symbol-59b8f2fc,api,2,symbol,contagemEtiqueta,countLabel,apps/api/src/dominio/gestao/monitoramento.ts:650,1,no,,,approved,codex1,
api-symbol-59bf8065,api,2,symbol,chave,key,apps/api/src/metricas.ts:61,1153,no,,,approved,codex1,
api-symbol-59df7551,api,2,symbol,paraContrato,forContract,apps/api/src/dominio/gestao/equipe-do-fluxo.ts:263,12,no,,,approved,codex1,
api-symbol-59f49d5d,api,2,symbol,PedidoDeRegraPrioridade,RequestOfRulePriority,apps/api/src/dominio/gestao/regras-prioridade.ts:63,3,no,,,approved,codex1,
api-symbol-5a0fe3a5,api,2,symbol,ChaveOuSessao,KeyOrSession,apps/api/src/autenticacao.ts:65,27,no,,,approved,codex1,
api-symbol-5a2ba8b0,api,2,symbol,outroRoteador,otherRouter,apps/api/tests/roteador.test.ts:190,2,no,,,approved,codex1,
api-symbol-5a395201,api,2,symbol,abrirSessao,openSession,apps/api/tests/desk-acoes.test.ts:33,91,no,,,approved,codex1,
api-symbol-5a596bff,api,2,symbol,carregarMetricas,loadMetrics,apps/api/src/dominio/desk/metricas.ts:39,3,no,,,approved,codex1,
api-symbol-5a64db0f,api,2,symbol,semearCatalogo,seedCatalog,apps/api/tests/permissoes-do-atendente.test.ts:61,2,no,,,approved,codex1,
api-symbol-5ac8e7cd,api,2,symbol,conversaB,conversationB,apps/api/tests/sla-motor.test.ts:281,9,no,,,approved,codex1,
api-symbol-5ad1111a,api,2,symbol,usuarioId,userId,apps/api/tests/canal-do-fluxo.test.ts:58,604,no,,,approved,codex1,
api-symbol-5af3a13e,api,2,symbol,LinhaCanal,LineChannel,apps/api/src/dominio/whatsapp/canal.ts:49,13,no,,,approved,codex1,
api-symbol-5b534dc8,api,2,symbol,filaProcessHttp,queueProcessHttp,apps/api/src/filas.ts:57,4,no,,,approved,codex1,
api-symbol-5ba42467,api,2,symbol,ControladorEntradaSso,SsoLoginController,apps/api/src/controladores/sso.ts:91,3,no,,D-05,approved,sonnet,glossary-exception:D-13
api-symbol-5c0ec26e,api,2,symbol,canal,channel,apps/api/src/dominio/gestao-analise.ts:171,970,no,,,approved,codex1,
api-symbol-5c3229bd,api,2,symbol,criar,create,apps/api/src/controladores/gestao-fluxo.ts:145,235,no,,,approved,codex1,
api-symbol-5c6e3b2c,api,2,symbol,CorpoDeChave,BodyOfKey,apps/api/src/controladores/gestao-integracoes.ts:48,2,no,,,approved,codex1,
api-symbol-5c817cb6,api,2,symbol,filas,queues,apps/api/src/dominio/gestao/cadastros.ts:335,297,no,,,approved,codex1,
api-symbol-5cb4d610,api,2,symbol,carregarFilas,loadQueues,apps/api/src/dominio/gestao/cadastros.ts:96,1,no,,,approved,codex1,
api-symbol-5ce728e2,api,2,symbol,ControladorGestaoAnalise,ManagementAnalyticsController,apps/api/src/controladores/gestao-analise.ts:105,3,no,,D-05,approved,sonnet,
api-symbol-5d0c6519,api,2,symbol,carregarMembros,loadMembers,apps/api/src/dominio/gestao/contrato.ts:142,3,no,,,approved,codex1,
api-symbol-5d6e9dae,api,2,symbol,AnexoParaServir,AttachmentForServe,apps/api/src/dominio/anexo.ts:152,2,no,,,approved,codex1,"fixed: leftover PT token (dictionary gap: ler/texto/como/resultado/servir), gate 2 dry-run sweep"
api-symbol-5d751cb9,api,2,symbol,filasDoAtendente,queuesOfAgent,apps/api/src/dominio/distribuicao.ts:80,4,no,,,approved,codex1,
api-symbol-5d99753c,api,2,symbol,contrato,contract,apps/api/tests/anexos-multiplos.test.ts:154,324,no,,,approved,codex1,
api-symbol-5db5a672,api,2,symbol,PedidoDeEdicaoDeRegraFila,RequestOfEditOfRuleQueue,apps/api/src/dominio/gestao/cadastros.ts:903,5,no,,,approved,codex1,
api-symbol-5dc88d7c,api,2,symbol,filaMidia,queueMedia,apps/api/src/filas.ts:55,5,no,,,approved,codex1,
api-symbol-5e34d0e6,api,2,symbol,RespostaDeCriacao,ResponseOfCreation,apps/api/tests/ciclo-de-vida-do-fluxo.test.ts:141,3,no,,,approved,codex1,
api-symbol-5e4a88c9,api,2,symbol,FilaParaEscolher,QueueForEscolher,apps/api/src/dominio/gestao/cadastros.ts:696,7,no,,,approved,codex1,
api-symbol-5ebefd2d,api,2,symbol,criarCanal,createChannel,apps/api/src/dominio/whatsapp/criacao-de-canal.ts:56,5,no,,,approved,codex1,
api-symbol-5ed62e76,api,2,symbol,medirRequisicao,medirRequest,apps/api/src/metricas.ts:98,4,no,,,approved,codex1,
api-symbol-5ef43f7a,api,2,symbol,criarChaveDoFluxo,createKeyOfFlow,apps/api/src/dominio/gestao/integracoes.ts:165,3,no,,,approved,codex1,
api-symbol-5efc5650,api,2,symbol,semSessao,withoutSession,apps/api/tests/etiquetas.test.ts:180,8,no,,,approved,codex1,
api-symbol-5f0ffe8a,api,2,symbol,fluxoA,flowA,apps/api/tests/chave-de-fluxo.test.ts:41,15,no,,,approved,codex1,
api-symbol-5f3292d4,api,2,symbol,removerMembro,removeMember,apps/api/src/dominio/gestao/contrato.ts:299,8,no,,,approved,codex1,
api-symbol-5f412125,api,2,symbol,janelaDeHoje,windowOfToday,apps/api/src/dominio/gestao/janela.ts:23,7,no,,,approved,codex1,
api-symbol-5f665222,api,2,symbol,dados,data,apps/api/src/controladores/gestao-cadastros.ts:147,669,no,,,approved,codex1,
api-symbol-5f8a85ec,api,2,symbol,vazio,empty,apps/api/tests/roteador.test.ts:137,290,no,,,approved,codex1,
api-symbol-5faaab5d,api,2,symbol,observar,watch,apps/api/src/metricas.ts:75,10,no,,,approved,codex1,
api-symbol-5faea887,api,2,symbol,acesso,access,apps/api/src/dominio/gestao/implantacao.ts:40,136,no,,,approved,codex1,
api-symbol-603fa32f,api,2,symbol,mensagens,messages,apps/api/tests/messenger.test.ts:126,363,no,,,approved,codex1,
api-symbol-606d27be,api,2,symbol,gravarEtiquetasDeEncerramento,writeLabelsOfClosure,apps/api/src/dominio/gestao/configuracoes.ts:468,3,no,,,approved,codex1,
api-symbol-607a03c2,api,2,symbol,fluxoJaTemCanal,flowAlreadyHasChannel,apps/api/src/dominio/gestao/canal-do-fluxo.ts:143,3,no,,,approved,codex1,
api-symbol-609adf96,api,2,symbol,ligarCanalDeEventos,connectChannelOfEvents,apps/api/src/eventos-ws.ts:67,3,no,,,approved,codex1,
api-symbol-613fdbe9,api,2,symbol,editarRegraFila,editarRuleQueue,apps/api/src/dominio/gestao/cadastros.ts:977,8,no,,,approved,codex1,
api-symbol-61aaa5a9,api,2,symbol,permissoesTodas,permissionsAll,apps/api/tests/cadastros-atendimento.test.ts:112,3,no,,,approved,codex1,
api-symbol-61d3af6d,api,2,symbol,emitirEstado,emitirState,apps/api/src/dominio/whatsapp/estado-de-conexao.ts:35,8,no,,,approved,codex1,
api-symbol-622b836d,api,2,symbol,canais,channels,apps/api/src/dominio/gestao/cabecalho.ts:20,243,no,,,approved,codex1,
api-symbol-622da66e,api,2,symbol,ativa,active,apps/api/src/dominio/gestao/comunicacao.ts:289,340,no,,,approved,codex1,
api-symbol-623c0768,api,2,symbol,erroDeValidacao,errorOfValidation,apps/api/src/dominio/fluxo.ts:1035,13,no,,,approved,codex1,
api-symbol-62ad8a41,api,2,symbol,chave,key,apps/api/src/dominio/gestao/satisfacao.ts:132,1153,no,,,approved,codex1,
api-symbol-62c2ca20,api,2,symbol,conversas,conversations,apps/api/src/dominio/gestao/atendimento.ts:236,540,no,,,approved,codex1,
api-symbol-6317236c,api,2,symbol,janelaDeDatas,windowOfDatas,apps/api/src/dominio/gestao-analise.ts:31,11,no,,,approved,codex1,
api-symbol-6376ab5f,api,2,symbol,atendente,agent,apps/api/src/dominio/mensagem-ativa.ts:270,768,no,,,approved,codex1,
api-symbol-63973420,api,2,symbol,etiquetasDaConversa,labelsOfConversation,apps/api/tests/etiquetas.test.ts:129,10,no,,,approved,codex1,
api-symbol-63991021,api,2,symbol,AvaliacaoNaLista,EvaluationInList,apps/api/src/dominio/gestao/monitoria.ts:67,10,no,,,approved,codex1,
api-symbol-63b134f6,api,2,symbol,novaConversa,newConversation,apps/api/tests/transferencia.test.ts:71,49,no,,,approved,codex1,
api-symbol-63d98306,api,2,symbol,fluxoId,flowId,apps/api/tests/equipe-do-fluxo.test.ts:49,504,no,,,approved,codex1,
api-symbol-6423b931,api,2,symbol,LinhaChave,LineKey,apps/api/src/autenticacao.ts:105,4,no,,,approved,codex1,
api-symbol-643f7223,api,2,symbol,canalDoTenant,channelOfTenant,apps/api/src/dominio/gestao/canal-do-fluxo.ts:77,9,no,,,approved,codex1,
api-symbol-6506df99,api,2,symbol,Agrupamento,Grouping,apps/api/src/dominio/gestao/historico.ts:220,21,no,,,approved,codex1,
api-symbol-65167ef8,api,2,symbol,sessaoGestor,sessionManager,apps/api/tests/cadastros-atendimento.test.ts:35,151,no,,,approved,codex1,
api-symbol-651e5d4f,api,2,symbol,semSessao,withoutSession,apps/api/tests/dicionario-crm.test.ts:310,8,no,,,approved,codex1,
api-symbol-654ae94e,api,2,symbol,oportunidade,opportunity,apps/api/tests/dicionario-crm.test.ts:251,69,no,,,approved,codex1,
api-symbol-656cdb15,api,2,symbol,canal,channel,apps/api/src/controladores/mensagens-ativas.ts:84,970,no,,,approved,codex1,
api-symbol-65d8480e,api,2,symbol,PedidoDeEdicaoDeFaixa,RequestOfEditOfRange,apps/api/src/dominio/gestao/cadastros.ts:398,3,no,,,approved,codex1,
api-symbol-65db3858,api,2,symbol,CorpoContato,BodyContact,apps/api/src/controladores/catalogo.ts:48,2,no,,,approved,codex1,
api-symbol-661566ab,api,2,symbol,PreferenciasDoCanal,PreferencesOfChannel,apps/api/src/dominio/whatsapp/preferencias.ts:26,18,no,,,approved,codex1,
api-symbol-6617a075,api,2,symbol,AutenticacaoWebhookEntrada,AuthenticationWebhookInbound,apps/api/src/dominio/gestao/integracoes.ts:456,5,no,,,approved,codex1,
api-symbol-663d76f6,api,2,symbol,destinoAbsoluto,destinationAbsolute,apps/api/src/controladores/entrar.ts:103,19,no,,,approved,codex1,
api-symbol-6648420f,api,2,symbol,CanalWhatsAppVisivel,ChannelWhatsAppVisible,apps/api/src/dominio/canais.ts:24,23,no,,,approved,codex1,
api-symbol-6695b8ce,api,2,symbol,criarRegraPrioridade,createRulePriority,apps/api/src/dominio/gestao/regras-prioridade.ts:186,12,no,,,approved,codex1,
api-symbol-66d85781,api,2,symbol,editarFila,editarQueue,apps/api/src/dominio/gestao/cadastros.ts:1316,10,no,,,approved,codex1,
api-symbol-6703a276,api,2,symbol,papelId,roleId,apps/api/tests/conversa-eventos.test.ts:186,121,no,,,approved,codex1,
api-symbol-6709351c,api,2,symbol,filaDoDesk,queueOfDesk,apps/api/tests/desk-acoes.test.ts:392,3,no,,,approved,codex1,
api-symbol-67285065,api,2,symbol,LinhaAnexo,LineAttachment,apps/api/src/dominio/midia.ts:68,12,no,,,approved,codex1,
api-symbol-673da600,api,2,symbol,editarRegraPrioridade,editarRulePriority,apps/api/src/dominio/gestao/regras-prioridade.ts:218,2,no,,,approved,codex1,
api-symbol-674b678f,api,2,symbol,mensagemId,messageId,apps/api/src/dominio/entrada.ts:265,59,no,,,approved,codex1,
api-symbol-677d1da3,api,2,symbol,buscarConta,fetchAccount,apps/api/src/dominio/instagram/cliente-graph.ts:138,4,no,,,approved,codex1,"fixed leftover PT token (gate-2 compound audit, D-47 follow-up)"
api-symbol-678a15c3,api,2,symbol,ordem,order,apps/api/src/controladores/conversas.ts:174,517,no,,,approved,codex1,
api-symbol-67a261df,api,2,symbol,LinhaDeFluxo,LineOfFlow,apps/api/tests/ciclo-de-vida-do-fluxo.test.ts:110,3,no,,,approved,codex1,
api-symbol-67a6cc39,api,2,symbol,conflitoDeNomeDeFila,conflitoOfNameOfQueue,apps/api/src/dominio/gestao/cadastros.ts:1256,3,no,,,approved,codex1,
api-symbol-67a70471,api,2,symbol,controlador,controller,apps/api/tests/importacao.test.ts:260,53,no,,,approved,codex1,
api-symbol-67e028ea,api,2,symbol,ResultadoEntregaWebhook,ResultDeliveryWebhook,apps/api/src/webhooks-saida.ts:191,4,no,,,approved,codex1,
api-symbol-67f675c8,api,2,symbol,vazio,empty,apps/api/src/dominio/gestao/atendimento.ts:186,290,no,,,approved,codex1,
api-symbol-67fbbf6d,api,2,symbol,sessaoSemPoder,sessionWithoutPoder,apps/api/tests/integracoes.test.ts:39,52,no,,,approved,codex1,
api-symbol-68729ba0,api,2,symbol,daFila,ofQueue,apps/api/src/dominio/gestao/sla.ts:89,15,no,,,approved,codex1,
api-symbol-6878f00a,api,2,symbol,imagemGrande,imageLarge,apps/api/tests/canais.test.ts:774,2,no,,,approved,codex1,
api-symbol-689a9bf9,api,2,symbol,criar,create,apps/api/src/controladores/convites.ts:26,235,no,,,approved,codex1,
api-symbol-68a671d5,api,2,symbol,PedidoDeConta,RequestOfAccount,apps/api/src/dominio/construtor-de-conta.ts:39,2,no,,,approved,codex1,
api-symbol-68cce8b8,api,2,symbol,execucao,execution,apps/api/src/dominio/fluxo.ts:234,29,no,,,approved,codex1,
api-symbol-68d2d3bc,api,2,symbol,conexoes,connections,apps/api/src/tempo-real.ts:132,8,no,,,approved,codex1,
api-symbol-68d79f8c,api,2,symbol,ErroDaMeta,MetaError,apps/api/src/dominio/entrada.ts:91,4,no,,D-05,approved,sonnet,
api-symbol-68f9a4be,api,2,symbol,cartaoAtendentes,cardAgents,apps/api/src/dominio/gestao/monitoramento.ts:495,2,no,,,approved,codex1,
api-symbol-68fa8988,api,2,symbol,ConviteAceito,InvitationAccepted,apps/api/src/dominio/convites.ts:300,2,no,,,approved,codex1,
api-symbol-691a2f63,api,2,symbol,RESPOSTA_PRONTA_GERENCIAR,RESPONSE_READY_MANAGE,apps/api/src/dominio/gestao/comunicacao.ts:14,4,no,,,approved,codex1,
api-symbol-69692319,api,2,symbol,respostaContato,responseContact,apps/api/tests/gerar-fixtures-jsonb.helper.ts:279,1,no,,,approved,codex1,
api-symbol-69a42597,api,2,symbol,novoCanal,newChannel,apps/api/tests/midia-recebida.test.ts:72,21,no,,,approved,codex1,
api-symbol-69caacd2,api,2,symbol,mensagens,messages,apps/api/src/dominio/instagram/entrada.ts:66,363,no,,,approved,codex1,
api-symbol-69dbbdd6,api,2,symbol,canalId,channelId,apps/api/tests/messenger.test.ts:53,387,no,,,approved,codex1,
api-symbol-69f23aec,api,2,symbol,criarExcecaoSql,createExceptionSql,apps/api/tests/cadastros-atendimento.test.ts:916,8,no,,,approved,codex1,
api-symbol-6a07efcd,api,2,symbol,conversa,conversation,apps/api/src/dominio/conversa.ts:203,1270,no,,,approved,codex1,
api-symbol-6a27921c,api,2,symbol,canal,channel,apps/api/src/dominio/messenger/canal.ts:38,970,no,,,approved,codex1,
api-symbol-6a663bf0,api,2,symbol,pagina,page,apps/api/src/controladores/conversas.ts:132,89,no,,,approved,codex1,
api-symbol-6a7f06d4,api,2,symbol,componentes,components,apps/api/src/dominio/whatsapp/modelos.ts:150,314,no,,,approved,codex1,
api-symbol-6a89d588,api,2,symbol,excluirModelo,deleteTemplate,apps/api/src/dominio/whatsapp/cliente-graph.ts:173,4,no,,,approved,codex1,
api-symbol-6a9ba686,api,2,symbol,mensagemId,messageId,apps/api/src/dominio/envio.ts:217,59,no,,,approved,codex1,
api-symbol-6ad0705e,api,2,symbol,carregarContato,loadContact,apps/api/src/dominio/desk/consultas.ts:559,20,no,,,approved,codex1,
api-symbol-6adf23ec,api,2,symbol,porAtendente,byAgent,apps/api/src/dominio/gestao/esforco.ts:118,11,no,,,approved,codex1,
api-symbol-6b4692f2,api,2,symbol,conversaSemRegra,conversationWithoutRule,apps/api/tests/sla-motor.test.ts:314,5,no,,,approved,codex1,
api-symbol-6b4d0242,api,2,symbol,leitura,read,apps/api/src/dominio/gestao/certificados.ts:224,251,no,,,approved,codex1,
api-symbol-6b694c99,api,2,symbol,porFila,byQueue,apps/api/src/dominio/gestao/monitoramento.ts:549,10,no,,,approved,codex1,
api-symbol-6bd2f70a,api,2,symbol,usuarioId,userId,apps/api/tests/cadastros-atendimento.test.ts:50,604,no,,,approved,codex1,
api-symbol-6c2989ae,api,2,symbol,carregarListaDeContatos,loadListOfContacts,apps/api/src/dominio/gestao-analise.ts:221,3,no,,,approved,codex1,
api-symbol-6c5d42a8,api,2,symbol,ControladorImportacoesDeContatos,ContactImportsController,apps/api/src/controladores/importacoes.ts:25,5,no,,D-05,approved,sonnet,
api-symbol-6c7c8a77,api,2,symbol,anexoId,attachmentId,apps/api/src/dominio/entrada.ts:253,70,no,,,approved,codex1,
api-symbol-6cc3c92a,api,2,symbol,periodoDaQuery,periodOfQuery,apps/api/src/controladores/rastreador-de-cliques.ts:26,2,no,,,approved,codex1,
api-symbol-6cd7a614,api,2,symbol,filas,queues,apps/api/src/controladores/gestao-cadastros.ts:101,297,no,,,approved,codex1,
api-symbol-6ceb025a,api,2,symbol,semPermissao,withoutPermission,apps/api/src/dominio/whatsapp/cliente-graph.ts:562,12,no,,,approved,codex1,
api-symbol-6d7d2811,api,2,symbol,daFila,ofQueue,apps/api/src/dominio/gestao/sla-motor.ts:64,15,no,,,approved,codex1,
api-symbol-6d95b691,api,2,symbol,sessaoDoOutroTenant,sessionOfOtherTenant,apps/api/tests/contatos-editar.test.ts:32,64,no,,,approved,codex1,
api-symbol-6de05d25,api,2,symbol,semFila,withoutQueue,apps/api/tests/cadastros-atendimento.test.ts:396,3,no,,,approved,codex1,
api-symbol-6e1960fc,api,2,symbol,chaveDaTela,keyOfScreen,apps/api/tests/chave-de-fluxo.test.ts:127,3,no,,,approved,codex1,
api-symbol-6e3813a4,api,2,symbol,mensagem,message,apps/api/src/dominio/entrada.ts:342,1267,no,,,approved,codex1,
api-symbol-6e68842d,api,2,symbol,canais,channels,apps/api/src/controladores/gestao-cadastros.ts:133,243,no,,,approved,codex1,
api-symbol-6e89270b,api,2,symbol,entrada,inbound,apps/api/src/controladores/sso.ts:178,473,no,,,approved,codex1,
api-symbol-6eaed700,api,2,symbol,sacoDaChave,sacoOfKey,apps/api/tests/ajuda-pfx.ts:185,2,no,,,approved,codex1,
api-symbol-6ed581e3,api,2,symbol,relatorioDeEsforco,reportOfEffort,apps/api/src/controladores/gestao-operacao.ts:275,1,no,,,approved,codex1,
api-symbol-6eee2746,api,2,symbol,valor,value,apps/api/tests/convites.test.ts:396,1656,no,,,approved,codex1,
api-symbol-6ef24bad,api,2,symbol,DOMINIO_ACEITAVEL,DOMAIN_ACEITAVEL,apps/api/src/dominio/dominios.ts:39,1,no,,,approved,codex1,
api-symbol-6f490e72,api,2,symbol,nomeDoUsuario,nameOfUser,apps/api/src/dominio/construtor-de-conta.ts:196,5,no,,,approved,codex1,
api-symbol-6f6dfec5,api,2,symbol,permissoes,permissions,apps/api/tests/equipe-do-fluxo.test.ts:147,149,no,,,approved,codex1,
api-symbol-6f7a697b,api,2,symbol,excluirFluxo,deleteFlow,apps/api/src/dominio/gestao/ciclo-de-vida-do-fluxo.ts:315,6,no,,,approved,codex1,
api-symbol-6fb8a19c,api,2,symbol,PedidoDeEdicaoDeExcecao,RequestOfEditOfException,apps/api/src/dominio/gestao/cadastros.ts:536,3,no,,,approved,codex1,
api-symbol-6fe41778,api,2,symbol,LIMITE_CORPO_DO_TESTE,LIMIT_BODY_OF_TEST,apps/api/src/dominio/gestao/integracoes.ts:744,2,no,,,approved,codex1,
api-symbol-6ff06055,api,2,symbol,contato,contact,apps/api/src/dominio/fluxo.ts:317,1026,no,,,approved,codex1,
api-symbol-70060320,api,2,symbol,valor,value,apps/api/src/dominio/gestao/acoes/regras.ts:290,1656,no,,,approved,codex1,
api-symbol-7027e73c,api,2,symbol,usuarioId,userId,apps/api/tests/ciclo-de-vida-do-fluxo.test.ts:59,604,no,,,approved,codex1,
api-symbol-7044041e,api,2,symbol,PedidoDeReautorizacao,RequestOfReauthorization,apps/api/src/dominio/whatsapp/reautorizacao.ts:23,2,no,,,approved,codex1,
api-symbol-704ebf0d,api,2,symbol,PERMISSOES_DO_ADMIN,PERMISSIONS_OF_ADMIN,apps/api/tests/convites.test.ts:53,2,no,,,approved,codex1,
api-symbol-705a017e,api,2,symbol,FiltroMonitoramento,MonitoringFilter,apps/api/src/dominio/gestao/monitoramento.ts:340,3,no,,D-05,approved,sonnet,
api-symbol-707e3713,api,2,symbol,fluxo,flow,apps/api/src/dominio/gestao/builder-do-fluxo.ts:254,1172,no,,,approved,codex1,
api-symbol-70a3c223,api,2,symbol,recategorizacao,recategorization,apps/api/tests/email.test.ts:97,6,no,,,approved,codex1,
api-symbol-70a699e6,api,2,symbol,PedidoDeEdicao,RequestOfEdit,apps/api/src/dominio/gestao/ciclo-de-vida-do-fluxo.ts:81,3,no,,,approved,codex1,
api-symbol-70c641ae,api,2,symbol,requisicao,request,apps/api/tests/messenger.test.ts:69,450,no,,,approved,codex1,
api-symbol-70c6fe5e,api,2,symbol,canal,channel,apps/api/src/dominio/whatsapp/cadastro-embutido.ts:72,970,no,,,approved,codex1,
api-symbol-7157f503,api,2,symbol,dispararMensagemAtiva,dispararMessageActive,apps/api/src/dominio/mensagem-ativa.ts:96,3,no,,,approved,codex1,
api-symbol-715973d2,api,2,symbol,escopoConferido,scopeChecked,apps/api/src/dominio/gestao/regras-prioridade.ts:107,6,no,,,approved,codex1,"fixed leftover PT token (gate-2 compound audit, D-47 follow-up)"
api-symbol-71850096,api,2,symbol,carregarCanais,loadChannels,apps/api/src/dominio/gestao/configuracoes.ts:193,1,no,,,approved,codex1,
api-symbol-71bab133,api,2,symbol,PedidoDePreferencias,RequestOfPreferences,apps/api/src/dominio/whatsapp/preferencias.ts:44,8,no,,,approved,codex1,
api-symbol-71f7c3d7,api,2,symbol,lerOrdenacao,readSorting,apps/api/src/paginacao.ts:72,8,no,,,approved,codex1,"fixed: leftover PT token (dictionary gap: ler/texto/como/resultado/servir), gate 2 dry-run sweep"
api-symbol-721d288d,api,2,symbol,canal,channel,apps/api/src/dominio/gestao/configuracao-do-fluxo.ts:148,970,no,,,approved,codex1,
api-symbol-722fc1a5,api,2,symbol,ContatoGrowth,ContactGrowth,apps/api/src/dominio/gestao-fluxo.ts:285,4,no,,,approved,codex1,
api-symbol-72605be5,api,2,symbol,condicoes,conditions,apps/api/src/dominio/gestao/builder-do-fluxo.ts:244,76,no,,,approved,codex1,
api-symbol-727345d5,api,2,symbol,criarModelo,createTemplate,apps/api/src/dominio/whatsapp/cliente-graph.ts:171,9,no,,,approved,codex1,
api-symbol-72a2c307,api,2,symbol,canais,channels,apps/api/src/dominio/gestao-fluxo.ts:309,243,no,,,approved,codex1,
api-symbol-72b9f4e7,api,2,symbol,revogarChaveDoFluxo,revogarKeyOfFlow,apps/api/src/dominio/gestao/integracoes.ts:221,3,no,,,approved,codex1,
api-symbol-72cb9258,api,2,symbol,editarExcecaoHorario,editarExceptionSchedule,apps/api/src/dominio/gestao/cadastros.ts:577,2,no,,,approved,codex1,
api-symbol-72d5a60d,api,2,symbol,criarWebhookSemPermissao,createWebhookWithoutPermission,apps/api/src/dominio/gestao/integracoes.ts:944,2,no,,,approved,codex1,
api-symbol-72ded1c9,api,2,symbol,excluirFila,deleteQueue,apps/api/src/controladores/gestao-cadastros.ts:196,6,no,,,approved,codex1,
api-symbol-731ae2f8,api,2,symbol,canalId,channelId,apps/api/src/controladores/gestao-fluxo.ts:275,387,no,,,approved,codex1,
api-symbol-73427628,api,2,symbol,criar,create,apps/api/tests/ciclo-de-vida-do-fluxo.test.ts:143,235,no,,,approved,codex1,
api-symbol-73977811,api,2,symbol,dadosDoNumero,dataOfNumber,apps/api/src/dominio/whatsapp/validacao-da-configuracao-manual.ts:74,7,no,,,approved,codex1,
api-symbol-7402ad81,api,2,symbol,fluxoId,flowId,apps/api/src/controladores/canais-instagram.ts:35,504,no,,,approved,codex1,
api-symbol-74275af5,api,2,symbol,alternarRegraFila,toggleRuleQueue,apps/api/src/dominio/gestao/acoes/regras.ts:326,7,no,,,approved,codex1,
api-symbol-742cbe42,api,2,symbol,ConfiguracaoArmazenada,ConfigurationStored,apps/api/src/dominio/gestao/configuracao-do-fluxo.ts:31,7,no,,,approved,codex1,"fixed leftover PT token (gate-2 compound audit, D-47 follow-up)"
api-symbol-74363b5b,api,2,symbol,convite,invitation,apps/api/tests/convites.test.ts:140,338,no,,,approved,codex1,
api-symbol-745019e9,api,2,symbol,execucao,execution,apps/api/tests/analise.test.ts:109,29,no,,,approved,codex1,
api-symbol-74737d8b,api,2,symbol,conferirGravacao,checkRecording,apps/api/src/controladores/gestao-conta.ts:77,5,no,,,approved,codex1,"fixed leftover PT token (gate-2 compound audit, D-47 follow-up)"
api-symbol-748c7c57,api,2,symbol,filtroDe,filterOf,apps/api/src/dominio/gestao-analise.ts:477,2,no,,,approved,codex1,
api-symbol-74a89d39,api,2,symbol,sessao,session,apps/api/src/controladores/rastreador-de-cliques.ts:50,382,no,,,approved,codex1,
api-symbol-74af2881,api,2,symbol,termoDaPrimeira,termOfFirst,apps/api/tests/palavras-proibidas.test.ts:306,1,no,,,approved,codex1,
api-symbol-74b9f9be,api,2,symbol,RespostaDeMensagensAtivas,ResponseOfMessagesActive,apps/api/src/controladores/gestao-analise.ts:75,4,no,,,approved,codex1,
api-symbol-74ce24d4,api,2,symbol,atualizarCanal,atualizarChannel,apps/api/src/dominio/whatsapp/canal.ts:88,11,no,,,approved,codex1,
api-symbol-74ef85dd,api,2,symbol,busca,search,apps/api/tests/roteador.test.ts:141,420,no,,,approved,codex1,
api-symbol-74f96354,api,2,symbol,agendarRenovacaoInstagram,scheduleRenewalInstagram,apps/api/src/filas.ts:487,4,no,,,approved,codex1,
api-symbol-75004b68,api,2,symbol,condicaoVazia,conditionEmpty,apps/api/src/dominio/gestao/prioridade-motor.ts:79,2,no,,,approved,codex1,
api-symbol-75c13309,api,2,symbol,conversaDaAna,conversationOfAna,apps/api/tests/builder-por-fluxo.test.ts:469,1,no,,,approved,codex1,
api-symbol-75d18ae6,api,2,symbol,PedidoDeEncerramento,RequestOfClosure,apps/api/src/dominio/conversa.ts:80,2,no,,,approved,codex1,
api-symbol-75d9f60c,api,2,symbol,filas,queues,apps/api/src/metricas.ts:142,297,no,,,approved,codex1,
api-symbol-75f13fb9,api,2,symbol,variaveisJson,variablesJson,apps/api/src/dominio/gestao/acoes/comunicacao.ts:80,2,no,,,approved,codex1,
api-symbol-761c17fb,api,2,symbol,canal,channel,apps/api/src/dominio/whatsapp/perfil.ts:101,970,no,,,approved,codex1,
api-symbol-7622d75a,api,2,symbol,prefixo,prefix,apps/api/src/dominio/instagram/cliente-graph.ts:97,89,no,,,approved,codex1,
api-symbol-7687ee26,api,2,symbol,LogDoFluxo,LogOfFlow,apps/api/src/dominio/gestao-fluxo.ts:257,4,no,,,approved,codex1,
api-symbol-76904492,api,2,symbol,PedidoDeEdicaoDeRegraPrioridade,RequestOfEditOfRulePriority,apps/api/src/dominio/gestao/regras-prioridade.ts:72,3,no,,,approved,codex1,
api-symbol-7692bb64,api,2,symbol,sessao,session,apps/api/src/controladores/gestao-fluxo.ts:152,382,no,,,approved,codex1,
api-symbol-769e833d,api,2,symbol,conferirSegredoDoApp,checkSecretOfApp,apps/api/src/dominio/messenger/cliente-graph.ts:10,10,no,,,approved,codex1,"fixed leftover PT token (gate-2 compound audit, D-47 follow-up)"
api-symbol-76a81eb1,api,2,symbol,contatos,contacts,apps/api/tests/importacao.test.ts:107,438,no,,,approved,codex1,
api-symbol-76e80741,api,2,symbol,LinhaConversa,LineConversation,apps/api/src/controladores/conversas.ts:33,22,no,,,approved,codex1,
api-symbol-76ee72c7,api,2,symbol,entregaId,deliveryId,apps/api/tests/contrato.test.ts:666,11,no,,,approved,codex1,
api-symbol-773f43e6,api,2,symbol,sessao,session,apps/api/src/dominio/convites.ts:390,382,no,,,approved,codex1,
api-symbol-77598d60,api,2,symbol,carregarAtendimento,loadAttendance,apps/api/src/dominio/gestao/atendimento.ts:156,6,no,,,approved,codex1,
api-symbol-776bb853,api,2,symbol,porTenant,byTenant,apps/api/src/tempo-real.ts:57,1,no,,,approved,codex1,
api-symbol-778188b1,api,2,symbol,sessaoSemPoder,sessionWithoutPoder,apps/api/tests/etiquetas.test.ts:36,52,no,,,approved,codex1,
api-symbol-7784b192,api,2,symbol,renovarTokenDoCanal,renovarTokenOfChannel,apps/api/src/dominio/instagram/renovacao.ts:35,6,no,,,approved,codex1,
api-symbol-77ed4805,api,2,symbol,chaveiro,keyring,apps/api/src/banco.ts:63,80,no,,,approved,codex1,
api-symbol-78124fc8,api,2,symbol,salvarEtiquetasDeEncerramento,saveLabelsOfClosure,apps/api/src/dominio/gestao/acoes/configuracoes.ts:141,6,no,,,approved,codex1,
api-symbol-782d0832,api,2,symbol,PedidoDePermissoes,RequestOfPermissions,apps/api/src/dominio/gestao/permissoes-do-atendente.ts:179,2,no,,,approved,codex1,
api-symbol-785ea07e,api,2,symbol,agendarVarreduraEspelhoCrm,scheduleSweepMirrorCrm,apps/api/src/filas.ts:202,3,no,,,approved,codex1,
api-symbol-785ef477,api,2,symbol,canal,channel,apps/api/src/dominio/canais.ts:150,970,no,,,approved,codex1,
api-symbol-7909246e,api,2,symbol,fluxo,flow,apps/api/src/importar-fluxo.ts:40,1172,no,,,approved,codex1,
api-symbol-7966db22,api,2,symbol,paginaId,pageId,apps/api/src/dominio/messenger/canal.ts:27,35,no,,,approved,codex1,
api-symbol-797d860b,api,2,symbol,listarCanaisComModelos,listChannelsWithTemplates,apps/api/src/dominio/desk/consultas.ts:589,1,no,,,approved,codex1,"fixed leftover PT token (gate-2 compound audit, D-47 follow-up)"
api-symbol-79903a03,api,2,symbol,semConversa,withoutConversation,apps/api/tests/desk-acoes.test.ts:233,2,no,,,approved,codex1,
api-symbol-79bae4d7,api,2,symbol,RegraFilaGravada,RuleQueueWritten,apps/api/src/dominio/gestao/cadastros.ts:911,4,no,,,approved,codex1,
api-symbol-7a40bbc6,api,2,symbol,AtendenteDasPermissoes,AgentOfPermissions,apps/api/src/dominio/gestao/permissoes-do-atendente.ts:83,3,no,,,approved,codex1,
api-symbol-7a665913,api,2,symbol,listarChavesDoFluxo,listKeysOfFlow,apps/api/src/dominio/gestao/integracoes.ts:141,3,no,,,approved,codex1,"fixed leftover PT token (gate-2 compound audit, D-47 follow-up)"
api-symbol-7ab5c792,api,2,symbol,comoEntrar,asLogin,apps/api/src/provisionar.ts:221,5,no,,,approved,codex1,
api-symbol-7ae62831,api,2,symbol,transferirConversa,transferConversation,apps/api/src/dominio/conversa.ts:300,12,no,,,approved,codex1,
api-symbol-7ae8d3d5,api,2,symbol,eventosPorConversa,eventsByConversation,apps/api/src/dominio/gestao/atendimento.ts:245,3,no,,,approved,codex1,
api-symbol-7b81aa8f,api,2,symbol,guardarAnexo,saveAttachment,apps/api/src/dominio/anexo.ts:74,9,no,,,approved,codex1,"fixed leftover PT token (gate-2 compound audit, D-47 follow-up)"
api-symbol-7b84fcdf,api,2,symbol,BlocoDeTempos,BlockOfTimes,apps/api/src/dominio/gestao/atendimento.ts:45,7,no,,,approved,codex1,
api-symbol-7b853544,api,2,symbol,mensagens,messages,apps/api/src/dominio/desk/consultas.ts:201,363,no,,,approved,codex1,
api-symbol-7b985fe5,api,2,symbol,usuarioId,userId,apps/api/tests/chave-de-fluxo.test.ts:53,604,no,,,approved,codex1,
api-symbol-7b9e083b,api,2,symbol,detalheDoContato,detalheOfContact,apps/api/src/controladores/gestao-fluxo.ts:371,1,no,,,approved,codex1,
api-symbol-7b9e3027,api,2,symbol,EtiquetaDeEncerramento,LabelOfClosure,apps/api/src/dominio/gestao/configuracoes.ts:256,11,no,,,approved,codex1,
api-symbol-7bb75324,api,2,symbol,ligarAoFluxo,connectToFlow,apps/api/src/controladores/conexao-no-fluxo.ts:65,9,no,,,approved,codex1,
api-symbol-7bcb9ae6,api,2,symbol,sessaoOperador,sessionOperator,apps/api/tests/contrato.test.ts:154,3,no,,,approved,codex1,
api-symbol-7bd23406,api,2,symbol,contatoId,contactId,apps/api/tests/twenty.test.ts:215,226,no,,,approved,codex1,
api-symbol-7c5d1cdc,api,2,symbol,doContato,ofContact,apps/api/src/controladores/crm.ts:63,1,no,,,approved,codex1,
api-symbol-7c71b955,api,2,symbol,PermissoesDoAtendente,PermissionsOfAgent,apps/api/src/dominio/gestao/permissoes-do-atendente.ts:89,5,no,,,approved,codex1,
api-symbol-7c835de2,api,2,symbol,editarMembro,editarMember,apps/api/src/dominio/gestao/equipe-do-fluxo.ts:428,3,no,,,approved,codex1,
api-symbol-7c958716,api,2,symbol,servicoDoRoteador,serviceOfRouter,apps/api/src/dominio/roteador.ts:62,3,no,,,approved,codex1,
api-symbol-7c9d3f99,api,2,symbol,contato,contact,apps/api/tests/canal-do-fluxo.test.ts:216,1026,no,,,approved,codex1,
api-symbol-7cbb560c,api,2,symbol,ContextoDaConversa,ContextOfConversation,apps/api/src/dominio/gestao/regra-fila.ts:109,5,no,,,approved,codex1,
api-symbol-7cc12dfa,api,2,symbol,guardarContextoDoRoteador,saveContextOfRouter,apps/api/src/dominio/fluxo.ts:310,5,no,,,approved,codex1,"fixed leftover PT token (gate-2 compound audit, D-47 follow-up)"
api-symbol-7cc43bf2,api,2,symbol,janela,window,apps/api/src/controladores/gestao-operacao.ts:143,260,no,,,approved,codex1,
api-symbol-7d252aaf,api,2,symbol,fetchDeVerdade,fetchOfTruth,apps/api/tests/contrato.test.ts:607,11,no,,,approved,codex1,
api-symbol-7d31bf86,api,2,symbol,retorno,callback,apps/api/src/controladores/entrar.ts:289,68,no,,D-12,approved,sonnet,
api-symbol-7d5aee2b,api,2,symbol,semExpiracao,withoutExpiration,apps/api/tests/roteador.test.ts:215,2,no,,,approved,codex1,
api-symbol-7d5d0983,api,2,symbol,canalId,channelId,apps/api/tests/midia-recebida.test.ts:163,387,no,,,approved,codex1,
api-symbol-7d6065ed,api,2,symbol,reautorizacaoPendente,reauthorizationPending,apps/api/src/dominio/whatsapp/canal.ts:132,19,no,,,approved,codex1,
api-symbol-7d6246d5,api,2,symbol,RegistroDeVerificacao,RegistroOfVerification,apps/api/src/dominio/dominios.ts:25,5,no,,,approved,codex1,
api-symbol-7da0be2c,api,2,symbol,roteadorId,routerId,apps/api/tests/canal-do-fluxo.test.ts:426,52,no,,,approved,codex1,
api-symbol-7db8ddb4,api,2,symbol,ativa,active,apps/api/tests/sso.test.ts:171,340,no,,,approved,codex1,
api-symbol-7dc3e7cd,api,2,symbol,entrouNaFila,entrouInQueue,apps/api/src/dominio/entrada.ts:147,3,no,,,approved,codex1,
api-symbol-7dc93ddc,api,2,symbol,carregarLogsDoFluxo,loadLogsOfFlow,apps/api/src/dominio/gestao-fluxo.ts:217,5,no,,,approved,codex1,
api-symbol-7ddabb64,api,2,symbol,GrupoHistorico,GroupHistory,apps/api/src/dominio/gestao/historico.ts:226,4,no,,,approved,codex1,
api-symbol-7ddeea25,api,2,symbol,usuarioId,userId,apps/api/tests/permissoes-do-atendente.test.ts:78,604,no,,,approved,codex1,
api-symbol-7de955b4,api,2,symbol,historico,history,apps/api/src/dominio/gestao-fluxo.ts:184,41,no,,,approved,codex1,
api-symbol-7e311a60,api,2,symbol,executarConfiguracaoManual,executarConfigurationManual,apps/api/src/dominio/whatsapp/configuracao-manual.ts:39,10,no,,,approved,codex1,
api-symbol-7e5d61c3,api,2,symbol,fluxoVivo,flowVivo,apps/api/src/dominio/gestao/canal-do-fluxo.ts:43,20,no,,,approved,codex1,
api-symbol-7e82aa21,api,2,symbol,OpcoesDoWebhook,OptionsOfWebhook,apps/api/src/dominio/whatsapp/configuracao-de-webhook.ts:44,2,no,,,approved,codex1,
api-symbol-7e90d386,api,2,symbol,cachePorTenant,cacheByTenant,apps/api/src/dominio/gestao/palavras-proibidas.ts:108,1,no,,,approved,codex1,
api-symbol-7ea84b97,api,2,symbol,listarConversas,listConversations,apps/api/src/dominio/desk/consultas.ts:63,1,no,,,approved,codex1,"fixed leftover PT token (gate-2 compound audit, D-47 follow-up)"
api-symbol-7eb181cf,api,2,symbol,importacao,import,apps/api/tests/importacao.test.ts:138,29,no,,,approved,codex1,
api-symbol-7ef7803f,api,2,symbol,variavel,variable,apps/api/src/dominio/fluxo.ts:1100,27,no,,,approved,codex1,
api-symbol-7efe5bbc,api,2,symbol,sessaoSoFilas,sessionOnlyQueues,apps/api/tests/cadastros-atendimento.test.ts:37,11,no,,,approved,codex1,
api-symbol-7f07ab76,api,2,symbol,tokenSemEscopo,tokenWithoutScope,apps/api/tests/ajuda.ts:83,5,no,,,approved,codex1,
api-symbol-7f11e591,api,2,symbol,primeira,first,apps/api/tests/ponta-a-ponta.test.ts:374,377,no,,,approved,codex1,
api-symbol-7f3b9ed8,api,2,symbol,VALIDADE_DO_TOKEN_MS,VALIDITY_OF_TOKEN_MS,apps/api/src/dominio/instagram/canal.ts:57,4,no,,,approved,codex1,
api-symbol-7f5669ae,api,2,symbol,dados,data,apps/api/src/dominio/twenty.ts:207,669,no,,,approved,codex1,
api-symbol-8018d991,api,2,symbol,criarMotivoPausa,createReasonPause,apps/api/src/dominio/gestao/cadastros.ts:1620,5,no,,,approved,codex1,
api-symbol-802a3cdd,api,2,symbol,RespostaDaMonitoria,ResponseOfQualityReview,apps/api/src/controladores/gestao-operacao.ts:112,4,no,,,approved,codex1,glossary-exception:D-01
api-symbol-802cc922,api,2,symbol,MidiaDaMeta,MediaOfMeta,apps/api/src/dominio/entrada.ts:74,6,no,,,approved,codex1,
api-symbol-807caa07,api,2,symbol,COLUNAS_CONVERSA,COLUMNS_CONVERSATION,apps/api/src/controladores/conversas.ts:391,3,no,,,approved,codex1,
api-symbol-80aef4eb,api,2,symbol,Gravacao,Recording,apps/api/src/dominio/gestao/configuracoes.ts:348,22,no,,,approved,codex1,
api-symbol-80af5bad,api,2,symbol,agendarVarreduraSla,scheduleSweepSla,apps/api/src/filas.ts:374,4,no,,,approved,codex1,
api-symbol-80b43fca,api,2,symbol,GrupoSatisfacao,GroupSatisfaction,apps/api/src/dominio/gestao/satisfacao.ts:33,6,no,,,approved,codex1,
api-symbol-80bfc6c3,api,2,symbol,roteador,router,apps/api/tests/roteador.test.ts:133,387,no,,,approved,codex1,
api-symbol-80c2c21a,api,2,symbol,outroFluxo,otherFlow,apps/api/tests/canal-do-fluxo.test.ts:297,2,no,,,approved,codex1,
api-symbol-80fb1e94,api,2,symbol,Contato,Contact,apps/api/tests/importacao.test.ts:56,75,no,,,approved,codex1,
api-symbol-81596dd0,api,2,symbol,LinhaPorAtendente,LineByAgent,apps/api/src/dominio/gestao/monitoria.ts:87,5,no,,,approved,codex1,
api-symbol-816dec99,api,2,symbol,semEscopoId,withoutScopeId,apps/api/tests/cadastros-atendimento.test.ts:764,1,no,,,approved,codex1,
api-symbol-816fe394,api,2,symbol,semEscopo,withoutScope,apps/api/src/erros.ts:39,8,no,,,approved,codex1,
api-symbol-8177b0c1,api,2,symbol,importar,import,apps/api/src/controladores/importacoes.ts:27,56,no,,,approved,codex1,
api-symbol-8183f063,api,2,symbol,EQUIVALENTE_NA_CONTA,EQUIVALENTE_IN_ACCOUNT,apps/api/src/dominio/gestao/equipe-do-fluxo.ts:105,3,no,,,approved,codex1,
api-symbol-818a825d,api,2,symbol,emailsDeQuemGerenciaCanal,emailsOfWhoGerenciaChannel,apps/api/src/dominio/whatsapp/eventos-de-modelo.ts:74,2,no,,,approved,codex1,
api-symbol-818f8709,api,2,symbol,sessao,session,apps/api/src/controladores/canais-instagram.ts:21,382,no,,,approved,codex1,
api-symbol-81935fce,api,2,symbol,EDITAR_FLUXO,EDITAR_FLOW,apps/api/src/dominio/gestao/equipe-do-fluxo.ts:23,16,no,,,approved,codex1,
api-symbol-81b1bc35,api,2,symbol,comEscopo,withScope,apps/api/tests/growth.test.ts:268,1,no,,,approved,codex1,
api-symbol-81b26de6,api,2,symbol,SinaisDaImplantacao,SignalsOfDeployment,apps/api/src/dominio/gestao/passos-da-implantacao.ts:18,13,no,,,approved,codex1,
api-symbol-8212e701,api,2,symbol,TwentyErro,TwentyError,apps/api/src/dominio/twenty.ts:35,16,no,,,approved,codex1,
api-symbol-82430ada,api,2,symbol,controlador,controller,apps/api/tests/instagram.test.ts:38,53,no,,,approved,codex1,
api-symbol-8246b66f,api,2,symbol,sessaoAdmin,sessionAdmin,apps/api/tests/ciclo-de-vida-do-fluxo.test.ts:38,15,no,,,approved,codex1,
api-symbol-82560a68,api,2,symbol,sessaoAtendente,sessionAgent,apps/api/tests/etiquetas.test.ts:35,82,no,,,approved,codex1,
api-symbol-82574628,api,2,symbol,usuarioUnicoAdminId,userUniqueAdminId,apps/api/tests/contrato.test.ts:152,7,no,,,approved,codex1,
api-symbol-825e8dca,api,2,symbol,mensagem,message,apps/api/src/dominio/messenger/entrada.ts:14,1267,no,,,approved,codex1,
api-symbol-829e4683,api,2,symbol,consumidorEntrada,consumerInbound,apps/api/src/filas.ts:497,5,no,,,approved,codex1,
api-symbol-82c75fe5,api,2,symbol,sessao,session,apps/api/src/controladores/gestao-analise.ts:117,382,no,,,approved,codex1,
api-symbol-82ddb1ea,api,2,symbol,enderecoDaConta,enderecoOfAccount,apps/api/src/dominio/construtor-de-conta.ts:133,2,no,,,approved,codex1,
api-symbol-82df3560,api,2,symbol,importarFluxoDaBlip,importFlowOfBlip,apps/api/src/dominio/fluxo.ts:1011,16,no,,,approved,codex1,
api-symbol-82f13b85,api,2,symbol,MAX_CONTATOS_POR_DISPARO,MAX_CONTACTS_BY_TRIGGER,apps/api/src/dominio/mensagem-ativa.ts:26,8,no,,,approved,codex1,
api-symbol-83016ee5,api,2,symbol,ModeloLocal,TemplateLocal,apps/api/src/dominio/whatsapp/modelos.ts:136,3,no,,,approved,codex1,
api-symbol-830fbe0b,api,2,symbol,ROTULO_DO_PAPEL,LABEL_OF_ROLE,apps/api/src/dominio/convites.ts:76,2,no,,,approved,codex1,
api-symbol-83107e08,api,2,symbol,entrada,inbound,apps/api/tests/sso.test.ts:246,473,no,,,approved,codex1,
api-symbol-83445437,api,2,symbol,contatoId,contactId,apps/api/tests/transferencia.test.ts:31,226,no,,,approved,codex1,
api-symbol-83516165,api,2,symbol,filaViva,queueViva,apps/api/src/dominio/gestao/cadastros.ts:1261,5,no,,,approved,codex1,
api-symbol-835890e3,api,2,symbol,comSegredo,withSecret,apps/api/src/dominio/whatsapp/configuracao-manual.ts:75,3,no,,,approved,codex1,
api-symbol-836607bf,api,2,symbol,normalizarDominio,normalizeDomain,apps/api/src/dominio/dominios.ts:41,6,no,,,approved,codex1,
api-symbol-839c1073,api,2,symbol,ativa,active,apps/api/src/dominio/gestao/regras-sla.ts:170,340,no,,,approved,codex1,
api-symbol-841c42c6,api,2,symbol,semearPapeis,seedPapeis,apps/api/tests/convites.test.ts:55,5,no,,,approved,codex1,
api-symbol-8432f92a,api,2,symbol,conferirEstado,checkState,apps/api/src/dominio/whatsapp/estado-de-conexao.ts:45,3,no,,,approved,codex1,"fixed leftover PT token (gate-2 compound audit, D-47 follow-up)"
api-symbol-844c3bf0,api,2,symbol,EstadoPill,StatePill,apps/api/src/dominio/gestao/sla.ts:30,4,no,,,approved,codex1,
api-symbol-84747c79,api,2,symbol,distribuirConversa,distribuirConversation,apps/api/src/dominio/distribuicao.ts:146,6,no,,,approved,codex1,
api-symbol-848adf61,api,2,symbol,ControladorWebhookMessenger,MessengerWebhookController,apps/api/src/controladores/webhooks-messenger.ts:3,3,no,,D-05,approved,sonnet,
api-symbol-8493df4a,api,2,symbol,sessao,session,apps/api/src/eventos-ws.ts:86,382,no,,,approved,codex1,
api-symbol-84943d1f,api,2,symbol,ativasDoAtendente,activeOfAgent,apps/api/tests/desk-acoes.test.ts:309,4,no,,,approved,codex1,
api-symbol-849eb7fa,api,2,symbol,carregarDados,loadData,apps/api/src/dominio/gestao/configuracoes.ts:142,1,no,,,approved,codex1,
api-symbol-84b471ab,api,2,symbol,encerradaNoPeriodo,closedInPeriod,apps/api/src/dominio/gestao/satisfacao.ts:91,3,no,,,approved,codex1,
api-symbol-85412d12,api,2,symbol,preferencias,preferences,apps/api/tests/email.test.ts:88,47,no,,,approved,codex1,
api-symbol-85468de2,api,2,symbol,abrirSessao,openSession,apps/api/tests/ciclo-de-vida-do-fluxo.test.ts:87,91,no,,,approved,codex1,
api-symbol-854d42bd,api,2,symbol,fluxoId,flowId,apps/api/tests/integracoes.test.ts:42,504,no,,,approved,codex1,
api-symbol-856d2330,api,2,symbol,atendente,agent,apps/api/tests/importacao.test.ts:265,768,no,,,approved,codex1,
api-symbol-85c729b9,api,2,symbol,listarContatosDoFluxo,listContactsOfFlow,apps/api/src/dominio/gestao-fluxo.ts:74,4,no,,,approved,codex1,"fixed leftover PT token (gate-2 compound audit, D-47 follow-up)"
api-symbol-85dc3b59,api,2,symbol,LinhaBloco,LineBlock,apps/api/src/dominio/fluxo.ts:118,4,no,,,approved,codex1,
api-symbol-85e80eb7,api,2,symbol,novoAnexo,newAttachment,apps/api/tests/midia-recebida.test.ts:85,9,no,,,approved,codex1,
api-symbol-86085bb2,api,2,symbol,opcoes,options,apps/api/src/dominio/desk/acoes.ts:206,157,no,,,approved,codex1,
api-symbol-861916ba,api,2,symbol,contatos,contacts,apps/api/src/controladores/gestao-fluxo.ts:360,438,no,,,approved,codex1,
api-symbol-861dbcc5,api,2,symbol,mensagensAtivas,messagesActive,apps/api/src/controladores/gestao-analise.ts:140,1,no,,,approved,codex1,
api-symbol-86207253,api,2,symbol,filtroBusca,filterSearch,apps/api/src/dominio/gestao-fluxo.ts:230,6,no,,,approved,codex1,
api-symbol-864c8141,api,2,symbol,chave,key,apps/api/src/autenticacao.ts:193,1153,no,,,approved,codex1,
api-symbol-86561e2e,api,2,symbol,ordem,order,apps/api/src/controladores/catalogo.ts:281,517,no,,,approved,codex1,
api-symbol-86586dda,api,2,symbol,canal,channel,apps/api/tests/messenger.test.ts:104,970,no,,,approved,codex1,
api-symbol-868be4c4,api,2,symbol,ControladorAtendentes,AgentsController,apps/api/src/controladores/catalogo.ts:333,3,no,,D-05,approved,sonnet,
api-symbol-86c00550,api,2,symbol,segredo,secret,apps/api/src/controladores/webhooks-instagram.ts:48,212,no,,,approved,codex1,
api-symbol-86d1866a,api,2,symbol,receberDaConta,receiveOfAccount,apps/api/src/controladores/webhooks-whatsapp.ts:114,1,no,,,approved,codex1,
api-symbol-8706c2ca,api,2,symbol,reenviarConvite,resendInvitation,apps/api/src/dominio/convites.ts:221,9,no,,,approved,codex1,
api-symbol-870bb387,api,2,symbol,ImportacaoVisivel,ImportVisible,apps/api/src/dominio/importacao-de-contatos.ts:23,9,no,,,approved,codex1,
api-symbol-870f0c88,api,2,symbol,sessaoPublicador,sessionPublicador,apps/api/tests/builder-por-fluxo.test.ts:44,13,no,,,approved,codex1,
api-symbol-871a0173,api,2,symbol,sessaoAtendente,sessionAgent,apps/api/tests/desk-acoes.test.ts:30,82,no,,,approved,codex1,
api-symbol-878a67d7,api,2,symbol,porAlvo,byTarget,apps/api/src/dominio/gestao/sla-motor.ts:73,1,no,,,approved,codex1,
api-symbol-87a81b46,api,2,symbol,RequisicaoComCorpoCru,RequestWithBodyRaw,apps/api/src/controladores/webhooks-whatsapp.ts:9,7,no,,,approved,codex1,
api-symbol-87ce5f7d,api,2,symbol,consulta,query,apps/api/src/dominio/whatsapp/cliente-graph.ts:484,333,no,,,approved,codex1,
api-symbol-87d3e3ae,api,2,symbol,MensagemDaMeta,MessageOfMeta,apps/api/src/dominio/entrada.ts:54,7,no,,,approved,codex1,
api-symbol-87e28507,api,2,symbol,porChave,byKey,apps/api/tests/etiquetas.test.ts:308,2,no,,,approved,codex1,
api-symbol-88301cd7,api,2,symbol,papelId,roleId,apps/api/tests/transferencia.test.ts:282,121,no,,,approved,codex1,
api-symbol-88492272,api,2,symbol,sessaoEditor,sessionEditor,apps/api/tests/configuracao-do-fluxo.test.ts:34,150,no,,,approved,codex1,
api-symbol-88de4479,api,2,symbol,salvarIdentidade,saveIdentity,apps/api/src/dominio/gestao/acoes/configuracoes.ts:52,6,no,,,approved,codex1,
api-symbol-890987fb,api,2,symbol,contarEncerradasNoPeriodo,contarClosedsInPeriod,apps/api/src/dominio/gestao/monitoramento.ts:700,1,no,,,approved,codex1,
api-symbol-8955d203,api,2,symbol,ESCOPOS_PRIORIDADE_SUPORTADOS,SCOPES_PRIORITY_SUPPORTED,apps/api/src/dominio/gestao/regras-prioridade.ts:46,3,no,,,approved,codex1,
api-symbol-895cba5d,api,2,symbol,subir,up,apps/api/tests/anexos-multiplos.test.ts:90,71,no,,,approved,codex1,
api-symbol-899badd6,api,2,symbol,salvarExcecao,saveException,apps/api/src/dominio/gestao/acoes/regras.ts:170,7,no,,,approved,codex1,
api-symbol-89b2a57e,api,2,symbol,conversa,conversation,apps/api/tests/analise.test.ts:102,1270,no,,,approved,codex1,
api-symbol-89e3c490,api,2,symbol,teste,test,apps/api/tests/integracoes.test.ts:546,339,no,,,approved,codex1,
api-symbol-89fd79c8,api,2,symbol,ControladorCrm,CrmController,apps/api/src/controladores/crm.ts:36,3,no,,D-05,approved,sonnet,
api-symbol-8a3b4d2a,api,2,symbol,membro,member,apps/api/tests/contrato.test.ts:194,59,no,,,approved,codex1,
api-symbol-8a5384e5,api,2,symbol,fluxo,flow,apps/api/tests/roteador.test.ts:240,1172,no,,,approved,codex1,
api-symbol-8a660cd5,api,2,symbol,esquecerCanal,esquecerChannel,apps/api/src/banco.ts:145,23,no,,,approved,codex1,
api-symbol-8acc8f1b,api,2,symbol,dados,data,apps/api/src/controladores/gestao-fluxo.ts:445,669,no,,,approved,codex1,
api-symbol-8ae0a5c2,api,2,symbol,montarContrato,assembleContract,apps/api/tests/contrato.test.ts:43,4,no,,,approved,codex1,
api-symbol-8b306286,api,2,symbol,permissao,permission,apps/api/tests/permissoes-do-atendente.test.ts:158,54,no,,,approved,codex1,
api-symbol-8b30b526,api,2,symbol,dominio,domain,apps/api/src/provisionar.ts:197,476,no,,,approved,codex1,
api-symbol-8b58de00,api,2,symbol,decifrarSegredoDeWebhook,decryptSecretOfWebhook,apps/api/src/webhooks-saida.ts:150,6,no,,,approved,codex1,"fixed leftover PT token (gate-2 compound audit, D-47 follow-up)"
api-symbol-8b5c3b82,api,2,symbol,redirecionarNoRoteador,redirecionarInRouter,apps/api/src/dominio/roteador.ts:126,5,no,,,approved,codex1,
api-symbol-8b7ac751,api,2,symbol,categoriaDoModelo,categoryOfTemplate,apps/api/tests/email.test.ts:128,4,no,,,approved,codex1,
api-symbol-8b991733,api,2,symbol,regrasDeAtendimento,rulesOfAttendance,apps/api/src/controladores/gestao-cadastros.ts:77,1,no,,,approved,codex1,
api-symbol-8bafb262,api,2,symbol,fluxoVivo,flowVivo,apps/api/src/dominio/gestao/configuracao-do-fluxo.ts:39,20,no,,,approved,codex1,
api-symbol-8bb0aff5,api,2,symbol,mensagem,message,apps/api/src/provisionar.ts:304,1267,no,,,approved,codex1,
api-symbol-8bc2a9a5,api,2,symbol,carregarConversaAberta,loadConversationOpen,apps/api/src/dominio/etiquetas.ts:97,3,no,,,approved,codex1,
api-symbol-8be1cfb9,api,2,symbol,erro,error,apps/api/src/dominio/instagram/cliente-graph.ts:128,1478,no,,,approved,codex1,
api-symbol-8bfd49ef,api,2,symbol,enviarLoteDeAnexos,sendLoteOfAttachments,apps/api/src/controladores/conversas.ts:262,1,no,,,approved,codex1,
api-symbol-8c54f221,api,2,symbol,RelatorioAtendimento,ReportAttendance,apps/api/src/dominio/gestao/atendimento.ts:60,7,no,,,approved,codex1,
api-symbol-8c6b60da,api,2,symbol,canalId,channelId,apps/api/src/dominio/gestao-analise.ts:471,387,no,,,approved,codex1,
api-symbol-8c71ce67,api,2,symbol,EXPIRACAO_MAX_MIN,EXPIRATION_MAX_MIN,apps/api/src/dominio/gestao/servicos-do-roteador.ts:45,3,no,,,approved,codex1,
api-symbol-8cc26a0a,api,2,symbol,paraAtendente,forAgent,apps/api/src/dominio/conversa.ts:305,11,no,,,approved,codex1,
api-symbol-8cd82e76,api,2,symbol,restaurarVersao,restoreVersion,apps/api/src/dominio/gestao/builder-do-fluxo.ts:584,5,no,,,approved,codex1,
api-symbol-8ce0aae2,api,2,symbol,listarVersoes,listVersions,apps/api/src/dominio/gestao/builder-do-fluxo.ts:568,3,no,,,approved,codex1,"fixed leftover PT token (gate-2 compound audit, D-47 follow-up)"
api-symbol-8d3a3c4b,api,2,symbol,condicoes,conditions,apps/api/src/dominio/gestao/cadastros.ts:729,76,no,,,approved,codex1,
api-symbol-8d666df6,api,2,symbol,criarResposta,createResponse,apps/api/tests/cadastros-atendimento.test.ts:431,9,no,,,approved,codex1,
api-symbol-8d98a1e7,api,2,symbol,RelatorioSatisfacao,ReportSatisfaction,apps/api/src/dominio/gestao/satisfacao.ts:59,7,no,,,approved,codex1,
api-symbol-8dbe6c92,api,2,symbol,criarContato,createContact,apps/api/tests/sla-motor.test.ts:43,13,no,,,approved,codex1,
api-symbol-8df3f812,api,2,symbol,filaDeDestino,queueOfDestination,apps/api/src/dominio/gestao/regra-fila.ts:157,14,no,,,approved,codex1,
api-symbol-8e0525d4,api,2,symbol,carregarConversa,loadConversation,apps/api/src/dominio/desk/consultas.ts:131,1,no,,,approved,codex1,
api-symbol-8e0a3f10,api,2,symbol,erroDeWebhook,errorOfWebhook,apps/api/src/dominio/instagram/canal.ts:273,38,no,,,approved,codex1,
api-symbol-8e227007,api,2,symbol,Janela,Window,apps/api/src/dominio/gestao/janela.ts:6,34,no,,,approved,codex1,
api-symbol-8ea1906f,api,2,symbol,semEscopo,withoutScope,apps/api/tests/etiquetas.test.ts:317,8,no,,,approved,codex1,
api-symbol-8eac0634,api,2,symbol,acharOuCriarContato,findOrCreateContact,apps/api/src/dominio/entrada.ts:417,3,no,,,approved,codex1,
api-symbol-8f1283e6,api,2,symbol,abrirSessao,openSession,apps/api/tests/canal-do-fluxo.test.ts:77,91,no,,,approved,codex1,
api-symbol-8f15bf20,api,2,symbol,PedidoDeLoteDeAnexos,RequestOfLoteOfAttachments,apps/api/src/dominio/envio.ts:307,2,no,,,approved,codex1,
api-symbol-8f2d7480,api,2,symbol,verificarDominio,checkDomain,apps/api/src/dominio/dominios.ts:141,11,no,,,approved,codex1,
api-symbol-8f3bcae7,api,2,symbol,slugDaConta,slugOfAccount,apps/api/src/dominio/construtor-de-conta.ts:53,4,no,,,approved,codex1,
api-symbol-8f8e2ea5,api,2,symbol,mensagemId,messageId,apps/api/tests/envio-sessao.test.ts:223,59,no,,,approved,codex1,
api-symbol-8fbc282c,api,2,symbol,autorizacao,authorization,apps/api/src/dominio/gestao/integracoes.ts:780,11,no,,,approved,codex1,
api-symbol-8fd47ffe,api,2,symbol,MidiaDoCabecalho,MediaOfHeader,apps/api/src/dominio/whatsapp/modelos.ts:291,4,no,,,approved,codex1,
api-symbol-8fe276c8,api,2,symbol,ControladorDesk,DeskController,apps/api/src/controladores/desk.ts:67,3,no,,D-05,approved,sonnet,
api-symbol-8fea300a,api,2,symbol,ControladorEtiquetasDoContato,ContactLabelsController,apps/api/src/controladores/etiquetas.ts:98,3,no,,D-05,approved,sonnet,
api-symbol-90119ffb,api,2,symbol,LinhaAnexo,LineAttachment,apps/api/tests/midia-recebida.test.ts:102,12,no,,,approved,codex1,
api-symbol-901fb088,api,2,symbol,AGRUPAMENTOS,GROUPINGS,apps/api/src/dominio/gestao/historico.ts:212,11,no,,,approved,codex1,
api-symbol-903ceb32,api,2,symbol,testeValido,testValid,apps/api/src/dominio/sso.ts:245,2,no,,,approved,codex1,
api-symbol-907afc21,api,2,symbol,etiquetasPorConversa,labelsByConversation,apps/api/src/dominio/gestao/monitoramento.ts:436,2,no,,,approved,codex1,
api-symbol-90d8f06a,api,2,symbol,ControladorGestaoCadastros,ManagementRegistrationsController,apps/api/src/controladores/gestao-cadastros.ts:73,3,no,,D-05,approved,sonnet,
api-symbol-913621f6,api,2,symbol,checarSlaDaConversa,checarSlaOfConversation,apps/api/src/dominio/gestao/sla-motor.ts:291,19,no,,,approved,codex1,
api-symbol-92050964,api,2,symbol,criar,create,apps/api/tests/permissoes-do-atendente.test.ts:275,235,no,,,approved,codex1,
api-symbol-920c50af,api,2,symbol,usuarioAdmin2Id,userAdmin2Id,apps/api/tests/contrato.test.ts:146,5,no,,,approved,codex1,
api-symbol-9250b503,api,2,symbol,lerCanal,readChannel,apps/api/tests/canal-do-fluxo.test.ts:148,6,no,,,approved,codex1,"fixed: leftover PT token (dictionary gap: ler/texto/como/resultado/servir), gate 2 dry-run sweep"
api-symbol-9251d487,api,2,symbol,passoDosContatos,passoOfContacts,apps/api/src/dominio/gestao/passos-da-implantacao.ts:61,2,no,,,approved,codex1,
api-symbol-928114d3,api,2,symbol,podeReconectarNoFluxo,canReconnectInFlow,apps/api/src/dominio/gestao/canal-do-fluxo.ts:239,3,no,,,approved,codex1,
api-symbol-9281c7aa,api,2,symbol,PedidoDeContato,RequestOfContact,apps/api/src/controladores/gestao-fluxo.ts:112,2,no,,,approved,codex1,
api-symbol-929a4276,api,2,symbol,emailDaSessao,emailOfSession,apps/api/src/controladores/minha-conta.ts:375,3,no,,,approved,codex1,
api-symbol-92bb4828,api,2,symbol,papelId,roleId,apps/api/src/dominio/convites.ts:139,121,no,,,approved,codex1,
api-symbol-92bd98cb,api,2,symbol,canal,channel,apps/api/src/controladores/webhooks-whatsapp.ts:133,970,no,,,approved,codex1,
api-symbol-92cdaec9,api,2,symbol,CanalWhatsApp,ChannelWhatsApp,apps/api/src/dominio/whatsapp/canal.ts:21,34,no,,,approved,codex1,
api-symbol-9314f8b4,api,2,symbol,filtroTipo,filterType,apps/api/src/dominio/gestao-analise.ts:476,2,no,,,approved,codex1,
api-symbol-93267d99,api,2,symbol,sessaoDe,sessionOf,apps/api/src/sessao.ts:58,185,no,,,approved,codex1,
api-symbol-935d130c,api,2,symbol,conversaId,conversationId,apps/api/src/dominio/entrada.ts:171,523,no,,,approved,codex1,
api-symbol-93be08a9,api,2,symbol,porPessoa,byPerson,apps/api/src/dominio/gestao/cadastros.ts:1140,3,no,,,approved,codex1,
api-symbol-93f9c105,api,2,symbol,CONECTAR_CANAL,CONNECT_CHANNEL,apps/api/src/dominio/gestao/canal-do-fluxo.ts:38,5,no,,,approved,codex1,
api-symbol-941f1163,api,2,symbol,ehEstadoAtendente,ehStateAgent,apps/api/src/dominio/status-atendente.ts:22,3,no,,,approved,codex1,
api-symbol-9424e755,api,2,symbol,FiltroHistorico,HistoryFilter,apps/api/src/dominio/gestao/historico.ts:50,4,no,,D-05,approved,sonnet,
api-symbol-94c855c6,api,2,symbol,listarImportacoes,listImports,apps/api/src/dominio/importacao-de-contatos.ts:126,3,no,,,approved,codex1,"fixed leftover PT token (gate-2 compound audit, D-47 follow-up)"
api-symbol-94eddc2f,api,2,symbol,PedidoDeProvisionamento,RequestOfProvisioning,apps/api/src/provisionar.ts:69,2,no,,,approved,codex1,
api-symbol-94ef4f41,api,2,symbol,conversa,conversation,apps/api/tests/ponta-a-ponta.test.ts:118,1270,no,,,approved,codex1,
api-symbol-9501afb3,api,2,symbol,consumidorEspelhoCrm,consumerMirrorCrm,apps/api/src/filas.ts:169,5,no,,,approved,codex1,
api-symbol-9553f90e,api,2,symbol,LinhaConversa,LineConversation,apps/api/src/dominio/envio.ts:84,22,no,,,approved,codex1,
api-symbol-9595a3d1,api,2,symbol,emAtendimento,inAttendance,apps/api/src/dominio/gestao/monitoramento.ts:526,9,no,,,approved,codex1,
api-symbol-95961792,api,2,symbol,RespostaDeRelatorio,ResponseOfReport,apps/api/src/controladores/gestao-operacao.ts:105,3,no,,,approved,codex1,
api-symbol-96083318,api,2,symbol,ativa,active,apps/api/src/dominio/gestao/cadastros.ts:1292,340,no,,,approved,codex1,
api-symbol-960d8fdf,api,2,symbol,canalId,channelId,apps/api/src/dominio/messenger/canal.ts:31,387,no,,,approved,codex1,
api-symbol-9657b137,api,2,symbol,filaEntrada,queueInbound,apps/api/src/filas.ts:52,5,no,,,approved,codex1,
api-symbol-968c9fda,api,2,symbol,segredo,secret,apps/api/src/controladores/webhooks-whatsapp.ts:117,212,no,,,approved,codex1,
api-symbol-96b45f84,api,2,symbol,enfileirarChecagemSla,enqueueCheckSla,apps/api/src/filas.ts:322,3,no,,,approved,codex1,"fixed leftover PT token (gate-2 compound audit, D-47 follow-up)"
api-symbol-96d4ffad,api,2,symbol,etiquetaContato,labelContact,apps/api/tests/etiquetas.test.ts:40,11,no,,,approved,codex1,
api-symbol-97143dcb,api,2,symbol,deContato,ofContact,apps/api/tests/etiquetas.test.ts:170,1,no,,,approved,codex1,
api-symbol-9735c51f,api,2,symbol,contatosSemEspelho,contactsWithoutMirror,apps/api/src/dominio/espelho-crm.ts:101,8,no,,,approved,codex1,
api-symbol-97445636,api,2,symbol,EVENTOS_MENSAGENS,EVENTS_MESSAGES,apps/api/src/dominio/gestao/integracoes.ts:820,4,no,,,approved,codex1,
api-symbol-975de83b,api,2,symbol,tempoReal,timeReal,apps/api/src/dominio/gestao/monitoramento.ts:528,5,no,,,approved,codex1,
api-symbol-97618351,api,2,symbol,PedidoDeCadastroEmbutido,RequestOfRegistrationEmbedded,apps/api/src/dominio/whatsapp/cadastro-embutido.ts:29,2,no,,,approved,codex1,"fixed leftover PT token (gate-2 compound audit, D-47 follow-up)"
api-symbol-9785a1e4,api,2,symbol,roteadorId,routerId,apps/api/tests/gerar-fixtures-jsonb.helper.ts:222,52,no,,,approved,codex1,
api-symbol-978bb00a,api,2,symbol,abrirSessao,openSession,apps/api/tests/equipe-do-fluxo.test.ts:90,91,no,,,approved,codex1,
api-symbol-978ed964,api,2,symbol,importar,runImport,apps/api/tests/importacao.test.ts:75,56,no,,,approved,sonnet,
api-symbol-97ae441c,api,2,symbol,ligarCanalAoFluxo,connectChannelToFlow,apps/api/src/dominio/gestao/canal-do-fluxo.ts:152,8,no,,,approved,codex1,
api-symbol-97cd0d0a,api,2,symbol,comChave,withKey,apps/api/tests/chave-de-fluxo.test.ts:98,18,no,,,approved,codex1,
api-symbol-982ee133,api,2,symbol,provisionar,provision,apps/api/tests/convites.test.ts:547,21,no,,,approved,codex1,
api-symbol-9850303a,api,2,symbol,avaliarPrioridade,avaliarPriority,apps/api/src/dominio/gestao/prioridade-motor.ts:101,18,no,,,approved,codex1,
api-symbol-988f5975,api,2,symbol,carregarContato,loadContact,apps/api/src/dominio/gestao-fluxo.ts:40,20,no,,,approved,codex1,
api-symbol-9898a2d3,api,2,symbol,abrirSessao,openSession,apps/api/tests/tempo-real.test.ts:36,91,no,,,approved,codex1,
api-symbol-98b2d4ab,api,2,symbol,GERENCIAR_INTEGRACAO,MANAGE_INTEGRATION,apps/api/src/dominio/gestao/integracoes.ts:51,8,no,,,approved,codex1,
api-symbol-98b3225e,api,2,symbol,impedimento,blocker,apps/api/src/dominio/instagram/renovacao.ts:40,4,no,,,approved,codex1,
api-symbol-990b6975,api,2,symbol,nomeDeFilaConferido,nameOfQueueChecked,apps/api/src/dominio/gestao/cadastros.ts:1197,5,no,,,approved,codex1,"fixed leftover PT token (gate-2 compound audit, D-47 follow-up)"
api-symbol-99d4b078,api,2,symbol,ControladorEntrada,LoginController,apps/api/src/controladores/entrar.ts:215,3,no,,D-05,approved,sonnet,glossary-exception:D-12
api-symbol-99ef9c2a,api,2,symbol,etiquetarContato,labelContact,apps/api/src/dominio/etiquetas.ts:246,3,no,,,approved,codex1,
api-symbol-99f406f1,api,2,symbol,chaveCifrada,keyEncrypted,apps/api/tests/ajuda-pfx.ts:179,2,no,,,approved,codex1,
api-symbol-9a34d95c,api,2,symbol,ORDEM_CLASSE,ORDER_CLASSE,apps/api/src/dominio/gestao/satisfacao.ts:77,1,no,,,approved,codex1,
api-symbol-9aa0d31d,api,2,symbol,CabecalhoDaGestao,HeaderOfManagement,apps/api/src/dominio/gestao/cabecalho.ts:11,5,no,,,approved,codex1,
api-symbol-9abaafa6,api,2,symbol,metricas,metrics,apps/api/src/controladores/desk.ts:185,45,no,,,approved,codex1,
api-symbol-9af35d23,api,2,symbol,pagina,page,apps/api/src/dominio/gestao/historico.ts:127,89,no,,,approved,codex1,
api-symbol-9b1b2f58,api,2,symbol,usuarioId,userId,apps/api/tests/monitoramento-conversas.test.ts:30,604,no,,,approved,codex1,
api-symbol-9b58f5b6,api,2,symbol,filaDestino,queueDestination,apps/api/src/dominio/conversa.ts:403,5,no,,,approved,codex1,
api-symbol-9b6102bf,api,2,symbol,semMensagem,withoutMessage,apps/api/tests/configuracao-do-fluxo.test.ts:159,1,no,,,approved,codex1,
api-symbol-9b73042c,api,2,symbol,contatoId,contactId,apps/api/src/dominio/entrada.ts:240,226,no,,,approved,codex1,
api-symbol-9b7a984a,api,2,symbol,NovaRegraDeFila,NewRuleOfQueue,apps/api/src/dominio/gestao/cadastros.ts:787,3,no,,,approved,codex1,
api-symbol-9c4cdf1d,api,2,symbol,Gravacao,Recording,apps/api/src/dominio/gestao/contrato.ts:195,22,no,,,approved,codex1,
api-symbol-9c59716a,api,2,symbol,estadoNovo,stateNew,apps/api/src/dominio/conversa.ts:404,5,no,,,approved,codex1,
api-symbol-9c68ffe5,api,2,symbol,estado,state,apps/api/src/dominio/fluxo.ts:164,1269,no,,,approved,codex1,
api-symbol-9c795fe6,api,2,symbol,canalId,channelId,apps/api/tests/instagram.test.ts:213,387,no,,,approved,codex1,
api-symbol-9c85c0a9,api,2,symbol,minhasExcecoes,myExceptions,apps/api/src/dominio/gestao/cadastros.ts:350,3,no,,,approved,codex1,
api-symbol-9c8ecfc5,api,2,symbol,terceiro,third,apps/api/tests/canal-do-fluxo.test.ts:258,30,no,,,approved,codex1,
api-symbol-9ca03baf,api,2,symbol,chave,key,apps/api/tests/chave-de-fluxo.test.ts:155,1153,no,,,approved,codex1,
api-symbol-9ca9a5c5,api,2,symbol,escopoConferido,scopeChecked,apps/api/src/dominio/gestao/regras-sla.ts:117,6,no,,,approved,codex1,"fixed leftover PT token (gate-2 compound audit, D-47 follow-up)"
api-symbol-9cdd370f,api,2,symbol,ordenarRegrasDePrioridade,ordenarRulesOfPriority,apps/api/src/dominio/gestao/prioridade-motor.ts:67,5,no,,,approved,codex1,
api-symbol-9d1a01a7,api,2,symbol,conversaId,conversationId,apps/api/tests/sla-motor.test.ts:196,523,no,,,approved,codex1,
api-symbol-9d77ae64,api,2,symbol,sessaoToken,sessionToken,apps/api/tests/entrada.test.ts:42,5,no,,,approved,codex1,
api-symbol-9d7f552c,api,2,symbol,excluirModeloNaMeta,deleteTemplateInMeta,apps/api/src/dominio/whatsapp/modelos.ts:517,6,no,,,approved,codex1,
api-symbol-9d925d6f,api,2,symbol,tokenDaSessao,tokenOfSession,apps/api/src/sessao.ts:96,4,no,,,approved,codex1,
api-symbol-9d9b833d,api,2,symbol,PERMISSAO_DE_MENSAGEM,PERMISSION_OF_MESSAGE,apps/api/src/dominio/whatsapp/validacao-da-configuracao-manual.ts:19,2,no,,,approved,codex1,
api-symbol-9daaf811,api,2,symbol,AlertaDeRecategorizacao,AlertOfRecategorization,apps/api/src/dominio/whatsapp/eventos-de-modelo.ts:86,3,no,,,approved,codex1,
api-symbol-9db64bd1,api,2,symbol,podeVerMetricas,canVerMetrics,apps/api/src/controladores/operacao.ts:29,2,no,,,approved,codex1,
api-symbol-9e407dbc,api,2,symbol,Conversa,Conversation,apps/api/tests/fluxo.test.ts:87,90,no,,,approved,codex1,
api-symbol-9e47755a,api,2,symbol,FilaConfigurada,QueueConfigured,apps/api/src/dominio/gestao/configuracoes.ts:54,9,no,,,approved,codex1,"fixed leftover PT token (gate-2 compound audit, D-47 follow-up)"
api-symbol-9e894389,api,2,symbol,listagem,listing,apps/api/tests/cadastros-atendimento.test.ts:1122,34,no,,,approved,codex1,
api-symbol-9eb09502,api,2,symbol,pagina,page,apps/api/src/controladores/catalogo.ts:316,89,no,,,approved,codex1,
api-symbol-9ebfd2e0,api,2,symbol,ControladorCanaisInstagram,InstagramChannelsController,apps/api/src/controladores/canais-instagram.ts:16,5,no,,D-05,approved,sonnet,
api-symbol-9ec12d82,api,2,symbol,DOMINIO,DOMAIN,apps/api/tests/sso.test.ts:40,10,no,,,approved,codex1,
api-symbol-9ec72f9f,api,2,symbol,mensagensDe,messagesOf,apps/api/tests/anexos-multiplos.test.ts:135,8,no,,,approved,codex1,
api-symbol-9ecdf9e5,api,2,symbol,ModeloGrowth,TemplateGrowth,apps/api/src/dominio/gestao-fluxo.ts:273,4,no,,,approved,codex1,
api-symbol-9ed48fdd,api,2,symbol,disposicao,layout,apps/api/src/controladores/anexos.ts:85,2,no,,,approved,codex1,
api-symbol-9ed73630,api,2,symbol,normalizarArquivo,normalizeFile,apps/api/src/dominio/gestao/certificados.ts:119,2,no,,,approved,codex1,
api-symbol-9eeb720a,api,2,symbol,lerCanalWhatsApp,readChannelWhatsApp,apps/api/src/dominio/whatsapp/canal.ts:61,29,no,,,approved,codex1,"fixed: leftover PT token (dictionary gap: ler/texto/como/resultado/servir), gate 2 dry-run sweep"
api-symbol-9eee69ea,api,2,symbol,EscopoPrioridade,ScopePriority,apps/api/src/dominio/gestao/regras-prioridade.ts:47,3,no,,,approved,codex1,
api-symbol-9f0d0ec4,api,2,symbol,requisicao,request,apps/api/src/erros.ts:31,450,no,,,approved,codex1,
api-symbol-9f2b994d,api,2,symbol,regrasDePrioridade,rulesOfPriority,apps/api/src/controladores/gestao-cadastros.ts:161,3,no,,,approved,codex1,
api-symbol-9f4b07e6,api,2,symbol,AnexoDoInstagram,AttachmentOfInstagram,apps/api/src/dominio/instagram/entrada.ts:26,2,no,,,approved,codex1,
api-symbol-9f4b55ae,api,2,symbol,clienteSegredo,customerSecret,apps/api/src/dominio/sso.ts:119,19,no,,,approved,codex1,
api-symbol-9f84e351,api,2,symbol,carregarHistorico,loadHistory,apps/api/src/dominio/gestao/historico.ts:80,7,no,,,approved,codex1,
api-symbol-9f8d6395,api,2,symbol,VALIDADE_DO_CACHE_MS,VALIDITY_OF_CACHE_MS,apps/api/src/dominio/gestao/palavras-proibidas.ts:56,2,no,,,approved,codex1,
api-symbol-9fa7b2aa,api,2,symbol,sincronizarContato,syncContact,apps/api/src/dominio/espelho-crm.ts:27,8,no,,,approved,codex1,
api-symbol-9fdc7c0f,api,2,symbol,segredoDeLink,secretOfLink,apps/api/src/dominio/anexo.ts:52,3,no,,,approved,codex1,
api-symbol-9fe0ecd9,api,2,symbol,semCondicao,withoutCondition,apps/api/tests/prioridade.test.ts:74,3,no,,,approved,codex1,
api-symbol-a012e50c,api,2,symbol,papelId,roleId,apps/api/tests/chave-de-fluxo.test.ts:64,121,no,,,approved,codex1,
api-symbol-a05e22bc,api,2,symbol,FORMATO_DO_SEGREDO,FORMAT_OF_SECRET,apps/api/src/dominio/instagram/canal.ts:55,2,no,,,approved,codex1,
api-symbol-a0663fec,api,2,symbol,RespostaDoRelatorioDeAtendimento,ResponseOfReportOfAttendance,apps/api/src/controladores/gestao-operacao.ts:97,4,no,,,approved,codex1,
api-symbol-a0acb72f,api,2,symbol,LinhaAnexo,LineAttachment,apps/api/src/dominio/envio.ts:318,12,no,,,approved,codex1,
api-symbol-a0b2b220,api,2,symbol,definirEstado,defineState,apps/api/src/dominio/sso.ts:191,12,no,,,approved,codex1,
api-symbol-a0f3ebc4,api,2,symbol,fila,queue,apps/api/src/dominio/messenger/canal.ts:33,993,no,,,approved,codex1,
api-symbol-a10c4437,api,2,symbol,lerMidiaDoCabecalho,readMediaOfHeader,apps/api/src/dominio/whatsapp/modelos.ts:299,3,no,,,approved,codex1,"fixed: leftover PT token (dictionary gap: ler/texto/como/resultado/servir), gate 2 dry-run sweep"
api-symbol-a115ecc9,api,2,symbol,criarConversa,createConversation,apps/api/tests/etiquetas.test.ts:115,25,no,,,approved,codex1,
api-symbol-a1289d78,api,2,symbol,erros,errors,apps/api/src/dominio/gestao/builder-do-fluxo.ts:506,110,no,,,approved,codex1,
api-symbol-a1427da5,api,2,symbol,conversaAberta,conversationOpen,apps/api/tests/roteador.test.ts:499,21,no,,,approved,codex1,
api-symbol-a156217b,api,2,symbol,janelaDeDatas,windowOfDatas,apps/api/src/dominio/gestao/janela.ts:34,11,no,,,approved,codex1,
api-symbol-a15ccc12,api,2,symbol,ControladorEtiquetasDaConversa,ConversationLabelsController,apps/api/src/controladores/etiquetas.ts:61,3,no,,D-05,approved,sonnet,
api-symbol-a19b7e39,api,2,symbol,destino,destination,apps/api/src/dominio/roteador.ts:145,303,no,,,approved,codex1,
api-symbol-a1c09a98,api,2,symbol,descricaoConferida,descriptionChecked,apps/api/src/dominio/gestao/ciclo-de-vida-do-fluxo.ts:127,2,no,,,approved,codex1,"fixed leftover PT token (gate-2 compound audit, D-47 follow-up)"
api-symbol-a1ca0ad9,api,2,symbol,grupos,groups,apps/api/src/dominio/gestao/satisfacao.ts:130,85,no,,,approved,codex1,
api-symbol-a1d1e66e,api,2,symbol,sessaoColega,sessionColleague,apps/api/tests/etiquetas.test.ts:38,4,no,,,approved,codex1,
api-symbol-a1f6de5c,api,2,symbol,destino,destination,apps/api/tests/growth.test.ts:144,303,no,,,approved,codex1,
api-symbol-a2015418,api,2,symbol,contatoId,contactId,apps/api/tests/etiquetas.test.ts:119,226,no,,,approved,codex1,
api-symbol-a24989f6,api,2,symbol,FiltroDoLog,LogFilter,apps/api/src/dominio/gestao-analise.ts:431,2,no,,D-05,approved,sonnet,
api-symbol-a280a8c4,api,2,symbol,duracao,duration,apps/api/src/dominio/gestao/formato.ts:4,55,no,,,approved,codex1,
api-symbol-a2b82b21,api,2,symbol,DIAS_DE_TESTE_VALIDO,DAYS_OF_TEST_VALID,apps/api/src/dominio/sso.ts:29,3,no,,,approved,codex1,
api-symbol-a2dcbef4,api,2,symbol,ConfiguracaoManual,ConfigurationManual,apps/api/src/dominio/whatsapp/configuracao-manual.ts:26,2,no,,,approved,codex1,
api-symbol-a3043778,api,2,symbol,canalDeB,channelOfB,apps/api/tests/canal-do-fluxo.test.ts:282,3,no,,,approved,codex1,
api-symbol-a319d717,api,2,symbol,semSessao,withoutSession,apps/api/tests/contrato.test.ts:197,8,no,,,approved,codex1,
api-symbol-a389df8a,api,2,symbol,anexo,attachment,apps/api/src/dominio/envio.ts:368,150,no,,,approved,codex1,
api-symbol-a3a17ea2,api,2,symbol,conversaId,conversationId,apps/api/tests/tempo-real.test.ts:207,523,no,,,approved,codex1,
api-symbol-a3d4b8e1,api,2,symbol,novaConversa,newConversation,apps/api/tests/envio-sessao.test.ts:66,49,no,,,approved,codex1,
api-symbol-a402f5b1,api,2,symbol,desetiquetarContato,unlabelContact,apps/api/src/dominio/etiquetas.ts:279,3,no,,,approved,codex1,
api-symbol-a453fa99,api,2,symbol,revogarChave,revogarKey,apps/api/src/controladores/gestao-integracoes.ts:98,7,no,,,approved,codex1,
api-symbol-a495cef8,api,2,symbol,fila,queue,apps/api/tests/ajuda.ts:57,993,no,,,approved,codex1,
api-symbol-a4ce0235,api,2,symbol,carregarMensagensAtivas,loadMessagesActive,apps/api/src/dominio/gestao-analise.ts:262,4,no,,,approved,codex1,
api-symbol-a4d8471c,api,2,symbol,NAO_IMAGEM,NOT_IMAGE,apps/api/tests/ciclo-de-vida-do-fluxo.test.ts:106,3,no,,,approved,codex1,
api-symbol-a4e0f176,api,2,symbol,entrarPorConvite,loginByInvitation,apps/api/src/controladores/entrar.ts:205,2,no,,,approved,codex1,
api-symbol-a4e9d7ef,api,2,symbol,conversasParaChecarSla,conversationsForChecarSla,apps/api/src/dominio/gestao/sla-motor.ts:361,6,no,,,approved,codex1,
api-symbol-a4fc1416,api,2,symbol,conversaDaBia,conversationOfBia,apps/api/tests/builder-por-fluxo.test.ts:498,1,no,,,approved,codex1,
api-symbol-a52a8a65,api,2,symbol,PreviaDaConfiguracao,PreviaOfConfiguration,apps/api/src/dominio/whatsapp/validacao-da-configuracao-manual.ts:21,2,no,,,approved,codex1,
api-symbol-a535db76,api,2,symbol,janela,window,apps/api/src/dominio/entrada.ts:269,260,no,,,approved,codex1,
api-symbol-a54029ca,api,2,symbol,regrasDePrioridade,rulesOfPriority,apps/api/src/dominio/fluxo.ts:750,3,no,,,approved,codex1,
api-symbol-a54cf94f,api,2,symbol,novoFluxo,newFlow,apps/api/tests/roteador.test.ts:80,45,no,,,approved,codex1,
api-symbol-a552d7cd,api,2,symbol,porPessoa,byPerson,apps/api/src/dominio/gestao/contrato.ts:165,3,no,,,approved,codex1,
api-symbol-a552fa7f,api,2,symbol,consumirEntrada,consumeInbound,apps/api/src/filas.ts:504,3,no,,,approved,codex1,
api-symbol-a55d78e9,api,2,symbol,sessaoDoOutroTenant,sessionOfOtherTenant,apps/api/tests/builder-por-fluxo.test.ts:48,64,no,,,approved,codex1,
api-symbol-a58441de,api,2,symbol,abrirConversaDeDisparo,openConversationOfTrigger,apps/api/src/dominio/mensagem-ativa.ts:257,2,no,,,approved,codex1,
api-symbol-a5a1b174,api,2,symbol,anexo,attachment,apps/api/src/controladores/anexos.ts:43,150,no,,,approved,codex1,
api-symbol-a5c05ed6,api,2,symbol,contatoId,contactId,apps/api/tests/analise.test.ts:50,226,no,,,approved,codex1,
api-symbol-a5c29b65,api,2,symbol,sessaoEditor,sessionEditor,apps/api/tests/canal-do-fluxo.test.ts:44,150,no,,,approved,codex1,
api-symbol-a5e3b611,api,2,symbol,MudancaDeEstado,MudancaOfState,apps/api/src/dominio/sso.ts:177,2,no,,,approved,codex1,
api-symbol-a63874cf,api,2,symbol,Escopo,Scope,apps/api/src/autenticacao.ts:35,17,no,,,approved,codex1,
api-symbol-a638fd37,api,2,symbol,porFila,byQueue,apps/api/src/dominio/gestao/cadastros.ts:134,10,no,,,approved,codex1,
api-symbol-a6459ebe,api,2,symbol,consumirChecagemSla,consumeCheckSla,apps/api/src/filas.ts:348,3,no,,,approved,codex1,
api-symbol-a6483666,api,2,symbol,sessaoCompleta,sessionComplete,apps/api/tests/integracoes.test.ts:35,45,no,,,approved,codex1,
api-symbol-a6896434,api,2,symbol,chave,key,apps/api/src/dominio/twenty.ts:64,1153,no,,,approved,codex1,
api-symbol-a6997f1b,api,2,symbol,ControladorLinksRastreados,TrackedLinksController,apps/api/src/controladores/rastreador-de-cliques.ts:40,3,no,,D-05,approved,sonnet,
api-symbol-a69c5cc4,api,2,symbol,criar,create,apps/api/src/controladores/contas.ts:20,235,no,,,approved,codex1,
api-symbol-a71052dc,api,2,symbol,fecharTempoReal,closeTimeReal,apps/api/src/tempo-real.ts:162,3,no,,,approved,codex1,
api-symbol-a746d0fb,api,2,symbol,subir,up,apps/api/tests/anexos.test.ts:54,71,no,,,approved,codex1,
api-symbol-a76c8ec3,api,2,symbol,urlAutorizacao,urlAuthorization,apps/api/src/dominio/gestao/integracoes.ts:485,20,no,,,approved,codex1,
api-symbol-a7779a1e,api,2,symbol,ROTULO_ESTADO_AVALIACAO,LABEL_STATE_EVALUATION,apps/api/src/dominio/gestao/monitoria.ts:47,6,no,,,approved,codex1,
api-symbol-a793f34b,api,2,symbol,canal,channel,apps/api/src/controladores/webhooks-messenger.ts:7,970,no,,,approved,codex1,
api-symbol-a79ba777,api,2,symbol,configurarWebhooksDoCanal,configureWebhooksOfChannel,apps/api/src/dominio/whatsapp/configuracao-de-webhook.ts:150,3,no,,,approved,codex1,
api-symbol-a7a45067,api,2,symbol,conversa,conversation,apps/api/tests/monitoramento-conversas.test.ts:62,1270,no,,,approved,codex1,
api-symbol-a7cefdc6,api,2,symbol,contato,contact,apps/api/src/dominio/etiquetas.ts:234,1026,no,,,approved,codex1,
api-symbol-a7d327be,api,2,symbol,DestinoDoDisparo,DestinationOfTrigger,apps/api/src/dominio/mensagem-ativa.ts:44,9,no,,,approved,codex1,
api-symbol-a7e0726d,api,2,symbol,destino,destination,apps/api/src/dominio/conversa.ts:204,303,no,,,approved,codex1,
api-symbol-a85685cc,api,2,symbol,todasFilas,allQueues,apps/api/src/dominio/gestao/monitoramento.ts:614,1,no,,,approved,codex1,
api-symbol-a8a4631a,api,2,symbol,entrada,inbound,apps/api/src/controladores/minha-conta.ts:341,473,no,,,approved,codex1,
api-symbol-a9015b19,api,2,symbol,relogioMidia,relogioMedia,apps/api/src/filas.ts:241,7,no,,,approved,codex1,
api-symbol-a909147b,api,2,symbol,contaComoProdutivo,accountAsProductive,apps/api/src/dominio/gestao/cadastros.ts:1630,29,no,,,approved,codex1,
api-symbol-a9139dc5,api,2,symbol,REGRA_GERENCIAR,RULE_MANAGE,apps/api/src/dominio/gestao/cadastros.ts:39,13,no,,,approved,codex1,
api-symbol-a9291303,api,2,symbol,LinhaHistorico,LineHistory,apps/api/src/dominio/gestao/historico.ts:36,20,no,,,approved,codex1,
api-symbol-a99e301a,api,2,symbol,abrirSessao,openSession,apps/api/tests/etiquetas.test.ts:69,91,no,,,approved,codex1,
api-symbol-a9d993db,api,2,symbol,bancoDono,databaseOwner,apps/api/src/banco.ts:31,85,no,,,approved,codex1,
api-symbol-a9f9555c,api,2,symbol,comChave,withKey,apps/api/tests/anexos-multiplos.test.ts:82,18,no,,,approved,codex1,
api-symbol-aa0f8cad,api,2,symbol,editarRegraPrioridade,editarRulePriority,apps/api/src/controladores/gestao-cadastros.ts:429,2,no,,,approved,codex1,
api-symbol-aa33c67e,api,2,symbol,contarMensagens,contarMessages,apps/api/tests/palavras-proibidas.test.ts:142,4,no,,,approved,codex1,
api-symbol-aa9bc469,api,2,symbol,lerPreferencias,readPreferences,apps/api/src/dominio/whatsapp/preferencias.ts:83,12,no,,,approved,codex1,"fixed: leftover PT token (dictionary gap: ler/texto/como/resultado/servir), gate 2 dry-run sweep"
api-symbol-aaa16ec5,api,2,symbol,capacidadeConferida,capacityChecked,apps/api/src/dominio/gestao/cadastros.ts:1212,4,no,,,approved,codex1,"fixed leftover PT token (gate-2 compound audit, D-47 follow-up)"
api-symbol-aab266b8,api,2,symbol,contato,contact,apps/api/src/controladores/gestao-analise.ts:197,1026,no,,,approved,codex1,
api-symbol-aaf12c6e,api,2,symbol,conversa,conversation,apps/api/src/dominio/etiquetas.ts:106,1270,no,,,approved,codex1,
api-symbol-ab0cb2c0,api,2,symbol,requisicao,request,apps/api/tests/instagram.test.ts:62,450,no,,,approved,codex1,
api-symbol-ab222e57,api,2,symbol,excluirRegraFila,deleteRuleQueue,apps/api/src/controladores/gestao-cadastros.ts:262,5,no,,,approved,codex1,
api-symbol-ab464670,api,2,symbol,enfileirarEntrega,enqueueDelivery,apps/api/src/filas.ts:131,7,no,,,approved,codex1,"fixed leftover PT token (gate-2 compound audit, D-47 follow-up)"
api-symbol-ab58ddc9,api,2,symbol,imagemDosBytes,imageOfBytes,apps/api/src/dominio/gestao/ciclo-de-vida-do-fluxo.ts:145,3,no,,,approved,codex1,
api-symbol-ab5d05b5,api,2,symbol,versoes,versions,apps/api/tests/builder-por-fluxo.test.ts:144,32,no,,,approved,codex1,
api-symbol-ab675806,api,2,symbol,lerAnexoAssinado,readAttachmentSigned,apps/api/src/dominio/anexo.ts:170,4,no,,,approved,codex1,"fixed: leftover PT token (dictionary gap: ler/texto/como/resultado/servir), gate 2 dry-run sweep"
api-symbol-ab7fc62b,api,2,symbol,valoresDoInstagram,valuesOfInstagram,apps/api/src/dominio/instagram/entrada.ts:64,3,no,,,approved,codex1,
api-symbol-ab859d70,api,2,symbol,monitoramento,monitoring,apps/api/src/controladores/gestao-operacao.ts:133,102,no,,,approved,codex1,
api-symbol-ab950a5a,api,2,symbol,condicoesNovas,conditionsNews,apps/api/src/dominio/gestao/cadastros.ts:1022,5,no,,,approved,codex1,
api-symbol-abb3296c,api,2,symbol,dados,data,apps/api/src/dominio/whatsapp/info-do-numero.ts:40,669,no,,,approved,codex1,
api-symbol-abd093f0,api,2,symbol,EXPIRACAO_MAX,EXPIRATION_MAX,apps/api/src/dominio/whatsapp/modelos.ts:70,3,no,,,approved,codex1,
api-symbol-abe2e6ff,api,2,symbol,usuarioId,userId,apps/api/tests/equipe-do-fluxo.test.ts:63,604,no,,,approved,codex1,
api-symbol-abf0357a,api,2,symbol,abrirSessao,openSession,apps/api/tests/entrada.test.ts:82,91,no,,,approved,codex1,
api-symbol-ac0c790e,api,2,symbol,preferencias,preferences,apps/api/src/controladores/canais.ts:199,47,no,,,approved,codex1,
api-symbol-ac168f8d,api,2,symbol,dados,data,apps/api/src/dominio/whatsapp/cliente-graph.ts:177,669,no,,,approved,codex1,
api-symbol-ac5bc7d1,api,2,symbol,criarPausa,createPause,apps/api/tests/cadastros-atendimento.test.ts:517,9,no,,,approved,codex1,
api-symbol-ac691aa3,api,2,symbol,sessaoDoOutroTenant,sessionOfOtherTenant,apps/api/tests/canal-do-fluxo.test.ts:49,64,no,,,approved,codex1,
api-symbol-ac892c76,api,2,symbol,PainelDeMonitoria,ApplicationOfQualityReview,apps/api/src/dominio/gestao/monitoria.ts:94,7,no,,,approved,codex1,glossary-exception:D-01
api-symbol-ace850a5,api,2,symbol,ResultadoEntrada,ResultInbound,apps/api/src/dominio/entrada.ts:98,3,no,,,approved,codex1,
api-symbol-ad4439be,api,2,symbol,criar,create,apps/api/src/controladores/catalogo.ts:124,235,no,,,approved,codex1,
api-symbol-ad449101,api,2,symbol,tenantPorSlug,tenantBySlug,apps/api/src/dominio/sso.ts:379,6,no,,,approved,codex1,
api-symbol-ad93ea5c,api,2,symbol,CartoesDeHoje,CardsOfToday,apps/api/src/dominio/gestao/monitoramento.ts:113,5,no,,,approved,codex1,
api-symbol-add3edf0,api,2,symbol,posicao,position,apps/api/src/dominio/gestao/sla-motor.ts:89,84,no,,,approved,codex1,
api-symbol-ade9a228,api,2,symbol,roteadorId,routerId,apps/api/tests/roteador.test.ts:456,52,no,,,approved,codex1,
api-symbol-adf8c03f,api,2,symbol,permissoesDoAtendente,permissionsOfAgent,apps/api/src/controladores/gestao-cadastros.ts:461,2,no,,,approved,codex1,
api-symbol-ae2cb07f,api,2,symbol,condicoesConferidas,conditionsChecked,apps/api/src/dominio/gestao/cadastros.ts:954,2,no,,,approved,codex1,"fixed leftover PT token (gate-2 compound audit, D-47 follow-up)"
api-symbol-ae3c03c7,api,2,symbol,porNome,byName,apps/api/tests/contrato.test.ts:49,3,no,,,approved,codex1,
api-symbol-ae42ff2b,api,2,symbol,ControladorGestaoFluxo,ManagementFlowController,apps/api/src/controladores/gestao-fluxo.ts:138,3,no,,D-05,approved,sonnet,
api-symbol-ae618ba5,api,2,symbol,arquivoCifrado,fileEncrypted,apps/api/src/dominio/gestao/certificados.ts:227,2,no,,,approved,codex1,
api-symbol-af42544b,api,2,symbol,criarPalavraProibida,createWordForbidden,apps/api/src/controladores/gestao-cadastros.ts:375,2,no,,,approved,codex1,
api-symbol-af436ceb,api,2,symbol,gravarRegraFila,writeRuleQueue,apps/api/src/dominio/gestao/cadastros.ts:797,5,no,,,approved,codex1,
api-symbol-af476b43,api,2,symbol,colunasDeAutenticacao,columnsOfAuthentication,apps/api/src/dominio/gestao/integracoes.ts:503,2,no,,,approved,codex1,
api-symbol-af50ffd5,api,2,symbol,primeira,first,apps/api/tests/integracoes.test.ts:238,377,no,,,approved,codex1,
api-symbol-af6b1ae7,api,2,symbol,GERENCIAR_CHAVE,MANAGE_KEY,apps/api/src/dominio/gestao/integracoes.ts:50,4,no,,,approved,codex1,
api-symbol-af8d2f70,api,2,symbol,ESTADOS_TERMINAIS,STATES_TERMINALS,apps/api/src/dominio/gestao/sla-motor.ts:58,1,no,,,approved,codex1,
api-symbol-afdc3c3f,api,2,symbol,ExcecaoGravada,ExceptionWritten,apps/api/src/dominio/gestao/cadastros.ts:544,3,no,,,approved,codex1,
api-symbol-afe8469a,api,2,symbol,variaveis,variables,apps/api/src/dominio/fluxo.ts:297,134,no,,,approved,codex1,
api-symbol-b01b8261,api,2,symbol,filaSla,queueSla,apps/api/src/filas.ts:56,5,no,,,approved,codex1,
api-symbol-b01f7bf4,api,2,symbol,relatorioDeAtendimento,reportOfAttendance,apps/api/src/controladores/gestao-operacao.ts:253,1,no,,,approved,codex1,
api-symbol-b0398559,api,2,symbol,CanalDaImplantacao,ChannelOfDeployment,apps/api/src/dominio/gestao/implantacao.ts:18,4,no,,,approved,codex1,
api-symbol-b061d06a,api,2,symbol,LinhaCanal,LineChannel,apps/api/src/dominio/instagram/canal.ts:70,13,no,,,approved,codex1,
api-symbol-b06e331f,api,2,symbol,configDoBanco,configOfDatabase,apps/api/tests/canais.test.ts:94,4,no,,,approved,codex1,
api-symbol-b0c4a81b,api,2,symbol,LinhaTransicao,LineTransition,apps/api/src/dominio/gestao/builder-do-fluxo.ts:174,4,no,,,approved,codex1,
api-symbol-b105307b,api,2,symbol,canais,channels,apps/api/src/controladores/desk.ts:152,243,no,,,approved,codex1,
api-symbol-b1481318,api,2,symbol,resumoDoContexto,summaryOfContext,apps/api/src/dominio/fluxo.ts:808,2,no,,,approved,codex1,
api-symbol-b16f5d00,api,2,symbol,EntradaPorConvite,InboundByInvitation,apps/api/src/dominio/convites.ts:50,5,no,,,approved,codex1,
api-symbol-b184624c,api,2,symbol,cancelarConvite,cancelarInvitation,apps/api/src/dominio/gestao/contrato.ts:395,6,no,,,approved,codex1,
api-symbol-b1c6fdf2,api,2,symbol,criarRegraSla,createRuleSla,apps/api/tests/cadastros-atendimento.test.ts:725,28,no,,,approved,codex1,
api-symbol-b1cd096a,api,2,symbol,erro,error,apps/api/tests/twenty.test.ts:102,1478,no,,,approved,codex1,
api-symbol-b1f90cf4,api,2,symbol,EscopoSla,ScopeSla,apps/api/src/dominio/gestao/regras-sla.ts:30,5,no,,,approved,codex1,
api-symbol-b215982f,api,2,symbol,dados,data,apps/api/src/dominio/gestao/atendimento.ts:213,669,no,,,approved,codex1,
api-symbol-b232c102,api,2,symbol,componenteDoCorpo,componentOfBody,apps/api/src/dominio/whatsapp/modelos.ts:458,2,no,,,approved,codex1,
api-symbol-b23fc68c,api,2,symbol,avaliarSlaDaConversa,avaliarSlaOfConversation,apps/api/src/dominio/gestao/sla.ts:93,15,no,,,approved,codex1,
api-symbol-b2819975,api,2,symbol,duracaoLonga,durationLong,apps/api/src/dominio/gestao/formato.ts:21,22,no,,,approved,codex1,
api-symbol-b2a38112,api,2,symbol,filas,queues,apps/api/src/dominio/gestao/configuracoes.ts:81,297,no,,,approved,codex1,
api-symbol-b2e6b32b,api,2,symbol,sessaoAtendenteB,sessionAgentB,apps/api/tests/palavras-proibidas.test.ts:49,3,no,,,approved,codex1,
api-symbol-b2ef59ed,api,2,symbol,aceitaSemFila,acceptsWithoutQueue,apps/api/src/dominio/desk/acoes.ts:228,2,no,,,approved,codex1,
api-symbol-b2f780b5,api,2,symbol,fluxoId,flowId,apps/api/src/controladores/canais-messenger.ts:7,504,no,,,approved,codex1,
api-symbol-b33ce117,api,2,symbol,criarConversaNaFila,createConversationInQueue,apps/api/tests/desk-acoes.test.ts:92,9,no,,,approved,codex1,
api-symbol-b345ffe3,api,2,symbol,formato,format,apps/api/src/dominio/whatsapp/modelos.ts:305,270,no,,,approved,codex1,
api-symbol-b350d283,api,2,symbol,sessaoSemPoder,sessionWithoutPoder,apps/api/tests/roteador.test.ts:37,52,no,,,approved,codex1,
api-symbol-b35ec37a,api,2,symbol,carregarMonitoramento,loadMonitoring,apps/api/src/dominio/gestao/monitoramento.ts:375,3,no,,,approved,codex1,
api-symbol-b398c61f,api,2,symbol,criarRegraFilaSql,createRuleQueueSql,apps/api/tests/cadastros-atendimento.test.ts:585,9,no,,,approved,codex1,
api-symbol-b399447d,api,2,symbol,PedidoDeCriacao,RequestOfCreation,apps/api/src/dominio/gestao/ciclo-de-vida-do-fluxo.ts:73,4,no,,,approved,codex1,
api-symbol-b4056910,api,2,symbol,criar,create,apps/api/src/controladores/rastreador-de-cliques.ts:58,235,no,,,approved,codex1,
api-symbol-b42054c0,api,2,symbol,fluxoId,flowId,apps/api/tests/analise.test.ts:49,504,no,,,approved,codex1,
api-symbol-b42caca5,api,2,symbol,fluxo,flow,apps/api/src/dominio/entrada.ts:242,1172,no,,,approved,codex1,
api-symbol-b433a806,api,2,symbol,abrirSessao,openSession,apps/api/tests/chave-de-fluxo.test.ts:78,91,no,,,approved,codex1,
api-symbol-b43d19b1,api,2,symbol,ordemBruta,orderRaw,apps/api/src/dominio/gestao/acoes/regras.ts:271,5,no,,,approved,codex1,
api-symbol-b479cd8a,api,2,symbol,segredo,secret,apps/api/src/dominio/gestao/integracoes.ts:194,212,no,,,approved,codex1,
api-symbol-b4d43fc5,api,2,symbol,contatoId,contactId,apps/api/src/dominio/mensagem-ativa.ts:144,226,no,,,approved,codex1,
api-symbol-b4e33634,api,2,symbol,sessaoAtendente,sessionAgent,apps/api/tests/anexos-multiplos.test.ts:35,82,no,,,approved,codex1,
api-symbol-b5a5b594,api,2,symbol,usuarioId,userId,apps/api/tests/integracoes.test.ts:51,604,no,,,approved,codex1,
api-symbol-b64db587,api,2,symbol,EH_DO_ATENDENTE,EH_OF_AGENT,apps/api/src/dominio/gestao/permissoes-do-atendente.ts:59,1,no,,,approved,codex1,
api-symbol-b651d01d,api,2,symbol,chaveiro,keyring,apps/api/src/dominio/anexo.ts:53,80,no,,,approved,codex1,
api-symbol-b6d43bf4,api,2,symbol,salvarRegraFila,saveRuleQueue,apps/api/src/dominio/gestao/acoes/regras.ts:262,8,no,,,approved,codex1,
api-symbol-b6e2c5be,api,2,symbol,estado,state,apps/api/src/dominio/desk/acoes.ts:45,1269,no,,,approved,codex1,
api-symbol-b71931b0,api,2,symbol,criarConvite,createInvitation,apps/api/src/dominio/convites.ts:196,14,no,,,approved,codex1,
api-symbol-b72a7844,api,2,symbol,consumirDicionarioCrm,consumeDictionaryCrm,apps/api/src/filas.ts:433,3,no,,,approved,codex1,
api-symbol-b7684c51,api,2,symbol,contatoB,contactB,apps/api/tests/palavras-proibidas.test.ts:51,3,no,,,approved,codex1,
api-symbol-b783a9aa,api,2,symbol,soFilas,onlyQueues,apps/api/tests/cadastros-atendimento.test.ts:120,2,no,,,approved,codex1,
api-symbol-b784de17,api,2,symbol,dados,data,apps/api/src/controladores/gestao-operacao.ts:144,669,no,,,approved,codex1,
api-symbol-b80ca8fe,api,2,symbol,enfileirarDownloadMidia,enqueueDownloadMedia,apps/api/src/filas.ts:223,6,no,,,approved,codex1,"fixed leftover PT token (gate-2 compound audit, D-47 follow-up)"
api-symbol-b825c912,api,2,symbol,buscarPermissoes,fetchPermissions,apps/api/src/dominio/whatsapp/cliente-graph.ts:128,5,no,,,approved,codex1,"fixed leftover PT token (gate-2 compound audit, D-47 follow-up)"
api-symbol-b856d222,api,2,symbol,conexaoFluxo,connectionFlow,apps/api/tests/integracoes.test.ts:273,10,no,,,approved,codex1,
api-symbol-b8ba4cdc,api,2,symbol,TipoAutenticacaoWebhook,TypeAuthenticationWebhook,apps/api/src/webhooks-saida.ts:59,7,no,,,approved,codex1,
api-symbol-b8bb92a5,api,2,symbol,LinhaTransicao,LineTransition,apps/api/src/dominio/fluxo.ts:119,4,no,,,approved,codex1,
api-symbol-b8d2cd9d,api,2,symbol,LinhaChave,LineKey,apps/api/src/dominio/gestao/integracoes.ts:104,4,no,,,approved,codex1,
api-symbol-b8dc9054,api,2,symbol,destino,destination,apps/api/src/controladores/minha-conta.ts:315,303,no,,,approved,codex1,
api-symbol-b9139b3b,api,2,symbol,ConexaoDoFluxo,ConnectionOfFlow,apps/api/src/dominio/gestao/integracoes.ts:828,12,no,,,approved,codex1,
api-symbol-b94ddefc,api,2,symbol,ResultadoDaRenovacao,ResultOfRenewal,apps/api/src/dominio/instagram/renovacao.ts:24,5,no,,,approved,codex1,
api-symbol-b9a97224,api,2,symbol,ResultadoEspelho,ResultMirror,apps/api/src/dominio/espelho-crm.ts:23,2,no,,,approved,codex1,
api-symbol-b9c12167,api,2,symbol,novoFluxo,newFlow,apps/api/tests/canal-do-fluxo.test.ts:91,45,no,,,approved,codex1,
api-symbol-b9c3078f,api,2,symbol,ResumoDoContrato,SummaryOfContract,apps/api/src/dominio/gestao/contrato.ts:21,12,no,,,approved,codex1,
api-symbol-b9c7fa60,api,2,symbol,Gravacao,Recording,apps/api/src/dominio/gestao/certificados.ts:69,22,no,,,approved,codex1,
api-symbol-b9d0ae50,api,2,symbol,LinhaExecucao,LineExecution,apps/api/src/dominio/fluxo.ts:200,6,no,,,approved,codex1,
api-symbol-b9fa9877,api,2,symbol,TEMPO_LIMITE_MS,TIME_LIMIT_MS,apps/api/src/webhooks-saida.ts:44,5,no,,,approved,codex1,
api-symbol-ba065e3a,api,2,symbol,finalizarNoMonitoramento,finalizeInMonitoring,apps/api/src/controladores/gestao-operacao.ts:205,1,no,,,approved,codex1,
api-symbol-ba1a5e27,api,2,symbol,gerarPfxDeTeste,generatePfxOfTest,apps/api/tests/ajuda-pfx.ts:160,4,no,,,approved,codex1,
api-symbol-ba263d46,api,2,symbol,contaEmUso,accountInUse,apps/api/src/dominio/instagram/canal.ts:68,3,no,,,approved,codex1,
api-symbol-ba2b380c,api,2,symbol,ControladorConexaoSso,SsoConnectionController,apps/api/src/controladores/sso.ts:49,3,no,,D-05,approved,sonnet,
api-symbol-ba70c684,api,2,symbol,salvarPermissoesDoAtendente,savePermissionsOfAgent,apps/api/src/controladores/gestao-cadastros.ts:478,1,no,,,approved,codex1,
api-symbol-ba762a7e,api,2,symbol,contatoCriado,contactCreated,apps/api/tests/gerar-fixtures-jsonb.helper.ts:296,1,no,,,approved,codex1,
api-symbol-ba779ede,api,2,symbol,carregarRegrasDePrioridade,loadRulesOfPriority,apps/api/src/dominio/gestao/regras-prioridade.ts:152,1,no,,,approved,codex1,
api-symbol-ba8eacd3,api,2,symbol,ordem,order,apps/api/src/dominio/gestao/cadastros.ts:1290,517,no,,,approved,codex1,
api-symbol-ba9634b1,api,2,symbol,desvincularAtendenteDaFila,unlinkAgentOfQueue,apps/api/src/dominio/gestao/cadastros.ts:1495,6,no,,,approved,codex1,
api-symbol-bab81705,api,2,symbol,convite,invitation,apps/api/tests/email.test.ts:235,338,no,,,approved,codex1,
api-symbol-bad6e39e,api,2,symbol,sessaoAtendente,sessionAgent,apps/api/tests/permissoes-do-atendente.test.ts:39,82,no,,,approved,codex1,
api-symbol-bae364ee,api,2,symbol,semSessao,withoutSession,apps/api/tests/builder-por-fluxo.test.ts:343,8,no,,,approved,codex1,
api-symbol-bb23094b,api,2,symbol,EDITAR_FLUXO,EDITAR_FLOW,apps/api/src/dominio/gestao/ciclo-de-vida-do-fluxo.ts:67,16,no,,,approved,codex1,
api-symbol-bb3efc36,api,2,symbol,sessao,session,apps/api/src/controladores/catalogo.ts:179,382,no,,,approved,codex1,
api-symbol-bb77c34d,api,2,symbol,opcoes,options,apps/api/src/controladores/entrar.ts:126,157,no,,,approved,codex1,
api-symbol-bb8faaff,api,2,symbol,mensagemDeLimite,messageOfLimit,apps/api/src/dominio/desk/acoes.ts:159,3,no,,,approved,codex1,
api-symbol-bb9ec0eb,api,2,symbol,filasPorAtendente,queuesByAgent,apps/api/src/dominio/gestao/monitoramento.ts:564,1,no,,,approved,codex1,
api-symbol-bc41fd0a,api,2,symbol,carregarFluxo,loadFlow,apps/api/src/dominio/fluxo.ts:133,5,no,,,approved,codex1,
api-symbol-bc9081e6,api,2,symbol,cacheDeCanal,cacheOfChannel,apps/api/src/banco.ts:54,2,no,,,approved,codex1,
api-symbol-bcb2e487,api,2,symbol,carregarResumoDoContrato,loadSummaryOfContract,apps/api/src/dominio/gestao/contrato.ts:45,3,no,,,approved,codex1,
api-symbol-bcb3da0e,api,2,symbol,permissoes,permissions,apps/api/src/dominio/gestao/permissoes-do-atendente.ts:153,149,no,,,approved,codex1,
api-symbol-bcfe65e5,api,2,symbol,comoChave,asKey,apps/api/src/dominio/gestao/integracoes.ts:115,2,no,,,approved,codex1,
api-symbol-bd40dc24,api,2,symbol,ROTULO_ESCOPO,LABEL_SCOPE,apps/api/src/dominio/gestao/configuracoes.ts:71,4,no,,,approved,codex1,
api-symbol-bd67bf39,api,2,symbol,condicoes,conditions,apps/api/src/dominio/fluxo.ts:153,76,no,,,approved,codex1,
api-symbol-bd7053b5,api,2,symbol,trocarPapel,exchangeRole,apps/api/src/controladores/gestao-conta.ts:101,4,no,,,approved,codex1,
api-symbol-bde1565e,api,2,symbol,condicaoConferida,conditionChecked,apps/api/src/dominio/gestao/regras-prioridade.ts:99,3,no,,,approved,codex1,"fixed leftover PT token (gate-2 compound audit, D-47 follow-up)"
api-symbol-bdedcb70,api,2,symbol,verificarDaConta,checkOfAccount,apps/api/src/controladores/webhooks-whatsapp.ts:100,1,no,,,approved,codex1,
api-symbol-bdfa7b16,api,2,symbol,canalId,channelId,apps/api/src/dominio/gestao/canal-do-fluxo.ts:116,387,no,,,approved,codex1,
api-symbol-be08316a,api,2,symbol,agendarVarreduraDownloadMidia,scheduleSweepDownloadMedia,apps/api/src/filas.ts:279,4,no,,,approved,codex1,
api-symbol-be613d5f,api,2,symbol,trocar,exchange,apps/api/src/controladores/minha-conta.ts:304,100,no,,,approved,codex1,
api-symbol-be6d1277,api,2,symbol,provisionarCliente,provisionCustomer,apps/api/src/provisionar.ts:110,11,no,,,approved,codex1,
api-symbol-beb9c189,api,2,symbol,construirContaDoLogin,buildAccountOfLogin,apps/api/src/dominio/construtor-de-conta.ts:83,3,no,,,approved,codex1,
api-symbol-bebbb776,api,2,symbol,fluxoId,flowId,apps/api/src/dominio/fluxo.ts:1024,504,no,,,approved,codex1,
api-symbol-bee8c5a6,api,2,symbol,mensagem,message,apps/api/src/dominio/envio.ts:172,1267,no,,,approved,codex1,
api-symbol-bef2a2b5,api,2,symbol,abrirSessao,openSession,apps/api/tests/palavras-proibidas.test.ts:87,91,no,,,approved,codex1,
api-symbol-bf4c176f,api,2,symbol,LinhaDePosicao,LineOfPosition,apps/api/src/dominio/roteador.ts:42,2,no,,,approved,codex1,
api-symbol-bf4cc3fb,api,2,symbol,prioridadeDoTelefone,priorityOfPhone,apps/api/tests/prioridade.test.ts:137,4,no,,,approved,codex1,
api-symbol-bf550728,api,2,symbol,porFila,byQueue,apps/api/src/dominio/desk/acoes.ts:207,10,no,,,approved,codex1,
api-symbol-bf9dcfb8,api,2,symbol,sessaoSemPoder,sessionWithoutPoder,apps/api/tests/ciclo-de-vida-do-fluxo.test.ts:40,52,no,,,approved,codex1,
api-symbol-bfa6be60,api,2,symbol,carregarCanaisWhatsapp,loadChannelsWhatsapp,apps/api/src/dominio/gestao/comunicacao.ts:166,1,no,,,approved,codex1,
api-symbol-bfb4389d,api,2,symbol,semDestino,withoutDestination,apps/api/tests/desk-acoes.test.ts:495,5,no,,,approved,codex1,
api-symbol-c04abe44,api,2,symbol,RequisicaoAutenticada,RequestAuthenticated,apps/api/src/autenticacao.ts:50,33,no,,,approved,codex1,"fixed leftover PT token (gate-2 compound audit, D-47 follow-up)"
api-symbol-c057183b,api,2,symbol,tetoSemPrimeiraResposta,tetoWithoutFirstResponse,apps/api/src/dominio/distribuicao.ts:124,11,no,,,approved,codex1,
api-symbol-c098f83e,api,2,symbol,canal,channel,apps/api/tests/email.test.ts:282,970,no,,,approved,codex1,
api-symbol-c0aa2f16,api,2,symbol,filtros,filters,apps/api/src/controladores/conversas.ts:105,91,no,,,approved,codex1,
api-symbol-c0b50479,api,2,symbol,convite,invitation,apps/api/src/controladores/convites.ts:37,338,no,,,approved,codex1,
api-symbol-c0bef577,api,2,symbol,canal,channel,apps/api/src/controladores/webhooks-instagram.ts:31,970,no,,,approved,codex1,
api-symbol-c0c47cb0,api,2,symbol,membroDoFluxo,memberOfFlow,apps/api/tests/canal-do-fluxo.test.ts:48,4,no,,,approved,codex1,
api-symbol-c0f5c7e5,api,2,symbol,botDoCanal,botOfChannel,apps/api/src/dominio/gestao/canal-do-fluxo.ts:62,3,no,,,approved,codex1,
api-symbol-c0f9ebc3,api,2,symbol,canais,channels,apps/api/src/dominio/gestao-analise.ts:329,243,no,,,approved,codex1,
api-symbol-c12ea30f,api,2,symbol,condicionais,conditionals,apps/api/src/dominio/gestao/builder-do-fluxo.ts:205,1,no,,,approved,codex1,
api-symbol-c15a3c87,api,2,symbol,contarCanais,contarChannels,apps/api/tests/canais.test.ts:87,9,no,,,approved,codex1,
api-symbol-c17f69c4,api,2,symbol,semPermissao,withoutPermission,apps/api/src/erros.ts:44,12,no,,,approved,codex1,
api-symbol-c18060d8,api,2,symbol,condicao,condition,apps/api/src/dominio/gestao/regras-prioridade.ts:196,123,no,,,approved,codex1,
api-symbol-c1ca3834,api,2,symbol,fluxoDaRota,flowOfRoute,apps/api/src/autenticacao.ts:123,25,no,,,approved,codex1,
api-symbol-c2652e28,api,2,symbol,editarRegraFila,editarRuleQueue,apps/api/src/controladores/gestao-cadastros.ts:248,8,no,,,approved,codex1,
api-symbol-c287752e,api,2,symbol,contatoId,contactId,apps/api/tests/envio-sessao.test.ts:32,226,no,,,approved,codex1,
api-symbol-c2cfb3e9,api,2,symbol,GuardaSessao,SessionGuard,apps/api/src/sessao.ts:139,11,no,,D-05,approved,sonnet,
api-symbol-c3062da4,api,2,symbol,ConviteCriado,InvitationCreated,apps/api/src/dominio/convites.ts:32,6,no,,,approved,codex1,
api-symbol-c30ce0e6,api,2,symbol,ModeloListado,TemplateListed,apps/api/src/dominio/gestao/comunicacao.ts:100,16,no,,,approved,codex1,"fixed leftover PT token (gate-2 compound audit, D-47 follow-up)"
api-symbol-c3202778,api,2,symbol,montarModelo,assembleTemplate,apps/api/src/dominio/whatsapp/modelos.ts:413,4,no,,,approved,codex1,
api-symbol-c336a5cc,api,2,symbol,filas,queues,apps/api/tests/chave-de-fluxo.test.ts:234,297,no,,,approved,codex1,
api-symbol-c370c719,api,2,symbol,inteiro,integer,apps/api/src/dominio/desk/metricas.ts:31,183,no,,,approved,codex1,
api-symbol-c3ab1644,api,2,symbol,conversa,conversation,apps/api/src/controladores/desk.ts:90,1270,no,,,approved,codex1,
api-symbol-c3f18538,api,2,symbol,criarModeloNaMeta,createTemplateInMeta,apps/api/src/dominio/whatsapp/modelos.ts:479,16,no,,,approved,codex1,
api-symbol-c449c12a,api,2,symbol,CHAVE_QUALQUER_CREDENCIAL,KEY_ANY_CREDENTIAL,apps/api/src/sessao.ts:49,8,no,,,approved,codex1,
api-symbol-c45f873a,api,2,symbol,CampoDoDicionario,FieldOfDictionary,apps/api/src/dominio/dicionario-crm.ts:380,3,no,,,approved,codex1,
api-symbol-c46076f8,api,2,symbol,descobrirEntrada,discoverInbound,apps/api/src/dominio/sso.ts:343,16,no,,,approved,codex1,
api-symbol-c49ca3bb,api,2,symbol,etiquetarConversa,labelConversation,apps/api/src/dominio/etiquetas.ts:133,3,no,,,approved,codex1,
api-symbol-c4f962c0,api,2,symbol,editarFluxo,editarFlow,apps/api/src/dominio/gestao/ciclo-de-vida-do-fluxo.ts:239,4,no,,,approved,codex1,
api-symbol-c4fa5d5b,api,2,symbol,enfileirarImportacao,enqueueImport,apps/api/src/filas.ts:633,3,no,,,approved,codex1,"fixed leftover PT token (gate-2 compound audit, D-47 follow-up)"
api-symbol-c536eb43,api,2,symbol,historico,history,apps/api/tests/builder-por-fluxo.test.ts:507,41,no,,,approved,codex1,
api-symbol-c559ed49,api,2,symbol,ControladorCanais,ChannelsController,apps/api/src/controladores/canais.ts:41,5,no,,D-05,approved,sonnet,
api-symbol-c591ae0e,api,2,symbol,ConexaoParaFluxo,ConnectionForFlow,apps/api/src/dominio/sso.ts:264,2,no,,,approved,codex1,
api-symbol-c5a7bf0a,api,2,symbol,doPeriodo,ofPeriod,apps/api/tests/growth.test.ts:201,1,no,,,approved,codex1,
api-symbol-c5de74dd,api,2,symbol,contatoId,contactId,apps/api/tests/sla-motor.test.ts:60,226,no,,,approved,codex1,
api-symbol-c6061bf5,api,2,symbol,porAtendente,byAgent,apps/api/src/dominio/gestao/monitoramento.ts:548,11,no,,,approved,codex1,
api-symbol-c622706e,api,2,symbol,controlador,controller,apps/api/tests/messenger.test.ts:55,53,no,,,approved,codex1,
api-symbol-c6290ea8,api,2,symbol,PedidoDeEdicaoDeRespostaPronta,RequestOfEditOfResponseReady,apps/api/src/dominio/gestao/comunicacao.ts:190,3,no,,,approved,codex1,
api-symbol-c6377c5d,api,2,symbol,identificadorDoCanal,identifierOfChannel,apps/api/src/dominio/gestao-fluxo.ts:35,4,no,,,approved,codex1,
api-symbol-c63dca8b,api,2,symbol,erro,error,apps/api/src/dominio/entrada.ts:331,1478,no,,,approved,codex1,
api-symbol-c688a09c,api,2,symbol,doPapel,ofRole,apps/api/src/dominio/gestao/permissoes-do-atendente.ts:150,4,no,,,approved,codex1,
api-symbol-c6a8dfd0,api,2,symbol,desvincularAtendente,unlinkAgent,apps/api/src/controladores/gestao-cadastros.ts:230,1,no,,,approved,codex1,
api-symbol-c6dd0e87,api,2,symbol,ControladorRedirecionamento,RedirectController,apps/api/src/controladores/redirecionamento.ts:12,3,no,,D-05,approved,sonnet,
api-symbol-c724afd4,api,2,symbol,LinhaDoPainel,LineOfApplication,apps/api/src/dominio/mensagem-ativa.ts:309,2,no,,,approved,codex1,
api-symbol-c72f36f1,api,2,symbol,definirBuscadorDeMidia,defineBuscadorOfMedia,apps/api/src/dominio/midia.ts:58,12,no,,,approved,codex1,
api-symbol-c742e3c1,api,2,symbol,criarWebhook,createWebhook,apps/api/src/controladores/gestao-integracoes.ts:159,13,no,,,approved,codex1,
api-symbol-c743229d,api,2,symbol,condicaoDeCursor,conditionOfCursor,apps/api/src/paginacao.ts:96,10,no,,,approved,codex1,
api-symbol-c74783e2,api,2,symbol,conversa,conversation,apps/api/tests/roteador.test.ts:571,1270,no,,,approved,codex1,
api-symbol-c762bf54,api,2,symbol,ValorDoWebhook,ValueOfWebhook,apps/api/src/dominio/entrada.ts:45,12,no,,,approved,codex1,
api-symbol-c77d79c9,api,2,symbol,erroDeWebhook,errorOfWebhook,apps/api/src/dominio/messenger/canal.ts:35,38,no,,,approved,codex1,
api-symbol-c7b0f815,api,2,symbol,instantesPorAtendente,instantesByAgent,apps/api/src/dominio/gestao/esforco.ts:90,1,no,,,approved,codex1,
api-symbol-c7e4225e,api,2,symbol,sessao,session,apps/api/tests/monitoramento-conversas.test.ts:51,382,no,,,approved,codex1,
api-symbol-c7ec434e,api,2,symbol,sessao,session,apps/api/src/controladores/entrar.ts:377,382,no,,,approved,codex1,
api-symbol-c807360e,api,2,symbol,naFila,inQueue,apps/api/src/dominio/gestao/monitoramento.ts:522,17,no,,,approved,codex1,
api-symbol-c8194809,api,2,symbol,validarConfiguracaoManual,validateConfigurationManual,apps/api/src/dominio/whatsapp/validacao-da-configuracao-manual.ts:43,3,no,,,approved,codex1,
api-symbol-c831d8d4,api,2,symbol,sessaoEditor,sessionEditor,apps/api/tests/contatos-editar.test.ts:30,150,no,,,approved,codex1,
api-symbol-c891ab55,api,2,symbol,fluxoId,flowId,apps/api/tests/canal-do-fluxo.test.ts:189,504,no,,,approved,codex1,
api-symbol-c8e7599f,api,2,symbol,ordenarFilaDeEspera,ordenarQueueOfWait,apps/api/src/dominio/gestao/monitoramento.ts:361,13,no,,,approved,codex1,
api-symbol-c9099416,api,2,symbol,canal,channel,apps/api/src/controladores/canais.ts:104,970,no,,,approved,codex1,
api-symbol-c924d32a,api,2,symbol,contato,contact,apps/api/src/controladores/desk.ts:137,1026,no,,,approved,codex1,
api-symbol-c939ae30,api,2,symbol,paraContrato,forContract,apps/api/src/dominio/gestao/canal-do-fluxo.ts:87,12,no,,,approved,codex1,
api-symbol-c94803e5,api,2,symbol,carregarContato,loadContact,apps/api/src/dominio/etiquetas.ts:229,20,no,,,approved,codex1,
api-symbol-c9835e12,api,2,symbol,semValor,withoutValue,apps/api/tests/desk-acoes.test.ts:443,1,no,,,approved,codex1,
api-symbol-c9ac1c9a,api,2,symbol,locais,locations,apps/api/src/dominio/whatsapp/modelos.ts:194,9,no,,,approved,codex1,
api-symbol-c9c416f1,api,2,symbol,permissoesConferidas,permissionsChecked,apps/api/src/dominio/gestao/equipe-do-fluxo.ts:146,3,no,,,approved,codex1,"fixed leftover PT token (gate-2 compound audit, D-47 follow-up)"
api-symbol-c9e2926a,api,2,symbol,sessaoDoOutroTenant,sessionOfOtherTenant,apps/api/tests/permissoes-do-atendente.test.ts:40,64,no,,,approved,codex1,
api-symbol-c9eaa9ac,api,2,symbol,contexto,context,apps/api/src/dominio/gestao/sla-motor.ts:258,300,no,,,approved,codex1,
api-symbol-c9f5edd7,api,2,symbol,naoRoteador,notRouter,apps/api/tests/roteador.test.ts:242,2,no,,,approved,codex1,
api-symbol-ca530b22,api,2,symbol,conteudoDaChave,contentOfKey,apps/api/tests/ajuda-pfx.ts:186,2,no,,,approved,codex1,
api-symbol-ca948749,api,2,symbol,IdentidadeDoTenant,IdentityOfTenant,apps/api/src/dominio/gestao/configuracoes.ts:239,4,no,,,approved,codex1,
api-symbol-ca9c0e45,api,2,symbol,ControladorGestaoIntegracoes,ManagementIntegrationsController,apps/api/src/controladores/gestao-integracoes.ts:65,3,no,,D-05,approved,sonnet,
api-symbol-ca9e70ee,api,2,symbol,criar,create,apps/api/tests/canais.test.ts:646,235,no,,,approved,codex1,
api-symbol-cad8fd19,api,2,symbol,posicao,position,apps/api/src/dominio/roteador.ts:84,84,no,,,approved,codex1,
api-symbol-cb1bde3a,api,2,symbol,gravarPermissoesDoAtendente,writePermissionsOfAgent,apps/api/src/dominio/gestao/permissoes-do-atendente.ts:189,2,no,,,approved,codex1,
api-symbol-cb431f3b,api,2,symbol,escopoSlaValido,scopeSlaValid,apps/api/src/dominio/gestao/regras-sla.ts:32,2,no,,,approved,codex1,
api-symbol-cb699700,api,2,symbol,LeituraDoPfx,ReadOfPfx,apps/api/src/dominio/gestao/pfx.ts:30,2,no,,,approved,codex1,
api-symbol-cb6e307f,api,2,symbol,contagem,count,apps/api/src/dominio/gestao/monitoria.ts:209,134,no,,,approved,codex1,
api-symbol-cb90c616,api,2,symbol,capacidades,capacitys,apps/api/src/dominio/gestao/monitoramento.ts:553,14,no,,,approved,codex1,
api-symbol-cbe80c82,api,2,symbol,PedidoDeCriacao,RequestOfCreation,apps/api/src/dominio/whatsapp/criacao-de-canal.ts:34,4,no,,,approved,codex1,
api-symbol-cbee4da1,api,2,symbol,controlador,controller,apps/api/tests/contas.test.ts:22,53,no,,,approved,codex1,
api-symbol-cc194239,api,2,symbol,montarPagina,assemblePage,apps/api/src/paginacao.ts:116,10,no,,,approved,codex1,
api-symbol-cc241d3b,api,2,symbol,PedidoDeModelo,RequestOfTemplate,apps/api/src/dominio/whatsapp/modelos.ts:263,9,no,,,approved,codex1,
api-symbol-cc29e850,api,2,symbol,conta,account,apps/api/tests/chave-de-fluxo.test.ts:221,808,no,,,approved,codex1,
api-symbol-cc3075c6,api,2,symbol,escolherParaFila,escolherForQueue,apps/api/src/dominio/distribuicao.ts:129,2,no,,,approved,codex1,
api-symbol-cc594615,api,2,symbol,bancoApp,databaseApp,apps/api/src/banco.ts:26,29,no,,,approved,codex1,
api-symbol-cc72327e,api,2,symbol,execucaoDe,executionOf,apps/api/tests/builder-por-fluxo.test.ts:260,4,no,,,approved,codex1,
api-symbol-cca25022,api,2,symbol,erros,errors,apps/api/tests/builder-por-fluxo.test.ts:400,110,no,,,approved,codex1,
api-symbol-cca98a44,api,2,symbol,LinhaExecucao,LineExecution,apps/api/tests/builder-por-fluxo.test.ts:258,6,no,,,approved,codex1,
api-symbol-cd388539,api,2,symbol,usuarioId,userId,apps/api/tests/contrato.test.ts:100,604,no,,,approved,codex1,
api-symbol-cd56abd6,api,2,symbol,CONFIGURACOES_GERAIS_GERENCIAR,SETTINGS_GENERAL_MANAGE,apps/api/src/dominio/gestao/configuracoes.ts:27,6,no,,,approved,codex1,
api-symbol-ce3241e4,api,2,symbol,atendenteId,agentId,apps/api/src/controladores/gestao-cadastros.ts:216,217,no,,,approved,codex1,
api-symbol-ce4fd03c,api,2,symbol,primeira,first,apps/api/tests/canais.test.ts:399,377,no,,,approved,codex1,
api-symbol-ce5a7f80,api,2,symbol,usuarioId,userId,apps/api/tests/palavras-proibidas.test.ts:60,604,no,,,approved,codex1,
api-symbol-ce6f9f40,api,2,symbol,conversaAberta,conversationOpen,apps/api/tests/fluxo.test.ts:89,21,no,,,approved,codex1,
api-symbol-ce89becd,api,2,symbol,agrupamentoValido,groupingValid,apps/api/src/dominio/gestao/historico.ts:222,15,no,,,approved,codex1,
api-symbol-ceb532df,api,2,symbol,igualEmTempoConstante,equalInTimeConstante,apps/api/src/autenticacao.ts:253,2,no,,,approved,codex1,
api-symbol-cf0ce67a,api,2,symbol,abrirSessao,openSession,apps/api/tests/convites.test.ts:83,91,no,,,approved,codex1,
api-symbol-cf0d1506,api,2,symbol,excluirRegraFila,deleteRuleQueue,apps/api/src/dominio/gestao/cadastros.ts:1058,5,no,,,approved,codex1,
api-symbol-cf1fcd33,api,2,symbol,carregarImplantacao,loadDeployment,apps/api/src/dominio/gestao/implantacao.ts:33,3,no,,,approved,codex1,
api-symbol-cf20eb22,api,2,symbol,inteiro,integer,apps/api/tests/ajuda-pfx.ts:55,183,no,,,approved,codex1,
api-symbol-cf22b020,api,2,symbol,segredo,secret,apps/api/src/dominio/whatsapp/cliente-graph.ts:209,212,no,,,approved,codex1,
api-symbol-cf5a901f,api,2,symbol,criarFila,createQueue,apps/api/tests/cadastros-atendimento.test.ts:154,26,no,,,approved,codex1,
api-symbol-cfa15c86,api,2,symbol,carregarAtendentes,loadAgents,apps/api/src/dominio/gestao/cadastros.ts:1115,3,no,,,approved,codex1,
api-symbol-d054e1af,api,2,symbol,sessao,session,apps/api/src/controladores/crm.ts:48,382,no,,,approved,codex1,
api-symbol-d06ee412,api,2,symbol,papelAdmin,roleAdmin,apps/api/tests/convites.test.ts:111,2,no,,,approved,codex1,
api-symbol-d09bd40d,api,2,symbol,DadosDeGrowth,DataOfGrowth,apps/api/src/dominio/gestao-fluxo.ts:291,9,no,,,approved,codex1,
api-symbol-d0b0ee5f,api,2,symbol,papelNoFluxo,roleInFlow,apps/api/src/dominio/gestao/equipe-do-fluxo.ts:397,46,no,,,approved,codex1,
api-symbol-d0df8a72,api,2,symbol,filaErrada,queueWrong,apps/api/tests/cadastros-atendimento.test.ts:768,1,no,,,approved,codex1,
api-symbol-d1087342,api,2,symbol,relatorio,report,apps/api/src/dominio/gestao/monitoramento.ts:540,26,no,,,approved,codex1,
api-symbol-d10f4d4d,api,2,symbol,CartaoAtendentes,CardAgents,apps/api/src/dominio/gestao/monitoramento.ts:105,5,no,,,approved,codex1,
api-symbol-d17dc3fe,api,2,symbol,comoMensagem,asMessage,apps/api/src/controladores/conversas.ts:447,2,no,,,approved,codex1,
api-symbol-d202db42,api,2,symbol,busca,search,apps/api/src/dominio/gestao/servicos-do-roteador.ts:104,420,no,,,approved,codex1,
api-symbol-d21c0cbe,api,2,symbol,anexos,attachments,apps/api/src/dominio/envio.ts:356,38,no,,,approved,codex1,
api-symbol-d22ef293,api,2,symbol,painelDeAtivas,applicationOfActive,apps/api/src/dominio/mensagem-ativa.ts:328,3,no,,,approved,codex1,
api-symbol-d24c684d,api,2,symbol,populacao,population,apps/api/src/dominio/gestao/monitoria.ts:128,34,no,,,approved,codex1,
api-symbol-d250bb5a,api,2,symbol,LinhaConversaAberta,LineConversationOpen,apps/api/src/dominio/gestao/monitoramento.ts:66,14,no,,,approved,codex1,
api-symbol-d254075a,api,2,symbol,conversa,conversation,apps/api/src/dominio/gestao/implantacao.ts:92,1270,no,,,approved,codex1,
api-symbol-d291c5f9,api,2,symbol,cadastroDeContaHabilitado,registrationOfAccountEnabled,apps/api/src/dominio/construtor-de-conta.ts:32,11,no,,,approved,codex1,
api-symbol-d2b9a265,api,2,symbol,PALAVRA_PROIBIDA_GERENCIAR,WORD_FORBIDDEN_MANAGE,apps/api/src/dominio/gestao/palavras-proibidas.ts:53,4,no,,,approved,codex1,
api-symbol-d2bf301d,api,2,symbol,relatorios,reports,apps/api/src/controladores/gestao-analise.ts:216,47,no,,,approved,codex1,
api-symbol-d2eb911d,api,2,symbol,carregarConexaoDoFluxo,loadConnectionOfFlow,apps/api/src/dominio/gestao/integracoes.ts:891,3,no,,,approved,codex1,
api-symbol-d2fc95bd,api,2,symbol,COLUNAS_CHAVE,COLUMNS_KEY,apps/api/src/dominio/gestao/integracoes.ts:128,2,no,,,approved,codex1,
api-symbol-d32065e1,api,2,symbol,metricas,metrics,apps/api/src/controladores/operacao.ts:62,45,no,,,approved,codex1,
api-symbol-d384f961,api,2,symbol,paraAtendenteId,forAgentId,apps/api/src/dominio/desk/acoes.ts:300,11,no,,,approved,codex1,
api-symbol-d3b7bb7f,api,2,symbol,criarRegraSla,createRuleSla,apps/api/src/dominio/gestao/regras-sla.ts:157,28,no,,,approved,codex1,
api-symbol-d3eaad11,api,2,symbol,sessaoAdmin1,sessionAdmin1,apps/api/tests/contrato.test.ts:145,35,no,,,approved,codex1,
api-symbol-d3eef675,api,2,symbol,porRegraId,byRuleId,apps/api/src/dominio/gestao/sla-motor.ts:339,1,no,,,approved,codex1,
api-symbol-d3f0a395,api,2,symbol,regrasVencedorasPorAlvo,rulesWinningByTarget,apps/api/src/dominio/gestao/sla-motor.ts:69,8,no,,,approved,codex1,
api-symbol-d4039f24,api,2,symbol,valores,values,apps/api/src/dominio/gestao/acoes/regras.ts:284,140,no,,,approved,codex1,
api-symbol-d41f7a2a,api,2,symbol,pagina,page,apps/api/src/dominio/whatsapp/cliente-graph.ts:304,89,no,,,approved,codex1,
api-symbol-d4602b80,api,2,symbol,daFila,ofQueue,apps/api/tests/prioridade.test.ts:51,15,no,,,approved,codex1,
api-symbol-d4790d5d,api,2,symbol,criarModelo,createTemplate,apps/api/src/controladores/canais.ts:236,9,no,,,approved,codex1,
api-symbol-d49100c3,api,2,symbol,EstadoConexao,StateConnection,apps/api/src/dominio/sso.ts:35,4,no,,,approved,codex1,
api-symbol-d49d5058,api,2,symbol,primeira,first,apps/api/tests/builder-por-fluxo.test.ts:352,377,no,,,approved,codex1,
api-symbol-d4a0c6ab,api,2,symbol,estado,state,apps/api/src/dominio/mensagem-ativa.ts:271,1269,no,,,approved,codex1,
api-symbol-d4c01b1c,api,2,symbol,TETO_DE_DIAS_DAS_METRICAS,TETO_OF_DAYS_OF_METRICS,apps/api/src/controladores/desk.ts:59,2,no,,,approved,codex1,
api-symbol-d4f8de9d,api,2,symbol,valores,values,apps/api/src/dominio/entrada.ts:138,140,no,,,approved,codex1,
api-symbol-d505af0f,api,2,symbol,PAPEL_ADMIN,ROLE_ADMIN,apps/api/src/dominio/gestao/contrato.ts:200,5,no,,,approved,codex1,
api-symbol-d5161065,api,2,symbol,filaDicionarioCrm,queueDictionaryCrm,apps/api/src/filas.ts:407,6,no,,,approved,codex1,
api-symbol-d54392a4,api,2,symbol,lerVariaveis,readVariables,apps/api/src/dominio/gestao/comunicacao.ts:114,7,no,,,approved,codex1,"fixed: leftover PT token (dictionary gap: ler/texto/como/resultado/servir), gate 2 dry-run sweep"
api-symbol-d550efee,api,2,symbol,fluxoDoBuilder,flowOfBuilder,apps/api/src/dominio/gestao/builder-do-fluxo.ts:85,6,no,,,approved,codex1,
api-symbol-d56475a3,api,2,symbol,dicionario,dictionary,apps/api/src/controladores/crm.ts:43,10,no,,,approved,codex1,
api-symbol-d5753ac2,api,2,symbol,semSessao,withoutSession,apps/api/tests/cadastros-atendimento.test.ts:206,8,no,,,approved,codex1,
api-symbol-d5930adf,api,2,symbol,HORARIO_GERENCIAR,SCHEDULE_MANAGE,apps/api/src/dominio/gestao/cadastros.ts:41,9,no,,,approved,codex1,
api-symbol-d6185ced,api,2,symbol,LinhaConta,LineAccount,apps/api/src/controladores/minha-conta.ts:97,8,no,,,approved,codex1,
api-symbol-d61b8e80,api,2,symbol,criarHorarioSql,createScheduleSql,apps/api/tests/cadastros-atendimento.test.ts:893,11,no,,,approved,codex1,
api-symbol-d6516918,api,2,symbol,iteracoesDoMac,iterationsOfMac,apps/api/tests/ajuda-pfx.ts:203,3,no,,,approved,codex1,
api-symbol-d657c6bd,api,2,symbol,LinhaImportacao,LineImport,apps/api/src/dominio/importacao-de-contatos.ts:37,4,no,,,approved,codex1,
api-symbol-d65ce968,api,2,symbol,derivarChavePkcs12,derivarKeyPkcs12,apps/api/src/dominio/gestao/pfx.ts:197,6,no,,,approved,codex1,
api-symbol-d6744df6,api,2,symbol,primeiro,first,apps/api/tests/mensagens-ativas.test.ts:169,258,no,,,approved,codex1,
api-symbol-d6ddb6e3,api,2,symbol,valor,value,apps/api/src/dominio/envio.ts:470,1656,no,,,approved,codex1,
api-symbol-d72353b3,api,2,symbol,ControladorFilas,QueuesController,apps/api/src/controladores/catalogo.ts:270,3,no,,D-05,approved,sonnet,
api-symbol-d74f14c5,api,2,symbol,permissoesDoPapel,permissionsOfRole,apps/api/src/dominio/gestao/equipe-do-fluxo.ts:119,12,no,,,approved,codex1,
api-symbol-d774e453,api,2,symbol,porConversa,byConversation,apps/api/src/dominio/gestao/esforco.ts:88,9,no,,,approved,codex1,
api-symbol-d798aa06,api,2,symbol,noBanco,inDatabase,apps/api/tests/builder-por-fluxo.test.ts:368,7,no,,,approved,codex1,
api-symbol-d7b32be8,api,2,symbol,ControladorMensagensAtivas,ActiveMessagesController,apps/api/src/controladores/mensagens-ativas.ts:32,3,no,,D-05,approved,sonnet,
api-symbol-d804adc1,api,2,symbol,Casamento,Matching,apps/api/src/dominio/gestao/regra-fila.ts:119,5,no,,,approved,codex1,
api-symbol-d808652b,api,2,symbol,permissoesDe,permissionsOf,apps/api/src/controladores/gestao-conta.ts:39,9,no,,,approved,codex1,
api-symbol-d8242e3d,api,2,symbol,textoParaOCanal,textForOChannel,apps/api/src/dominio/fluxo.ts:893,3,no,,,approved,codex1,
api-symbol-d82af3e1,api,2,symbol,convite,invitation,apps/api/src/controladores/entrar.ts:277,338,no,,,approved,codex1,
api-symbol-d86c97a1,api,2,symbol,consumirEspelhoCrm,consumeMirrorCrm,apps/api/src/filas.ts:179,3,no,,,approved,codex1,
api-symbol-d8ad46c4,api,2,symbol,sessao,session,apps/api/src/controladores/desk.ts:119,382,no,,,approved,codex1,
api-symbol-d8bd88a4,api,2,symbol,PassoDaImplantacao,PassoOfDeployment,apps/api/src/dominio/gestao/passos-da-implantacao.ts:48,6,no,,,approved,codex1,
api-symbol-d8c6d775,api,2,symbol,listarEtiquetasDaConversa,listLabelsOfConversation,apps/api/src/dominio/desk/consultas.ts:311,1,no,,,approved,codex1,"fixed leftover PT token (gate-2 compound audit, D-47 follow-up)"
api-symbol-d8d04a70,api,2,symbol,autenticacao,authentication,apps/api/src/dominio/gestao/integracoes.ts:568,181,no,,,approved,codex1,
api-symbol-d90df3e4,api,2,symbol,sincronizarDicionario,syncDictionary,apps/api/src/dominio/dicionario-crm.ts:235,13,no,,,approved,codex1,
api-symbol-d95ada15,api,2,symbol,mensagem,message,apps/api/src/dominio/gestao/pfx.ts:381,1267,no,,,approved,codex1,
api-symbol-d96ab05b,api,2,symbol,criarCookieDeSessao,createCookieOfSession,apps/api/tests/analise.test.ts:53,4,no,,,approved,codex1,
api-symbol-d971bf98,api,2,symbol,excluirModelo,deleteTemplate,apps/api/src/controladores/canais.ts:250,4,no,,,approved,codex1,
api-symbol-d9c650b3,api,2,symbol,cabecalhoDeAutorizacao,headerOfAuthorization,apps/api/src/webhooks-saida.ts:111,5,no,,,approved,codex1,
api-symbol-d9f679c7,api,2,symbol,paraContrato,forContract,apps/api/src/controladores/minha-conta.ts:114,12,no,,,approved,codex1,
api-symbol-d9fa7040,api,2,symbol,emitirConvite,emitirInvitation,apps/api/src/dominio/convites.ts:127,5,no,,,approved,codex1,
api-symbol-da05b718,api,2,symbol,etiquetasPorConversa,labelsByConversation,apps/api/src/dominio/gestao/historico.ts:157,2,no,,,approved,codex1,
api-symbol-da124adb,api,2,symbol,filasSql,queuesSql,apps/api/src/dominio/desk/acoes.ts:229,2,no,,,approved,codex1,
api-symbol-da12df75,api,2,symbol,chave,key,apps/api/src/dominio/gestao/regra-fila.ts:87,1153,no,,,approved,codex1,
api-symbol-da6ea210,api,2,symbol,requisicao,request,apps/api/src/dominio/mtls.ts:192,450,no,,,approved,codex1,
api-symbol-dab1796f,api,2,symbol,credenciaisDoApp,credentialsOfApp,apps/api/src/dominio/whatsapp/cliente-graph.ts:207,2,no,,,approved,codex1,
api-symbol-dad315f8,api,2,symbol,sessao,session,apps/api/src/controladores/sso.ts:116,382,no,,,approved,codex1,
api-symbol-db074464,api,2,symbol,carregarPapeisDaConta,loadPapeisOfAccount,apps/api/src/dominio/gestao/contrato.ts:115,3,no,,,approved,codex1,
api-symbol-db0959ec,api,2,symbol,OpcoesDeAutenticacao,OptionsOfAuthentication,apps/api/src/dominio/whatsapp/modelos.ts:250,2,no,,,approved,codex1,
api-symbol-db1d1c09,api,2,symbol,ObjetoDoDicionario,ObjectOfDictionary,apps/api/src/dominio/dicionario-crm.ts:384,4,no,,,approved,codex1,
api-symbol-db30d3c3,api,2,symbol,semPapel,withoutRole,apps/api/tests/canais.test.ts:564,2,no,,,approved,codex1,
api-symbol-db668818,api,2,symbol,primeira,first,apps/api/tests/analise.test.ts:293,377,no,,,approved,codex1,
api-symbol-dc05190c,api,2,symbol,criarFluxo,createFlow,apps/api/tests/integracoes.test.ts:91,15,no,,,approved,codex1,
api-symbol-dc267f24,api,2,symbol,EXCLUIR_FLUXO,DELETE_FLOW,apps/api/src/dominio/gestao/ciclo-de-vida-do-fluxo.ts:68,2,no,,,approved,codex1,
api-symbol-dc88fa35,api,2,symbol,vazio,empty,apps/api/tests/cadastros-atendimento.test.ts:245,290,no,,,approved,codex1,
api-symbol-dc8a911b,api,2,symbol,usuario,user,apps/api/src/dominio/gestao/integracoes.ts:473,347,no,,,approved,codex1,
api-symbol-dcbf717c,api,2,symbol,permissoes,permissions,apps/api/tests/monitoramento-conversas.test.ts:95,149,no,,,approved,codex1,
api-symbol-dcd17099,api,2,symbol,editarServico,editarService,apps/api/src/dominio/gestao/servicos-do-roteador.ts:292,4,no,,,approved,codex1,
api-symbol-dcd8db16,api,2,symbol,chave,key,apps/api/src/dominio/fluxo.ts:368,1153,no,,,approved,codex1,
api-symbol-dce3aa01,api,2,symbol,RegraDeFilaCadastrada,RuleOfQueueRegistered,apps/api/src/dominio/gestao/cadastros.ts:703,10,no,,,approved,codex1,"fixed leftover PT token (gate-2 compound audit, D-47 follow-up)"
api-symbol-dcfd7434,api,2,symbol,conversaId,conversationId,apps/api/tests/analise.test.ts:51,523,no,,,approved,codex1,
api-symbol-dd02d08d,api,2,symbol,valores,values,apps/api/src/controladores/conversas.ts:401,140,no,,,approved,codex1,
api-symbol-dd431860,api,2,symbol,CanalDeEventos,ChannelOfEvents,apps/api/src/eventos-ws.ts:63,2,no,,,approved,codex1,
api-symbol-dda64fef,api,2,symbol,conversaId,conversationId,apps/api/tests/anexos-multiplos.test.ts:152,523,no,,,approved,codex1,
api-symbol-ddae8b49,api,2,symbol,ConviteVisivel,InvitationVisible,apps/api/src/dominio/convites.ts:43,12,no,,,approved,codex1,
api-symbol-ddb6c2f2,api,2,symbol,valor,value,apps/api/src/controladores/entrar.ts:127,1656,no,,,approved,codex1,
api-symbol-ddd52e76,api,2,symbol,criarContato,createContact,apps/api/tests/etiquetas.test.ts:108,13,no,,,approved,codex1,
api-symbol-de15f73c,api,2,symbol,canais,channels,apps/api/src/dominio/gestao/configuracoes.ts:160,243,no,,,approved,codex1,
api-symbol-de3dadd9,api,2,symbol,MIDIA_DO_CABECALHO,MEDIA_OF_HEADER,apps/api/src/dominio/whatsapp/modelos.ts:85,2,no,,,approved,codex1,
api-symbol-de68d80a,api,2,symbol,falarComAtendenteNoMonitoramento,falarWithAgentInMonitoring,apps/api/src/dominio/gestao/monitoramento.ts:224,3,no,,,approved,codex1,
api-symbol-dea431b3,api,2,symbol,PaginaDeNumeros,PageOfNumbers,apps/api/src/dominio/whatsapp/cliente-graph.ts:222,3,no,,,approved,codex1,
api-symbol-ded9204c,api,2,symbol,porObjeto,byObject,apps/api/src/dominio/dicionario-crm.ts:405,1,no,,,approved,codex1,
api-symbol-dee6f56a,api,2,symbol,excluirServico,deleteService,apps/api/src/controladores/gestao-fluxo.ts:482,7,no,,,approved,codex1,
api-symbol-df1740ba,api,2,symbol,paginaId,pageId,apps/api/tests/messenger.test.ts:54,35,no,,,approved,codex1,
api-symbol-df604d49,api,2,symbol,regraFilaViva,ruleQueueViva,apps/api/src/dominio/gestao/cadastros.ts:922,4,no,,,approved,codex1,
api-symbol-df92df85,api,2,symbol,hostsPorCertificado,hostsByCertificate,apps/api/src/dominio/gestao/certificados.ts:187,1,no,,,approved,codex1,"fixed leftover PT token (gate-2 compound audit, D-47 follow-up)"
api-symbol-e02c187b,api,2,symbol,usuarioMemberId,userMemberId,apps/api/tests/contrato.test.ts:147,7,no,,,approved,codex1,
api-symbol-e03189a1,api,2,symbol,prioridadeDe,priorityOf,apps/api/tests/sla-motor.test.ts:137,4,no,,,approved,codex1,
api-symbol-e0558087,api,2,symbol,ResumoFila,SummaryQueue,apps/api/src/dominio/gestao/monitoramento.ts:135,5,no,,,approved,codex1,
api-symbol-e0b2b3d1,api,2,symbol,criarPalavra,createWord,apps/api/tests/palavras-proibidas.test.ts:151,16,no,,,approved,codex1,
api-symbol-e0dd14d7,api,2,symbol,PedidoDeEdicaoDeRegraSla,RequestOfEditOfRuleSla,apps/api/src/dominio/gestao/regras-sla.ts:49,5,no,,,approved,codex1,
api-symbol-e0e2bfa8,api,2,symbol,FichaDoContato,RecordOfContact,apps/api/src/dominio/desk/consultas.ts:550,4,no,,,approved,codex1,
api-symbol-e0f7e89b,api,2,symbol,excluirRegraPrioridade,deleteRulePriority,apps/api/src/dominio/gestao/regras-prioridade.ts:287,2,no,,,approved,codex1,
api-symbol-e10df2a4,api,2,symbol,PeriodoDeContagem,PeriodOfCount,apps/api/src/dominio/rastreador-de-cliques.ts:42,4,no,,,approved,codex1,
api-symbol-e149cec9,api,2,symbol,editarWebhookSemPermissao,editarWebhookWithoutPermission,apps/api/src/dominio/gestao/integracoes.ts:965,2,no,,,approved,codex1,
api-symbol-e14fdc73,api,2,symbol,primeiro,first,apps/api/tests/convites.test.ts:243,258,no,,,approved,codex1,
api-symbol-e1737819,api,2,symbol,controlador,controller,apps/api/tests/canais.test.ts:63,53,no,,,approved,codex1,
api-symbol-e18142e7,api,2,symbol,baixarMidiaDoAnexo,baixarMediaOfAttachment,apps/api/src/dominio/midia.ts:92,19,no,,,approved,codex1,
api-symbol-e186604d,api,2,symbol,novoContato,newContact,apps/api/tests/contatos-editar.test.ts:73,10,no,,,approved,codex1,
api-symbol-e1b0ec1e,api,2,symbol,condicaoInvalida,conditionInvalid,apps/api/tests/cadastros-atendimento.test.ts:1132,1,no,,,approved,codex1,
api-symbol-e1b749bd,api,2,symbol,abrirSessao,openSession,apps/api/tests/permissoes-do-atendente.test.ts:105,91,no,,,approved,codex1,
api-symbol-e203fbf8,api,2,symbol,contatoA,contactA,apps/api/tests/palavras-proibidas.test.ts:50,4,no,,,approved,codex1,
api-symbol-e21150de,api,2,symbol,PRAZO_CONVITE_MS,DEADLINE_INVITATION_MS,apps/api/src/dominio/convites.ts:28,4,no,,,approved,codex1,
api-symbol-e2177097,api,2,symbol,RELACAO,RELATION,apps/api/src/dominio/dicionario-crm.ts:82,3,no,,,approved,codex1,
api-symbol-e23531f8,api,2,symbol,usuarioId,userId,apps/api/tests/etiquetas.test.ts:50,604,no,,,approved,codex1,
api-symbol-e23902db,api,2,symbol,canal,channel,apps/api/tests/canais.test.ts:1007,970,no,,,approved,codex1,
api-symbol-e249f1e0,api,2,symbol,PedidoDeFila,RequestOfQueue,apps/api/src/dominio/gestao/cadastros.ts:1168,3,no,,,approved,codex1,
api-symbol-e26c125a,api,2,symbol,chave,key,apps/api/src/dominio/gestao/pfx.ts:266,1153,no,,,approved,codex1,
api-symbol-e29a8346,api,2,symbol,valorDoCabecalho,valueOfHeader,apps/api/src/dominio/gestao/integracoes.ts:423,2,no,,,approved,codex1,
api-symbol-e2a7cf37,api,2,symbol,erroDeRegistro,errorOfRegistro,apps/api/src/dominio/whatsapp/configuracao-de-webhook.ts:111,5,no,,,approved,codex1,
api-symbol-e2a9d5b2,api,2,symbol,classificarEstado,classificarState,apps/api/src/dominio/fluxo.ts:988,4,no,,,approved,codex1,
api-symbol-e2b96f65,api,2,symbol,CanalWhatsapp,ChannelWhatsapp,apps/api/src/dominio/gestao/comunicacao.ts:160,7,no,,,approved,codex1,
api-symbol-e2f56a1c,api,2,symbol,ConteudoDoEstado,ContentOfState,apps/api/src/dominio/whatsapp/estado-de-conexao.ts:28,4,no,,,approved,codex1,
api-symbol-e2f70073,api,2,symbol,quantasVariaveis,quantasVariables,apps/api/tests/gerar-fixtures-jsonb.helper.ts:356,4,no,,,approved,codex1,
api-symbol-e2fefd73,api,2,symbol,janela,window,apps/api/src/controladores/mensagens-ativas.ts:53,260,no,,,approved,codex1,
api-symbol-e30ef908,api,2,symbol,corDaFila,colorOfQueue,apps/api/src/dominio/gestao/cores-de-fila.ts:37,1,no,,,approved,codex1,
api-symbol-e35c27cd,api,2,symbol,sessaoDoOutroTenant,sessionOfOtherTenant,apps/api/tests/configuracao-do-fluxo.test.ts:36,64,no,,,approved,codex1,
api-symbol-e3b1034d,api,2,symbol,resolverCanal,resolveChannel,apps/api/src/banco.ts:72,25,no,,,approved,codex1,"fixed leftover PT token (gate-2 compound audit, D-47 follow-up)"
api-symbol-e3c485cc,api,2,symbol,LinhaDeServico,LineOfService,apps/api/src/dominio/roteador.ts:33,2,no,,,approved,codex1,
api-symbol-e3d6f28d,api,2,symbol,ContaInstagram,AccountInstagram,apps/api/src/dominio/instagram/cliente-graph.ts:47,4,no,,,approved,codex1,
api-symbol-e40bd3f3,api,2,symbol,RequisicaoComSessao,RequestWithSession,apps/api/src/sessao.ts:56,217,no,,,approved,codex1,
api-symbol-e4518e9e,api,2,symbol,camposDaOportunidade,fieldsOfOpportunity,apps/api/tests/dicionario-crm.test.ts:244,2,no,,,approved,codex1,
api-symbol-e46a8373,api,2,symbol,ComponenteDoModelo,ComponentOfTemplate,apps/api/src/dominio/whatsapp/cliente-graph.ts:96,10,no,,,approved,codex1,
api-symbol-e46a9d0b,api,2,symbol,opcoesDeCookie,optionsOfCookie,apps/api/src/controladores/entrar.ts:53,9,no,,,approved,codex1,
api-symbol-e48994e9,api,2,symbol,listarEtiquetasDoContato,listLabelsOfContact,apps/api/src/dominio/etiquetas.ts:214,5,no,,,approved,codex1,"fixed leftover PT token (gate-2 compound audit, D-47 follow-up)"
api-symbol-e4ae3a53,api,2,symbol,ResultadoDoDestino,ResultOfDestination,apps/api/src/dominio/mensagem-ativa.ts:53,4,no,,,approved,codex1,
api-symbol-e4dcea9a,api,2,symbol,filaId,queueId,apps/api/src/dominio/fluxo.ts:333,170,no,,,approved,codex1,
api-symbol-e52e1206,api,2,symbol,PAGINA,PAGE,apps/api/src/dominio/dicionario-crm.ts:85,2,no,,,approved,codex1,
api-symbol-e52ea6a4,api,2,symbol,papelId,roleId,apps/api/tests/equipe-do-fluxo.test.ts:76,121,no,,,approved,codex1,
api-symbol-e567f2eb,api,2,symbol,listarCanaisWhatsApp,listChannelsWhatsApp,apps/api/src/dominio/canais.ts:63,7,no,,,approved,codex1,"fixed leftover PT token (gate-2 compound audit, D-47 follow-up)"
api-symbol-e5a79362,api,2,symbol,novaConversa,newConversation,apps/api/tests/palavras-proibidas.test.ts:128,49,no,,,approved,codex1,
api-symbol-e5fa283b,api,2,symbol,criarFluxoNoBanco,createFlowInDatabase,apps/api/tests/equipe-do-fluxo.test.ts:103,9,no,,,approved,codex1,
api-symbol-e620f637,api,2,symbol,novoCanal,newChannel,apps/api/tests/canal-do-fluxo.test.ts:108,21,no,,,approved,codex1,
api-symbol-e635082b,api,2,symbol,nomeDeFilaEmUso,nameOfQueueInUse,apps/api/src/dominio/gestao/cadastros.ts:1240,3,no,,,approved,codex1,
api-symbol-e68521a2,api,2,symbol,JANELA_DE_TAXA_MS,WINDOW_OF_RATE_MS,apps/api/src/dominio/rastreador-de-cliques.ts:159,2,no,,,approved,codex1,
api-symbol-e6992b5d,api,2,symbol,sessaoDoOutroTenant,sessionOfOtherTenant,apps/api/tests/ciclo-de-vida-do-fluxo.test.ts:42,64,no,,,approved,codex1,
api-symbol-e6eae52d,api,2,symbol,exigirTransicao,exigirTransition,apps/api/src/dominio/conversa.ts:69,3,no,,,approved,codex1,
api-symbol-e70ba1ec,api,2,symbol,membros,members,apps/api/src/dominio/gestao/cadastros.ts:1129,128,no,,,approved,codex1,
api-symbol-e71e1502,api,2,symbol,excluirMembros,deleteMembers,apps/api/src/controladores/gestao-conta.ts:131,4,no,,,approved,codex1,
api-symbol-e72baf91,api,2,symbol,resolucao,resolution,apps/api/tests/sla-motor.test.ts:175,10,no,,,approved,codex1,
api-symbol-e72c8b0f,api,2,symbol,RegraDeFila,RuleOfQueue,apps/api/src/dominio/gestao/regra-fila.ts:97,21,no,,,approved,codex1,
api-symbol-e75dd41e,api,2,symbol,sessaoEditor,sessionEditor,apps/api/tests/ciclo-de-vida-do-fluxo.test.ts:36,150,no,,,approved,codex1,
api-symbol-e7a71aaf,api,2,symbol,sessaoGestor,sessionManager,apps/api/tests/palavras-proibidas.test.ts:42,151,no,,,approved,codex1,
api-symbol-e7e48306,api,2,symbol,destino,destination,apps/api/src/controladores/redirecionamento.ts:21,303,no,,,approved,codex1,
api-symbol-e8252601,api,2,symbol,erro,error,apps/api/src/webhooks-saida.ts:259,1478,no,,,approved,codex1,
api-symbol-e82b1925,api,2,symbol,ContextoDoClique,ContextOfClique,apps/api/src/dominio/rastreador-de-cliques.ts:47,2,no,,,approved,codex1,
api-symbol-e841aa51,api,2,symbol,NovoModeloDaMeta,NewTemplateOfMeta,apps/api/src/dominio/whatsapp/cliente-graph.ts:115,7,no,,,approved,codex1,
api-symbol-e853ee8b,api,2,symbol,ordemSql,orderSql,apps/api/src/paginacao.ts:108,10,no,,,approved,codex1,
api-symbol-e855e4b7,api,2,symbol,nomeDoPapel,nameOfRole,apps/api/src/dominio/convites.ts:133,10,no,,,approved,codex1,
api-symbol-e8841664,api,2,symbol,lerConvite,readInvitation,apps/api/src/dominio/convites.ts:290,6,no,,,approved,codex1,"fixed: leftover PT token (dictionary gap: ler/texto/como/resultado/servir), gate 2 dry-run sweep"
api-symbol-e8c0409e,api,2,symbol,ResultadoDoFluxo,ResultOfFlow,apps/api/src/dominio/fluxo.ts:190,3,no,,,approved,codex1,
api-symbol-e8e01665,api,2,symbol,lerImportacao,readImport,apps/api/src/dominio/importacao-de-contatos.ts:110,6,no,,,approved,codex1,"fixed: leftover PT token (dictionary gap: ler/texto/como/resultado/servir), gate 2 dry-run sweep"
api-symbol-e8e6f318,api,2,symbol,editarFila,editarQueue,apps/api/src/controladores/gestao-cadastros.ts:182,10,no,,,approved,codex1,
api-symbol-e8f63939,api,2,symbol,canalDoCore,channelOfCore,apps/api/src/dominio/envio.ts:80,3,no,,,approved,codex1,
api-symbol-e93c00e6,api,2,symbol,excluirExcecaoHorario,deleteExceptionSchedule,apps/api/src/controladores/gestao-cadastros.ts:314,2,no,,,approved,codex1,
api-symbol-e9426543,api,2,symbol,linhaDoFluxo,lineOfFlow,apps/api/tests/ciclo-de-vida-do-fluxo.test.ts:120,14,no,,,approved,codex1,
api-symbol-e96a81b7,api,2,symbol,executarCadastroEmbutido,executarRegistrationEmbedded,apps/api/src/dominio/whatsapp/cadastro-embutido.ts:52,5,no,,,approved,codex1,"fixed leftover PT token (gate-2 compound audit, D-47 follow-up)"
api-symbol-e96a9416,api,2,symbol,ControladorGestaoConta,ManagementAccountController,apps/api/src/controladores/gestao-conta.ts:79,3,no,,D-05,approved,sonnet,
api-symbol-e9d66df8,api,2,symbol,conversa,conversation,apps/api/tests/fluxo.test.ts:120,1270,no,,,approved,codex1,
api-symbol-ea5a5c94,api,2,symbol,exigirPermissaoNoFluxo,exigirPermissionInFlow,apps/api/src/dominio/gestao/equipe-do-fluxo.ts:217,31,no,,,approved,codex1,
api-symbol-eacbba89,api,2,symbol,aplicarEventosDeModelo,aplicarEventsOfTemplate,apps/api/src/dominio/whatsapp/eventos-de-modelo.ts:117,13,no,,,approved,codex1,
api-symbol-eba3eeff,api,2,symbol,extrairValores,extrairValues,apps/api/src/dominio/entrada.ts:201,2,no,,,approved,codex1,
api-symbol-ebab32d1,api,2,symbol,fluxoIdDoCorpo,flowIdOfBody,apps/api/src/controladores/conexao-no-fluxo.ts:25,8,no,,,approved,codex1,
api-symbol-ebc997ca,api,2,symbol,permissoes,permissions,apps/api/src/dominio/whatsapp/validacao-da-configuracao-manual.ts:119,149,no,,,approved,codex1,
api-symbol-ebd5d431,api,2,symbol,chave,key,apps/api/src/dominio/gestao/permissoes-do-atendente.ts:155,1153,no,,,approved,codex1,
api-symbol-ebfdff0d,api,2,symbol,papelId,roleId,apps/api/tests/entrada.test.ts:63,121,no,,,approved,codex1,
api-symbol-ec8ad544,api,2,symbol,canalRoteadorId,channelRouterId,apps/api/tests/gerar-fixtures-jsonb.helper.ts:211,5,no,,,approved,codex1,
api-symbol-ec9aae80,api,2,symbol,lerCanalInstagram,readChannelInstagram,apps/api/src/dominio/instagram/canal.ts:81,7,no,,,approved,codex1,"fixed: leftover PT token (dictionary gap: ler/texto/como/resultado/servir), gate 2 dry-run sweep"
api-symbol-eca68394,api,2,symbol,duracaoInvalida,durationInvalid,apps/api/tests/cadastros-atendimento.test.ts:537,1,no,,,approved,codex1,
api-symbol-ecbbcfae,api,2,symbol,primeiro,first,apps/api/src/dominio/gestao/pfx.ts:115,258,no,,,approved,codex1,
api-symbol-ed0337c1,api,2,symbol,mensagens,messages,apps/api/src/controladores/conversas.ts:164,363,no,,,approved,codex1,
api-symbol-ed038bdf,api,2,symbol,sessaoDoOutroTenant,sessionOfOtherTenant,apps/api/tests/palavras-proibidas.test.ts:46,64,no,,,approved,codex1,
api-symbol-ed05f885,api,2,symbol,avaliacao,evaluation,apps/api/src/dominio/envio.ts:162,35,no,,,approved,codex1,
api-symbol-ed0dbf51,api,2,symbol,filas,queues,apps/api/src/dominio/gestao/implantacao.ts:69,297,no,,,approved,codex1,
api-symbol-ed1db0c4,api,2,symbol,dados,data,apps/api/tests/anexos-multiplos.test.ts:47,669,no,,,approved,codex1,
api-symbol-ed909a56,api,2,symbol,sessaoSemPoder,sessionWithoutPoder,apps/api/tests/canal-do-fluxo.test.ts:46,52,no,,,approved,codex1,
api-symbol-eddc532d,api,2,symbol,anexoId,attachmentId,apps/api/tests/midia-recebida.test.ts:164,70,no,,,approved,codex1,
api-symbol-ee2e01fb,api,2,symbol,ESCALA_POR_TIPO,ESCALA_BY_TYPE,apps/api/src/dominio/gestao/pesquisa.ts:26,9,no,,,approved,codex1,
api-symbol-ee6784ef,api,2,symbol,buscarPagina,fetchPage,apps/api/src/dominio/messenger/cliente-graph.ts:36,3,no,,,approved,codex1,"fixed leftover PT token (gate-2 compound audit, D-47 follow-up)"
api-symbol-ee693675,api,2,symbol,Escopos,Scopes,apps/api/src/autenticacao.ts:55,43,no,,,approved,codex1,
api-symbol-eec76268,api,2,symbol,linkDoAnexo,linkOfAttachment,apps/api/src/dominio/anexo.ts:141,2,no,,,approved,codex1,
api-symbol-eeeaad97,api,2,symbol,conversa,conversation,apps/api/src/dominio/envio.ts:119,1270,no,,,approved,codex1,
api-symbol-eef435dd,api,2,symbol,sessaoSemPoder,sessionWithoutPoder,apps/api/tests/builder-por-fluxo.test.ts:46,52,no,,,approved,codex1,
api-symbol-eefe5147,api,2,symbol,urlDeErro,urlOfError,apps/api/src/controladores/entrar.ts:86,10,no,,,approved,codex1,
api-symbol-ef15ad5b,api,2,symbol,ChaveDeFluxo,KeyOfFlow,apps/api/src/dominio/gestao/integracoes.ts:88,6,no,,,approved,codex1,
api-symbol-ef7f788b,api,2,symbol,idsContato,idsContact,apps/api/tests/etiquetas.test.ts:171,8,no,,,approved,codex1,
api-symbol-ef98e5c0,api,2,symbol,documento,document,apps/api/src/controladores/catalogo.ts:185,217,no,,,approved,codex1,
api-symbol-efadc5ad,api,2,symbol,idDaConta,idOfAccount,apps/api/src/dominio/instagram/cliente-graph.ts:217,1,no,,,approved,codex1,
api-symbol-efc76531,api,2,symbol,estadoAntes,stateBefore,apps/api/src/dominio/fluxo.ts:485,3,no,,,approved,codex1,
api-symbol-efd76d4e,api,2,symbol,permissoes,permissions,apps/api/src/dominio/gestao/equipe-do-fluxo.ts:398,149,no,,,approved,codex1,
api-symbol-efdf29a4,api,2,symbol,ContextoDePrioridade,ContextOfPriority,apps/api/src/dominio/gestao/prioridade-motor.ts:84,4,no,,,approved,codex1,
api-symbol-eff63683,api,2,symbol,quebrarPorMuitas,quebrarByMuitas,apps/api/src/dominio/gestao/atendimento.ts:139,2,no,,,approved,codex1,
api-symbol-f027b6ac,api,2,symbol,vazio,empty,apps/api/tests/ciclo-de-vida-do-fluxo.test.ts:345,290,no,,,approved,codex1,
api-symbol-f02ef9a2,api,2,symbol,usuarioId,userId,apps/api/tests/configuracao-do-fluxo.test.ts:45,604,no,,,approved,codex1,
api-symbol-f032dff4,api,2,symbol,mudancasDeModelo,mudancasOfTemplate,apps/api/src/dominio/whatsapp/eventos-de-modelo.ts:61,2,no,,,approved,codex1,
api-symbol-f082ddc2,api,2,symbol,marcacaoDe,taggingOf,apps/api/tests/desk-acoes.test.ts:381,8,no,,,approved,codex1,
api-symbol-f09132b5,api,2,symbol,LIMITE_DIARIO_POR_CONTATO,DAILY_LIMIT_BY_CONTACT,apps/api/src/dominio/mensagem-ativa.ts:34,5,no,,,approved,codex1,"fix(01-12): missing lexicon word (limite/diario/intervalo), was LIMIT_DIARIO_BY_CONTACT"
api-symbol-f0b9906c,api,2,symbol,atendente,agent,apps/api/src/dominio/gestao/cadastros.ts:137,768,no,,,approved,codex1,
api-symbol-f0c14d1b,api,2,symbol,variaveis,variables,apps/api/src/dominio/whatsapp/modelos.ts:340,134,no,,,approved,codex1,
api-symbol-f0d297f0,api,2,symbol,usuarioComEmail,userWithEmail,apps/api/src/controladores/sso.ts:238,2,no,,,approved,codex1,
api-symbol-f11beb15,api,2,symbol,agentePorCertificado,agentByCertificate,apps/api/src/dominio/mtls.ts:53,1,no,,,approved,codex1,"fixed leftover PT token (gate-2 compound audit, D-47 follow-up)"
api-symbol-f138fafa,api,2,symbol,versaoNoEstado,versionInState,apps/api/src/dominio/gestao/builder-do-fluxo.ts:157,6,no,,,approved,codex1,
api-symbol-f173aa09,api,2,symbol,CATALOGO_ESCOPOS,CATALOG_SCOPES,apps/api/src/autenticacao.ts:23,3,no,,,approved,codex1,
api-symbol-f1c690d7,api,2,symbol,sessaoDeCanal,sessionOfChannel,apps/api/tests/canal-do-fluxo.test.ts:493,2,no,,,approved,codex1,
api-symbol-f1e777fb,api,2,symbol,requisicao,request,apps/api/tests/importacao.test.ts:261,450,no,,,approved,codex1,
api-symbol-f24b6f2c,api,2,symbol,FluxoGravado,FlowWritten,apps/api/src/dominio/gestao/ciclo-de-vida-do-fluxo.ts:87,8,no,,,approved,codex1,
api-symbol-f2638994,api,2,symbol,outroAtendenteId,otherAgentId,apps/api/tests/conversa-eventos.test.ts:34,21,no,,,approved,codex1,
api-symbol-f2c56ed1,api,2,symbol,gravarConfiguracao,writeConfiguration,apps/api/src/dominio/gestao/configuracao-do-fluxo.ts:53,3,no,,,approved,codex1,
api-symbol-f30e71b6,api,2,symbol,rodarFluxoNaEntrada,rodarFlowInInbound,apps/api/src/dominio/fluxo.ts:215,7,no,,,approved,codex1,
api-symbol-f34f378a,api,2,symbol,prefixo,prefix,apps/api/src/dominio/gestao/integracoes.ts:193,89,no,,,approved,codex1,
api-symbol-f358b250,api,2,symbol,autenticacaoParaAuditoria,authenticationForAuditoria,apps/api/src/dominio/gestao/integracoes.ts:521,3,no,,,approved,codex1,
api-symbol-f36dc116,api,2,symbol,carregarPermissoesDoAtendente,loadPermissionsOfAgent,apps/api/src/dominio/gestao/permissoes-do-atendente.ts:118,1,no,,,approved,codex1,
api-symbol-f384bee6,api,2,symbol,ligarCanal,connectChannel,apps/api/src/controladores/gestao-fluxo.ts:266,1,no,,,approved,codex1,
api-symbol-f3a18f14,api,2,symbol,ESCREVER_MEMBROS,ESCREVER_MEMBERS,apps/api/src/controladores/gestao-conta.ts:51,7,no,,,approved,codex1,
api-symbol-f3a4c2ef,api,2,symbol,dados,data,apps/api/src/dominio/fluxo.ts:763,669,no,,,approved,codex1,
api-symbol-f3c6e7d6,api,2,symbol,publicacao,publication,apps/api/tests/gerar-fixtures-jsonb.helper.ts:64,1,no,,,approved,codex1,
api-symbol-f3e17459,api,2,symbol,lerPerfilDoCanal,readProfileOfChannel,apps/api/src/dominio/whatsapp/perfil.ts:100,7,no,,,approved,codex1,"fixed: leftover PT token (dictionary gap: ler/texto/como/resultado/servir), gate 2 dry-run sweep"
api-symbol-f428ada4,api,2,symbol,anexo,attachment,apps/api/tests/ponta-a-ponta.test.ts:294,150,no,,,approved,codex1,
api-symbol-f43fc367,api,2,symbol,canalDoTenant,channelOfTenant,apps/api/src/tempo-real.ts:40,9,no,,,approved,codex1,
api-symbol-f458bcde,api,2,symbol,criarChave,createKey,apps/api/tests/ajuda.ts:101,11,no,,,approved,codex1,
api-symbol-f4ac7dec,api,2,symbol,sessaoDoOutroTenant,sessionOfOtherTenant,apps/api/tests/integracoes.test.ts:41,64,no,,,approved,codex1,
api-symbol-f4c32f25,api,2,symbol,EVENTOS_NOTIFICACOES,EVENTS_NOTIFICATIONS,apps/api/src/dominio/gestao/integracoes.ts:821,4,no,,,approved,codex1,
api-symbol-f4c9f74a,api,2,symbol,enviarAnexos,sendAttachments,apps/api/src/dominio/envio.ts:342,5,no,,,approved,codex1,
api-symbol-f4dadf3e,api,2,symbol,contatos,contacts,apps/api/src/controladores/desk.ts:124,438,no,,,approved,codex1,
api-symbol-f55dff82,api,2,symbol,emailDeRecategorizacao,emailOfRecategorization,apps/api/src/dominio/whatsapp/eventos-de-modelo.ts:96,2,no,,,approved,codex1,
api-symbol-f59b0836,api,2,symbol,canal,channel,apps/api/src/servidor.ts:155,970,no,,,approved,codex1,
api-symbol-f5b66c7b,api,2,symbol,outroAtendenteId,otherAgentId,apps/api/tests/transferencia.test.ts:32,21,no,,,approved,codex1,
api-symbol-f65618fc,api,2,symbol,segredo,secret,apps/api/tests/messenger.test.ts:47,212,no,,,approved,codex1,
api-symbol-f66f0b2c,api,2,symbol,ContaEmVigor,AccountInForce,apps/api/src/controladores/minha-conta.ts:69,11,no,,,approved,codex1,
api-symbol-f689c1dc,api,2,symbol,leitura,read,apps/api/tests/configuracao-do-fluxo.test.ts:191,251,no,,,approved,codex1,
api-symbol-f696c004,api,2,symbol,deslocamentoDoCabecalho,offsetOfHeader,apps/api/src/dominio/gestao/comunicacao.ts:68,10,no,,,approved,codex1,
api-symbol-f6e2676f,api,2,symbol,conferirFluxoDaChave,checkFlowOfKey,apps/api/src/autenticacao.ts:148,14,no,,,approved,codex1,"fixed leftover PT token (gate-2 compound audit, D-47 follow-up)"
api-symbol-f743c358,api,2,symbol,canal,channel,apps/api/src/dominio/whatsapp/preferencias.ts:93,970,no,,,approved,codex1,
api-symbol-f7540757,api,2,symbol,COLUNAS_CHAVE_LISTA,COLUMNS_KEY_LIST,apps/api/src/dominio/gestao/integracoes.ts:138,2,no,,,approved,codex1,
api-symbol-f756d912,api,2,symbol,descricao,description,apps/api/src/dominio/whatsapp/perfil.ts:138,299,no,,,approved,codex1,
api-symbol-f7e04acf,api,2,symbol,EsforcoDoAtendente,EffortOfAgent,apps/api/src/dominio/gestao/esforco.ts:26,5,no,,,approved,codex1,
api-symbol-f8180682,api,2,symbol,comChave,withKey,apps/api/tests/etiquetas.test.ts:82,18,no,,,approved,codex1,
api-symbol-f83c7696,api,2,symbol,RECURSOS_DO_FLUXO,RECURSOS_OF_FLOW,apps/api/src/dominio/gestao/equipe-do-fluxo.ts:76,2,no,,,approved,codex1,
api-symbol-f87ca35f,api,2,symbol,conversaId,conversationId,apps/api/src/dominio/desk/acoes.ts:141,523,no,,,approved,codex1,
api-symbol-f8899291,api,2,symbol,chaveId,keyId,apps/api/tests/integracoes.test.ts:230,26,no,,,approved,codex1,
api-symbol-f8bad500,api,2,symbol,criarWebhook,createWebhook,apps/api/src/dominio/gestao/integracoes.ts:559,13,no,,,approved,codex1,
api-symbol-f8fc41cb,api,2,symbol,opcoes,options,apps/api/src/dominio/whatsapp/modelos.ts:376,157,no,,,approved,codex1,
api-symbol-f92ecea9,api,2,symbol,sessaoAtendenteA,sessionAgentA,apps/api/tests/palavras-proibidas.test.ts:48,7,no,,,approved,codex1,
api-symbol-f9996456,api,2,symbol,outroAtendenteId,otherAgentId,apps/api/tests/envio-sessao.test.ts:31,21,no,,,approved,codex1,
api-symbol-fa02a120,api,2,symbol,MIDIA,MEDIA,apps/api/src/dominio/instagram/entrada.ts:48,2,no,,,approved,codex1,
api-symbol-fa3d833d,api,2,symbol,salvarExcecaoInterna,saveExceptionInternal,apps/api/src/dominio/gestao/acoes/regras.ts:179,3,no,,,approved,codex1,
api-symbol-fa9f3f89,api,2,symbol,normalizarDescricao,normalizeDescription,apps/api/src/dominio/gestao/certificados.ts:98,2,no,,,approved,codex1,
api-symbol-fab640f2,api,2,symbol,fluxo,flow,apps/api/src/dominio/fluxo.ts:1033,1172,no,,,approved,codex1,
api-symbol-facffee4,api,2,symbol,reenviarMensagem,resendMessage,apps/api/src/dominio/envio.ts:428,4,no,,,approved,codex1,
api-symbol-fae6fe62,api,2,symbol,atendentesVivos,agentsVivos,apps/api/src/dominio/gestao/permissoes-do-atendente.ts:95,3,no,,,approved,codex1,
api-symbol-fafd4ff3,api,2,symbol,canal,channel,apps/api/src/banco.ts:86,970,no,,,approved,codex1,
api-symbol-fb9685ca,api,2,symbol,cabecalhosDestino,headersDestination,apps/api/tests/integracoes.test.ts:606,2,no,,,approved,codex1,
api-symbol-fbb92ce2,api,2,symbol,contato,contact,apps/api/src/dominio/espelho-crm.ts:57,1026,no,,,approved,codex1,
api-symbol-fbe9dcfc,api,2,symbol,carregarCanalDoFluxoNaTela,loadChannelOfFlowInScreen,apps/api/src/dominio/gestao/canal-do-fluxo.ts:99,3,no,,,approved,codex1,
api-symbol-fbf20a52,api,2,symbol,lerDicionario,readDictionary,apps/api/src/dominio/dicionario-crm.ts:398,5,no,,,approved,codex1,"fixed: leftover PT token (dictionary gap: ler/texto/como/resultado/servir), gate 2 dry-run sweep"
api-symbol-fc01e24a,api,2,symbol,LinhaDeMembro,LineOfMember,apps/api/src/dominio/gestao/equipe-do-fluxo.ts:173,6,no,,,approved,codex1,
api-symbol-fc027646,api,2,symbol,carregarRegrasDePrioridadeAtivas,loadRulesOfPriorityActive,apps/api/src/dominio/gestao/prioridade-motor.ts:44,6,no,,,approved,codex1,
api-symbol-fc5c4a8f,api,2,symbol,naFila,inQueue,apps/api/tests/desk-acoes.test.ts:413,17,no,,,approved,codex1,
api-symbol-fc5cea1d,api,2,symbol,retorno,callback,apps/api/src/controladores/sso.ts:136,68,no,,D-13,approved,sonnet,
api-symbol-fc5eb204,api,2,symbol,versoesNoBanco,versionsInDatabase,apps/api/tests/builder-por-fluxo.test.ts:220,8,no,,,approved,codex1,
api-symbol-fc6590ba,api,2,symbol,RegraPrioridadeGravada,RulePriorityWritten,apps/api/src/dominio/gestao/regras-prioridade.ts:53,6,no,,,approved,codex1,
api-symbol-fc74a4fc,api,2,symbol,ordemBruta,orderRaw,apps/api/src/dominio/gestao/acoes/atendentes.ts:50,5,no,,,approved,codex1,
api-symbol-fc76584b,api,2,symbol,ACOES,ACTIONS,apps/api/src/controladores/desk.ts:47,8,no,,,approved,codex1,
api-symbol-fc9b0cff,api,2,symbol,comoContato,asContact,apps/api/src/controladores/catalogo.ts:433,5,no,,,approved,codex1,
api-symbol-fcba5d65,api,2,symbol,abrirSessao,openSession,apps/api/tests/contrato.test.ts:108,91,no,,,approved,codex1,
api-symbol-fcc948d8,api,2,symbol,atendente,agent,apps/api/tests/ajuda.ts:67,768,no,,,approved,codex1,
api-symbol-fd0926b9,api,2,symbol,registroDeVerificacao,registroOfVerification,apps/api/src/dominio/dominios.ts:65,4,no,,,approved,codex1,
api-symbol-fd266f28,api,2,symbol,comFila,withQueue,apps/api/tests/cadastros-atendimento.test.ts:776,1,no,,,approved,codex1,
api-symbol-fd36bc14,api,2,symbol,FiltroDeMonitoria,QualityReviewFilter,apps/api/src/dominio/gestao/monitoria.ts:107,3,no,,D-05,approved,sonnet,glossary-exception:D-01
api-symbol-fd505934,api,2,symbol,gerais,general,apps/api/src/controladores/gestao-cadastros.ts:154,23,no,,,approved,codex1,
api-symbol-fdae7592,api,2,symbol,MensagemEnfileirada,MessageQueued,apps/api/src/dominio/envio.ts:64,4,no,,,approved,codex1,"fixed leftover PT token (gate-2 compound audit, D-47 follow-up)"
api-symbol-fdbf4c05,api,2,symbol,sessaoEditor,sessionEditor,apps/api/tests/roteador.test.ts:36,150,no,,,approved,codex1,
api-symbol-fde0b35d,api,2,symbol,PUBLICAR_FLUXO,PUBLISH_FLOW,apps/api/src/dominio/gestao/builder-do-fluxo.ts:74,2,no,,,approved,codex1,
api-symbol-fde9395a,api,2,symbol,payloadDeMensagem,payloadOfMessage,apps/api/tests/ajuda.ts:121,20,no,,,approved,codex1,
api-symbol-fe16a35d,api,2,symbol,armazenamento,storage,apps/api/src/dominio/anexo.ts:36,66,no,,,approved,codex1,
api-symbol-fe5e86e3,api,2,symbol,hostDeMidiaPermitido,hostOfMediaAllowed,apps/api/src/dominio/midia.ts:46,14,no,,,approved,codex1,
api-symbol-feaf38f4,api,2,symbol,periodo,period,apps/api/src/controladores/gestao-analise.ts:122,57,no,,,approved,codex1,
api-symbol-ffaf0bb3,api,2,symbol,atendenteId,agentId,apps/api/tests/etiquetas.test.ts:34,217,no,,,approved,codex1,
api-symbol-ffba5548,api,2,symbol,criarRespostaPronta,createResponseReady,apps/api/src/controladores/gestao-cadastros.ts:493,5,no,,,approved,codex1,
api-symbol-ffd3b91a,api,2,symbol,chave,key,apps/api/src/dominio/gestao/integracoes.ts:422,1153,no,,,approved,codex1,
api-symbol-ffddb068,api,2,symbol,usarArmazenamento,useStorage,apps/api/src/dominio/anexo.ts:42,14,no,,,approved,codex1,
api-symbol-ffff802e,api,2,symbol,MembroDoContrato,MemberOfContract,apps/api/src/dominio/gestao/contrato.ts:94,8,no,,,approved,codex1,
api-test-title-0010a1b5,api,2,test-title,a etiqueta aplicada aparece em GET /v1/desk/conversas/:id e pré-marca o encerramento,Applied labels appear in GET /v1/desk/conversations/:id and are preselected for closure,apps/api/tests/etiquetas.test.ts:237,0,no,,,approved,codex1,D-47 retranslated
api-test-title-00f1316c,api,2,test-title,"manda o `ping` do contrato, que é como a tela sabe que está viva",Send the contract `ping` so the screen can detect a live connection,apps/api/tests/tempo-real.test.ts:304,0,no,,,approved,codex1,D-47 retranslated
api-test-title-01823466,api,2,test-title,"grava objetos e campos no formato do Twenty, casando por name",Store Twenty objects and fields matched by name,apps/api/tests/dicionario-crm.test.ts:175,0,no,,,approved,codex1,D-47 retranslated
api-test-title-027ab7d3,api,2,test-title,sem conta.membros.escrever é 403 para cadastrar,Return 403 when a user without `conta.membros.escrever` registers a certificate,apps/api/tests/contrato.test.ts:536,0,no,,,approved,codex1,D-47 retranslated
api-test-title-02f3557d,api,2,test-title,entrar em espera grava `espera_iniciada`,Record `espera_iniciada` when a conversation enters the waiting state,apps/api/tests/conversa-eventos.test.ts:203,0,no,,,approved,codex1,D-47 retranslated
api-test-title-0456ca71,api,2,test-title,texto livre fora da janela é recusado com o motivo escrito,Reject free-text messages outside the window and explain why,apps/api/tests/ponta-a-ponta.test.ts:341,0,no,,,approved,codex1,D-47 retranslated
api-test-title-04b394ce,api,2,test-title,"ausente ou ""false"" é desligada; qualquer outro valor liga","Disable account signup when unset or set to ""false"" and enable it for any other value",apps/api/tests/contas.test.ts:41,0,no,,,approved,codex1,D-47 retranslated
api-test-title-04e7fe60,api,2,test-title,WABA sem número nenhum é erro,Reject a WABA with no phone numbers,apps/api/tests/canais.test.ts:300,0,no,,,approved,codex1,D-47 retranslated
api-test-title-05004ebf,api,2,test-title,leva o convite no desafio: é assim que a volta do Google sabe de que cliente é,Carry the invitation in the Google challenge so the callback identifies the tenant,apps/api/tests/convites.test.ts:388,0,no,,,approved,codex1,D-47 retranslated
api-test-title-050a3a51,api,2,test-title,tickets abertos por hora,Count opened tickets by hour,apps/api/tests/monitoramento-resumo.test.ts:30,0,no,,,approved,codex1,D-47 retranslated
api-test-title-0526c5ed,api,2,test-title,POST /v1/conversas/:id/mensagens/anexos,Send multiple attachments through POST /v1/conversations/:id/messages/attachments,apps/api/tests/anexos-multiplos.test.ts:150,0,no,,,approved,codex1,D-47 retranslated
api-test-title-055c7d0e,api,2,test-title,"ligado o roteador ao número, a mensagem que chega nele cai no roteador",Route messages from a connected phone number to its router bot,apps/api/tests/canal-do-fluxo.test.ts:412,0,no,,,approved,codex1,D-47 retranslated
api-test-title-057c57a8,api,2,test-title,"recusa atalho com espaço, atalho repetido, e campo obrigatório vazio","Reject shortcuts with spaces, duplicate shortcuts, and empty required fields",apps/api/tests/cadastros-atendimento.test.ts:449,0,no,,,approved,codex1,D-47 retranslated
api-test-title-05d0b57a,api,2,test-title,"com limite 1, a segunda puxada é recusada com a mensagem de limite — e a fila continua com gente",Reject a second queue pull when the agent reaches the limit while leaving others queued,apps/api/tests/desk-acoes.test.ts:317,0,no,,,approved,codex1,D-47 retranslated
api-test-title-05d20c2b,api,2,test-title,"o callback do cadastro embutido (POST /v1/canais/whatsapp), contra o dublê",Complete embedded signup through POST /v1/channels/whatsapp against the Meta stub,apps/api/tests/canais.test.ts:138,0,no,,,approved,codex1,D-47 retranslated
api-test-title-06bf6767,api,2,test-title,um arquivo acima do teto do tipo recusa o lote inteiro e diz qual é,Reject the whole batch and identify a file exceeding its type limit,apps/api/tests/anexos-multiplos.test.ts:207,0,no,,,approved,codex1,D-47 retranslated
api-test-title-071cf2ff,api,2,test-title,"carimba quem encerrou e com que etiqueta, nos dados do evento",Record who closed a conversation and which label was used in its event,apps/api/tests/conversa-eventos.test.ts:117,0,no,,,approved,codex1,D-47 retranslated
api-test-title-07270035,api,2,test-title,transferirEmMassa,Transfer selected conversations in bulk,apps/api/tests/desk-acoes.test.ts:486,12,no,,,approved,codex1,D-47 retranslated
api-test-title-080e2c61,api,2,test-title,"canal de outro tenant é 404, e a rota exige canal.gerenciar",Return 404 for another tenant's channel and require `canal.gerenciar`,apps/api/tests/canais.test.ts:553,0,no,,,approved,codex1,D-47 retranslated
api-test-title-083f6ae8,api,2,test-title,responde ao desafio com o verify_token do canal e recusa o errado,Answer webhook challenges with the channel verify_token and reject wrong tokens,apps/api/tests/instagram.test.ts:226,0,no,,,approved,codex1,D-47 retranslated
api-test-title-0922a4e7,api,2,test-title,"sem ninguém na fila, recusa",Reject a queue pull when no conversations are waiting,apps/api/tests/desk-acoes.test.ts:253,0,no,,,approved,codex1,D-47 retranslated
api-test-title-09a658b3,api,2,test-title,recusa arquivo vazio,Reject empty attachment files,apps/api/tests/anexos.test.ts:110,0,no,,,approved,codex1,D-47 retranslated
api-test-title-0a3ecdc4,api,2,test-title,"cria na Meta com exemplos, grava pendente, e a sincronização traz o status e remove o que sumiu","Create a Meta template with examples, mark it pending, and sync status and deletions",apps/api/tests/canais.test.ts:585,0,no,,,approved,codex1,D-47 retranslated
api-test-title-0a5bf4c3,api,2,test-title,Mensagens ativas — casos que faltavam,Reject active messages without a contact phone or contact ID,apps/api/tests/growth.test.ts:229,0,no,,,approved,codex1,D-47 retranslated
api-test-title-0a8e6a1d,api,2,test-title,"recusa token inválido, App Secret ausente ou fora do formato e cifra credenciais",Reject invalid tokens or App Secrets and encrypt valid credentials,apps/api/tests/messenger.test.ts:100,0,no,,,approved,codex1,D-47 retranslated
api-test-title-0c429971,api,2,test-title,recusa e-mail sem formato de e-mail,Reject malformed contact email addresses,apps/api/tests/contatos-editar.test.ts:180,0,no,,,approved,codex1,D-47 retranslated
api-test-title-0d4786fb,api,2,test-title,alerta de recategorização de modelo,Send template recategorization alerts,apps/api/tests/email.test.ts:274,0,no,,,approved,codex1,D-47 retranslated
api-test-title-0d89d1e8,api,2,test-title,origem fora da lista é ignorada — senão o login vira redirecionamento aberto,Ignore unapproved origins to prevent open redirects during login,apps/api/tests/entrada.test.ts:367,0,no,,,approved,codex1,D-47 retranslated
api-test-title-0d98f4cc,api,2,test-title,cria o tenant inteiro e deixa o administrador pronto para entrar,Provision a tenant and prepare its administrator to log in,apps/api/tests/convites.test.ts:560,0,no,,,approved,codex1,D-47 retranslated
api-test-title-0ecfa6df,api,2,test-title,DELETE /v1/gestao/regras/atendimento/:id,Delete a queue routing rule through DELETE /v1/management/rules/attendance/:id and audit it,apps/api/tests/cadastros-atendimento.test.ts:686,0,no,,,approved,codex1,D-47 retranslated
api-test-title-0ed09c85,api,2,test-title,"o Redirect muda de serviço, a mensagem seguinte cai lá e a outra continua no bloco guardado",Route the next message to a redirected service while preserving the prior block,apps/api/tests/roteador.test.ts:551,0,no,,,approved,codex1,D-47 retranslated
api-test-title-0efbfc38,api,2,test-title,o provedor fora do ar NÃO derruba o convite: ele existe e a resposta traz o link,Preserve an invitation and return its link when the email provider is unavailable,apps/api/tests/email.test.ts:261,0,no,,,approved,codex1,D-47 retranslated
api-test-title-0efc4273,api,2,test-title,sem regra.gerenciar é 403 (ter só fila.gerenciar não basta); de outro tenant é 404; id malformado é 404,"Return 403 without `regra.gerenciar` even with `fila.gerenciar`, and 404 for cross-tenant or malformed IDs",apps/api/tests/cadastros-atendimento.test.ts:662,0,no,,,approved,codex1,D-47 retranslated
api-test-title-0f733267,api,2,test-title,"só roteador tem serviços, e só quem edita fluxo mexe neles",Allow services only on router bots and edits only by flow editors,apps/api/tests/roteador.test.ts:239,0,no,,,approved,codex1,D-47 retranslated
api-test-title-1012978a,api,2,test-title,sem `conversa.etiquetar` é 403; conversa de outro atendente é 403; encerrada é 409,"Return 403 without `conversa.etiquetar` or for another agent's conversation, and 409 for a closed conversation",apps/api/tests/etiquetas.test.ts:275,0,no,,,approved,codex1,D-47 retranslated
api-test-title-10592b25,api,2,test-title,grava o id devolvido pelo CRM no contato,Store the CRM-returned ID on the contact,apps/api/tests/twenty.test.ts:222,0,no,,,approved,codex1,D-47 retranslated
api-test-title-1069b015,api,2,test-title,"bloco explícito depois do Master-State: o destino não exibe o conteúdo, só avalia as saídas",Evaluate exits without displaying the explicit block after Master-State,apps/api/tests/roteador.test.ts:624,0,no,,,approved,codex1,D-47 retranslated
api-test-title-107b6138,api,2,test-title,cairPorInatividade,Set an inactive agent offline and close any open pause,apps/api/tests/desk-acoes.test.ts:189,9,no,,,approved,codex1,D-47 retranslated
api-test-title-10cb7b55,api,2,test-title,configuração da conexão,Save SSO connection configuration,apps/api/tests/sso.test.ts:103,0,no,,,approved,codex1,D-47 retranslated
api-test-title-116e01c8,api,2,test-title,segue a paginação dos números da WABA,Follow pagination when listing WABA phone numbers,apps/api/tests/canais.test.ts:1099,0,no,,,approved,codex1,D-47 retranslated
api-test-title-11b75d0c,api,2,test-title,"recusa da Meta vira 502 com o código dela, e sem o token do cliente na mensagem",Return Meta's error code as 502 without exposing the customer token,apps/api/tests/canais.test.ts:1139,0,no,,,approved,codex1,D-47 retranslated
api-test-title-11c8f814,api,2,test-title,"o admin do fluxo passa em tudo, sem olhar linha a linha",Allow flow admins through every permission check,apps/api/tests/equipe-do-fluxo.test.ts:406,0,no,,,approved,codex1,D-47 retranslated
api-test-title-121fee12,api,2,test-title,"verifica desafio, recusa assinatura inválida e enfileira corpo válido sem duplicar mid","Verify the challenge, reject bad signatures, and enqueue valid events only once per mid",apps/api/tests/messenger.test.ts:119,0,no,,,approved,codex1,D-47 retranslated
api-test-title-13635d44,api,2,test-title,reenviar mensagem em falha,Retry failed message sends,apps/api/tests/envio-sessao.test.ts:195,0,no,,,approved,codex1,D-47 retranslated
api-test-title-146456b1,api,2,test-title,recusa (409) fila padrão de caixa de entrada — mensagem clara,Return 409 when deleting the inbox default queue,apps/api/tests/cadastros-atendimento.test.ts:310,0,no,,,approved,codex1,D-47 retranslated
api-test-title-14bcdef6,api,2,test-title,"publica v1; a v2 arquiva a v1, o motor passa a usar a nova e a conversa em andamento continua apontando para a antiga","Publish v2, archive v1, switch the engine, and keep active conversations on v1",apps/api/tests/builder-por-fluxo.test.ts:437,0,no,,,approved,codex1,D-47 retranslated
api-test-title-14c837e7,api,2,test-title,"exige `etiqueta_id`, e recusa etiqueta de escopo contato numa conversa",Require `etiqueta_id` and reject contact-only labels on conversations,apps/api/tests/etiquetas.test.ts:247,0,no,,,approved,codex1,D-47 retranslated
api-test-title-1538f5c0,api,2,test-title,responde ao desafio de inscrição da Meta,Answer Meta's webhook subscription challenge,apps/api/tests/ponta-a-ponta.test.ts:83,0,no,,,approved,codex1,D-47 retranslated
api-test-title-15a04af2,api,2,test-title,PATCH /v1/gestao/regras/atendimento/:id,Update and reorder queue routing rules through PATCH /v1/management/rules/attendance/:id,apps/api/tests/cadastros-atendimento.test.ts:600,0,no,,,approved,codex1,D-47 retranslated
api-test-title-16069239,api,2,test-title,isolamento entre tenants,Isolate downloaded media by tenant,apps/api/tests/midia-recebida.test.ts:348,0,no,,,approved,codex1,D-47 retranslated
api-test-title-1673ff23,api,2,test-title,leva as médias já calculadas no relatório para cada linha da tabela,Carry precomputed report averages into each summary table row,apps/api/tests/monitoramento-resumo.test.ts:7,0,no,,,approved,codex1,D-47 retranslated
api-test-title-1693ef39,api,2,test-title,PATCH e DELETE /v1/gestao/fluxos/:id/equipe/:usuarioId,Edit or remove flow members through PATCH and DELETE /v1/management/flows/:id/team/:userId,apps/api/tests/equipe-do-fluxo.test.ts:300,0,no,,,approved,codex1,D-47 retranslated
api-test-title-16b69c6d,api,2,test-title,a chave do objeto começa pelo tenant — isolamento no caminho,Prefix attachment object keys with the tenant ID,apps/api/tests/anexos.test.ts:86,0,no,,,approved,codex1,D-47 retranslated
api-test-title-1714815d,api,2,test-title,o que não é domínio não entra,Reject strings that are not valid domains,apps/api/tests/convites.test.ts:469,0,no,,,approved,codex1,D-47 retranslated
api-test-title-18114aae,api,2,test-title,sem regra.gerenciar é 403,Return 403 when creating an SLA rule without `regra.gerenciar` permission,apps/api/tests/cadastros-atendimento.test.ts:780,0,no,,,approved,codex1,D-47 retranslated
api-test-title-18393772,api,2,test-title,recria a linha de outbox de mensagem antiga que nunca teve uma,Recreate an outbox row for an old message that never had one,apps/api/tests/envio-sessao.test.ts:263,0,no,,,approved,codex1,D-47 retranslated
api-test-title-185397c6,api,2,test-title,"a mesma pessoa duas vezes no arquivo, e já cadastrada na forma antiga, vira um contato só",Deduplicate repeated CSV rows and existing contacts with legacy phone formatting,apps/api/tests/importacao.test.ts:131,0,no,,,approved,codex1,D-47 retranslated
api-test-title-18558a64,api,2,test-title,"renomeia, muda ordem/combinador e registra só o que mudou — REORDENAR é este mesmo PATCH","Rename and reorder a queue routing rule through PATCH, change its combiner, and audit only changed fields",apps/api/tests/cadastros-atendimento.test.ts:601,0,no,,,approved,codex1,D-47 retranslated
api-test-title-198437d0,api,2,test-title,nunca deixa a chave de API vazar na mensagem de erro,Never expose the CRM API key in error messages,apps/api/tests/twenty.test.ts:106,0,no,,,approved,codex1,D-47 retranslated
api-test-title-1a57d607,api,2,test-title,HERDA a janela de 24 horas — sem isso quem recebe não manda texto livre,Carry the 24-hour messaging window into the transferred conversation,apps/api/tests/transferencia.test.ts:156,0,no,,,approved,codex1,D-47 retranslated
api-test-title-1a879fe7,api,2,test-title,"COM a permissão, o supervisor transfere a conversa de outro",Allow a permitted supervisor to transfer another agent's conversation,apps/api/tests/transferencia.test.ts:277,0,no,,,approved,codex1,D-47 retranslated
api-test-title-1bf17025,api,2,test-title,guarda o arquivo e devolve link assinado,Store an attachment and return a signed link,apps/api/tests/anexos.test.ts:68,0,no,,,approved,codex1,D-47 retranslated
api-test-title-1c159dc1,api,2,test-title,GET /v1/auth/google?convite=,Carry an invitation through GET /v1/auth/google?invitation=,apps/api/tests/convites.test.ts:387,0,no,,,approved,codex1,D-47 retranslated
api-test-title-1c922911,api,2,test-title,"o real faz o POST no formato do provedor, com o token no cabeçalho — e sem credencial recusa antes",POST provider-formatted emails with an authorization token and reject missing credentials,apps/api/tests/email.test.ts:169,0,no,,,approved,codex1,D-47 retranslated
api-test-title-1cc2cff8,api,2,test-title,host com certificado: a entrega sai por https com o agente que carrega o .pfx,Send HTTPS deliveries to a certified host using an agent loaded with its .pfx,apps/api/tests/contrato.test.ts:625,0,no,,,approved,codex1,D-47 retranslated
api-test-title-1e54e84f,api,2,test-title,POST /v1/desk/acoes/:acao — lista fechada e sessão obrigatória,Require a session and a known action for POST `/v1/desk/actions/:acao`,apps/api/tests/desk-acoes.test.ts:131,0,no,,,approved,codex1,D-47 retranslated
api-test-title-1e64529d,api,2,test-title,"com banco no ar, 200",Return 200 from health when the database is available,apps/api/tests/entrada.test.ts:290,0,no,,,approved,codex1,D-47 retranslated
api-test-title-1f387a87,api,2,test-title,recusa de entrada mantém o próprio código,Preserve the original login refusal code,apps/api/tests/entrada.test.ts:247,0,no,,,approved,codex1,D-47 retranslated
api-test-title-1f5ea754,api,2,test-title,um bot tem um canal só (decisão Pipe): ligar um segundo canal é 409 e diz qual está lá,Return 409 and identify the existing channel when connecting a second channel to one bot,apps/api/tests/canal-do-fluxo.test.ts:262,0,no,,,approved,codex1,D-47 retranslated
api-test-title-200b0e85,api,2,test-title,entrega o evento do PRÓPRIO tenant,Deliver events published to the connected tenant,apps/api/tests/tempo-real.test.ts:205,0,no,,,approved,codex1,D-47 retranslated
api-test-title-203533da,api,2,test-title,"o convite do tenant B põe a pessoa no B, nunca no A","Add an invitee to the inviting tenant, never another tenant",apps/api/tests/convites.test.ts:343,0,no,,,approved,codex1,D-47 retranslated
api-test-title-20419c03,api,2,test-title,transfere várias conversas do atendente para um colega,Transfer multiple assigned conversations to another agent,apps/api/tests/desk-acoes.test.ts:502,0,no,,,approved,codex1,D-47 retranslated
api-test-title-204d1302,api,2,test-title,"sem automacao.fluxo.editar, a recusa é a frase da tela — e nada é gravado",Reject flow creation without `automacao.fluxo.editar` using the screen message and save nothing,apps/api/tests/ciclo-de-vida-do-fluxo.test.ts:261,0,no,,,approved,codex1,D-47 retranslated
api-test-title-207a32b9,api,2,test-title,"recusa conversa que ainda está na fila, sem dono",Reject sending from an unassigned conversation still in the queue,apps/api/tests/envio-sessao.test.ts:173,0,no,,,approved,codex1,D-47 retranslated
api-test-title-2105bae1,api,2,test-title,resumo detalhado do monitoramento,Build the detailed monitoring summary,apps/api/tests/monitoramento-resumo.test.ts:6,0,no,,,approved,codex1,D-47 retranslated
api-test-title-211d0626,api,2,test-title,PATCH e DELETE /v1/gestao/atendentes/pausas/:id,Edit and delete pause reasons through PATCH and DELETE /v1/management/agents/pauses/:id,apps/api/tests/cadastros-atendimento.test.ts:554,0,no,,,approved,codex1,D-47 retranslated
api-test-title-2172ff92,api,2,test-title,"responder pelo Desk, com cookie de sessão",Send Desk replies with a session cookie,apps/api/tests/envio-sessao.test.ts:106,0,no,,,approved,codex1,D-47 retranslated
api-test-title-22577c73,api,2,test-title,mídia em formato recusado nunca chega a chamar a Meta e termina em falhou,Reject unsupported media before calling Meta and mark the delivery failed,apps/api/tests/ponta-a-ponta.test.ts:293,0,no,,,approved,codex1,D-47 retranslated
api-test-title-22607786,api,2,test-title,"a conversa nova já nasce atribuída, com evento `atribuida`",Assign the new conversation immediately and record `atribuida`,apps/api/tests/transferencia.test.ts:215,0,no,,,approved,codex1,D-47 retranslated
api-test-title-22fe8c95,api,2,test-title,"recusa e não grava — nem o anexo, nem os bytes no storage",Reject bad media without storing the attachment or bytes,apps/api/tests/midia-recebida.test.ts:227,0,no,,,approved,codex1,D-47 retranslated
api-test-title-2349d707,api,2,test-title,exigirPermissaoNoFluxo — o duplo portão,Check flow and account permissions at both access gates,apps/api/tests/equipe-do-fluxo.test.ts:350,0,no,,,approved,codex1,D-47 retranslated
api-test-title-23d29a3d,api,2,test-title,"a mensagem entra no OUTBOX, como qualquer envio",Queue active messages in the outbox like other sends,apps/api/tests/mensagens-ativas.test.ts:109,0,no,,,approved,codex1,D-47 retranslated
api-test-title-2499a42c,api,2,test-title,"liga com mensagem e texto do botão, e audita",Enable the welcome message with button text and audit the change,apps/api/tests/configuracao-do-fluxo.test.ts:142,0,no,,,approved,codex1,D-47 retranslated
api-test-title-24eee3c6,api,2,test-title,POST /v1/gestao/comunicacao/respostas-prontas,Create and audit a saved response through POST /v1/management/communication/responses-ready,apps/api/tests/cadastros-atendimento.test.ts:440,0,no,,,approved,codex1,D-47 retranslated
api-test-title-265a3954,api,2,test-title,"modelos com mídia no cabeçalho (imagem, vídeo, documento)","Create templates with image, video, and document headers",apps/api/tests/canais.test.ts:678,0,no,,,approved,codex1,D-47 retranslated
api-test-title-27455b77,api,2,test-title,agregação diária,Aggregate daily metrics from events idempotently,apps/api/tests/ponta-a-ponta.test.ts:364,0,no,,,approved,codex1,"fix(01-12): missing lexicon word (limite/diario/intervalo), was aggregation diária; D-47 retranslated"
api-test-title-274f6299,api,2,test-title,"isola os tenants: a sincronização de um não aparece, nem muda, no outro",Keep each tenant's CRM dictionary independent during synchronization,apps/api/tests/dicionario-crm.test.ts:263,0,no,,,approved,codex1,D-47 retranslated
api-test-title-275211aa,api,2,test-title,desligar não apaga a mensagem — religar sem mandar de novo mantém o que já estava,Keep saved welcome text when disabled and reuse it when reenabled,apps/api/tests/configuracao-do-fluxo.test.ts:179,0,no,,,approved,codex1,D-47 retranslated
api-test-title-282c91c4,api,2,test-title,isolamento — a regra que não se dobra,Isolate real-time events by tenant,apps/api/tests/tempo-real.test.ts:204,0,no,,,approved,codex1,D-47 retranslated
api-test-title-28f259f5,api,2,test-title,"condição vazia sempre casa — decisão Pipe: escopo já filtra, condição é refinamento opcional",Match an empty priority condition because scope already filters the rule,apps/api/tests/prioridade.test.ts:73,0,no,,,approved,codex1,D-47 retranslated
api-test-title-2908e684,api,2,test-title,configuração do webhook (webhook_setup_service_spec),Configure the channel webhook (`webhook_setup_service_spec`),apps/api/tests/canais.test.ts:318,0,no,,,approved,codex1,D-47 retranslated
api-test-title-2926d258,api,2,test-title,sem automacao.integracao.gerenciar é 403; de outro tenant e uuid malformado são 404,Return 403 without `automacao.integracao.gerenciar` and 404 for invalid or cross-tenant IDs,apps/api/tests/integracoes.test.ts:481,0,no,,,approved,codex1,D-47 retranslated
api-test-title-2929ebea,api,2,test-title,recusa destino sem HTTPS,Reject tracked-link destinations that do not use HTTPS,apps/api/tests/growth.test.ts:99,0,no,,,approved,codex1,D-47 retranslated
api-test-title-29867e0e,api,2,test-title,"lê vazio, grava só o que veio, sobe a foto no app do canal e registra auditoria","Read an empty profile, update only supplied fields, upload its photo, and audit the change",apps/api/tests/canais.test.ts:492,0,no,,,approved,codex1,D-47 retranslated
api-test-title-29b69ed5,api,2,test-title,recusa (409) fila usada como destino de regra de entrada,Return 409 when deleting a queue used by an inbound routing rule,apps/api/tests/cadastros-atendimento.test.ts:322,0,no,,,approved,codex1,D-47 retranslated
api-test-title-29f2fd1b,api,2,test-title,"a lista traz os recursos do modal de editar, na ordem da origem",List team editor resources in their expected order,apps/api/tests/equipe-do-fluxo.test.ts:285,0,no,,,approved,codex1,D-47 retranslated
api-test-title-2a1e7228,api,2,test-title,anexo já baixado (bytes > 0) não baixa de novo,Skip downloading an attachment whose bytes are already stored,apps/api/tests/midia-recebida.test.ts:328,0,no,,,approved,codex1,D-47 retranslated
api-test-title-2aa84c7a,api,2,test-title,troca o papel de um membro,Change a member's role,apps/api/tests/contrato.test.ts:265,0,no,,,approved,codex1,D-47 retranslated
api-test-title-2b1a48b6,api,2,test-title,"canal de outro tenant é 404, não disparo no número alheio",Return 404 for another tenant's channel without sending to its number,apps/api/tests/mensagens-ativas.test.ts:287,0,no,,,approved,codex1,D-47 retranslated
api-test-title-2b6a05e5,api,2,test-title,"adiciona quem já está no contrato e marca os rádios pelo nível, como a origem",Add an existing account member to a flow with role-based permissions,apps/api/tests/equipe-do-fluxo.test.ts:198,0,no,,,approved,codex1,D-47 retranslated
api-test-title-2bc4710f,api,2,test-title,"isola tenant, rejeita uuid malformado, falta de permissão e finalização sem etiqueta","Enforce tenant isolation, valid IDs, permissions, and a closure label in monitoring",apps/api/tests/monitoramento-conversas.test.ts:162,0,no,,,approved,codex1,D-47 retranslated
api-test-title-2be1adbe,api,2,test-title,excluir o certificado invalida o cache: a entrega seguinte vai sem ele,Invalidate the certificate cache on deletion so the next delivery uses no certificate,apps/api/tests/contrato.test.ts:686,0,no,,,approved,codex1,D-47 retranslated
api-test-title-2be1be16,api,2,test-title,sem fila.gerenciar é 403; de outro tenant é 404; id malformado é 404,Return 403 without `fila.gerenciar` and 404 for cross-tenant or malformed IDs,apps/api/tests/cadastros-atendimento.test.ts:250,0,no,,,approved,codex1,D-47 retranslated
api-test-title-2be9a5ab,api,2,test-title,"cria, mostra o token só na criação, e a lista seguinte só tem o prefixo",Show a flow access token only at creation and its prefix in later lists,apps/api/tests/integracoes.test.ts:153,0,no,,,approved,codex1,D-47 retranslated
api-test-title-2c1ee796,api,2,test-title,painel das últimas 72 horas,List sends from the last 72 hours with delivery status,apps/api/tests/mensagens-ativas.test.ts:306,0,no,,,approved,codex1,D-47 retranslated
api-test-title-2c7dea78,api,2,test-title,POST /v1/gestao/configuracoes/regras,Create and audit an SLA rule through POST /v1/management/settings/rules,apps/api/tests/cadastros-atendimento.test.ts:734,0,no,,,approved,codex1,D-47 retranslated
api-test-title-2d3737a0,api,2,test-title,regravar a configuração rebaixa a conexão para rascunho,Move an edited SSO connection back to draft,apps/api/tests/sso.test.ts:181,0,no,,,approved,codex1,D-47 retranslated
api-test-title-2e3cc68a,api,2,test-title,"fixa, aparece na fila com `fixadaEm`, refixar mantém o carimbo, desafixar apaga a linha","Pin a conversation with `fixadaAt`, keep the timestamp on repeat, and remove it on unpin",apps/api/tests/desk-acoes.test.ts:400,0,no,,,approved,codex1,D-47 retranslated
api-test-title-2edfb397,api,2,test-title,o cliente responde e o bot usa a variável no menu,Use a customer reply as a variable in the bot menu,apps/api/tests/fluxo.test.ts:142,0,no,,,approved,codex1,D-47 retranslated
api-test-title-2ee21419,api,2,test-title,"desliga o bot do canal sem mexer no canal, registra, e desligar de novo é silencioso","Disconnect the bot without changing the channel, audit the action, and allow repeated disconnects",apps/api/tests/canal-do-fluxo.test.ts:319,0,no,,,approved,codex1,D-47 retranslated
api-test-title-2ee5bbe9,api,2,test-title,monitoramento/conversas,Monitor conversations across queues and agents,apps/api/tests/monitoramento-conversas.test.ts:104,0,no,,,approved,codex1,D-47 retranslated
api-test-title-2f09595c,api,2,test-title,"mensagem entra → o bot responde pelo outbox, e a conversa não está em fila nenhuma",Queue a bot reply in the outbox without assigning the conversation to a queue,apps/api/tests/fluxo.test.ts:118,0,no,,,approved,codex1,D-47 retranslated
api-test-title-30728e90,api,2,test-title,entrar com outra conta do Google não vale o convite de alguém,Reject an invitation when a different Google account logs in,apps/api/tests/convites.test.ts:379,0,no,,,approved,codex1,D-47 retranslated
api-test-title-307463c2,api,2,test-title,IGNORA atendente_id do corpo — ninguém manda mensagem em nome de colega,Ignore agent IDs in the request body so users cannot impersonate colleagues (`atendente_id`),apps/api/tests/envio-sessao.test.ts:131,0,no,,,approved,codex1,D-47 retranslated
api-test-title-30d265a5,api,2,test-title,cria o convite e manda o link por e-mail — e o link continua na resposta,Email the invitation link while also returning it in the response,apps/api/tests/email.test.ts:233,0,no,,,approved,codex1,D-47 retranslated
api-test-title-3147f379,api,2,test-title,"grava o rascunho como v1 e, salvando de novo, grava POR CIMA — uma versão, não uma por tecla",Save draft v1 in place on repeated edits instead of creating a version per keystroke,apps/api/tests/builder-por-fluxo.test.ts:349,0,no,,,approved,codex1,D-47 retranslated
api-test-title-314cbab8,api,2,test-title,"id fora do formato uuid é 404, não 500 do Postgres",Return 404 for malformed UUIDs instead of a PostgreSQL error,apps/api/tests/analise.test.ts:204,0,no,,,approved,codex1,D-47 retranslated
api-test-title-31a277b5,api,2,test-title,recusa contato já em atendimento — o 1602 deles,Reject contacts already in an active ticket with error 1602,apps/api/tests/mensagens-ativas.test.ts:223,0,no,,,approved,codex1,D-47 retranslated
api-test-title-31c6fd76,api,2,test-title,arquivo vazio é recusado antes de gravar qualquer coisa,Reject an empty import file before saving anything,apps/api/tests/importacao.test.ts:224,0,no,,,approved,codex1,D-47 retranslated
api-test-title-31dc6301,api,2,test-title,POST /v1/gestao/fluxos/:id/builder/versoes/:versao/restaurar,Restore an old version as a draft through POST /v1/management/flows/:id/builder/versions/:version/restore,apps/api/tests/builder-por-fluxo.test.ts:545,0,no,,,approved,codex1,D-47 retranslated
api-test-title-31f1bd3f,api,2,test-title,"liga a conta por (emissor, sujeito) e marca a sessão como sso",Link an account by issuer and subject and mark its session as SSO,apps/api/tests/sso.test.ts:245,0,no,,,approved,codex1,D-47 retranslated
api-test-title-320a8fa2,api,2,test-title,POST /v1/conversas/:id/mensagens — a lista barra o envio do atendente,Block agent sends containing banned words through POST /v1/conversations/:id/messages,apps/api/tests/palavras-proibidas.test.ts:378,0,no,,,approved,codex1,D-47 retranslated
api-test-title-336155ae,api,2,test-title,só quem tem automacao.fluxo.publicar publica — editar não basta; de outro tenant é 404,Require `automacao.fluxo.publicar` and return 404 for another tenant's flow,apps/api/tests/builder-por-fluxo.test.ts:526,0,no,,,approved,codex1,D-47 retranslated
api-test-title-3412e2f8,api,2,test-title,PATCH /v1/gestao/atendentes/filas/:id — renomear e ativar/desativar,Rename or toggle a queue through PATCH /v1/management/agents/queues/:id,apps/api/tests/cadastros-atendimento.test.ts:215,0,no,,,approved,codex1,D-47 retranslated
api-test-title-3491beec,api,2,test-title,"convite que não serve vira recusa na tela de entrada, nunca 500",Show invalid invitations as a login refusal rather than a server error,apps/api/tests/convites.test.ts:415,0,no,,,approved,codex1,D-47 retranslated
api-test-title-35b40672,api,2,test-title,permite ao supervisor encerrar conversa de outro atendente,Allow a supervisor to close another agent's conversation,apps/api/tests/conversa-eventos.test.ts:181,0,no,,,approved,codex1,D-47 retranslated
api-test-title-35da64d8,api,2,test-title,"tira o BOM, e coluna desconhecida vira atributo do contato",Strip the BOM and store unknown CSV columns as contact attributes,apps/api/tests/importacao.test.ts:217,0,no,,,approved,codex1,D-47 retranslated
api-test-title-380cc30a,api,2,test-title,sem automacao.fluxo.editar é 403; de outro tenant e id malformado são 404,Return 403 without `automacao.fluxo.editar` and 404 for invalid or cross-tenant IDs,apps/api/tests/builder-por-fluxo.test.ts:328,0,no,,,approved,codex1,D-47 retranslated
api-test-title-385c13c6,api,2,test-title,"cabeçalhos customizados chegam na entrega, sem derrubar a assinatura",Include custom headers in webhook deliveries without breaking the signature,apps/api/tests/integracoes.test.ts:610,0,no,,,approved,codex1,D-47 retranslated
api-test-title-393ca19a,api,2,test-title,transfere e finaliza com capacidades próprias e registra auditoria,Transfer or close monitored conversations under separate permissions and audit both,apps/api/tests/monitoramento-conversas.test.ts:146,0,no,,,approved,codex1,D-47 retranslated
api-test-title-395932db,api,2,test-title,"canal inativo é 409; canal de outro tenant, uuid malformado e fluxo de outro tenant são 404",Return 409 for an inactive channel and 404 for invalid or cross-tenant IDs,apps/api/tests/canal-do-fluxo.test.ts:275,0,no,,,approved,codex1,D-47 retranslated
api-test-title-39a83a0b,api,2,test-title,"sucesso: grava segredo e app DO CLIENTE, devolve o webhook, e desconectar não solta o número","Save the customer app and secret, return the webhook, and keep the number on disconnect",apps/api/tests/canais.test.ts:467,0,no,,,approved,codex1,D-47 retranslated
api-test-title-39ebedb9,api,2,test-title,a conversa nova nasce com `criada` e `transferida_fila`,Record `criada` and `transferida_fila` on a queue transfer,apps/api/tests/transferencia.test.ts:203,0,no,,,approved,codex1,D-47 retranslated
api-test-title-3a244014,api,2,test-title,atendente inexistente é 404; fila inexistente é 404,Return 404 for a missing agent or queue,apps/api/tests/cadastros-atendimento.test.ts:386,0,no,,,approved,codex1,D-47 retranslated
api-test-title-3ad207d5,api,2,test-title,"recusa sem conversas selecionadas, e sem destino",Reject a bulk transfer without selected conversations or a destination,apps/api/tests/desk-acoes.test.ts:487,0,no,,,approved,codex1,D-47 retranslated
api-test-title-3b0b8fa2,api,2,test-title,"três arquivos viram três mensagens, na ordem, uma por arquivo, com o tipo do MIME",Create one message per file in order with the correct MIME-derived type,apps/api/tests/anexos-multiplos.test.ts:151,0,no,,,approved,codex1,D-47 retranslated
api-test-title-3b4ade4b,api,2,test-title,"fixar e marcarNaoLida — o menu do cartão, por atendente",Pin conversations and mark them unread per agent,apps/api/tests/desk-acoes.test.ts:380,0,no,,,approved,codex1,D-47 retranslated
api-test-title-3c37dd07,api,2,test-title,POST/DELETE /v1/conversas/:id/etiquetas — a conversa aberta,Apply and remove labels on an open conversation through POST/DELETE /v1/conversations/:id/labels,apps/api/tests/etiquetas.test.ts:185,0,no,,,approved,codex1,D-47 retranslated
api-test-title-3ca9834e,api,2,test-title,recusa a mesma página em outro tenant e mantém isolamento ao desconectar,Reject a page already connected to another tenant and isolate disconnects,apps/api/tests/messenger.test.ts:111,0,no,,,approved,codex1,D-47 retranslated
api-test-title-3d2e79d5,api,2,test-title,o mesmo anexo repetido no lote vira uma mensagem só,Send a repeated attachment only once within a batch,apps/api/tests/anexos-multiplos.test.ts:261,0,no,,,approved,codex1,D-47 retranslated
api-test-title-3db88a33,api,2,test-title,"renomeia, muda capacidade/ordem/cor e registra só o que mudou","Update a queue's name, capacity, order, and color and audit only changes",apps/api/tests/cadastros-atendimento.test.ts:216,0,no,,,approved,codex1,D-47 retranslated
api-test-title-3de0ee70,api,2,test-title,checarSlaDaConversa — alerta e estouro,Check conversation SLA alerts and breaches,apps/api/tests/sla-motor.test.ts:183,0,no,,,approved,codex1,D-47 retranslated
api-test-title-3e01f30c,api,2,test-title,recusa fila e atendente inexistentes,Reject missing destination queues and agents,apps/api/tests/transferencia.test.ts:256,0,no,,,approved,codex1,D-47 retranslated
api-test-title-3e4d8344,api,2,test-title,escopo desconhecido é 400; sem sessão é 401,Return 400 for an unknown scope and 401 without a session,apps/api/tests/etiquetas.test.ts:177,0,no,,,approved,codex1,D-47 retranslated
api-test-title-3eb364e6,api,2,test-title,"recusa o que o formulário recusa: segundo principal, nome e chatbot repetidos, sem expiração, chatbot que não é fluxo","Reject duplicate primary services, names, or chatbots and invalid expiration or chatbot types",apps/api/tests/roteador.test.ts:185,0,no,,,approved,codex1,D-47 retranslated
api-test-title-3ed38e3f,api,2,test-title,guarda de sessão,Require a session cookie for protected routes,apps/api/tests/entrada.test.ts:108,0,no,,,approved,codex1,D-47 retranslated
api-test-title-3f8181db,api,2,test-title,aborta se o CRM devolver o contato de OUTRO cliente,Abort when the CRM returns another tenant's contact,apps/api/tests/twenty.test.ts:148,0,no,,,approved,codex1,D-47 retranslated
api-test-title-3f9dce03,api,2,test-title,exclui de verdade (204); de outro tenant é 404; id malformado é 404,Delete an SLA rule with 204 and return 404 for cross-tenant or malformed IDs,apps/api/tests/cadastros-atendimento.test.ts:837,0,no,,,approved,codex1,D-47 retranslated
api-test-title-405ac2b2,api,2,test-title,"a foto é lida pelos bytes: PNG entra, rótulo mentindo é engolido e o fluxo nasce sem foto",Detect flow images from bytes and ignore mislabeled nonimages,apps/api/tests/ciclo-de-vida-do-fluxo.test.ts:290,0,no,,,approved,codex1,D-47 retranslated
api-test-title-40af418b,api,2,test-title,"lê validade, impressão digital, sujeito e emissor do .pfx; status calculado","Read validity, fingerprint, subject, and issuer from a .pfx and calculate its status",apps/api/tests/contrato.test.ts:362,0,no,,,approved,codex1,D-47 retranslated
api-test-title-40c1517e,api,2,test-title,roteador não tem Builder: 409 em todas as rotas,Return 409 on every Builder route for router bots,apps/api/tests/builder-por-fluxo.test.ts:312,0,no,,,approved,codex1,D-47 retranslated
api-test-title-4125bdf4,api,2,test-title,"cria o fluxo em rascunho, com o shortName derivado do nome, e registra no log",Create a draft flow with a name-derived shortName and audit the creation,apps/api/tests/ciclo-de-vida-do-fluxo.test.ts:202,0,no,,,approved,codex1,D-47 retranslated
api-test-title-427111ab,api,2,test-title,PATCH muda só o que veio e passa pelas mesmas regras; DELETE tira o serviço,Apply only supplied service changes through PATCH and remove services through DELETE,apps/api/tests/roteador.test.ts:259,0,no,,,approved,codex1,D-47 retranslated
api-test-title-4498cb80,api,2,test-title,token sem permissão na WABA: a Meta recusa a busca dos números e nenhum canal nasce,Create no channel when Meta denies WABA phone-number access,apps/api/tests/canais.test.ts:193,0,no,,,approved,codex1,D-47 retranslated
api-test-title-44a82b68,api,2,test-title,"o teste destrava a ativação, e a ativação destrava a política",Require a successful test before activation and activation before policy enforcement,apps/api/tests/sso.test.ts:167,0,no,,,approved,codex1,D-47 retranslated
api-test-title-45240378,api,2,test-title,um anexo inexistente no meio do lote recusa tudo — nenhuma mensagem antes nem depois,Reject an entire batch containing a missing attachment without creating messages,apps/api/tests/anexos-multiplos.test.ts:198,0,no,,,approved,codex1,D-47 retranslated
api-test-title-4591dad4,api,2,test-title,sem regra.gerenciar é 403; de outro tenant é 404; id malformado é 404,Return 403 without `regra.gerenciar` and 404 for cross-tenant or malformed IDs,apps/api/tests/cadastros-atendimento.test.ts:1164,0,no,,,approved,codex1,D-47 retranslated
api-test-title-45b61169,api,2,test-title,"sem cookie e sem chave, 401",Return 401 without a session cookie or API key,apps/api/tests/envio-sessao.test.ts:182,0,no,,,approved,codex1,D-47 retranslated
api-test-title-479a3dac,api,2,test-title,a primeira mensagem do cliente é respondida pelo serviço principal do roteador,Answer the customer's first message through the router's primary service,apps/api/tests/canal-do-fluxo.test.ts:413,0,no,,,approved,codex1,D-47 retranslated
api-test-title-47b5b062,api,2,test-title,recusa quem nunca foi convidado: descobrir domínio não é entrar no cliente,Reject SSO login for users who were never invited,apps/api/tests/sso.test.ts:286,0,no,,,approved,codex1,D-47 retranslated
api-test-title-48e48f20,api,2,test-title,a etiqueta do contato viaja no painel da conversa (`etiquetasDoContato`),Include contact labels in the conversation screen response (`labelsOfContact`),apps/api/tests/etiquetas.test.ts:355,0,no,,,approved,codex1,D-47 retranslated
api-test-title-48ec603c,api,2,test-title,isolamento entre tenants: sessão de um tenant não lê o fluxo de outro,Prevent one tenant's session from reading another's flow analytics,apps/api/tests/analise.test.ts:191,0,no,,,approved,codex1,D-47 retranslated
api-test-title-4965377f,api,2,test-title,permissão só NO FLUXO passa,Allow flow-only permission without account permission,apps/api/tests/equipe-do-fluxo.test.ts:357,0,no,,,approved,codex1,D-47 retranslated
api-test-title-4966723c,api,2,test-title,regrasVencedorasPorAlvo — escopo mais específico vence (sem DB),Choose the most specific SLA rule for each target,apps/api/tests/sla-motor.test.ts:144,0,no,,,approved,codex1,D-47 retranslated
api-test-title-4a4cca78,api,2,test-title,trata 401 e 403 como permanentes — repetir não conserta chave errada,Classify CRM 401 and 403 responses as permanent failures,apps/api/tests/twenty.test.ts:89,0,no,,,approved,codex1,D-47 retranslated
api-test-title-4b0735df,api,2,test-title,descarta eventos de outra Página,Discard events from another Facebook Page,apps/api/tests/messenger.test.ts:43,0,no,,,approved,codex1,D-47 retranslated
api-test-title-4b6af66f,api,2,test-title,"recusa cabeçalho reservado, cabeçalho repetido e autenticação incompleta",Reject reserved or duplicate headers and incomplete authentication,apps/api/tests/integracoes.test.ts:637,0,no,,,approved,codex1,D-47 retranslated
api-test-title-4d72f655,api,2,test-title,autenticação do canal,Authenticate WebSocket connections,apps/api/tests/tempo-real.test.ts:114,0,no,,,approved,codex1,D-47 retranslated
api-test-title-4dbd01c8,api,2,test-title,"número já usado por outro tenant: recusado, com a frase do Chatwoot",Reject a number already used by another tenant with the expected Chatwoot message,apps/api/tests/canais.test.ts:203,0,no,,,approved,codex1,D-47 retranslated
api-test-title-4edf777c,api,2,test-title,baixar por link assinado,Download attachments through signed links,apps/api/tests/anexos.test.ts:141,0,no,,,approved,codex1,D-47 retranslated
api-test-title-4ef3d1e8,api,2,test-title,estado da conexão na tela de Canais,Show channel connection health on the Channels screen,apps/api/tests/canais.test.ts:1054,0,no,,,approved,codex1,D-47 retranslated
api-test-title-5089d5f6,api,2,test-title,roteador é o mesmo contato com outro tipo,Create a router through the flow form with a different type,apps/api/tests/ciclo-de-vida-do-fluxo.test.ts:224,0,no,,,approved,codex1,D-47 retranslated
api-test-title-50fc49a6,api,2,test-title,"sem sessão, 401",Return 401 without a session,apps/api/tests/convites.test.ts:232,0,no,,,approved,codex1,D-47 retranslated
api-test-title-5194d572,api,2,test-title,PATCH e DELETE /v1/gestao/configuracoes/regras/:id,Edit and delete SLA rules through PATCH and DELETE /v1/management/settings/rules/:id,apps/api/tests/cadastros-atendimento.test.ts:787,0,no,,,approved,codex1,D-47 retranslated
api-test-title-51dc6d04,api,2,test-title,substitui todas as condições quando `condicoes` vem no pedido,Replace all rule condicoes when `conditions` is supplied,apps/api/tests/cadastros-atendimento.test.ts:618,0,no,,,approved,codex1,D-47 retranslated
api-test-title-51de3aa3,api,2,test-title,lê com automacao.fluxo.editar; identificador e endpoint são reais,Read real flow connection identifiers and endpoints with `automacao.fluxo.editar`,apps/api/tests/integracoes.test.ts:272,0,no,,,approved,codex1,D-47 retranslated
api-test-title-52d9cea5,api,2,test-title,a chave do fluxo na API (Bearer),Constrain flow API keys to flow routes,apps/api/tests/chave-de-fluxo.test.ts:206,0,no,,,approved,codex1,D-47 retranslated
api-test-title-52e62ac0,api,2,test-title,o status de entrega chega por webhook e a mensagem vira entregue,Update a message to delivered when its delivery webhook arrives,apps/api/tests/ponta-a-ponta.test.ts:206,0,no,,,approved,codex1,D-47 retranslated
api-test-title-532ae79a,api,2,test-title,só entrega o assunto assinado,Deliver only events for subscribed topics,apps/api/tests/tempo-real.test.ts:259,0,no,,,approved,codex1,D-47 retranslated
api-test-title-5346bfee,api,2,test-title,sem itens e boasVindasPreenchida falsa por padrão,Start with an empty persistent menu and no completed welcome message,apps/api/tests/configuracao-do-fluxo.test.ts:213,0,no,,,approved,codex1,D-47 retranslated
api-test-title-53697af9,api,2,test-title,o desafio de inscrição do webhook do aplicativo,Return the raw `hub.challenge` with the app verification token and 403 without it,apps/api/tests/canais.test.ts:1152,0,no,,,approved,codex1,D-47 retranslated
api-test-title-53d6731c,api,2,test-title,"com canal_id troca a credencial do canal que já existe, em vez de recusar por número em uso",Update existing channel credentials by canal_id instead of rejecting its phone number,apps/api/tests/canal-do-fluxo.test.ts:477,0,no,,,approved,codex1,D-47 retranslated
api-test-title-54d57820,api,2,test-title,"webhook, entrada e saída",Handle Instagram inbound and outbound webhooks,apps/api/tests/instagram.test.ts:212,0,no,,,approved,codex1,D-47 retranslated
api-test-title-552b5f0a,api,2,test-title,recusa destino para localhost e para IP de rede privada,Reject tracked-link destinations on localhost or private networks,apps/api/tests/growth.test.ts:110,0,no,,,approved,codex1,D-47 retranslated
api-test-title-555cc7f7,api,2,test-title,GET /v1/gestao/fluxos/:id/builder,Open a new flow in Builder through GET /v1/management/flows/:id/builder,apps/api/tests/builder-por-fluxo.test.ts:298,0,no,,,approved,codex1,D-47 retranslated
api-test-title-55a1f892,api,2,test-title,"sem sessão, 401",Return 401 without a session,apps/api/tests/ciclo-de-vida-do-fluxo.test.ts:490,0,no,,,approved,codex1,D-47 retranslated
api-test-title-55d366e2,api,2,test-title,"encerra a sessão, apaga o cookie e o token não vale mais","Close the session, clear its cookie, and invalidate the token",apps/api/tests/entrada.test.ts:170,0,no,,,approved,codex1,D-47 retranslated
api-test-title-5629f9bb,api,2,test-title,"App Secret: obrigatório, com formato, e tem de ser do app dono do token",Require a correctly formatted App Secret belonging to the token's app,apps/api/tests/canais.test.ts:454,0,no,,,approved,codex1,D-47 retranslated
api-test-title-56312ea9,api,2,test-title,provisionar cliente,Provision a customer tenant,apps/api/tests/convites.test.ts:546,0,no,,,approved,codex1,D-47 retranslated
api-test-title-56507f23,api,2,test-title,"sem o escopo mensagens:escrever, 403",Return 403 without the message write scope (`mensagens:escrever`),apps/api/tests/envio-sessao.test.ts:345,0,no,,,approved,codex1,D-47 retranslated
api-test-title-57aeb2b3,api,2,test-title,salva para vários atendentes de uma vez,Save permission overrides for several agents at once,apps/api/tests/permissoes-do-atendente.test.ts:300,0,no,,,approved,codex1,D-47 retranslated
api-test-title-57d07bb3,api,2,test-title,número diferente do canal é recusado,Reject a phone number that does not match the channel,apps/api/tests/canais.test.ts:409,0,no,,,approved,codex1,D-47 retranslated
api-test-title-57d49539,api,2,test-title,sem resposta_pronta.gerenciar é 403 — ter só fila.gerenciar não basta,Return 403 without `resposta_pronta.gerenciar` even with `fila.gerenciar`,apps/api/tests/cadastros-atendimento.test.ts:465,0,no,,,approved,codex1,D-47 retranslated
api-test-title-5892c6e7,api,2,test-title,"tenant sem CRM não espelha, e não é erro",Skip contact mirroring for tenants without CRM,apps/api/tests/twenty.test.ts:213,0,no,,,approved,codex1,D-47 retranslated
api-test-title-59ac5082,api,2,test-title,"fluxo de outro tenant é 404, e uuid malformado também",Return 404 for cross-tenant or malformed flow IDs,apps/api/tests/equipe-do-fluxo.test.ts:293,0,no,,,approved,codex1,D-47 retranslated
api-test-title-59b1fc0a,api,2,test-title,sem permissão é 403; de outro tenant é 404; id malformado é 404,Return 403 without permission and 404 for invalid or cross-tenant flow IDs,apps/api/tests/ciclo-de-vida-do-fluxo.test.ts:413,0,no,,,approved,codex1,D-47 retranslated
api-test-title-5b07f056,api,2,test-title,contato de outro tenant não vira escrita no CRM,Do not write another tenant's contact to the CRM,apps/api/tests/twenty.test.ts:240,0,no,,,approved,codex1,D-47 retranslated
api-test-title-5b0a712c,api,2,test-title,sem automacao.fluxo.editar é 403; fluxo de outro tenant e uuid malformado são 404,Return 403 without `automacao.fluxo.editar` and 404 for invalid or cross-tenant IDs,apps/api/tests/configuracao-do-fluxo.test.ts:195,0,no,,,approved,codex1,D-47 retranslated
api-test-title-5bb258fe,api,2,test-title,"troca o código por GET, com client_id, client_secret e code na consulta, na v26.0","Exchange the code by GET with client_id, client_secret, and code in the v26.0 query",apps/api/tests/canais.test.ts:1089,0,no,,,approved,codex1,D-47 retranslated
api-test-title-5bc0a2fe,api,2,test-title,sair da pausa para online fecha a pausa anterior — sem isso o relatório soma o minuto duas vezes,Close the previous pause when an agent returns online so reports do not double-count time,apps/api/tests/desk-acoes.test.ts:165,0,no,,,approved,codex1,D-47 retranslated
api-test-title-5be1708c,api,2,test-title,"a rota, com a permissão conferida no banco",Check import-route permission against the database,apps/api/tests/importacao.test.ts:259,0,no,,,approved,codex1,D-47 retranslated
api-test-title-5c21b608,api,2,test-title,"o limite maior (capacidade da fila) deixa puxar várias; sem ninguém na fila, a mensagem é a de fila vazia",Allow multiple pulls up to queue capacity and report an empty queue afterward,apps/api/tests/desk-acoes.test.ts:359,0,no,,,approved,codex1,D-47 retranslated
api-test-title-5c2f1bb5,api,2,test-title,CRM que devolve zero objetos não apaga o dicionário,Preserve the dictionary when the CRM returns no objects,apps/api/tests/dicionario-crm.test.ts:295,0,no,,,approved,codex1,D-47 retranslated
api-test-title-5c3b020f,api,2,test-title,entrada pelo IdP do cliente,Authenticate through the tenant identity provider,apps/api/tests/sso.test.ts:244,0,no,,,approved,codex1,D-47 retranslated
api-test-title-5ca9a086,api,2,test-title,a conversa encerrada carimba `encerrada_por = transferencia`,Mark the old conversation with `encerrada_por = transfer`,apps/api/tests/transferencia.test.ts:143,0,no,,,approved,codex1,D-47 retranslated
api-test-title-5d518154,api,2,test-title,"recusa nível não atribuível (400), condição que não é objeto (400) e nome repetido (409)","Reject an unassignable priority, invalid condition, or duplicate rule name",apps/api/tests/cadastros-atendimento.test.ts:1127,0,no,,,approved,codex1,D-47 retranslated
api-test-title-5e1cf121,api,2,test-title,token de verificação de um tenant não verifica o domínio do outro,Prevent one tenant's verification token from verifying another's domain,apps/api/tests/convites.test.ts:536,0,no,,,approved,codex1,D-47 retranslated
api-test-title-5eb7cb5c,api,2,test-title,o atendente responde pela API e a mensagem nasce pendente no outbox,Create a pending outbox message when an agent replies through the API,apps/api/tests/ponta-a-ponta.test.ts:163,0,no,,,approved,codex1,D-47 retranslated
api-test-title-5ece26ec,api,2,test-title,contato novo que chega sem o 9 é gravado na forma canônica,Normalize new inbound contacts missing the ninth mobile digit,apps/api/tests/entrada-telefone.test.ts:81,0,no,,,approved,codex1,D-47 retranslated
api-test-title-5ff34f94,api,2,test-title,"sem o cookie do desafio, volta para a tela de entrada — nunca 500",Redirect to login when the challenge cookie is missing instead of returning 500,apps/api/tests/entrada.test.ts:226,0,no,,,approved,codex1,D-47 retranslated
api-test-title-600085c4,api,2,test-title,recusa contato sem telefone e sem contato_id,Reject active messages without a contact phone or contact ID (`contato_id`),apps/api/tests/growth.test.ts:230,0,no,,,approved,codex1,D-47 retranslated
api-test-title-60a5c8d2,api,2,test-title,sem identificador e com vários números: recusa em vez de escolher o primeiro,Reject an ambiguous WABA with multiple numbers when no number ID is supplied,apps/api/tests/canais.test.ts:287,0,no,,,approved,codex1,D-47 retranslated
api-test-title-621bdca7,api,2,test-title,POST /v1/gestao/fluxos/:id/builder/publicar,Publish Builder versions through POST /v1/management/flows/:id/builder/publish,apps/api/tests/builder-por-fluxo.test.ts:436,0,no,,,approved,codex1,D-47 retranslated
api-test-title-623f600b,api,2,test-title,sem sessão é 401,Return 401 for Desk actions without a session,apps/api/tests/desk-acoes.test.ts:137,0,no,,,approved,codex1,D-47 retranslated
api-test-title-625ae0a8,api,2,test-title,"desligada por padrão, sem mensagem nem texto de botão",Start with the welcome message disabled and no message or button text,apps/api/tests/configuracao-do-fluxo.test.ts:135,0,no,,,approved,codex1,D-47 retranslated
api-test-title-6268998c,api,2,test-title,"separa pelos mesmos caracteres da origem: pontuação corta, hífen não",Split banned-word matches at punctuation and hyphens,apps/api/tests/palavras-proibidas.test.ts:218,0,no,,,approved,codex1,D-47 retranslated
api-test-title-63026885,api,2,test-title,recusa (409) sobreposição com outra faixa do mesmo dia,Return 409 for overlapping schedule ranges on the same day,apps/api/tests/cadastros-atendimento.test.ts:958,0,no,,,approved,codex1,D-47 retranslated
api-test-title-63268933,api,2,test-title,telefone único no tenant: recusa repetir o de outro contato,Reject a phone number already used by another contact in the tenant,apps/api/tests/contatos-editar.test.ts:187,0,no,,,approved,codex1,D-47 retranslated
api-test-title-6356f230,api,2,test-title,"monta corpo com recomendação de segurança, rodapé com validade e botão de copiar; a cópia local tem {{1}}","Build authentication templates with security advice, expiry footer, copy button, and local {{1}}",apps/api/tests/canais.test.ts:804,0,no,,,approved,codex1,D-47 retranslated
api-test-title-63833a8f,api,2,test-title,nono dígito na entrada,Match inbound phone numbers across Brazilian ninth-digit variants,apps/api/tests/entrada-telefone.test.ts:59,0,no,,,approved,codex1,D-47 retranslated
api-test-title-63ab7d63,api,2,test-title,"procura pelo pipeContatoId antes de criar, e adota o órfão que achar",Find a contact by pipeContatoId before creating it and adopt an orphan match,apps/api/tests/twenty.test.ts:123,0,no,,,approved,codex1,D-47 retranslated
api-test-title-63b14809,api,2,test-title,a cerca do guarda (conferirFluxoDaChave + fluxoDaRota),Enforce the flow-key boundary using the key flow and matched route,apps/api/tests/chave-de-fluxo.test.ts:153,0,no,,,approved,codex1,D-47 retranslated
api-test-title-63cf4f20,api,2,test-title,"membro de outro fluxo, ou inexistente, é 404",Return 404 for absent members or members of another flow,apps/api/tests/equipe-do-fluxo.test.ts:319,0,no,,,approved,codex1,D-47 retranslated
api-test-title-63d94a27,api,2,test-title,"sem o TXT, não verifica — e o erro diz o que publicar",Leave a domain unverified without its TXT record and explain what to publish,apps/api/tests/convites.test.ts:516,0,no,,,approved,codex1,D-47 retranslated
api-test-title-63f5e971,api,2,test-title,exclui de verdade (204),Delete a schedule exception with 204,apps/api/tests/cadastros-atendimento.test.ts:1087,0,no,,,approved,codex1,D-47 retranslated
api-test-title-64c6d89d,api,2,test-title,ignora echo e aplica Começar e menu persistente no perfil da Página,Ignore echoes and apply Get Started and persistent-menu settings to the Page,apps/api/tests/messenger.test.ts:135,0,no,,,approved,codex1,D-47 retranslated
api-test-title-6503b92f,api,2,test-title,"fluxoDaRota lê o PADRÃO da rota: `:id` depois de /fluxos/, `:fluxoId` em qualquer lugar, e nada fora disso",Read `:id` after /fluxos/ or `:flowId` elsewhere without matching unrelated routes,apps/api/tests/chave-de-fluxo.test.ts:189,0,no,,,approved,codex1,D-47 retranslated
api-test-title-6566570f,api,2,test-title,OAuth 2.0 client_credentials: busca o token na URL de autorização e usa Bearer,Fetch an OAuth client_credentials token and use it as a Bearer token,apps/api/tests/integracoes.test.ts:559,0,no,,,approved,codex1,D-47 retranslated
api-test-title-6571522e,api,2,test-title,"autenticação básica: senha cifrada no banco, nunca devolvida, vira Authorization: Basic no teste",Encrypt Basic-auth passwords and use them without returning them,apps/api/tests/integracoes.test.ts:504,0,no,,,approved,codex1,D-47 retranslated
api-test-title-65803a71,api,2,test-title,subir anexo,Upload attachments and return signed links,apps/api/tests/anexos.test.ts:67,0,no,,,approved,codex1,D-47 retranslated
api-test-title-6583d0dd,api,2,test-title,regra que casa define a prioridade da conversa nova,Set a new conversation's priority from a matching rule,apps/api/tests/prioridade.test.ts:149,0,no,,,approved,codex1,D-47 retranslated
api-test-title-65eeace9,api,2,test-title,"sem atendente nenhum é recusa de requisição, não lista vazia",Reject a permission request with no agents rather than returning an empty list,apps/api/tests/permissoes-do-atendente.test.ts:231,0,no,,,approved,codex1,D-47 retranslated
api-test-title-6609acfd,api,2,test-title,DELETE /v1/gestao/atendentes/filas/:id,Delete and audit a queue through DELETE /v1/management/agents/queues/:id,apps/api/tests/cadastros-atendimento.test.ts:273,0,no,,,approved,codex1,D-47 retranslated
api-test-title-663e365a,api,2,test-title,POST /v1/gestao/fluxos/:id/equipe,Add a flow member through POST /v1/management/flows/:id/team,apps/api/tests/equipe-do-fluxo.test.ts:197,0,no,,,approved,codex1,D-47 retranslated
api-test-title-66704bd1,api,2,test-title,"dispara para os e-mails configurados no canal, um por modelo recategorizado",Send one alert per recategorized template to channel-configured emails,apps/api/tests/email.test.ts:275,0,no,,,approved,codex1,D-47 retranslated
api-test-title-66fa09c3,api,2,test-title,"sem automacao.fluxo.editar, salvar é 403 e nada é gravado",Do not save a draft without `automacao.fluxo.editar`,apps/api/tests/builder-por-fluxo.test.ts:427,0,no,,,approved,codex1,D-47 retranslated
api-test-title-67385223,api,2,test-title,inscrição,Confirm requested topic subscriptions,apps/api/tests/tempo-real.test.ts:150,18,no,,,approved,codex1,D-47 retranslated
api-test-title-67c0b5f4,api,2,test-title,"fluxo novo abre com o fluxo padrão — publicável, e sem nada gravado",Open a new flow with a publishable default and no saved draft,apps/api/tests/builder-por-fluxo.test.ts:299,0,no,,,approved,codex1,D-47 retranslated
api-test-title-67c1cdf2,api,2,test-title,guarda o desafio em cookie curto e manda para o Google com PKCE,Store a short-lived challenge cookie and redirect to Google with PKCE,apps/api/tests/entrada.test.ts:189,0,no,,,approved,codex1,D-47 retranslated
api-test-title-6807de6e,api,2,test-title,número não verificado: registra com PIN de 6 dígitos e guarda o PIN cifrado,Register an unverified number with a six-digit PIN and store the PIN encrypted,apps/api/tests/canais.test.ts:319,0,no,,,approved,codex1,D-47 retranslated
api-test-title-682cf884,api,2,test-title,escopo fora do suportado (inbox/equipe/etiqueta) é 400,Return 400 for unsupported priority-rule scopes,apps/api/tests/cadastros-atendimento.test.ts:1143,0,no,,,approved,codex1,D-47 retranslated
api-test-title-6833fef7,api,2,test-title,"edita o corpo e a categoria, e alterna ativa/desativada",Edit a saved response's body and category and toggle its active state,apps/api/tests/cadastros-atendimento.test.ts:473,0,no,,,approved,codex1,D-47 retranslated
api-test-title-685a785a,api,2,test-title,com politica=opcional os dois caminhos valem — é o que permite migrar,Allow both Google and SSO login under the optional policy,apps/api/tests/sso.test.ts:323,0,no,,,approved,codex1,D-47 retranslated
api-test-title-694094d7,api,2,test-title,avaliarPrioridade — primeira que casa vence (sem banco),Choose the first matching priority rule,apps/api/tests/prioridade.test.ts:44,0,no,,,approved,codex1,D-47 retranslated
api-test-title-696c0080,api,2,test-title,atendentes na fila (vincular/desvincular),Assign and unassign agents from a queue,apps/api/tests/cadastros-atendimento.test.ts:355,0,no,,,approved,codex1,D-47 retranslated
api-test-title-69747ad8,api,2,test-title,"apaga o callback, solta o número, desassina a WABA do último canal e NÃO apaga a conversa","Remove the callback, release the number, unsubscribe the last WABA channel, and keep conversations",apps/api/tests/canais.test.ts:1006,0,no,,,approved,codex1,D-47 retranslated
api-test-title-698c635e,api,2,test-title,reentrega do mesmo evento não duplica a mensagem,Do not duplicate a message when Meta redelivers the same event,apps/api/tests/ponta-a-ponta.test.ts:151,0,no,,,approved,codex1,D-47 retranslated
api-test-title-69d82937,api,2,test-title,"token inexistente é 404, e não conta que existe convite parecido",Return 404 for an unknown token without revealing similar invitations,apps/api/tests/convites.test.ts:270,0,no,,,approved,codex1,D-47 retranslated
api-test-title-6a1177e1,api,2,test-title,"com a conta do Google em mãos, liga a identidade externa e abre a sessão",Link a Google identity and open a session when accepting an invitation,apps/api/tests/convites.test.ts:356,0,no,,,approved,codex1,D-47 retranslated
api-test-title-6a51631e,api,2,test-title,"cada mudança deixa registro em log_auditoria, e sem o segredo",Audit every SSO configuration change without logging the secret (`log_auditoria`),apps/api/tests/sso.test.ts:191,0,no,,,approved,codex1,D-47 retranslated
api-test-title-6aa3e984,api,2,test-title,transferir para fila,Transfer a conversation to a queue,apps/api/tests/transferencia.test.ts:125,0,no,,,approved,codex1,D-47 retranslated
api-test-title-6aab3c31,api,2,test-title,reentrega da mesma mensagem não duplica a resposta do bot,Do not duplicate bot replies when the same message is redelivered,apps/api/tests/fluxo.test.ts:244,0,no,,,approved,codex1,D-47 retranslated
api-test-title-6af6aaab,api,2,test-title,"formato da pergunta segue a régua da origem: até 3 botões, até 10 lista, senão texto","Choose buttons for up to three options, a list for up to ten, and text otherwise",apps/api/tests/canais.test.ts:939,0,no,,,approved,codex1,D-47 retranslated
api-test-title-6b17bacb,api,2,test-title,"a primeira interação cai no principal, que não expira",Start a router conversation in the nonexpiring primary service,apps/api/tests/roteador.test.ts:541,0,no,,,approved,codex1,D-47 retranslated
api-test-title-6b2ad67d,api,2,test-title,liga o que o papel não dá e grava a exceção,Grant an agent permission absent from the role and store the override,apps/api/tests/permissoes-do-atendente.test.ts:240,0,no,,,approved,codex1,D-47 retranslated
api-test-title-6b5b5482,api,2,test-title,vídeo e documento vão com o formato certo (VIDEO/DOCUMENT) e a cópia local sabe o tipo,Send VIDEO and DOCUMENT templates with their correct types and store those types locally,apps/api/tests/canais.test.ts:721,0,no,,,approved,codex1,D-47 retranslated
api-test-title-6b820317,api,2,test-title,"ativa/desativa e edita ""conta como produtivo""",Toggle a pause reason and edit whether it counts as productive time,apps/api/tests/cadastros-atendimento.test.ts:555,0,no,,,approved,codex1,D-47 retranslated
api-test-title-6c1a4265,api,2,test-title,"a legenda do anexo passa pelo mesmo filtro; mensagem do sistema (chave de API, sem atendente) não",Filter attachment captions while allowing system messages from API keys,apps/api/tests/palavras-proibidas.test.ts:438,0,no,,,approved,codex1,D-47 retranslated
api-test-title-6d96867c,api,2,test-title,GET /v1/gestao/historico,Default GET /v1/management/history to the last 30 days including today,apps/api/tests/historico.test.ts:47,0,no,,,approved,codex1,D-47 retranslated
api-test-title-6dc301df,api,2,test-title,não exige autenticação,Allow unauthenticated health checks,apps/api/tests/entrada.test.ts:305,0,no,,,approved,codex1,D-47 retranslated
api-test-title-6e00a4c2,api,2,test-title,membro de outro tenant não é achado,Do not find a member belonging to another tenant,apps/api/tests/contrato.test.ts:283,0,no,,,approved,codex1,D-47 retranslated
api-test-title-6e3b3677,api,2,test-title,cria com segredo mostrado só uma vez; recusa SSRF e evento fora do catálogo,Show a webhook secret once and reject SSRF targets or unsupported events,apps/api/tests/integracoes.test.ts:351,0,no,,,approved,codex1,D-47 retranslated
api-test-title-6e6a966d,api,2,test-title,"marca agregável só número e moeda, e tira o vetor de busca da consulta",Mark only number and currency fields as aggregatable and exclude search vectors from queries,apps/api/tests/dicionario-crm.test.ts:212,0,no,,,approved,codex1,D-47 retranslated
api-test-title-6e7db7c9,api,2,test-title,"puxa a conversa mais antiga da fila do atendente, atribui e registra o evento",Assign the oldest waiting conversation to the agent and record the event,apps/api/tests/desk-acoes.test.ts:264,0,no,,,approved,codex1,D-47 retranslated
api-test-title-6f13b060,api,2,test-title,sessão de usuário desativado não entra,Reject sessions belonging to disabled users,apps/api/tests/entrada.test.ts:153,0,no,,,approved,codex1,D-47 retranslated
api-test-title-6fbe2fac,api,2,test-title,cabeçalho de imagem: sobe o arquivo no app do canal e manda o handle em header_handle,Upload an image header through the channel app and send its handle in header_handle,apps/api/tests/canais.test.ts:684,0,no,,,approved,codex1,D-47 retranslated
api-test-title-6ff98a21,api,2,test-title,recusa conversa já encerrada,Reject transfer of an already closed conversation,apps/api/tests/transferencia.test.ts:262,0,no,,,approved,codex1,D-47 retranslated
api-test-title-70b0a9ba,api,2,test-title,PATCH /v1/contatos/:id,Edit and audit contacts through PATCH /v1/contacts/:id,apps/api/tests/contatos-editar.test.ts:144,0,no,,,approved,codex1,D-47 retranslated
api-test-title-71509e2a,api,2,test-title,"com dois atendentes, o que um tem e o outro não vem como parcial",Show a permission as partial when selected agents differ,apps/api/tests/permissoes-do-atendente.test.ts:218,0,no,,,approved,codex1,D-47 retranslated
api-test-title-7163b1cd,api,2,test-title,"tipo ou tamanho errado recusa com a frase da tela, ANTES de subir e de chamar a Meta",Reject unsupported media type or size before uploading or calling Meta,apps/api/tests/canais.test.ts:749,0,no,,,approved,codex1,D-47 retranslated
api-test-title-72444071,api,2,test-title,"edita nível e condição, e registra só o que mudou",Edit a priority rule's level and condition and audit only changes,apps/api/tests/cadastros-atendimento.test.ts:1152,0,no,,,approved,codex1,D-47 retranslated
api-test-title-725dd0da,api,2,test-title,sem tenant.configurar é 403; sem sessão é 401,Return 403 without `tenant.configurar` and 401 without a session,apps/api/tests/palavras-proibidas.test.ts:257,0,no,,,approved,codex1,D-47 retranslated
api-test-title-72b60b3b,api,2,test-title,Webhook de saída — autenticação e cabeçalhos (migration 0036),Authenticate outgoing webhooks and attach custom headers,apps/api/tests/integracoes.test.ts:499,0,no,,,approved,codex1,D-47 retranslated
api-test-title-7362566a,api,2,test-title,"a mesma conta não entra em outro cliente, nem duas vezes no mesmo",Prevent the same Instagram account from connecting twice or across tenants,apps/api/tests/instagram.test.ts:165,0,no,,,approved,codex1,D-47 retranslated
api-test-title-738d23f0,api,2,test-title,validação de telefone,Validate Brazilian phone numbers,apps/api/tests/mensagens-ativas.test.ts:74,0,no,,,approved,codex1,D-47 retranslated
api-test-title-74295893,api,2,test-title,"escopo de fila vence o de tenant, mesmo cadastrado depois",Prefer queue-scoped priority rules over tenant-scoped rules regardless of creation order,apps/api/tests/prioridade.test.ts:45,0,no,,,approved,codex1,D-47 retranslated
api-test-title-745c9b00,api,2,test-title,devolve a URL de retorno para o cliente colar no IdP dele,Return the callback URL for configuration in the tenant identity provider,apps/api/tests/sso.test.ts:124,0,no,,D-13,approved,sonnet,D-47 retranslated
api-test-title-7538196d,api,2,test-title,"não deixa sair o ÚLTIMO administrador do fluxo, nem rebaixá-lo",Prevent the last flow admin from leaving or being demoted,apps/api/tests/equipe-do-fluxo.test.ts:325,0,no,,,approved,codex1,D-47 retranslated
api-test-title-75a6e4f9,api,2,test-title,"a exceção vale de verdade: desligar tira o acesso da rota, religar devolve",Apply agent permission overrides to routes immediately,apps/api/tests/permissoes-do-atendente.test.ts:273,0,no,,,approved,codex1,D-47 retranslated
api-test-title-76f424f0,api,2,test-title,"parte o telefone brasileiro em número, DDI e país","Split Brazilian phone numbers into national number, calling code, and country",apps/api/tests/twenty.test.ts:61,0,no,,,approved,codex1,D-47 retranslated
api-test-title-78205d5a,api,2,test-title,recusa termo vazio (400) e termo repetido sem acento e sem caixa (409),Reject empty banned terms and accent- or case-insensitive duplicates,apps/api/tests/palavras-proibidas.test.ts:245,0,no,,,approved,codex1,D-47 retranslated
api-test-title-7831a023,api,2,test-title,reaproveita o contato existente em vez de duplicar,Reuse an existing contact instead of creating a duplicate,apps/api/tests/mensagens-ativas.test.ts:167,0,no,,,approved,codex1,D-47 retranslated
api-test-title-78337872,api,2,test-title,GET /saude com o banco fora,Return 503 from GET `/saude` and identify the unavailable database,apps/api/tests/saude.test.ts:33,0,no,,,approved,codex1,D-47 retranslated
api-test-title-7853959a,api,2,test-title,recusa nome vazio,Reject an empty tracked-link name,apps/api/tests/growth.test.ts:91,0,no,,,approved,codex1,D-47 retranslated
api-test-title-785a2724,api,2,test-title,limpa o erro da mensagem e NÃO carimba entrega,Clear the message error on retry without marking it delivered,apps/api/tests/envio-sessao.test.ts:244,0,no,,,approved,codex1,D-47 retranslated
api-test-title-78ac9950,api,2,test-title,NUNCA entrega evento de outro tenant,Never deliver another tenant's events,apps/api/tests/tempo-real.test.ts:218,0,no,,,approved,codex1,D-47 retranslated
api-test-title-798cc881,api,2,test-title,papel que não existe no tenant é recusado antes de gravar,Reject a role absent from the tenant before saving an invitation,apps/api/tests/convites.test.ts:180,0,no,,,approved,codex1,D-47 retranslated
api-test-title-79d00868,api,2,test-title,"é recusada em rota que não é por fluxo, com 403 e mensagem clara — a chave de conta continua passando",Return 403 for flow keys on nonflow routes while allowing account keys,apps/api/tests/chave-de-fluxo.test.ts:207,0,no,,,approved,codex1,D-47 retranslated
api-test-title-79d10c32,api,2,test-title,PATCH /v1/gestao/atendentes/permissoes,Edit agent permissions through PATCH /v1/management/agents/permissions,apps/api/tests/permissoes-do-atendente.test.ts:239,0,no,,,approved,codex1,D-47 retranslated
api-test-title-79d1d78c,api,2,test-title,"convite vencido é 410, com o motivo — quem tem o link merece saber",Return 410 with the reason for an expired invitation,apps/api/tests/convites.test.ts:275,0,no,,,approved,codex1,D-47 retranslated
api-test-title-7a16683f,api,2,test-title,só quem tem automacao.fluxo.excluir exclui — editar não basta,Require `automacao.fluxo.excluir` to archive a flow even when the user can edit,apps/api/tests/ciclo-de-vida-do-fluxo.test.ts:431,0,no,,,approved,codex1,D-47 retranslated
api-test-title-7a2b77d1,api,2,test-title,"Messenger com banco, webhook e worker","Exercise Messenger with the database, webhook, and worker",apps/api/tests/messenger.test.ts:46,0,no,,,approved,codex1,D-47 retranslated
api-test-title-7ae2ed6d,api,2,test-title,"liga o canal ao bot, registra no log, e o GET do contato passa a dizer tipo, nome e número","Connect a channel to a bot, audit it, and include channel details in contact GET",apps/api/tests/canal-do-fluxo.test.ts:188,0,no,,,approved,codex1,D-47 retranslated
api-test-title-7aebaa10,api,2,test-title,regra cadastrada mas que NÃO casa mantém sem_prioridade,Keep no priority when a registered rule does not match (`sem_prioridade`),apps/api/tests/prioridade.test.ts:158,0,no,,,approved,codex1,D-47 retranslated
api-test-title-7b0beef7,api,2,test-title,"sem a permissão conta.membros.escrever, 403 — sessão viva não basta",Return 403 without `conta.membros.escrever` even with an active session,apps/api/tests/convites.test.ts:221,0,no,,,approved,codex1,D-47 retranslated
api-test-title-7b380c98,api,2,test-title,"humano ganha no meio do fluxo: com atendente, o bot não responde mais",Stop bot replies when a human agent takes over mid-flow,apps/api/tests/fluxo.test.ts:256,0,no,,,approved,codex1,D-47 retranslated
api-test-title-7b888db1,api,2,test-title,"o mesmo telefone em outro cliente é outro contato, e o do primeiro não muda",Keep the same phone number as separate contacts across tenants,apps/api/tests/importacao.test.ts:230,0,no,,,approved,codex1,D-47 retranslated
api-test-title-7bde881e,api,2,test-title,GET/POST/DELETE /v1/contatos/:id/etiquetas — o contato,Manage contact labels through GET/POST/DELETE /v1/contacts/:id/labels,apps/api/tests/etiquetas.test.ts:327,0,no,,,approved,codex1,D-47 retranslated
api-test-title-7c73bc99,api,2,test-title,sem fila.gerenciar é 403; de outro tenant é 404,Return 403 without `fila.gerenciar` and 404 for another tenant's queue,apps/api/tests/cadastros-atendimento.test.ts:338,0,no,,,approved,codex1,D-47 retranslated
api-test-title-7cce340a,api,2,test-title,aprovação e recategorização chegam sozinhas; modelo desconhecido é ignorado,Apply template approval and recategorization webhooks and ignore unknown templates,apps/api/tests/canais.test.ts:957,0,no,,,approved,codex1,D-47 retranslated
api-test-title-7e02d85d,api,2,test-title,"nasce com os dois interruptores ligados, grava só o que veio e aceita e-mails por vírgula","Default both switches on, update only supplied preferences, and parse comma-separated emails",apps/api/tests/canais.test.ts:908,0,no,,,approved,codex1,D-47 retranslated
api-test-title-7e23e0c5,api,2,test-title,reimportar o mesmo arquivo não cria ninguém de novo,Reimport the same CSV without creating duplicate contacts,apps/api/tests/importacao.test.ts:166,0,no,,,approved,codex1,D-47 retranslated
api-test-title-7eaee677,api,2,test-title,"state inválido — ausente, forjado, de outra sessão ou vencido — nada chega à Meta","Reject missing, forged, cross-session, or expired state before calling Meta",apps/api/tests/canais.test.ts:174,0,no,,,approved,codex1,D-47 retranslated
api-test-title-7ec69c80,api,2,test-title,recusa (409) fila com conversa em aberto,Return 409 when deleting a queue with an open conversation,apps/api/tests/cadastros-atendimento.test.ts:291,0,no,,,approved,codex1,D-47 retranslated
api-test-title-7ed26b34,api,2,test-title,encerrar conversa,Close conversations and record their events,apps/api/tests/conversa-eventos.test.ts:107,0,no,,,approved,codex1,D-47 retranslated
api-test-title-7efdbeda,api,2,test-title,a permissão de gerir a equipe,Require permission to manage the flow team,apps/api/tests/equipe-do-fluxo.test.ts:260,0,no,,,approved,codex1,D-47 retranslated
api-test-title-7f5f4c2c,api,2,test-title,Rastreador de cliques — redirecionamento público e contagem,Redirect public tracked links and count clicks,apps/api/tests/growth.test.ts:142,0,no,,,approved,codex1,D-47 retranslated
api-test-title-8035a1b8,api,2,test-title,"tenant sem CRM é pulado sem chamar ninguém, e não é erro",Skip tenants without a CRM without calling the provider or failing,apps/api/tests/dicionario-crm.test.ts:286,0,no,,,approved,codex1,D-47 retranslated
api-test-title-81018c3b,api,2,test-title,exclui de verdade (204) e registra no log,Delete a queue with 204 and record the action in the audit log,apps/api/tests/cadastros-atendimento.test.ts:274,0,no,,,approved,codex1,D-47 retranslated
api-test-title-81d72247,api,2,test-title,"não ativa sem teste verde — ""salvei e liguei"" manda todo mundo para um IdP mudo",Prevent SSO activation until a successful test,apps/api/tests/sso.test.ts:154,0,no,,,approved,codex1,D-47 retranslated
api-test-title-8244ab21,api,2,test-title,sem conta.membros.ler é 403 para listar,Return 403 when listing certificates without conta.membros.ler,apps/api/tests/contrato.test.ts:547,0,no,,,approved,codex1,"fixed: leftover PT token (dictionary gap: ler/texto/como/resultado/servir), gate 2 dry-run sweep; D-47 retranslated"
api-test-title-82ff8af4,api,2,test-title,sem inscrição não chega evento nenhum,Deliver no events before a subscription,apps/api/tests/tempo-real.test.ts:181,0,no,,,approved,codex1,D-47 retranslated
api-test-title-834b74d9,api,2,test-title,recusa e-mail de domínio que não é do tenant que iniciou o fluxo,Reject login from an email domain outside the initiating tenant,apps/api/tests/sso.test.ts:273,0,no,,,approved,codex1,D-47 retranslated
api-test-title-838a6652,api,2,test-title,sem contato.editar é 403; contato de outro tenant e uuid malformado são 404,Return 403 without `contato.editar` and 404 for cross-tenant or malformed IDs,apps/api/tests/contatos-editar.test.ts:208,0,no,,,approved,codex1,D-47 retranslated
api-test-title-83c4dda2,api,2,test-title,sem fila.gerenciar é 403; sem sessão é 401,Return 403 without `fila.gerenciar` and 401 without a session,apps/api/tests/cadastros-atendimento.test.ts:200,0,no,,,approved,codex1,D-47 retranslated
api-test-title-83d66aa8,api,2,test-title,"janela de 24 h fechada: nada sai, com o mesmo 409 do envio simples",Return 409 without sending attachments after the 24-hour window closes,apps/api/tests/anexos-multiplos.test.ts:231,0,no,,,approved,codex1,D-47 retranslated
api-test-title-8414ce7c,api,2,test-title,canal desativado recusa o disparo,Reject active-message sends through a disabled channel,apps/api/tests/growth.test.ts:245,0,no,,,approved,codex1,D-47 retranslated
api-test-title-84393ea4,api,2,test-title,recusa (409) excluir regra com SLA correndo em conversa aberta,Return 409 when deleting an SLA rule active on an open conversation,apps/api/tests/cadastros-atendimento.test.ts:864,0,no,,,approved,codex1,D-47 retranslated
api-test-title-84699928,api,2,test-title,Chaves de acesso do fluxo,Manage flow access keys,apps/api/tests/integracoes.test.ts:152,0,no,,,approved,codex1,D-47 retranslated
api-test-title-84814fb7,api,2,test-title,estado e política são dois botões,Control SSO connection state separately from login policy,apps/api/tests/sso.test.ts:153,0,no,,,approved,codex1,D-47 retranslated
api-test-title-84c6f05e,api,2,test-title,destino absoluto é descartado: redirecionamento aberto é phishing com o nosso domínio,Discard absolute redirect destinations to prevent phishing,apps/api/tests/entrada.test.ts:216,0,no,,,approved,codex1,D-47 retranslated
api-test-title-852dbef4,api,2,test-title,convite vencido não cria ninguém,Create no user from an expired invitation,apps/api/tests/convites.test.ts:326,0,no,,,approved,codex1,D-47 retranslated
api-test-title-8564cb6c,api,2,test-title,"sem a permissão `conversa.transferir`, não transfere conversa de outro",Require `conversa.transferir` to transfer another agent's conversation,apps/api/tests/transferencia.test.ts:268,0,no,,,approved,codex1,D-47 retranslated
api-test-title-85e23b7a,api,2,test-title,"cookie corrompido também vira recusa, não erro interno",Treat a corrupt challenge cookie as a login refusal,apps/api/tests/entrada.test.ts:236,0,no,,,approved,codex1,D-47 retranslated
api-test-title-866c944a,api,2,test-title,domínio verificado com SSO ativo vai para o IdP da empresa,Route verified domains with active SSO to the tenant identity provider,apps/api/tests/sso.test.ts:210,0,no,,,approved,codex1,D-47 retranslated
api-test-title-871b1845,api,2,test-title,"por chave: `contatos:escrever` aplica, `contatos:ler` lista, chave sem escopo não",Allow API keys with `contatos:escrever` to apply labels and `contatos:ler` to list them; reject missing scopes,apps/api/tests/etiquetas.test.ts:398,0,no,,,approved,codex1,"fixed: leftover PT token (dictionary gap: ler/texto/como/resultado/servir), gate 2 dry-run sweep; D-47 retranslated"
api-test-title-8753ff2a,api,2,test-title,"lista todas sem filtro, e só as que cabem no alvo com `?escopo=`",List all labels without a filter and only matching labels with `?scope=`,apps/api/tests/etiquetas.test.ts:164,0,no,,,approved,codex1,D-47 retranslated
api-test-title-877c08e4,api,2,test-title,"lê pela /metadata, pagina até o fim e traz os campos de cada objeto",Read `/metadata` through every page and fetch each object's fields,apps/api/tests/dicionario-crm.test.ts:94,0,no,,,approved,codex1,D-47 retranslated
api-test-title-87c99d28,api,2,test-title,caminho inteiro com o dublê,Run the full webhook-to-delivery flow with a Meta stub,apps/api/tests/ponta-a-ponta.test.ts:108,0,no,,,approved,codex1,D-47 retranslated
api-test-title-87e588d5,api,2,test-title,já vale nas rotas do contato: quem só é membro edita as configurações básicas,Allow flow-only members to edit basic flow settings,apps/api/tests/equipe-do-fluxo.test.ts:385,0,no,,,approved,codex1,D-47 retranslated
api-test-title-8843f77c,api,2,test-title,"a linha da chave carrega o fluxo, e é dele que a cerca vem",Bind the access key row to its flow for authorization,apps/api/tests/chave-de-fluxo.test.ts:259,0,no,,,approved,codex1,D-47 retranslated
api-test-title-884d8c67,api,2,test-title,DELETE /v1/gestao/fluxos/:id/canal,Disconnect a bot from its channel through DELETE /v1/management/flows/:id/channel,apps/api/tests/canal-do-fluxo.test.ts:318,0,no,,,approved,codex1,D-47 retranslated
api-test-title-88b3e3f3,api,2,test-title,"chave de API com o escopo certo entra; sem ele, 403",Allow API keys with the required scope and return 403 without it,apps/api/tests/growth.test.ts:267,0,no,,,approved,codex1,D-47 retranslated
api-test-title-88e72911,api,2,test-title,exige exatamente um destino,Require exactly one transfer destination,apps/api/tests/transferencia.test.ts:241,0,no,,,approved,codex1,D-47 retranslated
api-test-title-89125eef,api,2,test-title,"sem nenhuma regra casando, devolve null — não muda o padrão sem_prioridade",Return null when no priority rule matches (`sem_prioridade`),apps/api/tests/prioridade.test.ts:90,0,no,,,approved,codex1,D-47 retranslated
api-test-title-892d8d3c,api,2,test-title,ativar/desativar registra a ação certa; excluir apaga a linha de verdade,Audit webhook activation and deletion and remove deleted rows,apps/api/tests/integracoes.test.ts:392,0,no,,,approved,codex1,D-47 retranslated
api-test-title-8989d5b5,api,2,test-title,Jornada dos contatos,Trace contact journeys through analytics,apps/api/tests/analise.test.ts:229,0,no,,,approved,codex1,D-47 retranslated
api-test-title-89a8578a,api,2,test-title,"modelos de mensagem na Meta (sincronizar, criar, excluir)","Synchronize, create, and delete Meta message templates",apps/api/tests/canais.test.ts:569,0,no,,,approved,codex1,D-47 retranslated
api-test-title-8b98e396,api,2,test-title,não pede cookie nem chave — a Meta baixa a mídia sem credencial nossa,Allow Meta to download signed media links without our cookie or API key,apps/api/tests/anexos.test.ts:157,0,no,,,approved,codex1,D-47 retranslated
api-test-title-8c7b6937,api,2,test-title,cria quando não existe espelho nenhum,Create a CRM contact when no mirror exists,apps/api/tests/twenty.test.ts:136,0,no,,,approved,codex1,D-47 retranslated
api-test-title-8ce17e84,api,2,test-title,"por chave de API com `conversas:escrever`, sem exigir dono; sem o escopo, 403",Allow API keys with `conversas:escrever` to label any conversation and return 403 without that scope,apps/api/tests/etiquetas.test.ts:306,0,no,,,approved,codex1,D-47 retranslated
api-test-title-8d0be485,api,2,test-title,anexo de um tenant é invisível para o outro — a RLS barra antes do download,Hide one tenant's attachment from another before download,apps/api/tests/midia-recebida.test.ts:349,0,no,,,approved,codex1,D-47 retranslated
api-test-title-8d6dbbe8,api,2,test-title,resposta sem access_token é erro,Reject a code exchange response without access_token,apps/api/tests/canais.test.ts:244,0,no,,,approved,codex1,D-47 retranslated
api-test-title-8d8bcacf,api,2,test-title,"atender — o limite de vagas, como na distribuição automática",Enforce the agent's available-slot limit when pulling from a queue,apps/api/tests/desk-acoes.test.ts:296,0,no,,,approved,codex1,D-47 retranslated
api-test-title-8ea821fc,api,2,test-title,"regra de escopo fila vence a de escopo tenant, no MESMO alvo",Prefer queue-scoped SLA rules over tenant-scoped rules for the same target,apps/api/tests/sla-motor.test.ts:145,0,no,,,approved,codex1,D-47 retranslated
api-test-title-8f0ded14,api,2,test-title,arquivo que não é .pfx e senha ausente são 400,Return 400 for a non-.pfx file or missing password,apps/api/tests/contrato.test.ts:413,0,no,,,approved,codex1,D-47 retranslated
api-test-title-8f17d891,api,2,test-title,o cliente real nunca põe token nem segredo na mensagem de erro,Keep customer tokens and secrets out of Graph client error messages,apps/api/tests/instagram.test.ts:176,0,no,,,approved,codex1,D-47 retranslated
api-test-title-8f2108ba,api,2,test-title,POST /v1/gestao/contrato/membros/papel,Change a member's role through POST /v1/management/contract/members/role,apps/api/tests/contrato.test.ts:264,0,no,,,approved,codex1,D-47 retranslated
api-test-title-8f8ab247,api,2,test-title,"o canal nasce já ligado ao bot, com a permissão do bot",Create a channel already linked to the bot under the bot's permission,apps/api/tests/canal-do-fluxo.test.ts:345,0,no,,,approved,codex1,D-47 retranslated
api-test-title-8feb616a,api,2,test-title,"recusa sem token, sem segredo, segredo fora do formato, token inválido e segredo de outro app",Reject missing or invalid tokens and App Secrets from the wrong app,apps/api/tests/instagram.test.ts:122,0,no,,,approved,codex1,D-47 retranslated
api-test-title-90b04be1,api,2,test-title,"lista vazia = quem gerencia canal no tenant, como diz a tela da origem",Send alerts to tenant channel managers when the recipient list is empty,apps/api/tests/email.test.ts:312,0,no,,,approved,codex1,D-47 retranslated
api-test-title-910b97ae,api,2,test-title,Webhook de saída (Integrações),Send outgoing webhooks for integrations,apps/api/tests/integracoes.test.ts:346,0,no,,,approved,codex1,D-47 retranslated
api-test-title-91292982,api,2,test-title,atendente não importa: 403 sem_permissao,Return 403 when an agent imports contacts without permission (`sem_permissao`),apps/api/tests/importacao.test.ts:264,0,no,,,approved,codex1,D-47 retranslated
api-test-title-916a6b66,api,2,test-title,sem conta.membros.escrever é 403,Return 403 when inviting without `conta.membros.escrever`,apps/api/tests/contrato.test.ts:242,0,no,,,approved,codex1,D-47 retranslated
api-test-title-918d835b,api,2,test-title,transferir para atendente,Transfer a conversation to an agent,apps/api/tests/transferencia.test.ts:214,0,no,,,approved,codex1,D-47 retranslated
api-test-title-91c1091e,api,2,test-title,"fora do período, sem execução, devolve o diagrama vazio",Return an empty journey diagram when no execution falls within the period,apps/api/tests/analise.test.ts:244,0,no,,,approved,codex1,D-47 retranslated
api-test-title-91fc5b36,api,2,test-title,login sem convite continua sem o campo — nada muda para quem entra por domínio,Omit the invitation field from ordinary domain login challenges,apps/api/tests/convites.test.ts:406,0,no,,,approved,codex1,D-47 retranslated
api-test-title-9267feb4,api,2,test-title,"lista as mensagens do fluxo, mais recente primeiro",List flow messages newest first,apps/api/tests/analise.test.ts:256,0,no,,,approved,codex1,D-47 retranslated
api-test-title-931e629b,api,2,test-title,"soma ativos, engajados e mensagens do período","Count active contacts, engaged contacts, and messages in the period",apps/api/tests/analise.test.ts:213,0,no,,,approved,codex1,D-47 retranslated
api-test-title-93389746,api,2,test-title,perfil do número (GET/PATCH /v1/canais/whatsapp/:id/perfil),Read and update the phone profile through GET/PATCH /v1/channels/whatsapp/:id/profile,apps/api/tests/canais.test.ts:489,0,no,,,approved,codex1,D-47 retranslated
api-test-title-9366a8a2,api,2,test-title,isolamento entre tenants,Isolate contact imports by tenant,apps/api/tests/importacao.test.ts:229,0,no,,,approved,codex1,D-47 retranslated
api-test-title-9460a3b0,api,2,test-title,"escopo ""fila"" exige escopoId existente; escopo fora do suportado é 400",Require an existing scope ID for queue-scoped SLA rules and reject unsupported scopes (`fila`),apps/api/tests/cadastros-atendimento.test.ts:763,0,no,,,approved,codex1,D-47 retranslated
api-test-title-947943eb,api,2,test-title,POST /v1/gestao/atendentes/filas,Create and audit a queue through POST /v1/management/agents/queues,apps/api/tests/cadastros-atendimento.test.ts:162,0,no,,,approved,codex1,D-47 retranslated
api-test-title-947caa68,api,2,test-title,canal de outro tenant não se reconecta por aqui,Reject attempts to reconnect another tenant's channel,apps/api/tests/canal-do-fluxo.test.ts:524,0,no,,,approved,codex1,D-47 retranslated
api-test-title-94e32a2c,api,2,test-title,"ativar/desativar é o mesmo PATCH, com `ativa`",Toggle a queue with PATCH using `ativa`,apps/api/tests/cadastros-atendimento.test.ts:233,0,no,,,approved,codex1,D-47 retranslated
api-test-title-950e55b9,api,2,test-title,chave de fluxo em rota que não é por fluxo é 403 `chave_de_fluxo`; chave de conta passa em qualquer rota,Return 403 with `chave_de_fluxo` for flow keys on nonflow routes while allowing account keys,apps/api/tests/chave-de-fluxo.test.ts:174,0,no,,,approved,codex1,D-47 retranslated
api-test-title-95238de7,api,2,test-title,autenticação por chave de API,Authenticate API requests with an API key,apps/api/tests/ponta-a-ponta.test.ts:405,0,no,,,approved,codex1,D-47 retranslated
api-test-title-954e7311,api,2,test-title,conexão manual com fluxo_id,Connect a new channel to a bot using `fluxo_id`,apps/api/tests/canal-do-fluxo.test.ts:342,0,no,,,approved,codex1,D-47 retranslated
api-test-title-95532a28,api,2,test-title,canal de outro tenant é 404 e a rota exige canal.gerenciar,Return 404 for another tenant's channel and require `canal.gerenciar` for templates,apps/api/tests/canais.test.ts:664,0,no,,,approved,codex1,D-47 retranslated
api-test-title-9575be92,api,2,test-title,grava `resposta_pronta_id` junto da mensagem,Store `resposta_pronta_id` with the message,apps/api/tests/envio-sessao.test.ts:301,0,no,,,approved,codex1,D-47 retranslated
api-test-title-9606d852,api,2,test-title,não puxa conversa de uma fila em que o atendente não está,Do not pull conversations from a queue the agent has not joined,apps/api/tests/desk-acoes.test.ts:285,0,no,,,approved,codex1,D-47 retranslated
api-test-title-96360326,api,2,test-title,"a conversa e as mensagens aparecem na REST, com cursor",List conversations and messages through REST with cursor pagination,apps/api/tests/ponta-a-ponta.test.ts:262,0,no,,,approved,codex1,D-47 retranslated
api-test-title-96aeb60e,api,2,test-title,"ida e volta deixam o par de eventos, e o acumulado na conversa",Record both wait transitions and accumulated waiting time on the conversation,apps/api/tests/conversa-eventos.test.ts:229,0,no,,,approved,codex1,D-47 retranslated
api-test-title-9709d426,api,2,test-title,o cliente escolhe → transferência → a conversa entra na fila com o contexto coletado,Transfer a selected conversation into a queue with its collected context,apps/api/tests/fluxo.test.ts:165,0,no,,,approved,codex1,D-47 retranslated
api-test-title-971e64b1,api,2,test-title,GET/POST/PATCH/DELETE /v1/gestao/regras/prioridade,"Create, list, edit, and delete priority rules through GET/POST/PATCH/DELETE /v1/management/rules/priority",apps/api/tests/cadastros-atendimento.test.ts:1115,0,no,,,approved,codex1,D-47 retranslated
api-test-title-97926814,api,2,test-title,sem poder no bot é 403 e NADA é criado; bot que já tem canal é 409 antes de gravar; fluxo malformado é 404,"Reject missing bot permission, an occupied bot, or a malformed flow before creating a channel",apps/api/tests/canal-do-fluxo.test.ts:364,0,no,,,approved,codex1,D-47 retranslated
api-test-title-9870f4f5,api,2,test-title,"com --verificar, confere o TXT e o domínio já nasce valendo",Verify the TXT record during provisioning with --check and activate the domain,apps/api/tests/convites.test.ts:592,0,no,,,approved,codex1,D-47 retranslated
api-test-title-98a18a9e,api,2,test-title,preferências do canal (Configurações e Configurações de alerta),Read and update channel and alert preferences,apps/api/tests/canais.test.ts:907,0,no,,,approved,codex1,D-47 retranslated
api-test-title-9900ea83,api,2,test-title,"imagem: `null` tira, `data:` troca, e o que não é imagem é 400","Remove images with `null`, replace them with `data:`, and reject nonimages",apps/api/tests/ciclo-de-vida-do-fluxo.test.ts:396,0,no,,,approved,codex1,D-47 retranslated
api-test-title-990cf647,api,2,test-title,deduplicação por telefone dentro do tenant,Deduplicate contacts by phone number within a tenant,apps/api/tests/importacao.test.ts:130,0,no,,,approved,codex1,D-47 retranslated
api-test-title-9958c8d9,api,2,test-title,Rastreador de cliques — cadastro do link,Register tracked links and generate short codes,apps/api/tests/growth.test.ts:73,0,no,,,approved,codex1,D-47 retranslated
api-test-title-99d9ba05,api,2,test-title,"desconectar desassina, desliga sem apagar histórico, fecha o webhook e deixa reconectar","Unsubscribe and disable on disconnect without deleting history, then allow reconnection",apps/api/tests/instagram.test.ts:339,0,no,,,approved,codex1,D-47 retranslated
api-test-title-99f86a4f,api,2,test-title,contato importado com o 9 recebe a mensagem que chega sem o 9,Deliver a message without the ninth digit to an imported contact with it,apps/api/tests/entrada-telefone.test.ts:60,0,no,,,approved,codex1,D-47 retranslated
api-test-title-9a4490c1,api,2,test-title,"espelho do contato, e a defesa contra duplicata",Mirror contacts to the CRM without creating duplicates,apps/api/tests/twenty.test.ts:113,0,no,,,approved,codex1,D-47 retranslated
api-test-title-9a7badab,api,2,test-title,"salva em rascunho e guarda o segredo CIFRADO, nunca em claro",Save SSO configuration in draft with an encrypted secret,apps/api/tests/sso.test.ts:104,0,no,,,approved,codex1,D-47 retranslated
api-test-title-9b1d495d,api,2,test-title,Dashboard — agregação de dados semeados,Aggregate seeded data for the analytics dashboard,apps/api/tests/analise.test.ts:155,0,no,,,approved,codex1,D-47 retranslated
api-test-title-9c1d711b,api,2,test-title,canal de outro tenant é 404,Return 404 for another tenant's channel,apps/api/tests/canais.test.ts:1045,0,no,,,approved,codex1,D-47 retranslated
api-test-title-9e30ea00,api,2,test-title,"canal de outro tenant não pode ser reautorizado daqui: 404, nem a existência se confirma",Return 404 without revealing another tenant's channel during reauthorization,apps/api/tests/canais.test.ts:222,0,no,,,approved,codex1,D-47 retranslated
api-test-title-9e337083,api,2,test-title,"chave do fluxo A age no fluxo A e é 403 no fluxo B, com o código e a mensagem certos",Allow a flow A key only on flow A and return 403 on flow B,apps/api/tests/chave-de-fluxo.test.ts:154,0,no,,,approved,codex1,D-47 retranslated
api-test-title-9eea8b18,api,2,test-title,/v1/gestao/fluxos/:id/servicos,Manage router services through /v1/management/flows/:id/services,apps/api/tests/roteador.test.ts:131,0,no,,,approved,codex1,D-47 retranslated
api-test-title-9f4905f3,api,2,test-title,não concede por atendente o que é de gestão,Reject agent overrides for management-only permissions,apps/api/tests/permissoes-do-atendente.test.ts:212,0,no,,,approved,codex1,D-47 retranslated
api-test-title-9f6fd6a8,api,2,test-title,PATCH e DELETE /v1/gestao/regras/horarios/faixas/:id,Edit and delete schedule ranges through PATCH and DELETE /v1/management/rules/schedules/ranges/:id,apps/api/tests/cadastros-atendimento.test.ts:931,0,no,,,approved,codex1,D-47 retranslated
api-test-title-9f823762,api,2,test-title,desmontagem que falha na Meta não impede desligar,Disconnect the channel even if Meta cleanup fails,apps/api/tests/canais.test.ts:1036,0,no,,,approved,codex1,D-47 retranslated
api-test-title-9fd70b70,api,2,test-title,"um bot por número: o segundo bot é recusado com a frase da origem, e só liga depois de o primeiro desligar",Allow only one bot per number and connect another only after the first disconnects,apps/api/tests/canal-do-fluxo.test.ts:230,0,no,,,approved,codex1,D-47 retranslated
api-test-title-9fdb329b,api,2,test-title,recusa conversa de outro atendente,Reject closure of another agent's conversation,apps/api/tests/conversa-eventos.test.ts:174,0,no,,,approved,codex1,D-47 retranslated
api-test-title-9ffec9a0,api,2,test-title,PUT e GET /v1/gestao/fluxos/:id/canal,Connect and read bot channels through PUT and GET /v1/management/flows/:id/channel,apps/api/tests/canal-do-fluxo.test.ts:187,0,no,,,approved,codex1,D-47 retranslated
api-test-title-a0408281,api,2,test-title,Log de mensagens,List message logs newest first,apps/api/tests/analise.test.ts:255,0,no,,,approved,codex1,D-47 retranslated
api-test-title-a1a02e1e,api,2,test-title,"recusa condições vazias (400), campo inválido (400) e fila de destino inexistente (400)","Reject empty conditions, invalid fields, and missing destination queues",apps/api/tests/cadastros-atendimento.test.ts:630,0,no,,,approved,codex1,D-47 retranslated
api-test-title-a2d05b50,api,2,test-title,"desenho inválido grava mesmo assim e devolve os erros do motor, bloco a bloco",Save an invalid design while returning engine errors per block,apps/api/tests/builder-por-fluxo.test.ts:380,0,no,,,approved,codex1,D-47 retranslated
api-test-title-a2e08008,api,2,test-title,permissão: sem cookie de sessão a rota nem chega a ler o banco,Require a session before querying dashboard data,apps/api/tests/analise.test.ts:199,0,no,,,approved,codex1,"fixed: leftover PT token (dictionary gap: ler/texto/como/resultado/servir), gate 2 dry-run sweep; D-47 retranslated"
api-test-title-a3f4a76e,api,2,test-title,"atributos é mescla: só as chaves enviadas mudam, as extras do contato continuam",Merge supplied contact attributes while preserving unspecified attributes,apps/api/tests/contatos-editar.test.ts:199,0,no,,,approved,codex1,D-47 retranslated
api-test-title-a44acb4c,api,2,test-title,grava todas as tags escolhidas e mantém a primeira como motivo do evento legado,Record all selected labels and retain the first as the legacy event reason,apps/api/tests/conversa-eventos.test.ts:131,0,no,,,approved,codex1,D-47 retranslated
api-test-title-a5250696,api,2,test-title,recusa (409) data que colide com outra exceção do mesmo horário,Return 409 when a schedule exception date overlaps another exception,apps/api/tests/cadastros-atendimento.test.ts:1047,0,no,,,approved,codex1,D-47 retranslated
api-test-title-a5b8fc69,api,2,test-title,cria o usuário com o papel do convite e queima o token,Create the user with the invited role and consume the token,apps/api/tests/convites.test.ts:289,0,no,,,approved,codex1,D-47 retranslated
api-test-title-a622c5a0,api,2,test-title,a importação e o relatório de A são 404 para B,Return 404 for another tenant's import and failure report,apps/api/tests/importacao.test.ts:252,0,no,,,approved,codex1,D-47 retranslated
api-test-title-a63dfc46,api,2,test-title,"recusa ativar sem mensagem ou sem texto do botão, e o teto de 20 no texto do botão",Require welcome message and button text and limit button text to 20 characters,apps/api/tests/configuracao-do-fluxo.test.ts:157,0,no,,,approved,codex1,D-47 retranslated
api-test-title-a6416483,api,2,test-title,editar autenticação substitui por inteiro; cross-tenant é 404,Replace webhook authentication as a whole on edit and return 404 across tenants,apps/api/tests/integracoes.test.ts:678,0,no,,,approved,codex1,D-47 retranslated
api-test-title-a6f5225a,api,2,test-title,"com o token, devolve o formato do Prometheus",Return Prometheus metrics with a valid token,apps/api/tests/entrada.test.ts:316,0,no,,,approved,codex1,D-47 retranslated
api-test-title-a70199f0,api,2,test-title,recusa conversa de OUTRO atendente,Reject a Desk reply to another agent's conversation,apps/api/tests/envio-sessao.test.ts:161,0,no,,,approved,codex1,D-47 retranslated
api-test-title-a7092851,api,2,test-title,PATCH /v1/gestao/fluxos/:id,Edit and audit flows through PATCH /v1/management/flows/:id,apps/api/tests/ciclo-de-vida-do-fluxo.test.ts:299,0,no,,,approved,codex1,D-47 retranslated
api-test-title-a769cfae,api,2,test-title,aceita E.164 brasileiro com 10 e 11 dígitos nacionais,Accept Brazilian E.164 numbers with ten or eleven national digits,apps/api/tests/mensagens-ativas.test.ts:75,0,no,,,approved,codex1,D-47 retranslated
api-test-title-a7fa5ad0,api,2,test-title,consulta várias filas e atendentes sem reduzir a seleção ao último id,Query several queues and agents without dropping all but the last selected ID,apps/api/tests/monitoramento-conversas.test.ts:105,0,no,,,approved,codex1,D-47 retranslated
api-test-title-a8d81ced,api,2,test-title,GET /v1/auth/google/retorno,Handle Google login callbacks through GET /v1/auth/google/callback,apps/api/tests/entrada.test.ts:225,0,no,,D-12,approved,sonnet,D-47 retranslated
api-test-title-a979bba3,api,2,test-title,voltar a coincidir com o papel APAGA a exceção — a tabela só guarda o que difere,Delete an override when it matches the role again,apps/api/tests/permissoes-do-atendente.test.ts:265,0,no,,,approved,codex1,D-47 retranslated
api-test-title-aa0386eb,api,2,test-title,a ida guarda a origem no cookie do desafio,Store the request origin in the challenge cookie,apps/api/tests/entrada.test.ts:380,0,no,,,approved,codex1,D-47 retranslated
api-test-title-ab22318c,api,2,test-title,pela sessão do Desk: o dono envia; conversa de outro atendente é 403 e nada sai,Allow the owning Desk agent to send attachments and return 403 for another agent,apps/api/tests/anexos-multiplos.test.ts:241,0,no,,,approved,codex1,D-47 retranslated
api-test-title-abde344b,api,2,test-title,"ligada, sem nome de conta nem de pessoa: recusado",Reject account signup without an account or person name when enabled,apps/api/tests/contas.test.ts:61,0,no,,,approved,codex1,D-47 retranslated
api-test-title-ac8d7dd2,api,2,test-title,pausa com motivo grava o estado e abre uma linha em `pausa`,Record a reasoned pausa as an agent state and an open `pause` row,apps/api/tests/desk-acoes.test.ts:157,0,no,,,approved,codex1,D-47 retranslated
api-test-title-ad2463d2,api,2,test-title,sem regra.gerenciar é 403; de outro tenant é 404,Return 403 without `regra.gerenciar` and 404 for another tenant's queue routing rule,apps/api/tests/cadastros-atendimento.test.ts:704,0,no,,,approved,codex1,D-47 retranslated
api-test-title-ad36a057,api,2,test-title,"continua enviando, e continua aceitando atendente_id do corpo",Keep API-key sends and request-body agent IDs working (`atendente_id`),apps/api/tests/envio-sessao.test.ts:326,0,no,,,approved,codex1,D-47 retranslated
api-test-title-ad3d515e,api,2,test-title,só editar fluxo não basta para GRAVAR a conexão: pede automacao.integracao.gerenciar,"Require `automacao.integracao.gerenciar` to save a flow connection, even for flow editors",apps/api/tests/integracoes.test.ts:327,0,no,,,approved,codex1,D-47 retranslated
api-test-title-ada9a468,api,2,test-title,"na reautorização sem phone_number_id, casa pelo número esperado",Match the expected phone number during reauthorization without phone_number_id,apps/api/tests/canais.test.ts:294,0,no,,,approved,codex1,D-47 retranslated
api-test-title-aff7f734,api,2,test-title,domínio desconhecido responde igualzinho a um conhecido sem SSO,Make unknown domains indistinguishable from known domains without SSO,apps/api/tests/sso.test.ts:216,0,no,,,approved,codex1,D-47 retranslated
api-test-title-b03c186d,api,2,test-title,herda a prioridade e NÃO herda a primeira resposta,Carry priority but not first-response time into the new conversation,apps/api/tests/transferencia.test.ts:172,0,no,,,approved,codex1,D-47 retranslated
api-test-title-b041873a,api,2,test-title,"decifra a chave, e ela não fica em texto puro no banco",Decrypt the CRM key while keeping it encrypted in the database,apps/api/tests/twenty.test.ts:196,0,no,,,approved,codex1,D-47 retranslated
api-test-title-b0afd693,api,2,test-title,eco da própria conta é ignorado; anexo chega pela URL; conta alheia é descartada,"Ignore account echoes, resolve attachment URLs, and discard other accounts' events",apps/api/tests/instagram.test.ts:264,0,no,,,approved,codex1,D-47 retranslated
api-test-title-b17e1bc1,api,2,test-title,sem chave_api.gerenciar é 403; de outro tenant e uuid malformado são 404,Return 403 without `chave_api.gerenciar` and 404 for invalid or cross-tenant IDs,apps/api/tests/integracoes.test.ts:207,0,no,,,approved,codex1,D-47 retranslated
api-test-title-b18e045b,api,2,test-title,"lista o que foi disparado, com estado de entrega",List sent active messages with delivery status,apps/api/tests/mensagens-ativas.test.ts:307,0,no,,,approved,codex1,D-47 retranslated
api-test-title-b2854777,api,2,test-title,isolamento: o certificado de A não é apresentado nas entregas de B para o mesmo host,Never use tenant A's certificate for tenant B's deliveries to the same host,apps/api/tests/contrato.test.ts:675,0,no,,,approved,codex1,D-47 retranslated
api-test-title-b386f51e,api,2,test-title,"a permissão é a `channels` DO BOT: sem nada é 403; membro do fluxo com channels.escrever liga, mesmo sem poder na conta",Require the bot's `channels` permission and allow flow members with `channels.escrever` to connect,apps/api/tests/canal-do-fluxo.test.ts:295,0,no,,,approved,codex1,D-47 retranslated
api-test-title-b48667db,api,2,test-title,"anexo inexistente, 404 — depois de a assinatura passar",Return 404 for a missing attachment after validating its signature,apps/api/tests/anexos.test.ts:214,0,no,,,approved,codex1,D-47 retranslated
api-test-title-b4f69867,api,2,test-title,recusa validade esticada na mão,Reject a manually extended signed-link expiration,apps/api/tests/anexos.test.ts:181,0,no,,,approved,codex1,D-47 retranslated
api-test-title-b53333e9,api,2,test-title,"domínio de outro tenant é conflito, não sequestro",Report a domain owned by another tenant as a conflict,apps/api/tests/convites.test.ts:478,0,no,,,approved,codex1,D-47 retranslated
api-test-title-b59d051c,api,2,test-title,checarSlaDaConversa — isolamento entre tenants,Isolate conversation SLA checks by tenant,apps/api/tests/sla-motor.test.ts:302,0,no,,,approved,codex1,D-47 retranslated
api-test-title-b5b842fc,api,2,test-title,hostDeMidiaPermitido — a lista de hosts da Meta (SSRF),Allow only documented Meta media hosts over HTTPS,apps/api/tests/midia-recebida.test.ts:139,0,no,,,approved,codex1,D-47 retranslated
api-test-title-b63bf5d5,api,2,test-title,"com o TXT publicado, marca verificado — e o login por domínio passa a valer",Verify a published TXT record and allow domain-based login,apps/api/tests/convites.test.ts:497,0,no,,,approved,codex1,D-47 retranslated
api-test-title-b6614d5d,api,2,test-title,"nenhuma das duas recusa, e ""ler"" no fluxo não vira ""escrever""",Reject missing permissions and prevent `ler` access from granting `escrever` access,apps/api/tests/equipe-do-fluxo.test.ts:376,0,no,,,approved,codex1,"fixed: leftover PT token (dictionary gap: ler/texto/como/resultado/servir), gate 2 dry-run sweep; D-47 retranslated"
api-test-title-b6eaac38,api,2,test-title,classificação de falha do CRM,Classify permanent and retryable CRM failures,apps/api/tests/twenty.test.ts:88,0,no,,,approved,codex1,D-47 retranslated
api-test-title-b7621488,api,2,test-title,conta 30 datas civis no fuso do tenant ao atravessar o horário de verão,Count 30 tenant-local calendar dates across daylight saving transitions,apps/api/tests/historico.test.ts:54,0,no,,,approved,codex1,D-47 retranslated
api-test-title-b7ad6515,api,2,test-title,limite de taxa: muitos cliques do mesmo IP em pouco tempo devolvem 429,Rate-limit repeated clicks from one IP with 429,apps/api/tests/growth.test.ts:215,0,no,,,approved,codex1,D-47 retranslated
api-test-title-b83af85e,api,2,test-title,"fecha a espera em aberto antes de encerrar, senão o pausado some do esforço",End an active wait before closing a conversation so paused time counts toward effort,apps/api/tests/conversa-eventos.test.ts:154,0,no,,,approved,codex1,D-47 retranslated
api-test-title-b8b52679,api,2,test-title,"devolve o Eu do contrato, com as permissões dos papéis",Return the contracted current-user object with role permissions,apps/api/tests/entrada.test.ts:131,0,no,,,approved,codex1,D-47 retranslated
api-test-title-b937f243,api,2,test-title,GET /v1/gestao/atendentes/permissoes,Read agent permissions through GET /v1/management/agents/permissions,apps/api/tests/permissoes-do-atendente.test.ts:184,0,no,,,approved,codex1,D-47 retranslated
api-test-title-b9a675e4,api,2,test-title,NÃO marca a janela de 24h — quem abre é a resposta do cliente,Leave the 24-hour window closed until the customer replies,apps/api/tests/mensagens-ativas.test.ts:138,0,no,,,approved,codex1,D-47 retranslated
api-test-title-b9de0dc9,api,2,test-title,"grava a nota, assinada pelo atendente da sessão",Save an internal note attributed to the session agent,apps/api/tests/desk-acoes.test.ts:217,0,no,,,approved,codex1,D-47 retranslated
api-test-title-ba4db050,api,2,test-title,"a mesma rota, com chave de API — comportamento antigo intacto",Preserve API-key behavior on the same send route,apps/api/tests/envio-sessao.test.ts:325,0,no,,,approved,codex1,D-47 retranslated
api-test-title-bad3109d,api,2,test-title,"expirado o redirecionamento, o contato volta ao principal",Return to the primary service after a redirect expires,apps/api/tests/roteador.test.ts:583,0,no,,,approved,codex1,D-47 retranslated
api-test-title-bba5c223,api,2,test-title,dispara para a lista e devolve o resultado POR contato,Send to a list and return a result for each contact,apps/api/tests/mensagens-ativas.test.ts:89,0,no,,,approved,codex1,D-47 retranslated
api-test-title-bc99209d,api,2,test-title,"permissão só NA CONTA passa, mesmo sem ser membro",Allow account permission even without flow membership,apps/api/tests/equipe-do-fluxo.test.ts:364,0,no,,,approved,codex1,D-47 retranslated
api-test-title-bcb11e58,api,2,test-title,"senha errada recusa, e nada entra no banco",Reject a wrong certificate password without saving anything,apps/api/tests/contrato.test.ts:398,0,no,,,approved,codex1,D-47 retranslated
api-test-title-bccc4665,api,2,test-title,PUT /v1/gestao/fluxos/:id/builder,Save a flow draft through PUT /v1/management/flows/:id/builder,apps/api/tests/builder-por-fluxo.test.ts:348,0,no,,,approved,codex1,D-47 retranslated
api-test-title-bd263ae6,api,2,test-title,fluxo de outro tenant é 404 — o link não vaza entre contas,Return 404 for another tenant's flow without exposing its tracked links,apps/api/tests/growth.test.ts:127,0,no,,,approved,codex1,D-47 retranslated
api-test-title-bd3af01c,api,2,test-title,identifica a Página de forma determinística e confere o segredo,Resolve Page IDs deterministically and verify the App Secret,apps/api/tests/messenger.test.ts:25,0,no,,,approved,codex1,D-47 retranslated
api-test-title-bd87e297,api,2,test-title,"sem chave, não há CRM",Disable CRM integration when no API key is configured,apps/api/tests/twenty.test.ts:188,0,no,,,approved,codex1,D-47 retranslated
api-test-title-bd9a1992,api,2,test-title,o tenant vem da sessão: o roteador de outra conta é 404 em todos os gestos,Return 404 for another tenant's router on every service action,apps/api/tests/roteador.test.ts:311,0,no,,,approved,codex1,D-47 retranslated
api-test-title-be30f636,api,2,test-title,o provedor fora do ar NÃO derruba a recategorização,Complete template recategorization even when the email provider is unavailable,apps/api/tests/email.test.ts:332,0,no,,,approved,codex1,D-47 retranslated
api-test-title-be4beb0d,api,2,test-title,"convida com papel, reenvia (o link antigo morre) e revoga","Invite with a role, invalidate the old link on resend, and revoke the invitation",apps/api/tests/contrato.test.ts:203,0,no,,,approved,codex1,D-47 retranslated
api-test-title-be78a6ab,api,2,test-title,"grava a linha em `atribuicao`, que costura as duas conversas",Link the old and new conversations through an `assignment` row,apps/api/tests/transferencia.test.ts:184,0,no,,,approved,codex1,D-47 retranslated
api-test-title-be8dd956,api,2,test-title,conversa encerrada antes do prazo (e antes do alerta) não dispara nada,Send no SLA alert or breach for a conversation closed before either deadline,apps/api/tests/sla-motor.test.ts:229,0,no,,,approved,codex1,D-47 retranslated
api-test-title-be93cd8c,api,2,test-title,outro cliente não vê nem desconecta o canal: 404,Hide another tenant's channel from listing and return 404 on disconnect,apps/api/tests/instagram.test.ts:308,0,no,,,approved,codex1,D-47 retranslated
api-test-title-befd6645,api,2,test-title,regra de SLA de um tenant não se aplica à conversa de outro,Never apply one tenant's SLA rule to another tenant's conversation,apps/api/tests/sla-motor.test.ts:303,0,no,,,approved,codex1,D-47 retranslated
api-test-title-c0db6176,api,2,test-title,"recusa sem o valor, conversa de outro atendente e conversa encerrada","Reject pinning without a value, for another agent's conversation, or after closure",apps/api/tests/desk-acoes.test.ts:441,0,no,,,approved,codex1,D-47 retranslated
api-test-title-c0fdc868,api,2,test-title,"aceita o admin DO FLUXO, que não tem permissão nenhuma na conta",Allow flow admins with no account-level permission,apps/api/tests/equipe-do-fluxo.test.ts:273,0,no,,,approved,codex1,D-47 retranslated
api-test-title-c1317e4a,api,2,test-title,"cria a conversa já atribuída a quem disparou, com evento de origem",Create an assigned conversation with an origin event for each send,apps/api/tests/mensagens-ativas.test.ts:119,0,no,,,approved,codex1,D-47 retranslated
api-test-title-c16c3518,api,2,test-title,"sucesso: canal + caixa, segredos cifrados, webhook assinado e { url, verifyToken } devolvido","Create a channel and inbox, encrypt secrets, subscribe the webhook, and return its credentials",apps/api/tests/instagram.test.ts:141,0,no,,,approved,codex1,D-47 retranslated
api-test-title-c1ee0f4d,api,2,test-title,recusa estado desconhecido,Reject an unknown agent status,apps/api/tests/desk-acoes.test.ts:144,0,no,,,approved,codex1,D-47 retranslated
api-test-title-c20453c2,api,2,test-title,canal sem WABA é recusado antes de falar com a Meta,Reject a channel without a WABA before calling Meta,apps/api/tests/canais.test.ts:385,0,no,,,approved,codex1,D-47 retranslated
api-test-title-c22d7bc8,api,2,test-title,"sincronização do dicionário, no banco",Synchronize the CRM dictionary in the database,apps/api/tests/dicionario-crm.test.ts:150,0,no,,,approved,codex1,D-47 retranslated
api-test-title-c271d952,api,2,test-title,conexão manual (POST /v1/canais/instagram/manual),Connect Instagram manually through POST /v1/channels/instagram/manual,apps/api/tests/instagram.test.ts:121,0,no,,,approved,codex1,D-47 retranslated
api-test-title-c3f9f765,api,2,test-title,"serviço persistente não expira, e o contexto do roteador é dividido só com quem liga a opção",Keep persistent services active and share router context only when enabled,apps/api/tests/roteador.test.ts:603,0,no,,,approved,codex1,D-47 retranslated
api-test-title-c41201f0,api,2,test-title,configuração do CRM por tenant — falha fechada,Load CRM configuration per tenant with fail-closed behavior,apps/api/tests/twenty.test.ts:163,0,no,,,approved,codex1,D-47 retranslated
api-test-title-c5098b57,api,2,test-title,elevar_prioridade sobe um degrau e muda a ordem da fila de espera,Raise priority one step and reorder the waiting queue after an SLA breach (`elevar_prioridade`),apps/api/tests/sla-motor.test.ts:266,0,no,,,approved,codex1,D-47 retranslated
api-test-title-c50b6214,api,2,test-title,contagem por período: um clique de fora da janela pedida não entra,Count only clicks within the requested period,apps/api/tests/growth.test.ts:189,0,no,,,approved,codex1,D-47 retranslated
api-test-title-c5267c8c,api,2,test-title,isolamento entre tenants: outro tenant não vê estas mensagens,Hide one tenant's flow messages from another tenant,apps/api/tests/analise.test.ts:317,0,no,,,approved,codex1,D-47 retranslated
api-test-title-c57c7401,api,2,test-title,webhook de entrada,Handle inbound webhook events,apps/api/tests/ponta-a-ponta.test.ts:82,0,no,,,approved,codex1,D-47 retranslated
api-test-title-c58cb029,api,2,test-title,status fora de ordem não faz a mensagem regredir,Do not regress message state when status webhooks arrive out of order,apps/api/tests/ponta-a-ponta.test.ts:239,0,no,,,approved,codex1,D-47 retranslated
api-test-title-c59d9e6d,api,2,test-title,"traz número, qualidade e limite pela saúde do número","Report the phone number, quality, and limit from Meta health data",apps/api/tests/canais.test.ts:1055,0,no,,,approved,codex1,D-47 retranslated
api-test-title-c5b58bce,api,2,test-title,"mais de 10 recusa o lote inteiro, sem mandar nenhuma",Reject a batch of more than ten files without sending any,apps/api/tests/anexos-multiplos.test.ts:186,0,no,,,approved,codex1,D-47 retranslated
api-test-title-c5c01862,api,2,test-title,modelos de autenticação (componentes fixos da Meta),Build Meta authentication templates with their fixed components,apps/api/tests/canais.test.ts:803,0,no,,,approved,codex1,D-47 retranslated
api-test-title-c67d058f,api,2,test-title,"nome: as mesmas regras da criação, e o nome de outro fluxo VIVO é conflito",Apply creation name rules on edit and reject duplicate live-flow names,apps/api/tests/ciclo-de-vida-do-fluxo.test.ts:369,0,no,,,approved,codex1,D-47 retranslated
api-test-title-c72fd705,api,2,test-title,renovação: cedo demais não chama a Meta; depois de 24h troca o token cifrado; recusa marca reautorização,Renew encrypted tokens after 24 hours and mark rejected renewals for reauthorization,apps/api/tests/instagram.test.ts:314,0,no,,,approved,codex1,D-47 retranslated
api-test-title-c84f827b,api,2,test-title,alvos diferentes rendem regras vencedoras diferentes — sla_conversa rastreia por regra,Track separate winning SLA rules for different targets (`sla_conversa`),apps/api/tests/sla-motor.test.ts:163,0,no,,,approved,codex1,D-47 retranslated
api-test-title-c85302f7,api,2,test-title,encerra a conversa e abre outra na fila de destino,Close the old conversation and open one in the destination queue,apps/api/tests/transferencia.test.ts:126,0,no,,,approved,codex1,D-47 retranslated
api-test-title-c8b0ff19,api,2,test-title,exclui de verdade (204); pausas antigas não são afetadas por FK,Delete a pause reason without affecting historical pauses,apps/api/tests/cadastros-atendimento.test.ts:565,0,no,,,approved,codex1,D-47 retranslated
api-test-title-c9a48dfa,api,2,test-title,"o escopo continua valendo, e é conferido antes da cerca de fluxo",Check the scope before enforcing the flow-key boundary,apps/api/tests/chave-de-fluxo.test.ts:226,0,no,,,approved,codex1,D-47 retranslated
api-test-title-c9a76085,api,2,test-title,"testar assina e envia; falha de rede volta como { ok: false }, sem gravar entrega",Sign and send test webhooks and return a network failure without recording a delivery,apps/api/tests/integracoes.test.ts:425,0,no,,,approved,codex1,D-47 retranslated
api-test-title-c9c11a63,api,2,test-title,configuração manual (manual_setup_validation_service_spec),Validate manual channel configuration (`manual_setup_validation_service_spec`),apps/api/tests/canais.test.ts:426,0,no,,,approved,codex1,D-47 retranslated
api-test-title-c9e7334b,api,2,test-title,parte o nome no primeiro espaço,Split a full name at the first space,apps/api/tests/twenty.test.ts:51,0,no,,,approved,codex1,D-47 retranslated
api-test-title-c9e959c0,api,2,test-title,recusa transferir para o mesmo destino,Reject transfer to the current destination,apps/api/tests/transferencia.test.ts:250,0,no,,,approved,codex1,D-47 retranslated
api-test-title-ca427f1d,api,2,test-title,"template não aprovado derruba o LOTE — é erro do disparo, não do contato",Reject the entire send batch when its template is unapproved,apps/api/tests/mensagens-ativas.test.ts:267,0,no,,,approved,codex1,D-47 retranslated
api-test-title-ca5951a0,api,2,test-title,o status de leitura chega por webhook e a mensagem vira lida,Update a message to read when its read-status webhook arrives,apps/api/tests/ponta-a-ponta.test.ts:221,0,no,,,approved,codex1,D-47 retranslated
api-test-title-caa16f73,api,2,test-title,conversa inexistente no meio do lote não derruba as demais — devolve o primeiro erro,Continue a bulk transfer past a missing conversation and return the first error,apps/api/tests/desk-acoes.test.ts:524,0,no,,,approved,codex1,D-47 retranslated
api-test-title-cb239cb0,api,2,test-title,"vincula um atendente novo, e o override troca ao vincular de novo",Assign an agent to a queue and update the override on reassignment,apps/api/tests/cadastros-atendimento.test.ts:356,0,no,,,approved,codex1,D-47 retranslated
api-test-title-cbafa06b,api,2,test-title,GET/PATCH /v1/gestao/fluxos/:id/menu-persistente,Read and edit the persistent menu through GET/PATCH /v1/management/flows/:id/menu-persistent,apps/api/tests/configuracao-do-fluxo.test.ts:212,0,no,,,approved,codex1,D-47 retranslated
api-test-title-cbfca4e8,api,2,test-title,conta contatos e mensagens do período pedido,Count contacts and messages in the requested period,apps/api/tests/analise.test.ts:156,0,no,,,approved,codex1,D-47 retranslated
api-test-title-cc5daacd,api,2,test-title,"permissão que não está no catálogo é recusa, não linha órfã",Reject permissions absent from the catalog without orphan rows,apps/api/tests/permissoes-do-atendente.test.ts:315,0,no,,,approved,codex1,D-47 retranslated
api-test-title-cc71649b,api,2,test-title,"encerrado o atendimento humano, a volta é ao serviço em que ele estava — não ao principal","Return from a human ticket to the previous service, not the primary one",apps/api/tests/roteador.test.ts:649,0,no,,,approved,codex1,D-47 retranslated
api-test-title-cc9cdf69,api,2,test-title,redireciona com 302 para o destino e registra o clique — sem sessão nenhuma,Redirect publicly with 302 and record a click without a session,apps/api/tests/growth.test.ts:154,0,no,,,approved,codex1,D-47 retranslated
api-test-title-cd1a5fc3,api,2,test-title,sem horario.gerenciar é 403; de outro tenant é 404; id malformado é 404,Return 403 without `horario.gerenciar` and 404 for cross-tenant or malformed IDs,apps/api/tests/cadastros-atendimento.test.ts:1061,0,no,,,approved,codex1,D-47 retranslated
api-test-title-cdef2656,api,2,test-title,"arquiva em vez de apagar: some da grade, o nome fica livre, a versão fica para o histórico",Archive flows without deleting versions and free their names for reuse,apps/api/tests/ciclo-de-vida-do-fluxo.test.ts:447,0,no,,,approved,codex1,D-47 retranslated
api-test-title-cef7f86c,api,2,test-title,POST /v1/contas (accounts_controller#create),Return 404 from POST /v1/accounts when signup is disabled by default (`accounts_controller`),apps/api/tests/contas.test.ts:50,0,no,,,approved,codex1,D-47 retranslated
api-test-title-d073eff8,api,2,test-title,DELETE /v1/gestao/fluxos/:id,Archive flows through DELETE /v1/management/flows/:id,apps/api/tests/ciclo-de-vida-do-fluxo.test.ts:430,0,no,,,approved,codex1,D-47 retranslated
api-test-title-d197d789,api,2,test-title,"desconectado e reconectado pelo canal_id: o mesmo canal volta ligado, sem duplicar",Reconnect a disconnected channel by canal_id without creating a duplicate,apps/api/tests/canais.test.ts:397,0,no,,,approved,codex1,D-47 retranslated
api-test-title-d1d59939,api,2,test-title,grava a mensagem PENDENTE e cria a linha no outbox — o defeito que existia,Create a pending message and outbox row for a Desk reply,apps/api/tests/envio-sessao.test.ts:107,0,no,,,approved,codex1,D-47 retranslated
api-test-title-d26b3fe3,api,2,test-title,PATCH e DELETE /v1/gestao/regras/horarios/excecoes/:id,Edit and delete schedule exceptions through PATCH and DELETE /v1/management/rules/schedules/exceptions/:id,apps/api/tests/cadastros-atendimento.test.ts:1009,0,no,,,approved,codex1,D-47 retranslated
api-test-title-d34beff9,api,2,test-title,a conversa passando pelo roteador,Route conversations through services,apps/api/tests/roteador.test.ts:455,0,no,,,approved,codex1,D-47 retranslated
api-test-title-d35aa70a,api,2,test-title,guarda o arquivo e a senha cifrados; nunca os devolve nem os audita,Encrypt stored certificate files and passwords without returning or auditing them,apps/api/tests/contrato.test.ts:427,0,no,,,approved,codex1,D-47 retranslated
api-test-title-d36f1e2f,api,2,test-title,não deixa trocar o id do anexo mantendo a assinatura,Reject an attachment ID changed without updating its signature,apps/api/tests/anexos.test.ts:188,0,no,,,approved,codex1,D-47 retranslated
api-test-title-d39ed702,api,2,test-title,registra `mensagem_saida` e `primeira_resposta` — sem isso a Gestão mente,Record `mensagem_saida` and `primeira_resposta` events for management reports,apps/api/tests/envio-sessao.test.ts:148,0,no,,,approved,codex1,D-47 retranslated
api-test-title-d3a2b3f4,api,2,test-title,"edita nome e descrição, refaz o shortName e registra só o que mudou","Edit a flow's name and description, recompute shortName, and audit only changes",apps/api/tests/ciclo-de-vida-do-fluxo.test.ts:300,0,no,,,approved,codex1,D-47 retranslated
api-test-title-d3acafbb,api,2,test-title,recusa quem não está no contrato com a frase da origem,Reject users who are not account members with the expected message,apps/api/tests/equipe-do-fluxo.test.ts:234,0,no,,,approved,codex1,D-47 retranslated
api-test-title-d553d849,api,2,test-title,recusa sem conversaId e sem texto,Reject an internal note without conversationId or text,apps/api/tests/desk-acoes.test.ts:232,0,no,,,approved,codex1,D-47 retranslated
api-test-title-d55c1704,api,2,test-title,"sem canal Messenger, o PATCH recusa mesmo com boas-vindas preenchida",Reject persistent-menu updates without a Messenger channel even when welcome is complete through PATCH,apps/api/tests/configuracao-do-fluxo.test.ts:231,0,no,,,approved,codex1,D-47 retranslated
api-test-title-d57bd82b,api,2,test-title,sem `contato.editar` é 403 (o colega só tem `conversa.etiquetar`); escopo errado é 400,"Return 403 without `contato.editar` even with `conversa.etiquetar`, and 400 for a label with the wrong scope",apps/api/tests/etiquetas.test.ts:370,0,no,,,approved,codex1,D-47 retranslated
api-test-title-d5c7e4d7,api,2,test-title,"Meta fora do ar vira `indisponivel` com motivo, não erro na tela inteira",Show Meta outages as `unavailable` with a reason instead of failing the whole screen,apps/api/tests/canais.test.ts:1061,0,no,,,approved,codex1,D-47 retranslated
api-test-title-d60f4c70,api,2,test-title,a leitura devolve a contagem de cliques,Return click counts when listing tracked links,apps/api/tests/growth.test.ts:182,0,no,,,approved,codex1,D-47 retranslated
api-test-title-d654f12e,api,2,test-title,POST /v1/gestao/atendentes/pausas,Create and audit a pause reason through POST /v1/management/agents/pauses,apps/api/tests/cadastros-atendimento.test.ts:524,0,no,,,approved,codex1,D-47 retranslated
api-test-title-d6f3a8ba,api,2,test-title,papel de atendimento é recusado: o convite só dá papel de conta,Reject attendance roles because invitations grant only account roles,apps/api/tests/convites.test.ts:191,0,no,,,approved,codex1,D-47 retranslated
api-test-title-d72c6e8e,api,2,test-title,certificados de autenticação (mTLS),Manage mTLS authentication certificates,apps/api/tests/contrato.test.ts:361,0,no,,,approved,codex1,D-47 retranslated
api-test-title-d7a4c0af,api,2,test-title,"devolve o catálogo inteiro e o Status vindo do papel, sem exceção nenhuma",Return the full permission catalog and role-derived status without overrides,apps/api/tests/permissoes-do-atendente.test.ts:185,0,no,,,approved,codex1,D-47 retranslated
api-test-title-d7f800e9,api,2,test-title,sem automacao.fluxo.editar é 403 antes de checar canal ou boas-vindas,Check `automacao.fluxo.editar` before channel and welcome validation,apps/api/tests/configuracao-do-fluxo.test.ts:245,0,no,,,approved,codex1,D-47 retranslated
api-test-title-d8a200f5,api,2,test-title,convite de outro tenant não é achado (404) ao reenviar,Return 404 when resending another tenant's invitation,apps/api/tests/contrato.test.ts:252,0,no,,,approved,codex1,D-47 retranslated
api-test-title-d900678e,api,2,test-title,POST /v1/gestao/fluxos,Create flows through POST /v1/management/flows,apps/api/tests/ciclo-de-vida-do-fluxo.test.ts:201,0,no,,,approved,codex1,D-47 retranslated
api-test-title-d9549688,api,2,test-title,e-mail pessoal não provisiona: o domínio dele não identifica empresa,Do not provision a company from a personal email domain,apps/api/tests/convites.test.ts:610,0,no,,,approved,codex1,D-47 retranslated
api-test-title-d99d21f2,api,2,test-title,recusas e isolamento,Reject invalid preferences and isolate channels by tenant,apps/api/tests/canais.test.ts:928,0,no,,,approved,codex1,D-47 retranslated
api-test-title-d9ef5057,api,2,test-title,assina a mensagem com o usuário do COOKIE,Attribute the message to the user identified by the cookie,apps/api/tests/envio-sessao.test.ts:119,0,no,,,approved,codex1,D-47 retranslated
api-test-title-da373829,api,2,test-title,"encerrado o atendimento, a próxima mensagem volta ao fluxo no bloco que o atendimento aponta",Resume the flow at the block selected by human ticket closure,apps/api/tests/fluxo.test.ts:213,0,no,,,approved,codex1,D-47 retranslated
api-test-title-da98b08f,api,2,test-title,"sucesso: cria canal e caixa, cifra o token e aponta o webhook do número para a rota do canal","Create the channel and inbox, encrypt its token, and point the number webhook to its route",apps/api/tests/canais.test.ts:139,0,no,,,approved,codex1,D-47 retranslated
api-test-title-dafc0c48,api,2,test-title,verificação por TXT,Verify domains with TXT records,apps/api/tests/convites.test.ts:496,0,no,,,approved,codex1,D-47 retranslated
api-test-title-db084958,api,2,test-title,excluir REVOGA (não apaga a linha) e é idempotente; cross-tenant e sem permissão são recusa,Revoke access keys idempotently and reject cross-tenant or unauthorized requests,apps/api/tests/integracoes.test.ts:225,0,no,,,approved,codex1,D-47 retranslated
api-test-title-db22df2b,api,2,test-title,exclui de verdade (204) e registra no log; de outro tenant é 404; id malformado é 404,"Delete and audit banned terms, returning 404 for invalid or cross-tenant IDs",apps/api/tests/palavras-proibidas.test.ts:333,0,no,,,approved,codex1,D-47 retranslated
api-test-title-dc02bb98,api,2,test-title,não dispara quando o alerta está desligado — mas o modelo muda do mesmo jeito,Skip email alerts when disabled while still updating the template category,apps/api/tests/email.test.ts:299,0,no,,,approved,codex1,D-47 retranslated
api-test-title-dc59c162,api,2,test-title,"recusa nome maior que 30 caracteres, duração fora de 1–480, e nome repetido","Reject pause names over 30 characters, durations outside 1?480 minutes, and duplicate names",apps/api/tests/cadastros-atendimento.test.ts:532,0,no,,,approved,codex1,D-47 retranslated
api-test-title-dce5c312,api,2,test-title,GET /v1/gestao/contrato/membros,List members and their roles through GET /v1/management/contract/members,apps/api/tests/contrato.test.ts:190,0,no,,,approved,codex1,D-47 retranslated
api-test-title-dd7307ca,api,2,test-title,"corpo válido: cria contato SEM telefone, identidade pelo IGSID, conversa e mensagem; repetir não duplica","Create a phone-free contact by IGSID, conversation, and message without duplicating a repeated event",apps/api/tests/instagram.test.ts:240,0,no,,,approved,codex1,D-47 retranslated
api-test-title-ddeb5d8e,api,2,test-title,sem sessão é 401,Return 401 when editing a contact without a session,apps/api/tests/contatos-editar.test.ts:220,0,no,,,approved,codex1,D-47 retranslated
api-test-title-de83a9f2,api,2,test-title,derruba o atendente Online para offline e fecha a pausa em aberto,Move an inactive agent offline and close its open pause,apps/api/tests/desk-acoes.test.ts:190,0,no,,,approved,codex1,D-47 retranslated
api-test-title-df64cd6f,api,2,test-title,"padrões: recomendação ligada, sem rodapé, botão ""Copiar código""; e a sincronização mantém a categoria","Default to security advice and a copy-code button without a footer, and preserve the category on sync",apps/api/tests/canais.test.ts:839,0,no,,,approved,codex1,D-47 retranslated
api-test-title-e08a25f6,api,2,test-title,cria a fila e registra no log de auditoria,Create a queue and record it in the audit log,apps/api/tests/cadastros-atendimento.test.ts:163,0,no,,,approved,codex1,D-47 retranslated
api-test-title-e0bf9bd6,api,2,test-title,"fluxo que falha (ação que o Pipe não executa) manda a conversa para a fila, não deixa o cliente sem resposta",Send a failed flow to a queue so the customer still gets help,apps/api/tests/fluxo.test.ts:268,0,no,,,approved,codex1,D-47 retranslated
api-test-title-e2be6569,api,2,test-title,quem não tem usuario.gerenciar não mexe na permissão de ninguém — nem na própria,Prevent users without `usuario.gerenciar` from editing any agent's permissions,apps/api/tests/permissoes-do-atendente.test.ts:309,0,no,,,approved,codex1,D-47 retranslated
api-test-title-e2eace94,api,2,test-title,"traduz PSID, postback e mídia, mas ignora echo","Translate Messenger PSIDs, postbacks, and media while ignoring echoes",apps/api/tests/messenger.test.ts:31,0,no,,,approved,codex1,D-47 retranslated
api-test-title-e359c3df,api,2,test-title,"webhook que falha: o canal fica, marcado para reautorização (embedded_signup_service_spec)",Keep a channel whose webhook setup fails and mark it for reauthorization (`embedded_signup_service_spec`),apps/api/tests/canais.test.ts:364,0,no,,,approved,codex1,D-47 retranslated
api-test-title-e38eb6d5,api,2,test-title,"desenha a aresta entrada -> b1 -> b2 -> Saída, no período",Draw the entry-to-exit path through blocks b1 and b2 for the period,apps/api/tests/analise.test.ts:230,0,no,,,approved,codex1,D-47 retranslated
api-test-title-e3ce9318,api,2,test-title,GET /v1/crm/dicionario exige sessão e devolve só o dicionário do tenant dela,Require a session for GET /v1/crm/dictionary and return only that tenant's dictionary,apps/api/tests/dicionario-crm.test.ts:307,0,no,,,approved,codex1,D-47 retranslated
api-test-title-e3dbc139,api,2,test-title,"humano ganha: na fila e depois com o atendente, o bot fica calado",Keep the bot silent while a human ticket waits in a queue or has an agent,apps/api/tests/fluxo.test.ts:196,0,no,,,approved,codex1,D-47 retranslated
api-test-title-e43f9c8e,api,2,test-title,recusa remover o último admin (mesmo por quem não é o próprio alvo),Prevent removal of the last admin even by another user,apps/api/tests/contrato.test.ts:312,0,no,,,approved,codex1,D-47 retranslated
api-test-title-e4822e35,api,2,test-title,"código inexistente é 404, não erro interno",Return 404 for an unknown short code,apps/api/tests/growth.test.ts:177,0,no,,,approved,codex1,D-47 retranslated
api-test-title-e50f65b6,api,2,test-title,Informações de conexão do fluxo,Read flow connection details,apps/api/tests/integracoes.test.ts:271,0,no,,,approved,codex1,D-47 retranslated
api-test-title-e5877836,api,2,test-title,PATCH e DELETE /v1/gestao/comunicacao/respostas-prontas/:id,Edit and delete saved responses through PATCH and DELETE /v1/management/communication/responses-ready/:id,apps/api/tests/cadastros-atendimento.test.ts:472,0,no,,,approved,codex1,D-47 retranslated
api-test-title-e5c1701b,api,2,test-title,"chave sem o escopo do recurso, 403",Return 403 when an API key lacks the resource scope,apps/api/tests/ponta-a-ponta.test.ts:416,0,no,,,approved,codex1,D-47 retranslated
api-test-title-e63e3773,api,2,test-title,"sem sessão, 401; sem os recados da tela, 400",Return 401 without a session and 400 for missing required fields,apps/api/tests/ciclo-de-vida-do-fluxo.test.ts:272,0,no,,,approved,codex1,D-47 retranslated
api-test-title-e677a34b,api,2,test-title,"e-mail que já é membro é conflito, não convite duplicado",Report an existing member's email as a conflict instead of duplicating an invitation,apps/api/tests/convites.test.ts:209,0,no,,,approved,codex1,D-47 retranslated
api-test-title-e787cc8f,api,2,test-title,WhatsApp: busca metadado e baixa com o mesmo Bearer,"Download WhatsApp media with one Bearer token, verify sha256, and detect MIME from bytes",apps/api/tests/midia-recebida.test.ts:159,0,no,,,approved,codex1,D-47 retranslated
api-test-title-e7bf8843,api,2,test-title,"filtra por período, direção e tipo","Filter message logs by period, direction, and type",apps/api/tests/analise.test.ts:271,0,no,,,approved,codex1,D-47 retranslated
api-test-title-e8d7adf5,api,2,test-title,reautorização (reauthorization_service_spec),Reauthorize disconnected WhatsApp channels (`reauthorization_service_spec`),apps/api/tests/canais.test.ts:396,0,no,,,approved,codex1,D-47 retranslated
api-test-title-e9121f28,api,2,test-title,"dentro do MESMO escopo, a regra mais antiga vence",Prefer the oldest matching rule within the same scope,apps/api/tests/prioridade.test.ts:65,0,no,,,approved,codex1,D-47 retranslated
api-test-title-e986d09d,api,2,test-title,aceita parâmetros POR contato,Accept different template parameters for each contact,apps/api/tests/mensagens-ativas.test.ts:183,0,no,,,approved,codex1,D-47 retranslated
api-test-title-ea20e75e,api,2,test-title,recusa mensagem que não está em falha,Reject retries for messages that are not failed,apps/api/tests/envio-sessao.test.ts:283,0,no,,,approved,codex1,D-47 retranslated
api-test-title-ebf425a1,api,2,test-title,"sessão expirada, 401 — e a mesma resposta de quem não mandou nada",Return the same 401 for expired and absent sessions,apps/api/tests/entrada.test.ts:123,0,no,,,approved,codex1,D-47 retranslated
api-test-title-ec43431b,api,2,test-title,a entrada liga o motor quando a conversa entra na fila,Evaluate priority when a conversation enters a queue,apps/api/tests/prioridade.test.ts:100,0,no,,,approved,codex1,D-47 retranslated
api-test-title-ec480b3a,api,2,test-title,"direção fora da lista é ignorada, não derruba a consulta",Ignore unknown directions without failing the query,apps/api/tests/analise.test.ts:283,0,no,,,approved,codex1,D-47 retranslated
api-test-title-eca3f08c,api,2,test-title,recusa quem não tem nem a permissão no fluxo nem a da conta,Return 403 without either flow or account team permission,apps/api/tests/equipe-do-fluxo.test.ts:261,0,no,,,approved,codex1,D-47 retranslated
api-test-title-ecd6594c,api,2,test-title,"atendente de outro tenant é 404, e id que não é uuid também",Return 404 for another tenant's agent or malformed IDs,apps/api/tests/permissoes-do-atendente.test.ts:226,0,no,,,approved,codex1,D-47 retranslated
api-test-title-ee64f0a9,api,2,test-title,desliga o que o papel dá e grava a negativa,Deny an agent permission granted by the role and store the override,apps/api/tests/permissoes-do-atendente.test.ts:253,0,no,,,approved,codex1,D-47 retranslated
api-test-title-eec04673,api,2,test-title,descrição: vazia vira nula; 1 caractere ou mais de 160 é 400,Store empty descriptions as null and reject lengths of one or over 160 characters,apps/api/tests/ciclo-de-vida-do-fluxo.test.ts:351,0,no,,,approved,codex1,D-47 retranslated
api-test-title-eff88e07,api,2,test-title,grava o evento `encerrada` — sem ele o relatório não sabe que fechou,Record the `encerrada` event so reports recognize conversation closure,apps/api/tests/conversa-eventos.test.ts:108,0,no,,,approved,codex1,D-47 retranslated
api-test-title-f0265d05,api,2,test-title,"aplica com `contato.editar`, lista, remove e audita","Apply, list, remove, and audit contact labels with `contato.editar`",apps/api/tests/etiquetas.test.ts:328,0,no,,,approved,codex1,D-47 retranslated
api-test-title-f07bcce0,api,2,test-title,isolamento entre tenants: regra de um tenant não pega conversa de outro,Never apply one tenant's priority rule to another tenant's conversation,apps/api/tests/prioridade.test.ts:163,0,no,,,approved,codex1,D-47 retranslated
api-test-title-f0b4fbff,api,2,test-title,condição com campo/operador só casa quando a expressão bate,Match a priority condition only when its field and operator expression holds,apps/api/tests/prioridade.test.ts:80,0,no,,,approved,codex1,D-47 retranslated
api-test-title-f1b6f740,api,2,test-title,domínio público é recusado: gmail.com não identifica empresa nenhuma,Reject public email domains that cannot identify a company (`gmail.com`),apps/api/tests/convites.test.ts:456,0,no,,,approved,codex1,D-47 retranslated
api-test-title-f2470eeb,api,2,test-title,mantém o cálculo legado dos demais relatórios ao atravessar DST,Preserve legacy date calculations for other reports across daylight saving transitions,apps/api/tests/historico.test.ts:72,0,no,,,approved,codex1,D-47 retranslated
api-test-title-f29e302c,api,2,test-title,sem pausa.gerenciar é 403,Return 403 without `pausa.gerenciar`,apps/api/tests/cadastros-atendimento.test.ts:547,0,no,,,approved,codex1,D-47 retranslated
api-test-title-f2acdcae,api,2,test-title,"revogada na tela é 401 em qualquer rota, antes de escopo e de cerca",Return 401 for revoked flow keys before checking scope or flow,apps/api/tests/chave-de-fluxo.test.ts:241,0,no,,,approved,codex1,D-47 retranslated
api-test-title-f2bc1266,api,2,test-title,GET/PATCH /v1/gestao/fluxos/:id/boas-vindas,Read and edit the flow welcome message through GET/PATCH `/v1/management/flows/:id/welcome-vindas`,apps/api/tests/configuracao-do-fluxo.test.ts:134,0,no,,,approved,codex1,D-47 retranslated
api-test-title-f31a7c08,api,2,test-title,pagina por cursor sem repetir nem pular mensagem,Page message logs by cursor without duplicates or gaps,apps/api/tests/analise.test.ts:292,0,no,,,approved,codex1,D-47 retranslated
api-test-title-f35c93e4,api,2,test-title,recusa transição inválida — encerrar o que já está encerrado,Reject closing a conversation that is already closed,apps/api/tests/conversa-eventos.test.ts:168,0,no,,,approved,codex1,D-47 retranslated
api-test-title-f3e81f3b,api,2,test-title,preenche as 24 horas sem inventar dados entre os horários retornados pelo banco,Fill all 24 hourly slots with zeroes where the database returned no data,apps/api/tests/monitoramento-resumo.test.ts:31,0,no,,,approved,codex1,D-47 retranslated
api-test-title-f4636117,api,2,test-title,exige etiqueta: conversa fechada sem motivo não explica nada depois,Require a label when closing a conversation to preserve its reason,apps/api/tests/conversa-eventos.test.ts:147,0,no,,,approved,codex1,D-47 retranslated
api-test-title-f4d61cee,api,2,test-title,"lista com o papel de cada um, e recusa quem não tem conta.membros.ler",List each member's role and reject users without conta.membros.ler,apps/api/tests/contrato.test.ts:191,0,no,,,approved,codex1,"fixed: leftover PT token (dictionary gap: ler/texto/como/resultado/servir), gate 2 dry-run sweep; D-47 retranslated"
api-test-title-f4dda47f,api,2,test-title,um job com o tenant de B e a importação de A não acha nada para processar,Do not process another tenant's import job,apps/api/tests/importacao.test.ts:243,0,no,,,approved,codex1,D-47 retranslated
api-test-title-f781c1a1,api,2,test-title,"filtro por período: um dia sem mensagem semeada devolve zero, não a mensagem de outro dia",Return zero for a date with no seeded messages,apps/api/tests/analise.test.ts:176,0,no,,,approved,codex1,D-47 retranslated
api-test-title-f7953d9f,api,2,test-title,sair sem cookie não é erro,Allow logout without a cookie,apps/api/tests/entrada.test.ts:182,0,no,,,approved,codex1,D-47 retranslated
api-test-title-f7975f1b,api,2,test-title,"recusa nome vazio (400), capacidade fora da faixa (400) e nome repetido (409)","Reject empty queue names, out-of-range capacity, and duplicate names",apps/api/tests/cadastros-atendimento.test.ts:174,0,no,,,approved,codex1,D-47 retranslated
api-test-title-f7a9ddc7,api,2,test-title,"sem a permissão tenant.configurar, 403",Return 403 without `tenant.configurar` permission,apps/api/tests/convites.test.ts:486,0,no,,,approved,codex1,D-47 retranslated
api-test-title-f833fe28,api,2,test-title,sem `anexo_ids` (ou vazio) é 400,Return 400 when `anexo_ids` is absent or empty,apps/api/tests/anexos-multiplos.test.ts:224,0,no,,,approved,codex1,D-47 retranslated
api-test-title-f87e493d,api,2,test-title,marca como não lida e como lida; as duas marcações convivem na mesma linha,Mark a conversation unread and read without losing its pin state,apps/api/tests/desk-acoes.test.ts:422,0,no,,,approved,codex1,D-47 retranslated
api-test-title-f8e006b0,api,2,test-title,gestor de outro tenant não alcança o atendente daqui,Prevent another tenant's manager from editing this agent,apps/api/tests/permissoes-do-atendente.test.ts:320,0,no,,,approved,codex1,D-47 retranslated
api-test-title-f8e3261f,api,2,test-title,"CSV malformado falha inteiro, e nada dele entra (data_import_job_spec)",Fail a malformed CSV import atomically (`data_import_job_spec`),apps/api/tests/importacao.test.ts:206,0,no,,,approved,codex1,D-47 retranslated
api-test-title-f9032d0f,api,2,test-title,"recusa texto livre, validade fora de 1–90 e botão longo — sem chamar a Meta","Reject free text, expiry outside 1?90 minutes, and long buttons before calling Meta",apps/api/tests/canais.test.ts:878,0,no,,,approved,codex1,D-47 retranslated
api-test-title-f925ae0a,api,2,test-title,recusa contato duplicado dentro do mesmo disparo,Reject duplicate contacts within one send,apps/api/tests/mensagens-ativas.test.ts:235,0,no,,,approved,codex1,D-47 retranslated
api-test-title-f93cf0e2,api,2,test-title,eventos de modelo pelo webhook (status e recategorização),Update template status and category from webhooks,apps/api/tests/canais.test.ts:951,0,no,,,approved,codex1,D-47 retranslated
api-test-title-fae779f4,api,2,test-title,NÃO conta como primeira resposta — senão o TMR ganharia zeros de graça,Do not count an outbound active message as the first response,apps/api/tests/mensagens-ativas.test.ts:148,0,no,,,approved,codex1,D-47 retranslated
api-test-title-fae85518,api,2,test-title,"domínio público NUNCA roteia, mesmo se alguém conseguir mapeá-lo",Never route public email domains through SSO,apps/api/tests/sso.test.ts:223,0,no,,,approved,codex1,D-47 retranslated
api-test-title-fb9ccc4b,api,2,test-title,"recusa host fora da lista, esquema não https e domínio forjado por sufixo","Reject unlisted hosts, non-HTTPS URLs, and forged host suffixes",apps/api/tests/midia-recebida.test.ts:150,0,no,,,approved,codex1,D-47 retranslated
api-test-title-fc8e9ea2,api,2,test-title,convite,Create and email invitations,apps/api/tests/email.test.ts:232,338,no,,,approved,codex1,D-47 retranslated
api-test-title-fd4e8186,api,2,test-title,token sem permissão de mensagem: recusado com a frase do original,Reject a token without messaging permission using Meta's message,apps/api/tests/canais.test.ts:440,0,no,,,approved,codex1,D-47 retranslated
api-test-title-fdbba096,api,2,test-title,"mostra para quem é sem exigir sessão, e só o mínimo",Show the invitation recipient with minimal details without requiring a session,apps/api/tests/convites.test.ts:252,0,no,,,approved,codex1,D-47 retranslated
api-test-title-fdc94824,api,2,test-title,"mensagem de entrada cria contato, conversa e mensagem, e abre a janela","Create a contact, conversation, and message from an inbound webhook and open the window",apps/api/tests/ponta-a-ponta.test.ts:112,0,no,,,approved,codex1,D-47 retranslated
api-test-title-feddaa1e,api,2,test-title,cria o convite e devolve o link — e o banco só guarda o hash,Return an invitation link while storing only its token hash,apps/api/tests/convites.test.ts:145,0,no,,,approved,codex1,D-47 retranslated
api-ts-local-00048512,api,2,ts-local,coluna,column,apps/api/src/dominio/whatsapp/canal.ts:50,520,no,,,approved,codex1,
api-ts-local-00a02983,api,2,ts-local,contatoId,contactId,apps/api/src/dominio/entrada.ts:481,226,no,,,approved,codex1,
api-ts-local-00cf5b66,api,2,ts-local,atendenteId,agentId,apps/api/src/dominio/desk/marcacoes.ts:130,217,no,,,approved,codex1,
api-ts-local-015dcd04,api,2,ts-local,prefixo,prefix,apps/api/src/autenticacao.ts:219,89,no,,,approved,codex1,
api-ts-local-01a1acad,api,2,ts-local,variaveis,variables,apps/api/src/dominio/twenty.ts:86,134,no,,,approved,codex1,
api-ts-local-01c7f5c8,api,2,ts-local,conversaId,conversationId,apps/api/src/dominio/desk/acoes.ts:306,523,no,,,approved,codex1,
api-ts-local-0264a097,api,2,ts-local,segredo,secret,apps/api/src/controladores/webhooks-whatsapp.ts:182,212,no,,,approved,codex1,
api-ts-local-02a5970c,api,2,ts-local,avaliarPrioridade,avaliarPriority,apps/api/tests/prioridade.test.ts:10,18,no,,,approved,codex1,
api-ts-local-02ee8dc7,api,2,ts-local,_dados,unusedData,apps/api/src/dominio/desk/acoes.ts:103,2,no,,,approved,sonnet,
api-ts-local-033731af,api,2,ts-local,erro,error,apps/api/src/dominio/rastreador-de-cliques.ts:112,1478,no,,,approved,codex1,
api-ts-local-036b61b2,api,2,ts-local,usuarioId,userId,apps/api/src/dominio/sso.ts:103,604,no,,,approved,codex1,
api-ts-local-0520b53b,api,2,ts-local,valor,value,apps/api/src/webhooks-saida.ts:137,1656,no,,,approved,codex1,
api-ts-local-0553b21d,api,2,ts-local,entrarComSso,loginWithSso,apps/api/tests/sso.test.ts:12,9,no,,,approved,codex1,
api-ts-local-057a8a97,api,2,ts-local,usuarioId,userId,apps/api/src/dominio/whatsapp/perfil.ts:182,604,no,,,approved,codex1,
api-ts-local-060ab0f0,api,2,ts-local,chave,key,apps/api/src/dominio/gestao/pfx.ts:322,1153,no,,,approved,codex1,
api-ts-local-06703d70,api,2,ts-local,execucaoId,executionId,apps/api/src/dominio/fluxo.ts:670,21,no,,,approved,codex1,
api-ts-local-06a6b660,api,2,ts-local,chave,key,apps/api/src/webhooks-saida.ts:137,1153,no,,,approved,codex1,
api-ts-local-07954a59,api,2,ts-local,entrada,inbound,apps/api/src/controladores/webhooks-whatsapp.ts:132,473,no,,,approved,codex1,
api-ts-local-079ab6bd,api,2,ts-local,contato,contact,apps/api/tests/instagram.test.ts:251,1026,no,,,approved,codex1,
api-ts-local-07cf437b,api,2,ts-local,fecharBanco,closeDatabase,apps/api/tests/instagram.test.ts:15,35,no,,,approved,codex1,
api-ts-local-07dc2268,api,2,ts-local,linkDaMidia,linkOfMedia,apps/api/src/dominio/envio.ts:483,3,no,,,approved,codex1,
api-ts-local-08a52c6c,api,2,ts-local,encerrarConversa,closeConversation,apps/api/tests/fluxo.test.ts:16,11,no,,,approved,codex1,
api-ts-local-090cd07d,api,2,ts-local,entrada,inbound,apps/api/src/dominio/entrada.ts:204,473,no,,,approved,codex1,
api-ts-local-093fdc35,api,2,ts-local,subirApi,upApi,apps/api/tests/desk-acoes.test.ts:13,114,no,,,approved,codex1,
api-ts-local-094537c7,api,2,ts-local,conviteId,invitationId,apps/api/src/dominio/gestao/contrato.ts:352,15,no,,,approved,codex1,
api-ts-local-096ad970,api,2,ts-local,valor,value,apps/api/src/dominio/entrada.ts:151,1656,no,,,approved,codex1,
api-ts-local-09a07ebc,api,2,ts-local,atendente,agent,apps/api/tests/email.test.ts:326,768,no,,,approved,codex1,
api-ts-local-09dbad51,api,2,ts-local,payloadDeMensagem,payloadOfMessage,apps/api/tests/canal-do-fluxo.test.ts:22,20,no,,,approved,codex1,
api-ts-local-0a06bb82,api,2,ts-local,requisicao,request,apps/api/src/controladores/gestao-integracoes.ts:102,450,no,,,approved,codex1,
api-ts-local-0ab2156d,api,2,ts-local,permissoes,permissions,apps/api/src/controladores/entrar.ts:402,149,no,,,approved,codex1,
api-ts-local-0b54cdb1,api,2,ts-local,usuarioId,userId,apps/api/src/dominio/gestao/cadastros.ts:1061,604,no,,,approved,codex1,
api-ts-local-0b9d29bb,api,2,ts-local,definirEstado,defineState,apps/api/tests/sso.test.ts:16,12,no,,,approved,codex1,
api-ts-local-0baa4241,api,2,ts-local,erro,error,apps/api/src/provisionar.ts:303,1478,no,,,approved,codex1,
api-ts-local-0bb19c38,api,2,ts-local,usuarioId,userId,apps/api/src/dominio/messenger/canal.ts:38,604,no,,,approved,codex1,
api-ts-local-0c2b728a,api,2,symbol,ErroPipe,PipeError,apps/api/tests/canais.test.ts:21,243,no,,,approved,sonnet,
api-ts-local-0ce50047,api,2,ts-local,criarToken,createToken,apps/api/tests/conversa-eventos.test.ts:11,68,no,,,approved,codex1,
api-ts-local-0da9eb98,api,2,ts-local,conversaId,conversationId,apps/api/tests/palavras-proibidas.test.ts:142,523,no,,,approved,codex1,
api-ts-local-0dd1288a,api,2,ts-local,janela,window,apps/api/tests/anexos-multiplos.test.ts:103,260,no,,,approved,codex1,
api-ts-local-0e0d8a74,api,2,ts-local,valor,value,apps/api/src/dominio/gestao/cores-de-fila.ts:25,1656,no,,,approved,codex1,
api-ts-local-0e43760e,api,2,ts-local,criarModeloNaMeta,createTemplateInMeta,apps/api/tests/canais.test.ts:34,16,no,,,approved,codex1,
api-ts-local-0e8694d7,api,2,ts-local,segredo,secret,apps/api/src/webhooks-saida.ts:48,212,no,,,approved,codex1,
api-ts-local-0f1236d2,api,2,ts-local,atendenteId,agentId,apps/api/src/dominio/gestao/cadastros.ts:1458,217,no,,,approved,codex1,
api-ts-local-0fe93b0b,api,2,ts-local,fracao,fraction,apps/api/src/dominio/gestao/formato.ts:37,39,no,,,approved,codex1,
api-ts-local-1012b407,api,2,ts-local,posicaoRows,positionRows,apps/api/tests/gerar-fixtures-jsonb.helper.ts:245,2,no,,,approved,codex1,
api-ts-local-103a9eab,api,2,ts-local,mensagem,message,apps/api/src/dominio/whatsapp/perfil.ts:66,1267,no,,,approved,codex1,
api-ts-local-1151f588,api,2,ts-local,valor,value,apps/api/tests/ajuda-pfx.ts:69,1656,no,,,approved,codex1,
api-ts-local-1222ddff,api,2,ts-local,sessao,session,apps/api/tests/contrato.test.ts:130,382,no,,,approved,codex1,
api-ts-local-13604e6c,api,2,ts-local,erro,error,apps/api/src/dominio/canais.ts:108,1478,no,,,approved,codex1,
api-ts-local-137af020,api,2,ts-local,atendentes,agents,apps/api/src/controladores/gestao-cadastros.ts:465,309,no,,,approved,codex1,
api-ts-local-13ca734b,api,2,ts-local,contatoId,contactId,apps/api/src/dominio/gestao-fluxo.ts:113,226,no,,,approved,codex1,
api-ts-local-14031fcf,api,2,ts-local,subirApi,upApi,apps/api/tests/envio-sessao.test.ts:12,114,no,,,approved,codex1,
api-ts-local-1460de47,api,2,ts-local,dados,data,apps/api/src/dominio/whatsapp/validacao-da-configuracao-manual.ts:43,669,no,,,approved,codex1,
api-ts-local-148f2b45,api,2,ts-local,requisicao,request,apps/api/src/controladores/desk.ts:117,450,no,,,approved,codex1,
api-ts-local-15065822,api,2,ts-local,fluxoId,flowId,apps/api/src/dominio/gestao-analise.ts:223,504,no,,,approved,codex1,
api-ts-local-15092e35,api,2,ts-local,usuarios,users,apps/api/tests/ciclo-de-vida-do-fluxo.test.ts:54,36,no,,,approved,codex1,
api-ts-local-151d5d54,api,2,ts-local,valor,value,apps/api/src/controladores/desk.ts:61,1656,no,,,approved,codex1,
api-ts-local-1533429e,api,2,ts-local,usuarioId,userId,apps/api/src/controladores/minha-conta.ts:375,604,no,,,approved,codex1,
api-ts-local-157f83be,api,2,ts-local,arquivo,file,apps/api/tests/gerar-fixtures-jsonb.helper.ts:37,462,no,,,approved,codex1,
api-ts-local-15bb386b,api,2,ts-local,entrada,inbound,apps/api/src/dominio/fluxo.ts:412,473,no,,,approved,codex1,
api-ts-local-15bd6048,api,2,ts-local,porDia,byDay,apps/api/src/dominio/gestao-analise.ts:113,8,no,,,approved,codex1,
api-ts-local-173d61e8,api,2,ts-local,sessao,session,apps/api/tests/configuracao-do-fluxo.test.ts:87,382,no,,,approved,codex1,
api-ts-local-176f6270,api,2,ts-local,mensagem,message,apps/api/src/dominio/fluxo.ts:411,1267,no,,,approved,codex1,
api-ts-local-178718d8,api,2,ts-local,usuarios,users,apps/api/tests/etiquetas.test.ts:45,36,no,,,approved,codex1,
api-ts-local-17a61de2,api,2,ts-local,sessao,session,apps/api/tests/equipe-do-fluxo.test.ts:114,382,no,,,approved,codex1,
api-ts-local-17ae7f81,api,2,ts-local,usuarios,users,apps/api/tests/canal-do-fluxo.test.ts:53,36,no,,,approved,codex1,
api-ts-local-181ad322,api,2,ts-local,conversaId,conversationId,apps/api/tests/conversa-eventos.test.ts:100,523,no,,,approved,codex1,
api-ts-local-181b9b69,api,2,ts-local,conversaId,conversationId,apps/api/tests/envio-sessao.test.ts:197,523,no,,,approved,codex1,
api-ts-local-18305b57,api,2,symbol,LoginErro,LoginError,apps/api/tests/entrada.test.ts:19,35,no,,,approved,sonnet,
api-ts-local-18530a0b,api,2,ts-local,contatoId,contactId,apps/api/src/dominio/etiquetas.ts:216,226,no,,,approved,codex1,
api-ts-local-185747a2,api,2,ts-local,aceitarConvite,aceitarInvitation,apps/api/tests/convites.test.ts:19,11,no,,,approved,codex1,
api-ts-local-18809dd3,api,2,ts-local,escopo,scope,apps/api/tests/etiquetas.test.ts:100,227,no,,,approved,codex1,
api-ts-local-18bdf839,api,2,ts-local,importarFluxoDaBlip,importFlowOfBlip,apps/api/tests/fluxo.test.ts:15,16,no,,,approved,codex1,
api-ts-local-18d2c04e,api,2,ts-local,escopo,scope,apps/api/src/dominio/etiquetas.ts:42,227,no,,,approved,codex1,
api-ts-local-18d85ce8,api,2,ts-local,busca,search,apps/api/src/controladores/desk.ts:128,420,no,,,approved,codex1,
api-ts-local-1925273d,api,2,ts-local,filaId,queueId,apps/api/src/dominio/fluxo.ts:733,170,no,,,approved,codex1,
api-ts-local-1927e763,api,2,ts-local,baixarMidiaDoAnexo,baixarMediaOfAttachment,apps/api/tests/midia-recebida.test.ts:15,19,no,,,approved,codex1,
api-ts-local-19b440cc,api,2,ts-local,contatoId,contactId,apps/api/src/dominio/fluxo.ts:916,226,no,,,approved,codex1,
api-ts-local-1a2dd3f4,api,2,ts-local,criarToken,createToken,apps/api/tests/transferencia.test.ts:11,68,no,,,approved,codex1,
api-ts-local-1a53461e,api,2,ts-local,escopoId,scopeId,apps/api/src/dominio/gestao/regras-sla.ts:121,74,no,,,approved,codex1,
api-ts-local-1a7ebcb4,api,2,ts-local,erro,error,apps/api/src/dominio/whatsapp/criacao-de-canal.ts:125,1478,no,,,approved,codex1,
api-ts-local-1ae443a1,api,2,ts-local,usuarioId,userId,apps/api/src/dominio/importacao-de-contatos.ts:66,604,no,,,approved,codex1,
api-ts-local-1b5f0a95,api,2,ts-local,canalId,channelId,apps/api/tests/canal-do-fluxo.test.ts:144,387,no,,,approved,codex1,
api-ts-local-1bd8cc42,api,2,ts-local,mensagem,message,apps/api/src/dominio/whatsapp/cliente-graph.ts:251,1267,no,,,approved,codex1,
api-ts-local-1cbabb44,api,2,ts-local,canal,channel,apps/api/src/tempo-real.ts:62,970,no,,,approved,codex1,
api-ts-local-1d2bd69a,api,2,ts-local,configuracao,configuration,apps/api/src/dominio/gestao/configuracao-do-fluxo.ts:107,31,no,,,approved,codex1,
api-ts-local-1dc6c8a6,api,2,ts-local,subirApi,upApi,apps/api/tests/anexos.test.ts:11,114,no,,,approved,codex1,
api-ts-local-1de5b1c7,api,2,ts-local,canal,channel,apps/api/src/dominio/whatsapp/canal.ts:123,970,no,,,approved,codex1,
api-ts-local-1e37579b,api,2,ts-local,paginaId,pageId,apps/api/src/dominio/messenger/cliente-graph.ts:11,35,no,,,approved,codex1,
api-ts-local-1e6fa191,api,2,ts-local,gravarPreferencias,writePreferences,apps/api/tests/canais.test.ts:37,9,no,,,approved,codex1,
api-ts-local-1ee3eba5,api,2,ts-local,requisicao,request,apps/api/src/controladores/rastreador-de-cliques.ts:45,450,no,,,approved,codex1,
api-ts-local-1f10de43,api,2,ts-local,executarCadastroEmbutido,executarRegistrationEmbutido,apps/api/tests/canais.test.ts:28,5,no,,,approved,codex1,
api-ts-local-1f51879e,api,2,ts-local,criarImportacao,createImport,apps/api/tests/importacao.test.ts:15,5,no,,,approved,codex1,
api-ts-local-1fa10cdd,api,2,ts-local,erro,error,apps/api/src/dominio/messenger/canal.ts:26,1478,no,,,approved,codex1,
api-ts-local-202e26aa,api,2,ts-local,resolverCanal,resolverChannel,apps/api/tests/email.test.ts:18,25,no,,,approved,codex1,
api-ts-local-20d38a86,api,2,ts-local,papel,role,apps/api/tests/equipe-do-fluxo.test.ts:145,521,no,,,approved,codex1,
api-ts-local-21061af1,api,2,ts-local,contatoId,contactId,apps/api/src/dominio/mensagem-ativa.ts:261,226,no,,,approved,codex1,
api-ts-local-211c87b0,api,2,ts-local,canalRows,channelRows,apps/api/tests/gerar-fixtures-jsonb.helper.ts:201,2,no,,,approved,codex1,
api-ts-local-21901dee,api,2,ts-local,erro,error,apps/api/src/importar-fluxo.ts:44,1478,no,,,approved,codex1,
api-ts-local-221ded81,api,2,ts-local,canalId,channelId,apps/api/src/dominio/gestao/comunicacao.ts:120,387,no,,,approved,codex1,
api-ts-local-2257848e,api,2,ts-local,segredo,secret,apps/api/tests/instagram.test.ts:87,212,no,,,approved,codex1,
api-ts-local-22d20138,api,2,ts-local,filtros,filters,apps/api/src/controladores/conversas.ts:419,91,no,,,approved,codex1,
api-ts-local-236b3388,api,2,ts-local,condicao,condition,apps/api/src/dominio/gestao/prioridade-motor.ts:79,123,no,,,approved,codex1,
api-ts-local-23fc66f0,api,2,ts-local,contagem,count,apps/api/src/dominio/gestao/integracoes.ts:183,134,no,,,approved,codex1,
api-ts-local-241d961f,api,2,ts-local,fila,queue,apps/api/src/controladores/gestao-operacao.ts:137,993,no,,,approved,codex1,
api-ts-local-24216762,api,2,ts-local,enviarMensagem,sendMessage,apps/api/tests/messenger.test.ts:15,17,no,,,approved,codex1,
api-ts-local-243f767a,api,2,ts-local,conversas,conversations,apps/api/tests/cadastros-atendimento.test.ts:869,540,no,,,approved,codex1,
api-ts-local-252b9fda,api,2,ts-local,filtro,filter,apps/api/src/dominio/gestao/atendimento.ts:159,231,no,,,approved,codex1,
api-ts-local-256ec740,api,2,ts-local,primeiro,first,apps/api/src/dominio/instagram/entrada.ts:98,258,no,,,approved,codex1,
api-ts-local-25d44847,api,2,ts-local,fluxos,flows,apps/api/src/dominio/gestao/contrato.ts:65,276,no,,,approved,codex1,
api-ts-local-25ffcd36,api,2,ts-local,posicao,position,apps/api/tests/canal-do-fluxo.test.ts:454,84,no,,,approved,codex1,
api-ts-local-2638f7e2,api,2,ts-local,requisicao,request,apps/api/src/autenticacao.ts:100,450,no,,,approved,codex1,
api-ts-local-267609b5,api,2,ts-local,execucaoRows,executionRows,apps/api/tests/gerar-fixtures-jsonb.helper.ts:105,2,no,,,approved,codex1,
api-ts-local-272fbf3a,api,2,ts-local,subirApi,upApi,apps/api/tests/messenger.test.ts:14,114,no,,,approved,codex1,
api-ts-local-276085ea,api,2,ts-local,erro,error,apps/api/src/dominio/dominios.ts:114,1478,no,,,approved,codex1,
api-ts-local-2783da21,api,2,ts-local,usuarioId,userId,apps/api/tests/cadastros-atendimento.test.ts:77,604,no,,,approved,codex1,
api-ts-local-27deee79,api,2,ts-local,lerDicionario,readDictionary,apps/api/tests/dicionario-crm.test.ts:14,5,no,,,approved,codex1,"fixed: leftover PT token (dictionary gap: ler/texto/como/resultado/servir), gate 2 dry-run sweep"
api-ts-local-27f5b5c8,api,2,ts-local,payloadDeMensagem,payloadOfMessage,apps/api/tests/builder-por-fluxo.test.ts:18,20,no,,,approved,codex1,
api-ts-local-2817ce3c,api,2,ts-local,renovarTokenDoCanal,renovarTokenOfChannel,apps/api/tests/instagram.test.ts:24,6,no,,,approved,codex1,
api-ts-local-28255ded,api,2,ts-local,cadastroDeContaHabilitado,registrationOfAccountEnabled,apps/api/tests/contas.test.ts:11,11,no,,,approved,codex1,
api-ts-local-28453eb5,api,2,ts-local,emAndamento,inProgress,apps/api/src/dominio/gestao/regras-sla.ts:279,4,no,,,approved,codex1,
api-ts-local-2848ee0a,api,2,ts-local,conta,account,apps/api/src/controladores/entrar.ts:330,808,no,,,approved,codex1,
api-ts-local-28c8a3b8,api,2,ts-local,servicoId,serviceId,apps/api/src/controladores/gestao-fluxo.ts:471,22,no,,,approved,codex1,
api-ts-local-2963a977,api,2,ts-local,usuarios,users,apps/api/tests/equipe-do-fluxo.test.ts:58,36,no,,,approved,codex1,
api-ts-local-298600e0,api,2,ts-local,canalId,channelId,apps/api/src/dominio/whatsapp/perfil.ts:100,387,no,,,approved,codex1,
api-ts-local-29a9f88f,api,2,ts-local,criarToken,createToken,apps/api/tests/growth.test.ts:11,68,no,,,approved,codex1,
api-ts-local-29e4319c,api,2,ts-local,importarFluxoDaBlip,importFlowOfBlip,apps/api/tests/canal-do-fluxo.test.ts:20,16,no,,,approved,codex1,
api-ts-local-29eb5299,api,2,ts-local,criarConvite,createInvitation,apps/api/tests/email.test.ts:16,14,no,,,approved,codex1,
api-ts-local-2a0ba535,api,2,ts-local,dados,data,apps/api/src/dominio/gestao/acoes/atendentes.ts:47,669,no,,,approved,codex1,
api-ts-local-2a6f84b0,api,2,ts-local,erro,error,apps/api/src/dominio/gestao/acoes/configuracoes.ts:122,1478,no,,,approved,codex1,
api-ts-local-2a86493a,api,2,ts-local,valor,value,apps/api/tests/roteador.test.ts:349,1656,no,,,approved,codex1,
api-ts-local-2acef0e3,api,2,ts-local,canalId,channelId,apps/api/src/dominio/gestao/canal-do-fluxo.ts:157,387,no,,,approved,codex1,
api-ts-local-2afd91f2,api,2,ts-local,contexto,context,apps/api/src/controladores/entrar.ts:208,300,no,,,approved,codex1,
api-ts-local-2bdc0690,api,2,ts-local,payloadDeMensagem,payloadOfMessage,apps/api/tests/prioridade.test.ts:14,20,no,,,approved,codex1,
api-ts-local-2bf481ca,api,2,ts-local,filas,queues,apps/api/src/dominio/whatsapp/criacao-de-canal.ts:108,297,no,,,approved,codex1,
api-ts-local-2c0ef8db,api,2,ts-local,criarToken,createToken,apps/api/tests/entrada.test.ts:19,68,no,,,approved,codex1,
api-ts-local-2c1809c2,api,2,ts-local,usuario,user,apps/api/src/controladores/entrar.ts:429,347,no,,,approved,codex1,
api-ts-local-2c75a7d4,api,2,ts-local,coluna,column,apps/api/src/dominio/importacao-de-contatos.ts:38,520,no,,,approved,codex1,
api-ts-local-2c7c546e,api,2,ts-local,subirApi,upApi,apps/api/tests/convites.test.ts:18,114,no,,,approved,codex1,
api-ts-local-2c8d22c4,api,2,ts-local,valor,value,apps/api/src/dominio/whatsapp/perfil.ts:117,1656,no,,,approved,codex1,
api-ts-local-2c91d9ea,api,2,ts-local,consulta,query,apps/api/src/controladores/conversas.ts:169,333,no,,,approved,codex1,
api-ts-local-2c9303e1,api,2,ts-local,fluxos,flows,apps/api/tests/builder-por-fluxo.test.ts:456,276,no,,,approved,codex1,
api-ts-local-2caf7cc8,api,2,ts-local,conversaId,conversationId,apps/api/tests/desk-acoes.test.ts:381,523,no,,,approved,codex1,
api-ts-local-2d2682c0,api,2,ts-local,erro,error,apps/api/src/controladores/sso.ts:190,1478,no,,,approved,codex1,
api-ts-local-2d50bdde,api,2,ts-local,papel,role,apps/api/tests/importacao.test.ts:42,521,no,,,approved,codex1,
api-ts-local-2d688d61,api,2,ts-local,requisicao,request,apps/api/src/controladores/webhooks-instagram.ts:43,450,no,,,approved,codex1,
api-ts-local-2d8c8407,api,2,ts-local,usuarioId,userId,apps/api/tests/equipe-do-fluxo.test.ts:144,604,no,,,approved,codex1,
api-ts-local-2dffacb8,api,2,ts-local,erro,error,apps/api/src/controladores/entrar.ts:167,1478,no,,,approved,codex1,
api-ts-local-2e59b3d4,api,2,ts-local,entrarComGoogle,loginWithGoogle,apps/api/tests/sso.test.ts:12,7,no,,,approved,codex1,
api-ts-local-2e6e681f,api,2,ts-local,escopo,scope,apps/api/src/autenticacao.ts:197,227,no,,,approved,codex1,
api-ts-local-2e99cffb,api,2,ts-local,erro,error,apps/api/src/dominio/midia.ts:147,1478,no,,,approved,codex1,
api-ts-local-2ea6ab98,api,2,symbol,TwentyErro,TwentyError,apps/api/tests/twenty.test.ts:13,16,no,,,approved,sonnet,
api-ts-local-2ebd786d,api,2,ts-local,atendenteId,agentId,apps/api/src/dominio/desk/consultas.ts:134,217,no,,,approved,codex1,
api-ts-local-2f3a845a,api,2,ts-local,consulta,query,apps/api/src/dominio/gestao-analise.ts:308,333,no,,,approved,codex1,
api-ts-local-2f930beb,api,2,ts-local,bloco,block,apps/api/src/dominio/gestao/builder-do-fluxo.ts:255,665,no,,,approved,codex1,
api-ts-local-306cff1a,api,2,ts-local,criarToken,createToken,apps/api/tests/analise.test.ts:11,68,no,,,approved,codex1,
api-ts-local-30b52497,api,2,ts-local,usuarioId,userId,apps/api/src/dominio/whatsapp/estado-de-conexao.ts:35,604,no,,,approved,codex1,
api-ts-local-31ab0f22,api,2,ts-local,mensagem,message,apps/api/src/dominio/whatsapp/modelos.ts:108,1267,no,,,approved,codex1,
api-ts-local-31b5f8fb,api,2,ts-local,consulta,query,apps/api/tests/ajuda.ts:35,333,no,,,approved,codex1,
api-ts-local-31ece2e8,api,2,ts-local,usuarioId,userId,apps/api/src/dominio/gestao/canal-do-fluxo.ts:135,604,no,,,approved,codex1,
api-ts-local-322205dd,api,2,ts-local,canalId,channelId,apps/api/src/controladores/webhooks-instagram.ts:25,387,no,,,approved,codex1,
api-ts-local-32321037,api,2,ts-local,criarToken,createToken,apps/api/tests/anexos-multiplos.test.ts:13,68,no,,,approved,codex1,
api-ts-local-323d0a71,api,2,ts-local,valor,value,apps/api/src/controladores/gestao-cadastros.ts:38,1656,no,,,approved,codex1,
api-ts-local-326c84f2,api,2,symbol,ErroPipe,PipeError,apps/api/tests/convites.test.ts:24,243,no,,,approved,sonnet,
api-ts-local-329f5cd8,api,2,ts-local,subirApi,upApi,apps/api/tests/prioridade.test.ts:13,114,no,,,approved,codex1,
api-ts-local-32ac4410,api,2,ts-local,dados,data,apps/api/src/dominio/convites.ts:130,669,no,,,approved,codex1,
api-ts-local-32d7d3a2,api,2,ts-local,canalId,channelId,apps/api/src/filas.ts:71,387,no,,,approved,codex1,
api-ts-local-32db37f3,api,2,ts-local,filaId,queueId,apps/api/tests/desk-acoes.test.ts:92,170,no,,,approved,codex1,
api-ts-local-3311c103,api,2,ts-local,conexoesVivas,connectionsVivas,apps/api/tests/tempo-real.test.ts:18,9,no,,,approved,codex1,
api-ts-local-331522f3,api,2,ts-local,valor,value,apps/api/src/dominio/conversa.ts:477,1656,no,,,approved,codex1,
api-ts-local-33915e0e,api,2,ts-local,usuarioId,userId,apps/api/src/controladores/canais.ts:275,604,no,,,approved,codex1,
api-ts-local-33c4a144,api,2,symbol,EntradaRecusada,InboundRefused,apps/api/tests/sso.test.ts:12,19,no,,,approved,sonnet,
api-ts-local-33c9480d,api,2,ts-local,segredo,secret,apps/api/src/autenticacao.ts:219,212,no,,,approved,codex1,
api-ts-local-33e33430,api,2,ts-local,usuarioId,userId,apps/api/src/dominio/gestao/servicos-do-roteador.ts:253,604,no,,,approved,codex1,
api-ts-local-33fa172e,api,2,ts-local,busca,search,apps/api/src/controladores/gestao-analise.ts:241,420,no,,,approved,codex1,
api-ts-local-340c9e45,api,2,ts-local,valores,values,apps/api/src/dominio/gestao/configuracoes.ts:411,140,no,,,approved,codex1,
api-ts-local-3523507d,api,2,ts-local,ID_DO_ATENDIMENTO_PADRAO,ID_OF_ATTENDANCE_DEFAULT,apps/api/tests/builder-por-fluxo.test.ts:14,6,no,,,approved,codex1,
api-ts-local-35517d35,api,2,ts-local,roteadorRows,routerRows,apps/api/tests/gerar-fixtures-jsonb.helper.ts:217,2,no,,,approved,codex1,
api-ts-local-35af6130,api,2,ts-local,erro,error,apps/api/src/dominio/whatsapp/configuracao-de-webhook.ts:118,1478,no,,,approved,codex1,
api-ts-local-35b87a44,api,2,ts-local,roteadorId,routerId,apps/api/src/dominio/gestao/servicos-do-roteador.ts:169,52,no,,,approved,codex1,
api-ts-local-361f2a5a,api,2,ts-local,permissoes,permissions,apps/api/tests/canal-do-fluxo.test.ts:51,149,no,,,approved,codex1,
api-ts-local-3770f4a8,api,2,ts-local,chave,key,apps/api/tests/integracoes.test.ts:262,1153,no,,,approved,codex1,
api-ts-local-3786840b,api,2,ts-local,valor,value,apps/api/src/dominio/whatsapp/preferencias.ts:67,1656,no,,,approved,codex1,
api-ts-local-381854ae,api,2,ts-local,criarBanco,createDatabase,apps/api/tests/contas.test.ts:8,49,no,,,approved,codex1,
api-ts-local-3819debe,api,2,ts-local,valor,value,apps/api/tests/monitoramento-resumo.test.ts:4,1656,no,,,approved,codex1,
api-ts-local-386b5be4,api,2,ts-local,requisicao,request,apps/api/src/controladores/canais-instagram.ts:20,450,no,,,approved,codex1,
api-ts-local-3888a7d7,api,2,ts-local,chamadaDestino,chamadaDestination,apps/api/tests/integracoes.test.ts:599,2,no,,,approved,codex1,
api-ts-local-388ad714,api,2,ts-local,subirApi,upApi,apps/api/tests/cadastros-atendimento.test.ts:13,114,no,,,approved,codex1,
api-ts-local-389fcb95,api,2,ts-local,subirApi,upApi,apps/api/tests/equipe-do-fluxo.test.ts:13,114,no,,,approved,codex1,
api-ts-local-38f79a44,api,2,ts-local,subirApi,upApi,apps/api/tests/instagram.test.ts:18,114,no,,,approved,codex1,
api-ts-local-390d7180,api,2,ts-local,usuarioId,userId,apps/api/src/dominio/whatsapp/modelos.ts:189,604,no,,,approved,codex1,
api-ts-local-392a3343,api,2,ts-local,capacidadeOverride,capacityOverride,apps/api/src/dominio/gestao/cadastros.ts:1459,20,no,,,approved,codex1,
api-ts-local-393f940f,api,2,ts-local,requisicao,request,apps/api/src/controladores/minha-conta.ts:181,450,no,,,approved,codex1,
api-ts-local-39a0bda2,api,2,ts-local,requisicao,request,apps/api/src/controladores/gestao-analise.ts:110,450,no,,,approved,codex1,
api-ts-local-39bec1fa,api,2,ts-local,chave,key,apps/api/src/autenticacao.ts:149,1153,no,,,approved,codex1,
api-ts-local-3a8638fd,api,2,ts-local,valor,value,apps/api/src/controladores/gestao-integracoes.ts:43,1656,no,,,approved,codex1,
api-ts-local-3af9975d,api,2,ts-local,criarToken,createToken,apps/api/tests/desk-acoes.test.ts:12,68,no,,,approved,codex1,
api-ts-local-3b352281,api,2,ts-local,dados,data,apps/api/tests/ajuda-pfx.ts:125,669,no,,,approved,codex1,
api-ts-local-3b3ae328,api,2,ts-local,subirApi,upApi,apps/api/tests/builder-por-fluxo.test.ts:15,114,no,,,approved,codex1,
api-ts-local-3b3c8471,api,2,ts-local,coluna,column,apps/api/src/dominio/canais.ts:48,520,no,,,approved,codex1,
api-ts-local-3b6490b9,api,2,ts-local,conversas,conversations,apps/api/src/dominio/gestao/atendimento.ts:110,540,no,,,approved,codex1,
api-ts-local-3b735ad7,api,2,ts-local,usuarioId,userId,apps/api/src/dominio/convites.ts:419,604,no,,,approved,codex1,
api-ts-local-3ba28e2e,api,2,ts-local,usuarioId,userId,apps/api/src/dominio/gestao/regras-sla.ts:160,604,no,,,approved,codex1,
api-ts-local-3ba948fc,api,2,ts-local,contato,contact,apps/api/src/dominio/gestao-analise.ts:71,1026,no,,,approved,codex1,
api-ts-local-3beebde5,api,2,ts-local,dados,data,apps/api/src/dominio/gestao/acoes/regras.ts:110,669,no,,,approved,codex1,
api-ts-local-3c804d7a,api,2,ts-local,periodo,period,apps/api/src/dominio/gestao-analise.ts:286,57,no,,,approved,codex1,
api-ts-local-3e15dc1a,api,2,ts-local,semear,seed,apps/api/tests/importacao.test.ts:12,55,no,,,approved,codex1,
api-ts-local-3ef55d9c,api,2,ts-local,fluxos,flows,apps/api/tests/ciclo-de-vida-do-fluxo.test.ts:470,276,no,,,approved,codex1,
api-ts-local-3f244d18,api,2,ts-local,usarArmazenamento,useStorage,apps/api/tests/anexos.test.ts:13,14,no,,,approved,codex1,
api-ts-local-3f62b506,api,2,ts-local,valor,value,apps/api/src/dominio/desk/marcacoes.ts:32,1656,no,,,approved,codex1,
api-ts-local-3f8a6d90,api,2,ts-local,fluxoId,flowId,apps/api/src/dominio/fluxo.ts:672,504,no,,,approved,codex1,
api-ts-local-3fce31e2,api,2,ts-local,migrar,migrate,apps/api/tests/messenger.test.ts:12,52,no,,,approved,codex1,
api-ts-local-4008165e,api,2,ts-local,requisicao,request,apps/api/src/controladores/etiquetas.ts:103,450,no,,,approved,codex1,
api-ts-local-4020ef6f,api,2,ts-local,valor,value,apps/api/src/dominio/desk/metricas.ts:31,1656,no,,,approved,codex1,
api-ts-local-405ad555,api,2,ts-local,chave,key,apps/api/src/dominio/messenger/cliente-graph.ts:25,1153,no,,,approved,codex1,
api-ts-local-4082d1ed,api,2,ts-local,conversaId,conversationId,apps/api/tests/builder-por-fluxo.test.ts:250,523,no,,,approved,codex1,
api-ts-local-40ef0e6d,api,2,ts-local,blocoPorCodigo,blockByCode,apps/api/src/dominio/fluxo.ts:295,12,no,,,approved,codex1,
api-ts-local-41e31447,api,2,ts-local,subirApi,upApi,apps/api/tests/contatos-editar.test.ts:13,114,no,,,approved,codex1,
api-ts-local-424c94d3,api,2,ts-local,subirApi,upApi,apps/api/tests/conversa-eventos.test.ts:12,114,no,,,approved,codex1,
api-ts-local-42867dff,api,2,ts-local,anexoId,attachmentId,apps/api/src/dominio/midia.ts:92,70,no,,,approved,codex1,
api-ts-local-42e2c0eb,api,2,ts-local,conversa,conversation,apps/api/src/dominio/fluxo.ts:221,1270,no,,,approved,codex1,
api-ts-local-436d4541,api,2,ts-local,usuarioId,userId,apps/api/src/eventos-ws.ts:109,604,no,,,approved,codex1,
api-ts-local-438bd34c,api,2,ts-local,permissao,permission,apps/api/tests/email.test.ts:60,54,no,,,approved,codex1,
api-ts-local-43d97934,api,2,ts-local,subirApi,upApi,apps/api/tests/growth.test.ts:12,114,no,,,approved,codex1,
api-ts-local-4415e792,api,2,ts-local,filas,queues,apps/api/tests/monitoramento-conversas.test.ts:110,297,no,,,approved,codex1,
api-ts-local-4426dbd7,api,2,ts-local,usuarioId,userId,apps/api/src/dominio/gestao/regras-prioridade.ts:189,604,no,,,approved,codex1,
api-ts-local-448b1d45,api,2,ts-local,anexo,attachment,apps/api/src/dominio/envio.ts:391,150,no,,,approved,codex1,
api-ts-local-45133a4f,api,2,ts-local,canal,channel,apps/api/src/dominio/mensagem-ativa.ts:124,970,no,,,approved,codex1,
api-ts-local-45503572,api,2,ts-local,chave,key,apps/api/tests/twenty.test.ts:174,1153,no,,,approved,codex1,
api-ts-local-4552676b,api,2,ts-local,conexaoParaFluxo,connectionForFlow,apps/api/tests/sso.test.ts:15,8,no,,,approved,codex1,
api-ts-local-4576e03d,api,2,ts-local,dominioCru,domainRaw,apps/api/src/dominio/dominios.ts:76,2,no,,,approved,codex1,
api-ts-local-45c79b3d,api,2,ts-local,canalId,channelId,apps/api/src/dominio/canais.ts:121,387,no,,,approved,codex1,
api-ts-local-45cf77ce,api,2,ts-local,fluxoId,flowId,apps/api/src/dominio/gestao/canal-do-fluxo.ts:102,504,no,,,approved,codex1,
api-ts-local-4618684f,api,2,ts-local,permissoes,permissions,apps/api/tests/chave-de-fluxo.test.ts:46,149,no,,,approved,codex1,
api-ts-local-465839ea,api,2,ts-local,comConversa,withConversation,apps/api/src/dominio/gestao/cadastros.ts:1403,3,no,,,approved,codex1,
api-ts-local-465bab3f,api,2,ts-local,subirApi,upApi,apps/api/tests/etiquetas.test.ts:13,114,no,,,approved,codex1,
api-ts-local-4719376d,api,2,ts-local,papelId,roleId,apps/api/tests/entrada.test.ts:73,121,no,,,approved,codex1,
api-ts-local-4780f8c8,api,2,ts-local,colunaId,columnId,apps/api/src/paginacao.ts:101,4,no,,,approved,codex1,
api-ts-local-479aaea7,api,2,ts-local,permissoes,permissions,apps/api/tests/equipe-do-fluxo.test.ts:54,149,no,,,approved,codex1,
api-ts-local-47ada6ef,api,2,ts-local,esquecerCanal,esquecerChannel,apps/api/tests/canais.test.ts:18,23,no,,,approved,codex1,
api-ts-local-47df093a,api,2,ts-local,conversaId,conversationId,apps/api/src/dominio/assumir.ts:24,523,no,,,approved,codex1,
api-ts-local-48378562,api,2,ts-local,usuarioId,userId,apps/api/src/dominio/gestao/palavras-proibidas.ts:232,604,no,,,approved,codex1,
api-ts-local-484c821b,api,2,ts-local,periodo,period,apps/api/src/dominio/rastreador-de-cliques.ts:125,57,no,,,approved,codex1,
api-ts-local-48c62d6f,api,2,symbol,ControladorImportacoesDeContatos,ContactImportsController,apps/api/tests/importacao.test.ts:18,5,no,,,approved,sonnet,
api-ts-local-48c9e4bc,api,2,ts-local,chave,key,apps/api/tests/midia-recebida.test.ts:43,1153,no,,,approved,codex1,
api-ts-local-4925664b,api,2,ts-local,permissoes,permissions,apps/api/tests/integracoes.test.ts:44,149,no,,,approved,codex1,
api-ts-local-494f5a3b,api,2,ts-local,conversaAtualId,conversationAtualId,apps/api/src/dominio/fluxo.ts:943,3,no,,,approved,codex1,
api-ts-local-4957f4fa,api,2,ts-local,valor,value,apps/api/src/dominio/whatsapp/canal.ts:45,1656,no,,,approved,codex1,
api-ts-local-499dd06b,api,2,ts-local,fecharBanco,closeDatabase,apps/api/tests/contrato.test.ts:20,35,no,,,approved,codex1,
api-ts-local-49e194dc,api,2,ts-local,destino,destination,apps/api/src/controladores/entrar.ts:103,303,no,,,approved,codex1,
api-ts-local-4a2265fc,api,2,ts-local,opcoes,options,apps/api/src/dominio/whatsapp/configuracao-de-webhook.ts:66,157,no,,,approved,codex1,
api-ts-local-4a60a983,api,2,ts-local,entrada,inbound,apps/api/tests/midia-recebida.test.ts:168,473,no,,,approved,codex1,
api-ts-local-4aba3106,api,2,ts-local,coluna,column,apps/api/src/dominio/sso.ts:54,520,no,,,approved,codex1,
api-ts-local-4b5fba71,api,2,ts-local,estado,state,apps/api/src/dominio/whatsapp/estado-de-conexao.ts:46,1269,no,,,approved,codex1,
api-ts-local-4b75c3bf,api,2,ts-local,semear,seed,apps/api/tests/contrato.test.ts:20,55,no,,,approved,codex1,
api-ts-local-4c626b61,api,2,ts-local,conversaId,conversationId,apps/api/tests/instagram.test.ts:281,523,no,,,approved,codex1,
api-ts-local-4c9e7a53,api,2,ts-local,conferirFluxoDaChave,conferirFlowOfKey,apps/api/tests/chave-de-fluxo.test.ts:13,14,no,,,approved,codex1,
api-ts-local-4cb5c171,api,2,ts-local,usuarioId,userId,apps/api/src/dominio/gestao/builder-do-fluxo.ts:398,604,no,,,approved,codex1,
api-ts-local-4d3f1109,api,2,ts-local,atendenteId,agentId,apps/api/src/controladores/gestao-cadastros.ts:236,217,no,,,approved,codex1,
api-ts-local-4d7b3248,api,2,ts-local,usuarioId,userId,apps/api/tests/contatos-editar.test.ts:60,604,no,,,approved,codex1,
api-ts-local-4dc1a28a,api,2,ts-local,requisicao,request,apps/api/src/controladores/gestao-equipe.ts:110,450,no,,,approved,codex1,
api-ts-local-4dd81223,api,2,ts-local,conversaId,conversationId,apps/api/tests/transferencia.test.ts:91,523,no,,,approved,codex1,
api-ts-local-4e87a014,api,2,ts-local,contatoId,contactId,apps/api/src/controladores/crm.ts:67,226,no,,,approved,codex1,
api-ts-local-4ea607a9,api,2,ts-local,escopoTipo,scopeType,apps/api/src/dominio/gestao/regras-sla.ts:120,79,no,,,approved,codex1,
api-ts-local-4ebf13de,api,2,ts-local,consulta,query,apps/api/tests/ponta-a-ponta.test.ts:68,333,no,,,approved,codex1,
api-ts-local-4f16d9ab,api,2,ts-local,valor,value,apps/api/src/controladores/gestao-fluxo.ts:93,1656,no,,,approved,codex1,
api-ts-local-4f279bb0,api,2,ts-local,dados,data,apps/api/tests/anexos-multiplos.test.ts:42,669,no,,,approved,codex1,
api-ts-local-4f743ed6,api,2,ts-local,requisicao,request,apps/api/src/controladores/catalogo.ts:109,450,no,,,approved,codex1,
api-ts-local-4fdda23c,api,2,ts-local,contatoId,contactId,apps/api/tests/palavras-proibidas.test.ts:128,226,no,,,approved,codex1,
api-ts-local-506cb009,api,2,ts-local,versoes,versions,apps/api/tests/ciclo-de-vida-do-fluxo.test.ts:462,32,no,,,approved,codex1,
api-ts-local-50965e1e,api,2,ts-local,urlDeErro,urlOfError,apps/api/tests/entrada.test.ts:22,10,no,,,approved,codex1,
api-ts-local-50b588e2,api,2,ts-local,consulta,query,apps/api/src/dominio/instagram/cliente-graph.ts:96,333,no,,,approved,codex1,
api-ts-local-50cce986,api,2,ts-local,contatoId,contactId,apps/api/src/dominio/twenty.ts:241,226,no,,,approved,codex1,
api-ts-local-5169046c,api,2,ts-local,chave,key,apps/api/tests/messenger.test.ts:84,1153,no,,,approved,codex1,
api-ts-local-51992104,api,2,ts-local,criarToken,createToken,apps/api/tests/dicionario-crm.test.ts:13,68,no,,,approved,codex1,
api-ts-local-52282373,api,2,ts-local,migrar,migrate,apps/api/tests/instagram.test.ts:15,52,no,,,approved,codex1,
api-ts-local-527ae141,api,2,ts-local,gravarPerfilDoCanal,writeProfileOfChannel,apps/api/tests/canais.test.ts:33,8,no,,,approved,codex1,
api-ts-local-52931a7a,api,2,ts-local,canalId,channelId,apps/api/src/dominio/entrada.ts:408,387,no,,,approved,codex1,
api-ts-local-5345ef64,api,2,ts-local,chave,key,apps/api/src/dominio/whatsapp/cliente-graph.ts:239,1153,no,,,approved,codex1,
api-ts-local-537aca54,api,2,ts-local,fluxoId,flowId,apps/api/tests/builder-por-fluxo.test.ts:220,504,no,,,approved,codex1,
api-ts-local-5395775f,api,2,ts-local,erro,error,apps/api/src/dominio/gestao/acoes/regras.ts:31,1478,no,,,approved,codex1,
api-ts-local-53a4eba3,api,2,ts-local,mensagem,message,apps/api/src/dominio/twenty.ts:37,1267,no,,,approved,codex1,
api-ts-local-54b20459,api,2,ts-local,atendenteId,agentId,apps/api/src/controladores/desk.ts:43,217,no,,,approved,codex1,
api-ts-local-5518bc6a,api,2,ts-local,criarBanco,createDatabase,apps/api/tests/canais.test.ts:17,49,no,,,approved,codex1,
api-ts-local-555fae8c,api,2,ts-local,payloadDeMensagem,payloadOfMessage,apps/api/tests/ponta-a-ponta.test.ts:14,20,no,,,approved,codex1,
api-ts-local-556ab074,api,2,ts-local,conexoes,connections,apps/api/src/tempo-real.ts:158,8,no,,,approved,codex1,
api-ts-local-5580c107,api,2,ts-local,erro,error,apps/api/src/dominio/desk/acoes.ts:313,1478,no,,,approved,codex1,
api-ts-local-55984a29,api,2,ts-local,conversaId,conversationId,apps/api/tests/fluxo.test.ts:101,523,no,,,approved,codex1,
api-ts-local-55f1e035,api,2,ts-local,migrar,migrate,apps/api/tests/contas.test.ts:8,52,no,,,approved,codex1,
api-ts-local-5601c812,api,2,ts-local,valor,value,apps/api/src/controladores/rastreador-de-cliques.ts:21,1656,no,,,approved,codex1,
api-ts-local-560c68ac,api,2,ts-local,canal,channel,apps/api/src/dominio/whatsapp/eventos-de-modelo.ts:117,970,no,,,approved,codex1,
api-ts-local-56639dea,api,2,ts-local,subirMidia,upMedia,apps/api/src/dominio/whatsapp/modelos.ts:415,3,no,,,approved,codex1,
api-ts-local-566531ee,api,2,ts-local,papelNome,roleName,apps/api/tests/contrato.test.ts:63,8,no,,,approved,codex1,
api-ts-local-5676e0f1,api,2,ts-local,fluxo,flow,apps/api/src/dominio/fluxo.ts:295,1172,no,,,approved,codex1,
api-ts-local-568354a2,api,2,ts-local,checarSlaDaConversa,checarSlaOfConversation,apps/api/tests/sla-motor.test.ts:12,19,no,,,approved,codex1,
api-ts-local-56cec808,api,2,ts-local,lerPerfilDoCanal,readProfileOfChannel,apps/api/tests/canais.test.ts:33,7,no,,,approved,codex1,"fixed: leftover PT token (dictionary gap: ler/texto/como/resultado/servir), gate 2 dry-run sweep"
api-ts-local-573496bf,api,2,ts-local,ordenarFilaDeEspera,ordenarQueueOfWait,apps/api/tests/sla-motor.test.ts:15,13,no,,,approved,codex1,
api-ts-local-57525d80,api,2,ts-local,sessao,session,apps/api/tests/desk-acoes.test.ts:49,382,no,,,approved,codex1,
api-ts-local-57e89ad9,api,2,ts-local,dados,data,apps/api/src/dominio/fluxo.ts:830,669,no,,,approved,codex1,
api-ts-local-58291d4e,api,2,ts-local,payloadDeMensagem,payloadOfMessage,apps/api/tests/fluxo.test.ts:17,20,no,,,approved,codex1,
api-ts-local-589cc1df,api,2,ts-local,mensagem,message,apps/api/src/dominio/whatsapp/validacao-da-configuracao-manual.ts:35,1267,no,,,approved,codex1,
api-ts-local-5954775c,api,2,ts-local,criarToken,createToken,apps/api/tests/canal-do-fluxo.test.ts:17,68,no,,,approved,codex1,
api-ts-local-5976fd3d,api,2,ts-local,canalId,channelId,apps/api/src/dominio/whatsapp/preferencias.ts:83,387,no,,,approved,codex1,
api-ts-local-598b25af,api,2,ts-local,estado,state,apps/api/tests/canais.test.ts:184,1269,no,,,approved,codex1,
api-ts-local-5a5f0f98,api,2,ts-local,sessao,session,apps/api/tests/canal-do-fluxo.test.ts:125,382,no,,,approved,codex1,
api-ts-local-5a62bee0,api,2,ts-local,janela,window,apps/api/src/dominio/gestao/monitoramento.ts:377,260,no,,,approved,codex1,
api-ts-local-5ae5cdf0,api,2,ts-local,conversaId,conversationId,apps/api/src/dominio/entrada.ts:192,523,no,,,approved,codex1,
api-ts-local-5b06f457,api,2,ts-local,subirApi,upApi,apps/api/tests/ciclo-de-vida-do-fluxo.test.ts:13,114,no,,,approved,codex1,
api-ts-local-5bd0289a,api,2,ts-local,contato,contact,apps/api/src/dominio/twenty.ts:201,1026,no,,,approved,codex1,
api-ts-local-5be7036d,api,2,ts-local,fila,queue,apps/api/src/filas.ts:560,993,no,,,approved,codex1,
api-ts-local-5c53e6a5,api,2,ts-local,sessao,session,apps/api/tests/cadastros-atendimento.test.ts:1107,382,no,,,approved,codex1,
api-ts-local-5d6fa48b,api,2,ts-local,permissoes,permissions,apps/api/tests/configuracao-do-fluxo.test.ts:38,149,no,,,approved,codex1,
api-ts-local-5dbaa488,api,2,ts-local,contexto,context,apps/api/src/dominio/gestao/regra-fila.ts:159,300,no,,,approved,codex1,
api-ts-local-5dc82f1f,api,2,ts-local,contatoId,contactId,apps/api/src/dominio/desk/consultas.ts:376,226,no,,,approved,codex1,
api-ts-local-5df6351e,api,2,ts-local,requisicao,request,apps/api/src/controladores/gestao-cadastros.ts:103,450,no,,,approved,codex1,
api-ts-local-5e6bc6be,api,2,ts-local,contagem,count,apps/api/src/dominio/gestao/satisfacao.ts:99,134,no,,,approved,codex1,
api-ts-local-5e791131,api,2,ts-local,destino,destination,apps/api/src/dominio/mensagem-ativa.ts:117,303,no,,,approved,codex1,
api-ts-local-5ee20179,api,2,ts-local,banco,database,apps/api/src/saude.ts:60,356,no,,,approved,codex1,
api-ts-local-5ef84560,api,2,ts-local,usuarioId,userId,apps/api/tests/ciclo-de-vida-do-fluxo.test.ts:87,604,no,,,approved,codex1,
api-ts-local-5f34c6bf,api,2,ts-local,contatoId,contactId,apps/api/src/controladores/gestao-fluxo.ts:376,226,no,,,approved,codex1,
api-ts-local-5f8b1c45,api,2,ts-local,escopo,scope,apps/api/src/erros.ts:39,227,no,,,approved,codex1,
api-ts-local-5fe60046,api,2,ts-local,conversaId,conversationId,apps/api/tests/anexos-multiplos.test.ts:123,523,no,,,approved,codex1,
api-ts-local-6042abb3,api,2,ts-local,coluna,column,apps/api/src/controladores/conversas.ts:400,520,no,,,approved,codex1,
api-ts-local-60ef879a,api,2,ts-local,eventosPorConversa,eventsByConversation,apps/api/src/dominio/gestao/atendimento.ts:140,3,no,,,approved,codex1,
api-ts-local-60f00862,api,2,ts-local,roteador,router,apps/api/src/dominio/roteador.ts:64,387,no,,,approved,codex1,
api-ts-local-60fdc61d,api,2,ts-local,usuarioId,userId,apps/api/tests/configuracao-do-fluxo.test.ts:64,604,no,,,approved,codex1,
api-ts-local-6179b556,api,2,ts-local,definirBuscadorDeMidia,defineBuscadorOfMedia,apps/api/tests/midia-recebida.test.ts:15,12,no,,,approved,codex1,
api-ts-local-61a3b6bc,api,2,ts-local,permissoes,permissions,apps/api/tests/monitoramento-conversas.test.ts:24,149,no,,,approved,codex1,
api-ts-local-61e381a1,api,2,ts-local,contexto,context,apps/api/src/sessao.ts:142,300,no,,,approved,codex1,
api-ts-local-620a32e8,api,2,ts-local,conversaId,conversationId,apps/api/src/dominio/gestao/sla-motor.ts:293,523,no,,,approved,codex1,
api-ts-local-6233e0fe,api,2,ts-local,dados,data,apps/api/src/dominio/desk/acoes.ts:139,669,no,,,approved,codex1,
api-ts-local-62c1f496,api,2,ts-local,fluxoId,flowId,apps/api/src/dominio/gestao/comunicacao.ts:148,504,no,,,approved,codex1,
api-ts-local-631a62a3,api,2,ts-local,midia,media,apps/api/src/dominio/whatsapp/modelos.ts:415,31,no,,,approved,codex1,
api-ts-local-633db649,api,2,ts-local,conversaId,conversationId,apps/api/src/dominio/desk/consultas.ts:133,523,no,,,approved,codex1,
api-ts-local-63604285,api,2,ts-local,comoDestinoDeRegra,asDestinationOfRule,apps/api/src/dominio/gestao/cadastros.ts:1429,2,no,,,approved,codex1,
api-ts-local-63d3c0e4,api,2,ts-local,erro,error,apps/api/src/dominio/twenty.ts:100,1478,no,,,approved,codex1,
api-ts-local-63d46028,api,2,ts-local,filaId,queueId,apps/api/src/dominio/distribuicao.ts:131,170,no,,,approved,codex1,
api-ts-local-644ec625,api,2,ts-local,ordem,order,apps/api/tests/cadastros-atendimento.test.ts:585,517,no,,,approved,codex1,
api-ts-local-64c43cf4,api,2,ts-local,encerrarConversa,closeConversation,apps/api/tests/roteador.test.ts:18,11,no,,,approved,codex1,
api-ts-local-64ff656f,api,2,ts-local,requisicao,request,apps/api/src/controladores/canais.ts:129,450,no,,,approved,codex1,
api-ts-local-65ad2d87,api,2,ts-local,lerConvite,readInvitation,apps/api/tests/convites.test.ts:19,6,no,,,approved,codex1,"fixed: leftover PT token (dictionary gap: ler/texto/como/resultado/servir), gate 2 dry-run sweep"
api-ts-local-65ee2630,api,2,ts-local,subirApi,upApi,apps/api/tests/chave-de-fluxo.test.ts:14,114,no,,,approved,codex1,
api-ts-local-6630f525,api,2,ts-local,sessao,session,apps/api/tests/contatos-editar.test.ts:90,382,no,,,approved,codex1,
api-ts-local-66a51a45,api,2,ts-local,papel,role,apps/api/src/dominio/gestao/equipe-do-fluxo.ts:120,521,no,,,approved,codex1,
api-ts-local-6765b75c,api,2,ts-local,usuarioId,userId,apps/api/src/dominio/gestao/permissoes-do-atendente.ts:67,604,no,,,approved,codex1,
api-ts-local-67b36f56,api,2,ts-local,esquecerCanal,esquecerChannel,apps/api/tests/email.test.ts:18,23,no,,,approved,codex1,
api-ts-local-686f7ab3,api,2,ts-local,subirApi,upApi,apps/api/tests/dicionario-crm.test.ts:18,114,no,,,approved,codex1,
api-ts-local-688195b7,api,2,ts-local,requisicao,request,apps/api/src/controladores/operacao.ts:29,450,no,,,approved,codex1,
api-ts-local-6918faff,api,2,ts-local,escopos,scopes,apps/api/tests/ajuda.ts:104,40,no,,,approved,codex1,
api-ts-local-698d2413,api,2,ts-local,tenantPorSlug,tenantBySlug,apps/api/tests/sso.test.ts:21,6,no,,,approved,codex1,
api-ts-local-69b39030,api,2,ts-local,erro,error,apps/api/src/dominio/whatsapp/cliente-graph.ts:258,1478,no,,,approved,codex1,
api-ts-local-69bd7bce,api,2,ts-local,usuarioId,userId,apps/api/src/controladores/gestao-equipe.ts:112,604,no,,,approved,codex1,
api-ts-local-6a68ccfb,api,2,ts-local,dicionarioObjeto,dictionaryObject,apps/api/src/dominio/dicionario-crm.ts:28,6,no,,,approved,codex1,
api-ts-local-6a94370a,api,2,ts-local,valor,value,apps/api/src/dominio/gestao/formato.ts:114,1656,no,,,approved,codex1,
api-ts-local-6aaf6922,api,2,ts-local,valor,value,apps/api/src/dominio/gestao/pfx.ts:314,1656,no,,,approved,codex1,
api-ts-local-6b8e0672,api,2,ts-local,MAX_BYTES_POR_ARQUIVO,MAX_BYTES_BY_FILE,apps/api/tests/anexos-multiplos.test.ts:17,18,no,,,approved,codex1,
api-ts-local-6c5c4770,api,2,ts-local,contatos,contacts,apps/api/tests/canais.test.ts:1011,438,no,,,approved,codex1,
api-ts-local-6c7f773b,api,2,ts-local,usuarioId,userId,apps/api/src/controladores/conexao-no-fluxo.ts:38,604,no,,,approved,codex1,
api-ts-local-6d1218f3,api,2,ts-local,erro,error,apps/api/src/servidor.ts:51,1478,no,,,approved,codex1,
api-ts-local-6d917c68,api,2,ts-local,requisicao,request,apps/api/src/controladores/webhooks-whatsapp.ts:116,450,no,,,approved,codex1,
api-ts-local-6dd4e226,api,2,ts-local,criadoPor,createdBy,apps/api/src/dominio/convites.ts:224,10,no,,,approved,codex1,
api-ts-local-6f15323c,api,2,ts-local,dados,data,apps/api/src/dominio/gestao/pfx.ts:71,669,no,,,approved,codex1,
api-ts-local-6f81eef9,api,2,ts-local,valores,values,apps/api/src/dominio/gestao/monitoramento.ts:328,140,no,,,approved,codex1,
api-ts-local-6fadd60a,api,2,ts-local,mensagemId,messageId,apps/api/src/controladores/conversas.ts:329,59,no,,,approved,codex1,
api-ts-local-6fb54920,api,2,ts-local,usuarioId,userId,apps/api/src/controladores/importacoes.ts:82,604,no,,,approved,codex1,
api-ts-local-6fb6ad01,api,2,ts-local,subirApi,upApi,apps/api/tests/palavras-proibidas.test.ts:15,114,no,,,approved,codex1,
api-ts-local-6fce7c18,api,2,ts-local,porPagina,byPage,apps/api/src/controladores/gestao-fluxo.ts:219,23,no,,,approved,codex1,
api-ts-local-6feffdd3,api,2,ts-local,fluxoId,flowId,apps/api/tests/canal-do-fluxo.test.ts:144,504,no,,,approved,codex1,
api-ts-local-70637c0b,api,2,ts-local,lerImportacao,readImport,apps/api/tests/importacao.test.ts:15,6,no,,,approved,codex1,"fixed: leftover PT token (dictionary gap: ler/texto/como/resultado/servir), gate 2 dry-run sweep"
api-ts-local-70ae6f23,api,2,ts-local,conversas,conversations,apps/api/tests/entrada-telefone.test.ts:75,540,no,,,approved,codex1,
api-ts-local-715bbc8d,api,2,ts-local,papelAtual,roleAtual,apps/api/src/dominio/gestao/contrato.ts:314,2,no,,,approved,codex1,
api-ts-local-728b32f7,api,2,ts-local,escopo,scope,apps/api/src/controladores/etiquetas.ts:49,227,no,,,approved,codex1,
api-ts-local-72b43f83,api,2,ts-local,chaveiroDoAmbiente,keyringOfAmbiente,apps/api/tests/dicionario-crm.test.ts:12,27,no,,,approved,codex1,
api-ts-local-73c66b61,api,2,ts-local,fecharBanco,closeDatabase,apps/api/tests/messenger.test.ts:12,35,no,,,approved,codex1,
api-ts-local-749297c9,api,2,ts-local,conversaId,conversationId,apps/api/src/dominio/etiquetas.ts:135,523,no,,,approved,codex1,
api-ts-local-74f0c742,api,2,ts-local,mensagemId,messageId,apps/api/tests/envio-sessao.test.ts:214,59,no,,,approved,codex1,
api-ts-local-75856ce6,api,2,ts-local,canalNome,channelName,apps/api/src/dominio/whatsapp/eventos-de-modelo.ts:150,29,no,,,approved,codex1,
api-ts-local-75c0f2b5,api,2,ts-local,usuarios,users,apps/api/tests/roteador.test.ts:42,36,no,,,approved,codex1,
api-ts-local-75d3b17f,api,2,ts-local,duracaoMs,durationMs,apps/api/tests/entrada.test.ts:82,6,no,,,approved,codex1,
api-ts-local-75dc6989,api,2,ts-local,usuarioId,userId,apps/api/src/tempo-real.ts:115,604,no,,,approved,codex1,
api-ts-local-75f677e6,api,2,ts-local,recomendacaoDeSeguranca,recommendationOfSeguranca,apps/api/src/dominio/whatsapp/modelos.ts:121,4,no,,,approved,codex1,
api-ts-local-75ff4215,api,2,ts-local,importarFluxoDaBlip,importFlowOfBlip,apps/api/tests/gerar-fixtures-jsonb.helper.ts:33,16,no,,,approved,codex1,
api-ts-local-76278e42,api,2,ts-local,criarToken,createToken,apps/api/tests/monitoramento-conversas.test.ts:11,68,no,,,approved,codex1,
api-ts-local-7631d28b,api,2,ts-local,valor,value,apps/api/src/dominio/messenger/cliente-graph.ts:25,1656,no,,,approved,codex1,
api-ts-local-7673facd,api,2,ts-local,normalizarDominio,normalizeDomain,apps/api/tests/convites.test.ts:20,6,no,,,approved,codex1,
api-ts-local-77006520,api,2,ts-local,erro,error,apps/api/src/dominio/conversa.ts:72,1478,no,,,approved,codex1,
api-ts-local-779db542,api,2,ts-local,reenviarConvite,resendInvitation,apps/api/tests/email.test.ts:16,9,no,,,approved,codex1,
api-ts-local-77f6f6fa,api,2,ts-local,criarBanco,createDatabase,apps/api/tests/midia-recebida.test.ts:14,49,no,,,approved,codex1,
api-ts-local-77fad9d0,api,2,ts-local,usuarioId,userId,apps/api/tests/chave-de-fluxo.test.ts:78,604,no,,,approved,codex1,
api-ts-local-782469bd,api,2,ts-local,direcao,direction,apps/api/src/paginacao.ts:108,175,no,,,approved,codex1,
api-ts-local-78b03a4f,api,2,ts-local,canal,channel,apps/api/src/dominio/whatsapp/modelos.ts:168,970,no,,,approved,codex1,
api-ts-local-79763e29,api,2,ts-local,entregaRows,deliveryRows,apps/api/tests/gerar-fixtures-jsonb.helper.ts:271,2,no,,,approved,codex1,
api-ts-local-79778c99,api,2,ts-local,atribuicoes,assignments,apps/api/tests/desk-acoes.test.ts:274,8,no,,,approved,codex1,
api-ts-local-79926f82,api,2,ts-local,erro,error,apps/api/tests/equipe-do-fluxo.test.ts:355,1478,no,,,approved,codex1,
api-ts-local-79927038,api,2,ts-local,fecharBanco,closeDatabase,apps/api/tests/importacao.test.ts:12,35,no,,,approved,codex1,
api-ts-local-79a6cee6,api,2,ts-local,permissoesDoPapel,permissionsOfRole,apps/api/tests/equipe-do-fluxo.test.ts:16,12,no,,,approved,codex1,
api-ts-local-79a987f0,api,2,ts-local,subirApi,upApi,apps/api/tests/fluxo.test.ts:13,114,no,,,approved,codex1,
api-ts-local-79cb4410,api,2,ts-local,usuarioId,userId,apps/api/src/controladores/convites.ts:164,604,no,,,approved,codex1,
api-ts-local-7a0e1eb6,api,2,ts-local,criarToken,createToken,apps/api/tests/mensagens-ativas.test.ts:11,68,no,,,approved,codex1,
api-ts-local-7a7bdfd6,api,2,ts-local,sessao,session,apps/api/tests/palavras-proibidas.test.ts:106,382,no,,,approved,codex1,
api-ts-local-7a8eafac,api,2,ts-local,opcoes,options,apps/api/src/dominio/sso.ts:279,157,no,,,approved,codex1,
api-ts-local-7aa33a68,api,2,ts-local,erro,error,apps/api/src/dominio/whatsapp/cadastro-embutido.ts:108,1478,no,,,approved,codex1,
api-ts-local-7b8edcac,api,2,ts-local,esquecerCanal,esquecerChannel,apps/api/tests/instagram.test.ts:17,23,no,,,approved,codex1,
api-ts-local-7c0c7a47,api,2,ts-local,contatoId,contactId,apps/api/src/dominio/espelho-crm.ts:29,226,no,,,approved,codex1,
api-ts-local-7c3448e4,api,2,ts-local,valor,value,apps/api/src/dominio/whatsapp/cliente-graph.ts:239,1656,no,,,approved,codex1,
api-ts-local-7c8a340f,api,2,ts-local,excluirModeloNaMeta,deleteTemplateInMeta,apps/api/tests/canais.test.ts:34,6,no,,,approved,codex1,
api-ts-local-7ca1abfe,api,2,symbol,ControladorCanaisInstagram,InstagramChannelsController,apps/api/tests/instagram.test.ts:25,5,no,,,approved,sonnet,
api-ts-local-7cb40147,api,2,ts-local,permissoes,permissions,apps/api/tests/contatos-editar.test.ts:34,149,no,,,approved,codex1,
api-ts-local-7cfef5f7,api,2,ts-local,canalId,channelId,apps/api/tests/instagram.test.ts:87,387,no,,,approved,codex1,
api-ts-local-7cff05dd,api,2,ts-local,criarToken,createToken,apps/api/tests/roteador.test.ts:13,68,no,,,approved,codex1,
api-ts-local-7d3d3dac,api,2,ts-local,canalId,channelId,apps/api/src/dominio/instagram/canal.ts:151,387,no,,,approved,codex1,
api-ts-local-7d69753c,api,2,ts-local,quantidade,quantity,apps/api/src/dominio/gestao/satisfacao.ts:185,63,no,,,approved,codex1,
api-ts-local-7e0222bd,api,2,ts-local,requisicao,request,apps/api/src/servidor.ts:118,450,no,,,approved,codex1,
api-ts-local-7e5b4ddf,api,2,ts-local,valor,value,apps/api/src/dominio/status-atendente.ts:22,1656,no,,,approved,codex1,
api-ts-local-7f239333,api,2,ts-local,conversaId,conversationId,apps/api/src/dominio/desk/marcacoes.ts:46,523,no,,,approved,codex1,
api-ts-local-7f481c89,api,2,ts-local,atendenteId,agentId,apps/api/src/dominio/desk/acoes.ts:102,217,no,,,approved,codex1,
api-ts-local-7fed5d84,api,2,ts-local,chaveId,keyId,apps/api/src/dominio/gestao/integracoes.ts:226,26,no,,,approved,codex1,
api-ts-local-8026a0bd,api,2,ts-local,chave,key,apps/api/src/dominio/gestao/atendimento.ts:125,1153,no,,,approved,codex1,
api-ts-local-802fdf94,api,2,symbol,ControladorWebhookWhatsApp,WhatsAppWebhookController,apps/api/tests/canais.test.ts:1154,6,no,,,approved,sonnet,
api-ts-local-80548373,api,2,ts-local,permissaoDeSupervisor,permissionOfSupervisor,apps/api/src/dominio/conversa.ts:44,3,no,,,approved,codex1,
api-ts-local-806a4b79,api,2,ts-local,hostDeMidiaPermitido,hostOfMediaAllowed,apps/api/tests/midia-recebida.test.ts:15,14,no,,,approved,codex1,
api-ts-local-80a59f7d,api,2,ts-local,canal,channel,apps/api/src/dominio/whatsapp/perfil.ts:70,970,no,,,approved,codex1,
api-ts-local-80af5673,api,2,ts-local,comoEntrar,asLogin,apps/api/tests/convites.test.ts:22,5,no,,,approved,codex1,
api-ts-local-80fbd036,api,2,ts-local,usuarioId,userId,apps/api/tests/canal-do-fluxo.test.ts:77,604,no,,,approved,codex1,
api-ts-local-8108129f,api,2,ts-local,importarFluxoDaBlip,importFlowOfBlip,apps/api/tests/roteador.test.ts:16,16,no,,,approved,codex1,
api-ts-local-816a1564,api,2,ts-local,valor,value,apps/api/src/dominio/gestao/historico.ts:222,1656,no,,,approved,codex1,
api-ts-local-8274bc90,api,2,ts-local,filtro,filter,apps/api/src/dominio/gestao/historico.ts:83,231,no,,,approved,codex1,
api-ts-local-8276cbf6,api,2,ts-local,variaveis,variables,apps/api/src/dominio/fluxo.ts:671,134,no,,,approved,codex1,
api-ts-local-828c1c98,api,2,ts-local,erro,error,apps/api/src/dominio/messenger/cliente-graph.ts:31,1478,no,,,approved,codex1,
api-ts-local-82b862c8,api,2,ts-local,criarToken,createToken,apps/api/tests/etiquetas.test.ts:12,68,no,,,approved,codex1,
api-ts-local-82f4dfcc,api,2,ts-local,periodoPedido,periodRequest,apps/api/src/controladores/gestao-analise.ts:112,4,no,,,approved,codex1,
api-ts-local-83299bfb,api,2,ts-local,atuais,current,apps/api/src/controladores/catalogo.ts:201,48,no,,,approved,codex1,
api-ts-local-8336193f,api,2,ts-local,contexto,context,apps/api/src/dominio/email.ts:143,300,no,,,approved,codex1,
api-ts-local-8368a8e8,api,2,ts-local,roteador,router,apps/api/src/dominio/gestao/servicos-do-roteador.ts:94,387,no,,,approved,codex1,
api-ts-local-83efbdfe,api,2,ts-local,subirApi,upApi,apps/api/tests/monitoramento-conversas.test.ts:12,114,no,,,approved,codex1,
api-ts-local-844d22f4,api,2,ts-local,mensagem,message,apps/api/src/dominio/instagram/cliente-graph.ts:108,1267,no,,,approved,codex1,
api-ts-local-845f30ca,api,2,ts-local,contatos,contacts,apps/api/tests/anexos-multiplos.test.ts:105,438,no,,,approved,codex1,
api-ts-local-8494f8cd,api,2,ts-local,usuarioId,userId,apps/api/tests/etiquetas.test.ts:69,604,no,,,approved,codex1,
api-ts-local-84b09f1e,api,2,ts-local,contatoId,contactId,apps/api/tests/etiquetas.test.ts:356,226,no,,,approved,codex1,
api-ts-local-85e1c51f,api,2,ts-local,mensagem,message,apps/api/src/erros.ts:21,1267,no,,,approved,codex1,
api-ts-local-8622b3e6,api,2,ts-local,erro,error,apps/api/src/tempo-real.ts:109,1478,no,,,approved,codex1,
api-ts-local-86496242,api,2,ts-local,contexto,context,apps/api/src/autenticacao.ts:174,300,no,,,approved,codex1,
api-ts-local-867b17c8,api,2,ts-local,erro,error,apps/api/src/dominio/desk/marcacoes.ts:28,1478,no,,,approved,codex1,
api-ts-local-86b106a4,api,2,ts-local,requisicao,request,apps/api/src/controladores/crm.ts:46,450,no,,,approved,codex1,
api-ts-local-87e212eb,api,2,ts-local,requisicao,request,apps/api/src/sessao.ts:52,450,no,,,approved,codex1,
api-ts-local-87f2e4eb,api,2,ts-local,consulta,query,apps/api/tests/messenger.test.ts:72,333,no,,,approved,codex1,
api-ts-local-88d45fba,api,2,ts-local,conversas,conversations,apps/api/src/dominio/gestao/esforco.ts:142,540,no,,,approved,codex1,
api-ts-local-8916b671,api,2,ts-local,valor,value,apps/api/src/dominio/gestao/equipe-do-fluxo.ts:152,1656,no,,,approved,codex1,
api-ts-local-89329fd9,api,2,ts-local,conversaId,conversationId,apps/api/src/dominio/fluxo.ts:826,523,no,,,approved,codex1,
api-ts-local-898e52f4,api,2,ts-local,conviteId,invitationId,apps/api/src/dominio/convites.ts:223,15,no,,,approved,codex1,
api-ts-local-89ac2b3a,api,2,ts-local,requisicao,request,apps/api/src/controladores/conversas.ts:142,450,no,,,approved,codex1,
api-ts-local-8a5cb6b5,api,2,ts-local,atendenteId,agentId,apps/api/src/dominio/desk/metricas.ts:41,217,no,,,approved,codex1,
api-ts-local-8a66a83b,api,2,ts-local,fecharBanco,closeDatabase,apps/api/tests/contas.test.ts:8,35,no,,,approved,codex1,
api-ts-local-8a891e29,api,2,ts-local,criarBanco,createDatabase,apps/api/tests/messenger.test.ts:12,49,no,,,approved,codex1,
api-ts-local-8aea73c2,api,2,ts-local,exigirPermissaoNoFluxo,exigirPermissionInFlow,apps/api/tests/equipe-do-fluxo.test.ts:16,31,no,,,approved,codex1,
api-ts-local-8b927a34,api,2,ts-local,espelharContato,espelharContact,apps/api/tests/twenty.test.ts:16,8,no,,,approved,codex1,
api-ts-local-8bc2a7f7,api,2,ts-local,conversas,conversations,apps/api/tests/desk-acoes.test.ts:269,540,no,,,approved,codex1,
api-ts-local-8d0752c6,api,2,ts-local,usuarioId,userId,apps/api/src/dominio/gestao/comunicacao.ts:280,604,no,,,approved,codex1,
api-ts-local-8d11d428,api,2,ts-local,usuarios,users,apps/api/tests/contatos-editar.test.ts:36,36,no,,,approved,codex1,
api-ts-local-8e222762,api,2,ts-local,semear,seed,apps/api/tests/canais.test.ts:17,55,no,,,approved,codex1,
api-ts-local-8e297c22,api,2,ts-local,direcao,direction,apps/api/src/dominio/gestao/monitoramento.ts:219,175,no,,,approved,codex1,
api-ts-local-8ea91316,api,2,symbol,ControladorGestaoOperacao,ManagementOperationsController,apps/api/tests/historico.test.ts:34,5,no,,,approved,sonnet,
api-ts-local-8f20dfa0,api,2,ts-local,requisicao,request,apps/api/src/controladores/redirecionamento.ts:18,450,no,,,approved,codex1,
api-ts-local-8f2ce1ed,api,2,ts-local,dados,data,apps/api/src/controladores/desk.ts:44,669,no,,,approved,codex1,
api-ts-local-8f40c4cb,api,2,ts-local,contextoPrioridade,contextPriority,apps/api/src/dominio/entrada.ts:484,1,no,,,approved,codex1,
api-ts-local-8f59aa8b,api,2,ts-local,opcoes,options,apps/api/tests/ajuda.ts:124,157,no,,,approved,codex1,
api-ts-local-8f71920e,api,2,ts-local,subirApi,upApi,apps/api/tests/configuracao-do-fluxo.test.ts:13,114,no,,,approved,codex1,
api-ts-local-8f75ba37,api,2,ts-local,requisicao,request,apps/api/src/eventos-ws.ts:70,450,no,,,approved,codex1,
api-ts-local-9020166a,api,2,ts-local,usuarioId,userId,apps/api/tests/contrato.test.ts:108,604,no,,,approved,codex1,
api-ts-local-902dd5c2,api,2,ts-local,canais,channels,apps/api/src/dominio/gestao/implantacao.ts:49,243,no,,,approved,codex1,
api-ts-local-908b0f96,api,2,ts-local,segredo,secret,apps/api/src/dominio/instagram/cliente-graph.ts:147,212,no,,,approved,codex1,
api-ts-local-90969c37,api,2,ts-local,anexoId,attachmentId,apps/api/src/dominio/anexo.ts:141,70,no,,,approved,codex1,
api-ts-local-90b3ad8f,api,2,ts-local,fecharBanco,closeDatabase,apps/api/tests/canais.test.ts:17,35,no,,,approved,codex1,
api-ts-local-917fcba7,api,2,ts-local,usuarioId,userId,apps/api/tests/importacao.test.ts:261,604,no,,,approved,codex1,
api-ts-local-919719e3,api,2,ts-local,mensagem,message,apps/api/src/dominio/whatsapp/preferencias.ts:50,1267,no,,,approved,codex1,
api-ts-local-91f584ae,api,2,ts-local,fluxoDaRota,flowOfRoute,apps/api/tests/chave-de-fluxo.test.ts:13,25,no,,,approved,codex1,
api-ts-local-92379225,api,2,ts-local,subirApi,upApi,apps/api/tests/analise.test.ts:12,114,no,,,approved,codex1,
api-ts-local-924d6928,api,2,ts-local,filas,queues,apps/api/src/dominio/instagram/canal.ts:249,297,no,,,approved,codex1,
api-ts-local-92615956,api,2,ts-local,canalId,channelId,apps/api/src/banco.ts:145,387,no,,,approved,codex1,
api-ts-local-9267cd24,api,2,ts-local,semear,seed,apps/api/tests/instagram.test.ts:15,55,no,,,approved,codex1,
api-ts-local-929152d9,api,2,ts-local,slugDaConta,slugOfAccount,apps/api/tests/contas.test.ts:11,4,no,,,approved,codex1,
api-ts-local-92d76d6a,api,2,ts-local,excecao,exception,apps/api/src/erros.ts:61,11,no,,,approved,codex1,
api-ts-local-92e69349,api,2,ts-local,conversaId,conversationId,apps/api/src/dominio/distribuicao.ts:149,523,no,,,approved,codex1,
api-ts-local-9411eff2,api,2,ts-local,canal,channel,apps/api/src/dominio/instagram/canal.ts:103,970,no,,,approved,codex1,
api-ts-local-9425e6c9,api,2,ts-local,mensagem,message,apps/api/src/dominio/entrada.ts:152,1267,no,,,approved,codex1,
api-ts-local-94af4f3b,api,2,ts-local,fluxoPublicadoDoCanal,flowPublishedOfChannel,apps/api/tests/builder-por-fluxo.test.ts:17,10,no,,,approved,codex1,
api-ts-local-958e7e73,api,2,ts-local,paginaId,pageId,apps/api/src/dominio/messenger/entrada.ts:5,35,no,,,approved,codex1,
api-ts-local-95c1f231,api,2,ts-local,redirecionarNoRoteador,redirecionarInRouter,apps/api/tests/roteador.test.ts:17,5,no,,,approved,codex1,
api-ts-local-95ddcc23,api,2,ts-local,verificarDominio,checkDomain,apps/api/tests/convites.test.ts:20,11,no,,,approved,codex1,
api-ts-local-966b7d30,api,2,ts-local,execucoes,executions,apps/api/tests/fluxo.test.ts:179,5,no,,,approved,codex1,
api-ts-local-967721a5,api,2,ts-local,valor,value,apps/api/src/dominio/gestao/nota-avaliacao.ts:24,1656,no,,,approved,codex1,
api-ts-local-968a0c56,api,2,ts-local,permissoes,permissions,apps/api/tests/palavras-proibidas.test.ts:53,149,no,,,approved,codex1,
api-ts-local-96d3b7d7,api,2,ts-local,canalId,channelId,apps/api/src/controladores/webhooks-whatsapp.ts:28,387,no,,,approved,codex1,
api-ts-local-9723c7ba,api,2,ts-local,subirApi,upApi,apps/api/tests/integracoes.test.ts:13,114,no,,,approved,codex1,
api-ts-local-9741b656,api,2,ts-local,dados,data,apps/api/src/controladores/gestao-cadastros.ts:56,669,no,,,approved,codex1,
api-ts-local-97bc8d16,api,2,ts-local,iteracoes,iterations,apps/api/src/dominio/gestao/pfx.ts:201,10,no,,,approved,codex1,
api-ts-local-97fbaaa7,api,2,ts-local,canalEscolhido,channelEscolhido,apps/api/src/dominio/gestao/acoes/comunicacao.ts:104,2,no,,,approved,codex1,
api-ts-local-98ac23ca,api,2,ts-local,subirApi,upApi,apps/api/tests/gerar-fixtures-jsonb.helper.ts:31,114,no,,,approved,codex1,
api-ts-local-99da7fe8,api,2,ts-local,fluxo,flow,apps/api/tests/equipe-do-fluxo.test.ts:143,1172,no,,,approved,codex1,
api-ts-local-9a1b0178,api,2,ts-local,permissao,permission,apps/api/src/dominio/gestao/builder-do-fluxo.ts:90,54,no,,,approved,codex1,
api-ts-local-9a3d85a8,api,2,ts-local,usuarios,users,apps/api/tests/configuracao-do-fluxo.test.ts:40,36,no,,,approved,codex1,
api-ts-local-9b790642,api,2,ts-local,conversaId,conversationId,apps/api/src/dominio/gestao/esforco.ts:120,523,no,,,approved,codex1,
api-ts-local-9ba42e65,api,2,ts-local,consulta,query,apps/api/src/dominio/whatsapp/cliente-graph.ts:237,333,no,,,approved,codex1,
api-ts-local-9bc001c6,api,2,ts-local,usuarioIdAlvo,userIdTarget,apps/api/src/dominio/gestao/contrato.ts:235,21,no,,,approved,codex1,
api-ts-local-9bf8d1cd,api,2,ts-local,atendenteId,agentId,apps/api/tests/anexos-multiplos.test.ts:102,217,no,,,approved,codex1,
api-ts-local-9bfb4f8d,api,2,ts-local,fluxoId,flowId,apps/api/tests/chave-de-fluxo.test.ts:127,504,no,,,approved,codex1,
api-ts-local-9c183783,api,2,ts-local,sincronizarDicionario,syncDictionary,apps/api/tests/dicionario-crm.test.ts:14,13,no,,,approved,codex1,
api-ts-local-9c335203,api,2,ts-local,entrada,inbound,apps/api/src/dominio/instagram/entrada.ts:69,473,no,,,approved,codex1,
api-ts-local-9c99b09b,api,2,ts-local,valor,value,apps/api/src/controladores/minha-conta.ts:158,1656,no,,,approved,codex1,
api-ts-local-9ca65c1e,api,2,ts-local,subirApi,upApi,apps/api/tests/tempo-real.test.ts:16,114,no,,,approved,codex1,
api-ts-local-9d2cb4a6,api,2,ts-local,janela,window,apps/api/src/dominio/gestao/historico.ts:82,260,no,,,approved,codex1,
api-ts-local-9d6a14cb,api,2,ts-local,valor,value,apps/api/src/controladores/gestao-equipe.ts:41,1656,no,,,approved,codex1,
api-ts-local-9d7abab4,api,2,ts-local,valor,value,apps/api/src/eventos-ws.ts:50,1656,no,,,approved,codex1,
api-ts-local-9de33d7b,api,2,ts-local,valor,value,apps/api/src/dominio/whatsapp/saude.ts:64,1656,no,,,approved,codex1,
api-ts-local-9ec46363,api,2,ts-local,erro,error,apps/api/src/dominio/email.ts:148,1478,no,,,approved,codex1,
api-ts-local-9f1b2e20,api,2,ts-local,requisicao,request,apps/api/src/controladores/gestao-fluxo.ts:149,450,no,,,approved,codex1,
api-ts-local-9f9cb6a8,api,2,ts-local,semear,seed,apps/api/tests/messenger.test.ts:12,55,no,,,approved,codex1,
api-ts-local-9fd57ff1,api,2,ts-local,criarToken,createToken,apps/api/tests/permissoes-do-atendente.test.ts:12,68,no,,,approved,codex1,
api-ts-local-a0974432,api,2,ts-local,janela,window,apps/api/src/dominio/gestao/monitoria.ts:143,260,no,,,approved,codex1,
api-ts-local-a0dabd9f,api,2,ts-local,valor,value,apps/api/src/controladores/catalogo.ts:446,1656,no,,,approved,codex1,
api-ts-local-a0db9515,api,2,ts-local,provisionarCliente,provisionCustomer,apps/api/tests/convites.test.ts:22,11,no,,,approved,codex1,
api-ts-local-a139b4a3,api,2,ts-local,escopoTipo,scopeType,apps/api/src/dominio/gestao/regras-prioridade.ts:110,79,no,,,approved,codex1,
api-ts-local-a1e839ee,api,2,ts-local,pagina,page,apps/api/src/controladores/gestao-fluxo.ts:218,89,no,,,approved,codex1,
api-ts-local-a1fe203f,api,2,ts-local,conversaId,conversationId,apps/api/src/dominio/conversa.ts:198,523,no,,,approved,codex1,
api-ts-local-a2071093,api,2,ts-local,usuarioId,userId,apps/api/src/dominio/gestao/integracoes.ts:1017,604,no,,,approved,codex1,
api-ts-local-a23d1ec8,api,2,ts-local,criarToken,createToken,apps/api/tests/integracoes.test.ts:12,68,no,,,approved,codex1,
api-ts-local-a26d91ec,api,2,ts-local,requisicao,request,apps/api/src/controladores/convites.ts:121,450,no,,,approved,codex1,
api-ts-local-a28317f2,api,2,ts-local,membros,members,apps/api/src/dominio/gestao/contrato.ts:69,128,no,,,approved,codex1,
api-ts-local-a287a65c,api,2,ts-local,dados,data,apps/api/src/dominio/gestao/acoes/comunicacao.ts:53,669,no,,,approved,codex1,
api-ts-local-a389f13a,api,2,ts-local,modelo,template,apps/api/src/dominio/gestao-fluxo.ts:377,361,no,,,approved,codex1,
api-ts-local-a40eeba4,api,2,ts-local,contato,contact,apps/api/tests/messenger.test.ts:128,1026,no,,,approved,codex1,
api-ts-local-a546ffcd,api,2,ts-local,usuarioId,userId,apps/api/src/dominio/canais.ts:147,604,no,,,approved,codex1,
api-ts-local-a5567f37,api,2,ts-local,permissoes,permissions,apps/api/tests/ciclo-de-vida-do-fluxo.test.ts:52,149,no,,,approved,codex1,
api-ts-local-a55849b1,api,2,ts-local,usuarioId,userId,apps/api/tests/builder-por-fluxo.test.ts:94,604,no,,,approved,codex1,
api-ts-local-a5704347,api,2,ts-local,requisicao,request,apps/api/src/controladores/importacoes.ts:31,450,no,,,approved,codex1,
api-ts-local-a5750284,api,2,ts-local,mensagemRows,messageRows,apps/api/tests/gerar-fixtures-jsonb.helper.ts:131,2,no,,,approved,codex1,
api-ts-local-a5aac826,api,2,ts-local,valor,value,apps/api/src/controladores/gestao-analise.ts:44,1656,no,,,approved,codex1,
api-ts-local-a5bb4c55,api,2,ts-local,valor,value,apps/api/src/dominio/desk/consultas.ts:50,1656,no,,,approved,codex1,
api-ts-local-a5ebb5c7,api,2,ts-local,payloadDeMensagem,payloadOfMessage,apps/api/tests/roteador.test.ts:19,20,no,,,approved,codex1,
api-ts-local-a6169622,api,2,ts-local,canalId,channelId,apps/api/src/dominio/whatsapp/modelos.ts:190,387,no,,,approved,codex1,
api-ts-local-a69b37ab,api,2,ts-local,busca,search,apps/api/src/controladores/gestao-fluxo.ts:217,420,no,,,approved,codex1,
api-ts-local-a7bbd9d2,api,2,ts-local,erro,error,apps/api/src/dominio/fluxo.ts:1038,1478,no,,,approved,codex1,
api-ts-local-a83739fa,api,2,ts-local,consulta,query,apps/api/src/dominio/messenger/cliente-graph.ts:23,333,no,,,approved,codex1,
api-ts-local-a8488c4b,api,2,ts-local,dados,data,apps/api/src/dominio/gestao/regras-de-nome.ts:78,669,no,,,approved,codex1,
api-ts-local-a8b9b5cd,api,2,ts-local,fluxoNaRota,flowInRoute,apps/api/src/autenticacao.ts:150,2,no,,,approved,codex1,
api-ts-local-a92e5c76,api,2,ts-local,blocoRows,blockRows,apps/api/tests/gerar-fixtures-jsonb.helper.ts:84,2,no,,,approved,codex1,
api-ts-local-a9ab1edd,api,2,ts-local,dados,data,apps/api/tests/anexos.test.ts:142,669,no,,,approved,codex1,
api-ts-local-aa038256,api,2,ts-local,aplicarEventosDeModelo,aplicarEventsOfTemplate,apps/api/tests/canais.test.ts:20,13,no,,,approved,codex1,
api-ts-local-aa20e63f,api,2,ts-local,canal,channel,apps/api/src/dominio/whatsapp/desmontagem-de-webhook.ts:20,970,no,,,approved,codex1,
api-ts-local-ab2bcce0,api,2,ts-local,chave,key,apps/api/src/dominio/instagram/cliente-graph.ts:99,1153,no,,,approved,codex1,
api-ts-local-ab339e0a,api,2,ts-local,usuarios,users,apps/api/tests/builder-por-fluxo.test.ts:62,36,no,,,approved,codex1,
api-ts-local-ab34fb56,api,2,ts-local,atendenteId,agentId,apps/api/tests/transferencia.test.ts:72,217,no,,,approved,codex1,
api-ts-local-ac15a75a,api,2,ts-local,requisicao,request,apps/api/src/controladores/gestao-operacao.ts:125,450,no,,,approved,codex1,
api-ts-local-ac57cc5a,api,2,ts-local,erro,error,apps/api/src/dominio/whatsapp/configuracao-manual.ts:116,1478,no,,,approved,codex1,
api-ts-local-ac624754,api,2,ts-local,filtro,filter,apps/api/src/dominio/gestao-analise.ts:464,231,no,,,approved,codex1,
api-ts-local-acd10df5,api,2,ts-local,mensagensPendentes,messagesPending,apps/api/src/dominio/fluxo.ts:619,2,no,,,approved,codex1,
api-ts-local-ad13b91d,api,2,ts-local,usuarioId,userId,apps/api/tests/tempo-real.test.ts:36,604,no,,,approved,codex1,
api-ts-local-ad2eefeb,api,2,ts-local,usuarios,users,apps/api/tests/cadastros-atendimento.test.ts:45,36,no,,,approved,codex1,
api-ts-local-ad3bff58,api,2,ts-local,permissoes,permissions,apps/api/tests/roteador.test.ts:40,149,no,,,approved,codex1,
api-ts-local-adb799d9,api,2,ts-local,canal,channel,apps/api/src/dominio/instagram/renovacao.ts:36,970,no,,,approved,codex1,
api-ts-local-adfcdf85,api,2,ts-local,chave,key,apps/api/src/dominio/gestao/equipe-do-fluxo.ts:152,1153,no,,,approved,codex1,
api-ts-local-ae204649,api,2,ts-local,direcao,direction,apps/api/src/controladores/gestao-analise.ts:244,175,no,,,approved,codex1,
api-ts-local-ae301bd1,api,2,ts-local,usuarioId,userId,apps/api/tests/palavras-proibidas.test.ts:87,604,no,,,approved,codex1,
api-ts-local-afb5d34c,api,2,ts-local,importacoes,imports,apps/api/src/dominio/gestao/implantacao.ts:77,11,no,,,approved,codex1,
api-ts-local-afc428a1,api,2,ts-local,lerCanalInstagram,readChannelInstagram,apps/api/tests/instagram.test.ts:23,7,no,,,approved,codex1,"fixed: leftover PT token (dictionary gap: ler/texto/como/resultado/servir), gate 2 dry-run sweep"
api-ts-local-afd72fd0,api,2,ts-local,alteracoes,changes,apps/api/src/dominio/whatsapp/canal.ts:90,4,no,,,approved,codex1,
api-ts-local-afea82c3,api,2,ts-local,erro,error,apps/api/src/filas.ts:164,1478,no,,,approved,codex1,
api-ts-local-b04669a4,api,2,ts-local,criarToken,createToken,apps/api/tests/cadastros-atendimento.test.ts:12,68,no,,,approved,codex1,
api-ts-local-b05bc40a,api,2,ts-local,servico,service,apps/api/tests/roteador.test.ts:354,17,no,,,approved,codex1,
api-ts-local-b08b2055,api,2,ts-local,mensagem,message,apps/api/src/dominio/gestao/pfx.ts:64,1267,no,,,approved,codex1,
api-ts-local-b08e0cf5,api,2,ts-local,segredo,secret,apps/api/src/dominio/whatsapp/cliente-graph.ts:158,212,no,,,approved,codex1,
api-ts-local-b105c3b9,api,2,ts-local,posicoes,positions,apps/api/src/dominio/roteador.ts:77,3,no,,,approved,codex1,
api-ts-local-b1c4252f,api,2,ts-local,canal,channel,apps/api/src/dominio/messenger/canal.ts:39,970,no,,,approved,codex1,
api-ts-local-b1d32c3e,api,2,ts-local,transicoes,transitions,apps/api/src/dominio/fluxo.ts:143,6,no,,,approved,codex1,
api-ts-local-b1dd7d40,api,2,ts-local,subirApi,upApi,apps/api/tests/saude.test.ts:11,114,no,,,approved,codex1,
api-ts-local-b1f280ab,api,2,ts-local,atendenteId,agentId,apps/api/tests/desk-acoes.test.ts:102,217,no,,,approved,codex1,
api-ts-local-b4c781dc,api,2,ts-local,janela,window,apps/api/src/dominio/gestao/satisfacao.ts:88,260,no,,,approved,codex1,
api-ts-local-b574b60c,api,2,ts-local,esquecerCanal,esquecerChannel,apps/api/tests/growth.test.ts:14,23,no,,,approved,codex1,
api-ts-local-b57a6444,api,2,ts-local,payloadDeMensagem,payloadOfMessage,apps/api/tests/entrada-telefone.test.ts:12,20,no,,,approved,codex1,
api-ts-local-b5e7a423,api,2,ts-local,chave,key,apps/api/tests/anexos.test.ts:27,1153,no,,,approved,codex1,
api-ts-local-b63a61b3,api,2,ts-local,mensagem,message,apps/api/src/dominio/instagram/canal.ts:64,1267,no,,,approved,codex1,
api-ts-local-b645af1e,api,2,ts-local,usuarioId,userId,apps/api/tests/integracoes.test.ts:78,604,no,,,approved,codex1,
api-ts-local-b65dfb8e,api,2,ts-local,para_conversa_id,forConversationId,apps/api/tests/transferencia.test.ts:161,15,no,,,approved,codex1,
api-ts-local-b6774c55,api,2,ts-local,consulta,query,apps/api/src/controladores/catalogo.ts:276,333,no,,,approved,codex1,
api-ts-local-b7565bbb,api,2,ts-local,atendenteId,agentId,apps/api/tests/envio-sessao.test.ts:66,217,no,,,approved,codex1,
api-ts-local-b788ffa5,api,2,ts-local,dados,data,apps/api/src/webhooks-saida.ts:165,669,no,,,approved,codex1,
api-ts-local-b793633f,api,2,ts-local,usuarioId,userId,apps/api/src/dominio/whatsapp/preferencias.ts:89,604,no,,,approved,codex1,
api-ts-local-b79dfff5,api,2,ts-local,contatoId,contactId,apps/api/src/dominio/roteador.ts:65,226,no,,,approved,codex1,
api-ts-local-b7c1ef0d,api,2,ts-local,lerCanalWhatsApp,readChannelWhatsApp,apps/api/tests/canais.test.ts:29,29,no,,,approved,codex1,"fixed: leftover PT token (dictionary gap: ler/texto/como/resultado/servir), gate 2 dry-run sweep"
api-ts-local-b81213ca,api,2,ts-local,semear,seed,apps/api/tests/midia-recebida.test.ts:14,55,no,,,approved,codex1,
api-ts-local-b8596fe0,api,2,ts-local,contexto,context,apps/api/src/dominio/convites.ts:328,300,no,,,approved,codex1,
api-ts-local-b98f9ba9,api,2,ts-local,canal,channel,apps/api/src/dominio/whatsapp/cadastro-embutido.ts:100,970,no,,,approved,codex1,
api-ts-local-b9bced64,api,2,ts-local,usuarioId,userId,apps/api/src/dominio/gestao/ciclo-de-vida-do-fluxo.ts:185,604,no,,,approved,codex1,
api-ts-local-b9e5d8d0,api,2,ts-local,criarToken,createToken,apps/api/tests/contatos-editar.test.ts:12,68,no,,,approved,codex1,
api-ts-local-b9f7a0a3,api,2,ts-local,permissoes,permissions,apps/api/tests/convites.test.ts:58,149,no,,,approved,codex1,
api-ts-local-ba0435c7,api,2,ts-local,criarToken,createToken,apps/api/tests/ciclo-de-vida-do-fluxo.test.ts:12,68,no,,,approved,codex1,
api-ts-local-ba079b7a,api,2,ts-local,usarArmazenamento,useStorage,apps/api/tests/midia-recebida.test.ts:17,14,no,,,approved,codex1,
api-ts-local-ba3167d7,api,2,ts-local,canal,channel,apps/api/src/dominio/whatsapp/configuracao-de-webhook.ts:151,970,no,,,approved,codex1,
api-ts-local-ba3a7c6e,api,2,ts-local,registrarDominio,logDomain,apps/api/tests/convites.test.ts:20,11,no,,,approved,codex1,
api-ts-local-bb10b378,api,2,ts-local,executarConfiguracaoManual,executarConfigurationManual,apps/api/tests/canais.test.ts:31,10,no,,,approved,codex1,
api-ts-local-bb6a2713,api,2,ts-local,contexto,context,apps/api/src/dominio/entrada.ts:562,300,no,,,approved,codex1,
api-ts-local-bba5abaf,api,2,ts-local,sincronizarContato,syncContact,apps/api/tests/twenty.test.ts:21,8,no,,,approved,codex1,
api-ts-local-bbafde4c,api,2,ts-local,opcoes,options,apps/api/tests/contrato.test.ts:593,157,no,,,approved,codex1,
api-ts-local-bbf0b8b8,api,2,ts-local,fluxoId,flowId,apps/api/src/dominio/gestao/builder-do-fluxo.ts:159,504,no,,,approved,codex1,
api-ts-local-bcb6e7e5,api,2,ts-local,canalId,channelId,apps/api/tests/midia-recebida.test.ts:87,387,no,,,approved,codex1,
api-ts-local-bcd1f69d,api,2,ts-local,busca,search,apps/api/src/dominio/desk/consultas.ts:519,420,no,,,approved,codex1,
api-ts-local-bced1b98,api,2,symbol,ControladorCanais,ChannelsController,apps/api/tests/canais.test.ts:42,5,no,,,approved,sonnet,
api-ts-local-bcf3d886,api,2,ts-local,canalId,channelId,apps/api/tests/gerar-fixtures-jsonb.helper.ts:46,387,no,,,approved,codex1,
api-ts-local-bd229fa6,api,2,ts-local,convite,invitation,apps/api/src/dominio/convites.ts:110,338,no,,,approved,codex1,
api-ts-local-bd3c9363,api,2,ts-local,estado,state,apps/api/src/dominio/fluxo.ts:1077,1269,no,,,approved,codex1,
api-ts-local-bd4bfbb8,api,2,ts-local,fecharBanco,closeDatabase,apps/api/tests/midia-recebida.test.ts:14,35,no,,,approved,codex1,
api-ts-local-bd5e7e38,api,2,ts-local,criarToken,createToken,apps/api/tests/chave-de-fluxo.test.ts:12,68,no,,,approved,codex1,
api-ts-local-bda3741a,api,2,ts-local,canalId,channelId,apps/api/src/dominio/desk/consultas.ts:279,387,no,,,approved,codex1,
api-ts-local-bdb82a67,api,2,ts-local,usuarios,users,apps/api/tests/palavras-proibidas.test.ts:55,36,no,,,approved,codex1,
api-ts-local-bdf1513d,api,2,ts-local,outraFila,otherQueue,apps/api/tests/desk-acoes.test.ts:286,2,no,,,approved,codex1,
api-ts-local-be5bd4b0,api,2,ts-local,fluxoId,flowId,apps/api/src/dominio/gestao/equipe-do-fluxo.ts:181,504,no,,,approved,codex1,
api-ts-local-be60e0dd,api,2,ts-local,escopoId,scopeId,apps/api/src/dominio/gestao/configuracoes.ts:111,74,no,,,approved,codex1,
api-ts-local-be6b4f7a,api,2,ts-local,migrar,migrate,apps/api/tests/midia-recebida.test.ts:14,52,no,,,approved,codex1,
api-ts-local-be8721e3,api,2,ts-local,subirApi,upApi,apps/api/tests/ponta-a-ponta.test.ts:13,114,no,,,approved,codex1,
api-ts-local-bea9627a,api,2,ts-local,usarArmazenamento,useStorage,apps/api/tests/anexos-multiplos.test.ts:16,14,no,,,approved,codex1,
api-ts-local-bee29272,api,2,ts-local,usuarioId,userId,apps/api/src/dominio/gestao/monitoramento.ts:183,604,no,,,approved,codex1,
api-ts-local-bef11467,api,2,ts-local,regrasVencedorasPorAlvo,rulesWinningByTarget,apps/api/tests/sla-motor.test.ts:12,8,no,,,approved,codex1,
api-ts-local-bef2a809,api,2,ts-local,filaId,queueId,apps/api/src/dominio/gestao/cadastros.ts:1457,170,no,,,approved,codex1,
api-ts-local-bf41540f,api,2,symbol,ControladorContas,AccountsController,apps/api/tests/contas.test.ts:10,5,no,,,approved,sonnet,
api-ts-local-bf7cc02f,api,2,ts-local,criarBanco,createDatabase,apps/api/tests/contrato.test.ts:20,49,no,,,approved,codex1,
api-ts-local-bfb59256,api,2,ts-local,subirApi,upApi,apps/api/tests/permissoes-do-atendente.test.ts:13,114,no,,,approved,codex1,
api-ts-local-c0176fb5,api,2,ts-local,entrada,inbound,apps/api/src/dominio/gestao/configuracoes.ts:362,473,no,,,approved,codex1,
api-ts-local-c05d9717,api,2,ts-local,escopoId,scopeId,apps/api/src/dominio/gestao/regras-prioridade.ts:111,74,no,,,approved,codex1,
api-ts-local-c095a4b8,api,2,ts-local,sessaoSeg,sessionSeg,apps/api/src/dominio/gestao/esforco.ts:146,16,no,,,approved,codex1,
api-ts-local-c14737e5,api,2,ts-local,usuarios,users,apps/api/tests/email.test.ts:62,36,no,,,approved,codex1,
api-ts-local-c14da0bc,api,2,ts-local,sessao,session,apps/api/tests/builder-por-fluxo.test.ts:113,382,no,,,approved,codex1,
api-ts-local-c1c8d0ab,api,2,ts-local,usuarioId,userId,apps/api/tests/roteador.test.ts:66,604,no,,,approved,codex1,
api-ts-local-c21cdc78,api,2,ts-local,subirApi,upApi,apps/api/tests/entrada-telefone.test.ts:11,114,no,,,approved,codex1,
api-ts-local-c2ddbb11,api,2,ts-local,valoresDoMessenger,valuesOfMessenger,apps/api/tests/messenger.test.ts:21,6,no,,,approved,codex1,
api-ts-local-c2f34661,api,2,ts-local,chave,key,apps/api/tests/ajuda-pfx.ts:102,1153,no,,,approved,codex1,
api-ts-local-c30749c7,api,2,ts-local,subirApi,upApi,apps/api/tests/transferencia.test.ts:12,114,no,,,approved,codex1,
api-ts-local-c338855e,api,2,ts-local,consulta,query,apps/api/tests/instagram.test.ts:70,333,no,,,approved,codex1,
api-ts-local-c37cb23f,api,2,ts-local,filaId,queueId,apps/api/src/dominio/gestao/sla.ts:87,170,no,,,approved,codex1,
api-ts-local-c39aac07,api,2,ts-local,requisicao,request,apps/api/src/controladores/entrar.ts:149,450,no,,,approved,codex1,
api-ts-local-c3b06181,api,2,ts-local,sessao,session,apps/api/tests/integracoes.test.ts:102,382,no,,,approved,codex1,
api-ts-local-c41c3031,api,2,ts-local,valor,value,apps/api/src/metricas.ts:124,1656,no,,,approved,codex1,
api-ts-local-c4a0ff3e,api,2,ts-local,dados,data,apps/api/tests/midia-recebida.test.ts:43,669,no,,,approved,codex1,
api-ts-local-c4ca7fef,api,2,ts-local,segredos,secrets,apps/api/src/dominio/instagram/cliente-graph.ts:108,20,no,,,approved,codex1,
api-ts-local-c574b1c2,api,2,ts-local,filaId,queueId,apps/api/src/dominio/gestao/sla-motor.ts:62,170,no,,,approved,codex1,
api-ts-local-c5d1d3b1,api,2,ts-local,usuarioId,userId,apps/api/src/dominio/gestao/configuracao-do-fluxo.ts:103,604,no,,,approved,codex1,
api-ts-local-c600c9cd,api,2,ts-local,conversa,conversation,apps/api/tests/anexos-multiplos.test.ts:180,1270,no,,,approved,codex1,
api-ts-local-c66101a2,api,2,ts-local,anexoId,attachmentId,apps/api/src/controladores/anexos.ts:74,70,no,,,approved,codex1,
api-ts-local-c679988d,api,2,ts-local,listarCanaisWhatsApp,listarChannelsWhatsApp,apps/api/tests/canais.test.ts:22,7,no,,,approved,codex1,
api-ts-local-c6fcac75,api,2,ts-local,lerPreferencias,readPreferences,apps/api/tests/canais.test.ts:37,12,no,,,approved,codex1,"fixed: leftover PT token (dictionary gap: ler/texto/como/resultado/servir), gate 2 dry-run sweep"
api-ts-local-c77d0c8e,api,2,ts-local,criarToken,createToken,apps/api/tests/contrato.test.ts:18,68,no,,,approved,codex1,
api-ts-local-c7d63092,api,2,ts-local,criarToken,createToken,apps/api/tests/convites.test.ts:17,68,no,,,approved,codex1,
api-ts-local-c7da2c3d,api,2,ts-local,fluxoId,flowId,apps/api/src/controladores/rastreador-de-cliques.ts:46,504,no,,,approved,codex1,
api-ts-local-c8014c6d,api,2,ts-local,por,by,apps/api/src/dominio/gestao/historico.ts:247,2747,no,,,approved,codex1,
api-ts-local-c8426b1b,api,2,ts-local,aplicarEventosDeModelo,aplicarEventsOfTemplate,apps/api/tests/email.test.ts:17,13,no,,,approved,codex1,
api-ts-local-c8eab2dd,api,2,ts-local,sessao,session,apps/api/tests/roteador.test.ts:97,382,no,,,approved,codex1,
api-ts-local-c90e30a9,api,2,ts-local,transicoes,transitions,apps/api/src/dominio/gestao/builder-do-fluxo.ts:235,6,no,,,approved,codex1,
api-ts-local-c97ded10,api,2,ts-local,escopos,scopes,apps/api/src/autenticacao.ts:55,40,no,,,approved,codex1,
api-ts-local-ca0416f6,api,2,ts-local,criarToken,createToken,apps/api/tests/builder-por-fluxo.test.ts:13,68,no,,,approved,codex1,
api-ts-local-ca687066,api,2,ts-local,ordenarRegrasDePrioridade,ordenarRulesOfPriority,apps/api/tests/prioridade.test.ts:10,5,no,,,approved,codex1,
api-ts-local-cad4db93,api,2,ts-local,destino,destination,apps/api/src/dominio/gestao/cadastros.ts:1003,303,no,,,approved,codex1,
api-ts-local-caf0910a,api,2,ts-local,busca,search,apps/api/src/dominio/gestao-fluxo.ts:221,420,no,,,approved,codex1,
api-ts-local-cb1bd0be,api,2,ts-local,usuarioId,userId,apps/api/tests/desk-acoes.test.ts:33,604,no,,,approved,codex1,
api-ts-local-cbe8e0e0,api,2,ts-local,chave,key,apps/api/src/paginacao.ts:119,1153,no,,,approved,codex1,
api-ts-local-cbeac305,api,2,ts-local,erro,error,apps/api/src/dominio/instagram/cliente-graph.ts:113,1478,no,,,approved,codex1,
api-ts-local-cbff0226,api,2,ts-local,chave,key,apps/api/tests/contrato.test.ts:454,1153,no,,,approved,codex1,
api-ts-local-cc4af54d,api,2,ts-local,atendente,agent,apps/api/src/controladores/gestao-operacao.ts:138,768,no,,,approved,codex1,
api-ts-local-cc78d30f,api,2,ts-local,_fluxoId,unusedFlowId,apps/api/src/dominio/gestao-analise.ts:264,1,no,,,approved,sonnet,
api-ts-local-cd835b70,api,2,ts-local,janela,window,apps/api/src/dominio/gestao/esforco.ts:56,260,no,,,approved,codex1,
api-ts-local-cdf008c9,api,2,ts-local,opcoes,options,apps/api/tests/ajuda-pfx.ts:160,157,no,,,approved,codex1,
api-ts-local-ce101c26,api,2,ts-local,valor,value,apps/api/src/dominio/gestao/builder-do-fluxo.ts:133,1656,no,,,approved,codex1,
api-ts-local-cec11371,api,2,ts-local,erro,error,apps/api/src/controladores/gestao-fluxo.ts:169,1478,no,,,approved,codex1,
api-ts-local-cf279459,api,2,ts-local,canal,channel,apps/api/src/dominio/entrada.ts:132,970,no,,,approved,codex1,
api-ts-local-cf560854,api,2,ts-local,modelo,template,apps/api/src/dominio/whatsapp/cliente-graph.ts:171,361,no,,,approved,codex1,
api-ts-local-cf711508,api,2,ts-local,requisicao,request,apps/api/src/metricas.ts:117,450,no,,,approved,codex1,
api-ts-local-cf841b7a,api,2,ts-local,usuarios,users,apps/api/tests/integracoes.test.ts:46,36,no,,,approved,codex1,
api-ts-local-d06097c4,api,2,ts-local,requisicao,request,apps/api/src/controladores/gestao-builder.ts:41,450,no,,,approved,codex1,
api-ts-local-d0bfa2ab,api,2,ts-local,segredos,secrets,apps/api/src/dominio/whatsapp/cliente-graph.ts:199,20,no,,,approved,codex1,
api-ts-local-d0e8b4f4,api,2,ts-local,subirApi,upApi,apps/api/tests/contrato.test.ts:19,114,no,,,approved,codex1,
api-ts-local-d10fb13d,api,2,ts-local,chaveDoConflito,keyOfConflito,apps/api/src/dominio/dicionario-crm.ts:363,1,no,,,approved,codex1,
api-ts-local-d122ba25,api,2,ts-local,usuarioId,userId,apps/api/tests/monitoramento-conversas.test.ts:51,604,no,,,approved,codex1,
api-ts-local-d19f8809,api,2,ts-local,usuarioId,userId,apps/api/src/controladores/gestao-conta.ts:39,604,no,,,approved,codex1,
api-ts-local-d2324d1d,api,2,ts-local,subirApi,upApi,apps/api/tests/mensagens-ativas.test.ts:12,114,no,,,approved,codex1,
api-ts-local-d285453c,api,2,ts-local,filtro,filter,apps/api/src/dominio/gestao/monitoria.ts:144,231,no,,,approved,codex1,
api-ts-local-d3452209,api,2,ts-local,atendenteId,agentId,apps/api/src/dominio/distribuicao.ts:82,217,no,,,approved,codex1,
api-ts-local-d3a7b4ce,api,2,ts-local,erro,error,apps/api/src/dominio/gestao/builder-do-fluxo.ts:318,1478,no,,,approved,codex1,
api-ts-local-d3daef03,api,2,ts-local,formatoDaPergunta,formatOfPergunta,apps/api/tests/canais.test.ts:37,17,no,,,approved,codex1,
api-ts-local-d3e3d19b,api,2,ts-local,_codificacao,encoding,apps/api/tests/contrato.test.ts:599,1,no,,,approved,codex1,
api-ts-local-d3fc1c7c,api,2,ts-local,usuarioId,userId,apps/api/src/dominio/instagram/canal.ts:289,604,no,,,approved,codex1,
api-ts-local-d43c35f1,api,2,ts-local,estado,state,apps/api/tests/etiquetas.test.ts:117,1269,no,,,approved,codex1,
api-ts-local-d47d550d,api,2,ts-local,criarBanco,createDatabase,apps/api/tests/instagram.test.ts:15,49,no,,,approved,codex1,
api-ts-local-d4fb2f60,api,2,ts-local,valores,values,apps/api/src/controladores/gestao-conta.ts:59,140,no,,,approved,codex1,
api-ts-local-d66214d9,api,2,ts-local,erro,error,apps/api/src/dominio/mensagem-ativa.ts:192,1478,no,,,approved,codex1,
api-ts-local-d666f015,api,2,ts-local,MAX_CONTATOS_POR_DISPARO,MAX_CONTACTS_BY_TRIGGER,apps/api/tests/mensagens-ativas.test.ts:14,8,no,,,approved,codex1,
api-ts-local-d6809e68,api,2,ts-local,execucoes,executions,apps/api/src/dominio/fluxo.ts:226,5,no,,,approved,codex1,
api-ts-local-d7e5764e,api,2,ts-local,canalId,channelId,apps/api/src/dominio/gestao-fluxo.ts:410,387,no,,,approved,codex1,
api-ts-local-d7f8b276,api,2,ts-local,entrada,inbound,apps/api/src/dominio/eventos.ts:11,473,no,,,approved,codex1,
api-ts-local-d83c19ae,api,2,ts-local,fluxoId,flowId,apps/api/src/dominio/rastreador-de-cliques.ts:124,504,no,,,approved,codex1,
api-ts-local-d84aa31e,api,2,ts-local,usuarioIds,userIds,apps/api/tests/permissoes-do-atendente.test.ts:141,7,no,,,approved,codex1,
api-ts-local-d8c2b1ee,api,2,ts-local,criarToken,createToken,apps/api/tests/equipe-do-fluxo.test.ts:12,68,no,,,approved,codex1,
api-ts-local-d8c43e0b,api,2,ts-local,coluna,column,apps/api/src/dominio/instagram/canal.ts:71,520,no,,,approved,codex1,
api-ts-local-d8c8b432,api,2,ts-local,valor,value,apps/api/src/dominio/envio.ts:488,1656,no,,,approved,codex1,
api-ts-local-d8dfee9d,api,2,ts-local,semente,seed,apps/api/src/dominio/whatsapp/cliente-graph.ts:549,58,no,,,approved,codex1,
api-ts-local-d9bae42c,api,2,symbol,ControladorCanaisMessenger,MessengerChannelsController,apps/api/tests/messenger.test.ts:16,5,no,,,approved,sonnet,
api-ts-local-d9c44b9d,api,2,ts-local,transicaoRows,transitionRows,apps/api/tests/gerar-fixtures-jsonb.helper.ts:94,2,no,,,approved,codex1,
api-ts-local-d9c9a0d4,api,2,ts-local,trocarCodigo,exchangeCode,apps/api/tests/canais.test.ts:41,17,no,,,approved,codex1,
api-ts-local-da391237,api,2,ts-local,chave,key,apps/api/tests/anexos-multiplos.test.ts:42,1153,no,,,approved,codex1,
api-ts-local-da59b980,api,2,ts-local,sessao,session,apps/api/tests/ciclo-de-vida-do-fluxo.test.ts:144,382,no,,,approved,codex1,
api-ts-local-da700fa9,api,2,ts-local,canal,channel,apps/api/src/dominio/whatsapp/preferencias.ts:32,970,no,,,approved,codex1,
api-ts-local-da8b4e70,api,2,ts-local,tenantIdDoAnexo,tenantIdOfAttachment,apps/api/src/dominio/anexo.ts:174,2,no,,,approved,codex1,
api-ts-local-dac14850,api,2,ts-local,valor,value,apps/api/src/dominio/gestao-fluxo.ts:404,1656,no,,,approved,codex1,
api-ts-local-db593215,api,2,ts-local,valor,value,apps/api/src/dominio/instagram/cliente-graph.ts:99,1656,no,,,approved,codex1,
api-ts-local-db844135,api,2,ts-local,conversa,conversation,apps/api/tests/instagram.test.ts:258,1270,no,,,approved,codex1,
api-ts-local-dbb034ed,api,2,ts-local,consulta,query,apps/api/src/dominio/gestao/implantacao.ts:35,333,no,,,approved,codex1,
api-ts-local-dbb40c23,api,2,ts-local,enviarMensagem,sendMessage,apps/api/tests/instagram.test.ts:19,17,no,,,approved,codex1,
api-ts-local-dc325bc6,api,2,ts-local,usuarioId,userId,apps/api/src/sessao.ts:119,604,no,,,approved,codex1,
api-ts-local-dca507de,api,2,ts-local,erro,error,apps/api/src/dominio/gestao/acoes/comunicacao.ts:25,1478,no,,,approved,codex1,
api-ts-local-dcebb26f,api,2,ts-local,mensagem,message,apps/api/src/dominio/midia.ts:200,1267,no,,,approved,codex1,
api-ts-local-ddcd9547,api,2,ts-local,requisicao,request,apps/api/src/controladores/mensagens-ativas.ts:49,450,no,,,approved,codex1,
api-ts-local-de319045,api,2,ts-local,erro,error,apps/api/src/dominio/instagram/canal.ts:189,1478,no,,,approved,codex1,
api-ts-local-de73cf80,api,2,ts-local,doContrato,ofContract,apps/api/src/tempo-real.ts:80,1,no,,,approved,codex1,
api-ts-local-decfa45f,api,2,ts-local,erro,error,apps/api/src/controladores/gestao-conta.ts:76,1478,no,,,approved,codex1,
api-ts-local-df02792b,api,2,ts-local,dados,data,apps/api/src/dominio/desk/marcacoes.ts:131,669,no,,,approved,codex1,
api-ts-local-df1bedef,api,2,ts-local,valor,value,apps/api/src/controladores/conversas.ts:472,1656,no,,,approved,codex1,
api-ts-local-df23ab75,api,2,ts-local,versoes,versions,apps/api/src/dominio/gestao/builder-do-fluxo.ts:229,32,no,,,approved,codex1,
api-ts-local-df6f58a6,api,2,symbol,EntradaRecusada,InboundRefused,apps/api/tests/entrada.test.ts:19,19,no,,,approved,sonnet,
api-ts-local-dfadf68a,api,2,ts-local,papelId,roleId,apps/api/src/dominio/gestao/contrato.ts:236,121,no,,,approved,codex1,
api-ts-local-dfd7edc6,api,2,ts-local,contatos,contacts,apps/api/tests/monitoramento-conversas.test.ts:64,438,no,,,approved,codex1,
api-ts-local-dfeae69c,api,2,ts-local,permissoes,permissions,apps/api/tests/etiquetas.test.ts:43,149,no,,,approved,codex1,
api-ts-local-e02a8768,api,2,ts-local,atendenteId,agentId,apps/api/tests/conversa-eventos.test.ts:75,217,no,,,approved,codex1,
api-ts-local-e0304ce1,api,2,ts-local,fluxoId,flowId,apps/api/src/dominio/gestao-fluxo.ts:112,504,no,,,approved,codex1,
api-ts-local-e040f8b4,api,2,ts-local,versoes,versions,apps/api/src/dominio/fluxo.ts:137,32,no,,,approved,codex1,
api-ts-local-e0434721,api,2,ts-local,mensagemId,messageId,apps/api/src/dominio/envio.ts:430,59,no,,,approved,codex1,
api-ts-local-e05bd2d4,api,2,ts-local,canais,channels,apps/api/src/dominio/whatsapp/eventos-de-modelo.ts:195,243,no,,,approved,codex1,
api-ts-local-e05d1c14,api,2,ts-local,dominio,domain,apps/api/src/dominio/dominios.ts:65,476,no,,,approved,codex1,
api-ts-local-e14320c9,api,2,ts-local,autenticacao,authentication,apps/api/src/dominio/gestao/integracoes.ts:503,181,no,,,approved,codex1,
api-ts-local-e1503c83,api,2,ts-local,textoDoModelo,textOfTemplate,apps/api/src/dominio/whatsapp/modelos.ts:128,1,no,,,approved,codex1,
api-ts-local-e17a6d98,api,2,ts-local,identidade,identity,apps/api/src/dominio/gestao-fluxo.ts:140,93,no,,,approved,codex1,
api-ts-local-e223ae0d,api,2,ts-local,permissoes,permissions,apps/api/tests/builder-por-fluxo.test.ts:60,149,no,,,approved,codex1,
api-ts-local-e258fc1d,api,2,ts-local,canalIg,channelIg,apps/api/tests/instagram.test.ts:74,3,no,,,approved,codex1,
api-ts-local-e2dbdb9c,api,2,ts-local,mensagem,message,apps/api/tests/instagram.test.ts:130,1267,no,,,approved,codex1,
api-ts-local-e309835f,api,2,ts-local,erro,error,apps/api/src/controladores/crm.ts:99,1478,no,,,approved,codex1,
api-ts-local-e3199ec6,api,2,ts-local,valores,values,apps/api/src/dominio/gestao/integracoes.ts:845,140,no,,,approved,codex1,
api-ts-local-e36b320a,api,2,ts-local,papel,role,apps/api/tests/convites.test.ts:139,521,no,,,approved,codex1,
api-ts-local-e3841394,api,2,ts-local,criarToken,createToken,apps/api/tests/tempo-real.test.ts:15,68,no,,,approved,codex1,
api-ts-local-e3a7cbc2,api,2,ts-local,conversaId,conversationId,apps/api/src/dominio/gestao/monitoramento.ts:184,523,no,,,approved,codex1,
api-ts-local-e3aa6c89,api,2,ts-local,dicionarioCampo,dictionaryField,apps/api/src/dominio/dicionario-crm.ts:28,14,no,,,approved,codex1,
api-ts-local-e3d254d0,api,2,ts-local,usuarios,users,apps/api/tests/permissoes-do-atendente.test.ts:73,36,no,,,approved,codex1,
api-ts-local-e4c54d9c,api,2,ts-local,escopo,scope,apps/api/tests/convites.test.ts:59,227,no,,,approved,codex1,
api-ts-local-e581aa4f,api,2,ts-local,dados,data,apps/api/src/dominio/gestao/acoes/configuracoes.ts:145,669,no,,,approved,codex1,
api-ts-local-e5cb6c2e,api,2,ts-local,erro,error,apps/api/src/dominio/gestao/equipe-do-fluxo.ts:242,1478,no,,,approved,codex1,
api-ts-local-e69019cc,api,2,ts-local,contexto,context,apps/api/src/dominio/gestao/prioridade-motor.ts:103,300,no,,,approved,codex1,
api-ts-local-e6f7eb0f,api,2,ts-local,destinoAbsoluto,destinationAbsolute,apps/api/tests/entrada.test.ts:22,19,no,,,approved,codex1,
api-ts-local-e71214db,api,2,ts-local,subirApi,upApi,apps/api/tests/canal-do-fluxo.test.ts:18,114,no,,,approved,codex1,
api-ts-local-e7e18ec7,api,2,ts-local,criarToken,createToken,apps/api/tests/palavras-proibidas.test.ts:14,68,no,,,approved,codex1,
api-ts-local-e8b7a81e,api,2,ts-local,usuarioId,userId,apps/api/tests/permissoes-do-atendente.test.ts:105,604,no,,,approved,codex1,
api-ts-local-e95e2957,api,2,ts-local,valor,value,apps/api/src/dominio/gestao/comunicacao.ts:114,1656,no,,,approved,codex1,
api-ts-local-e97a4a30,api,2,ts-local,fluxo,flow,apps/api/src/dominio/gestao/builder-do-fluxo.ts:507,1172,no,,,approved,codex1,
api-ts-local-e97c0340,api,2,ts-local,contexto,context,apps/api/src/dominio/rastreador-de-cliques.ts:190,300,no,,,approved,codex1,
api-ts-local-e9a314a6,api,2,ts-local,canais,channels,apps/api/tests/instagram.test.ts:161,243,no,,,approved,codex1,
api-ts-local-e9b8451f,api,2,ts-local,canalId,channelId,apps/api/src/controladores/conexao-no-fluxo.ts:56,387,no,,,approved,codex1,
api-ts-local-e9dccc2b,api,2,ts-local,usuarioId,userId,apps/api/src/controladores/canais-instagram.ts:60,604,no,,,approved,codex1,
api-ts-local-ea3a52d2,api,2,ts-local,contatos,contacts,apps/api/src/controladores/gestao-analise.ts:115,438,no,,,approved,codex1,
api-ts-local-eaa58982,api,2,ts-local,criarToken,createToken,apps/api/tests/envio-sessao.test.ts:11,68,no,,,approved,codex1,
api-ts-local-eac1791c,api,2,ts-local,canalId,channelId,apps/api/src/dominio/whatsapp/canal.ts:40,387,no,,,approved,codex1,
api-ts-local-eb4b3de3,api,2,ts-local,lerCanalMessenger,readChannelMessenger,apps/api/tests/messenger.test.ts:17,8,no,,,approved,codex1,"fixed: leftover PT token (dictionary gap: ler/texto/como/resultado/servir), gate 2 dry-run sweep"
api-ts-local-ebd430f4,api,2,ts-local,valor,value,apps/api/src/dominio/gestao/integracoes.ts:407,1656,no,,,approved,codex1,
api-ts-local-ec508f41,api,2,ts-local,permissoes,permissions,apps/api/tests/cadastros-atendimento.test.ts:43,149,no,,,approved,codex1,
api-ts-local-ec818e1e,api,2,ts-local,canalId,channelId,apps/api/tests/canais.test.ts:570,387,no,,,approved,codex1,
api-ts-local-ed728a3a,api,2,ts-local,segredo,secret,apps/api/src/dominio/email.ts:60,212,no,,,approved,codex1,
api-ts-local-ee2b985a,api,2,ts-local,coluna,column,apps/api/tests/midia-recebida.test.ts:103,520,no,,,approved,codex1,
api-ts-local-efb6065f,api,2,ts-local,criarBanco,createDatabase,apps/api/tests/importacao.test.ts:12,49,no,,,approved,codex1,
api-ts-local-efb70fc1,api,2,ts-local,chave,key,apps/api/src/dominio/rastreador-de-cliques.ts:170,1153,no,,,approved,codex1,
api-ts-local-efff449e,api,2,ts-local,primeira,first,apps/api/tests/palavras-proibidas.test.ts:303,377,no,,,approved,codex1,
api-ts-local-f069115e,api,2,ts-local,permissoes,permissions,apps/api/tests/permissoes-do-atendente.test.ts:141,149,no,,,approved,codex1,
api-ts-local-f287ba75,api,2,ts-local,requisicao,request,apps/api/src/controladores/anexos.ts:30,450,no,,,approved,codex1,
api-ts-local-f2a39482,api,2,ts-local,fluxo,flow,apps/api/src/dominio/gestao-analise.ts:114,1172,no,,,approved,codex1,
api-ts-local-f2b68961,api,2,ts-local,usuarioId,userId,apps/api/src/controladores/sso.ts:263,604,no,,,approved,codex1,
api-ts-local-f2e77beb,api,2,ts-local,criarToken,createToken,apps/api/tests/configuracao-do-fluxo.test.ts:12,68,no,,,approved,codex1,
api-ts-local-f2fffd07,api,2,ts-local,erro,error,apps/api/tests/email.test.ts:220,1478,no,,,approved,codex1,
api-ts-local-f31fbed5,api,2,ts-local,migrar,migrate,apps/api/tests/importacao.test.ts:12,52,no,,,approved,codex1,
api-ts-local-f3acd955,api,2,ts-local,sessao,session,apps/api/tests/permissoes-do-atendente.test.ts:133,382,no,,,approved,codex1,
api-ts-local-f3dcf39c,api,2,ts-local,usuarioId,userId,apps/api/src/dominio/gestao/equipe-do-fluxo.ts:180,604,no,,,approved,codex1,
api-ts-local-f4280be3,api,2,ts-local,migrar,migrate,apps/api/tests/canais.test.ts:17,52,no,,,approved,codex1,
api-ts-local-f446f994,api,2,ts-local,erro,error,apps/api/src/dominio/whatsapp/desmontagem-de-webhook.ts:33,1478,no,,,approved,codex1,
api-ts-local-f4f6572e,api,2,ts-local,conversaId,conversationId,apps/api/tests/sla-motor.test.ts:112,523,no,,,approved,codex1,
api-ts-local-f56564a6,api,2,ts-local,subirApi,upApi,apps/api/tests/anexos-multiplos.test.ts:14,114,no,,,approved,codex1,
api-ts-local-f57dbfdb,api,2,ts-local,fluxoId,flowId,apps/api/src/controladores/conexao-no-fluxo.ts:39,504,no,,,approved,codex1,
api-ts-local-f5a616c4,api,2,ts-local,entrada,inbound,apps/api/src/dominio/gestao/cadastros.ts:801,473,no,,,approved,codex1,
api-ts-local-f6c171c2,api,2,ts-local,MAX_ARQUIVOS_POR_MENSAGEM,MAX_FILES_BY_MESSAGE,apps/api/tests/anexos-multiplos.test.ts:17,12,no,,,approved,codex1,
api-ts-local-f7744e64,api,2,ts-local,estado,state,apps/api/tests/conversa-eventos.test.ts:74,1269,no,,,approved,codex1,
api-ts-local-f77ffe8d,api,2,ts-local,contatos,contacts,apps/api/tests/cadastros-atendimento.test.ts:293,438,no,,,approved,codex1,
api-ts-local-f7af642c,api,2,ts-local,opcoes,options,apps/api/tests/midia-recebida.test.ts:89,157,no,,,approved,codex1,
api-ts-local-f8059292,api,2,ts-local,erro,error,apps/api/src/dominio/gestao/acoes/atendentes.ts:26,1478,no,,,approved,codex1,
api-ts-local-f840d091,api,2,ts-local,resolverCanal,resolverChannel,apps/api/tests/canais.test.ts:18,25,no,,,approved,codex1,
api-ts-local-f87c538d,api,2,ts-local,requisicao,request,apps/api/src/controladores/gestao-conta.ts:105,450,no,,,approved,codex1,
api-ts-local-f8806d69,api,2,ts-local,subirApi,upApi,apps/api/tests/entrada.test.ts:21,114,no,,,approved,codex1,
api-ts-local-f8994a1b,api,2,ts-local,janela,window,apps/api/src/dominio/gestao/atendimento.ts:158,260,no,,,approved,codex1,
api-ts-local-f8bdd27d,api,2,ts-local,atendente,agent,apps/api/src/dominio/gestao/monitoria.ts:200,768,no,,,approved,codex1,
api-ts-local-f8d39381,api,2,ts-local,chaveId,keyId,apps/api/src/controladores/gestao-integracoes.ts:104,26,no,,,approved,codex1,
api-ts-local-f9a88744,api,2,ts-local,emitirEstado,emitirState,apps/api/tests/canais.test.ts:32,8,no,,,approved,codex1,
api-ts-local-facbb563,api,2,ts-local,chaveiro,keyring,apps/api/tests/canais.test.ts:18,80,no,,,approved,codex1,
api-ts-local-fb0a01a2,api,2,ts-local,estado,state,apps/api/tests/transferencia.test.ts:73,1269,no,,,approved,codex1,
api-ts-local-fb76f685,api,2,ts-local,contato_id,contactId,apps/api/tests/roteador.test.ts:590,113,no,,,approved,codex1,
api-ts-local-fb77e52f,api,2,ts-local,estado,state,apps/api/src/dominio/gestao/builder-do-fluxo.ts:160,1269,no,,,approved,codex1,
api-ts-local-fb848149,api,2,ts-local,descobrirEntrada,discoverInbound,apps/api/tests/sso.test.ts:17,16,no,,,approved,codex1,
api-ts-local-fbc2d617,api,2,ts-local,chaveiroDoAmbiente,keyringOfAmbiente,apps/api/tests/twenty.test.ts:11,27,no,,,approved,codex1,
api-ts-local-fbdf5470,api,2,ts-local,chave,key,apps/api/src/dominio/gestao/integracoes.ts:868,1153,no,,,approved,codex1,
api-ts-local-fbeb9524,api,2,ts-local,segredo,secret,apps/api/src/dominio/messenger/cliente-graph.ts:10,212,no,,,approved,codex1,
api-ts-local-fc05a119,api,2,ts-local,erro,error,apps/api/src/webhooks-saida.ts:326,1478,no,,,approved,codex1,
api-ts-local-fc860318,api,2,ts-local,conversaId,conversationId,apps/api/tests/etiquetas.test.ts:129,523,no,,,approved,codex1,
api-ts-local-fc978335,api,2,ts-local,chave,key,apps/api/src/dominio/gestao/acoes/campos.ts:13,1153,no,,,approved,codex1,
api-ts-local-fcf2554f,api,2,ts-local,fluxoId,flowId,apps/api/src/dominio/gestao/integracoes.ts:1018,504,no,,,approved,codex1,
api-ts-local-fd1963de,api,2,ts-local,modelo,template,apps/api/src/dominio/whatsapp/modelos.ts:146,361,no,,,approved,codex1,
api-ts-local-fd4eacaa,api,2,ts-local,usuarios,users,apps/api/tests/chave-de-fluxo.test.ts:48,36,no,,,approved,codex1,
api-ts-local-fd51fb1e,api,2,ts-local,canalId,channelId,apps/api/src/dominio/fluxo.ts:93,387,no,,,approved,codex1,
api-ts-local-fd90f79d,api,2,ts-local,criarConvite,createInvitation,apps/api/tests/convites.test.ts:19,14,no,,,approved,codex1,
api-ts-local-fe08d33e,api,2,ts-local,filaDestinoId,queueDestinationId,apps/api/tests/cadastros-atendimento.test.ts:585,33,no,,,approved,codex1,
api-ts-local-fe40b015,api,2,ts-local,emAtendimento,inAttendance,apps/api/src/dominio/mensagem-ativa.ts:146,9,no,,,approved,codex1,
api-ts-local-fe4fef38,api,2,ts-local,erro,error,apps/api/src/dominio/instagram/renovacao.ts:58,1478,no,,,approved,codex1,
api-ts-local-fe69a202,api,2,ts-local,chave,key,apps/api/src/dominio/gestao/historico.ts:262,1153,no,,,approved,codex1,
api-ts-local-ff89542c,api,2,ts-local,filtro,filter,apps/api/src/dominio/gestao/monitoramento.ts:379,231,no,,,approved,codex1,
api-ts-local-ff9421cd,api,2,ts-local,requisicao,request,apps/api/src/controladores/sso.ts:115,450,no,,,approved,codex1,
api-ts-local-ffa0594b,api,2,ts-local,alteracoes,changes,apps/api/src/dominio/instagram/canal.ts:104,4,no,,,approved,codex1,
api-ts-local-fff6b629,api,2,ts-local,subirApi,upApi,apps/api/tests/roteador.test.ts:14,114,no,,,approved,codex1,
api-ts-prop-00d4cfbf,api,2,ts-prop,oauth2UrlAutorizacao,oauth2UrlAuthorization,apps/api/src/dominio/gestao/integracoes.ts:354,7,no,,,approved,codex1,
api-ts-prop-00f843c1,api,2,ts-prop,estado,state,apps/api/src/dominio/midia.ts:80,1269,no,,,approved,codex1,
api-ts-prop-00fcae74,api,2,ts-prop,destino,destination,apps/api/tests/entrada.test.ts:341,303,no,,,approved,codex1,
api-ts-prop-0106d004,api,2,ts-prop,padroes,defaults,apps/api/src/dominio/gestao/cadastros.ts:711,7,no,,,approved,codex1,
api-ts-prop-01585b05,api,2,ts-prop,filaId,queueId,apps/api/src/dominio/assumir.ts:26,170,no,,,approved,codex1,
api-ts-prop-016c267a,api,2,ts-prop,autenticacao,authentication,apps/api/src/dominio/gestao/comunicacao.ts:36,181,no,,,approved,codex1,
api-ts-prop-0179eced,api,2,ts-prop,descricao,description,apps/api/src/dominio/whatsapp/perfil.ts:41,299,no,,,approved,codex1,
api-ts-prop-018040f4,api,2,ts-prop,canalId,channelId,apps/api/tests/roteador.test.ts:83,387,no,,,approved,codex1,
api-ts-prop-01fde75f,api,2,ts-prop,paginaId,pageId,apps/api/src/dominio/messenger/cliente-graph.ts:51,35,no,,,approved,codex1,
api-ts-prop-0266882d,api,2,ts-prop,autenticacao_usuario,authenticationUser,apps/api/src/webhooks-saida.ts:204,2,no,,,approved,codex1,
api-ts-prop-028ac0fc,api,2,ts-prop,ordem,order,apps/api/src/dominio/gestao/builder-do-fluxo.ts:179,517,no,,,approved,codex1,
api-ts-prop-031f04f0,api,2,ts-prop,qualidade,quality,apps/api/src/dominio/canais.ts:39,76,no,,,approved,codex1,
api-ts-prop-035a086f,api,2,ts-prop,descricao,description,apps/api/tests/permissoes-do-atendente.test.ts:121,299,no,,,approved,codex1,
api-ts-prop-0371357f,api,2,ts-prop,estado_entrega,stateDelivery,apps/api/tests/fluxo.test.ts:136,61,no,,,approved,codex1,
api-ts-prop-03807ac2,api,2,ts-prop,autenticacao,authentication,apps/api/src/dominio/whatsapp/modelos.ts:282,181,no,,,approved,codex1,
api-ts-prop-03cff6f3,api,2,ts-prop,prefixo,prefix,apps/api/tests/integracoes.test.ts:157,89,no,,,approved,codex1,
api-ts-prop-0572e1c9,api,2,ts-prop,estado_entrega,stateDelivery,apps/api/tests/envio-sessao.test.ts:113,61,no,,,approved,codex1,
api-ts-prop-05f02f77,api,2,ts-prop,erros,errors,apps/api/src/dominio/gestao/builder-do-fluxo.ts:284,110,no,,,approved,codex1,
api-ts-prop-06643042,api,2,ts-prop,ativa,active,apps/api/src/dominio/gestao/cadastros.ts:1174,340,no,,,approved,codex1,
api-ts-prop-06980bb0,api,2,wire-key,fluxo_id,flowId,apps/api/src/autenticacao.ts:108,apps/api/src/autenticacao.ts,no,,D-09,approved,codex1,consumers field held a leftover ts-prop occurrence count after this row was reclassified to wire-key (check-map rule 10); replaced with the declared_at file so rewrite-literals' file-list consumer gate can find it
api-ts-prop-06b5214c,api,2,ts-prop,estado,state,apps/api/src/dominio/dicionario-crm.ts:227,1269,no,,,approved,codex1,
api-ts-prop-08a5e78b,api,2,ts-prop,dados,data,apps/api/src/dominio/gestao/monitoramento.ts:286,669,no,,,approved,codex1,
api-ts-prop-0aaf3706,api,2,ts-prop,erroDeWebhook,webhookError,apps/api/src/dominio/whatsapp/configuracao-manual.ts:29,38,no,,,approved,sonnet,
api-ts-prop-0b431ca8,api,2,wire-key,atendente_id,agentId,apps/api/src/dominio/envio.ts:88,apps/api/src/dominio/envio.ts,no,,D-09,approved,codex1,consumers field held a leftover ts-prop occurrence count after this row was reclassified to wire-key (check-map rule 10); replaced with the declared_at file so rewrite-literals' file-list consumer gate can find it
api-ts-prop-0b4a21eb,api,2,ts-prop,usuarioId,userId,apps/api/src/dominio/gestao/equipe-do-fluxo.ts:264,604,no,,,approved,codex1,
api-ts-prop-0bbc4b57,api,2,ts-prop,estado,state,apps/api/tests/anexos-multiplos.test.ts:180,1269,no,,,approved,codex1,
api-ts-prop-0c441bae,api,2,ts-prop,encerrada_por,closedBy,apps/api/src/dominio/gestao/atendimento.ts:213,21,no,,,approved,codex1,
api-ts-prop-0cb36549,api,2,ts-prop,erro,error,apps/api/tests/mensagens-ativas.test.ts:252,1478,no,,,approved,codex1,
api-ts-prop-0ce2882a,api,2,ts-prop,erroDeValidacao,errorOfValidation,apps/api/src/dominio/fluxo.ts:981,13,no,,,approved,codex1,
api-ts-prop-0d761f8c,api,2,ts-prop,contato_id,contactId,apps/api/src/dominio/entrada.ts:429,113,no,,,approved,codex1,
api-ts-prop-0d81592a,api,2,ts-prop,sem_primeira_resposta,withoutFirstResponse,apps/api/src/dominio/distribuicao.ts:23,3,no,,,approved,codex1,
api-ts-prop-0e33d9d4,api,2,ts-prop,contatoNome,contactName,apps/api/src/dominio/mensagem-ativa.ts:313,35,no,,,approved,codex1,
api-ts-prop-0e903724,api,2,ts-prop,estado,state,apps/api/src/dominio/assumir.ts:28,1269,no,,,approved,codex1,
api-ts-prop-0e90c378,api,2,ts-prop,mensagemId,messageId,apps/api/src/dominio/mensagem-ativa.ts:310,59,no,,,approved,codex1,
api-ts-prop-0f05b202,api,2,ts-prop,primeira_resposta_em,firstResponseAt,apps/api/src/dominio/envio.ts:90,27,no,,,approved,codex1,
api-ts-prop-0fdead6e,api,2,ts-prop,mensagem,message,apps/api/src/controladores/gestao-fluxo.ts:320,1267,no,,,approved,codex1,
api-ts-prop-0ffdf1f2,api,2,ts-prop,clienteSegredo,customerSecret,apps/api/src/dominio/sso.ts:91,19,no,,,approved,codex1,
api-ts-prop-102514ea,api,2,ts-prop,tipo_autenticacao,typeAuthentication,apps/api/src/webhooks-saida.ts:203,2,no,,,approved,codex1,
api-ts-prop-10878501,api,2,ts-prop,estado_entrega,stateDelivery,apps/api/tests/anexos-multiplos.test.ts:141,61,no,,,approved,codex1,
api-ts-prop-10af2b40,api,2,ts-prop,valor,value,apps/api/src/paginacao.ts:21,1656,no,,,approved,codex1,
api-ts-prop-1120637e,api,2,ts-prop,com_atendente,withAgent,apps/api/src/dominio/gestao/implantacao.ts:69,2,no,,,approved,codex1,
api-ts-prop-112e6482,api,2,ts-prop,renovacoes,renewals,apps/api/src/dominio/instagram/cliente-graph.ts:209,1,no,,,approved,codex1,
api-ts-prop-113516ac,api,2,ts-prop,estado_entrega,stateDelivery,apps/api/tests/instagram.test.ts:293,61,no,,,approved,codex1,
api-ts-prop-11684544,api,2,ts-prop,para_fila_id,forQueueId,apps/api/tests/transferencia.test.ts:190,23,no,,,approved,codex1,
api-ts-prop-118dec38,api,2,ts-prop,capacidadeOverride,capacityOverride,apps/api/src/controladores/gestao-cadastros.ts:212,20,no,,,approved,codex1,
api-ts-prop-1218c22b,api,2,ts-prop,dominio,domain,apps/api/src/dominio/dominios.ts:125,476,no,,,approved,codex1,
api-ts-prop-12d9b2e6,api,2,ts-prop,atendenteId,agentId,apps/api/src/dominio/fluxo.ts:183,217,no,,,approved,codex1,
api-ts-prop-1337f8db,api,2,ts-prop,permissoes,permissions,apps/api/src/dominio/gestao/equipe-do-fluxo.ts:175,149,no,,,approved,codex1,
api-ts-prop-137df868,api,2,ts-prop,dominio,domain,apps/api/tests/convites.test.ts:436,476,no,,,approved,codex1,
api-ts-prop-13f411ba,api,2,ts-prop,erro,error,apps/api/tests/convites.test.ts:187,1478,no,,,approved,codex1,
api-ts-prop-147b93e1,api,2,ts-prop,filaIds,queueIds,apps/api/src/dominio/gestao/monitoramento.ts:343,4,no,,,approved,codex1,
api-ts-prop-148ba26d,api,2,ts-prop,formato,format,apps/api/src/dominio/whatsapp/modelos.ts:292,270,no,,,approved,codex1,
api-ts-prop-14d47234,api,2,ts-prop,fila_nome,queueName,apps/api/src/controladores/conversas.ts:45,15,no,,,approved,codex1,
api-ts-prop-154c8bae,api,2,ts-prop,direcao,direction,apps/api/tests/analise.test.ts:262,175,no,,,approved,codex1,
api-ts-prop-15695afb,api,2,ts-prop,fila_padrao_id,queueDefaultId,apps/api/src/dominio/mensagem-ativa.ts:263,15,no,,,approved,codex1,
api-ts-prop-15bbf62a,api,2,ts-prop,estado_entrega,stateDelivery,apps/api/tests/mensagens-ativas.test.ts:318,61,no,,,approved,codex1,
api-ts-prop-15c5e190,api,2,ts-prop,chavePrefixo,keyPrefix,apps/api/tests/integracoes.test.ts:277,4,no,,,approved,codex1,
api-ts-prop-16a2852c,api,2,ts-prop,naFila,inQueue,apps/api/src/dominio/gestao/atendimento.ts:46,17,no,,,approved,codex1,
api-ts-prop-16c87cb3,api,2,ts-prop,prioridade,priority,apps/api/src/dominio/gestao/monitoramento.ts:362,146,no,,,approved,codex1,
api-ts-prop-16fbe97f,api,2,ts-prop,dados,data,apps/api/tests/transferencia.test.ts:148,669,no,,,approved,codex1,
api-ts-prop-171b11e7,api,2,ts-prop,fluxoId,flowId,apps/api/tests/integracoes.test.ts:275,504,no,,,approved,codex1,
api-ts-prop-173fda0b,api,2,ts-prop,estado_entrega,stateDelivery,apps/api/src/controladores/conversas.ts:62,61,no,,,approved,codex1,
api-ts-prop-1748a8ec,api,2,ts-prop,estado,state,apps/api/src/controladores/gestao-operacao.ts:211,1269,no,,,approved,codex1,
api-ts-prop-180e586f,api,2,ts-prop,urlNotificacoes,urlNotifications,apps/api/tests/integracoes.test.ts:279,10,no,,,approved,codex1,
api-ts-prop-183d8632,api,2,ts-prop,criadoPor,createdBy,apps/api/src/dominio/convites.ts:130,10,no,,,approved,codex1,
api-ts-prop-187eab41,api,2,ts-prop,escopoId,scopeId,apps/api/src/dominio/gestao/regras-prioridade.ts:112,74,no,,,approved,codex1,
api-ts-prop-194f95d4,api,2,ts-prop,dados,data,apps/api/src/dominio/eventos.ts:18,669,no,,,approved,codex1,
api-ts-prop-1965f27b,api,2,ts-prop,atendente_id,agentId,apps/api/tests/ponta-a-ponta.test.ts:121,68,no,,,approved,codex1,
api-ts-prop-1979aa61,api,2,ts-prop,atendenteId,agentId,apps/api/src/dominio/envio.ts:310,217,no,,,approved,codex1,
api-ts-prop-19b3f357,api,2,ts-prop,blocoInicial,blockInicial,apps/api/src/dominio/fluxo.ts:83,6,no,,,approved,codex1,
api-ts-prop-19efe5dd,api,2,ts-prop,para_atendente_id,forAgentId,apps/api/src/controladores/conversas.ts:348,10,no,,,approved,codex1,
api-ts-prop-19fcc43b,api,2,ts-prop,mensagem,message,apps/api/tests/ponta-a-ponta.test.ts:355,1267,no,,,approved,codex1,
api-ts-prop-1a4d8615,api,2,ts-prop,usuarioId,userId,apps/api/src/dominio/messenger/canal.ts:23,604,no,,,approved,codex1,
api-ts-prop-1a5bcedc,api,2,ts-prop,imagem_url,imageUrl,apps/api/tests/ciclo-de-vida-do-fluxo.test.ts:116,4,no,,,approved,codex1,
api-ts-prop-1a5cbcf9,api,2,ts-prop,direcao,direction,apps/api/src/dominio/gestao/monitoramento.ts:177,175,no,,,approved,codex1,
api-ts-prop-1ae832c3,api,2,ts-prop,conversaId,conversationId,apps/api/src/dominio/assumir.ts:26,523,no,,,approved,codex1,
api-ts-prop-1b264698,api,2,ts-prop,ultima_mensagem,lastMessage,apps/api/src/dominio/desk/consultas.ts:81,2,no,,,approved,codex1,
api-ts-prop-1b3c2609,api,2,ts-prop,chave,key,apps/api/src/controladores/conversas.ts:114,1153,no,,,approved,codex1,
api-ts-prop-1b6a17bb,api,2,ts-prop,primeira_resposta,firstResponse,apps/api/src/dominio/gestao/configuracoes.ts:65,49,no,,,approved,codex1,
api-ts-prop-1c0c4b80,api,2,ts-prop,estado,state,apps/api/src/dominio/fluxo.ts:531,1269,no,,,approved,codex1,
api-ts-prop-1c36f9b4,api,2,ts-prop,usuario,user,apps/api/tests/entrada.test.ts:136,347,no,,,approved,codex1,
api-ts-prop-1cc054d7,api,2,ts-prop,contatos,contacts,apps/api/src/controladores/desk.ts:129,438,no,,,approved,codex1,
api-ts-prop-1cdad344,api,2,ts-prop,motivo_encerramento,reasonClosure,apps/api/src/dominio/desk/consultas.ts:428,8,no,,,approved,codex1,
api-ts-prop-1d83dbff,api,2,ts-prop,atendimentoSeg,attendanceSeg,apps/api/src/dominio/gestao/historico.ts:46,10,no,,,approved,codex1,
api-ts-prop-1e2fbe99,api,2,ts-prop,estado,state,apps/api/src/dominio/gestao/sla-motor.ts:147,1269,no,,,approved,codex1,
api-ts-prop-1e4cf5bf,api,2,ts-prop,para_variavel,forVariable,apps/api/src/dominio/gestao/builder-do-fluxo.ts:177,5,no,,,approved,codex1,
api-ts-prop-1e54364f,api,2,ts-prop,dentro_da_janela,insideOfWindow,apps/api/tests/ponta-a-ponta.test.ts:175,14,no,,,approved,codex1,
api-ts-prop-1e5856c2,api,2,ts-prop,servico_id,serviceId,apps/api/tests/roteador.test.ts:525,16,no,,,approved,codex1,
api-ts-prop-1f09aa7c,api,2,ts-prop,papel,role,apps/api/src/controladores/convites.ts:31,521,no,,,approved,codex1,
api-ts-prop-1f2ae796,api,2,ts-prop,contexto,context,apps/api/tests/fluxo.test.ts:182,300,no,,,approved,codex1,
api-ts-prop-1f4dc408,api,2,ts-prop,erro,error,apps/api/tests/ponta-a-ponta.test.ts:103,1478,no,,,approved,codex1,
api-ts-prop-1fe1953f,api,2,ts-prop,filas,queues,apps/api/src/dominio/gestao/cadastros.ts:1087,297,no,,,approved,codex1,
api-ts-prop-1fead227,api,2,ts-prop,mensagem,message,apps/api/tests/chave-de-fluxo.test.ts:122,1267,no,,,approved,codex1,
api-ts-prop-20009103,api,2,ts-prop,sinais,signals,apps/api/src/dominio/gestao/implantacao.ts:27,15,no,,,approved,codex1,
api-ts-prop-200cbb73,api,2,ts-prop,usuarioId,userId,apps/api/src/dominio/etiquetas.ts:242,604,no,,,approved,codex1,
api-ts-prop-200e09d5,api,2,ts-prop,painel,application,apps/api/src/controladores/gestao-operacao.ts:117,218,no,,,approved,codex1,
api-ts-prop-206dc66b,api,2,ts-prop,urlMensagens,urlMessages,apps/api/tests/integracoes.test.ts:278,17,no,,,approved,codex1,
api-ts-prop-207e7192,api,2,ts-prop,direcao,direction,apps/api/src/controladores/conversas.ts:57,175,no,,,approved,codex1,
api-ts-prop-2136e4b2,api,2,ts-prop,segredo,secret,apps/api/tests/canal-do-fluxo.test.ts:516,212,no,,,approved,codex1,
api-ts-prop-2148094b,api,2,ts-prop,obrigatoria_no_encerramento,requiredInClosure,apps/api/src/dominio/conversa.ts:103,13,no,,,approved,codex1,
api-ts-prop-21915bb1,api,2,ts-prop,janela_expira_em,windowExpiresAt,apps/api/tests/ponta-a-ponta.test.ts:122,28,no,,,approved,codex1,
api-ts-prop-222a7060,api,2,ts-prop,conversaId,conversationId,apps/api/src/dominio/envio.ts:309,523,no,,,approved,codex1,
api-ts-prop-2324aaed,api,2,ts-prop,atendenteId,agentId,apps/api/src/dominio/gestao/esforco.ts:88,217,no,,,approved,codex1,
api-ts-prop-233c5f52,api,2,ts-prop,chave,key,apps/api/src/dominio/twenty.ts:32,1153,no,,,approved,codex1,
api-ts-prop-2366f9df,api,2,ts-prop,capacidade_override,capacityOverride,apps/api/tests/cadastros-atendimento.test.ts:366,8,no,,,approved,codex1,
api-ts-prop-237db286,api,2,ts-prop,estado,state,apps/api/src/dominio/instagram/canal.ts:39,1269,no,,,approved,codex1,
api-ts-prop-2394e49b,api,2,ts-prop,porEtiqueta,byLabel,apps/api/src/dominio/gestao/atendimento.ts:75,5,no,,,approved,codex1,
api-ts-prop-23bc6856,api,2,ts-prop,erro_codigo,errorCode,apps/api/tests/envio-sessao.test.ts:252,29,no,,,approved,codex1,
api-ts-prop-23ec8b0c,api,2,ts-prop,filas,queues,apps/api/src/dominio/gestao/configuracoes.ts:77,297,no,,,approved,codex1,
api-ts-prop-241a0cd0,api,2,ts-prop,tempoDeResposta,timeOfResponse,apps/api/src/dominio/gestao/monitoramento.ts:117,9,no,,,approved,codex1,
api-ts-prop-243e59d7,api,2,ts-prop,contatoId,contactId,apps/api/src/dominio/mensagem-ativa.ts:312,226,no,,,approved,codex1,
api-ts-prop-243f3a37,api,2,ts-prop,alvoUsuarioId,targetUserId,apps/api/src/dominio/status-atendente.ts:31,2,no,,,approved,codex1,
api-ts-prop-24bcf38e,api,2,ts-prop,canalId,channelId,apps/api/src/dominio/fluxo.ts:1016,387,no,,,approved,codex1,
api-ts-prop-2515027e,api,2,ts-prop,valor,value,apps/api/src/dominio/gestao/monitoria.ts:246,1656,no,,,approved,codex1,
api-ts-prop-25d8af08,api,2,ts-prop,contagem,count,apps/api/src/dominio/gestao/satisfacao.ts:126,134,no,,,approved,codex1,
api-ts-prop-25ec28fd,api,2,ts-prop,erro,error,apps/api/src/controladores/gestao-conta.ts:73,1478,no,,,approved,codex1,
api-ts-prop-25ee70d9,api,2,ts-prop,naFilaSeg,inQueueSeg,apps/api/src/dominio/gestao/monitoramento.ts:78,4,no,,,approved,codex1,
api-ts-prop-261616f4,api,2,ts-prop,entrarEm,joinedAt,apps/api/tests/convites.test.ts:299,3,no,,,approved,sonnet,glossary-exception:contextual
api-ts-prop-262b5cdc,api,2,ts-prop,contato_id,contactId,apps/api/src/dominio/espelho-crm.ts:102,113,no,,,approved,codex1,
api-ts-prop-274726d3,api,2,ts-prop,condicao,condition,apps/api/src/dominio/gestao/builder-do-fluxo.ts:178,123,no,,,approved,codex1,
api-ts-prop-2773eb2b,api,2,ts-prop,membros,members,apps/api/src/controladores/gestao-conta.ts:92,128,no,,,approved,codex1,
api-ts-prop-27c552d4,api,2,wire-key,atendente_id,agentId,apps/api/src/dominio/fluxo.ts:577,apps/api/src/dominio/fluxo.ts,no,,D-09,approved,codex1,consumers field held a leftover ts-prop occurrence count after this row was reclassified to wire-key (check-map rule 10); replaced with the declared_at file so rewrite-literals' file-list consumer gate can find it
api-ts-prop-2802fb35,api,2,ts-prop,anexoIds,attachmentIds,apps/api/src/dominio/envio.ts:312,4,no,,,approved,codex1,
api-ts-prop-280d61cc,api,2,ts-prop,porFila,byQueue,apps/api/src/dominio/gestao/atendimento.ts:62,10,no,,,approved,codex1,
api-ts-prop-2863f695,api,2,ts-prop,porAvaliador,byEvaluator,apps/api/src/dominio/gestao/monitoria.ts:100,3,no,,,approved,codex1,
api-ts-prop-2948c9ef,api,2,ts-prop,ocupacao,occupancy,apps/api/src/dominio/gestao/esforco.ts:34,16,no,,,approved,codex1,
api-ts-prop-29786d3f,api,2,ts-prop,opcoes,options,apps/api/tests/contrato.test.ts:578,157,no,,,approved,codex1,
api-ts-prop-2981ab60,api,2,ts-prop,permissoes,permissions,apps/api/src/dominio/gestao/permissoes-do-atendente.ts:182,149,no,,,approved,codex1,
api-ts-prop-29d368a8,api,2,ts-prop,banco,database,apps/api/tests/entrada.test.ts:296,356,no,,,approved,codex1,
api-ts-prop-29d6f3d1,api,2,ts-prop,canaisConectados,channelsConectados,apps/api/src/dominio/gestao/passos-da-implantacao.ts:20,6,no,,,approved,codex1,
api-ts-prop-29fb42ef,api,2,ts-prop,canais,channels,apps/api/src/controladores/canais-instagram.ts:20,243,no,,,approved,codex1,
api-ts-prop-2a30747a,api,2,ts-prop,primeiraRespostaEm,firstResponseAt,apps/api/src/dominio/gestao/sla-motor.ts:139,26,no,,,approved,codex1,
api-ts-prop-2ac66056,api,2,ts-prop,tempoMedioNaFilaSeg,timeMediumInQueueSeg,apps/api/src/dominio/gestao/monitoramento.ts:142,5,no,,,approved,codex1,
api-ts-prop-2b699dd0,api,2,ts-prop,fluxo_versao_id,flowVersionId,apps/api/src/dominio/fluxo.ts:202,10,no,,,approved,codex1,
api-ts-prop-2b70d5c8,api,2,ts-prop,usuario_id,userId,apps/api/tests/conversa-eventos.test.ts:122,148,no,,,approved,codex1,
api-ts-prop-2c665a38,api,2,ts-prop,contato,contact,apps/api/src/dominio/gestao/monitoria.ts:70,1026,no,,,approved,codex1,
api-ts-prop-2cc04b28,api,2,ts-prop,estado,state,apps/api/tests/monitoramento-conversas.test.ts:155,1269,no,,,approved,codex1,
api-ts-prop-2cd15eb5,api,2,ts-prop,usuario,user,apps/api/tests/convites.test.ts:367,347,no,,,approved,codex1,
api-ts-prop-2cfda0db,api,2,ts-prop,fila_id,queueId,apps/api/src/controladores/conversas.ts:44,72,no,,,approved,codex1,
api-ts-prop-2d8b34e0,api,2,ts-prop,contatos,contacts,apps/api/tests/analise.test.ts:164,438,no,,,approved,codex1,
api-ts-prop-2dceda21,api,2,ts-prop,busca,search,apps/api/src/dominio/gestao-fluxo.ts:455,420,no,,,approved,codex1,
api-ts-prop-2e175733,api,2,ts-prop,naFila,inQueue,apps/api/src/dominio/gestao/monitoramento.ts:138,17,no,,,approved,codex1,
api-ts-prop-2e5c686b,api,2,ts-prop,chave_storage,keyStorage,apps/api/tests/anexos.test.ts:90,20,no,,,approved,codex1,
api-ts-prop-2e8836e4,api,2,ts-prop,atendente_id,agentId,apps/api/src/controladores/conversas.ts:268,68,no,,,approved,codex1,
api-ts-prop-2f2036bc,api,2,ts-prop,mensagem,message,apps/api/tests/anexos-multiplos.test.ts:218,1267,no,,,approved,codex1,
api-ts-prop-2f87d858,api,2,ts-prop,estado,state,apps/api/src/dominio/desk/acoes.ts:201,1269,no,,,approved,codex1,
api-ts-prop-2f902f71,api,2,ts-prop,sessaoSeg,sessionSeg,apps/api/src/dominio/gestao/esforco.ts:33,16,no,,,approved,codex1,
api-ts-prop-2fa317d1,api,2,ts-prop,erro,error,apps/api/src/dominio/gestao/contrato.ts:195,1478,no,,,approved,codex1,
api-ts-prop-305e4777,api,2,ts-prop,usuarioId,userId,apps/api/src/dominio/eventos.ts:16,604,no,,,approved,codex1,
api-ts-prop-3079c8b6,api,2,ts-prop,conversa_id,conversationId,apps/api/tests/mensagens-ativas.test.ts:121,132,no,,,approved,codex1,
api-ts-prop-30a0763e,api,2,ts-prop,quantidade,quantity,apps/api/tests/analise.test.ts:237,63,no,,,approved,codex1,
api-ts-prop-316678d8,api,2,ts-prop,alertaRecategorizacao,alertRecategorization,apps/api/src/dominio/whatsapp/preferencias.ts:29,13,no,,,approved,codex1,
api-ts-prop-31a2732b,api,2,ts-prop,fila,queue,apps/api/src/dominio/gestao/cadastros.ts:711,993,no,,,approved,codex1,
api-ts-prop-31cf368f,api,2,ts-prop,capacidadePadrao,capacityDefault,apps/api/src/dominio/gestao/configuracoes.ts:57,37,no,,,approved,codex1,
api-ts-prop-31d95056,api,2,ts-prop,compartilhaContexto,compartilhaContext,apps/api/src/dominio/fluxo.ts:78,2,no,,,approved,codex1,
api-ts-prop-3389f2bd,api,2,ts-prop,escopo,scope,apps/api/src/dominio/gestao/configuracoes.ts:130,227,no,,,approved,codex1,
api-ts-prop-33b0099c,api,2,ts-prop,variaveis,variables,apps/api/tests/gerar-fixtures-jsonb.helper.ts:361,134,no,,,approved,codex1,
api-ts-prop-3407bb75,api,2,ts-prop,erro_codigo,errorCode,apps/api/src/dominio/desk/consultas.ts:208,29,no,,,approved,codex1,
api-ts-prop-342c7edd,api,2,ts-prop,canal_tipo,channelType,apps/api/src/controladores/conversas.ts:51,35,no,,,approved,codex1,
api-ts-prop-34ca31ff,api,2,ts-prop,atendente_id,agentId,apps/api/tests/fluxo.test.ts:87,68,no,,,approved,codex1,
api-ts-prop-3532cc24,api,2,ts-prop,chavePrefixo,keyPrefix,apps/api/src/dominio/gestao/integracoes.ts:832,4,no,,,approved,codex1,
api-ts-prop-3660df27,api,2,ts-prop,introspeccao,introspection,apps/api/tests/dicionario-crm.test.ts:28,1,no,,,approved,codex1,
api-ts-prop-36a42e10,api,2,ts-prop,contato_id,contactId,apps/api/src/dominio/conversa.ts:319,113,no,,,approved,codex1,
api-ts-prop-370e3aa6,api,2,ts-prop,dados,data,apps/api/src/controladores/gestao-operacao.ts:85,669,no,,,approved,codex1,
api-ts-prop-371b7403,api,2,ts-prop,maiorEsperaPrimeiraRespostaSeg,largestWaitFirstResponseSeg,apps/api/src/dominio/gestao/monitoramento.ts:99,3,no,,,approved,codex1,
api-ts-prop-3768da81,api,2,ts-prop,dados,data,apps/api/src/dominio/anexo.ts:153,669,no,,,approved,codex1,
api-ts-prop-37b9439c,api,2,ts-prop,estado_entrega,stateDelivery,apps/api/src/dominio/entrada.ts:337,61,no,,,approved,codex1,
api-ts-prop-37dcd826,api,2,ts-prop,escopoNome,scopeName,apps/api/src/dominio/gestao/configuracoes.ts:50,4,no,,,approved,codex1,
api-ts-prop-3851f541,api,2,ts-prop,janela_expira_em,windowExpiresAt,apps/api/src/dominio/conversa.ts:321,28,no,,,approved,codex1,
api-ts-prop-390cf84b,api,2,ts-prop,estado,state,apps/api/src/dominio/etiquetas.ts:90,1269,no,,,approved,codex1,
api-ts-prop-390f2421,api,2,ts-prop,atendente_nome,agentName,apps/api/src/dominio/desk/consultas.ts:435,10,no,,,approved,codex1,
api-ts-prop-39955405,api,2,ts-prop,twenty_chave,twentyKey,apps/api/tests/twenty.test.ts:200,9,no,,,approved,codex1,
api-ts-prop-3996159f,api,2,ts-prop,mensagens,messages,apps/api/tests/analise.test.ts:165,363,no,,,approved,codex1,
api-ts-prop-39ed68ec,api,2,ts-prop,fila_nome,queueName,apps/api/src/dominio/desk/consultas.ts:144,15,no,,,approved,codex1,
api-ts-prop-3a50aa5a,api,2,ts-prop,contato_telefone,contactPhone,apps/api/src/controladores/conversas.ts:50,7,no,,,approved,codex1,
api-ts-prop-3b2af947,api,2,ts-prop,fluxo,flow,apps/api/src/dominio/gestao/builder-do-fluxo.ts:282,1172,no,,,approved,codex1,
api-ts-prop-3b858d29,api,2,ts-prop,canal,channel,apps/api/src/dominio/whatsapp/configuracao-manual.ts:27,970,no,,,approved,codex1,
api-ts-prop-3c643fe9,api,2,ts-prop,valor,value,apps/api/src/dominio/gestao/acoes/regras.ts:286,1656,no,,,approved,codex1,
api-ts-prop-3c8c1d16,api,2,ts-prop,canalId,channelId,apps/api/src/dominio/whatsapp/configuracao-manual.ts:54,387,no,,,approved,codex1,
api-ts-prop-3d1a6c66,api,2,ts-prop,ultima_mensagem_em,lastMessageAt,apps/api/src/dominio/envio.ts:91,24,no,,,approved,codex1,
api-ts-prop-3d79c3f2,api,2,ts-prop,canalId,channelId,apps/api/tests/ajuda.ts:15,387,no,,,approved,codex1,
api-ts-prop-3d864467,api,2,ts-prop,max_contatos_por_disparo,maxContactsByTrigger,apps/api/tests/mensagens-ativas.test.ts:330,3,no,,,approved,codex1,
api-ts-prop-3e48afcc,api,2,ts-prop,contexto,context,apps/api/tests/gerar-fixtures-jsonb.helper.ts:105,300,no,,,approved,codex1,
api-ts-prop-3e8287e2,api,2,ts-prop,dados,data,apps/api/src/controladores/gestao-analise.ts:71,669,no,,,approved,codex1,
api-ts-prop-3ef55d9c,api,2,ts-prop,fluxos,flows,apps/api/tests/ciclo-de-vida-do-fluxo.test.ts:470,276,no,,,approved,codex1,
api-ts-prop-3f00c54b,api,2,ts-prop,erroDeWebhook,webhookError,apps/api/src/dominio/instagram/canal.ts:49,38,no,,,approved,sonnet,
api-ts-prop-3f62985c,api,2,ts-prop,fila,queue,apps/api/src/dominio/gestao/monitoria.ts:71,993,no,,,approved,codex1,
api-ts-prop-3fce85e6,api,2,ts-prop,janela_expira_em,windowExpiresAt,apps/api/src/dominio/desk/consultas.ts:143,28,no,,,approved,codex1,
api-ts-prop-403c37d5,api,2,ts-prop,viaSessao,viaSession,apps/api/src/autenticacao.ts:83,4,no,,,approved,codex1,
api-ts-prop-40c58100,api,2,ts-prop,filaNome,queueName,apps/api/src/dominio/gestao/historico.ts:40,27,no,,,approved,codex1,
api-ts-prop-40eccfdf,api,2,ts-prop,prioridade,priority,apps/api/src/controladores/conversas.ts:36,146,no,,,approved,codex1,
api-ts-prop-411da8ca,api,2,ts-prop,espera_fila,waitQueue,apps/api/src/dominio/desk/metricas.ts:61,8,no,,,approved,codex1,
api-ts-prop-41de854c,api,2,wire-key,canal_id,channelId,apps/api/tests/canal-do-fluxo.test.ts:152,apps/api/tests/canal-do-fluxo.test.ts,no,,D-09,approved,codex1,consumers field held a leftover ts-prop occurrence count after this row was reclassified to wire-key (check-map rule 10); replaced with the declared_at file so rewrite-literals' file-list consumer gate can find it
api-ts-prop-420b88a1,api,2,ts-prop,erro,error,apps/api/src/dominio/gestao/cadastros.ts:795,1478,no,,,approved,codex1,
api-ts-prop-429affa9,api,2,ts-prop,estado,state,apps/api/tests/fluxo.test.ts:180,1269,no,,,approved,codex1,
api-ts-prop-42b80540,api,2,ts-prop,de_bloco_id,ofBlockId,apps/api/src/dominio/fluxo.ts:120,6,no,,,approved,codex1,
api-ts-prop-42dca9c0,api,2,ts-prop,valor,value,apps/api/src/dominio/gestao/regra-fila.ts:94,1656,no,,,approved,codex1,
api-ts-prop-42f1c5ab,api,2,ts-prop,periodo,period,apps/api/src/controladores/gestao-analise.ts:68,57,no,,,approved,codex1,
api-ts-prop-432434ff,api,2,ts-prop,filaDestinoId,queueDestinationId,apps/api/src/dominio/gestao/regra-fila.ts:102,33,no,,,approved,codex1,
api-ts-prop-43248b65,api,2,ts-prop,estado,state,apps/api/src/dominio/desk/consultas.ts:138,1269,no,,,approved,codex1,
api-ts-prop-436d14f8,api,2,ts-prop,urlNotificacoes,urlNotifications,apps/api/src/controladores/gestao-integracoes.ts:54,10,no,,,approved,codex1,
api-ts-prop-43ba3c0d,api,2,ts-prop,conversa_id,conversationId,apps/api/tests/messenger.test.ts:126,132,no,,,approved,codex1,
api-ts-prop-43c13dee,api,2,ts-prop,excecoes,exceptions,apps/api/src/dominio/gestao/cadastros.ts:269,22,no,,,approved,codex1,
api-ts-prop-444a2008,api,2,ts-prop,erro,error,apps/api/src/dominio/gestao/certificados.ts:69,1478,no,,,approved,codex1,
api-ts-prop-44a1d5f9,api,2,ts-prop,imagem,image,apps/api/src/dominio/gestao/ciclo-de-vida-do-fluxo.ts:77,218,no,,,approved,codex1,
api-ts-prop-460f742a,api,2,ts-prop,aguardandoPrimeiraResposta,aguardandoFirstResponse,apps/api/src/dominio/gestao/monitoramento.ts:98,3,no,,,approved,codex1,
api-ts-prop-462f635c,api,2,ts-prop,convite,invitation,apps/api/src/controladores/entrar.ts:116,338,no,,,approved,codex1,
api-ts-prop-466b67ce,api,2,ts-prop,mediaPorAtendente,mediaByAgent,apps/api/src/dominio/gestao/monitoramento.ts:102,3,no,,,approved,codex1,
api-ts-prop-467088f6,api,2,ts-prop,canalNome,channelName,apps/api/tests/canal-do-fluxo.test.ts:223,29,no,,,approved,codex1,
api-ts-prop-4690ee5f,api,2,ts-prop,por,by,apps/api/src/dominio/fluxo.ts:945,2747,no,,,approved,codex1,
api-ts-prop-46f550ee,api,2,wire-key,contato_id,contactId,apps/api/src/dominio/fluxo.ts:576,apps/api/src/dominio/fluxo.ts,no,,D-09,approved,codex1,consumers field held a leftover ts-prop occurrence count after this row was reclassified to wire-key (check-map rule 10); replaced with the declared_at file so rewrite-literals' file-list consumer gate can find it
api-ts-prop-470c6d45,api,2,ts-prop,conversas,conversations,apps/api/src/dominio/gestao/atendimento.ts:53,540,no,,,approved,codex1,
api-ts-prop-470fece4,api,2,ts-prop,fluxoId,flowId,apps/api/src/dominio/fluxo.ts:72,504,no,,,approved,codex1,
api-ts-prop-471d4df7,api,2,ts-prop,contato,contact,apps/api/src/dominio/gestao/regra-fila.ts:111,1026,no,,,approved,codex1,
api-ts-prop-4738ab62,api,2,ts-prop,porAtendente,byAgent,apps/api/src/dominio/gestao/atendimento.ts:63,11,no,,,approved,codex1,
api-ts-prop-47aae0ce,api,2,ts-prop,conversaAtendida,conversationAtendida,apps/api/src/dominio/gestao/passos-da-implantacao.ts:35,5,no,,,approved,codex1,
api-ts-prop-47e17606,api,2,ts-prop,tem_arquivo,hasFile,apps/api/src/dominio/gestao/certificados.ts:142,3,no,,,approved,codex1,
api-ts-prop-48112fbc,api,2,ts-prop,usuarioId,userId,apps/api/src/dominio/whatsapp/criacao-de-canal.ts:36,604,no,,,approved,codex1,
api-ts-prop-4830b893,api,2,ts-prop,mensagem,message,apps/api/tests/equipe-do-fluxo.test.ts:241,1267,no,,,approved,codex1,
api-ts-prop-48bbcc31,api,2,ts-prop,fluxo_id,flowId,apps/api/tests/roteador.test.ts:572,65,no,,,approved,codex1,
api-ts-prop-48e3db9e,api,2,wire-key,contato_id,contactId,apps/api/src/dominio/mensagem-ativa.ts:217,apps/api/src/dominio/mensagem-ativa.ts,no,,D-09,approved,codex1,consumers field held a leftover ts-prop occurrence count after this row was reclassified to wire-key (check-map rule 10); replaced with the declared_at file so rewrite-literals' file-list consumer gate can find it
api-ts-prop-48e4fd9a,api,2,ts-prop,mensagem,message,apps/api/src/dominio/gestao/prioridade-motor.ts:86,1267,no,,,approved,codex1,
api-ts-prop-4946d618,api,2,ts-prop,paraAtendenteId,forAgentId,apps/api/src/dominio/conversa.ts:260,11,no,,,approved,codex1,
api-ts-prop-49675772,api,2,ts-prop,erroDeWebhook,webhookError,apps/api/src/controladores/canais.ts:141,38,no,,,approved,sonnet,
api-ts-prop-49f0595b,api,2,ts-prop,canalId,channelId,apps/api/src/dominio/gestao/comunicacao.ts:102,387,no,,,approved,codex1,
api-ts-prop-4af3b51c,api,2,ts-prop,estado,state,apps/api/src/dominio/messenger/canal.ts:12,1269,no,,,approved,codex1,
api-ts-prop-4b76a16e,api,2,wire-key,obrigatoria_no_encerramento,requiredInClosure,apps/api/src/dominio/etiquetas.ts:49,apps/api/src/dominio/etiquetas.ts,no,,D-09,approved,codex1,consumers field held a leftover ts-prop occurrence count after this row was reclassified to wire-key (check-map rule 10); replaced with the declared_at file so rewrite-literals' file-list consumer gate can find it
api-ts-prop-4bc3eec0,api,2,ts-prop,escopoId,scopeId,apps/api/src/dominio/gestao/sla.ts:24,74,no,,,approved,codex1,
api-ts-prop-4be7ea90,api,2,ts-prop,usuarioId,userId,apps/api/src/autenticacao.ts:81,604,no,,,approved,codex1,
api-ts-prop-4c841277,api,2,ts-prop,entrada,inbound,apps/api/src/dominio/fluxo.ts:532,473,no,,,approved,codex1,
api-ts-prop-4c9b9e4c,api,2,ts-prop,quantidade,quantity,apps/api/src/dominio/gestao/satisfacao.ts:28,63,no,,,approved,codex1,
api-ts-prop-4cdc66d6,api,2,ts-prop,conversaId,conversationId,apps/api/src/dominio/entrada.ts:217,523,no,,,approved,codex1,
api-ts-prop-4d5d854f,api,2,ts-prop,janela_expira_em,windowExpiresAt,apps/api/tests/mensagens-ativas.test.ts:142,28,no,,,approved,codex1,
api-ts-prop-4d6d03a2,api,2,ts-prop,midiaUrl,mediaUrl,apps/api/src/dominio/envio.ts:43,2,no,,,approved,codex1,
api-ts-prop-4e408bfb,api,2,ts-prop,segredo,secret,apps/api/src/dominio/gestao/integracoes.ts:343,212,no,,,approved,codex1,
api-ts-prop-4eada2f3,api,2,ts-prop,entrada,inbound,apps/api/tests/gerar-fixtures-jsonb.helper.ts:117,473,no,,,approved,codex1,
api-ts-prop-4f554b46,api,2,ts-prop,fluxo,flow,apps/api/tests/builder-por-fluxo.test.ts:155,1172,no,,,approved,codex1,
api-ts-prop-4f5c0fc7,api,2,ts-prop,paraFilaId,forQueueId,apps/api/src/dominio/conversa.ts:259,10,no,,,approved,codex1,
api-ts-prop-4f6cad58,api,2,ts-prop,encerrada_por,closedBy,apps/api/src/dominio/gestao/historico.ts:144,21,no,,,approved,codex1,
api-ts-prop-4fb303b1,api,2,ts-prop,ultima_mensagem_tipo,lastMessageType,apps/api/src/dominio/desk/consultas.ts:82,2,no,,,approved,codex1,
api-ts-prop-4fd4986e,api,2,ts-prop,atendentes,agents,apps/api/src/dominio/gestao/permissoes-do-atendente.ts:90,309,no,,,approved,codex1,
api-ts-prop-4fd9b2c4,api,2,ts-prop,estado,state,apps/api/src/dominio/gestao/cadastros.ts:1086,1269,no,,,approved,codex1,
api-ts-prop-5017553b,api,2,ts-prop,fila_id,queueId,apps/api/src/dominio/conversa.ts:27,72,no,,,approved,codex1,
api-ts-prop-50f5b726,api,2,ts-prop,dados,data,apps/api/tests/analise.test.ts:163,669,no,,,approved,codex1,
api-ts-prop-511a044b,api,2,ts-prop,filaId,queueId,apps/api/src/dominio/gestao/sla-motor.ts:111,170,no,,,approved,codex1,
api-ts-prop-51b9601d,api,2,wire-key,atendente_nome,agentName,apps/api/src/dominio/gestao/monitoramento.ts:188,apps/api/src/dominio/gestao/monitoramento.ts,no,,D-09,approved,codex1,consumers field held a leftover ts-prop occurrence count after this row was reclassified to wire-key (check-map rule 10); replaced with the declared_at file so rewrite-literals' file-list consumer gate can find it
api-ts-prop-5205b06a,api,2,ts-prop,dados,data,apps/api/tests/monitoramento-conversas.test.ts:121,669,no,,,approved,codex1,
api-ts-prop-52319470,api,2,ts-prop,segredo,secret,apps/api/src/dominio/whatsapp/cliente-graph.ts:207,212,no,,,approved,codex1,
api-ts-prop-525aa392,api,2,ts-prop,conversas_criadas,conversationsCreated,apps/api/tests/ponta-a-ponta.test.ts:378,7,no,,,approved,codex1,
api-ts-prop-527ae447,api,2,ts-prop,conversasConsideradas,conversationsConsideradas,apps/api/src/dominio/gestao/esforco.ts:49,9,no,,,approved,codex1,
api-ts-prop-5285d4b8,api,2,ts-prop,condicao,condition,apps/api/src/dominio/gestao/regras-prioridade.ts:146,123,no,,,approved,codex1,
api-ts-prop-52bde764,api,2,ts-prop,filasComAtendente,queuesWithAgent,apps/api/src/dominio/gestao/passos-da-implantacao.ts:27,6,no,,,approved,codex1,
api-ts-prop-52c09541,api,2,ts-prop,para_conversa_id,forConversationId,apps/api/tests/monitoramento-conversas.test.ts:150,15,no,,,approved,codex1,
api-ts-prop-52eb249f,api,2,ts-prop,erro,error,apps/api/tests/cadastros-atendimento.test.ts:306,1478,no,,,approved,codex1,
api-ts-prop-5360d402,api,2,ts-prop,estado,state,apps/api/src/dominio/entrada.ts:470,1269,no,,,approved,codex1,
api-ts-prop-54591988,api,2,ts-prop,ultima_mensagem_em,lastMessageAt,apps/api/src/dominio/conversa.ts:323,24,no,,,approved,codex1,
api-ts-prop-55360f28,api,2,ts-prop,filaId,queueId,apps/api/src/dominio/eventos.ts:17,170,no,,,approved,codex1,
api-ts-prop-5556f3c9,api,2,ts-prop,erro,error,apps/api/tests/anexos.test.ts:126,1478,no,,,approved,codex1,
api-ts-prop-55b7d061,api,2,ts-prop,conversaId,conversationId,apps/api/src/dominio/mensagem-ativa.ts:311,523,no,,,approved,codex1,
api-ts-prop-562b4f2c,api,2,ts-prop,estado,state,apps/api/src/controladores/sso.ts:83,1269,no,,,approved,codex1,
api-ts-prop-5645eb9b,api,2,ts-prop,erro_texto,errorText,apps/api/src/dominio/desk/consultas.ts:209,16,no,,,approved,codex1,
api-ts-prop-567ad51f,api,2,ts-prop,usuarioId,userId,apps/api/src/dominio/whatsapp/configuracao-manual.ts:41,604,no,,,approved,codex1,
api-ts-prop-56b05616,api,2,ts-prop,usuario_id,userId,apps/api/tests/desk-acoes.test.ts:225,148,no,,,approved,codex1,
api-ts-prop-56c04491,api,2,ts-prop,destino,destination,apps/api/src/dominio/rastreador-de-cliques.ts:39,303,no,,,approved,codex1,
api-ts-prop-56d4177b,api,2,ts-prop,atendenteId,agentId,apps/api/src/dominio/mensagem-ativa.ts:70,217,no,,,approved,codex1,
api-ts-prop-57266fd7,api,2,ts-prop,atendenteId,agentId,apps/api/tests/ajuda.ts:18,217,no,,,approved,codex1,
api-ts-prop-5727fbeb,api,2,ts-prop,estado,state,apps/api/src/dominio/sso.ts:178,1269,no,,,approved,codex1,
api-ts-prop-58c81392,api,2,ts-prop,profundidade,depth,apps/api/src/filas.ts:528,9,no,,,approved,codex1,
api-ts-prop-5941f4f0,api,2,ts-prop,paginaId,pageId,apps/api/src/dominio/messenger/canal.ts:11,35,no,,,approved,codex1,
api-ts-prop-5a1c0cf0,api,2,ts-prop,sessao,session,apps/api/src/dominio/convites.ts:307,382,no,,,approved,codex1,
api-ts-prop-5a263378,api,2,ts-prop,fluxoId,flowId,apps/api/src/dominio/gestao/integracoes.ts:829,504,no,,,approved,codex1,
api-ts-prop-5a8dacd0,api,2,wire-key,contato_nome,contactName,apps/api/src/dominio/gestao/monitoramento.ts:188,apps/api/src/dominio/gestao/monitoramento.ts,no,,D-09,approved,codex1,consumers field held a leftover ts-prop occurrence count after this row was reclassified to wire-key (check-map rule 10); replaced with the declared_at file so rewrite-literals' file-list consumer gate can find it
api-ts-prop-5c0f5a15,api,2,ts-prop,chave,key,apps/api/src/dominio/gestao/pfx.ts:161,1153,no,,,approved,codex1,
api-ts-prop-5c415af1,api,2,ts-prop,filaId,queueId,apps/api/src/dominio/gestao/monitoramento.ts:285,170,no,,,approved,codex1,
api-ts-prop-5c49d1e0,api,2,ts-prop,primeira_resposta,firstResponse,apps/api/src/dominio/gestao/pesquisa.ts:46,49,no,,,approved,codex1,
api-ts-prop-5c7c947a,api,2,ts-prop,canais,channels,apps/api/src/dominio/gestao/cabecalho.ts:12,243,no,,,approved,codex1,
api-ts-prop-5cb9b135,api,2,ts-prop,estado,state,apps/api/src/dominio/espelho-crm.ts:24,1269,no,,,approved,codex1,
api-ts-prop-5cdb8750,api,2,ts-prop,contaComoProdutivo,countsAsProductive,apps/api/src/dominio/gestao/cadastros.ts:1540,29,no,,,approved,sonnet,glossary-exception:contextual
api-ts-prop-5d3d6a73,api,2,ts-prop,prioridadeAtual,priorityAtual,apps/api/src/dominio/gestao/sla-motor.ts:111,2,no,,,approved,codex1,
api-ts-prop-5d732dcf,api,2,ts-prop,ultima_atribuicao_em,lastAssignmentAt,apps/api/src/dominio/distribuicao.ts:24,3,no,,,approved,codex1,
api-ts-prop-5daa84d6,api,2,ts-prop,canal_config,channelConfig,apps/api/src/dominio/midia.ts:76,4,no,,,approved,codex1,
api-ts-prop-5dc8e3e2,api,2,wire-key,fluxo_id,flowId,apps/api/src/dominio/fluxo.ts:106,apps/api/src/dominio/fluxo.ts,no,,D-09,approved,codex1,consumers field held a leftover ts-prop occurrence count after this row was reclassified to wire-key (check-map rule 10); replaced with the declared_at file so rewrite-literals' file-list consumer gate can find it
api-ts-prop-5e151202,api,2,ts-prop,papelNome,roleName,apps/api/src/dominio/gestao/contrato.ts:107,8,no,,,approved,codex1,
api-ts-prop-5e3f4fbf,api,2,ts-prop,chave,key,apps/api/src/dominio/gestao/atendimento.ts:141,1153,no,,,approved,codex1,
api-ts-prop-5e482c5e,api,2,ts-prop,usuarioId,userId,apps/api/src/dominio/instagram/canal.ts:173,604,no,,,approved,codex1,
api-ts-prop-5eb99bc1,api,2,ts-prop,conversas,conversations,apps/api/tests/desk-acoes.test.ts:395,540,no,,,approved,codex1,
api-ts-prop-5f09c9e7,api,2,ts-prop,estado,state,apps/api/tests/builder-por-fluxo.test.ts:218,1269,no,,,approved,codex1,
api-ts-prop-5fdf749f,api,2,ts-prop,atendenteId,agentId,apps/api/src/dominio/gestao/monitoria.ts:108,217,no,,,approved,codex1,
api-ts-prop-604cd578,api,2,ts-prop,estado,state,apps/api/tests/canal-do-fluxo.test.ts:94,1269,no,,,approved,codex1,
api-ts-prop-608aafb9,api,2,ts-prop,permissoes,permissions,apps/api/tests/permissoes-do-atendente.test.ts:129,149,no,,,approved,codex1,
api-ts-prop-60a8b7c0,api,2,ts-prop,erro,error,apps/api/src/controladores/gestao-fluxo.ts:128,1478,no,,,approved,codex1,
api-ts-prop-61c8dbdf,api,2,wire-key,erro_codigo,errorCode,apps/api/src/dominio/mensagem-ativa.ts:341,apps/api/src/dominio/mensagem-ativa.ts,no,,D-09,approved,codex1,consumers field held a leftover ts-prop occurrence count after this row was reclassified to wire-key (check-map rule 10); replaced with the declared_at file so rewrite-literals' file-list consumer gate can find it
api-ts-prop-620b6ed9,api,2,ts-prop,imagem,image,apps/api/src/dominio/gestao/comunicacao.ts:52,218,no,,,approved,codex1,
api-ts-prop-62244f37,api,2,ts-prop,atendentes,agents,apps/api/src/dominio/gestao/monitoramento.ts:160,309,no,,,approved,codex1,
api-ts-prop-623f1ea2,api,2,ts-prop,deConversaId,ofConversationId,apps/api/src/dominio/conversa.ts:266,2,no,,,approved,codex1,
api-ts-prop-627c4b8a,api,2,ts-prop,dados,data,apps/api/tests/conversa-eventos.test.ts:122,669,no,,,approved,codex1,
api-ts-prop-6292ca3c,api,2,ts-prop,encerramentos,closures,apps/api/src/dominio/gestao/atendimento.ts:51,10,no,,,approved,codex1,
api-ts-prop-62baffc0,api,2,ts-prop,escopoTipo,scopeType,apps/api/src/dominio/gestao/regras-sla.ts:122,79,no,,,approved,codex1,
api-ts-prop-6343c718,api,2,ts-prop,canal_tipo,channelType,apps/api/tests/instagram.test.ts:251,35,no,,,approved,codex1,
api-ts-prop-6364b9c9,api,2,ts-prop,erroPermanente,errorPermanente,apps/api/src/dominio/midia.ts:86,7,no,,,approved,codex1,
api-ts-prop-639a11cd,api,2,ts-prop,oauth2UrlAutorizacao,oauth2UrlAuthorization,apps/api/src/webhooks-saida.ts:80,7,no,,,approved,codex1,
api-ts-prop-64059985,api,2,ts-prop,primeiraRespostaCorrendo,firstResponseRunning,apps/api/src/dominio/gestao/monitoramento.ts:81,3,no,,,approved,codex1,
api-ts-prop-64683869,api,2,ts-prop,conversa_id,conversationId,apps/api/tests/instagram.test.ts:245,132,no,,,approved,codex1,
api-ts-prop-649f2a9d,api,2,ts-prop,mensagem,message,apps/api/src/controladores/canais.ts:93,1267,no,,,approved,codex1,
api-ts-prop-64b82a07,api,2,ts-prop,usuarioId,userId,apps/api/src/dominio/construtor-de-conta.ts:86,604,no,,,approved,codex1,
api-ts-prop-64c1fca6,api,2,ts-prop,estado,state,apps/api/src/controladores/catalogo.ts:343,1269,no,,,approved,codex1,
api-ts-prop-652894a8,api,2,ts-prop,fluxo_id,flowId,apps/api/src/controladores/conexao-no-fluxo.ts:25,65,no,,,approved,codex1,
api-ts-prop-6567e54a,api,2,ts-prop,usuarioId,userId,apps/api/src/controladores/gestao-cadastros.ts:212,604,no,,,approved,codex1,
api-ts-prop-657035fc,api,2,ts-prop,idadeSegundos,ageSeconds,apps/api/src/filas.ts:530,2,no,,,approved,codex1,
api-ts-prop-6606f415,api,2,ts-prop,primeira_resposta_em,firstResponseAt,apps/api/tests/transferencia.test.ts:108,27,no,,,approved,codex1,
api-ts-prop-661023e2,api,2,ts-prop,importacoes,imports,apps/api/src/controladores/importacoes.ts:47,11,no,,,approved,codex1,
api-ts-prop-6699c0ce,api,2,ts-prop,chave_storage,keyStorage,apps/api/tests/instagram.test.ts:270,20,no,,,approved,codex1,
api-ts-prop-66aac0b7,api,2,ts-prop,contato_id,contactId,apps/api/tests/mensagens-ativas.test.ts:170,113,no,,,approved,codex1,
api-ts-prop-66ff44ec,api,2,ts-prop,ordem,order,apps/api/src/dominio/gestao/regra-fila.ts:100,517,no,,,approved,codex1,
api-ts-prop-670ef358,api,2,ts-prop,membros,members,apps/api/src/dominio/gestao/contrato.ts:32,128,no,,,approved,codex1,
api-ts-prop-6729baa9,api,2,ts-prop,contato_id,contactId,apps/api/src/controladores/conversas.ts:48,113,no,,,approved,codex1,
api-ts-prop-6793489c,api,2,ts-prop,configuracao,configuration,apps/api/src/dominio/gestao/configuracao-do-fluxo.ts:43,31,no,,,approved,codex1,
api-ts-prop-67c92a0d,api,2,ts-prop,modeloClassificacao,modelClassification,apps/api/src/dominio/gestao/monitoria.ts:272,4,no,,,approved,sonnet,glossary-exception:contextual
api-ts-prop-6809be23,api,2,ts-prop,erro,error,apps/api/src/webhooks-saida.ts:194,1478,no,,,approved,codex1,
api-ts-prop-682e5ba4,api,2,ts-prop,anexoId,attachmentId,apps/api/src/dominio/envio.ts:41,70,no,,,approved,codex1,
api-ts-prop-68c4fde4,api,2,ts-prop,fluxoId,flowId,apps/api/src/dominio/rastreador-de-cliques.ts:28,504,no,,,approved,codex1,
api-ts-prop-68f9acf5,api,2,ts-prop,midia,media,apps/api/src/dominio/whatsapp/modelos.ts:328,31,no,,,approved,codex1,
api-ts-prop-6986a1fb,api,2,ts-prop,grupos,groups,apps/api/src/dominio/gestao/satisfacao.ts:62,85,no,,,approved,codex1,
api-ts-prop-6aa2e732,api,2,ts-prop,atendente_nome,agentName,apps/api/src/controladores/conversas.ts:47,10,no,,,approved,codex1,
api-ts-prop-6b208147,api,2,ts-prop,canais,channels,apps/api/src/dominio/gestao/implantacao.ts:28,243,no,,,approved,codex1,
api-ts-prop-6b9c9fae,api,2,ts-prop,listaAtendentes,listAgents,apps/api/src/dominio/gestao/monitoramento.ts:168,6,no,,,approved,codex1,
api-ts-prop-6c6830fa,api,2,ts-prop,duracaoSugeridaMin,durationSuggestedMin,apps/api/src/dominio/gestao/cadastros.ts:1539,34,no,,,approved,codex1,
api-ts-prop-6cbfe013,api,2,ts-prop,semDominio,withoutDomain,apps/api/src/provisionar.ts:88,3,no,,,approved,codex1,
api-ts-prop-6dc86319,api,2,ts-prop,papelId,roleId,apps/api/src/dominio/gestao/contrato.ts:106,121,no,,,approved,codex1,
api-ts-prop-6de53520,api,2,ts-prop,fluxos,flows,apps/api/src/dominio/gestao/contrato.ts:30,276,no,,,approved,codex1,
api-ts-prop-6e1e45dc,api,2,ts-prop,conversaId,conversationId,apps/api/src/dominio/gestao/atendimento.ts:141,523,no,,,approved,codex1,
api-ts-prop-6e368fa1,api,2,ts-prop,contato,contact,apps/api/src/controladores/desk.ts:142,1026,no,,,approved,codex1,
api-ts-prop-6f886517,api,2,ts-prop,estado,state,apps/api/src/dominio/gestao/implantacao.ts:79,1269,no,,,approved,codex1,
api-ts-prop-6fe23e90,api,2,ts-prop,teste,test,apps/api/src/controladores/entrar.ts:122,339,no,,,approved,codex1,
api-ts-prop-701a1004,api,2,ts-prop,condicao,condition,apps/api/src/dominio/gestao/prioridade-motor.ts:40,123,no,,,approved,codex1,
api-ts-prop-707fa3a0,api,2,ts-prop,janela_horas,windowHours,apps/api/tests/mensagens-ativas.test.ts:317,2,no,,,approved,codex1,
api-ts-prop-71237f61,api,2,ts-prop,autenticacaoUsuario,authenticationUser,apps/api/src/dominio/gestao/integracoes.ts:353,4,no,,,approved,codex1,
api-ts-prop-7167452b,api,2,ts-prop,fluxo_id,flowId,apps/api/src/controladores/canais-messenger.ts:7,65,no,,,approved,codex1,
api-ts-prop-716fd41b,api,2,ts-prop,token_verificacao,tokenVerification,apps/api/src/dominio/dominios.ts:150,8,no,,,approved,codex1,
api-ts-prop-71df804c,api,2,ts-prop,contato_nome,contactName,apps/api/src/controladores/conversas.ts:49,16,no,,,approved,codex1,
api-ts-prop-72abe05a,api,2,wire-key,conversa_id,conversationId,apps/api/src/dominio/mensagem-ativa.ts:335,apps/api/src/dominio/mensagem-ativa.ts,no,,D-09,approved,codex1,consumers field held a leftover ts-prop occurrence count after this row was reclassified to wire-key (check-map rule 10); replaced with the declared_at file so rewrite-literals' file-list consumer gate can find it
api-ts-prop-72dccdc8,api,2,ts-prop,membros,members,apps/api/src/dominio/gestao/passos-da-implantacao.ts:25,128,no,,,approved,codex1,
api-ts-prop-72f6e907,api,2,ts-prop,papelNoFluxo,roleInFlow,apps/api/src/dominio/gestao/equipe-do-fluxo.ts:174,46,no,,,approved,codex1,
api-ts-prop-742ad250,api,2,ts-prop,estadoEntrega,stateDelivery,apps/api/src/dominio/envio.ts:431,14,no,,,approved,codex1,
api-ts-prop-7436d674,api,2,ts-prop,atendentesOnline,agentsOnline,apps/api/src/dominio/gestao/monitoramento.ts:101,6,no,,,approved,codex1,
api-ts-prop-747dcf70,api,2,ts-prop,condicoes,conditions,apps/api/src/dominio/gestao/regra-fila.ts:105,76,no,,,approved,codex1,
api-ts-prop-748e0284,api,2,ts-prop,ordem,order,apps/api/src/dominio/gestao/configuracoes.ts:58,517,no,,,approved,codex1,
api-ts-prop-750751e2,api,2,ts-prop,estado,state,apps/api/src/dominio/status-atendente.ts:32,1269,no,,,approved,codex1,
api-ts-prop-752c6b93,api,2,ts-prop,estado,state,apps/api/src/dominio/conversa.ts:186,1269,no,,,approved,codex1,
api-ts-prop-7555cc9e,api,2,ts-prop,ativa,active,apps/api/src/dominio/gestao/regras-sla.ts:46,340,no,,,approved,codex1,
api-ts-prop-75de4477,api,2,ts-prop,twenty_chave,twentyKey,apps/api/src/dominio/twenty.ts:55,9,no,,,approved,codex1,
api-ts-prop-764b8cc2,api,2,ts-prop,escopoId,scopeId,apps/api/src/dominio/gestao/prioridade-motor.ts:39,74,no,,,approved,codex1,
api-ts-prop-77a79abe,api,2,ts-prop,contatoId,contactId,apps/api/src/dominio/fluxo.ts:186,226,no,,,approved,codex1,
api-ts-prop-781506e8,api,2,ts-prop,primeira_resposta_em,firstResponseAt,apps/api/src/dominio/desk/consultas.ts:141,27,no,,,approved,codex1,
api-ts-prop-782f0657,api,2,ts-prop,usuarioId,userId,apps/api/src/dominio/whatsapp/cadastro-embutido.ts:31,604,no,,,approved,codex1,
api-ts-prop-784ea4c8,api,2,ts-prop,conversaId,conversationId,apps/api/src/dominio/conversa.ts:257,523,no,,,approved,codex1,
api-ts-prop-7883c351,api,2,ts-prop,descricao,description,apps/api/tests/ciclo-de-vida-do-fluxo.test.ts:115,299,no,,,approved,codex1,
api-ts-prop-79195c20,api,2,ts-prop,cidade,city,apps/api/src/controladores/minha-conta.ts:104,27,no,,,approved,codex1,
api-ts-prop-7978ba78,api,2,ts-prop,ordem,order,apps/api/src/dominio/fluxo.ts:124,517,no,,,approved,codex1,
api-ts-prop-79e71cf0,api,2,ts-prop,estado,state,apps/api/src/controladores/minha-conta.ts:105,1269,no,,,approved,codex1,
api-ts-prop-79f76b2f,api,2,ts-prop,download_erro,downloadError,apps/api/tests/midia-recebida.test.ts:109,6,no,,,approved,codex1,
api-ts-prop-7a28d2bd,api,2,ts-prop,ultima_mensagem_em,lastMessageAt,apps/api/src/dominio/desk/consultas.ts:426,24,no,,,approved,codex1,
api-ts-prop-7a3b24ab,api,2,ts-prop,fila_id,queueId,apps/api/tests/roteador.test.ts:497,72,no,,,approved,codex1,
api-ts-prop-7aea562d,api,2,ts-prop,para_conversa_id,forConversationId,apps/api/src/controladores/gestao-operacao.ts:187,15,no,,,approved,codex1,
api-ts-prop-7b1d2689,api,2,ts-prop,erro_texto,errorText,apps/api/tests/ponta-a-ponta.test.ts:326,16,no,,,approved,codex1,
api-ts-prop-7b39fe19,api,2,ts-prop,direcao,direction,apps/api/src/dominio/gestao-analise.ts:423,175,no,,,approved,codex1,
api-ts-prop-7bcd9e72,api,2,ts-prop,filaId,queueId,apps/api/src/dominio/gestao/atendimento.ts:81,170,no,,,approved,codex1,
api-ts-prop-7c498f40,api,2,ts-prop,filaCorrendo,queueRunning,apps/api/src/dominio/gestao/monitoramento.ts:79,3,no,,,approved,codex1,
api-ts-prop-7c7907c4,api,2,ts-prop,contato_id,contactId,apps/api/tests/builder-por-fluxo.test.ts:240,113,no,,,approved,codex1,
api-ts-prop-7cb62f5e,api,2,ts-prop,contato,contact,apps/api/src/dominio/gestao/prioridade-motor.ts:87,1026,no,,,approved,codex1,
api-ts-prop-7cf11bd9,api,2,ts-prop,atendenteId,agentId,apps/api/src/dominio/assumir.ts:23,217,no,,,approved,codex1,
api-ts-prop-7d2c35bc,api,2,ts-prop,janela,window,apps/api/src/dominio/gestao/esforco.ts:47,260,no,,,approved,codex1,
api-ts-prop-7dce9d54,api,2,ts-prop,conversaId,conversationId,apps/api/src/dominio/gestao/monitoramento.ts:281,523,no,,,approved,codex1,
api-ts-prop-7e872b9b,api,2,ts-prop,atendenteId,agentId,apps/api/src/dominio/entrada.ts:471,217,no,,,approved,codex1,
api-ts-prop-7ea120e3,api,2,ts-prop,estado,state,apps/api/tests/desk-acoes.test.ts:269,1269,no,,,approved,codex1,
api-ts-prop-7f355617,api,2,ts-prop,valor,value,apps/api/src/metricas.ts:37,1656,no,,,approved,codex1,
api-ts-prop-7f390020,api,2,ts-prop,documento,document,apps/api/src/dominio/desk/consultas.ts:151,217,no,,,approved,codex1,
api-ts-prop-7fa41d3d,api,2,ts-prop,contato_id,contactId,apps/api/src/dominio/desk/consultas.ts:147,113,no,,,approved,codex1,
api-ts-prop-7fae388f,api,2,ts-prop,atendenteNome,agentName,apps/api/src/dominio/gestao/historico.ts:41,18,no,,,approved,codex1,
api-ts-prop-808540dc,api,2,ts-prop,erroDeWebhook,webhookError,apps/api/src/dominio/messenger/canal.ts:23,38,no,,,approved,sonnet,
api-ts-prop-80968dc7,api,2,ts-prop,conversaId,conversationId,apps/api/src/dominio/gestao/monitoria.ts:69,523,no,,,approved,codex1,
api-ts-prop-80a5d71e,api,2,ts-prop,ultimaMensagemDe,lastMessageFrom,apps/api/src/dominio/gestao/sla-motor.ts:142,19,no,,,approved,sonnet,
api-ts-prop-81360ac4,api,2,ts-prop,pipeContatoId,pipeContactId,apps/api/src/dominio/twenty.ts:186,33,no,,,approved,codex1,
api-ts-prop-813bea44,api,2,ts-prop,publicada_por_nome,publishedByName,apps/api/src/dominio/gestao/builder-do-fluxo.ts:121,2,no,,,approved,codex1,
api-ts-prop-81533d20,api,2,ts-prop,erro,error,apps/api/src/dominio/gestao/configuracoes.ts:348,1478,no,,,approved,codex1,
api-ts-prop-81ae6d2e,api,2,ts-prop,relatorio,report,apps/api/src/controladores/gestao-operacao.ts:102,26,no,,,approved,codex1,
api-ts-prop-8221d52a,api,2,ts-prop,fluxo,flow,apps/api/tests/analise.test.ts:166,1172,no,,,approved,codex1,
api-ts-prop-82b3b085,api,2,ts-prop,autenticacao_senha,authenticationPassword,apps/api/src/webhooks-saida.ts:205,4,no,,,approved,codex1,
api-ts-prop-82d329af,api,2,ts-prop,obrigatoria_no_encerramento,requiredInClosure,apps/api/src/dominio/desk/consultas.ts:296,13,no,,,approved,codex1,
api-ts-prop-8365c408,api,2,ts-prop,sentimento,sentiment,apps/api/src/dominio/gestao/monitoria.ts:84,24,no,,,approved,codex1,
api-ts-prop-83b35ef7,api,2,ts-prop,atendente_id,agentId,apps/api/tests/transferencia.test.ts:103,68,no,,,approved,codex1,
api-ts-prop-840efdf7,api,2,ts-prop,valor,value,apps/api/src/dominio/dominios.ts:28,1656,no,,,approved,codex1,
api-ts-prop-843d2e2c,api,2,ts-prop,usuarioId,userId,apps/api/src/tempo-real.ts:30,604,no,,,approved,codex1,
api-ts-prop-848bb3fa,api,2,ts-prop,estado,state,apps/api/tests/conversa-eventos.test.ts:209,1269,no,,,approved,codex1,
api-ts-prop-848fa0a8,api,2,ts-prop,destino,destination,apps/api/src/controladores/rastreador-de-cliques.ts:37,303,no,,,approved,codex1,
api-ts-prop-84cc5c43,api,2,ts-prop,arquivo_cifrado,fileEncrypted,apps/api/tests/contrato.test.ts:443,9,no,,,approved,codex1,
api-ts-prop-84f665fb,api,2,ts-prop,atendente_id,agentId,apps/api/tests/desk-acoes.test.ts:269,68,no,,,approved,codex1,
api-ts-prop-853e14ab,api,2,ts-prop,permissao,permission,apps/api/tests/ciclo-de-vida-do-fluxo.test.ts:437,54,no,,,approved,codex1,
api-ts-prop-858fc4c6,api,2,ts-prop,atendente_id,agentId,apps/api/tests/mensagens-ativas.test.ts:123,68,no,,,approved,codex1,
api-ts-prop-8613bd7e,api,2,ts-prop,estado,state,apps/api/src/dominio/gestao/builder-do-fluxo.ts:118,1269,no,,,approved,codex1,
api-ts-prop-8671d799,api,2,ts-prop,escopo,scope,apps/api/src/dominio/etiquetas.ts:35,227,no,,,approved,codex1,
api-ts-prop-875ded09,api,2,ts-prop,fluxoId,flowId,apps/api/tests/canal-do-fluxo.test.ts:213,504,no,,,approved,codex1,
api-ts-prop-87d788b5,api,2,ts-prop,segredo,secret,apps/api/src/webhooks-saida.ts:130,212,no,,,approved,codex1,
api-ts-prop-8896e176,api,2,ts-prop,documento,document,apps/api/src/controladores/catalogo.ts:42,217,no,,,approved,codex1,
api-ts-prop-88dba99a,api,2,ts-prop,variaveis,variables,apps/api/src/dominio/gestao/comunicacao.ts:109,134,no,,,approved,codex1,
api-ts-prop-88ec2ab7,api,2,ts-prop,bloco_versao_id,blockVersionId,apps/api/tests/builder-por-fluxo.test.ts:258,2,no,,,approved,codex1,
api-ts-prop-8910f860,api,2,ts-prop,mensagem,message,apps/api/src/dominio/gestao/regra-fila.ts:110,1267,no,,,approved,codex1,
api-ts-prop-89136c29,api,2,ts-prop,canaisPendentes,channelsPending,apps/api/src/dominio/gestao/passos-da-implantacao.ts:22,6,no,,,approved,codex1,
api-ts-prop-89148999,api,2,ts-prop,conversa,conversation,apps/api/src/dominio/fluxo.ts:178,1270,no,,,approved,codex1,
api-ts-prop-89872e2d,api,2,ts-prop,banco,database,apps/api/tests/saude.test.ts:43,356,no,,,approved,codex1,
api-ts-prop-89d54f62,api,2,ts-prop,paraConversaId,forConversationId,apps/api/src/dominio/conversa.ts:268,2,no,,,approved,codex1,
api-ts-prop-8a682e21,api,2,ts-prop,ultimaMensagemEm,lastMessageAt,apps/api/src/dominio/gestao/sla-motor.ts:141,15,no,,,approved,codex1,
api-ts-prop-8ae7030e,api,2,ts-prop,ultima_mensagem_de,lastMessageOf,apps/api/src/controladores/conversas.ts:42,22,no,,,approved,codex1,
api-ts-prop-8b0b0632,api,2,ts-prop,usuario,user,apps/api/src/webhooks-saida.ts:78,347,no,,,approved,codex1,
api-ts-prop-8b460c4f,api,2,ts-prop,exigirAtribuicao,exigirAssignment,apps/api/src/dominio/conversa.ts:37,18,no,,,approved,codex1,
api-ts-prop-8b836971,api,2,ts-prop,ativa,active,apps/api/src/dominio/gestao/regras-prioridade.ts:147,340,no,,,approved,codex1,
api-ts-prop-8c129a76,api,2,ts-prop,urlMensagens,urlMessages,apps/api/src/controladores/gestao-integracoes.ts:53,17,no,,,approved,codex1,
api-ts-prop-8caddb56,api,2,ts-prop,atendente_email,agentEmail,apps/api/src/dominio/desk/consultas.ts:436,6,no,,,approved,codex1,
api-ts-prop-8ccade03,api,2,ts-prop,condicoes,conditions,apps/api/src/dominio/gestao/cadastros.ts:792,76,no,,,approved,codex1,
api-ts-prop-8cdd2325,api,2,ts-prop,dominio,domain,apps/api/src/provisionar.ts:102,476,no,,,approved,codex1,
api-ts-prop-8d26d9d6,api,2,wire-key,estado_entrega,stateDelivery,apps/api/src/dominio/mensagem-ativa.ts:340,apps/api/src/dominio/mensagem-ativa.ts,no,,D-09,approved,codex1,consumers field held a leftover ts-prop occurrence count after this row was reclassified to wire-key (check-map rule 10); replaced with the declared_at file so rewrite-literals' file-list consumer gate can find it
api-ts-prop-8dea4e7b,api,2,ts-prop,para_atendente_id,forAgentId,apps/api/src/controladores/gestao-operacao.ts:186,10,no,,,approved,codex1,
api-ts-prop-8e382062,api,2,ts-prop,mensagem,message,apps/api/tests/builder-por-fluxo.test.ts:400,1267,no,,,approved,codex1,
api-ts-prop-8e3c6533,api,2,ts-prop,com_interacao,withInteraction,apps/api/src/dominio/gestao-analise.ts:84,3,no,,,approved,codex1,
api-ts-prop-8e679d7c,api,2,ts-prop,contagem,count,apps/api/src/metricas.ts:46,134,no,,,approved,codex1,
api-ts-prop-8edac07b,api,2,ts-prop,ativa,active,apps/api/src/dominio/gestao/configuracoes.ts:253,340,no,,,approved,codex1,
api-ts-prop-8f221437,api,2,ts-prop,resolucao,resolution,apps/api/src/dominio/gestao/configuracoes.ts:67,10,no,,,approved,codex1,
api-ts-prop-8f68843b,api,2,ts-prop,contato_id,contactId,apps/api/src/controladores/mensagens-ativas.ts:28,113,no,,,approved,codex1,
api-ts-prop-8f82584b,api,2,ts-prop,canal_id,channelId,apps/api/src/controladores/mensagens-ativas.ts:26,94,no,,,approved,codex1,
api-ts-prop-8feec522,api,2,ts-prop,contatoId,contactId,apps/api/tests/etiquetas.test.ts:118,226,no,,,approved,codex1,
api-ts-prop-9035f0a3,api,2,ts-prop,estado,state,apps/api/tests/transferencia.test.ts:101,1269,no,,,approved,codex1,
api-ts-prop-903d0769,api,2,ts-prop,exibicao,display,apps/api/src/dominio/whatsapp/perfil.ts:48,4,no,,,approved,codex1,
api-ts-prop-905dc0f0,api,2,ts-prop,grupos,groups,apps/api/src/dominio/gestao/monitoria.ts:265,85,no,,,approved,codex1,
api-ts-prop-90a069e3,api,2,ts-prop,nomeDoUsuario,nameOfUser,apps/api/src/dominio/construtor-de-conta.ts:41,5,no,,,approved,codex1,
api-ts-prop-90af61e8,api,2,wire-key,atendente_id,agentId,apps/api/src/dominio/conversa.ts:28,apps/api/src/dominio/conversa.ts,no,,D-09,approved,codex1,consumers field held a leftover ts-prop occurrence count after this row was reclassified to wire-key (check-map rule 10); replaced with the declared_at file so rewrite-literals' file-list consumer gate can find it
api-ts-prop-912f4a77,api,2,ts-prop,ultima_mensagem_de,lastMessageOf,apps/api/tests/ponta-a-ponta.test.ts:123,22,no,,,approved,codex1,
api-ts-prop-913c4d5d,api,2,ts-prop,fila_id,queueId,apps/api/src/dominio/distribuicao.ts:84,72,no,,,approved,codex1,
api-ts-prop-915c1fdc,api,2,ts-prop,canal_tipo,channelType,apps/api/src/dominio/envio.ts:93,35,no,,,approved,codex1,
api-ts-prop-9187a2cb,api,2,ts-prop,conversa_id,conversationId,apps/api/src/dominio/fluxo.ts:576,132,no,,,approved,codex1,
api-ts-prop-9191fb9b,api,2,ts-prop,prefixo,prefix,apps/api/src/dominio/gestao/integracoes.ts:107,89,no,,,approved,codex1,
api-ts-prop-91c8b6fd,api,2,wire-key,fila_id,queueId,apps/api/src/dominio/fluxo.ts:576,apps/api/src/dominio/fluxo.ts,no,,D-09,approved,codex1,consumers field held a leftover ts-prop occurrence count after this row was reclassified to wire-key (check-map rule 10); replaced with the declared_at file so rewrite-literals' file-list consumer gate can find it
api-ts-prop-9291fb56,api,2,ts-prop,valor,value,apps/api/tests/convites.test.ts:438,1656,no,,,approved,codex1,
api-ts-prop-92954c7c,api,2,wire-key,destino_url,destinationUrl,apps/api/src/dominio/rastreador-de-cliques.ts:134,apps/api/src/dominio/rastreador-de-cliques.ts,no,,D-09,approved,codex1,consumers field held a leftover ts-prop occurrence count after this row was reclassified to wire-key (check-map rule 10); replaced with the declared_at file so rewrite-literals' file-list consumer gate can find it
api-ts-prop-92a1dabe,api,2,ts-prop,canais,channels,apps/api/src/controladores/canais.ts:46,243,no,,,approved,codex1,
api-ts-prop-939affbe,api,2,ts-prop,fila,queue,apps/api/src/dominio/gestao/configuracoes.ts:73,993,no,,,approved,codex1,
api-ts-prop-93bcaf36,api,2,ts-prop,viaSessao,viaSession,apps/api/src/dominio/etiquetas.ts:243,4,no,,,approved,codex1,
api-ts-prop-93c14afb,api,2,ts-prop,usuarioId,userId,apps/api/src/dominio/gestao/monitoramento.ts:284,604,no,,,approved,codex1,
api-ts-prop-94830472,api,2,ts-prop,arquivo,file,apps/api/src/dominio/importacao-de-contatos.ts:40,462,no,,,approved,codex1,
api-ts-prop-94bd54f6,api,2,ts-prop,autenticacao_senha,authenticationPassword,apps/api/tests/integracoes.test.ts:524,4,no,,,approved,codex1,
api-ts-prop-95ebe673,api,2,ts-prop,janela_aberta_por_mensagem_id,windowOpenByMessageId,apps/api/src/dominio/conversa.ts:322,6,no,,,approved,codex1,
api-ts-prop-9611768c,api,2,ts-prop,filaId,queueId,apps/api/src/dominio/fluxo.ts:182,170,no,,,approved,codex1,
api-ts-prop-969ffbb1,api,2,ts-prop,canais,channels,apps/api/src/dominio/gestao/configuracoes.ts:144,243,no,,,approved,codex1,
api-ts-prop-970f6d48,api,2,ts-prop,obrigatoriaNoEncerramento,requiredInClosure,apps/api/src/dominio/gestao/configuracoes.ts:131,20,no,,,approved,codex1,
api-ts-prop-97290439,api,2,ts-prop,contatos,contacts,apps/api/src/controladores/mensagens-ativas.ts:28,438,no,,,approved,codex1,
api-ts-prop-9735907b,api,2,ts-prop,erro,error,apps/api/src/dominio/gestao/acoes/campos.ts:33,1478,no,,,approved,codex1,
api-ts-prop-97498ecc,api,2,ts-prop,erro_codigo,errorCode,apps/api/src/controladores/conversas.ts:63,29,no,,,approved,codex1,
api-ts-prop-979e3ea3,api,2,ts-prop,dentro_da_janela,insideOfWindow,apps/api/src/controladores/conversas.ts:68,14,no,,,approved,codex1,
api-ts-prop-9837a472,api,2,wire-key,ultima_interacao_em,lastInteractionAt,apps/api/src/dominio/desk/consultas.ts:531,apps/api/src/dominio/desk/consultas.ts,no,,D-09,approved,codex1,consumers field held a leftover ts-prop occurrence count after this row was reclassified to wire-key (check-map rule 10); replaced with the declared_at file so rewrite-literals' file-list consumer gate can find it
api-ts-prop-98f3d50c,api,2,ts-prop,chaveId,keyId,apps/api/src/autenticacao.ts:39,26,no,,,approved,codex1,
api-ts-prop-98f9d8eb,api,2,ts-prop,contexto,context,apps/api/src/dominio/roteador.ts:45,300,no,,,approved,codex1,
api-ts-prop-992721c2,api,2,ts-prop,tempoMedioAtendimentoSeg,timeMediumAttendanceSeg,apps/api/src/dominio/gestao/monitoramento.ts:132,11,no,,,approved,codex1,
api-ts-prop-993fc7a0,api,2,ts-prop,filaId,queueId,apps/api/src/dominio/gestao/prioridade-motor.ts:85,170,no,,,approved,codex1,
api-ts-prop-9a19bbd3,api,2,ts-prop,para_variavel,forVariable,apps/api/src/dominio/fluxo.ts:122,5,no,,,approved,codex1,
api-ts-prop-9a1da4b6,api,2,ts-prop,atePrimeiraResposta,untilFirstResponse,apps/api/src/dominio/gestao/monitoramento.ts:115,3,no,,,approved,codex1,
api-ts-prop-9a36ba73,api,2,ts-prop,contatoNome,contactName,apps/api/src/dominio/gestao-fluxo.ts:264,35,no,,,approved,codex1,
api-ts-prop-9a880e69,api,2,ts-prop,usuario_id,userId,apps/api/src/controladores/minha-conta.ts:328,148,no,,,approved,codex1,
api-ts-prop-9aa3982e,api,2,ts-prop,arquivo_cifrado,fileEncrypted,apps/api/src/dominio/mtls.ts:113,9,no,,,approved,codex1,
api-ts-prop-9abd00ca,api,2,ts-prop,urlMensagens,urlMessages,apps/api/src/dominio/gestao/integracoes.ts:833,17,no,,,approved,codex1,
api-ts-prop-9b00526d,api,2,ts-prop,encerrada_por,closedBy,apps/api/src/dominio/gestao/monitoramento.ts:293,21,no,,,approved,codex1,
api-ts-prop-9b8b913c,api,2,ts-prop,descricao,description,apps/api/src/dominio/gestao/monitoria.ts:242,299,no,,,approved,codex1,
api-ts-prop-9c1d543e,api,2,ts-prop,filaId,queueId,apps/api/src/dominio/entrada.ts:472,170,no,,,approved,codex1,
api-ts-prop-9c3e44b9,api,2,ts-prop,canais,channels,apps/api/src/dominio/gestao-fluxo.ts:292,243,no,,,approved,codex1,
api-ts-prop-9c73cb9d,api,2,ts-prop,primeiraResposta,firstResponse,apps/api/src/dominio/gestao/atendimento.ts:47,13,no,,,approved,codex1,
api-ts-prop-9ca64bbf,api,2,ts-prop,documento,document,apps/api/src/dominio/gestao/comunicacao.ts:54,217,no,,,approved,codex1,
api-ts-prop-9d716d16,api,2,ts-prop,mensagem,message,apps/api/src/dominio/fluxo.ts:187,1267,no,,,approved,codex1,
api-ts-prop-9dbf0247,api,2,ts-prop,fluxo_versao_id,flowVersionId,apps/api/tests/builder-por-fluxo.test.ts:258,10,no,,,approved,codex1,
api-ts-prop-9df7642d,api,2,ts-prop,erro,error,apps/api/tests/monitoramento-conversas.test.ts:171,1478,no,,,approved,codex1,
api-ts-prop-9e5671c7,api,2,ts-prop,chave,key,apps/api/tests/equipe-do-fluxo.test.ts:288,1153,no,,,approved,codex1,
api-ts-prop-9e5fd161,api,2,ts-prop,canal_id,channelId,apps/api/tests/instagram.test.ts:258,94,no,,,approved,codex1,
api-ts-prop-9ea05c07,api,2,ts-prop,canal_tipo,channelType,apps/api/src/dominio/midia.ts:75,35,no,,,approved,codex1,
api-ts-prop-9efad22e,api,2,ts-prop,servico_id,serviceId,apps/api/src/dominio/roteador.ts:137,16,no,,,approved,codex1,
api-ts-prop-9f188407,api,2,ts-prop,anexo_ids,attachmentIds,apps/api/src/controladores/conversas.ts:268,14,no,,,approved,codex1,
api-ts-prop-a0a5e247,api,2,ts-prop,servico_id,serviceId,apps/api/tests/canal-do-fluxo.test.ts:454,16,no,,,approved,codex1,
api-ts-prop-a0b3af6b,api,2,ts-prop,reautorizacaoPendente,reauthorizationPending,apps/api/src/dominio/canais.ts:42,19,no,,,approved,codex1,
api-ts-prop-a0b7cbab,api,2,ts-prop,canal,channel,apps/api/src/dominio/gestao-analise.ts:492,970,no,,,approved,codex1,
api-ts-prop-a0bfb563,api,2,ts-prop,servico,service,apps/api/src/dominio/roteador.ts:132,17,no,,,approved,codex1,
api-ts-prop-a13194ce,api,2,ts-prop,blocoInicial,blockInicial,apps/api/src/dominio/roteador.ts:133,6,no,,,approved,codex1,
api-ts-prop-a16f59d4,api,2,ts-prop,estado,state,apps/api/tests/ponta-a-ponta.test.ts:120,1269,no,,,approved,codex1,
api-ts-prop-a1722d03,api,2,ts-prop,estado,state,apps/api/src/dominio/gestao/passos-da-implantacao.ts:30,1269,no,,,approved,codex1,
api-ts-prop-a17aaeca,api,2,ts-prop,conversaId,conversationId,apps/api/src/dominio/desk/acoes.ts:197,523,no,,,approved,codex1,
api-ts-prop-a24605f2,api,2,ts-prop,primeiraRespostaSeg,firstResponseSeg,apps/api/src/dominio/gestao/monitoramento.ts:80,13,no,,,approved,codex1,
api-ts-prop-a27ca82a,api,2,ts-prop,sessao,session,apps/api/src/sessao.ts:56,382,no,,,approved,codex1,
api-ts-prop-a2bc26fb,api,2,ts-prop,escopo,scope,apps/api/src/dominio/convites.ts:136,227,no,,,approved,codex1,
api-ts-prop-a2d9d1a2,api,2,ts-prop,conversaId,conversationId,apps/api/src/dominio/eventos.ts:13,523,no,,,approved,codex1,
api-ts-prop-a2de8e49,api,2,ts-prop,contatoId,contactId,apps/api/src/dominio/roteador.ts:131,226,no,,,approved,codex1,
api-ts-prop-a2fd64ce,api,2,ts-prop,fracao,fraction,apps/api/src/dominio/gestao/satisfacao.ts:30,39,no,,,approved,codex1,
api-ts-prop-a3031140,api,2,ts-prop,mensagens_entrada,messagesInbound,apps/api/tests/ponta-a-ponta.test.ts:379,5,no,,,approved,codex1,
api-ts-prop-a37bed87,api,2,ts-prop,agente_usuario,userAgent,apps/api/tests/growth.test.ts:164,3,no,,,approved,sonnet,
api-ts-prop-a3ad1894,api,2,ts-prop,usa_contexto,usesContext,apps/api/src/dominio/roteador.ts:38,2,no,,,approved,codex1,
api-ts-prop-a4508eaf,api,2,ts-prop,chave_storage,keyStorage,apps/api/tests/midia-recebida.test.ts:104,20,no,,,approved,codex1,
api-ts-prop-a50c3874,api,2,wire-key,contato_nome,contactName,apps/api/src/dominio/mensagem-ativa.ts:337,apps/api/src/dominio/mensagem-ativa.ts,no,,D-09,approved,codex1,consumers field held a leftover ts-prop occurrence count after this row was reclassified to wire-key (check-map rule 10); replaced with the declared_at file so rewrite-literals' file-list consumer gate can find it
api-ts-prop-a6790652,api,2,ts-prop,chave_storage,keyStorage,apps/api/src/dominio/anexo.ts:187,20,no,,,approved,codex1,
api-ts-prop-a6f9fba8,api,2,ts-prop,ultima_mensagem_em,lastMessageAt,apps/api/src/controladores/conversas.ts:41,24,no,,,approved,codex1,
api-ts-prop-a751961c,api,2,ts-prop,filas,queues,apps/api/src/dominio/gestao/historico.ts:57,297,no,,,approved,codex1,
api-ts-prop-a874a115,api,2,ts-prop,canal_tipo,channelType,apps/api/src/dominio/desk/consultas.ts:146,35,no,,,approved,codex1,
api-ts-prop-a8dbec7d,api,2,ts-prop,estado,state,apps/api/tests/sla-motor.test.ts:113,1269,no,,,approved,codex1,
api-ts-prop-a942f66b,api,2,ts-prop,relatorio,report,apps/api/src/dominio/fluxo.ts:979,26,no,,,approved,codex1,
api-ts-prop-a992c9a3,api,2,ts-prop,canal,channel,apps/api/src/dominio/whatsapp/configuracao-de-webhook.ts:56,970,no,,,approved,codex1,
api-ts-prop-a9937c82,api,2,ts-prop,estado,state,apps/api/tests/etiquetas.test.ts:200,1269,no,,,approved,codex1,
api-ts-prop-aae17e7f,api,2,ts-prop,contato,contact,apps/api/src/controladores/gestao-fluxo.ts:100,1026,no,,,approved,codex1,
api-ts-prop-aae4a3f8,api,2,ts-prop,contatos,contacts,apps/api/src/dominio/gestao-fluxo.ts:294,438,no,,,approved,codex1,
api-ts-prop-ab166ba9,api,2,ts-prop,por_usuario_id,byUserId,apps/api/tests/transferencia.test.ts:193,9,no,,,approved,codex1,
api-ts-prop-ab7cb981,api,2,ts-prop,banco,database,apps/api/src/saude.ts:27,356,no,,,approved,codex1,
api-ts-prop-ac1da386,api,2,ts-prop,capacidade_padrao,capacityDefault,apps/api/src/controladores/catalogo.ts:296,4,no,,,approved,codex1,
api-ts-prop-ac407e80,api,2,ts-prop,contatoNome,contactName,apps/api/src/dominio/gestao/monitoramento.ts:174,35,no,,,approved,codex1,
api-ts-prop-ac7a9cba,api,2,ts-prop,fila_id,queueId,apps/api/src/dominio/envio.ts:87,72,no,,,approved,codex1,
api-ts-prop-ad0245b9,api,2,ts-prop,canalId,channelId,apps/api/src/dominio/whatsapp/reautorizacao.ts:25,387,no,,,approved,codex1,
api-ts-prop-ad4b3913,api,2,ts-prop,segredo,secret,apps/api/tests/integracoes.test.ts:378,212,no,,,approved,codex1,
api-ts-prop-ad60d9a7,api,2,ts-prop,ultimaImportacao,lastImport,apps/api/src/dominio/gestao/passos-da-implantacao.ts:28,9,no,,,approved,codex1,
api-ts-prop-ad7ca93d,api,2,ts-prop,bloco_codigo,blockCode,apps/api/src/dominio/fluxo.ts:532,5,no,,,approved,codex1,
api-ts-prop-adc02edb,api,2,ts-prop,atendenteNome,agentName,apps/api/src/dominio/gestao/monitoramento.ts:176,18,no,,,approved,codex1,
api-ts-prop-adfc4d90,api,2,wire-key,conversa_id,conversationId,apps/api/src/dominio/entrada.ts:336,apps/api/src/dominio/entrada.ts,no,,D-09,approved,codex1,consumers field held a leftover ts-prop occurrence count after this row was reclassified to wire-key (check-map rule 10); replaced with the declared_at file so rewrite-literals' file-list consumer gate can find it
api-ts-prop-ae485031,api,2,ts-prop,porInbox,byInbox,apps/api/src/dominio/gestao/atendimento.ts:74,4,no,,,approved,codex1,
api-ts-prop-ae4f19ca,api,2,ts-prop,estado,state,apps/api/src/dominio/gestao/sla.ts:33,1269,no,,,approved,codex1,
api-ts-prop-ae9e891a,api,2,ts-prop,erro_texto,errorText,apps/api/src/controladores/conversas.ts:64,16,no,,,approved,codex1,
api-ts-prop-aea46f8b,api,2,ts-prop,ativa,active,apps/api/src/controladores/catalogo.ts:295,340,no,,,approved,codex1,
api-ts-prop-aeb234e0,api,2,ts-prop,de_bloco_id,ofBlockId,apps/api/src/dominio/gestao/builder-do-fluxo.ts:175,6,no,,,approved,codex1,
api-ts-prop-af2b493d,api,2,wire-key,canal_id,channelId,apps/api/src/dominio/fluxo.ts:576,apps/api/src/dominio/fluxo.ts,no,,D-09,approved,codex1,consumers field held a leftover ts-prop occurrence count after this row was reclassified to wire-key (check-map rule 10); replaced with the declared_at file so rewrite-literals' file-list consumer gate can find it
api-ts-prop-afe404a0,api,2,ts-prop,contato.email,KEEP,apps/api/src/dominio/gestao/regra-fila.ts:59,36,no,,,approved,codex1,
api-ts-prop-b061ff26,api,2,ts-prop,contato_nome,contactName,apps/api/src/dominio/desk/consultas.ts:148,16,no,,,approved,codex1,
api-ts-prop-b0acb62f,api,2,ts-prop,primeira_resposta_em,firstResponseAt,apps/api/tests/mensagens-ativas.test.ts:155,27,no,,,approved,codex1,
api-ts-prop-b108b51e,api,2,ts-prop,prioridade,priority,apps/api/tests/transferencia.test.ts:104,146,no,,,approved,codex1,
api-ts-prop-b11de358,api,2,ts-prop,execucaoId,executionId,apps/api/src/dominio/fluxo.ts:219,21,no,,,approved,codex1,
api-ts-prop-b1651b5d,api,2,ts-prop,fataisReprovados,fatalRejecteds,apps/api/src/dominio/gestao/monitoria.ts:269,9,no,,,approved,codex1,
api-ts-prop-b1919449,api,2,ts-prop,direcao,direction,apps/api/src/dominio/desk/consultas.ts:204,175,no,,,approved,codex1,
api-ts-prop-b1c51293,api,2,ts-prop,filaNome,queueName,apps/api/src/dominio/gestao/monitoramento.ts:175,27,no,,,approved,codex1,
api-ts-prop-b21fb422,api,2,ts-prop,contato.telefone,KEEP,apps/api/src/dominio/gestao/regra-fila.ts:60,17,no,,,approved,codex1,
api-ts-prop-b280275d,api,2,wire-key,fila_id,queueId,apps/api/src/dominio/assumir.ts:28,apps/api/src/dominio/assumir.ts,no,,D-09,approved,codex1,consumers field held a leftover ts-prop occurrence count after this row was reclassified to wire-key (check-map rule 10); replaced with the declared_at file so rewrite-literals' file-list consumer gate can find it
api-ts-prop-b2acc67d,api,2,ts-prop,encerramentos,closures,apps/api/src/dominio/gestao/monitoramento.ts:118,10,no,,,approved,codex1,
api-ts-prop-b30ff8bc,api,2,ts-prop,obrigatoriaNoEncerramento,requiredInClosure,apps/api/src/dominio/etiquetas.ts:36,20,no,,,approved,codex1,
api-ts-prop-b33704e0,api,2,ts-prop,atendenteId,agentId,apps/api/src/dominio/conversa.ts:35,217,no,,,approved,codex1,
api-ts-prop-b3e5c968,api,2,ts-prop,avaliacoes,evaluations,apps/api/src/dominio/gestao/monitoria.ts:95,8,no,,,approved,codex1,
api-ts-prop-b40328ca,api,2,ts-prop,atendenteId,agentId,apps/api/src/dominio/gestao/historico.ts:52,217,no,,,approved,codex1,
api-ts-prop-b4815eaf,api,2,ts-prop,maiorEsperaNaFilaSeg,largestWaitInQueueSeg,apps/api/src/dominio/gestao/monitoramento.ts:92,3,no,,,approved,codex1,
api-ts-prop-b4f5f4c0,api,2,ts-prop,condicao,condition,apps/api/src/dominio/fluxo.ts:123,123,no,,,approved,codex1,
api-ts-prop-b5042e0b,api,2,ts-prop,papel,role,apps/api/src/dominio/convites.ts:130,521,no,,,approved,codex1,
api-ts-prop-b5393030,api,2,ts-prop,autenticacao,authentication,apps/api/tests/integracoes.test.ts:505,181,no,,,approved,codex1,
api-ts-prop-b5a2b22f,api,2,ts-prop,estado,state,apps/api/src/dominio/importacao-de-contatos.ts:27,1269,no,,,approved,codex1,
api-ts-prop-b6119b3c,api,2,ts-prop,estado,state,apps/api/src/webhooks-saida.ts:193,1269,no,,,approved,codex1,
api-ts-prop-b6933280,api,2,wire-key,atendente_id,agentId,apps/api/src/dominio/entrada.ts:489,apps/api/src/dominio/entrada.ts,no,,D-09,approved,codex1,consumers field held a leftover ts-prop occurrence count after this row was reclassified to wire-key (check-map rule 10); replaced with the declared_at file so rewrite-literals' file-list consumer gate can find it
api-ts-prop-b6945210,api,2,ts-prop,exigirAtiva,exigirActive,apps/api/src/dominio/sso.ts:279,7,no,,,approved,codex1,
api-ts-prop-b6ae9f1b,api,2,ts-prop,para_conversa_id,forConversationId,apps/api/tests/transferencia.test.ts:132,15,no,,,approved,codex1,
api-ts-prop-b6c35709,api,2,ts-prop,dados,data,apps/api/tests/fluxo.test.ts:151,669,no,,,approved,codex1,
api-ts-prop-b6eb55f7,api,2,ts-prop,mensagens,messages,apps/api/src/controladores/conversas.ts:269,363,no,,,approved,codex1,
api-ts-prop-b7127324,api,2,ts-prop,janela_expira_em,windowExpiresAt,apps/api/src/dominio/envio.ts:89,28,no,,,approved,codex1,
api-ts-prop-b716d64c,api,2,ts-prop,fila_id,queueId,apps/api/tests/transferencia.test.ts:102,72,no,,,approved,codex1,
api-ts-prop-b7190ef3,api,2,ts-prop,canais,channels,apps/api/src/controladores/desk.ts:156,243,no,,,approved,codex1,
api-ts-prop-b77e3f56,api,2,ts-prop,dentroDaJanela,insideOfWindow,apps/api/src/dominio/envio.ts:67,30,no,,,approved,codex1,
api-ts-prop-b7db234c,api,2,ts-prop,canalId,channelId,apps/api/src/dominio/whatsapp/validacao-da-configuracao-manual.ts:49,387,no,,,approved,codex1,
api-ts-prop-b7ffa4cc,api,2,ts-prop,direcao,direction,apps/api/tests/instagram.test.ts:245,175,no,,,approved,codex1,
api-ts-prop-b86861ab,api,2,ts-prop,mensagem,message,apps/api/src/dominio/entrada.ts:484,1267,no,,,approved,codex1,
api-ts-prop-b88085ee,api,2,ts-prop,ultima_mensagem_de,lastMessageOf,apps/api/src/dominio/desk/consultas.ts:74,22,no,,,approved,codex1,
api-ts-prop-b88a4dac,api,2,ts-prop,imagem,image,apps/api/src/controladores/gestao-fluxo.ts:116,218,no,,,approved,codex1,
api-ts-prop-b8fd78f1,api,2,wire-key,fila_nome,queueName,apps/api/src/dominio/gestao/monitoramento.ts:188,apps/api/src/dominio/gestao/monitoramento.ts,no,,D-09,approved,codex1,consumers field held a leftover ts-prop occurrence count after this row was reclassified to wire-key (check-map rule 10); replaced with the declared_at file so rewrite-literals' file-list consumer gate can find it
api-ts-prop-b905aafc,api,2,ts-prop,atendentes,agents,apps/api/tests/permissoes-do-atendente.test.ts:128,309,no,,,approved,codex1,
api-ts-prop-b9198894,api,2,ts-prop,estado_entrega,stateDelivery,apps/api/src/dominio/desk/consultas.ts:207,61,no,,,approved,codex1,
api-ts-prop-b9260ba3,api,2,ts-prop,conversasSemAtendente,conversationsWithoutAgent,apps/api/src/dominio/gestao/esforco.ts:51,3,no,,,approved,codex1,
api-ts-prop-b931a75d,api,2,ts-prop,espera_fila,waitQueue,apps/api/src/dominio/gestao/configuracoes.ts:68,8,no,,,approved,codex1,
api-ts-prop-b9330b35,api,2,ts-prop,papel,role,apps/api/tests/convites.test.ts:157,521,no,,,approved,codex1,
api-ts-prop-b9787c6d,api,2,ts-prop,dominio,domain,apps/api/src/controladores/convites.ts:122,476,no,,,approved,codex1,
api-ts-prop-b9ca2e4f,api,2,ts-prop,tempoMedioRespostaSeg,timeMediumResponseSeg,apps/api/src/dominio/gestao/monitoramento.ts:131,6,no,,,approved,codex1,
api-ts-prop-b9e97b76,api,2,ts-prop,usuario,user,apps/api/src/dominio/gestao/integracoes.ts:325,347,no,,,approved,codex1,
api-ts-prop-ba54c263,api,2,ts-prop,filaPadraoId,queueDefaultId,apps/api/src/dominio/entrada.ts:405,10,no,,,approved,codex1,
api-ts-prop-bbffc6db,api,2,ts-prop,filas,queues,apps/api/src/controladores/desk.ts:118,297,no,,,approved,codex1,
api-ts-prop-bc2dbbf6,api,2,ts-prop,filaDestinoAtiva,queueDestinationActive,apps/api/src/dominio/gestao/cadastros.ts:704,4,no,,,approved,codex1,
api-ts-prop-bc579a66,api,2,ts-prop,janela_expira_em,windowExpiresAt,apps/api/src/controladores/conversas.ts:43,28,no,,,approved,codex1,
api-ts-prop-bc97b9c9,api,2,ts-prop,estado,state,apps/api/tests/envio-sessao.test.ts:229,1269,no,,,approved,codex1,
api-ts-prop-bcc68bac,api,2,ts-prop,fluxo,flow,apps/api/src/dominio/fluxo.ts:136,1172,no,,,approved,codex1,
api-ts-prop-bd190b68,api,2,ts-prop,reautorizacao,reauthorization,apps/api/src/dominio/gestao/implantacao.ts:55,2,no,,,approved,codex1,
api-ts-prop-bd7f5b8b,api,2,ts-prop,filasAtivas,queuesActive,apps/api/src/dominio/gestao/passos-da-implantacao.ts:26,7,no,,,approved,codex1,
api-ts-prop-bda074ae,api,2,ts-prop,fluxoId,flowId,apps/api/src/autenticacao.ts:46,504,no,,,approved,codex1,
api-ts-prop-be737ab2,api,2,ts-prop,atendente_id,agentId,apps/api/src/dominio/desk/marcacoes.ts:49,68,no,,,approved,codex1,
api-ts-prop-be9c8166,api,2,ts-prop,urlDeRetorno,callbackUrl,apps/api/src/dominio/sso.ts:49,12,no,,D-13,approved,sonnet,
api-ts-prop-bed179ff,api,2,ts-prop,ticketsAbertosPorHora,ticketsOpenByHour,apps/api/src/dominio/gestao/monitoramento.ts:166,4,no,,,approved,codex1,
api-ts-prop-bf2a427a,api,2,ts-prop,canal_id,channelId,apps/api/src/dominio/desk/consultas.ts:145,94,no,,,approved,codex1,
api-ts-prop-bfb37365,api,2,ts-prop,contato_telefone,contactPhone,apps/api/src/dominio/desk/consultas.ts:78,7,no,,,approved,codex1,
api-ts-prop-c027d132,api,2,ts-prop,prioridade,priority,apps/api/tests/prioridade.test.ts:138,146,no,,,approved,codex1,
api-ts-prop-c06c63d5,api,2,ts-prop,contato,contact,apps/api/tests/ponta-a-ponta.test.ts:266,1026,no,,,approved,codex1,
api-ts-prop-c09a20c8,api,2,ts-prop,condicao,condition,apps/api/tests/prioridade.test.ts:116,123,no,,,approved,codex1,
api-ts-prop-c1278520,api,2,ts-prop,atendentes,agents,apps/api/src/dominio/gestao/historico.ts:58,309,no,,,approved,codex1,
api-ts-prop-c1c0b2cf,api,2,ts-prop,escopos,scopes,apps/api/src/dominio/gestao/integracoes.ts:108,40,no,,,approved,codex1,
api-ts-prop-c25af085,api,2,ts-prop,estado,state,apps/api/src/controladores/conversas.ts:35,1269,no,,,approved,codex1,
api-ts-prop-c28572f2,api,2,ts-prop,anexo_id,attachmentId,apps/api/src/controladores/conversas.ts:77,10,no,,,approved,codex1,
api-ts-prop-c3ea4cd1,api,2,ts-prop,dados,data,apps/api/tests/gerar-fixtures-jsonb.helper.ts:131,669,no,,,approved,codex1,
api-ts-prop-c4463250,api,2,ts-prop,escopoTipo,scopeType,apps/api/src/dominio/gestao/regras-prioridade.ts:112,79,no,,,approved,codex1,
api-ts-prop-c45b314a,api,2,ts-prop,globais,globals,apps/api/tests/builder-por-fluxo.test.ts:155,134,no,,,approved,codex1,
api-ts-prop-c4670a36,api,2,ts-prop,ultima_mensagem_de,lastMessageOf,apps/api/src/dominio/conversa.ts:324,22,no,,,approved,codex1,
api-ts-prop-c4a3d157,api,2,ts-prop,convite,invitation,apps/api/tests/convites.test.ts:398,338,no,,,approved,codex1,
api-ts-prop-c4b382eb,api,2,ts-prop,esforcoRespostaProntaSeg,effortResponseReadySeg,apps/api/src/dominio/gestao/esforco.ts:42,5,no,,,approved,codex1,
api-ts-prop-c506a902,api,2,ts-prop,expiracao_min,expirationMin,apps/api/src/dominio/roteador.ts:140,7,no,,,approved,codex1,
api-ts-prop-c5335fa5,api,2,ts-prop,filas,queues,apps/api/src/dominio/gestao/monitoramento.ts:164,297,no,,,approved,codex1,
api-ts-prop-c58b2168,api,2,ts-prop,filaDestinoId,queueDestinationId,apps/api/src/dominio/gestao/cadastros.ts:791,33,no,,,approved,codex1,
api-ts-prop-c6c31744,api,2,ts-prop,etiquetasDoContato,labelsOfContact,apps/api/tests/etiquetas.test.ts:363,6,no,,,approved,codex1,
api-ts-prop-c6e017c0,api,2,ts-prop,ultimo_erro,lastError,apps/api/tests/ponta-a-ponta.test.ts:334,21,no,,,approved,codex1,
api-ts-prop-c7717c79,api,2,ts-prop,erro,error,apps/api/tests/permissoes-do-atendente.test.ts:130,1478,no,,,approved,codex1,
api-ts-prop-c7a8efee,api,2,ts-prop,fila_id,queueId,apps/api/tests/fluxo.test.ts:87,72,no,,,approved,codex1,
api-ts-prop-c7eba55b,api,2,ts-prop,em_atendimento,inAttendance,apps/api/src/controladores/catalogo.ts:298,66,no,,,approved,codex1,
api-ts-prop-c89620fb,api,2,ts-prop,atendentes,agents,apps/api/src/dominio/gestao/esforco.ts:48,309,no,,,approved,codex1,
api-ts-prop-c8bd8ad0,api,2,ts-prop,estado,state,apps/api/tests/configuracao-do-fluxo.test.ts:77,1269,no,,,approved,codex1,
api-ts-prop-c8d720c6,api,2,ts-prop,prioridade,priority,apps/api/tests/sla-motor.test.ts:138,146,no,,,approved,codex1,
api-ts-prop-c8e1b5e1,api,2,ts-prop,erro_codigo,errorCode,apps/api/tests/ponta-a-ponta.test.ts:325,29,no,,,approved,codex1,
api-ts-prop-c953b804,api,2,ts-prop,direcao,direction,apps/api/tests/ponta-a-ponta.test.ts:144,175,no,,,approved,codex1,
api-ts-prop-c95bd4b3,api,2,ts-prop,destinoUrl,destinationUrl,apps/api/src/dominio/rastreador-de-cliques.ts:30,4,no,,,approved,codex1,
api-ts-prop-c97803d5,api,2,ts-prop,mensagem,message,apps/api/tests/canal-do-fluxo.test.ts:239,1267,no,,,approved,codex1,
api-ts-prop-ca30b7c8,api,2,ts-prop,identidade,identity,apps/api/src/dominio/gestao/configuracoes.ts:264,93,no,,,approved,codex1,
api-ts-prop-ca4f7485,api,2,ts-prop,escopos,scopes,apps/api/src/autenticacao.ts:110,40,no,,,approved,codex1,
api-ts-prop-caa0dcb0,api,2,ts-prop,contato,contact,apps/api/src/dominio/gestao-analise.ts:491,1026,no,,,approved,codex1,
api-ts-prop-cac84430,api,2,wire-key,execucao_id,executionId,apps/api/src/dominio/fluxo.ts:531,apps/api/src/dominio/fluxo.ts,no,,D-09,approved,codex1,consumers field held a leftover ts-prop occurrence count after this row was reclassified to wire-key (check-map rule 10); replaced with the declared_at file so rewrite-literals' file-list consumer gate can find it
api-ts-prop-cb14ff21,api,2,ts-prop,porPagina,byPage,apps/api/src/dominio/gestao-fluxo.ts:455,23,no,,,approved,codex1,
api-ts-prop-cb1bcaa7,api,2,ts-prop,filasSemHorario,queuesWithoutSchedule,apps/api/src/dominio/gestao/cadastros.ts:282,4,no,,,approved,codex1,
api-ts-prop-cb8c4763,api,2,ts-prop,encerrada_por_nome,closedByName,apps/api/src/dominio/desk/consultas.ts:437,2,no,,,approved,codex1,
api-ts-prop-cbd07704,api,2,ts-prop,atendenteId,agentId,apps/api/src/dominio/gestao/atendimento.ts:82,217,no,,,approved,codex1,
api-ts-prop-cc499364,api,2,ts-prop,encerramento,closure,apps/api/src/dominio/gestao/pesquisa.ts:45,69,no,,,approved,codex1,
api-ts-prop-cc7bdb83,api,2,ts-prop,canal,channel,apps/api/src/dominio/messenger/canal.ts:23,970,no,,,approved,codex1,
api-ts-prop-cca43879,api,2,ts-prop,erro,error,apps/api/tests/growth.test.ts:105,1478,no,,,approved,codex1,
api-ts-prop-ccfa37d2,api,2,ts-prop,nomeDaConta,nameOfAccount,apps/api/src/dominio/construtor-de-conta.ts:40,2,no,,,approved,codex1,
api-ts-prop-cd1fed94,api,2,ts-prop,canalId,channelId,apps/api/src/dominio/mensagem-ativa.ts:65,387,no,,,approved,codex1,
api-ts-prop-cd576647,api,2,ts-prop,erro,error,apps/api/tests/envio-sessao.test.ts:167,1478,no,,,approved,codex1,
api-ts-prop-cd9b6361,api,2,ts-prop,descricao,description,apps/api/src/controladores/gestao-fluxo.ts:133,299,no,,,approved,codex1,
api-ts-prop-ceae1451,api,2,ts-prop,contato_id,contactId,apps/api/tests/roteador.test.ts:528,113,no,,,approved,codex1,
api-ts-prop-ceda39dd,api,2,ts-prop,para_fila_id,forQueueId,apps/api/src/controladores/gestao-operacao.ts:186,23,no,,,approved,codex1,
api-ts-prop-cf97ebf2,api,2,ts-prop,escopoId,scopeId,apps/api/src/dominio/gestao/regras-sla.ts:122,74,no,,,approved,codex1,
api-ts-prop-cfe2cb28,api,2,ts-prop,pagina,page,apps/api/src/dominio/gestao-fluxo.ts:455,89,no,,,approved,codex1,
api-ts-prop-d012698c,api,2,ts-prop,imagemUrl,imageUrl,apps/api/src/dominio/gestao/ciclo-de-vida-do-fluxo.ts:91,22,no,,,approved,codex1,
api-ts-prop-d0323251,api,2,ts-prop,cabecalhoMidia,headerMedia,apps/api/src/dominio/whatsapp/modelos.ts:274,24,no,,,approved,codex1,
api-ts-prop-d0aa4b66,api,2,ts-prop,condicao,condition,apps/api/tests/gerar-fixtures-jsonb.helper.ts:94,123,no,,,approved,codex1,
api-ts-prop-d0b34117,api,2,ts-prop,erro,error,apps/api/tests/integracoes.test.ts:192,1478,no,,,approved,codex1,
api-ts-prop-d0c7c2b2,api,2,ts-prop,direcao,direction,apps/api/src/paginacao.ts:64,175,no,,,approved,codex1,
api-ts-prop-d10b8545,api,2,ts-prop,para_fila_id,forQueueId,apps/api/src/controladores/conversas.ts:348,23,no,,,approved,codex1,
api-ts-prop-d165cdfa,api,2,ts-prop,variaveis,variables,apps/api/tests/canais.test.ts:577,134,no,,,approved,codex1,
api-ts-prop-d16a455f,api,2,ts-prop,papel,role,apps/api/tests/contas.test.ts:90,521,no,,,approved,codex1,
api-ts-prop-d1d0a262,api,2,ts-prop,motivo_encerramento,reasonClosure,apps/api/tests/transferencia.test.ts:106,8,no,,,approved,codex1,
api-ts-prop-d22fd95f,api,2,ts-prop,capacidade,capacity,apps/api/src/dominio/gestao/cadastros.ts:74,50,no,,,approved,codex1,
api-ts-prop-d234cbac,api,2,ts-prop,erro,error,apps/api/tests/ciclo-de-vida-do-fluxo.test.ts:141,1478,no,,,approved,codex1,
api-ts-prop-d2445aa4,api,2,ts-prop,ultima_mensagem_de,lastMessageOf,apps/api/tests/transferencia.test.ts:109,22,no,,,approved,codex1,
api-ts-prop-d296d4d8,api,2,ts-prop,fila_id,queueId,apps/api/src/dominio/desk/acoes.ts:235,72,no,,,approved,codex1,
api-ts-prop-d2a529e0,api,2,ts-prop,reautorizacaoPendente,reauthorizationPending,apps/api/src/dominio/gestao/implantacao.ts:23,19,no,,,approved,codex1,
api-ts-prop-d2de8a49,api,2,ts-prop,estado,state,apps/api/src/dominio/canais.ts:38,1269,no,,,approved,codex1,
api-ts-prop-d2e22d02,api,2,ts-prop,estado,state,apps/api/tests/ciclo-de-vida-do-fluxo.test.ts:113,1269,no,,,approved,codex1,
api-ts-prop-d30625b2,api,2,ts-prop,permissoes,permissions,apps/api/src/provisionar.ts:98,149,no,,,approved,codex1,
api-ts-prop-d387de53,api,2,ts-prop,mensagens_saida,messagesOutput,apps/api/tests/ponta-a-ponta.test.ts:380,5,no,,,approved,codex1,
api-ts-prop-d3fc025e,api,2,ts-prop,emAtendimento,inAttendance,apps/api/src/dominio/gestao/monitoramento.ts:100,9,no,,,approved,codex1,
api-ts-prop-d412306d,api,2,ts-prop,ultimaInteracaoEm,lastInteractionAt,apps/api/src/dominio/desk/consultas.ts:510,4,no,,,approved,codex1,
api-ts-prop-d4720db5,api,2,ts-prop,ativa,active,apps/api/src/dominio/gestao/regra-fila.ts:104,340,no,,,approved,codex1,
api-ts-prop-d49f4ca4,api,2,ts-prop,de_usuario_id,ofUserId,apps/api/tests/transferencia.test.ts:191,6,no,,,approved,codex1,
api-ts-prop-d4e76719,api,2,ts-prop,tipoAutenticacao,typeAuthentication,apps/api/src/dominio/gestao/integracoes.ts:352,4,no,,,approved,codex1,
api-ts-prop-d4ee5a90,api,2,ts-prop,autenticacao,authentication,apps/api/src/controladores/gestao-integracoes.ts:61,181,no,,,approved,codex1,
api-ts-prop-d51a9773,api,2,ts-prop,fila,queue,apps/api/src/filas.ts:526,993,no,,,approved,codex1,
api-ts-prop-d54e5d49,api,2,ts-prop,fluxo_id,flowId,apps/api/src/controladores/canais-instagram.ts:32,65,no,,,approved,codex1,
api-ts-prop-d596d6fb,api,2,ts-prop,primeiraRespostaSeg,firstResponseSeg,apps/api/src/dominio/gestao/historico.ts:45,13,no,,,approved,codex1,
api-ts-prop-d5a2a27c,api,2,ts-prop,comoAnexo,asAttachment,apps/api/src/dominio/anexo.ts:157,2,no,,,approved,codex1,
api-ts-prop-d5bb87ed,api,2,ts-prop,canalId,channelId,apps/api/src/dominio/gestao-fluxo.ts:281,387,no,,,approved,codex1,
api-ts-prop-d6147dc4,api,2,ts-prop,janela_expira_em,windowExpiresAt,apps/api/tests/transferencia.test.ts:107,28,no,,,approved,codex1,
api-ts-prop-d6410291,api,2,ts-prop,filaId,queueId,apps/api/src/dominio/gestao/historico.ts:51,170,no,,,approved,codex1,
api-ts-prop-d765fc91,api,2,ts-prop,estado,state,apps/api/src/dominio/envio.ts:86,1269,no,,,approved,codex1,
api-ts-prop-d7bbb3b5,api,2,ts-prop,canal,channel,apps/api/src/dominio/instagram/canal.ts:47,970,no,,,approved,codex1,
api-ts-prop-d9409a65,api,2,ts-prop,erro,error,apps/api/tests/entrada.test.ts:112,1478,no,,,approved,codex1,
api-ts-prop-da14a92a,api,2,ts-prop,estado_entrega,stateDelivery,apps/api/tests/ponta-a-ponta.test.ts:174,61,no,,,approved,codex1,
api-ts-prop-dae6ddf9,api,2,ts-prop,mensagem,message,apps/api/tests/cadastros-atendimento.test.ts:317,1267,no,,,approved,codex1,
api-ts-prop-db3929c0,api,2,ts-prop,escopoTipo,scopeType,apps/api/src/dominio/gestao/prioridade-motor.ts:38,79,no,,,approved,codex1,
api-ts-prop-dbbb218e,api,2,ts-prop,mensagem,message,apps/api/src/dominio/gestao/configuracao-do-fluxo.ts:88,1267,no,,,approved,codex1,
api-ts-prop-dbc24153,api,2,ts-prop,esforcoSeg,effortSeg,apps/api/src/dominio/gestao/esforco.ts:30,18,no,,,approved,codex1,
api-ts-prop-dbdd7436,api,2,ts-prop,aguardandoAtendente,aguardandoAgent,apps/api/src/dominio/gestao/monitoramento.ts:126,31,no,,,approved,codex1,
api-ts-prop-dbf6b3bb,api,2,ts-prop,tokenAcesso,tokenAccess,apps/api/src/dominio/whatsapp/saude.ts:53,75,no,,,approved,codex1,
api-ts-prop-dc0b7431,api,2,ts-prop,estado,state,apps/api/src/controladores/canais.ts:90,1269,no,,,approved,codex1,
api-ts-prop-dc51301b,api,2,ts-prop,descricao,description,apps/api/src/dominio/gestao/ciclo-de-vida-do-fluxo.ts:83,299,no,,,approved,codex1,
api-ts-prop-dca63d2a,api,2,ts-prop,escopos,scopes,apps/api/tests/chave-de-fluxo.test.ts:260,40,no,,,approved,codex1,
api-ts-prop-dcb026b8,api,2,ts-prop,etiquetasDaConversa,labelsOfConversation,apps/api/tests/etiquetas.test.ts:243,10,no,,,approved,codex1,
api-ts-prop-dd57e6f4,api,2,ts-prop,busca,search,apps/api/src/dominio/gestao-analise.ts:437,420,no,,,approved,codex1,
api-ts-prop-dd871bf8,api,2,ts-prop,erroDeRegistro,errorOfRegistro,apps/api/src/dominio/whatsapp/configuracao-de-webhook.ts:57,5,no,,,approved,codex1,
api-ts-prop-dd913c60,api,2,ts-prop,recomendacaoDeSeguranca,recommendationOfSeguranca,apps/api/src/dominio/whatsapp/modelos.ts:256,4,no,,,approved,codex1,
api-ts-prop-dd914ae9,api,2,ts-prop,usuarioId,userId,apps/api/src/dominio/convites.ts:302,604,no,,,approved,codex1,
api-ts-prop-ddc110c8,api,2,ts-prop,tokenSemEscopo,tokenWithoutScope,apps/api/tests/ajuda.ts:20,5,no,,,approved,codex1,
api-ts-prop-ddd224a3,api,2,ts-prop,canal_id,channelId,apps/api/src/controladores/canais.ts:138,94,no,,,approved,codex1,
api-ts-prop-de608672,api,2,ts-prop,primeiraRespostaEm,firstResponseAt,apps/api/tests/sla-motor.test.ts:56,26,no,,,approved,codex1,
api-ts-prop-de68c4d3,api,2,ts-prop,anexoId,attachmentId,apps/api/src/dominio/entrada.ts:219,70,no,,,approved,codex1,
api-ts-prop-ded5dcc4,api,2,ts-prop,utilidade,utility,apps/api/src/dominio/gestao/comunicacao.ts:34,49,no,,,approved,codex1,
api-ts-prop-df0aa178,api,2,ts-prop,erro,error,apps/api/tests/palavras-proibidas.test.ts:460,1478,no,,,approved,codex1,
api-ts-prop-df1dc298,api,2,ts-prop,resumo_modelo,summaryTemplate,apps/api/src/dominio/desk/consultas.ts:155,2,no,,,approved,codex1,
api-ts-prop-df7762f3,api,2,ts-prop,de_fila_id,ofQueueId,apps/api/tests/transferencia.test.ts:189,7,no,,,approved,codex1,
api-ts-prop-e03b0cc0,api,2,ts-prop,mensagem_id,messageId,apps/api/tests/mensagens-ativas.test.ts:102,29,no,,,approved,codex1,
api-ts-prop-e0463e03,api,2,ts-prop,tempoReal,timeReal,apps/api/src/dominio/gestao/monitoramento.ts:159,5,no,,,approved,codex1,
api-ts-prop-e09a5e82,api,2,ts-prop,canalNome,channelName,apps/api/src/dominio/gestao/comunicacao.ts:110,29,no,,,approved,codex1,
api-ts-prop-e0ba30dc,api,2,ts-prop,primeira_resposta,firstResponse,apps/api/src/dominio/desk/metricas.ts:60,49,no,,,approved,codex1,
api-ts-prop-e1059a5b,api,2,ts-prop,porAtendente,byAgent,apps/api/src/dominio/gestao/monitoria.ts:98,11,no,,,approved,codex1,
api-ts-prop-e10efaf4,api,2,ts-prop,midia_url,mediaUrl,apps/api/src/controladores/conversas.ts:78,1,no,,,approved,codex1,
api-ts-prop-e10f093d,api,2,ts-prop,nomeExibicao,displayName,apps/api/src/dominio/canais.ts:31,8,no,,,approved,sonnet,
api-ts-prop-e1fec6cf,api,2,ts-prop,erro,error,apps/api/src/dominio/gestao/integracoes.ts:738,1478,no,,,approved,codex1,
api-ts-prop-e238e8e2,api,2,ts-prop,canal_id,channelId,apps/api/src/dominio/envio.ts:92,94,no,,,approved,codex1,
api-ts-prop-e25dfc47,api,2,ts-prop,contatoNome,contactName,apps/api/src/dominio/gestao/historico.ts:39,35,no,,,approved,codex1,
api-ts-prop-e2976265,api,2,ts-prop,conversaId,conversationId,apps/api/src/dominio/gestao/sla-motor.ts:111,523,no,,,approved,codex1,
api-ts-prop-e2ba9d45,api,2,ts-prop,contexto,context,apps/api/src/autenticacao.ts:50,300,no,,,approved,codex1,
api-ts-prop-e2bbf199,api,2,ts-prop,paginas,pages,apps/api/tests/dicionario-crm.test.ts:30,232,no,,,approved,codex1,
api-ts-prop-e2e51e65,api,2,ts-prop,documento,document,apps/api/tests/contatos-editar.test.ts:107,217,no,,,approved,codex1,
api-ts-prop-e2eaefc1,api,2,ts-prop,permissao,permission,apps/api/tests/integracoes.test.ts:212,54,no,,,approved,codex1,
api-ts-prop-e2eb3033,api,2,ts-prop,atendimento,attendance,apps/api/src/dominio/gestao/atendimento.ts:50,673,no,,,approved,codex1,
api-ts-prop-e3091d2f,api,2,ts-prop,urlAutorizacao,urlAuthorization,apps/api/src/dominio/gestao/integracoes.ts:326,20,no,,,approved,codex1,
api-ts-prop-e3893099,api,2,ts-prop,variaveis,variables,apps/api/src/dominio/gestao-fluxo.ts:280,134,no,,,approved,codex1,
api-ts-prop-e38e1746,api,2,ts-prop,escopoTipo,scopeType,apps/api/src/dominio/gestao/sla.ts:23,79,no,,,approved,codex1,
api-ts-prop-e4df8ab8,api,2,ts-prop,quantasVariaveis,quantasVariables,apps/api/src/dominio/whatsapp/modelos.ts:143,4,no,,,approved,codex1,
api-ts-prop-e4f4b9fb,api,2,ts-prop,filaDestinoNome,queueDestinationName,apps/api/src/dominio/gestao/regra-fila.ts:103,11,no,,,approved,codex1,
api-ts-prop-e58c2441,api,2,ts-prop,contexto,context,apps/api/tests/roteador.test.ts:527,300,no,,,approved,codex1,
api-ts-prop-e592ee33,api,2,ts-prop,primeira_resposta_n,firstResponseN,apps/api/tests/ponta-a-ponta.test.ts:381,5,no,,,approved,codex1,
api-ts-prop-e5c05058,api,2,ts-prop,estado,state,apps/api/tests/roteador.test.ts:572,1269,no,,,approved,codex1,
api-ts-prop-e5d581af,api,2,ts-prop,mensagem,message,apps/api/tests/anexos.test.ts:126,1267,no,,,approved,codex1,
api-ts-prop-e7437848,api,2,wire-key,fila_id,queueId,apps/api/src/dominio/entrada.ts:490,apps/api/src/dominio/entrada.ts,no,,D-09,approved,codex1,consumers field held a leftover ts-prop occurrence count after this row was reclassified to wire-key (check-map rule 10); replaced with the declared_at file so rewrite-literals' file-list consumer gate can find it
api-ts-prop-e7559339,api,2,ts-prop,urlNotificacoes,urlNotifications,apps/api/src/dominio/gestao/integracoes.ts:834,10,no,,,approved,codex1,
api-ts-prop-e767bbc0,api,2,ts-prop,usuarioIds,userIds,apps/api/src/dominio/gestao/permissoes-do-atendente.ts:180,7,no,,,approved,codex1,
api-ts-prop-e77c220b,api,2,ts-prop,posicao,position,apps/api/tests/gerar-fixtures-jsonb.helper.ts:87,84,no,,,approved,codex1,
api-ts-prop-e8408aca,api,2,ts-prop,atendenteId,agentId,apps/api/src/dominio/gestao/monitoramento.ts:342,217,no,,,approved,codex1,
api-ts-prop-e8b7cb25,api,2,ts-prop,contexto,context,apps/api/src/dominio/fluxo.ts:204,300,no,,,approved,codex1,
api-ts-prop-e8d45807,api,2,ts-prop,conversaId,conversationId,apps/api/tests/etiquetas.test.ts:118,523,no,,,approved,codex1,
api-ts-prop-e8dd0576,api,2,ts-prop,autenticacaoSenha,authenticationPassword,apps/api/src/dominio/gestao/integracoes.ts:611,6,no,,,approved,codex1,
api-ts-prop-e8fd18a7,api,2,ts-prop,variaveis,variables,apps/api/src/dominio/envio.ts:103,134,no,,,approved,codex1,
api-ts-prop-e9803eab,api,2,ts-prop,usuarioId,userId,apps/api/tests/convites.test.ts:296,604,no,,,approved,codex1,
api-ts-prop-e9aaf69f,api,2,ts-prop,porUsuarioId,byUserId,apps/api/src/dominio/status-atendente.ts:29,5,no,,,approved,codex1,
api-ts-prop-e9de9008,api,2,ts-prop,atendentes,agents,apps/api/src/dominio/gestao/cadastros.ts:88,309,no,,,approved,codex1,
api-ts-prop-ea192698,api,2,ts-prop,duracao_sugerida_min,durationSuggestedMin,apps/api/src/dominio/desk/consultas.ts:329,5,no,,,approved,codex1,
api-ts-prop-eaa58b0a,api,2,wire-key,fila_padrao_id,queueDefaultId,apps/api/src/dominio/fluxo.ts:577,apps/api/src/dominio/fluxo.ts,no,,D-09,approved,codex1,consumers field held a leftover ts-prop occurrence count after this row was reclassified to wire-key (check-map rule 10); replaced with the declared_at file so rewrite-literals' file-list consumer gate can find it
api-ts-prop-eaa7d968,api,2,ts-prop,atendente_id,agentId,apps/api/tests/roteador.test.ts:497,68,no,,,approved,codex1,
api-ts-prop-eb4f7e6b,api,2,ts-prop,canalId,channelId,apps/api/src/controladores/gestao-fluxo.ts:426,387,no,,,approved,codex1,
api-ts-prop-eb68e9eb,api,2,ts-prop,anexo_id,attachmentId,apps/api/tests/anexos-multiplos.test.ts:139,10,no,,,approved,codex1,
api-ts-prop-ebfe271f,api,2,ts-prop,estado,state,apps/api/src/dominio/gestao-fluxo.ts:267,1269,no,,,approved,codex1,
api-ts-prop-ebff5c4a,api,2,ts-prop,atendente,agent,apps/api/src/dominio/gestao/monitoria.ts:88,768,no,,,approved,codex1,
api-ts-prop-ec5cbcd4,api,2,ts-prop,ativa,active,apps/api/src/dominio/gestao/comunicacao.ts:187,340,no,,,approved,codex1,
api-ts-prop-ecb001a3,api,2,ts-prop,escopoTipo,scopeType,apps/api/src/dominio/gestao/configuracoes.ts:49,79,no,,,approved,codex1,
api-ts-prop-ed5672ef,api,2,ts-prop,autenticacao,authentication,apps/api/src/dominio/gestao/integracoes.ts:336,181,no,,,approved,codex1,
api-ts-prop-ed5b4ba4,api,2,ts-prop,mensagensRecebidas,messagesRecebidas,apps/api/src/dominio/entrada.ts:99,3,no,,,approved,codex1,
api-ts-prop-ee19dc1c,api,2,ts-prop,filas,queues,apps/api/src/provisionar.ts:99,297,no,,,approved,codex1,
api-ts-prop-ee555622,api,2,ts-prop,prioridade,priority,apps/api/src/dominio/gestao/sla-motor.ts:136,146,no,,,approved,codex1,
api-ts-prop-eea85d33,api,2,ts-prop,fluxo_id,flowId,apps/api/tests/chave-de-fluxo.test.ts:260,65,no,,,approved,codex1,
api-ts-prop-eeae3b30,api,2,ts-prop,valor,value,apps/api/src/dominio/gestao/cadastros.ts:792,1656,no,,,approved,codex1,
api-ts-prop-eede038e,api,2,wire-key,bloco_inicial,blockInicial,apps/api/src/dominio/roteador.ts:47,apps/api/src/dominio/roteador.ts,no,,D-09,approved,codex1,consumers field held a leftover ts-prop occurrence count after this row was reclassified to wire-key (check-map rule 10); replaced with the declared_at file so rewrite-literals' file-list consumer gate can find it
api-ts-prop-ef24213b,api,2,ts-prop,roteador,router,apps/api/src/controladores/gestao-analise.ts:97,387,no,,,approved,codex1,
api-ts-prop-ef3abf24,api,2,wire-key,oauth2_url_autorizacao,oauth2UrlAuthorization,apps/api/src/webhooks-saida.ts:206,apps/api/src/webhooks-saida.ts,no,,D-09,approved,codex1,consumers field held a leftover ts-prop occurrence count after this row was reclassified to wire-key (check-map rule 10); replaced with the declared_at file so rewrite-literals' file-list consumer gate can find it
api-ts-prop-ef4b751a,api,2,ts-prop,tempoDeAtendimento,timeOfAttendance,apps/api/src/dominio/gestao/monitoramento.ts:116,12,no,,,approved,codex1,
api-ts-prop-efbfad3e,api,2,ts-prop,canalNome,channelName,apps/api/src/dominio/gestao-fluxo.ts:266,29,no,,,approved,codex1,
api-ts-prop-f0132a91,api,2,ts-prop,filaId,queueId,apps/api/tests/ajuda.ts:17,170,no,,,approved,codex1,
api-ts-prop-f01fc229,api,2,ts-prop,capacidadePadrao,capacityDefault,apps/api/src/dominio/gestao/cadastros.ts:1172,37,no,,,approved,codex1,
api-ts-prop-f0756919,api,2,ts-prop,prioridade,priority,apps/api/src/dominio/desk/consultas.ts:139,146,no,,,approved,codex1,
api-ts-prop-f0f3b412,api,2,ts-prop,roteador,router,apps/api/src/dominio/fluxo.ts:75,387,no,,,approved,codex1,
api-ts-prop-f108c587,api,2,wire-key,fluxo_id,flowId,apps/api/tests/integracoes.test.ts:165,apps/api/tests/integracoes.test.ts,no,,D-09,approved,codex1,consumers field held a leftover ts-prop occurrence count after this row was reclassified to wire-key (check-map rule 10); replaced with the declared_at file so rewrite-literals' file-list consumer gate can find it
api-ts-prop-f161e60f,api,2,ts-prop,ordem,order,apps/api/src/dominio/gestao/cadastros.ts:1173,517,no,,,approved,codex1,
api-ts-prop-f1adb19d,api,2,ts-prop,papelId,roleId,apps/api/src/controladores/gestao-conta.ts:106,121,no,,,approved,codex1,
api-ts-prop-f1c42e07,api,2,ts-prop,exigirAtribuicao,exigirAssignment,apps/api/src/dominio/envio.ts:315,18,no,,,approved,codex1,
api-ts-prop-f1d1597a,api,2,ts-prop,erroCodigo,errorCode,apps/api/src/dominio/gestao-fluxo.ts:268,18,no,,,approved,codex1,
api-ts-prop-f1f2bd79,api,2,ts-prop,estadoEntrega,stateDelivery,apps/api/src/dominio/mensagem-ativa.ts:316,14,no,,,approved,codex1,
api-ts-prop-f20fd12f,api,2,ts-prop,janela,window,apps/api/src/controladores/gestao-operacao.ts:58,260,no,,,approved,codex1,
api-ts-prop-f2207beb,api,2,ts-prop,membros,members,apps/api/src/dominio/gestao/implantacao.ts:64,128,no,,,approved,codex1,
api-ts-prop-f228b608,api,2,ts-prop,estado,state,apps/api/src/dominio/gestao/monitoramento.ts:124,1269,no,,,approved,codex1,
api-ts-prop-f2963f73,api,2,ts-prop,semPermissao,withoutPermission,apps/api/src/controladores/gestao-fluxo.ts:117,12,no,,,approved,codex1,
api-ts-prop-f2a4d36e,api,2,ts-prop,chave_storage,keyStorage,apps/api/src/dominio/midia.ts:70,20,no,,,approved,codex1,
api-ts-prop-f38ddbb2,api,2,ts-prop,roteadorId,routerId,apps/api/src/dominio/roteador.ts:130,52,no,,,approved,codex1,
api-ts-prop-f3eba38b,api,2,ts-prop,canalId,channelId,apps/api/src/dominio/gestao-analise.ts:468,387,no,,,approved,codex1,
api-ts-prop-f48355e1,api,2,ts-prop,canalId,channelId,apps/api/tests/canal-do-fluxo.test.ts:94,387,no,,,approved,codex1,
api-ts-prop-f495b948,api,2,ts-prop,estado,state,apps/api/src/dominio/gestao/monitoria.ts:80,1269,no,,,approved,codex1,
api-ts-prop-f4a15b47,api,2,ts-prop,ordem,order,apps/api/src/controladores/catalogo.ts:294,517,no,,,approved,codex1,
api-ts-prop-f60b6af7,api,2,ts-prop,relatorios,reports,apps/api/src/controladores/gestao-analise.ts:101,47,no,,,approved,codex1,
api-ts-prop-f66ed603,api,2,ts-prop,contato.nome,KEEP,apps/api/src/dominio/gestao/regra-fila.ts:58,55,no,,,approved,codex1,
api-ts-prop-f6ab3a9d,api,2,ts-prop,mensagem,message,apps/api/tests/convites.test.ts:199,1267,no,,,approved,codex1,
api-ts-prop-f6ab5e09,api,2,ts-prop,de_conversa_id,ofConversationId,apps/api/tests/transferencia.test.ts:132,4,no,,,approved,codex1,
api-ts-prop-f6c659ac,api,2,ts-prop,fila_padrao_id,queueDefaultId,apps/api/tests/canais.test.ts:166,15,no,,,approved,codex1,
api-ts-prop-f778bcbc,api,2,ts-prop,canalId,channelId,apps/api/src/dominio/whatsapp/cadastro-embutido.ts:37,387,no,,,approved,codex1,
api-ts-prop-f7bd432d,api,2,wire-key,fila_padrao_id,queueDefaultId,apps/api/src/dominio/entrada.ts:409,apps/api/src/dominio/entrada.ts,no,,D-09,approved,codex1,consumers field held a leftover ts-prop occurrence count after this row was reclassified to wire-key (check-map rule 10); replaced with the declared_at file so rewrite-literals' file-list consumer gate can find it
api-ts-prop-f8875fb8,api,2,ts-prop,atendente_id,agentId,apps/api/src/dominio/etiquetas.ts:90,68,no,,,approved,codex1,
api-ts-prop-f8a43728,api,2,ts-prop,usuario_id,userId,apps/api/src/controladores/catalogo.ts:343,148,no,,,approved,codex1,
api-ts-prop-f8b19753,api,2,ts-prop,descricao,description,apps/api/src/dominio/gestao/permissoes-do-atendente.ts:72,299,no,,,approved,codex1,
api-ts-prop-f96419d1,api,2,ts-prop,erroCodigo,errorCode,apps/api/src/dominio/mensagem-ativa.ts:317,18,no,,,approved,codex1,
api-ts-prop-f96cd9e6,api,2,ts-prop,estado,state,apps/api/src/dominio/distribuicao.ts:19,1269,no,,,approved,codex1,
api-ts-prop-f975b1ce,api,2,ts-prop,atendenteIds,agentIds,apps/api/src/dominio/gestao/monitoramento.ts:344,2,no,,,approved,codex1,
api-ts-prop-fa0becc7,api,2,ts-prop,fluxo_id,flowId,apps/api/src/controladores/canais.ts:137,65,no,,,approved,codex1,
api-ts-prop-fa44a802,api,2,ts-prop,dados,data,apps/api/tests/mensagens-ativas.test.ts:131,669,no,,,approved,codex1,
api-ts-prop-fa8df0ce,api,2,ts-prop,filaPadrao,queueDefault,apps/api/src/dominio/gestao/configuracoes.ts:184,3,no,,,approved,codex1,
api-ts-prop-fac3bfe1,api,2,ts-prop,blocoPorCodigo,blockByCode,apps/api/src/dominio/fluxo.ts:136,12,no,,,approved,codex1,
api-ts-prop-fade501a,api,2,ts-prop,prioridade,priority,apps/api/src/dominio/conversa.ts:320,146,no,,,approved,codex1,
api-ts-prop-fb45f155,api,2,ts-prop,primeira_resposta_em,firstResponseAt,apps/api/src/controladores/conversas.ts:39,27,no,,,approved,codex1,
api-ts-prop-fbccf427,api,2,ts-prop,filaPadraoId,queueDefaultId,apps/api/src/dominio/fluxo.ts:184,10,no,,,approved,codex1,
api-ts-prop-fcd0e290,api,2,ts-prop,estado,state,apps/api/src/dominio/desk/marcacoes.ts:49,1269,no,,,approved,codex1,
api-ts-prop-fcd11f79,api,2,ts-prop,estado,state,apps/api/tests/mensagens-ativas.test.ts:113,1269,no,,,approved,codex1,
api-ts-prop-fd2146c4,api,2,ts-prop,comInteracao,withInteraction,apps/api/tests/analise.test.ts:164,5,no,,,approved,codex1,
api-ts-prop-fd3601bd,api,2,ts-prop,bloco,block,apps/api/tests/builder-por-fluxo.test.ts:400,665,no,,,approved,codex1,
api-ts-prop-fd43d86d,api,2,ts-prop,atendimentoSeg,attendanceSeg,apps/api/src/dominio/gestao/monitoramento.ts:82,10,no,,,approved,codex1,
api-ts-prop-fda48803,api,2,ts-prop,papel_id,roleId,apps/api/src/dominio/convites.ts:249,59,no,,,approved,codex1,
api-ts-prop-fdb8f6a1,api,2,ts-prop,arquivo,file,apps/api/src/dominio/gestao/certificados.ts:66,462,no,,,approved,codex1,
api-ts-prop-fdcd572e,api,2,ts-prop,esforcoPorTicketSeg,effortByTicketSeg,apps/api/src/dominio/gestao/esforco.ts:32,3,no,,,approved,codex1,
api-ts-prop-fdd7ddb1,api,2,ts-prop,descricao,description,apps/api/src/dominio/gestao/certificados.ts:137,299,no,,,approved,codex1,
api-ts-prop-fddc6787,api,2,ts-prop,aguardando_atendente,aguardandoAgent,apps/api/src/dominio/distribuicao.ts:22,3,no,,,approved,codex1,
api-ts-prop-fdf3c236,api,2,ts-prop,historico,history,apps/api/src/controladores/desk.ts:142,41,no,,,approved,codex1,
api-ts-prop-fe4e5f1d,api,2,ts-prop,permissoes,permissions,apps/api/tests/entrada.test.ts:138,149,no,,,approved,codex1,
api-ts-prop-fe580fc6,api,2,ts-prop,agenteUsuario,agenteUser,apps/api/src/dominio/rastreador-de-cliques.ts:48,2,no,,,approved,codex1,
api-ts-prop-ff367f5a,api,2,ts-prop,acessoAosModelos,accessToTemplates,apps/api/src/dominio/whatsapp/validacao-da-configuracao-manual.ts:26,2,no,,,approved,codex1,
api-query-param-erro,api,2,query-param,erro,error,apps/api/src/controladores/entrar.ts:93,,no,,,approved,sonnet,"gate 2 query-param audit (W-audit): missing from the original inventory (URLSearchParams/useSearchParams/@Query literal, not a symbol/prop declaration)"
api-query-param-expira,api,2,query-param,expira,expires,apps/api/src/controladores/anexos.ts:63,,no,,,approved,sonnet,"gate 2 query-param audit (W-audit): missing from the original inventory (URLSearchParams/useSearchParams/@Query literal, not a symbol/prop declaration)"
api-query-param-assinatura,api,2,query-param,assinatura,signature,apps/api/src/controladores/anexos.ts:64,,no,,,approved,sonnet,"gate 2 query-param audit (W-audit): missing from the original inventory (URLSearchParams/useSearchParams/@Query literal, not a symbol/prop declaration)"
