id,scope,slice,kind,old,new,declared_at,consumers,persisted,category,decision_ref,status,owner,notes
css-css-class-1e5b0e97,css,3,css-class,acoes-em-lote,actions-in-batch,apps/gestao-vite/src/estilos/globais.css:2656,1,no,,,approved,codex1,
css-css-class-b90a8313,css,3,css-class,acoes-erro,actions-error,apps/crm/src/app/globais.css:764,7,no,,,approved,codex1,
css-css-class-20b79978,css,3,css-class,an-aba--ativa,an-tab--active,apps/gestao-vite/src/paginas/fluxo/analise/analise.css:128,1,no,,,approved,codex1,
css-css-class-1a56ee36,css,3,css-class,an-aba--ativa,an-tab--active,apps/gestao-vite/src/paginas/fluxo/analise/analise.css:144,1,no,,,approved,codex1,
css-css-class-7ad52786,css,3,css-class,an-aba--ativa,an-tab--active,apps/gestao-vite/src/paginas/fluxo/analise/analise.css:161,1,no,,,approved,codex1,
css-css-class-d81f4a38,css,3,css-class,an-acoes,an-actions,apps/gestao-vite/src/paginas/fluxo/growth/growth.css:890,1,no,,,approved,codex1,
css-css-class-cd35750d,css,3,css-class,an-acoes,an-actions,apps/gestao-vite/src/paginas/fluxo/growth/growth.css:918,1,no,,,approved,codex1,
css-css-class-9361da30,css,3,css-class,an-cabecalho-secao,an-header-section,apps/gestao-vite/src/paginas/fluxo/analise/analise.css:201,1,no,,,approved,codex1,
css-css-class-b01739b5,css,3,css-class,an-ilustracao,an-illustration,apps/gestao-vite/src/paginas/fluxo/growth/growth.css:869,1,no,,,approved,codex1,
css-css-class-a1867e6b,css,3,css-class,an-painel--dashboard,an-panel--dashboard,apps/gestao-vite/src/paginas/fluxo/analise/analise.css:190,1,no,,,approved,codex1,"glossary-exception:painel-application (CSS panel component, not the module/route sense)"
css-css-class-959dd4c9,css,3,css-class,an-painel,an-panel,apps/gestao-vite/src/paginas/fluxo/analise/analise.css:186,2,no,,,approved,codex1,"glossary-exception:painel-application (CSS panel component, not the module/route sense)"
css-css-class-eeb8077c,css,3,css-class,an-periodo-aplicar,an-period-apply,apps/gestao-vite/src/paginas/fluxo/analise/analise.css:470,1,no,,,approved,codex1,
css-css-class-b82f6f5f,css,3,css-class,an-periodo-aplicar,an-period-apply,apps/gestao-vite/src/paginas/fluxo/analise/analise.css:490,1,no,,,approved,codex1,
css-css-class-9e99fcae,css,3,css-class,an-periodo-botoes,an-period-buttons,apps/gestao-vite/src/paginas/fluxo/analise/analise.css:463,1,no,,,approved,codex1,
css-css-class-5efd14c7,css,3,css-class,an-periodo-calendarios,an-period-calendars,apps/gestao-vite/src/paginas/fluxo/analise/analise.css:451,1,no,,,approved,codex1,
css-css-class-c98f4930,css,3,css-class,an-periodo-calendarios,an-period-calendars,apps/gestao-vite/src/paginas/fluxo/analise/analise.css:457,1,no,,,approved,codex1,
css-css-class-56022fc7,css,3,css-class,an-periodo-campos,an-period-fields,apps/gestao-vite/src/paginas/fluxo/analise/analise.css:397,1,no,,,approved,codex1,
css-css-class-3db5ef2f,css,3,css-class,an-periodo-campos,an-period-fields,apps/gestao-vite/src/paginas/fluxo/analise/analise.css:410,1,no,,,approved,codex1,
css-css-class-5db4827e,css,3,css-class,an-periodo-campos,an-period-fields,apps/gestao-vite/src/paginas/fluxo/analise/analise.css:411,1,no,,,approved,codex1,
css-css-class-867c6ff4,css,3,css-class,an-periodo-cancelar,an-period-cancel,apps/gestao-vite/src/paginas/fluxo/analise/analise.css:469,1,no,,,approved,codex1,
css-css-class-89e4a1ed,css,3,css-class,an-periodo-cancelar,an-period-cancel,apps/gestao-vite/src/paginas/fluxo/analise/analise.css:485,1,no,,,approved,codex1,
css-css-class-f3b59c76,css,3,css-class,an-periodo-data,an-period-data,apps/gestao-vite/src/paginas/fluxo/analise/analise.css:426,2,no,,,approved,codex1,
css-css-class-51649f93,css,3,css-class,an-periodo-icone,an-period-icon,apps/gestao-vite/src/paginas/fluxo/analise/analise.css:415,1,no,,,approved,codex1,
css-css-class-709578b7,css,3,css-class,an-periodo-painel,an-period-panel,apps/gestao-vite/src/paginas/fluxo/analise/analise.css:440,1,no,,,approved,codex1,"glossary-exception:painel-application (CSS panel component, not the module/route sense)"
css-css-class-2e53965e,css,3,css-class,an-periodo,an-period,apps/gestao-vite/src/paginas/fluxo/analise/analise.css:383,1,no,,,approved,codex1,
css-css-class-65b47445,css,3,css-class,an-periodo,an-period,apps/gestao-vite/src/paginas/fluxo/analise/analise.css:388,1,no,,,approved,codex1,
css-css-class-1691e863,css,3,css-class,an-periodo,an-period,apps/gestao-vite/src/paginas/fluxo/analise/analise.css:393,1,no,,,approved,codex1,
css-css-class-033a3cad,css,3,css-class,an-periodo,an-period,apps/gestao-vite/src/paginas/fluxo/analise/analise.css:411,1,no,,,approved,codex1,
css-css-class-7d1afa3d,css,3,css-class,at-casca,at-shell,apps/gestao-vite/src/paginas/operacao/atendimento.css:19,1,no,,,approved,codex1,
css-css-class-1a352a96,css,3,css-class,at-casca,at-shell,apps/gestao-vite/src/paginas/operacao/atendimento.css:295,1,no,,,approved,codex1,
css-css-class-359fb169,css,3,css-class,at-casca,at-shell,apps/gestao-vite/src/paginas/operacao/atendimento.css:35,1,no,,,approved,codex1,
css-css-class-981db862,css,3,css-class,at-casca,at-shell,apps/gestao-vite/src/paginas/operacao/atendimento.css:47,1,no,,,approved,codex1,
css-css-class-6d8155f2,css,3,css-class,at-filtro-gatilho,at-filter-trigger,apps/gestao-vite/src/paginas/operacao/atendimento.css:175,4,no,,,approved,codex1,
css-css-class-deca0b36,css,3,css-class,at-filtro-gatilho,at-filter-trigger,apps/gestao-vite/src/paginas/operacao/atendimento.css:189,4,no,,,approved,codex1,
css-css-class-f05f2108,css,3,css-class,at-filtro-gatilho,at-filter-trigger,apps/gestao-vite/src/paginas/operacao/atendimento.css:191,4,no,,,approved,codex1,
css-css-class-eec47431,css,3,css-class,at-filtro-gatilho,at-filter-trigger,apps/gestao-vite/src/paginas/operacao/atendimento.css:193,4,no,,,approved,codex1,
css-css-class-07f49e88,css,3,css-class,at-filtro-gatilho,at-filter-trigger,apps/gestao-vite/src/paginas/operacao/atendimento.css:195,4,no,,,approved,codex1,
css-css-class-cf9e8d1f,css,3,css-class,at-filtro,at-filter,apps/gestao-vite/src/paginas/operacao/atendimento.css:165,2,no,,,approved,codex1,
css-css-class-d5153627,css,3,css-class,at-sc-busca,at-sc-search,apps/gestao-vite/src/componentes/selecao-chips.css:111,1,no,,,approved,codex1,
css-css-class-960deb1f,css,3,css-class,at-sc-busca,at-sc-search,apps/gestao-vite/src/componentes/selecao-chips.css:93,1,no,,,approved,codex1,
css-css-class-5536ab54,css,3,css-class,at-sc-opcao-ativa,at-sc-option-active,apps/gestao-vite/src/componentes/selecao-chips.css:168,1,no,,,approved,codex1,
css-css-class-64ab50c4,css,3,css-class,at-sc-opcoes,at-sc-options,apps/gestao-vite/src/componentes/selecao-chips.css:136,1,no,,,approved,codex1,
css-css-class-8a4ec3c4,css,3,css-class,at-sc-opcoes,at-sc-options,apps/gestao-vite/src/componentes/selecao-chips.css:150,1,no,,,approved,codex1,
css-css-class-c04eead7,css,3,css-class,at-sc-opcoes,at-sc-options,apps/gestao-vite/src/componentes/selecao-chips.css:167,1,no,,,approved,codex1,
css-css-class-dc62540f,css,3,css-class,at-sc-opcoes,at-sc-options,apps/gestao-vite/src/componentes/selecao-chips.css:168,1,no,,,approved,codex1,
css-css-class-1ee3f54f,css,3,css-class,at-sc-opcoes,at-sc-options,apps/gestao-vite/src/componentes/selecao-chips.css:175,1,no,,,approved,codex1,
css-css-class-92bd99f0,css,3,css-class,at-sc-opcoes,at-sc-options,apps/gestao-vite/src/componentes/selecao-chips.css:181,1,no,,,approved,codex1,
css-css-class-f78dc56b,css,3,css-class,at-sc-vazio,at-sc-empty,apps/gestao-vite/src/componentes/selecao-chips.css:171,1,no,,,approved,codex1,
css-css-class-c90086dc,css,3,css-class,at-selecao-chips,at-selection-chips,apps/gestao-vite/src/componentes/selecao-chips.css:11,1,no,,,approved,codex1,
css-css-class-02b089eb,css,3,css-class,at-selecao-chips,at-selection-chips,apps/gestao-vite/src/componentes/selecao-chips.css:111,1,no,,,approved,codex1,
css-css-class-99a72060,css,3,css-class,at-selecao-chips,at-selection-chips,apps/gestao-vite/src/componentes/selecao-chips.css:115,1,no,,,approved,codex1,
css-css-class-f69d75ee,css,3,css-class,at-selecao-chips,at-selection-chips,apps/gestao-vite/src/componentes/selecao-chips.css:132,1,no,,,approved,codex1,
css-css-class-39243f7e,css,3,css-class,at-selecao-chips,at-selection-chips,apps/gestao-vite/src/componentes/selecao-chips.css:150,1,no,,,approved,codex1,
css-css-class-a54b372d,css,3,css-class,at-selecao-chips,at-selection-chips,apps/gestao-vite/src/componentes/selecao-chips.css:167,1,no,,,approved,codex1,
css-css-class-36205715,css,3,css-class,at-selecao-chips,at-selection-chips,apps/gestao-vite/src/componentes/selecao-chips.css:168,1,no,,,approved,codex1,
css-css-class-f8f1257d,css,3,css-class,at-selecao-chips,at-selection-chips,apps/gestao-vite/src/componentes/selecao-chips.css:18,1,no,,,approved,codex1,
css-css-class-6555010d,css,3,css-class,at-selecao-chips,at-selection-chips,apps/gestao-vite/src/componentes/selecao-chips.css:30,1,no,,,approved,codex1,
css-css-class-d7fd9980,css,3,css-class,at-selecao-chips,at-selection-chips,apps/gestao-vite/src/componentes/selecao-chips.css:33,1,no,,,approved,codex1,
css-css-class-4af9176f,css,3,css-class,at-selecao-chips,at-selection-chips,apps/gestao-vite/src/componentes/selecao-chips.css:51,1,no,,,approved,codex1,
css-css-class-2fc72d66,css,3,css-class,at-selecao-chips,at-selection-chips,apps/gestao-vite/src/componentes/selecao-chips.css:74,1,no,,,approved,codex1,
css-css-class-734c2182,css,3,css-class,at-selecao-chips,at-selection-chips,apps/gestao-vite/src/componentes/selecao-chips.css:93,1,no,,,approved,codex1,
css-css-class-35b44586,css,3,css-class,ativa,active,apps/gestao-vite/src/estilos/globais.css:1052,340,no,,,approved,codex1,
css-css-class-4dab431d,css,3,css-class,ativa,active,apps/gestao-vite/src/estilos/globais.css:1145,340,no,,,approved,codex1,
css-css-class-ef0902c7,css,3,css-class,ativa,active,apps/gestao-vite/src/estilos/globais.css:4658,340,no,,,approved,codex1,
css-css-class-cde86fcf,css,3,css-class,ativa,active,apps/gestao-vite/src/paginas/fluxo/growth/growth.css:172,340,no,,,approved,codex1,
css-css-class-d8b1232e,css,3,css-class,barra-selecao,bar-selection,apps/gestao-vite/src/estilos/globais.css:2364,1,no,,,approved,codex1,
css-css-class-b401c22f,css,3,css-class,barra-selecao,bar-selection,apps/gestao-vite/src/estilos/globais.css:2372,1,no,,,approved,codex1,
css-css-class-80369a45,css,3,css-class,barra-selecao,bar-selection,apps/gestao-vite/src/estilos/globais.css:2381,1,no,,,approved,codex1,
css-css-class-50397600,css,3,css-class,barra-selecao,bar-selection,apps/gestao-vite/src/estilos/globais.css:2402,1,no,,,approved,codex1,
css-css-class-48c13be8,css,3,css-class,barra-selecao,bar-selection,apps/gestao-vite/src/paginas/operacao/atendimento.css:145,1,no,,,approved,codex1,
css-css-class-c415051c,css,3,css-class,bl-acao--erro,bl-action--error,apps/gestao-vite/src/paginas/builder/editor.css:618,1,no,,,approved,codex1,
css-css-class-eb2c022d,css,3,css-class,bl-acoes-selecao,bl-actions-selection,apps/gestao-vite/src/paginas/builder/painel-bloco.css:437,1,no,,,approved,codex1,
css-css-class-d359102a,css,3,css-class,bl-acoes-selecao,bl-actions-selection,apps/gestao-vite/src/paginas/builder/painel-bloco.css:444,1,no,,,approved,codex1,
css-css-class-88b842b6,css,3,css-class,bl-adicionar-condicao,bl-add-condition,apps/gestao-vite/src/paginas/builder/editor.css:673,1,no,,,approved,codex1,
css-css-class-3326fd86,css,3,css-class,bl-adicionar-condicao,bl-add-condition,apps/gestao-vite/src/paginas/builder/editor.css:687,1,no,,,approved,codex1,
css-css-class-29c4043f,css,3,css-class,bl-adicionar-condicao,bl-add-condition,apps/gestao-vite/src/paginas/builder/editor.css:688,1,no,,,approved,codex1,
css-css-class-fc154827,css,3,css-class,bl-adicionar-condicao,bl-add-condition,apps/gestao-vite/src/paginas/builder/editor.css:696,1,no,,,approved,codex1,
css-css-class-716bee72,css,3,css-class,bl-adicionar-condicao,bl-add-condition,apps/gestao-vite/src/paginas/builder/editor.css:697,1,no,,,approved,codex1,
css-css-class-fe964088,css,3,css-class,bl-aviso--erro,bl-notice--error,apps/gestao-vite/src/paginas/builder.css:282,1,no,,,approved,codex1,
css-css-class-017351ce,css,3,css-class,bl-aviso--erro,bl-notice--error,apps/gestao-vite/src/paginas/builder.css:288,1,no,,,approved,codex1,
css-css-class-ca0d67da,css,3,css-class,bl-aviso--erro,bl-notice--error,apps/gestao-vite/src/paginas/builder.css:304,1,no,,,approved,codex1,
css-css-class-241cf163,css,3,css-class,bl-bloco--atendimento,bl-block--attendance,apps/gestao-vite/src/paginas/builder.css:340,0,no,,,approved,codex1,
css-css-class-8ca42dc2,css,3,css-class,bl-bloco--erro,bl-block--error,apps/gestao-vite/src/paginas/builder.css:344,0,no,,,approved,codex1,
css-css-class-37643334,css,3,css-class,bl-bloco--inicio,bl-block--start,apps/gestao-vite/src/paginas/builder.css:336,0,no,,,approved,codex1,
css-css-class-e478aa56,css,3,css-class,bl-bloco-espera,bl-block-wait,apps/gestao-vite/src/paginas/builder.css:367,0,no,,,approved,codex1,
css-css-class-a4fa04cf,css,3,css-class,bl-bloco-fala,bl-block-speech,apps/gestao-vite/src/paginas/builder.css:358,0,no,,,approved,codex1,
css-css-class-7814ac5c,css,3,css-class,bl-bloco,bl-block,apps/gestao-vite/src/paginas/builder.css:324,0,no,,,approved,codex1,
css-css-class-2a18f2fe,css,3,css-class,bl-bloco,bl-block,apps/gestao-vite/src/paginas/builder.css:349,0,no,,,approved,codex1,
css-css-class-f6576f98,css,3,css-class,bl-cabecalho-fileira,bl-header-row,apps/gestao-vite/src/paginas/builder/editor.css:733,1,no,,,approved,codex1,
css-css-class-4bc43d0f,css,3,css-class,bl-cabecalho-fileira,bl-header-row,apps/gestao-vite/src/paginas/builder/editor.css:738,1,no,,,approved,codex1,
css-css-class-1c988062,css,3,css-class,bl-cartao--apagado,bl-card--deleted,apps/gestao-vite/src/paginas/builder/editor.css:834,2,no,,,approved,codex1,
css-css-class-62f6cdfc,css,3,css-class,bl-cartao--cliente,bl-card--client,apps/gestao-vite/src/paginas/builder/editor.css:828,1,no,,,approved,codex1,
css-css-class-d5cc7f81,css,3,css-class,bl-cartao--cliente,bl-card--client,apps/gestao-vite/src/paginas/builder/painel-bloco.css:434,1,no,,,approved,codex1,
css-css-class-d5069d06,css,3,css-class,bl-cartao--robo,bl-card--bot,apps/gestao-vite/src/paginas/builder/editor.css:822,4,no,,,approved,codex1,
css-css-class-d2f728bd,css,3,css-class,bl-cartao,bl-card,apps/gestao-vite/src/paginas/builder/editor.css:804,5,no,,,approved,codex1,
css-css-class-ebe94b38,css,3,css-class,bl-cartao,bl-card,apps/gestao-vite/src/paginas/builder/editor.css:812,5,no,,,approved,codex1,
css-css-class-bb21e3b3,css,3,css-class,bl-cartao,bl-card,apps/gestao-vite/src/paginas/builder/editor.css:819,5,no,,,approved,codex1,
css-css-class-edecb8c7,css,3,css-class,bl-cartao,bl-card,apps/gestao-vite/src/paginas/builder/painel-bloco.css:391,5,no,,,approved,codex1,
css-css-class-e5b26f52,css,3,css-class,bl-cartao,bl-card,apps/gestao-vite/src/paginas/builder/painel-bloco.css:431,5,no,,,approved,codex1,
css-css-class-eed162e3,css,3,css-class,bl-condicao--erro,bl-condition--error,apps/gestao-vite/src/paginas/builder/editor.css:619,1,no,,,approved,codex1,
css-css-class-e9361d85,css,3,css-class,bl-condicao-campos,bl-condition-fields,apps/gestao-vite/src/paginas/builder/editor.css:660,1,no,,,approved,codex1,
css-css-class-3c078304,css,3,css-class,bl-condicao-campos,bl-condition-fields,apps/gestao-vite/src/paginas/builder/editor.css:666,1,no,,,approved,codex1,
css-css-class-2eb40230,css,3,css-class,bl-condicao-campos,bl-condition-fields,apps/gestao-vite/src/paginas/builder/editor.css:670,1,no,,,approved,codex1,
css-css-class-fcde93f3,css,3,css-class,bl-condicao-campos,bl-condition-fields,apps/gestao-vite/src/paginas/builder/editor.css:671,1,no,,,approved,codex1,
css-css-class-d7d90329,css,3,css-class,bl-condicao-campos,bl-condition-fields,apps/gestao-vite/src/paginas/builder/editor.css:672,1,no,,,approved,codex1,
css-css-class-1bec7dc7,css,3,css-class,bl-condicao-linha,bl-condition-line,apps/gestao-vite/src/paginas/builder/editor.css:649,1,no,,,approved,codex1,
css-css-class-57de7a3a,css,3,css-class,bl-condicao-linha,bl-condition-line,apps/gestao-vite/src/paginas/builder/editor.css:656,1,no,,,approved,codex1,
css-css-class-44ab6474,css,3,css-class,bl-condicao-linha,bl-condition-line,apps/gestao-vite/src/paginas/builder/painel-bloco.css:589,1,no,,,approved,codex1,
css-css-class-803188f1,css,3,css-class,bl-condicao-linha,bl-condition-line,apps/gestao-vite/src/paginas/builder/painel-bloco.css:595,1,no,,,approved,codex1,
css-css-class-3aea90f5,css,3,css-class,bl-condicao-operador,bl-condition-operator,apps/gestao-vite/src/paginas/builder/editor.css:700,1,no,,,approved,codex1,
css-css-class-40cd0c59,css,3,css-class,bl-condicao-se,bl-condition-if,apps/gestao-vite/src/paginas/builder/editor.css:476,1,no,,,approved,codex1,
css-css-class-721e204f,css,3,css-class,bl-condicao-se,bl-condition-if,apps/gestao-vite/src/paginas/builder/editor.css:666,1,no,,,approved,codex1,
css-css-class-80d02e9d,css,3,css-class,bl-condicao-se,bl-condition-if,apps/gestao-vite/src/paginas/builder/editor.css:704,1,no,,,approved,codex1,
css-css-class-b84c641c,css,3,css-class,bl-condicao-se,bl-condition-if,apps/gestao-vite/src/paginas/builder/painel-bloco.css:600,1,no,,,approved,codex1,
css-css-class-b4f70c5a,css,3,css-class,bl-condicao-valores,bl-condition-values,apps/gestao-vite/src/paginas/builder/editor.css:650,1,no,,,approved,codex1,
css-css-class-2ebb0614,css,3,css-class,bl-condicao-valores,bl-condition-values,apps/gestao-vite/src/paginas/builder/editor.css:657,1,no,,,approved,codex1,
css-css-class-843a1302,css,3,css-class,bl-condicao,bl-condition,apps/gestao-vite/src/paginas/builder/editor.css:590,0,no,,,approved,codex1,
css-css-class-a9d903a8,css,3,css-class,bl-condicao,bl-condition,apps/gestao-vite/src/paginas/builder/editor.css:605,0,no,,,approved,codex1,
css-css-class-e589c295,css,3,css-class,bl-condicao,bl-condition,apps/gestao-vite/src/paginas/builder/editor.css:794,0,no,,,approved,codex1,
css-css-class-cf95e62c,css,3,css-class,bl-condicao,bl-condition,apps/gestao-vite/src/paginas/builder/editor.css:795,0,no,,,approved,codex1,
css-css-class-f21b3ce7,css,3,css-class,bl-condicao,bl-condition,apps/gestao-vite/src/paginas/builder/editor.css:796,0,no,,,approved,codex1,
css-css-class-d6aeabb8,css,3,css-class,bl-condicao,bl-condition,apps/gestao-vite/src/paginas/builder/painel-bloco.css:583,0,no,,,approved,codex1,
css-css-class-5ad3eae6,css,3,css-class,bl-condicoes,bl-conditions,apps/gestao-vite/src/paginas/builder/editor.css:637,1,no,,,approved,codex1,
css-css-class-cc6b5cb1,css,3,css-class,bl-condicoes,bl-conditions,apps/gestao-vite/src/paginas/builder/painel-bloco.css:614,1,no,,,approved,codex1,
css-css-class-cc376858,css,3,css-class,bl-condicoes,bl-conditions,apps/gestao-vite/src/paginas/builder/painel-bloco.css:623,1,no,,,approved,codex1,
css-css-class-8dc2ed0f,css,3,css-class,bl-conteudo-bloco,bl-content-block,apps/gestao-vite/src/paginas/builder/painel-bloco.css:263,1,no,,,approved,codex1,
css-css-class-8609c19f,css,3,css-class,bl-conteudo-introducao,bl-content-introduction,apps/gestao-vite/src/paginas/builder/painel-bloco.css:272,2,no,,,approved,codex1,
css-css-class-c2237e71,css,3,css-class,bl-conteudo-introducao,bl-content-introduction,apps/gestao-vite/src/paginas/builder/painel-bloco.css:275,2,no,,,approved,codex1,
css-css-class-6379e42a,css,3,css-class,bl-conteudo-introducao,bl-content-introduction,apps/gestao-vite/src/paginas/builder/painel-bloco.css:280,2,no,,,approved,codex1,
css-css-class-0dd8fbaf,css,3,css-class,bl-conteudo-introducao,bl-content-introduction,apps/gestao-vite/src/paginas/builder/painel-bloco.css:285,2,no,,,approved,codex1,
css-css-class-fdd2c060,css,3,css-class,bl-conversa-conteudo,bl-conversation-content,apps/gestao-vite/src/paginas/builder/editor.css:799,1,no,,,approved,codex1,
css-css-class-99a23c15,css,3,css-class,bl-conversa,bl-conversation,apps/gestao-vite/src/paginas/builder.css:559,1,no,,,approved,codex1,
css-css-class-ad70323d,css,3,css-class,bl-disponibilidade,bl-availability,apps/gestao-vite/src/paginas/builder/painel-bloco.css:629,1,no,,,approved,codex1,
css-css-class-b7475393,css,3,css-class,bl-disponibilidade,bl-availability,apps/gestao-vite/src/paginas/builder/painel-bloco.css:633,1,no,,,approved,codex1,
css-css-class-2dc850b0,css,3,css-class,bl-disponibilidade,bl-availability,apps/gestao-vite/src/paginas/builder/painel-bloco.css:639,1,no,,,approved,codex1,
css-css-class-73b0610e,css,3,css-class,bl-erro-do-campo,bl-field-error,apps/gestao-vite/src/paginas/builder/editor.css:582,1,no,,,approved,codex1,
css-css-class-f18717ca,css,3,css-class,bl-erros--modal,bl-errors--modal,apps/gestao-vite/src/paginas/builder.css:308,1,no,,,approved,codex1,
css-css-class-b3aff58e,css,3,css-class,bl-erros,bl-errors,apps/gestao-vite/src/paginas/builder.css:293,5,no,,,approved,codex1,
css-css-class-772fd1da,css,3,css-class,bl-erros,bl-errors,apps/gestao-vite/src/paginas/builder.css:300,5,no,,,approved,codex1,
css-css-class-543d0959,css,3,css-class,bl-erros,bl-errors,apps/gestao-vite/src/paginas/builder.css:304,5,no,,,approved,codex1,
css-css-class-e8080aa6,css,3,css-class,bl-erros,bl-errors,apps/gestao-vite/src/paginas/builder/editor.css:487,5,no,,,approved,codex1,
css-css-class-70d7f17d,css,3,css-class,bl-filas-corpo,bl-queues-body,apps/gestao-vite/src/paginas/builder/editor.css:380,1,no,,,approved,codex1,
css-css-class-27f6a202,css,3,css-class,bl-menu-acoes-grupo,bl-menu-actions-group,apps/gestao-vite/src/paginas/builder/editor.css:312,2,no,,,approved,codex1,
css-css-class-c9f3d976,css,3,css-class,bl-menu-acoes-grupo,bl-menu-actions-group,apps/gestao-vite/src/paginas/builder/painel-bloco.css:536,2,no,,,approved,codex1,
css-css-class-6bf8dc97,css,3,css-class,bl-menu-acoes-grupo,bl-menu-actions-group,apps/gestao-vite/src/paginas/builder/painel-bloco.css:540,2,no,,,approved,codex1,
css-css-class-149b6ef2,css,3,css-class,bl-menu-acoes-grupo,bl-menu-actions-group,apps/gestao-vite/src/paginas/builder/painel-bloco.css:546,2,no,,,approved,codex1,
css-css-class-033afaed,css,3,css-class,bl-menu-acoes,bl-menu-actions,apps/gestao-vite/src/paginas/builder/editor.css:219,5,no,,,approved,codex1,
css-css-class-8c19a7e3,css,3,css-class,bl-menu-acoes,bl-menu-actions,apps/gestao-vite/src/paginas/builder/editor.css:238,5,no,,,approved,codex1,
css-css-class-6875602b,css,3,css-class,bl-menu-acoes,bl-menu-actions,apps/gestao-vite/src/paginas/builder/editor.css:248,5,no,,,approved,codex1,
css-css-class-82619dab,css,3,css-class,bl-menu-acoes,bl-menu-actions,apps/gestao-vite/src/paginas/builder/editor.css:273,5,no,,,approved,codex1,
css-css-class-8bed087a,css,3,css-class,bl-menu-acoes,bl-menu-actions,apps/gestao-vite/src/paginas/builder/editor.css:287,5,no,,,approved,codex1,
css-css-class-3e67991c,css,3,css-class,bl-menu-acoes,bl-menu-actions,apps/gestao-vite/src/paginas/builder/editor.css:308,5,no,,,approved,codex1,
css-css-class-25e6684a,css,3,css-class,bl-menu-acoes,bl-menu-actions,apps/gestao-vite/src/paginas/builder/painel-bloco.css:508,5,no,,,approved,codex1,
css-css-class-681ab832,css,3,css-class,bl-menu-acoes,bl-menu-actions,apps/gestao-vite/src/paginas/builder/painel-bloco.css:552,5,no,,,approved,codex1,
css-css-class-ba0b781c,css,3,css-class,bl-menu-contexto,bl-menu-context,apps/gestao-vite/src/paginas/builder/editor.css:217,2,no,,,approved,codex1,
css-css-class-6e050a0c,css,3,css-class,bl-menu-contexto,bl-menu-context,apps/gestao-vite/src/paginas/builder/editor.css:229,2,no,,,approved,codex1,
css-css-class-44c4297f,css,3,css-class,bl-menu-contexto,bl-menu-context,apps/gestao-vite/src/paginas/builder/editor.css:271,2,no,,,approved,codex1,
css-css-class-d75db819,css,3,css-class,bl-menu-contexto,bl-menu-context,apps/gestao-vite/src/paginas/builder/editor.css:285,2,no,,,approved,codex1,
css-css-class-2d11f4cc,css,3,css-class,bl-menu-contexto,bl-menu-context,apps/gestao-vite/src/paginas/builder/editor.css:290,2,no,,,approved,codex1,
css-css-class-45649684,css,3,css-class,bl-menu-contexto,bl-menu-context,apps/gestao-vite/src/paginas/builder/editor.css:300,2,no,,,approved,codex1,
css-css-class-62df3651,css,3,css-class,bl-menu-contexto,bl-menu-context,apps/gestao-vite/src/paginas/builder/editor.css:301,2,no,,,approved,codex1,
css-css-class-1b8a235f,css,3,css-class,bl-no--atendimento,bl-node--attendance,apps/gestao-vite/src/paginas/builder/editor.css:90,1,no,,,approved,codex1,
css-css-class-67264317,css,3,css-class,bl-no--erro,bl-node--error,apps/gestao-vite/src/paginas/builder/editor.css:95,1,no,,,approved,codex1,
css-css-class-0ce6ec4a,css,3,css-class,bl-no--fora-da-busca,bl-node--outside-search,apps/gestao-vite/src/paginas/builder/editor.css:77,1,no,,,approved,codex1,
css-css-class-006e0784,css,3,css-class,bl-no-erros,bl-node-errors,apps/gestao-vite/src/paginas/builder/editor.css:151,1,no,,,approved,codex1,
css-css-class-f7f8abea,css,3,css-class,bl-novo-bloco-cabecalho,bl-new-block-header,apps/gestao-vite/src/paginas/builder/editor.css:311,1,no,,,approved,codex1,
css-css-class-2bf74225,css,3,css-class,bl-novo-bloco-cabecalho,bl-new-block-header,apps/gestao-vite/src/paginas/builder/editor.css:317,1,no,,,approved,codex1,
css-css-class-16ac2ad2,css,3,css-class,bl-novo-bloco-cabecalho,bl-new-block-header,apps/gestao-vite/src/paginas/builder/editor.css:326,1,no,,,approved,codex1,
css-css-class-1a019129,css,3,css-class,bl-novo-bloco-item,bl-new-block-item,apps/gestao-vite/src/paginas/builder/editor.css:272,2,no,,,approved,codex1,
css-css-class-387354cf,css,3,css-class,bl-novo-bloco-item,bl-new-block-item,apps/gestao-vite/src/paginas/builder/editor.css:286,2,no,,,approved,codex1,
css-css-class-eab21795,css,3,css-class,bl-novo-bloco-item,bl-new-block-item,apps/gestao-vite/src/paginas/builder/editor.css:305,2,no,,,approved,codex1,
css-css-class-7d80bf43,css,3,css-class,bl-novo-bloco-item,bl-new-block-item,apps/gestao-vite/src/paginas/builder/editor.css:331,2,no,,,approved,codex1,
css-css-class-78c454be,css,3,css-class,bl-novo-bloco,bl-new-block,apps/gestao-vite/src/paginas/builder/editor.css:218,1,no,,,approved,codex1,
css-css-class-a36183f9,css,3,css-class,bl-novo-bloco,bl-new-block,apps/gestao-vite/src/paginas/builder/editor.css:255,1,no,,,approved,codex1,
css-css-class-89a70063,css,3,css-class,bl-novo-bloco,bl-new-block,apps/gestao-vite/src/paginas/builder/editor.css:339,1,no,,,approved,codex1,
css-css-class-2d2679a9,css,3,css-class,bl-opcoes,bl-options,apps/gestao-vite/src/paginas/builder/editor.css:639,1,no,,,approved,codex1,
css-css-class-1cb2b98e,css,3,css-class,bl-opcoes,bl-options,apps/gestao-vite/src/paginas/builder/editor.css:644,1,no,,,approved,codex1,
css-css-class-81b4e6b5,css,3,css-class,bl-painel--bloco,bl-panel--block,apps/gestao-vite/src/paginas/builder/painel-bloco.css:127,1,no,,,approved,codex1,"glossary-exception:painel-application (CSS panel component, not the module/route sense)"
css-css-class-42ddf1e4,css,3,css-class,bl-painel--bloco,bl-panel--block,apps/gestao-vite/src/paginas/builder/painel-bloco.css:130,1,no,,,approved,codex1,"glossary-exception:painel-application (CSS panel component, not the module/route sense)"
css-css-class-3fea1a72,css,3,css-class,bl-painel--bloco,bl-panel--block,apps/gestao-vite/src/paginas/builder/painel-bloco.css:133,1,no,,,approved,codex1,"glossary-exception:painel-application (CSS panel component, not the module/route sense)"
css-css-class-b395e25a,css,3,css-class,bl-painel--bloco,bl-panel--block,apps/gestao-vite/src/paginas/builder/painel-bloco.css:139,1,no,,,approved,codex1,"glossary-exception:painel-application (CSS panel component, not the module/route sense)"
css-css-class-b1762028,css,3,css-class,bl-painel--bloco,bl-panel--block,apps/gestao-vite/src/paginas/builder/painel-bloco.css:142,1,no,,,approved,codex1,"glossary-exception:painel-application (CSS panel component, not the module/route sense)"
css-css-class-7976ae34,css,3,css-class,bl-painel--bloco,bl-panel--block,apps/gestao-vite/src/paginas/builder/painel-bloco.css:145,1,no,,,approved,codex1,"glossary-exception:painel-application (CSS panel component, not the module/route sense)"
css-css-class-b7ff7393,css,3,css-class,bl-painel--bloco,bl-panel--block,apps/gestao-vite/src/paginas/builder/painel-bloco.css:148,1,no,,,approved,codex1,"glossary-exception:painel-application (CSS panel component, not the module/route sense)"
css-css-class-596932cb,css,3,css-class,bl-painel--bloco,bl-panel--block,apps/gestao-vite/src/paginas/builder/painel-bloco.css:151,1,no,,,approved,codex1,"glossary-exception:painel-application (CSS panel component, not the module/route sense)"
css-css-class-f97431ab,css,3,css-class,bl-painel--bloco,bl-panel--block,apps/gestao-vite/src/paginas/builder/painel-bloco.css:159,1,no,,,approved,codex1,"glossary-exception:painel-application (CSS panel component, not the module/route sense)"
css-css-class-dd7a82eb,css,3,css-class,bl-painel--bloco,bl-panel--block,apps/gestao-vite/src/paginas/builder/painel-bloco.css:165,1,no,,,approved,codex1,"glossary-exception:painel-application (CSS panel component, not the module/route sense)"
css-css-class-a78481a7,css,3,css-class,bl-painel--bloco,bl-panel--block,apps/gestao-vite/src/paginas/builder/painel-bloco.css:169,1,no,,,approved,codex1,"glossary-exception:painel-application (CSS panel component, not the module/route sense)"
css-css-class-7664844b,css,3,css-class,bl-painel--bloco,bl-panel--block,apps/gestao-vite/src/paginas/builder/painel-bloco.css:174,1,no,,,approved,codex1,"glossary-exception:painel-application (CSS panel component, not the module/route sense)"
css-css-class-303b404e,css,3,css-class,bl-painel--bloco,bl-panel--block,apps/gestao-vite/src/paginas/builder/painel-bloco.css:177,1,no,,,approved,codex1,"glossary-exception:painel-application (CSS panel component, not the module/route sense)"
css-css-class-f7b9f859,css,3,css-class,bl-painel--bloco,bl-panel--block,apps/gestao-vite/src/paginas/builder/painel-bloco.css:180,1,no,,,approved,codex1,"glossary-exception:painel-application (CSS panel component, not the module/route sense)"
css-css-class-6dc3f076,css,3,css-class,bl-painel--bloco,bl-panel--block,apps/gestao-vite/src/paginas/builder/painel-bloco.css:181,1,no,,,approved,codex1,"glossary-exception:painel-application (CSS panel component, not the module/route sense)"
css-css-class-7e57bc5a,css,3,css-class,bl-painel--bloco,bl-panel--block,apps/gestao-vite/src/paginas/builder/painel-bloco.css:182,1,no,,,approved,codex1,"glossary-exception:painel-application (CSS panel component, not the module/route sense)"
css-css-class-c85d1d8a,css,3,css-class,bl-painel--bloco,bl-panel--block,apps/gestao-vite/src/paginas/builder/painel-bloco.css:185,1,no,,,approved,codex1,"glossary-exception:painel-application (CSS panel component, not the module/route sense)"
css-css-class-83e04f50,css,3,css-class,bl-painel--bloco,bl-panel--block,apps/gestao-vite/src/paginas/builder/painel-bloco.css:215,1,no,,,approved,codex1,"glossary-exception:painel-application (CSS panel component, not the module/route sense)"
css-css-class-0051ff02,css,3,css-class,bl-painel--bloco,bl-panel--block,apps/gestao-vite/src/paginas/builder/painel-bloco.css:219,1,no,,,approved,codex1,"glossary-exception:painel-application (CSS panel component, not the module/route sense)"
css-css-class-6dc7809a,css,3,css-class,bl-painel--bloco,bl-panel--block,apps/gestao-vite/src/paginas/builder/painel-bloco.css:231,1,no,,,approved,codex1,"glossary-exception:painel-application (CSS panel component, not the module/route sense)"
css-css-class-20aa0d06,css,3,css-class,bl-painel--bloco,bl-panel--block,apps/gestao-vite/src/paginas/builder/painel-bloco.css:234,1,no,,,approved,codex1,"glossary-exception:painel-application (CSS panel component, not the module/route sense)"
css-css-class-15c67595,css,3,css-class,bl-painel--bloco,bl-panel--block,apps/gestao-vite/src/paginas/builder/painel-bloco.css:238,1,no,,,approved,codex1,"glossary-exception:painel-application (CSS panel component, not the module/route sense)"
css-css-class-a07cd881,css,3,css-class,bl-painel--bloco,bl-panel--block,apps/gestao-vite/src/paginas/builder/painel-bloco.css:239,1,no,,,approved,codex1,"glossary-exception:painel-application (CSS panel component, not the module/route sense)"
css-css-class-a17b3468,css,3,css-class,bl-painel--bloco,bl-panel--block,apps/gestao-vite/src/paginas/builder/painel-bloco.css:240,1,no,,,approved,codex1,"glossary-exception:painel-application (CSS panel component, not the module/route sense)"
css-css-class-ebaa15f1,css,3,css-class,bl-painel--bloco,bl-panel--block,apps/gestao-vite/src/paginas/builder/painel-bloco.css:244,1,no,,,approved,codex1,"glossary-exception:painel-application (CSS panel component, not the module/route sense)"
css-css-class-c8431def,css,3,css-class,bl-painel--bloco,bl-panel--block,apps/gestao-vite/src/paginas/builder/painel-bloco.css:245,1,no,,,approved,codex1,"glossary-exception:painel-application (CSS panel component, not the module/route sense)"
css-css-class-d01fc47a,css,3,css-class,bl-painel--bloco,bl-panel--block,apps/gestao-vite/src/paginas/builder/painel-bloco.css:246,1,no,,,approved,codex1,"glossary-exception:painel-application (CSS panel component, not the module/route sense)"
css-css-class-5e0e61da,css,3,css-class,bl-painel--bloco,bl-panel--block,apps/gestao-vite/src/paginas/builder/painel-bloco.css:252,1,no,,,approved,codex1,"glossary-exception:painel-application (CSS panel component, not the module/route sense)"
css-css-class-eee23e88,css,3,css-class,bl-painel--bloco,bl-panel--block,apps/gestao-vite/src/paginas/builder/painel-bloco.css:253,1,no,,,approved,codex1,"glossary-exception:painel-application (CSS panel component, not the module/route sense)"
css-css-class-6e2b103a,css,3,css-class,bl-painel--bloco,bl-panel--block,apps/gestao-vite/src/paginas/builder/painel-bloco.css:257,1,no,,,approved,codex1,"glossary-exception:painel-application (CSS panel component, not the module/route sense)"
css-css-class-77e06add,css,3,css-class,bl-painel--bloco,bl-panel--block,apps/gestao-vite/src/paginas/builder/painel-bloco.css:260,1,no,,,approved,codex1,"glossary-exception:painel-application (CSS panel component, not the module/route sense)"
css-css-class-a4581b4f,css,3,css-class,bl-painel--bloco,bl-panel--block,apps/gestao-vite/src/paginas/builder/painel-bloco.css:356,1,no,,,approved,codex1,"glossary-exception:painel-application (CSS panel component, not the module/route sense)"
css-css-class-70831a9e,css,3,css-class,bl-painel--bloco,bl-panel--block,apps/gestao-vite/src/paginas/builder/painel-bloco.css:36,1,no,,,approved,codex1,"glossary-exception:painel-application (CSS panel component, not the module/route sense)"
css-css-class-9412ee23,css,3,css-class,bl-painel--bloco,bl-panel--block,apps/gestao-vite/src/paginas/builder/painel-bloco.css:363,1,no,,,approved,codex1,"glossary-exception:painel-application (CSS panel component, not the module/route sense)"
css-css-class-97c6ae3e,css,3,css-class,bl-painel--bloco,bl-panel--block,apps/gestao-vite/src/paginas/builder/painel-bloco.css:37,1,no,,,approved,codex1,"glossary-exception:painel-application (CSS panel component, not the module/route sense)"
css-css-class-0de5ab84,css,3,css-class,bl-painel--bloco,bl-panel--block,apps/gestao-vite/src/paginas/builder/painel-bloco.css:38,1,no,,,approved,codex1,"glossary-exception:painel-application (CSS panel component, not the module/route sense)"
css-css-class-7b08120a,css,3,css-class,bl-painel--bloco,bl-panel--block,apps/gestao-vite/src/paginas/builder/painel-bloco.css:381,1,no,,,approved,codex1,"glossary-exception:painel-application (CSS panel component, not the module/route sense)"
css-css-class-fdd307b7,css,3,css-class,bl-painel--bloco,bl-panel--block,apps/gestao-vite/src/paginas/builder/painel-bloco.css:391,1,no,,,approved,codex1,"glossary-exception:painel-application (CSS panel component, not the module/route sense)"
css-css-class-b213b7a1,css,3,css-class,bl-painel--bloco,bl-panel--block,apps/gestao-vite/src/paginas/builder/painel-bloco.css:398,1,no,,,approved,codex1,"glossary-exception:painel-application (CSS panel component, not the module/route sense)"
css-css-class-1afbe8d6,css,3,css-class,bl-painel--bloco,bl-panel--block,apps/gestao-vite/src/paginas/builder/painel-bloco.css:41,1,no,,,approved,codex1,"glossary-exception:painel-application (CSS panel component, not the module/route sense)"
css-css-class-3174cd65,css,3,css-class,bl-painel--bloco,bl-panel--block,apps/gestao-vite/src/paginas/builder/painel-bloco.css:427,1,no,,,approved,codex1,"glossary-exception:painel-application (CSS panel component, not the module/route sense)"
css-css-class-7c28d44e,css,3,css-class,bl-painel--bloco,bl-panel--block,apps/gestao-vite/src/paginas/builder/painel-bloco.css:434,1,no,,,approved,codex1,"glossary-exception:painel-application (CSS panel component, not the module/route sense)"
css-css-class-5faed4c9,css,3,css-class,bl-painel--bloco,bl-panel--block,apps/gestao-vite/src/paginas/builder/painel-bloco.css:449,1,no,,,approved,codex1,"glossary-exception:painel-application (CSS panel component, not the module/route sense)"
css-css-class-bd19cdf5,css,3,css-class,bl-painel--bloco,bl-panel--block,apps/gestao-vite/src/paginas/builder/painel-bloco.css:45,1,no,,,approved,codex1,"glossary-exception:painel-application (CSS panel component, not the module/route sense)"
css-css-class-6a472811,css,3,css-class,bl-painel--bloco,bl-panel--block,apps/gestao-vite/src/paginas/builder/painel-bloco.css:450,1,no,,,approved,codex1,"glossary-exception:painel-application (CSS panel component, not the module/route sense)"
css-css-class-b22ba550,css,3,css-class,bl-painel--bloco,bl-panel--block,apps/gestao-vite/src/paginas/builder/painel-bloco.css:466,1,no,,,approved,codex1,"glossary-exception:painel-application (CSS panel component, not the module/route sense)"
css-css-class-349f91cc,css,3,css-class,bl-painel--bloco,bl-panel--block,apps/gestao-vite/src/paginas/builder/painel-bloco.css:473,1,no,,,approved,codex1,"glossary-exception:painel-application (CSS panel component, not the module/route sense)"
css-css-class-7ea31438,css,3,css-class,bl-painel--bloco,bl-panel--block,apps/gestao-vite/src/paginas/builder/painel-bloco.css:477,1,no,,,approved,codex1,"glossary-exception:painel-application (CSS panel component, not the module/route sense)"
css-css-class-68eda01a,css,3,css-class,bl-painel--bloco,bl-panel--block,apps/gestao-vite/src/paginas/builder/painel-bloco.css:502,1,no,,,approved,codex1,"glossary-exception:painel-application (CSS panel component, not the module/route sense)"
css-css-class-40f686a6,css,3,css-class,bl-painel--bloco,bl-panel--block,apps/gestao-vite/src/paginas/builder/painel-bloco.css:508,1,no,,,approved,codex1,"glossary-exception:painel-application (CSS panel component, not the module/route sense)"
css-css-class-aed167e6,css,3,css-class,bl-painel--bloco,bl-panel--block,apps/gestao-vite/src/paginas/builder/painel-bloco.css:516,1,no,,,approved,codex1,"glossary-exception:painel-application (CSS panel component, not the module/route sense)"
css-css-class-701eede4,css,3,css-class,bl-painel--bloco,bl-panel--block,apps/gestao-vite/src/paginas/builder/painel-bloco.css:531,1,no,,,approved,codex1,"glossary-exception:painel-application (CSS panel component, not the module/route sense)"
css-css-class-3ee6dbc0,css,3,css-class,bl-painel--bloco,bl-panel--block,apps/gestao-vite/src/paginas/builder/painel-bloco.css:536,1,no,,,approved,codex1,"glossary-exception:painel-application (CSS panel component, not the module/route sense)"
css-css-class-156f6046,css,3,css-class,bl-painel--bloco,bl-panel--block,apps/gestao-vite/src/paginas/builder/painel-bloco.css:540,1,no,,,approved,codex1,"glossary-exception:painel-application (CSS panel component, not the module/route sense)"
css-css-class-506b0db7,css,3,css-class,bl-painel--bloco,bl-panel--block,apps/gestao-vite/src/paginas/builder/painel-bloco.css:546,1,no,,,approved,codex1,"glossary-exception:painel-application (CSS panel component, not the module/route sense)"
css-css-class-5e3b0a74,css,3,css-class,bl-painel--bloco,bl-panel--block,apps/gestao-vite/src/paginas/builder/painel-bloco.css:552,1,no,,,approved,codex1,"glossary-exception:painel-application (CSS panel component, not the module/route sense)"
css-css-class-e127df15,css,3,css-class,bl-painel--bloco,bl-panel--block,apps/gestao-vite/src/paginas/builder/painel-bloco.css:556,1,no,,,approved,codex1,"glossary-exception:painel-application (CSS panel component, not the module/route sense)"
css-css-class-1e9498be,css,3,css-class,bl-painel--bloco,bl-panel--block,apps/gestao-vite/src/paginas/builder/painel-bloco.css:56,1,no,,,approved,codex1,"glossary-exception:painel-application (CSS panel component, not the module/route sense)"
css-css-class-d0d3cfed,css,3,css-class,bl-painel--bloco,bl-panel--block,apps/gestao-vite/src/paginas/builder/painel-bloco.css:563,1,no,,,approved,codex1,"glossary-exception:painel-application (CSS panel component, not the module/route sense)"
css-css-class-a453a02c,css,3,css-class,bl-painel--bloco,bl-panel--block,apps/gestao-vite/src/paginas/builder/painel-bloco.css:566,1,no,,,approved,codex1,"glossary-exception:painel-application (CSS panel component, not the module/route sense)"
css-css-class-e0bc5ba1,css,3,css-class,bl-painel--bloco,bl-panel--block,apps/gestao-vite/src/paginas/builder/painel-bloco.css:572,1,no,,,approved,codex1,"glossary-exception:painel-application (CSS panel component, not the module/route sense)"
css-css-class-af00a3d9,css,3,css-class,bl-painel--bloco,bl-panel--block,apps/gestao-vite/src/paginas/builder/painel-bloco.css:576,1,no,,,approved,codex1,"glossary-exception:painel-application (CSS panel component, not the module/route sense)"
css-css-class-3dd967f1,css,3,css-class,bl-painel--bloco,bl-panel--block,apps/gestao-vite/src/paginas/builder/painel-bloco.css:579,1,no,,,approved,codex1,"glossary-exception:painel-application (CSS panel component, not the module/route sense)"
css-css-class-96c84519,css,3,css-class,bl-painel--bloco,bl-panel--block,apps/gestao-vite/src/paginas/builder/painel-bloco.css:580,1,no,,,approved,codex1,"glossary-exception:painel-application (CSS panel component, not the module/route sense)"
css-css-class-2bbbf490,css,3,css-class,bl-painel--bloco,bl-panel--block,apps/gestao-vite/src/paginas/builder/painel-bloco.css:583,1,no,,,approved,codex1,"glossary-exception:painel-application (CSS panel component, not the module/route sense)"
css-css-class-39514e46,css,3,css-class,bl-painel--bloco,bl-panel--block,apps/gestao-vite/src/paginas/builder/painel-bloco.css:589,1,no,,,approved,codex1,"glossary-exception:painel-application (CSS panel component, not the module/route sense)"
css-css-class-5c20026c,css,3,css-class,bl-painel--bloco,bl-panel--block,apps/gestao-vite/src/paginas/builder/painel-bloco.css:59,1,no,,,approved,codex1,"glossary-exception:painel-application (CSS panel component, not the module/route sense)"
css-css-class-52826d42,css,3,css-class,bl-painel--bloco,bl-panel--block,apps/gestao-vite/src/paginas/builder/painel-bloco.css:595,1,no,,,approved,codex1,"glossary-exception:painel-application (CSS panel component, not the module/route sense)"
css-css-class-c6094ce1,css,3,css-class,bl-painel--bloco,bl-panel--block,apps/gestao-vite/src/paginas/builder/painel-bloco.css:600,1,no,,,approved,codex1,"glossary-exception:painel-application (CSS panel component, not the module/route sense)"
css-css-class-a5073e3e,css,3,css-class,bl-painel--bloco,bl-panel--block,apps/gestao-vite/src/paginas/builder/painel-bloco.css:604,1,no,,,approved,codex1,"glossary-exception:painel-application (CSS panel component, not the module/route sense)"
css-css-class-db61dee6,css,3,css-class,bl-painel--bloco,bl-panel--block,apps/gestao-vite/src/paginas/builder/painel-bloco.css:610,1,no,,,approved,codex1,"glossary-exception:painel-application (CSS panel component, not the module/route sense)"
css-css-class-6c4bbd80,css,3,css-class,bl-painel--bloco,bl-panel--block,apps/gestao-vite/src/paginas/builder/painel-bloco.css:614,1,no,,,approved,codex1,"glossary-exception:painel-application (CSS panel component, not the module/route sense)"
css-css-class-7679c5f0,css,3,css-class,bl-painel--bloco,bl-panel--block,apps/gestao-vite/src/paginas/builder/painel-bloco.css:623,1,no,,,approved,codex1,"glossary-exception:painel-application (CSS panel component, not the module/route sense)"
css-css-class-ada9678a,css,3,css-class,bl-painel--bloco,bl-panel--block,apps/gestao-vite/src/paginas/builder/painel-bloco.css:628,1,no,,,approved,codex1,"glossary-exception:painel-application (CSS panel component, not the module/route sense)"
css-css-class-6e1656a2,css,3,css-class,bl-painel--bloco,bl-panel--block,apps/gestao-vite/src/paginas/builder/painel-bloco.css:72,1,no,,,approved,codex1,"glossary-exception:painel-application (CSS panel component, not the module/route sense)"
css-css-class-4c7ccd94,css,3,css-class,bl-painel--bloco,bl-panel--block,apps/gestao-vite/src/paginas/builder/painel-bloco.css:76,1,no,,,approved,codex1,"glossary-exception:painel-application (CSS panel component, not the module/route sense)"
css-css-class-1e2b6977,css,3,css-class,bl-painel--bloco,bl-panel--block,apps/gestao-vite/src/paginas/builder/painel-bloco.css:80,1,no,,,approved,codex1,"glossary-exception:painel-application (CSS panel component, not the module/route sense)"
css-css-class-bd0494c8,css,3,css-class,bl-painel--bloco,bl-panel--block,apps/gestao-vite/src/paginas/builder/painel-bloco.css:88,1,no,,,approved,codex1,"glossary-exception:painel-application (CSS panel component, not the module/route sense)"
css-css-class-dc632904,css,3,css-class,bl-painel--bloco,bl-panel--block,apps/gestao-vite/src/paginas/builder/painel-bloco.css:9,1,no,,,approved,codex1,"glossary-exception:painel-application (CSS panel component, not the module/route sense)"
css-css-class-7df7f1d5,css,3,css-class,bl-painel--bloco,bl-panel--block,apps/gestao-vite/src/paginas/builder/painel-bloco.css:95,1,no,,,approved,codex1,"glossary-exception:painel-application (CSS panel component, not the module/route sense)"
css-css-class-a8f18e8d,css,3,css-class,bl-painel--configuracao,bl-panel--settings,apps/gestao-vite/src/paginas/builder/editor.css:394,1,no,,,approved,codex1,"glossary-exception:painel-application (CSS panel component, not the module/route sense)"
css-css-class-31439bbc,css,3,css-class,bl-painel--configuracao,bl-panel--settings,apps/gestao-vite/src/paginas/builder/editor.css:397,1,no,,,approved,codex1,"glossary-exception:painel-application (CSS panel component, not the module/route sense)"
css-css-class-3df64b5b,css,3,css-class,bl-painel--esquerda,bl-panel--left,apps/gestao-vite/src/paginas/builder/editor.css:374,1,no,,,approved,codex1,"glossary-exception:painel-application (CSS panel component, not the module/route sense)"
css-css-class-c861956e,css,3,css-class,bl-painel-adicionar-tag,bl-panel-add-tag,apps/gestao-vite/src/paginas/builder/editor.css:444,1,no,,,approved,codex1,"glossary-exception:painel-application (CSS panel component, not the module/route sense)"
css-css-class-0de5f5bc,css,3,css-class,bl-painel-adicionar-tag,bl-panel-add-tag,apps/gestao-vite/src/paginas/builder/editor.css:454,1,no,,,approved,codex1,"glossary-exception:painel-application (CSS panel component, not the module/route sense)"
css-css-class-48a2139c,css,3,css-class,bl-painel-adicionar-tag,bl-panel-add-tag,apps/gestao-vite/src/paginas/builder/editor.css:455,1,no,,,approved,codex1,"glossary-exception:painel-application (CSS panel component, not the module/route sense)"
css-css-class-471cf285,css,3,css-class,bl-painel-adicionar-tag,bl-panel-add-tag,apps/gestao-vite/src/paginas/builder/painel-bloco.css:127,1,no,,,approved,codex1,"glossary-exception:painel-application (CSS panel component, not the module/route sense)"
css-css-class-c5921541,css,3,css-class,bl-painel-adicionar-tag,bl-panel-add-tag,apps/gestao-vite/src/paginas/builder/painel-bloco.css:130,1,no,,,approved,codex1,"glossary-exception:painel-application (CSS panel component, not the module/route sense)"
css-css-class-653a514a,css,3,css-class,bl-painel-adicionar-tag,bl-panel-add-tag,apps/gestao-vite/src/paginas/builder/painel-bloco.css:88,1,no,,,approved,codex1,"glossary-exception:painel-application (CSS panel component, not the module/route sense)"
css-css-class-aeb5e3fa,css,3,css-class,bl-painel-cabecalho,bl-panel-header,apps/gestao-vite/src/paginas/builder/editor.css:387,4,no,,,approved,codex1,"glossary-exception:painel-application (CSS panel component, not the module/route sense)"
css-css-class-3495a150,css,3,css-class,bl-painel-cabecalho,bl-panel-header,apps/gestao-vite/src/paginas/builder/editor.css:394,4,no,,,approved,codex1,"glossary-exception:painel-application (CSS panel component, not the module/route sense)"
css-css-class-5de37a34,css,3,css-class,bl-painel-cabecalho,bl-panel-header,apps/gestao-vite/src/paginas/builder/painel-bloco.css:41,4,no,,,approved,codex1,"glossary-exception:painel-application (CSS panel component, not the module/route sense)"
css-css-class-3406c461,css,3,css-class,bl-painel-corpo--saidas,bl-panel-body--outputs,apps/gestao-vite/src/paginas/builder/painel-bloco.css:174,0,no,,,approved,codex1,"glossary-exception:painel-application (CSS panel component, not the module/route sense)"
css-css-class-1ba44153,css,3,css-class,bl-painel-corpo,bl-panel-body,apps/gestao-vite/src/paginas/builder/editor.css:456,4,no,,,approved,codex1,"glossary-exception:painel-application (CSS panel component, not the module/route sense)"
css-css-class-3300a548,css,3,css-class,bl-painel-corpo,bl-panel-body,apps/gestao-vite/src/paginas/builder/editor.css:463,4,no,,,approved,codex1,"glossary-exception:painel-application (CSS panel component, not the module/route sense)"
css-css-class-010b91f2,css,3,css-class,bl-painel-corpo,bl-panel-body,apps/gestao-vite/src/paginas/builder/editor.css:466,4,no,,,approved,codex1,"glossary-exception:painel-application (CSS panel component, not the module/route sense)"
css-css-class-6d8a5e2a,css,3,css-class,bl-painel-corpo,bl-panel-body,apps/gestao-vite/src/paginas/builder/painel-bloco.css:142,4,no,,,approved,codex1,"glossary-exception:painel-application (CSS panel component, not the module/route sense)"
css-css-class-b2cb4efa,css,3,css-class,bl-painel-corpo,bl-panel-body,apps/gestao-vite/src/paginas/builder/painel-bloco.css:145,4,no,,,approved,codex1,"glossary-exception:painel-application (CSS panel component, not the module/route sense)"
css-css-class-4bbf86da,css,3,css-class,bl-painel-corpo,bl-panel-body,apps/gestao-vite/src/paginas/builder/painel-bloco.css:148,4,no,,,approved,codex1,"glossary-exception:painel-application (CSS panel component, not the module/route sense)"
css-css-class-1ac7d48b,css,3,css-class,bl-painel-corpo,bl-panel-body,apps/gestao-vite/src/paginas/builder/painel-bloco.css:169,4,no,,,approved,codex1,"glossary-exception:painel-application (CSS panel component, not the module/route sense)"
css-css-class-ffa9f64b,css,3,css-class,bl-painel-erros,bl-panel-errors,apps/gestao-vite/src/paginas/builder/editor.css:486,1,no,,,approved,codex1,"glossary-exception:painel-application (CSS panel component, not the module/route sense)"
css-css-class-768fe0d4,css,3,css-class,bl-painel-fio,bl-panel-wire,apps/gestao-vite/src/paginas/builder/editor.css:339,5,no,,,approved,codex1,"glossary-exception:painel-application (CSS panel component, not the module/route sense)"
css-css-class-b346d85b,css,3,css-class,bl-painel-fio,bl-panel-wire,apps/gestao-vite/src/paginas/builder/editor.css:495,5,no,,,approved,codex1,"glossary-exception:painel-application (CSS panel component, not the module/route sense)"
css-css-class-b79ea6de,css,3,css-class,bl-painel-fio,bl-panel-wire,apps/gestao-vite/src/paginas/builder/painel-bloco.css:133,5,no,,,approved,codex1,"glossary-exception:painel-application (CSS panel component, not the module/route sense)"
css-css-class-0919bc85,css,3,css-class,bl-painel-id,bl-panel-id,apps/gestao-vite/src/paginas/builder/editor.css:421,0,no,,,approved,codex1,"glossary-exception:painel-application (CSS panel component, not the module/route sense)"
css-css-class-33d88355,css,3,css-class,bl-painel-id,bl-panel-id,apps/gestao-vite/src/paginas/builder/editor.css:473,0,no,,,approved,codex1,"glossary-exception:painel-application (CSS panel component, not the module/route sense)"
css-css-class-ef831300,css,3,css-class,bl-painel-tag,bl-panel-tag,apps/gestao-vite/src/paginas/builder/editor.css:431,1,no,,,approved,codex1,"glossary-exception:painel-application (CSS panel component, not the module/route sense)"
css-css-class-f6f9331d,css,3,css-class,bl-painel-tag,bl-panel-tag,apps/gestao-vite/src/paginas/builder/editor.css:443,1,no,,,approved,codex1,"glossary-exception:painel-application (CSS panel component, not the module/route sense)"
css-css-class-c40e222c,css,3,css-class,bl-painel-tag,bl-panel-tag,apps/gestao-vite/src/paginas/builder/painel-bloco.css:95,1,no,,,approved,codex1,"glossary-exception:painel-application (CSS panel component, not the module/route sense)"
css-css-class-52da1869,css,3,css-class,bl-painel-tag,bl-panel-tag,apps/gestao-vite/src/paginas/builder/painel-bloco.css:98,1,no,,,approved,codex1,"glossary-exception:painel-application (CSS panel component, not the module/route sense)"
css-css-class-f0c17f07,css,3,css-class,bl-painel-tags,bl-panel-tags,apps/gestao-vite/src/paginas/builder/editor.css:425,1,no,,,approved,codex1,"glossary-exception:painel-application (CSS panel component, not the module/route sense)"
css-css-class-e6c31626,css,3,css-class,bl-painel-tags,bl-panel-tags,apps/gestao-vite/src/paginas/builder/painel-bloco.css:80,1,no,,,approved,codex1,"glossary-exception:painel-application (CSS panel component, not the module/route sense)"
css-css-class-884be331,css,3,css-class,bl-painel-tags,bl-panel-tags,apps/gestao-vite/src/paginas/builder/painel-bloco.css:88,1,no,,,approved,codex1,"glossary-exception:painel-application (CSS panel component, not the module/route sense)"
css-css-class-af4526a0,css,3,css-class,bl-painel-titulo,bl-panel-title,apps/gestao-vite/src/paginas/builder/editor.css:397,3,no,,,approved,codex1,"glossary-exception:painel-application (CSS panel component, not the module/route sense)"
css-css-class-5c6672c7,css,3,css-class,bl-painel-titulo,bl-panel-title,apps/gestao-vite/src/paginas/builder/editor.css:404,3,no,,,approved,codex1,"glossary-exception:painel-application (CSS panel component, not the module/route sense)"
css-css-class-00cb373b,css,3,css-class,bl-painel-titulo,bl-panel-title,apps/gestao-vite/src/paginas/builder/editor.css:417,3,no,,,approved,codex1,"glossary-exception:painel-application (CSS panel component, not the module/route sense)"
css-css-class-9ab6cbb1,css,3,css-class,bl-painel,bl-panel,apps/gestao-vite/src/paginas/builder/editor.css:238,4,no,,,approved,codex1,"glossary-exception:painel-application (CSS panel component, not the module/route sense)"
css-css-class-3e78fdde,css,3,css-class,bl-painel,bl-panel,apps/gestao-vite/src/paginas/builder/editor.css:248,4,no,,,approved,codex1,"glossary-exception:painel-application (CSS panel component, not the module/route sense)"
css-css-class-3033f45c,css,3,css-class,bl-painel,bl-panel,apps/gestao-vite/src/paginas/builder/editor.css:308,4,no,,,approved,codex1,"glossary-exception:painel-application (CSS panel component, not the module/route sense)"
css-css-class-26d8b0da,css,3,css-class,bl-painel,bl-panel,apps/gestao-vite/src/paginas/builder/editor.css:356,4,no,,,approved,codex1,"glossary-exception:painel-application (CSS panel component, not the module/route sense)"
css-css-class-4ffc0c5e,css,3,css-class,bl-painel,bl-panel,apps/gestao-vite/src/paginas/builder/editor.css:470,4,no,,,approved,codex1,"glossary-exception:painel-application (CSS panel component, not the module/route sense)"
css-css-class-9d80f613,css,3,css-class,bl-painel,bl-panel,apps/gestao-vite/src/paginas/builder/editor.css:471,4,no,,,approved,codex1,"glossary-exception:painel-application (CSS panel component, not the module/route sense)"
css-css-class-ef5f3f4c,css,3,css-class,bl-painel,bl-panel,apps/gestao-vite/src/paginas/builder/editor.css:472,4,no,,,approved,codex1,"glossary-exception:painel-application (CSS panel component, not the module/route sense)"
css-css-class-9c2a19ad,css,3,css-class,bl-painel,bl-panel,apps/gestao-vite/src/paginas/builder/editor.css:473,4,no,,,approved,codex1,"glossary-exception:painel-application (CSS panel component, not the module/route sense)"
css-css-class-65ecaf5f,css,3,css-class,bl-painel,bl-panel,apps/gestao-vite/src/paginas/builder/editor.css:474,4,no,,,approved,codex1,"glossary-exception:painel-application (CSS panel component, not the module/route sense)"
css-css-class-cb88ca08,css,3,css-class,bl-painel,bl-panel,apps/gestao-vite/src/paginas/builder/editor.css:475,4,no,,,approved,codex1,"glossary-exception:painel-application (CSS panel component, not the module/route sense)"
css-css-class-624fcf6a,css,3,css-class,bl-painel,bl-panel,apps/gestao-vite/src/paginas/builder/editor.css:476,4,no,,,approved,codex1,"glossary-exception:painel-application (CSS panel component, not the module/route sense)"
css-css-class-11e86373,css,3,css-class,bl-painel,bl-panel,apps/gestao-vite/src/paginas/builder/editor.css:479,4,no,,,approved,codex1,"glossary-exception:painel-application (CSS panel component, not the module/route sense)"
css-css-class-18ccee7f,css,3,css-class,bl-painel,bl-panel,apps/gestao-vite/src/paginas/builder/editor.css:482,4,no,,,approved,codex1,"glossary-exception:painel-application (CSS panel component, not the module/route sense)"
css-css-class-3f3ed44b,css,3,css-class,bl-painel,bl-panel,apps/gestao-vite/src/paginas/builder/editor.css:552,4,no,,,approved,codex1,"glossary-exception:painel-application (CSS panel component, not the module/route sense)"
css-css-class-cd040a5c,css,3,css-class,bl-painel,bl-panel,apps/gestao-vite/src/paginas/builder/editor.css:567,4,no,,,approved,codex1,"glossary-exception:painel-application (CSS panel component, not the module/route sense)"
css-css-class-bd646212,css,3,css-class,bl-painel,bl-panel,apps/gestao-vite/src/paginas/builder/editor.css:568,4,no,,,approved,codex1,"glossary-exception:painel-application (CSS panel component, not the module/route sense)"
css-css-class-43a60e2a,css,3,css-class,bl-painel,bl-panel,apps/gestao-vite/src/paginas/builder/editor.css:573,4,no,,,approved,codex1,"glossary-exception:painel-application (CSS panel component, not the module/route sense)"
css-css-class-d4786f8b,css,3,css-class,bl-painel,bl-panel,apps/gestao-vite/src/paginas/builder/editor.css:576,4,no,,,approved,codex1,"glossary-exception:painel-application (CSS panel component, not the module/route sense)"
css-css-class-022ef016,css,3,css-class,bl-painel,bl-panel,apps/gestao-vite/src/paginas/builder/editor.css:577,4,no,,,approved,codex1,"glossary-exception:painel-application (CSS panel component, not the module/route sense)"
css-css-class-4dce8b59,css,3,css-class,bl-painel,bl-panel,apps/gestao-vite/src/paginas/builder/editor.css:578,4,no,,,approved,codex1,"glossary-exception:painel-application (CSS panel component, not the module/route sense)"
css-css-class-df5fd762,css,3,css-class,bl-previa-linha--entrada,bl-preview-line--inbound,apps/gestao-vite/src/paginas/builder/painel-bloco.css:292,1,no,,,approved,codex1,
css-css-class-4f896c17,css,3,css-class,bl-previa-linha--entrada,bl-preview-line--inbound,apps/gestao-vite/src/paginas/builder/painel-bloco.css:313,1,no,,,approved,codex1,
css-css-class-5d4482f9,css,3,css-class,bl-previa-linha--entrada,bl-preview-line--inbound,apps/gestao-vite/src/paginas/builder/painel-bloco.css:322,1,no,,,approved,codex1,
css-css-class-8c2a8f5e,css,3,css-class,bl-previa-opcoes,bl-preview-options,apps/gestao-vite/src/paginas/builder/painel-bloco.css:337,1,no,,,approved,codex1,
css-css-class-b85d84bb,css,3,css-class,bl-previa-opcoes,bl-preview-options,apps/gestao-vite/src/paginas/builder/painel-bloco.css:343,1,no,,,approved,codex1,
css-css-class-9aff0f71,css,3,css-class,bl-saida--atendimento,bl-output--attendance,apps/gestao-vite/src/paginas/builder/painel-bloco.css:566,1,no,,,approved,codex1,
css-css-class-afb6cccb,css,3,css-class,bl-saida--erro,bl-output--error,apps/gestao-vite/src/paginas/builder/editor.css:617,1,no,,,approved,codex1,
css-css-class-fed75ad5,css,3,css-class,bl-saida-ordem,bl-output-order,apps/gestao-vite/src/paginas/builder/editor.css:475,3,no,,,approved,codex1,
css-css-class-627f3fa9,css,3,css-class,bl-saida-ordem,bl-output-order,apps/gestao-vite/src/paginas/builder/editor.css:632,3,no,,,approved,codex1,
css-css-class-89962a27,css,3,css-class,bl-saida-ordem,bl-output-order,apps/gestao-vite/src/paginas/builder/painel-bloco.css:502,3,no,,,approved,codex1,
css-css-class-bf318ba3,css,3,css-class,bl-saida-ordem,bl-output-order,apps/gestao-vite/src/paginas/builder/painel-bloco.css:576,3,no,,,approved,codex1,
css-css-class-55e7921f,css,3,css-class,bl-saida-ordem,bl-output-order,apps/gestao-vite/src/paginas/builder/painel-bloco.css:579,3,no,,,approved,codex1,
css-css-class-aa1bded1,css,3,css-class,bl-saida-ordem,bl-output-order,apps/gestao-vite/src/paginas/builder/painel-bloco.css:580,3,no,,,approved,codex1,
css-css-class-4f51665d,css,3,css-class,bl-secao-subtitulo,bl-section-subtitle,apps/gestao-vite/src/paginas/builder/editor.css:471,3,no,,,approved,codex1,
css-css-class-207057fa,css,3,css-class,bl-secao-subtitulo,bl-section-subtitle,apps/gestao-vite/src/paginas/builder/editor.css:534,3,no,,,approved,codex1,
css-css-class-8790a993,css,3,css-class,bl-secao-subtitulo,bl-section-subtitle,apps/gestao-vite/src/paginas/builder/painel-bloco.css:181,3,no,,,approved,codex1,
css-css-class-704ba1f5,css,3,css-class,bl-secao-subtitulo,bl-section-subtitle,apps/gestao-vite/src/paginas/builder/painel-bloco.css:260,3,no,,,approved,codex1,
css-css-class-9958f611,css,3,css-class,bl-secao-titulo,bl-section-title,apps/gestao-vite/src/paginas/builder/editor.css:529,1,no,,,approved,codex1,
css-css-class-7e69a737,css,3,css-class,bl-secao,bl-section,apps/gestao-vite/src/paginas/builder/editor.css:526,5,no,,,approved,codex1,
css-css-class-70576289,css,3,css-class,bl-secao,bl-section,apps/gestao-vite/src/paginas/builder/painel-bloco.css:185,5,no,,,approved,codex1,
css-css-class-808ccb6c,css,3,css-class,bl-valor,bl-value,apps/gestao-vite/src/paginas/builder/editor.css:550,1,no,,,approved,codex1,
css-css-class-e44aa61d,css,3,css-class,bl-valor,bl-value,apps/gestao-vite/src/paginas/builder/editor.css:651,1,no,,,approved,codex1,
css-css-class-12b8bd14,css,3,css-class,bl-valor,bl-value,apps/gestao-vite/src/paginas/builder/painel-bloco.css:610,1,no,,,approved,codex1,
css-css-class-4526a73d,css,3,css-class,bl-valores-campo,bl-values-field,apps/gestao-vite/src/paginas/builder/editor.css:551,1,no,,,approved,codex1,
css-css-class-a610b657,css,3,css-class,bl-valores-campo,bl-values-field,apps/gestao-vite/src/paginas/builder/editor.css:716,1,no,,,approved,codex1,
css-css-class-d4773a67,css,3,css-class,bl-valores,bl-values,apps/gestao-vite/src/paginas/builder/editor.css:638,1,no,,,approved,codex1,
css-css-class-3717676b,css,3,css-class,bl-valores,bl-values,apps/gestao-vite/src/paginas/builder/editor.css:708,1,no,,,approved,codex1,
css-css-class-1bf38cff,css,3,css-class,bl-valores,bl-values,apps/gestao-vite/src/paginas/builder/editor.css:716,1,no,,,approved,codex1,
css-css-class-bd37024c,css,3,css-class,bl-valores,bl-values,apps/gestao-vite/src/paginas/builder/painel-bloco.css:604,1,no,,,approved,codex1,
css-css-class-1d5f4ab9,css,3,css-class,bl-variaveis-lista,bl-variables-list,apps/gestao-vite/src/paginas/builder/editor.css:870,2,no,,,approved,codex1,
css-css-class-4b4bddc5,css,3,css-class,bl-variaveis-lista,bl-variables-list,apps/gestao-vite/src/paginas/builder/editor.css:878,2,no,,,approved,codex1,
css-css-class-5a855fb7,css,3,css-class,bl-variaveis-lista,bl-variables-list,apps/gestao-vite/src/paginas/builder/editor.css:882,2,no,,,approved,codex1,
css-css-class-e884eb0d,css,3,css-class,bl-variaveis-vazio,bl-variables-empty,apps/gestao-vite/src/paginas/builder/editor.css:867,2,no,,,approved,codex1,
css-css-class-95e1bcdd,css,3,css-class,bl-variavel-linha,bl-variable-line,apps/gestao-vite/src/paginas/builder/editor.css:885,2,no,,,approved,codex1,
css-css-class-d6dc0b15,css,3,css-class,bl-variavel-nome,bl-variable-name,apps/gestao-vite/src/paginas/builder/editor.css:891,2,no,,,approved,codex1,
css-css-class-eb0a7201,css,3,css-class,bl-vazio,bl-empty,apps/gestao-vite/src/paginas/builder.css:192,2,no,,,approved,codex1,
css-css-class-f4a4a7cc,css,3,css-class,bl-vazio,bl-empty,apps/gestao-vite/src/paginas/builder.css:205,2,no,,,approved,codex1,
css-css-class-21ea524e,css,3,css-class,bl-vazio,bl-empty,apps/gestao-vite/src/paginas/builder.css:209,2,no,,,approved,codex1,
css-css-class-e0f009e2,css,3,css-class,bl-versoes-acoes,bl-versions-actions,apps/gestao-vite/src/paginas/builder/editor.css:899,1,no,,,approved,codex1,
css-css-class-b6d42146,css,3,css-class,bl-versoes-item,bl-versions-item,apps/gestao-vite/src/paginas/builder/editor.css:907,2,no,,,approved,codex1,
css-css-class-f7c3c97a,css,3,css-class,bl-versoes-item,bl-versions-item,apps/gestao-vite/src/paginas/builder/editor.css:921,2,no,,,approved,codex1,
css-css-class-daccb84f,css,3,css-class,bl-versoes,bl-versions,apps/gestao-vite/src/paginas/builder.css:382,0,no,,,approved,codex1,
css-css-class-273a88d0,css,3,css-class,bl-versoes,bl-versions,apps/gestao-vite/src/paginas/builder.css:393,0,no,,,approved,codex1,
css-css-class-34f3ab4f,css,3,css-class,bl-versoes,bl-versions,apps/gestao-vite/src/paginas/builder.css:403,0,no,,,approved,codex1,
css-css-class-f23faec8,css,3,css-class,bl-zoom-trilho,bl-zoom-rail,apps/gestao-vite/src/paginas/builder.css:30,1,no,,,approved,codex1,
css-css-class-ad41455c,css,3,css-class,bl-zoom-trilho,bl-zoom-rail,apps/gestao-vite/src/paginas/builder.css:497,1,no,,,approved,codex1,
css-css-class-aa9e4273,css,3,css-class,bl-zoom-valor,bl-zoom-value,apps/gestao-vite/src/paginas/builder.css:29,1,no,,,approved,codex1,
css-css-class-a5333c50,css,3,css-class,bl-zoom-valor,bl-zoom-value,apps/gestao-vite/src/paginas/builder.css:489,1,no,,,approved,codex1,
css-css-class-03bdd0a1,css,3,css-class,bloco-card,block-card,apps/crm/src/app/globais.css:27,0,no,,,approved,codex1,
css-css-class-9b8603ba,css,3,css-class,bloco-rel-grade,block-rel-grid,apps/gestao-vite/src/estilos/globais.css:1975,5,no,,,approved,codex1,
css-css-class-7aac438b,css,3,css-class,bloco-rel-grade,block-rel-grid,apps/gestao-vite/src/estilos/globais.css:2117,5,no,,,approved,codex1,
css-css-class-ec03db58,css,3,css-class,bloco-rel-grade,block-rel-grid,apps/gestao-vite/src/estilos/globais.css:2547,5,no,,,approved,codex1,
css-css-class-0034ec14,css,3,css-class,bloco-rel,block-rel,apps/gestao-vite/src/estilos/globais.css:1926,11,no,,,approved,codex1,
css-css-class-8fa71299,css,3,css-class,bloco-rel,block-rel,apps/gestao-vite/src/estilos/globais.css:1936,11,no,,,approved,codex1,
css-css-class-1804d4dc,css,3,css-class,bloco-rel,block-rel,apps/gestao-vite/src/estilos/globais.css:1940,11,no,,,approved,codex1,
css-css-class-ea3a4178,css,3,css-class,bloco-rel,block-rel,apps/gestao-vite/src/estilos/globais.css:1953,11,no,,,approved,codex1,
css-css-class-8aefceba,css,3,css-class,bloco-rel,block-rel,apps/gestao-vite/src/estilos/globais.css:1959,11,no,,,approved,codex1,
css-css-class-c7b8a223,css,3,css-class,bloco-rel,block-rel,apps/gestao-vite/src/estilos/globais.css:1967,11,no,,,approved,codex1,
css-css-class-21cac6cb,css,3,css-class,busca-topo,search-top,apps/gestao-vite/src/estilos/globais.css:2416,2,no,,,approved,codex1,
css-css-class-ff2358d1,css,3,css-class,busca-topo,search-top,apps/gestao-vite/src/estilos/globais.css:2430,2,no,,,approved,codex1,
css-css-class-1e823bac,css,3,css-class,busca-topo,search-top,apps/gestao-vite/src/estilos/globais.css:2436,2,no,,,approved,codex1,
css-css-class-c8851314,css,3,css-class,busca-topo,search-top,apps/gestao-vite/src/estilos/globais.css:2448,2,no,,,approved,codex1,
css-css-class-a030a2e4,css,3,css-class,busca-topo,search-top,apps/gestao-vite/src/estilos/globais.css:2519,2,no,,,approved,codex1,
css-css-class-00efb39b,css,3,css-class,busca-topo,search-top,apps/gestao-vite/src/estilos/globais.css:3322,2,no,,,approved,codex1,
css-css-class-2c9eb3d3,css,3,css-class,busca,search,apps/gestao-vite/src/paginas/operacao/atendimento.css:243,420,no,,,approved,codex1,
css-css-class-19fdd97a,css,3,css-class,busca,search,apps/gestao-vite/src/paginas/operacao/atendimento.css:269,420,no,,,approved,codex1,
css-css-class-d0f7fede,css,3,css-class,c-conta,c-account,apps/crm/src/app/globais.css:1656,0,no,,,approved,codex1,
css-css-class-6e31cdec,css,3,css-class,c-secao,c-section,apps/crm/src/app/globais.css:1606,1,no,,,approved,codex1,
css-css-class-88adc934,css,3,css-class,canais-grade,channels-grid,apps/gestao-vite/src/estilos/globais.css:2752,1,no,,,approved,codex1,
css-css-class-b642fbb8,css,3,css-class,canal-acao,channel-action,apps/gestao-vite/src/estilos/globais.css:2792,1,no,,,approved,codex1,
css-css-class-48f5eb60,css,3,css-class,canal-acao,channel-action,apps/gestao-vite/src/estilos/globais.css:2797,1,no,,,approved,codex1,
css-css-class-fe174cd4,css,3,css-class,canal-cartao,channel-card,apps/gestao-vite/src/estilos/globais.css:2758,1,no,,,approved,codex1,
css-css-class-f18b13ea,css,3,css-class,canal-cartao,channel-card,apps/gestao-vite/src/estilos/globais.css:2775,1,no,,,approved,codex1,
css-css-class-54df948a,css,3,css-class,canal-cartao,channel-card,apps/gestao-vite/src/estilos/globais.css:2783,1,no,,,approved,codex1,
css-css-class-5701a84e,css,3,css-class,canal-icone,channel-icon,apps/gestao-vite/src/estilos/globais.css:2769,1,no,,,approved,codex1,
css-css-class-c67f2707,css,3,css-class,cartao-config-corpo,card-config-body,apps/gestao-vite/src/estilos/globais.css:2919,1,no,,,approved,codex1,
css-css-class-39c00201,css,3,css-class,cartao-config,card-config,apps/gestao-vite/src/estilos/globais.css:2861,2,no,,,approved,codex1,
css-css-class-f6746fc7,css,3,css-class,cartao-config,card-config,apps/gestao-vite/src/estilos/globais.css:2872,2,no,,,approved,codex1,
css-css-class-872ff7d5,css,3,css-class,cartao-config,card-config,apps/gestao-vite/src/estilos/globais.css:2876,2,no,,,approved,codex1,
css-css-class-7c3a7e90,css,3,css-class,cartao-config,card-config,apps/gestao-vite/src/estilos/globais.css:2882,2,no,,,approved,codex1,
css-css-class-7368e6c0,css,3,css-class,cartao-config,card-config,apps/gestao-vite/src/estilos/globais.css:2887,2,no,,,approved,codex1,
css-css-class-7615f56e,css,3,css-class,cartao-config,card-config,apps/gestao-vite/src/estilos/globais.css:2895,2,no,,,approved,codex1,
css-css-class-c7584147,css,3,css-class,cartao-config,card-config,apps/gestao-vite/src/estilos/globais.css:2905,2,no,,,approved,codex1,
css-css-class-8c214474,css,3,css-class,cartao-config,card-config,apps/gestao-vite/src/estilos/globais.css:2913,2,no,,,approved,codex1,
css-css-class-7871fe3a,css,3,css-class,cartao-config,card-config,apps/gestao-vite/src/estilos/globais.css:2919,2,no,,,approved,codex1,
css-css-class-ac4f05ec,css,3,css-class,cartao-lista,card-list,apps/gestao-vite/src/estilos/globais.css:2221,5,no,,,approved,codex1,
css-css-class-bf9d69c3,css,3,css-class,cartao-lista,card-list,apps/gestao-vite/src/estilos/globais.css:2236,5,no,,,approved,codex1,
css-css-class-499d4738,css,3,css-class,cartao-lista,card-list,apps/gestao-vite/src/estilos/globais.css:2349,5,no,,,approved,codex1,
css-css-class-124ef9a3,css,3,css-class,cartao-lista,card-list,apps/gestao-vite/src/estilos/globais.css:2607,5,no,,,approved,codex1,
css-css-class-691a6e23,css,3,css-class,cartao-lista,card-list,apps/gestao-vite/src/paginas/operacao/atendimento.css:85,5,no,,,approved,codex1,
css-css-class-5cc140ba,css,3,css-class,cartao-rel,card-rel,apps/gestao-vite/src/estilos/globais.css:1786,29,no,,,approved,codex1,
css-css-class-8735dbe3,css,3,css-class,cartao-rel,card-rel,apps/gestao-vite/src/estilos/globais.css:1954,29,no,,,approved,codex1,
css-css-class-1eacdcfc,css,3,css-class,cartao-rel,card-rel,apps/gestao-vite/src/estilos/globais.css:1982,29,no,,,approved,codex1,
css-css-class-25b135f4,css,3,css-class,cartao-rel,card-rel,apps/gestao-vite/src/estilos/globais.css:1992,29,no,,,approved,codex1,
css-css-class-bb78f4d1,css,3,css-class,cartao-rel,card-rel,apps/gestao-vite/src/estilos/globais.css:2004,29,no,,,approved,codex1,
css-css-class-9310c10e,css,3,css-class,cartao-rel,card-rel,apps/gestao-vite/src/estilos/globais.css:2018,29,no,,,approved,codex1,
css-css-class-67d9905d,css,3,css-class,cartao-rel,card-rel,apps/gestao-vite/src/estilos/globais.css:2024,29,no,,,approved,codex1,
css-css-class-c7cc4b72,css,3,css-class,cartao-rel,card-rel,apps/gestao-vite/src/estilos/globais.css:2031,29,no,,,approved,codex1,
css-css-class-49875240,css,3,css-class,cartao-rel,card-rel,apps/gestao-vite/src/estilos/globais.css:2042,29,no,,,approved,codex1,
css-css-class-1c9bd293,css,3,css-class,cartao-rel,card-rel,apps/gestao-vite/src/estilos/globais.css:2048,29,no,,,approved,codex1,
css-css-class-55ccd1b5,css,3,css-class,cartao-rel,card-rel,apps/gestao-vite/src/estilos/globais.css:2061,29,no,,,approved,codex1,
css-css-class-0e95a57b,css,3,css-class,cartao-rel,card-rel,apps/gestao-vite/src/estilos/globais.css:2072,29,no,,,approved,codex1,
css-css-class-5e5476a6,css,3,css-class,cartao-rel,card-rel,apps/gestao-vite/src/estilos/globais.css:2077,29,no,,,approved,codex1,
css-css-class-d12c3ec5,css,3,css-class,cartao-rel,card-rel,apps/gestao-vite/src/estilos/globais.css:2089,29,no,,,approved,codex1,
css-css-class-112e284a,css,3,css-class,cartao-rel,card-rel,apps/gestao-vite/src/estilos/globais.css:2099,29,no,,,approved,codex1,
css-css-class-83207d4c,css,3,css-class,cartao-rel,card-rel,apps/gestao-vite/src/estilos/globais.css:2100,29,no,,,approved,codex1,
css-css-class-580b3a98,css,3,css-class,cartao-rel,card-rel,apps/gestao-vite/src/estilos/globais.css:2537,29,no,,,approved,codex1,
css-css-class-40c33bc6,css,3,css-class,cartao-rel,card-rel,apps/gestao-vite/src/estilos/globais.css:2547,29,no,,,approved,codex1,
css-css-class-ba23f8f7,css,3,css-class,cartao-rel,card-rel,apps/gestao-vite/src/estilos/globais.css:2553,29,no,,,approved,codex1,
css-css-class-21c00bc2,css,3,css-class,cartao-rel,card-rel,apps/gestao-vite/src/paginas/operacao/atendimento.css:311,29,no,,,approved,codex1,
css-css-class-e07d33e7,css,3,css-class,cartao-rel,card-rel,apps/gestao-vite/src/paginas/operacao/atendimento.css:319,29,no,,,approved,codex1,
css-css-class-37c0d127,css,3,css-class,cartao-rel,card-rel,apps/gestao-vite/src/paginas/operacao/atendimento.css:343,29,no,,,approved,codex1,
css-css-class-30a692aa,css,3,css-class,cartao-rel,card-rel,apps/gestao-vite/src/paginas/operacao/atendimento.css:361,29,no,,,approved,codex1,
css-css-class-2a585c29,css,3,css-class,cb-acoes-direita,cb-actions-right,apps/gestao-vite/src/paginas/fluxo/canais/canal-do-bot.css:117,5,no,,,approved,codex1,
css-css-class-27eb7753,css,3,css-class,cb-acoes-entre,cb-actions-between,apps/gestao-vite/src/paginas/fluxo/canais/canal-do-bot.css:126,3,no,,,approved,codex1,
css-css-class-b58074d0,css,3,css-class,cb-acoes-modal,cb-actions-modal,apps/gestao-vite/src/paginas/fluxo/canais/canal-do-bot.css:272,1,no,,,approved,codex1,
css-css-class-25244731,css,3,css-class,cb-coluna,cb-column,apps/gestao-vite/src/paginas/fluxo/canais/canal-do-bot.css:64,10,no,,,approved,codex1,
css-css-class-1c00c76f,css,3,css-class,cb-icone-coluna,cb-icon-column,apps/gestao-vite/src/paginas/fluxo/canais/canal-do-bot.css:57,8,no,,,approved,codex1,
css-css-class-d966636f,css,3,css-class,cb-ligacao,cb-connection,apps/gestao-vite/src/paginas/fluxo/canais/canal-do-bot.css:224,1,no,,,approved,codex1,
css-css-class-208a1873,css,3,css-class,cb-painel,cb-panel,apps/gestao-vite/src/paginas/fluxo/canais/canal-do-bot.css:44,1,no,,,approved,codex1,"glossary-exception:painel-application (CSS panel component, not the module/route sense)"
css-css-class-f77c8775,css,3,css-class,cb-vazio,cb-empty,apps/gestao-vite/src/paginas/fluxo/canais/canal-do-bot.css:235,1,no,,,approved,codex1,
css-css-class-549d271a,css,3,css-class,cf-apresentacao-subtitulo,cf-presentation-subtitle,apps/gestao-vite/src/paginas/criar/fluxo/criar-fluxo.css:116,1,no,,,approved,codex1,
css-css-class-006dbc4e,css,3,css-class,cf-apresentacao,cf-presentation,apps/gestao-vite/src/paginas/criar/fluxo/criar-fluxo.css:106,1,no,,,approved,codex1,
css-css-class-9d5777b9,css,3,css-class,cf-apresentacao,cf-presentation,apps/gestao-vite/src/paginas/criar/fluxo/criar-fluxo.css:122,1,no,,,approved,codex1,
css-css-class-6a39cd6e,css,3,css-class,cf-arvore-descricao,cf-tree-description,apps/gestao-vite/src/paginas/fluxo/configuracoes/configuracoes.css:130,1,no,,,approved,codex1,
css-css-class-b93a013b,css,3,css-class,cf-baloes,cf-bubbles,apps/gestao-vite/src/paginas/fluxo/configuracoes/configuracoes.css:713,1,no,,,approved,codex1,
css-css-class-a917293d,css,3,css-class,cf-basicas-imagem,cf-basic-image,apps/gestao-vite/src/paginas/fluxo/configuracoes/basicas/basicas.css:75,1,no,,,approved,codex1,
css-css-class-d6cbc0f7,css,3,css-class,cf-basicas-secao,cf-basic-section,apps/gestao-vite/src/paginas/fluxo/configuracoes/basicas/basicas.css:12,1,no,,,approved,codex1,
css-css-class-cb61cd0a,css,3,css-class,cf-cabecalho-acoes,cf-header-actions,apps/gestao-vite/src/paginas/fluxo/configuracoes/configuracoes.css:215,1,no,,,approved,codex1,
css-css-class-535b3336,css,3,css-class,cf-cabecalho-secao,cf-header-section,apps/gestao-vite/src/paginas/fluxo/configuracoes/configuracoes.css:189,1,no,,,approved,codex1,
css-css-class-9f41223b,css,3,css-class,cf-cartao,cf-card,apps/gestao-vite/src/paginas/criar/fluxo/criar-fluxo.css:29,2,no,,,approved,codex1,
css-css-class-95dba682,css,3,css-class,cf-cartao,cf-card,apps/gestao-vite/src/paginas/criar/fluxo/criar-fluxo.css:49,2,no,,,approved,codex1,
css-css-class-8539aa46,css,3,css-class,cf-cartao,cf-card,apps/gestao-vite/src/paginas/criar/fluxo/criar-fluxo.css:53,2,no,,,approved,codex1,
css-css-class-89e4f53c,css,3,css-class,cf-cartao,cf-card,apps/gestao-vite/src/paginas/criar/fluxo/criar-fluxo.css:59,2,no,,,approved,codex1,
css-css-class-94d9e36a,css,3,css-class,cf-cartao,cf-card,apps/gestao-vite/src/paginas/criar/fluxo/criar-fluxo.css:70,2,no,,,approved,codex1,
css-css-class-9cb7ea32,css,3,css-class,cf-casca,cf-shell,apps/gestao-vite/src/paginas/fluxo/configuracoes/configuracoes.css:29,1,no,,,approved,codex1,
css-css-class-6f97333c,css,3,css-class,cf-casca,cf-shell,apps/gestao-vite/src/paginas/fluxo/configuracoes/configuracoes.css:53,1,no,,,approved,codex1,
css-css-class-58512775,css,3,css-class,cf-casca,cf-shell,apps/gestao-vite/src/paginas/fluxo/configuracoes/configuracoes.css:59,1,no,,,approved,codex1,
css-css-class-154302e3,css,3,css-class,cf-casca,cf-shell,apps/gestao-vite/src/paginas/fluxo/configuracoes/configuracoes.css:917,1,no,,,approved,codex1,
css-css-class-0c58d087,css,3,css-class,cf-casca,cf-shell,apps/gestao-vite/src/paginas/operacao/atendimento.css:7,1,no,,,approved,codex1,
css-css-class-30ca8c51,css,3,css-class,cf-chave-acoes,cf-key-actions,apps/gestao-vite/src/paginas/fluxo/configuracoes/configuracoes.css:775,1,no,,,approved,codex1,
css-css-class-f322d289,css,3,css-class,cf-chave-coluna,cf-key-column,apps/gestao-vite/src/paginas/fluxo/configuracoes/configuracoes.css:755,4,no,,,approved,codex1,
css-css-class-abb28ba0,css,3,css-class,cf-chave-coluna,cf-key-column,apps/gestao-vite/src/paginas/fluxo/configuracoes/configuracoes.css:761,4,no,,,approved,codex1,
css-css-class-4760d82d,css,3,css-class,cf-chave-coluna,cf-key-column,apps/gestao-vite/src/paginas/fluxo/configuracoes/configuracoes.css:766,4,no,,,approved,codex1,
css-css-class-52f5ac78,css,3,css-class,cf-chave-dados,cf-key-data,apps/gestao-vite/src/paginas/fluxo/configuracoes/configuracoes.css:748,1,no,,,approved,codex1,
css-css-class-ffdca5fc,css,3,css-class,cf-chave-selo,cf-key-badge,apps/gestao-vite/src/paginas/fluxo/configuracoes/configuracoes.css:772,1,no,,,approved,codex1,
css-css-class-8bb88bf5,css,3,css-class,cf-chave,cf-key,apps/gestao-vite/src/paginas/fluxo/configuracoes/configuracoes.css:742,1,no,,,approved,codex1,
css-css-class-43cbb1fe,css,3,css-class,cf-chave,cf-key,apps/gestao-vite/src/paginas/fluxo/configuracoes/configuracoes.css:926,1,no,,,approved,codex1,
css-css-class-2b648744,css,3,css-class,cf-chaves-ajuda-dados,cf-keys-help-data,apps/gestao-vite/src/paginas/fluxo/configuracoes/configuracoes.css:692,1,no,,,approved,codex1,
css-css-class-11227120,css,3,css-class,cf-chaves-ajuda-dados,cf-keys-help-data,apps/gestao-vite/src/paginas/fluxo/configuracoes/configuracoes.css:709,1,no,,,approved,codex1,
css-css-class-4a8771c3,css,3,css-class,cf-chaves-criar-acoes,cf-keys-create-actions,apps/gestao-vite/src/paginas/fluxo/configuracoes/configuracoes.css:734,1,no,,,approved,codex1,
css-css-class-133b87d1,css,3,css-class,cf-chaves-criar-acoes,cf-keys-create-actions,apps/gestao-vite/src/paginas/fluxo/configuracoes/configuracoes.css:937,1,no,,,approved,codex1,
css-css-class-7f6bd488,css,3,css-class,cf-chaves-criar-dados,cf-keys-create-data,apps/gestao-vite/src/paginas/fluxo/configuracoes/configuracoes.css:728,1,no,,,approved,codex1,
css-css-class-0e14cf50,css,3,css-class,cf-chaves-criar-dados,cf-keys-create-data,apps/gestao-vite/src/paginas/fluxo/configuracoes/configuracoes.css:731,1,no,,,approved,codex1,
css-css-class-d5ad9b9b,css,3,css-class,cf-chaves-criar-dados,cf-keys-create-data,apps/gestao-vite/src/paginas/fluxo/configuracoes/configuracoes.css:931,1,no,,,approved,codex1,
css-css-class-12a53db6,css,3,css-class,cf-chaves-criar,cf-keys-create,apps/gestao-vite/src/paginas/fluxo/configuracoes/configuracoes.css:721,1,no,,,approved,codex1,
css-css-class-fa7242ad,css,3,css-class,cf-chaves-criar,cf-keys-create,apps/gestao-vite/src/paginas/fluxo/configuracoes/configuracoes.css:925,1,no,,,approved,codex1,
css-css-class-8f7c0c60,css,3,css-class,cf-coluna-metade,cf-column-half,apps/gestao-vite/src/paginas/fluxo/configuracoes/configuracoes.css:334,4,no,,,approved,codex1,
css-css-class-acfe7df0,css,3,css-class,cf-coluna-metade,cf-column-half,apps/gestao-vite/src/paginas/fluxo/configuracoes/configuracoes.css:929,4,no,,,approved,codex1,
css-css-class-5eed1d01,css,3,css-class,cf-coluna-metade,cf-column-half,apps/gestao-vite/src/paginas/fluxo/configuracoes/configuracoes.css:935,4,no,,,approved,codex1,
css-css-class-20edfc68,css,3,css-class,cf-equipe-acoes,cf-team-actions,apps/gestao-vite/src/paginas/fluxo/equipe/equipe.css:24,1,no,,,approved,codex1,
css-css-class-5ec08409,css,3,css-class,cf-equipe-avatar-secao,cf-team-avatar-section,apps/gestao-vite/src/paginas/fluxo/equipe/equipe.css:147,1,no,,,approved,codex1,
css-css-class-c5c11e9c,css,3,css-class,cf-equipe-avatar-secao,cf-team-avatar-section,apps/gestao-vite/src/paginas/fluxo/equipe/equipe.css:153,1,no,,,approved,codex1,
css-css-class-4ba4d1aa,css,3,css-class,cf-equipe-busca,cf-team-search,apps/gestao-vite/src/paginas/fluxo/equipe/equipe.css:31,1,no,,,approved,codex1,
css-css-class-878fb63e,css,3,css-class,cf-equipe-busca,cf-team-search,apps/gestao-vite/src/paginas/fluxo/equipe/equipe.css:45,1,no,,,approved,codex1,
css-css-class-f4651aaa,css,3,css-class,cf-equipe-busca,cf-team-search,apps/gestao-vite/src/paginas/fluxo/equipe/equipe.css:54,1,no,,,approved,codex1,
css-css-class-ebfb43de,css,3,css-class,cf-equipe-campo-email--leitura,cf-team-field-email--read,apps/gestao-vite/src/paginas/fluxo/equipe/equipe.css:319,0,no,,,approved,codex1,
css-css-class-bf42e9e3,css,3,css-class,cf-equipe-campo-email--leitura,cf-team-field-email--read,apps/gestao-vite/src/paginas/fluxo/equipe/equipe.css:323,0,no,,,approved,codex1,
css-css-class-839c13a6,css,3,css-class,cf-equipe-cartao,cf-team-card,apps/gestao-vite/src/paginas/fluxo/equipe/equipe.css:205,1,no,,,approved,codex1,
css-css-class-dea3f306,css,3,css-class,cf-equipe-cartao,cf-team-card,apps/gestao-vite/src/paginas/fluxo/equipe/equipe.css:206,1,no,,,approved,codex1,
css-css-class-b51bc6a2,css,3,css-class,cf-equipe-cartao,cf-team-card,apps/gestao-vite/src/paginas/fluxo/equipe/equipe.css:76,1,no,,,approved,codex1,
css-css-class-28c7c5c4,css,3,css-class,cf-equipe-cartao,cf-team-card,apps/gestao-vite/src/paginas/fluxo/equipe/equipe.css:85,1,no,,,approved,codex1,
css-css-class-17fba31c,css,3,css-class,cf-equipe-editar-cartao,cf-team-edit-card,apps/gestao-vite/src/paginas/fluxo/equipe/equipe.css:533,1,no,,,approved,codex1,
css-css-class-af547f2b,css,3,css-class,cf-equipe-granular-coluna,cf-team-granular-column,apps/gestao-vite/src/paginas/fluxo/equipe/equipe.css:406,2,no,,,approved,codex1,
css-css-class-cfe193a7,css,3,css-class,cf-equipe-permissao-rotulo,cf-team-permission-label,apps/gestao-vite/src/paginas/fluxo/equipe/equipe.css:334,1,no,,,approved,codex1,
css-css-class-823dc7ad,css,3,css-class,cf-equipe-permissao,cf-team-permission,apps/gestao-vite/src/paginas/fluxo/equipe/equipe.css:331,1,no,,,approved,codex1,
css-css-class-3f4b5506,css,3,css-class,cf-equipe-secao--corta,cf-team-section--clip,apps/gestao-vite/src/paginas/fluxo/equipe/equipe.css:104,2,no,,,approved,codex1,
css-css-class-01e6b56f,css,3,css-class,cf-equipe-secao--corta,cf-team-section--clip,apps/gestao-vite/src/paginas/fluxo/equipe/equipe.css:110,2,no,,,approved,codex1,
css-css-class-baa63fc5,css,3,css-class,cf-equipe-secao--selo,cf-team-section--badge,apps/gestao-vite/src/paginas/fluxo/equipe/equipe.css:186,1,no,,,approved,codex1,
css-css-class-f999e753,css,3,css-class,cf-equipe-secao,cf-team-section,apps/gestao-vite/src/paginas/fluxo/equipe/equipe.css:101,4,no,,,approved,codex1,
css-css-class-a726f72c,css,3,css-class,cf-equipe-slider-nivel--ativa,cf-team-slider-level--active,apps/gestao-vite/src/paginas/fluxo/equipe/equipe.css:364,1,no,,,approved,codex1,
css-css-class-fc430cb6,css,3,css-class,cf-equipe-valor,cf-team-value,apps/gestao-vite/src/paginas/fluxo/equipe/equipe.css:110,2,no,,,approved,codex1,
css-css-class-b5cfbd7b,css,3,css-class,cf-equipe-valor,cf-team-value,apps/gestao-vite/src/paginas/fluxo/equipe/equipe.css:125,2,no,,,approved,codex1,
css-css-class-1413df88,css,3,css-class,cf-equipe-vazio,cf-team-empty,apps/gestao-vite/src/paginas/fluxo/equipe/equipe.css:225,1,no,,,approved,codex1,
css-css-class-97ff0c1b,css,3,css-class,cf-modal--chave,cf-modal--key,apps/gestao-vite/src/paginas/fluxo/configuracoes/configuracoes.css:796,1,no,,,approved,codex1,
css-css-class-f17d381e,css,3,css-class,cf-modal--chave,cf-modal--key,apps/gestao-vite/src/paginas/fluxo/configuracoes/configuracoes.css:799,1,no,,,approved,codex1,
css-css-class-7b19665c,css,3,css-class,cf-modal--chave,cf-modal--key,apps/gestao-vite/src/paginas/fluxo/configuracoes/configuracoes.css:829,1,no,,,approved,codex1,
css-css-class-9824e30b,css,3,css-class,cf-modal--chave,cf-modal--key,apps/gestao-vite/src/paginas/fluxo/configuracoes/configuracoes.css:832,1,no,,,approved,codex1,
css-css-class-581e840a,css,3,css-class,cf-modal-acoes,cf-modal-actions,apps/gestao-vite/src/paginas/fluxo/configuracoes/configuracoes.css:832,3,no,,,approved,codex1,
css-css-class-45a07ba5,css,3,css-class,cf-modal-acoes,cf-modal-actions,apps/gestao-vite/src/paginas/fluxo/configuracoes/configuracoes.css:909,3,no,,,approved,codex1,
css-css-class-0fa81b40,css,3,css-class,cf-modal-chave-campo,cf-modal-key-field,apps/gestao-vite/src/paginas/fluxo/configuracoes/configuracoes.css:817,2,no,,,approved,codex1,
css-css-class-07e4f2a3,css,3,css-class,cf-modal-chave-campo,cf-modal-key-field,apps/gestao-vite/src/paginas/fluxo/configuracoes/configuracoes.css:820,2,no,,,approved,codex1,
css-css-class-25e5f7cd,css,3,css-class,cf-modal-chave-campo,cf-modal-key-field,apps/gestao-vite/src/paginas/fluxo/configuracoes/configuracoes.css:825,2,no,,,approved,codex1,
css-css-class-344b4d47,css,3,css-class,cf-opcoes,cf-options,apps/gestao-vite/src/paginas/criar/fluxo/criar-fluxo.css:13,1,no,,,approved,codex1,
css-css-class-6a49bc47,css,3,css-class,cf-opcoes,cf-options,apps/gestao-vite/src/paginas/criar/fluxo/criar-fluxo.css:156,1,no,,,approved,codex1,
css-css-class-6283de58,css,3,css-class,cf-papel--conexao,cf-paper--connection,apps/gestao-vite/src/paginas/fluxo/configuracoes/configuracoes.css:239,5,no,,,approved,codex1,"glossary-exception:papel-role (CSS ""paper"" surface component, not the permission-role sense)"
css-css-class-8e7f2570,css,3,css-class,cf-papel--conexao,cf-paper--connection,apps/gestao-vite/src/paginas/fluxo/configuracoes/configuracoes.css:940,5,no,,,approved,codex1,"glossary-exception:papel-role (CSS ""paper"" surface component, not the permission-role sense)"
css-css-class-81d91d62,css,3,css-class,cf-papel--oauth,cf-paper--oauth,apps/gestao-vite/src/paginas/fluxo/configuracoes/configuracoes.css:528,1,no,,,approved,codex1,"glossary-exception:papel-role (CSS ""paper"" surface component, not the permission-role sense)"
css-css-class-8ccaff54,css,3,css-class,cf-papel--oauth,cf-paper--oauth,apps/gestao-vite/src/paginas/fluxo/configuracoes/configuracoes.css:941,1,no,,,approved,codex1,"glossary-exception:papel-role (CSS ""paper"" surface component, not the permission-role sense)"
css-css-class-be194e4b,css,3,css-class,cf-papel,cf-paper,apps/gestao-vite/src/paginas/fluxo/configuracoes/configuracoes.css:232,2,no,,,approved,codex1,"glossary-exception:papel-role (CSS ""paper"" surface component, not the permission-role sense)"
css-css-class-dd8a508e,css,3,css-class,cf-papel,cf-paper,apps/gestao-vite/src/paginas/fluxo/configuracoes/configuracoes.css:244,2,no,,,approved,codex1,"glossary-exception:papel-role (CSS ""paper"" surface component, not the permission-role sense)"
css-css-class-86489ce5,css,3,css-class,cf-papel,cf-paper,apps/gestao-vite/src/paginas/fluxo/configuracoes/configuracoes.css:251,2,no,,,approved,codex1,"glossary-exception:papel-role (CSS ""paper"" surface component, not the permission-role sense)"
css-css-class-77b9c7a4,css,3,css-class,cf-papel,cf-paper,apps/gestao-vite/src/paginas/fluxo/configuracoes/configuracoes.css:257,2,no,,,approved,codex1,"glossary-exception:papel-role (CSS ""paper"" surface component, not the permission-role sense)"
css-css-class-82e552c0,css,3,css-class,cf-selo--erro,cf-badge--error,apps/gestao-vite/src/paginas/fluxo/configuracoes/configuracoes.css:792,0,no,,,approved,codex1,
css-css-class-d494b440,css,3,css-class,cf-sobreposicao,cf-overlay,apps/gestao-vite/src/paginas/fluxo/configuracoes/configuracoes.css:882,4,no,,,approved,codex1,
css-css-class-b30d1656,css,3,css-class,cf-titulo-cartao,cf-title-card,apps/gestao-vite/src/paginas/fluxo/configuracoes/configuracoes.css:272,1,no,,,approved,codex1,
css-css-class-1be0217f,css,3,css-class,cfg-bloco,cfg-block,apps/crm/src/app/configuracoes/configuracoes.css:127,1,no,,,approved,codex1,
css-css-class-19a9a73e,css,3,css-class,cfg-bloco,cfg-block,apps/crm/src/app/configuracoes/configuracoes.css:133,1,no,,,approved,codex1,
css-css-class-5a8e997f,css,3,css-class,cfg-bloco,cfg-block,apps/crm/src/app/configuracoes/configuracoes.css:139,1,no,,,approved,codex1,
css-css-class-363618e5,css,3,css-class,cfg-bloco,cfg-block,apps/crm/src/app/configuracoes/configuracoes.css:145,1,no,,,approved,codex1,
css-css-class-8f19f6c7,css,3,css-class,cfg-permissoes,cfg-permissions,apps/crm/src/app/configuracoes/configuracoes.css:282,3,no,,,approved,codex1,
css-css-class-e3a717c1,css,3,css-class,cfg-permissoes,cfg-permissions,apps/crm/src/app/configuracoes/configuracoes.css:295,3,no,,,approved,codex1,
css-css-class-e33ab166,css,3,css-class,cfg-permissoes,cfg-permissions,apps/crm/src/app/configuracoes/configuracoes.css:352,3,no,,,approved,codex1,
css-css-class-3007d0ad,css,3,css-class,cfg-permissoes,cfg-permissions,apps/crm/src/app/configuracoes/configuracoes.css:358,3,no,,,approved,codex1,
css-css-class-10a4691b,css,3,css-class,cfg-permissoes,cfg-permissions,apps/crm/src/app/configuracoes/configuracoes.css:367,3,no,,,approved,codex1,
css-css-class-88c9ba5d,css,3,css-class,cfg-permissoes,cfg-permissions,apps/crm/src/app/configuracoes/configuracoes.css:371,3,no,,,approved,codex1,
css-css-class-a8d9c672,css,3,css-class,cfg-permissoes,cfg-permissions,apps/crm/src/app/configuracoes/configuracoes.css:379,3,no,,,approved,codex1,
css-css-class-91ce47a3,css,3,css-class,cfg-permissoes,cfg-permissions,apps/crm/src/app/configuracoes/configuracoes.css:383,3,no,,,approved,codex1,
css-css-class-8704d77e,css,3,css-class,cfg-segredo,cfg-secret,apps/crm/src/app/configuracoes/configuracoes.css:237,1,no,,,approved,codex1,
css-css-class-6022925b,css,3,css-class,cfg-segredo,cfg-secret,apps/crm/src/app/configuracoes/configuracoes.css:249,1,no,,,approved,codex1,
css-css-class-3772bb34,css,3,css-class,ck-desempenho-coluna,ck-performance-column,apps/gestao-vite/src/paginas/fluxo/growth/growth.css:755,1,no,,,approved,codex1,
css-css-class-c73be609,css,3,css-class,ck-indicador-rodape-valor,ck-indicator-footer-value,apps/gestao-vite/src/paginas/fluxo/growth/growth.css:826,1,no,,,approved,codex1,
css-css-class-e59e0311,css,3,css-class,ck-indicador-valor,ck-indicator-value,apps/gestao-vite/src/paginas/fluxo/growth/growth.css:787,1,no,,,approved,codex1,
css-css-class-fe2553a1,css,3,css-class,ck-pagina,ck-page,apps/gestao-vite/src/paginas/fluxo/growth/growth.css:476,2,no,,,approved,codex1,
css-css-class-a338d931,css,3,css-class,ck-papel,ck-paper,apps/gestao-vite/src/paginas/fluxo/growth/growth.css:559,4,no,,,approved,codex1,"glossary-exception:papel-role (CSS ""paper"" surface component, not the permission-role sense)"
css-css-class-ae1c12f3,css,3,css-class,ck-token-acoes,ck-token-actions,apps/gestao-vite/src/paginas/fluxo/growth/growth.css:705,1,no,,,approved,codex1,
css-css-class-8cf68619,css,3,css-class,ck-token-conta,ck-token-account,apps/gestao-vite/src/paginas/fluxo/growth/growth.css:680,1,no,,,approved,codex1,
css-css-class-8b13ff23,css,3,css-class,ck-vazio-ilustracao,ck-empty-illustration,apps/gestao-vite/src/paginas/fluxo/growth/growth.css:835,1,no,,,approved,codex1,
css-css-class-cd7c3bc5,css,3,css-class,ck-vazio-texto,ck-empty-text,apps/gestao-vite/src/paginas/fluxo/growth/growth.css:848,1,no,,,approved,codex1,
css-css-class-f3e64866,css,3,css-class,ck-vazio-titulo,ck-empty-title,apps/gestao-vite/src/paginas/fluxo/growth/growth.css:841,1,no,,,approved,codex1,
css-css-class-0f1223bd,css,3,css-class,ck-vazio,ck-empty,apps/gestao-vite/src/paginas/fluxo/growth/growth.css:831,1,no,,,approved,codex1,
css-css-class-25477d00,css,3,css-class,cl-acoes,cl-actions,apps/gestao-vite/src/estilos/globais.css:2302,31,no,,,approved,codex1,
css-css-class-960768a0,css,3,css-class,cl-acoes,cl-actions,apps/gestao-vite/src/estilos/globais.css:2309,31,no,,,approved,codex1,
css-css-class-9bd016a0,css,3,css-class,cl-acoes,cl-actions,apps/gestao-vite/src/estilos/globais.css:2318,31,no,,,approved,codex1,
css-css-class-96530bbd,css,3,css-class,cl-acoes,cl-actions,apps/gestao-vite/src/estilos/globais.css:2323,31,no,,,approved,codex1,
css-css-class-a4ab4c25,css,3,css-class,cl-selecao,cl-selection,apps/gestao-vite/src/estilos/globais.css:2350,1,no,,,approved,codex1,
css-css-class-2a1bdcb2,css,3,css-class,cm-acoes,cm-actions,apps/gestao-vite/src/paginas/contrato/certificados/certificados.css:341,1,no,,,approved,codex1,
css-css-class-75eaa6fc,css,3,css-class,cm-alerta-acoes,cm-alert-actions,apps/gestao-vite/src/paginas/contrato/certificados/certificados.css:484,1,no,,,approved,codex1,
css-css-class-f6f288e4,css,3,css-class,cm-alerta-acoes,cm-alert-actions,apps/gestao-vite/src/paginas/contrato/certificados/certificados.css:491,1,no,,,approved,codex1,
css-css-class-9a06d266,css,3,css-class,cm-apresentacao-texto,cm-presentation-text,apps/gestao-vite/src/paginas/contrato/certificados/certificados.css:134,1,no,,,approved,codex1,
css-css-class-81432806,css,3,css-class,cm-apresentacao,cm-presentation,apps/gestao-vite/src/paginas/contrato/certificados/certificados.css:128,1,no,,,approved,codex1,
css-css-class-02c87a3e,css,3,css-class,cm-campo--erro,cm-field--error,apps/gestao-vite/src/paginas/contrato/certificados/certificados.css:763,1,no,,,approved,codex1,
css-css-class-d12a9b05,css,3,css-class,cm-campo--erro,cm-field--error,apps/gestao-vite/src/paginas/contrato/certificados/certificados.css:764,1,no,,,approved,codex1,
css-css-class-4aceaab7,css,3,css-class,cm-campo--erro,cm-field--error,apps/gestao-vite/src/paginas/contrato/certificados/certificados.css:765,1,no,,,approved,codex1,
css-css-class-f4602f4e,css,3,css-class,cm-campo--erro,cm-field--error,apps/gestao-vite/src/paginas/contrato/certificados/certificados.css:769,1,no,,,approved,codex1,
css-css-class-eef1c40f,css,3,css-class,cm-campo--erro,cm-field--error,apps/gestao-vite/src/paginas/contrato/certificados/certificados.css:773,1,no,,,approved,codex1,
css-css-class-b54bcbd6,css,3,css-class,cm-campo-erro,cm-field-error,apps/gestao-vite/src/paginas/contrato/certificados/certificados.css:778,1,no,,,approved,codex1,
css-css-class-6da6be24,css,3,css-class,cm-campo-erro,cm-field-error,apps/gestao-vite/src/paginas/contrato/certificados/certificados.css:789,1,no,,,approved,codex1,
css-css-class-6fb082ff,css,3,css-class,cm-col-acoes,cm-col-actions,apps/gestao-vite/src/paginas/contrato/certificados/certificados.css:337,2,no,,,approved,codex1,
css-css-class-70e6e226,css,3,css-class,cm-col-descricao,cm-col-description,apps/gestao-vite/src/paginas/contrato/certificados/certificados.css:333,2,no,,,approved,codex1,
css-css-class-7d90bbfe,css,3,css-class,cm-coluna,cm-column,apps/gestao-vite/src/paginas/contrato/certificados/certificados.css:610,2,no,,,approved,codex1,
css-css-class-e2abd015,css,3,css-class,cm-linha-de-host-botoes,cm-host-buttons-row,apps/gestao-vite/src/paginas/contrato/certificados/certificados.css:804,1,no,,,approved,codex1,
css-css-class-6a1e3367,css,3,css-class,cm-linha-de-host-botoes,cm-host-buttons-row,apps/gestao-vite/src/paginas/contrato/certificados/certificados.css:810,1,no,,,approved,codex1,
css-css-class-d39b3910,css,3,css-class,cm-modal--cadastro,cm-modal--registration,apps/gestao-vite/src/paginas/contrato/certificados/certificados.css:410,1,no,,,approved,codex1,
css-css-class-8cb62097,css,3,css-class,cm-papel,cm-paper,apps/gestao-vite/src/paginas/contrato/certificados/certificados.css:120,3,no,,,approved,codex1,"glossary-exception:papel-role (CSS ""paper"" surface component, not the permission-role sense)"
css-css-class-5eb7babc,css,3,css-class,cm-rolagem,cm-scroll,apps/gestao-vite/src/paginas/contrato/certificados/certificados.css:429,1,no,,,approved,codex1,
css-css-class-a382c783,css,3,css-class,cn-cartao--link,cn-card--link,apps/gestao-vite/src/paginas/fluxo/canais/canais.css:61,1,no,,,approved,codex1,
css-css-class-bf02caeb,css,3,css-class,cn-cartao--link,cn-card--link,apps/gestao-vite/src/paginas/fluxo/canais/canais.css:67,1,no,,,approved,codex1,
css-css-class-eec981aa,css,3,css-class,cn-cartao-conteudo,cn-card-content,apps/gestao-vite/src/paginas/fluxo/canais/canais.css:76,1,no,,,approved,codex1,
css-css-class-dbfdb38c,css,3,css-class,cn-cartao,cn-card,apps/gestao-vite/src/paginas/fluxo/canais/canais.css:154,2,no,,,approved,codex1,
css-css-class-889d4b1d,css,3,css-class,cn-cartao,cn-card,apps/gestao-vite/src/paginas/fluxo/canais/canais.css:39,2,no,,,approved,codex1,
css-css-class-90d17a7a,css,3,css-class,cn-cartao,cn-card,apps/gestao-vite/src/paginas/fluxo/canais/canais.css:55,2,no,,,approved,codex1,
css-css-class-85203f78,css,3,css-class,cn-cartao,cn-card,apps/gestao-vite/src/paginas/fluxo/canais/canais.css:96,2,no,,,approved,codex1,
css-css-class-06f64eec,css,3,css-class,cn-coluna,cn-column,apps/gestao-vite/src/paginas/fluxo/canais/canais.css:131,0,no,,,approved,codex1,
css-css-class-dc8c34c8,css,3,css-class,cn-coluna,cn-column,apps/gestao-vite/src/paginas/fluxo/canais/canais.css:139,0,no,,,approved,codex1,
css-css-class-951f2766,css,3,css-class,coluna,column,apps/crm/src/app/globais.css:345,520,no,,,approved,codex1,
css-css-class-1d4fa1fe,css,3,css-class,colunas-painel,columns-panel,apps/crm/src/app/globais.css:1117,1,no,,,approved,codex1,"glossary-exception:painel-application (CSS panel component, not the module/route sense)"
css-css-class-e8f5e985,css,3,css-class,colunas-painel,columns-panel,apps/crm/src/app/globais.css:1133,1,no,,,approved,codex1,"glossary-exception:painel-application (CSS panel component, not the module/route sense)"
css-css-class-e7950a89,css,3,css-class,colunas-painel,columns-panel,apps/crm/src/app/globais.css:1138,1,no,,,approved,codex1,"glossary-exception:painel-application (CSS panel component, not the module/route sense)"
css-css-class-ed829e63,css,3,css-class,colunas-painel,columns-panel,apps/crm/src/app/globais.css:1144,1,no,,,approved,codex1,"glossary-exception:painel-application (CSS panel component, not the module/route sense)"
css-css-class-62009905,css,3,css-class,colunas-painel,columns-panel,apps/crm/src/app/globais.css:1155,1,no,,,approved,codex1,"glossary-exception:painel-application (CSS panel component, not the module/route sense)"
css-css-class-5137e562,css,3,css-class,colunas-painel,columns-panel,apps/crm/src/app/globais.css:1159,1,no,,,approved,codex1,"glossary-exception:painel-application (CSS panel component, not the module/route sense)"
css-css-class-2329e911,css,3,css-class,colunas-painel,columns-panel,apps/crm/src/app/globais.css:1169,1,no,,,approved,codex1,"glossary-exception:painel-application (CSS panel component, not the module/route sense)"
css-css-class-cfcc62a0,css,3,css-class,colunas-painel,columns-panel,apps/crm/src/app/globais.css:1173,1,no,,,approved,codex1,"glossary-exception:painel-application (CSS panel component, not the module/route sense)"
css-css-class-77e57c29,css,3,css-class,colunas-painel,columns-panel,apps/crm/src/app/globais.css:1177,1,no,,,approved,codex1,"glossary-exception:painel-application (CSS panel component, not the module/route sense)"
css-css-class-7daf4913,css,3,css-class,colunas-painel,columns-panel,apps/crm/src/app/globais.css:1181,1,no,,,approved,codex1,"glossary-exception:painel-application (CSS panel component, not the module/route sense)"
css-css-class-4a20416c,css,3,css-class,colunas-painel,columns-panel,apps/crm/src/app/globais.css:1190,1,no,,,approved,codex1,"glossary-exception:painel-application (CSS panel component, not the module/route sense)"
css-css-class-797110fa,css,3,css-class,colunas-painel,columns-panel,apps/crm/src/app/globais.css:1195,1,no,,,approved,codex1,"glossary-exception:painel-application (CSS panel component, not the module/route sense)"
css-css-class-593be356,css,3,css-class,colunas-painel,columns-panel,apps/crm/src/app/globais.css:1202,1,no,,,approved,codex1,"glossary-exception:painel-application (CSS panel component, not the module/route sense)"
css-css-class-59cf029d,css,3,css-class,colunas-painel,columns-panel,apps/crm/src/app/globais.css:1215,1,no,,,approved,codex1,"glossary-exception:painel-application (CSS panel component, not the module/route sense)"
css-css-class-cf42f764,css,3,css-class,colunas-painel,columns-panel,apps/crm/src/app/globais.css:1216,1,no,,,approved,codex1,"glossary-exception:painel-application (CSS panel component, not the module/route sense)"
css-css-class-a111df76,css,3,css-class,colunas-painel,columns-panel,apps/crm/src/app/globais.css:1222,1,no,,,approved,codex1,"glossary-exception:painel-application (CSS panel component, not the module/route sense)"
css-css-class-9850172d,css,3,css-class,colunas-painel,columns-panel,apps/crm/src/app/globais.css:1226,1,no,,,approved,codex1,"glossary-exception:painel-application (CSS panel component, not the module/route sense)"
css-css-class-bd9f2beb,css,3,css-class,colunas-painel,columns-panel,apps/crm/src/app/globais.css:1230,1,no,,,approved,codex1,"glossary-exception:painel-application (CSS panel component, not the module/route sense)"
css-css-class-5b6a170d,css,3,css-class,condicao,condition,apps/crm/src/app/globais.css:716,123,no,,,approved,codex1,
css-css-class-c4ece41f,css,3,css-class,conta-abas,account-tabs,apps/gestao-vite/src/paginas/minha-conta/minha-conta.css:303,1,no,,,approved,codex1,
css-css-class-7c3613ce,css,3,css-class,conta-abas,account-tabs,apps/gestao-vite/src/paginas/minha-conta/minha-conta.css:313,1,no,,,approved,codex1,
css-css-class-328d942c,css,3,css-class,conta-abas,account-tabs,apps/gestao-vite/src/paginas/minha-conta/minha-conta.css:320,1,no,,,approved,codex1,
css-css-class-389e9f72,css,3,css-class,conta-abas,account-tabs,apps/gestao-vite/src/paginas/minha-conta/minha-conta.css:324,1,no,,,approved,codex1,
css-css-class-67004416,css,3,css-class,conta-abas,account-tabs,apps/gestao-vite/src/paginas/minha-conta/minha-conta.css:330,1,no,,,approved,codex1,
css-css-class-fe6cb79c,css,3,css-class,conta-abas,account-tabs,apps/gestao-vite/src/paginas/minha-conta/minha-conta.css:341,1,no,,,approved,codex1,
css-css-class-95d5b191,css,3,css-class,conta-abas,account-tabs,apps/gestao-vite/src/paginas/minha-conta/minha-conta.css:345,1,no,,,approved,codex1,
css-css-class-4523af26,css,3,css-class,conta-abas,account-tabs,apps/gestao-vite/src/paginas/minha-conta/minha-conta.css:349,1,no,,,approved,codex1,
css-css-class-cbd8665b,css,3,css-class,conta-aceite,account-acceptance,apps/gestao-vite/src/paginas/minha-conta/minha-conta.css:494,1,no,,,approved,codex1,
css-css-class-9fc01e86,css,3,css-class,conta-aceite,account-acceptance,apps/gestao-vite/src/paginas/minha-conta/minha-conta.css:503,1,no,,,approved,codex1,
css-css-class-34a52074,css,3,css-class,conta-area,account-area,apps/gestao-vite/src/paginas/minha-conta/minha-conta.css:283,1,no,,,approved,codex1,
css-css-class-dde1295f,css,3,css-class,conta-area,account-area,apps/gestao-vite/src/paginas/minha-conta/minha-conta.css:541,1,no,,,approved,codex1,
css-css-class-687ef2d9,css,3,css-class,conta-aviso,account-notice,apps/gestao-vite/src/paginas/minha-conta/minha-conta.css:375,1,no,,,approved,codex1,
css-css-class-6474daf9,css,3,css-class,conta-barra-dir,account-bar-right,apps/gestao-vite/src/paginas/minha-conta/minha-conta.css:121,1,no,,,approved,codex1,
css-css-class-b17f7a8e,css,3,css-class,conta-barra-dir,account-bar-right,apps/gestao-vite/src/paginas/minha-conta/minha-conta.css:68,1,no,,,approved,codex1,
css-css-class-9470b905,css,3,css-class,conta-barra-esq,account-bar-left,apps/gestao-vite/src/paginas/minha-conta/minha-conta.css:67,1,no,,,approved,codex1,
css-css-class-e6bfcfe8,css,3,css-class,conta-barra-eu,account-bar-me,apps/gestao-vite/src/paginas/minha-conta/minha-conta.css:128,1,no,,,approved,codex1,
css-css-class-b887a9f7,css,3,css-class,conta-barra-eu,account-bar-me,apps/gestao-vite/src/paginas/minha-conta/minha-conta.css:134,1,no,,,approved,codex1,
css-css-class-05aff69b,css,3,css-class,conta-barra-eu,account-bar-me,apps/gestao-vite/src/paginas/minha-conta/minha-conta.css:143,1,no,,,approved,codex1,
css-css-class-71e42947,css,3,css-class,conta-barra-marca,account-bar-brand,apps/gestao-vite/src/paginas/minha-conta/minha-conta.css:76,1,no,,,approved,codex1,
css-css-class-00948f53,css,3,css-class,conta-barra-risco,account-bar-risk,apps/gestao-vite/src/paginas/minha-conta/minha-conta.css:88,1,no,,,approved,codex1,
css-css-class-ba5cbe2b,css,3,css-class,conta-barra,account-bar,apps/gestao-vite/src/paginas/minha-conta/minha-conta.css:106,1,no,,,approved,codex1,
css-css-class-176f2328,css,3,css-class,conta-barra,account-bar,apps/gestao-vite/src/paginas/minha-conta/minha-conta.css:112,1,no,,,approved,codex1,
css-css-class-d8382bcd,css,3,css-class,conta-barra,account-bar,apps/gestao-vite/src/paginas/minha-conta/minha-conta.css:117,1,no,,,approved,codex1,
css-css-class-55f8658f,css,3,css-class,conta-barra,account-bar,apps/gestao-vite/src/paginas/minha-conta/minha-conta.css:555,1,no,,,approved,codex1,
css-css-class-1bb5b610,css,3,css-class,conta-barra,account-bar,apps/gestao-vite/src/paginas/minha-conta/minha-conta.css:56,1,no,,,approved,codex1,
css-css-class-9c98e52f,css,3,css-class,conta-barra,account-bar,apps/gestao-vite/src/paginas/minha-conta/minha-conta.css:95,1,no,,,approved,codex1,
css-css-class-8b7705e0,css,3,css-class,conta-barra,account-bar,apps/gestao-vite/src/paginas/minha-conta/minha-conta.css:96,1,no,,,approved,codex1,
css-css-class-5f29b0de,css,3,css-class,conta-botao,account-button,apps/gestao-vite/src/paginas/minha-conta/minha-conta.css:253,1,no,,,approved,codex1,
css-css-class-0a042395,css,3,css-class,conta-botao,account-button,apps/gestao-vite/src/paginas/minha-conta/minha-conta.css:269,1,no,,,approved,codex1,
css-css-class-78c8277a,css,3,css-class,conta-botao,account-button,apps/gestao-vite/src/paginas/minha-conta/minha-conta.css:277,1,no,,,approved,codex1,
css-css-class-0589efa1,css,3,css-class,conta-cabecalho,account-header,apps/gestao-vite/src/paginas/minha-conta/minha-conta.css:230,1,no,,,approved,codex1,
css-css-class-56ec7431,css,3,css-class,conta-cabecalho,account-header,apps/gestao-vite/src/paginas/minha-conta/minha-conta.css:238,1,no,,,approved,codex1,
css-css-class-c315d199,css,3,css-class,conta-cabecalho,account-header,apps/gestao-vite/src/paginas/minha-conta/minha-conta.css:540,1,no,,,approved,codex1,
css-css-class-51eaf6fd,css,3,css-class,conta-campo,account-field,apps/gestao-vite/src/paginas/minha-conta/minha-conta.css:388,10,no,,,approved,codex1,
css-css-class-5cca5104,css,3,css-class,conta-campo,account-field,apps/gestao-vite/src/paginas/minha-conta/minha-conta.css:399,10,no,,,approved,codex1,
css-css-class-70603467,css,3,css-class,conta-campo,account-field,apps/gestao-vite/src/paginas/minha-conta/minha-conta.css:409,10,no,,,approved,codex1,
css-css-class-cb7f0cb0,css,3,css-class,conta-campo,account-field,apps/gestao-vite/src/paginas/minha-conta/minha-conta.css:413,10,no,,,approved,codex1,
css-css-class-dbd28f5b,css,3,css-class,conta-campo,account-field,apps/gestao-vite/src/paginas/minha-conta/minha-conta.css:414,10,no,,,approved,codex1,
css-css-class-41151dad,css,3,css-class,conta-campo,account-field,apps/gestao-vite/src/paginas/minha-conta/minha-conta.css:430,10,no,,,approved,codex1,
css-css-class-be6120a8,css,3,css-class,conta-campo,account-field,apps/gestao-vite/src/paginas/minha-conta/minha-conta.css:436,10,no,,,approved,codex1,
css-css-class-668bafe9,css,3,css-class,conta-campo,account-field,apps/gestao-vite/src/paginas/minha-conta/minha-conta.css:440,10,no,,,approved,codex1,
css-css-class-036dbe40,css,3,css-class,conta-campo,account-field,apps/gestao-vite/src/paginas/minha-conta/minha-conta.css:453,10,no,,,approved,codex1,
css-css-class-8cd8fbf8,css,3,css-class,conta-campo,account-field,apps/gestao-vite/src/paginas/minha-conta/minha-conta.css:460,10,no,,,approved,codex1,
css-css-class-b0d08d86,css,3,css-class,conta-campo,account-field,apps/gestao-vite/src/paginas/minha-conta/minha-conta.css:464,10,no,,,approved,codex1,
css-css-class-6304ffae,css,3,css-class,conta-campo,account-field,apps/gestao-vite/src/paginas/minha-conta/minha-conta.css:475,10,no,,,approved,codex1,
css-css-class-cc9466e1,css,3,css-class,conta-campo,account-field,apps/gestao-vite/src/paginas/minha-conta/minha-conta.css:476,10,no,,,approved,codex1,
css-css-class-3aebb8b5,css,3,css-class,conta-campo,account-field,apps/gestao-vite/src/paginas/minha-conta/minha-conta.css:489,10,no,,,approved,codex1,
css-css-class-b94a7498,css,3,css-class,conta-campo,account-field,apps/gestao-vite/src/paginas/minha-conta/minha-conta.css:490,10,no,,,approved,codex1,
css-css-class-fa78a3c1,css,3,css-class,conta-cartao,account-card,apps/gestao-vite/src/paginas/minha-conta/minha-conta.css:287,1,no,,,approved,codex1,
css-css-class-eb2174b8,css,3,css-class,conta-cartao,account-card,apps/gestao-vite/src/paginas/minha-conta/minha-conta.css:362,1,no,,,approved,codex1,
css-css-class-dce4c68b,css,3,css-class,conta-cartao,account-card,apps/gestao-vite/src/paginas/minha-conta/minha-conta.css:363,1,no,,,approved,codex1,
css-css-class-b56cda92,css,3,css-class,conta-cartao,account-card,apps/gestao-vite/src/paginas/minha-conta/minha-conta.css:546,1,no,,,approved,codex1,
css-css-class-642bd7ee,css,3,css-class,conta-conteudo,account-content,apps/gestao-vite/src/paginas/minha-conta/minha-conta.css:224,1,no,,,approved,codex1,
css-css-class-6ed01ebe,css,3,css-class,conta-conteudo,account-content,apps/gestao-vite/src/paginas/minha-conta/minha-conta.css:536,1,no,,,approved,codex1,
css-css-class-1de5e0bf,css,3,css-class,conta-corpo,account-body,apps/gestao-vite/src/paginas/minha-conta/minha-conta.css:157,1,no,,,approved,codex1,
css-css-class-2fd8dd94,css,3,css-class,conta-form,account-form,apps/gestao-vite/src/paginas/minha-conta/minha-conta.css:277,2,no,,,approved,codex1,
css-css-class-590952d2,css,3,css-class,conta-form,account-form,apps/gestao-vite/src/paginas/minha-conta/minha-conta.css:369,2,no,,,approved,codex1,
css-css-class-c75ddd8d,css,3,css-class,conta-lateral-info,account-side-info,apps/gestao-vite/src/paginas/minha-conta/minha-conta.css:199,1,no,,,approved,codex1,
css-css-class-1232f260,css,3,css-class,conta-lateral-info,account-side-info,apps/gestao-vite/src/paginas/minha-conta/minha-conta.css:203,1,no,,,approved,codex1,
css-css-class-cb20c7f9,css,3,css-class,conta-lateral-info,account-side-info,apps/gestao-vite/src/paginas/minha-conta/minha-conta.css:209,1,no,,,approved,codex1,
css-css-class-fc570252,css,3,css-class,conta-lateral-info,account-side-info,apps/gestao-vite/src/paginas/minha-conta/minha-conta.css:218,1,no,,,approved,codex1,
css-css-class-bba3f33a,css,3,css-class,conta-lateral-nome,account-side-name,apps/gestao-vite/src/paginas/minha-conta/minha-conta.css:183,1,no,,,approved,codex1,
css-css-class-91457925,css,3,css-class,conta-lateral,account-side,apps/gestao-vite/src/paginas/minha-conta/minha-conta.css:163,1,no,,,approved,codex1,
css-css-class-196f4d58,css,3,css-class,conta-lateral,account-side,apps/gestao-vite/src/paginas/minha-conta/minha-conta.css:173,1,no,,,approved,codex1,
css-css-class-7ec0b417,css,3,css-class,conta-lateral,account-side,apps/gestao-vite/src/paginas/minha-conta/minha-conta.css:192,1,no,,,approved,codex1,
css-css-class-7a7b0a30,css,3,css-class,conta-lateral,account-side,apps/gestao-vite/src/paginas/minha-conta/minha-conta.css:532,1,no,,,approved,codex1,
css-css-class-93f954a9,css,3,css-class,conta-pagina,account-page,apps/gestao-vite/src/paginas/minha-conta/minha-conta.css:277,1,no,,,approved,codex1,
css-css-class-0e155636,css,3,css-class,conta-pagina,account-page,apps/gestao-vite/src/paginas/minha-conta/minha-conta.css:44,1,no,,,approved,codex1,
css-css-class-2869dadd,css,3,css-class,conta-painel-perfil,account-panel-profile,apps/gestao-vite/src/paginas/minha-conta/minha-conta.css:362,1,no,,,approved,codex1,"glossary-exception:painel-application (CSS panel component, not the module/route sense)"
css-css-class-7bec31a2,css,3,css-class,conta-painel-preferencias,account-panel-preferences,apps/gestao-vite/src/paginas/minha-conta/minha-conta.css:363,1,no,,,approved,codex1,"glossary-exception:painel-application (CSS panel component, not the module/route sense)"
css-css-class-9a3da0b3,css,3,css-class,conta-painel,account-panel,apps/gestao-vite/src/paginas/minha-conta/minha-conta.css:354,2,no,,,approved,codex1,"glossary-exception:painel-application (CSS panel component, not the module/route sense)"
css-css-class-159af1e4,css,3,css-class,conta-painel,account-panel,apps/gestao-vite/src/paginas/minha-conta/minha-conta.css:550,2,no,,,approved,codex1,"glossary-exception:painel-application (CSS panel component, not the module/route sense)"
css-css-class-4e976a73,css,3,css-class,conta-recado,account-note,apps/gestao-vite/src/paginas/minha-conta/minha-conta.css:481,6,no,,,approved,codex1,
css-css-class-1e75b918,css,3,css-class,conta-recado,account-note,apps/gestao-vite/src/paginas/minha-conta/minha-conta.css:489,6,no,,,approved,codex1,
css-css-class-2e2356bd,css,3,css-class,conta-recado,account-note,apps/gestao-vite/src/paginas/minha-conta/minha-conta.css:490,6,no,,,approved,codex1,
css-css-class-fe82f3fd,css,3,css-class,conta-regua,account-ruler,apps/gestao-vite/src/paginas/minha-conta/minha-conta.css:245,1,no,,,approved,codex1,
css-css-class-c2b58237,css,3,css-class,conta-termos,account-terms,apps/gestao-vite/src/paginas/minha-conta/minha-conta.css:512,1,no,,,approved,codex1,
css-css-class-81b54290,css,3,css-class,conta-termos,account-terms,apps/gestao-vite/src/paginas/minha-conta/minha-conta.css:521,1,no,,,approved,codex1,
css-css-class-2190022c,css,3,css-class,cover--automacao,cover--automation,apps/site/assets/site.css:1452,6,no,,,approved,codex1,
css-css-class-abe4b5f9,css,3,css-class,cr-acoes,cr-actions,apps/gestao-vite/src/paginas/criar/criar.css:373,2,no,,,approved,codex1,
css-css-class-b86d1773,css,3,css-class,cr-acoes,cr-actions,apps/gestao-vite/src/paginas/criar/fluxo/criar-fluxo.css:105,2,no,,,approved,codex1,
css-css-class-fc4245a2,css,3,css-class,cr-convite-desenho,cr-invitation-illustration,apps/gestao-vite/src/paginas/criar/roteador/criar-roteador.css:29,1,no,,,approved,codex1,
css-css-class-e4c060f6,css,3,css-class,cr-convite-desenho,cr-invitation-illustration,apps/gestao-vite/src/paginas/criar/roteador/criar-roteador.css:90,1,no,,,approved,codex1,
css-css-class-b641d69c,css,3,css-class,cr-convite-texto,cr-invitation-text,apps/gestao-vite/src/paginas/criar/roteador/criar-roteador.css:42,1,no,,,approved,codex1,
css-css-class-52624899,css,3,css-class,cr-convite-texto,cr-invitation-text,apps/gestao-vite/src/paginas/criar/roteador/criar-roteador.css:49,1,no,,,approved,codex1,
css-css-class-b3c022d9,css,3,css-class,cr-convite-texto,cr-invitation-text,apps/gestao-vite/src/paginas/criar/roteador/criar-roteador.css:56,1,no,,,approved,codex1,
css-css-class-da6f1686,css,3,css-class,cr-convite-texto,cr-invitation-text,apps/gestao-vite/src/paginas/criar/roteador/criar-roteador.css:76,1,no,,,approved,codex1,
css-css-class-358a9a99,css,3,css-class,cr-convite-texto,cr-invitation-text,apps/gestao-vite/src/paginas/criar/roteador/criar-roteador.css:95,1,no,,,approved,codex1,
css-css-class-248afaaa,css,3,css-class,cr-convite,cr-invitation,apps/gestao-vite/src/paginas/criar/roteador/criar-roteador.css:14,1,no,,,approved,codex1,
css-css-class-e88354c7,css,3,css-class,cr-convite,cr-invitation,apps/gestao-vite/src/paginas/criar/roteador/criar-roteador.css:85,1,no,,,approved,codex1,
css-css-class-0a692dab,css,3,css-class,ct-adicionar-filtro,ct-add-filter,apps/gestao-vite/src/paginas/fluxo/contatos/contatos.css:72,1,no,,,approved,codex1,
css-css-class-96ad434a,css,3,css-class,ct-adicionar-traducao--ativo,ct-add-translation--active,apps/gestao-vite/src/paginas/fluxo/conteudos/conteudos.css:972,1,no,,,approved,codex1,
css-css-class-6bc2d53d,css,3,css-class,ct-adicionar-traducao,ct-add-translation,apps/gestao-vite/src/paginas/fluxo/conteudos/conteudos.css:955,2,no,,,approved,codex1,
css-css-class-0e7d1fdb,css,3,css-class,ct-adicionar-traducao,ct-add-translation,apps/gestao-vite/src/paginas/fluxo/conteudos/conteudos.css:969,2,no,,,approved,codex1,
css-css-class-1152d646,css,3,css-class,ct-adicionar-traducao,ct-add-translation,apps/gestao-vite/src/paginas/fluxo/conteudos/conteudos.css:975,2,no,,,approved,codex1,
css-css-class-4fa05f27,css,3,css-class,ct-anexo-area,ct-attachment-area,apps/gestao-vite/src/paginas/fluxo/conteudos/conteudos.css:902,1,no,,,approved,codex1,
css-css-class-6a0827d9,css,3,css-class,ct-anexo-corpo,ct-attachment-body,apps/gestao-vite/src/paginas/fluxo/conteudos/conteudos.css:897,1,no,,,approved,codex1,
css-css-class-89164dd5,css,3,css-class,ct-anexo-titulo,ct-attachment-title,apps/gestao-vite/src/paginas/fluxo/conteudos/conteudos.css:911,1,no,,,approved,codex1,
css-css-class-b7d273fa,css,3,css-class,ct-anexo-titulo,ct-attachment-title,apps/gestao-vite/src/paginas/fluxo/conteudos/conteudos.css:916,1,no,,,approved,codex1,
css-css-class-f628dcfb,css,3,css-class,ct-bloco-icone--carrossel,ct-block-icon--carousel,apps/gestao-vite/src/paginas/fluxo/conteudos/conteudos.css:642,1,no,,,approved,codex1,
css-css-class-58cb6eb9,css,3,css-class,ct-bloco-icone--imagem,ct-block-icon--image,apps/gestao-vite/src/paginas/fluxo/conteudos/conteudos.css:630,1,no,,,approved,codex1,
css-css-class-253e3882,css,3,css-class,ct-bloco-icone--pdf,ct-block-icon--pdf,apps/gestao-vite/src/paginas/fluxo/conteudos/conteudos.css:633,1,no,,,approved,codex1,
css-css-class-2eafeabb,css,3,css-class,ct-bloco-icone--pix,ct-block-icon--pix,apps/gestao-vite/src/paginas/fluxo/conteudos/conteudos.css:639,1,no,,,approved,codex1,
css-css-class-b499774b,css,3,css-class,ct-bloco-icone--texto,ct-block-icon--text,apps/gestao-vite/src/paginas/fluxo/conteudos/conteudos.css:627,1,no,,,approved,codex1,
css-css-class-b1fec406,css,3,css-class,ct-bloco-icone--video,ct-block-icon--video,apps/gestao-vite/src/paginas/fluxo/conteudos/conteudos.css:636,1,no,,,approved,codex1,
css-css-class-e21abfe3,css,3,css-class,ct-bloco,ct-block,apps/gestao-vite/src/paginas/contrato/contrato.css:135,6,no,,,approved,codex1,
css-css-class-dcacbea9,css,3,css-class,ct-bloco,ct-block,apps/gestao-vite/src/paginas/contrato/contrato.css:232,6,no,,,approved,codex1,
css-css-class-9c3339cd,css,3,css-class,ct-botoes-edicao,ct-buttons-edit,apps/gestao-vite/src/paginas/fluxo/conteudos/conteudos.css:846,2,no,,,approved,codex1,
css-css-class-33d5d3be,css,3,css-class,ct-botoes-linha,ct-buttons-line,apps/gestao-vite/src/paginas/fluxo/conteudos/conteudos.css:855,1,no,,,approved,codex1,
css-css-class-e00416f6,css,3,css-class,ct-cabeca-acoes,ct-header-actions,apps/gestao-vite/src/paginas/fluxo/contatos/contatos.css:122,1,no,,,approved,codex1,
css-css-class-971dcdcd,css,3,css-class,ct-cabeca-secao,ct-header-section,apps/gestao-vite/src/paginas/fluxo/contatos/contatos.css:99,1,no,,,approved,codex1,
css-css-class-f53b60c4,css,3,css-class,ct-cabecalho-acoes,ct-header-actions,apps/gestao-vite/src/paginas/fluxo/conteudos/conteudos.css:180,1,no,,,approved,codex1,
css-css-class-bd261748,css,3,css-class,ct-cabecalho-botoes,ct-header-buttons,apps/gestao-vite/src/paginas/fluxo/conteudos/conteudos.css:188,1,no,,,approved,codex1,
css-css-class-bf648fa6,css,3,css-class,ct-cabecalho-secao,ct-header-section,apps/gestao-vite/src/paginas/fluxo/conteudos/conteudos.css:149,1,no,,,approved,codex1,
css-css-class-491c665f,css,3,css-class,ct-caixa-teste,ct-box-test,apps/gestao-vite/src/paginas/fluxo/contatos/contatos.css:583,1,no,,,approved,codex1,
css-css-class-bd952677,css,3,css-class,ct-canal-rotulo,ct-channel-label,apps/gestao-vite/src/paginas/fluxo/contatos/contatos.css:300,1,no,,,approved,codex1,
css-css-class-0253c8e4,css,3,css-class,ct-canal-rotulo,ct-channel-label,apps/gestao-vite/src/paginas/fluxo/contatos/contatos.css:306,1,no,,,approved,codex1,
css-css-class-c1ff8a91,css,3,css-class,ct-canal-valor,ct-channel-value,apps/gestao-vite/src/paginas/fluxo/contatos/contatos.css:301,1,no,,,approved,codex1,
css-css-class-fdcd0b3b,css,3,css-class,ct-cartao--anexo-inativo,ct-card--attachment-inactive,apps/gestao-vite/src/paginas/fluxo/conteudos/conteudos.css:891,1,no,,,approved,codex1,
css-css-class-b99c21a8,css,3,css-class,ct-cartao--anexo,ct-card--attachment,apps/gestao-vite/src/paginas/fluxo/conteudos/conteudos.css:1018,2,no,,,approved,codex1,
css-css-class-2a8a9b5b,css,3,css-class,ct-cartao--anexo,ct-card--attachment,apps/gestao-vite/src/paginas/fluxo/conteudos/conteudos.css:885,2,no,,,approved,codex1,
css-css-class-b5a27d90,css,3,css-class,ct-cartao--anexo,ct-card--attachment,apps/gestao-vite/src/paginas/fluxo/conteudos/conteudos.css:894,2,no,,,approved,codex1,
css-css-class-2d586311,css,3,css-class,ct-cartao--edicao,ct-card--edit,apps/gestao-vite/src/paginas/fluxo/conteudos/conteudos.css:894,2,no,,,approved,codex1,
css-css-class-11b8aeeb,css,3,css-class,ct-cartao--previa,ct-card--preview,apps/gestao-vite/src/paginas/fluxo/conteudos/conteudos.css:662,2,no,,,approved,codex1,
css-css-class-5e6361ba,css,3,css-class,ct-cartao-acao,ct-card-action,apps/gestao-vite/src/paginas/fluxo/conteudos/conteudos.css:801,1,no,,,approved,codex1,
css-css-class-78353852,css,3,css-class,ct-cartao-area,ct-card-area,apps/gestao-vite/src/paginas/fluxo/conteudos/conteudos.css:719,2,no,,,approved,codex1,
css-css-class-2baef431,css,3,css-class,ct-cartao-area,ct-card-area,apps/gestao-vite/src/paginas/fluxo/conteudos/conteudos.css:732,2,no,,,approved,codex1,
css-css-class-ebaca275,css,3,css-class,ct-cartao-botao,ct-card-button,apps/gestao-vite/src/paginas/fluxo/conteudos/conteudos.css:688,5,no,,,approved,codex1,
css-css-class-9828496e,css,3,css-class,ct-cartao-botoes,ct-card-buttons,apps/gestao-vite/src/paginas/fluxo/conteudos/conteudos.css:782,2,no,,,approved,codex1,
css-css-class-3a548117,css,3,css-class,ct-cartao-confirmar,ct-card-confirm,apps/gestao-vite/src/paginas/fluxo/conteudos/conteudos.css:702,2,no,,,approved,codex1,
css-css-class-1231aa23,css,3,css-class,ct-cartao-editar,ct-card-edit,apps/gestao-vite/src/paginas/fluxo/conteudos/conteudos.css:701,1,no,,,approved,codex1,
css-css-class-fc437ff8,css,3,css-class,ct-cartao-editar,ct-card-edit,apps/gestao-vite/src/paginas/fluxo/conteudos/conteudos.css:707,1,no,,,approved,codex1,
css-css-class-063e8b4c,css,3,css-class,ct-cartao-editar,ct-card-edit,apps/gestao-vite/src/paginas/fluxo/conteudos/conteudos.css:710,1,no,,,approved,codex1,
css-css-class-4d175603,css,3,css-class,ct-cartao-entrada--invalida,ct-card-input--invalid,apps/gestao-vite/src/paginas/fluxo/conteudos/conteudos.css:773,1,no,,,approved,codex1,"glossary-exception:entrada-inbound (form input / login entry step, not message direction)"
css-css-class-b08c01d0,css,3,css-class,ct-cartao-entrada,ct-card-input,apps/gestao-vite/src/paginas/fluxo/conteudos/conteudos.css:758,6,no,,,approved,codex1,"glossary-exception:entrada-inbound (form input / login entry step, not message direction)"
css-css-class-c0956706,css,3,css-class,ct-cartao-entrada,ct-card-input,apps/gestao-vite/src/paginas/fluxo/conteudos/conteudos.css:770,6,no,,,approved,codex1,"glossary-exception:entrada-inbound (form input / login entry step, not message direction)"
css-css-class-89c2a310,css,3,css-class,ct-cartao-fechar,ct-card-close,apps/gestao-vite/src/paginas/fluxo/conteudos/conteudos.css:713,2,no,,,approved,codex1,
css-css-class-0cccf48b,css,3,css-class,ct-cartao-formatacao,ct-card-formatting,apps/gestao-vite/src/paginas/fluxo/conteudos/conteudos.css:738,2,no,,,approved,codex1,
css-css-class-e4afc85a,css,3,css-class,ct-cartao-icone,ct-card-icon,apps/gestao-vite/src/paginas/contrato/contrato.css:360,1,no,,,approved,codex1,
css-css-class-1cb22b71,css,3,css-class,ct-cartao-placeholder,ct-card-placeholder,apps/gestao-vite/src/paginas/fluxo/conteudos/conteudos.css:665,1,no,,,approved,codex1,
css-css-class-b866ebd6,css,3,css-class,ct-cartao-resposta,ct-card-reply,apps/gestao-vite/src/paginas/fluxo/conteudos/conteudos.css:790,1,no,,,approved,codex1,
css-css-class-aadeeb8a,css,3,css-class,ct-cartao-rodape,ct-card-footer,apps/gestao-vite/src/paginas/fluxo/conteudos/conteudos.css:680,1,no,,,approved,codex1,
css-css-class-1daf0c6e,css,3,css-class,ct-cartao-texto,ct-card-text,apps/gestao-vite/src/paginas/contrato/contrato.css:374,4,no,,,approved,codex1,
css-css-class-505f588c,css,3,css-class,ct-cartao-texto,ct-card-text,apps/gestao-vite/src/paginas/contrato/contrato.css:398,4,no,,,approved,codex1,
css-css-class-2a7ade49,css,3,css-class,ct-cartao-texto,ct-card-text,apps/gestao-vite/src/paginas/contrato/contrato.css:406,4,no,,,approved,codex1,
css-css-class-223b0278,css,3,css-class,ct-cartao-texto,ct-card-text,apps/gestao-vite/src/paginas/fluxo/conteudos/conteudos.css:671,4,no,,,approved,codex1,
css-css-class-7b4d6457,css,3,css-class,ct-cartao-titulo,ct-card-title,apps/gestao-vite/src/paginas/contrato/contrato.css:383,1,no,,,approved,codex1,
css-css-class-3e6db87a,css,3,css-class,ct-cartao-titulo,ct-card-title,apps/gestao-vite/src/paginas/contrato/contrato.css:391,1,no,,,approved,codex1,
css-css-class-79713905,css,3,css-class,ct-cartao-variavel,ct-card-variable,apps/gestao-vite/src/paginas/fluxo/conteudos/conteudos.css:743,2,no,,,approved,codex1,
css-css-class-0e7874a7,css,3,css-class,ct-cartao,ct-card,apps/gestao-vite/src/paginas/contrato/contrato.css:325,8,no,,,approved,codex1,
css-css-class-d5eee160,css,3,css-class,ct-cartao,ct-card,apps/gestao-vite/src/paginas/contrato/contrato.css:342,8,no,,,approved,codex1,
css-css-class-b7e40453,css,3,css-class,ct-cartao,ct-card,apps/gestao-vite/src/paginas/contrato/contrato.css:350,8,no,,,approved,codex1,
css-css-class-22a7bc9f,css,3,css-class,ct-cartao,ct-card,apps/gestao-vite/src/paginas/fluxo/conteudos/conteudos.css:1017,8,no,,,approved,codex1,
css-css-class-a363159c,css,3,css-class,ct-cartao,ct-card,apps/gestao-vite/src/paginas/fluxo/conteudos/conteudos.css:649,8,no,,,approved,codex1,
css-css-class-5112e460,css,3,css-class,ct-cartao,ct-card,apps/gestao-vite/src/paginas/fluxo/conteudos/conteudos.css:710,8,no,,,approved,codex1,
css-css-class-1f9ab339,css,3,css-class,ct-cartoes,ct-cards,apps/gestao-vite/src/paginas/contrato/contrato.css:317,2,no,,,approved,codex1,
css-css-class-72a81587,css,3,css-class,ct-cartoes,ct-cards,apps/gestao-vite/src/paginas/fluxo/contatos/contatos.css:220,2,no,,,approved,codex1,
css-css-class-37ae2336,css,3,css-class,ct-casca,ct-shell,apps/gestao-vite/src/paginas/fluxo/conteudos/conteudos.css:1003,1,no,,,approved,codex1,
css-css-class-3d7646de,css,3,css-class,ct-casca,ct-shell,apps/gestao-vite/src/paginas/fluxo/conteudos/conteudos.css:28,1,no,,,approved,codex1,
css-css-class-58626ceb,css,3,css-class,ct-casca,ct-shell,apps/gestao-vite/src/paginas/fluxo/conteudos/conteudos.css:37,1,no,,,approved,codex1,
css-css-class-8a8a509c,css,3,css-class,ct-casca,ct-shell,apps/gestao-vite/src/paginas/fluxo/conteudos/conteudos.css:43,1,no,,,approved,codex1,
css-css-class-2eaa83fc,css,3,css-class,ct-chave-extra,ct-key-extra,apps/gestao-vite/src/paginas/fluxo/contatos/contatos.css:547,1,no,,,approved,codex1,
css-css-class-89861422,css,3,css-class,ct-coluna,ct-column,apps/gestao-vite/src/paginas/fluxo/conteudos/conteudos.css:542,1,no,,,approved,codex1,
css-css-class-ae51b6c3,css,3,css-class,ct-contagem,ct-count,apps/gestao-vite/src/paginas/fluxo/contatos/contatos.css:170,1,no,,,approved,codex1,
css-css-class-3d22a955,css,3,css-class,ct-dados,ct-data,apps/gestao-vite/src/paginas/contrato/contrato.css:141,1,no,,,approved,codex1,
css-css-class-77b69ac5,css,3,css-class,ct-dados,ct-data,apps/gestao-vite/src/paginas/contrato/contrato.css:207,1,no,,,approved,codex1,
css-css-class-44d5a01b,css,3,css-class,ct-dados,ct-data,apps/gestao-vite/src/paginas/contrato/contrato.css:211,1,no,,,approved,codex1,
css-css-class-06b963dd,css,3,css-class,ct-dados,ct-data,apps/gestao-vite/src/paginas/contrato/contrato.css:224,1,no,,,approved,codex1,
css-css-class-d3c14d2f,css,3,css-class,ct-dados,ct-data,apps/gestao-vite/src/paginas/contrato/contrato.css:232,1,no,,,approved,codex1,
css-css-class-0e60ad69,css,3,css-class,ct-dados,ct-data,apps/gestao-vite/src/paginas/contrato/contrato.css:237,1,no,,,approved,codex1,
css-css-class-dbc84e97,css,3,css-class,ct-editar-acoes,ct-edit-actions,apps/gestao-vite/src/paginas/fluxo/contatos/contatos.css:471,1,no,,,approved,codex1,
css-css-class-cb48d3e2,css,3,css-class,ct-editar-acoes,ct-edit-actions,apps/gestao-vite/src/paginas/fluxo/contatos/contatos.css:474,1,no,,,approved,codex1,
css-css-class-9bb837ca,css,3,css-class,ct-entrada,ct-input,apps/gestao-vite/src/paginas/fluxo/contatos/contatos.css:565,1,no,,,approved,codex1,"glossary-exception:entrada-inbound (form input / login entry step, not message direction)"
css-css-class-a202bf77,css,3,css-class,ct-entrada,ct-input,apps/gestao-vite/src/paginas/fluxo/contatos/contatos.css:578,1,no,,,approved,codex1,"glossary-exception:entrada-inbound (form input / login entry step, not message direction)"
css-css-class-bfb43600,css,3,css-class,ct-erro--14,ct-error--14,apps/gestao-vite/src/paginas/fluxo/conteudos/conteudos.css:523,2,no,,,approved,codex1,
css-css-class-d37f5bb6,css,3,css-class,ct-erro,ct-error,apps/gestao-vite/src/paginas/fluxo/conteudos/conteudos.css:517,6,no,,,approved,codex1,
css-css-class-896b6a2c,css,3,css-class,ct-filtro-contatos,ct-filter-contacts,apps/gestao-vite/src/paginas/fluxo/contatos/contatos.css:164,1,no,,,approved,codex1,
css-css-class-73d32d72,css,3,css-class,ct-filtro-contatos,ct-filter-contacts,apps/gestao-vite/src/paginas/fluxo/contatos/contatos.css:848,1,no,,,approved,codex1,
css-css-class-2befa64d,css,3,css-class,ct-filtros-cabeca,ct-filters-header,apps/gestao-vite/src/paginas/fluxo/contatos/contatos.css:31,1,no,,,approved,codex1,
css-css-class-9cfb1d7a,css,3,css-class,ct-filtros-corpo,ct-filters-body,apps/gestao-vite/src/paginas/fluxo/contatos/contatos.css:63,1,no,,,approved,codex1,
css-css-class-ef5c7716,css,3,css-class,ct-filtros-titulo,ct-filters-title,apps/gestao-vite/src/paginas/fluxo/contatos/contatos.css:35,1,no,,,approved,codex1,
css-css-class-9c44aa8f,css,3,css-class,ct-filtros,ct-filters,apps/gestao-vite/src/paginas/fluxo/contatos/contatos.css:17,1,no,,,approved,codex1,
css-css-class-b34d752b,css,3,css-class,ct-filtros,ct-filters,apps/gestao-vite/src/paginas/fluxo/contatos/contatos.css:807,1,no,,,approved,codex1,
css-css-class-22e016ef,css,3,css-class,ct-grupos,ct-groups,apps/gestao-vite/src/paginas/contrato/contrato.css:272,1,no,,,approved,codex1,
css-css-class-38405b2a,css,3,css-class,ct-historico-cabeca,ct-history-header,apps/gestao-vite/src/paginas/fluxo/contatos/contatos.css:359,1,no,,,approved,codex1,
css-css-class-0ba58f14,css,3,css-class,ct-historico-cabeca,ct-history-header,apps/gestao-vite/src/paginas/fluxo/contatos/contatos.css:832,1,no,,,approved,codex1,
css-css-class-13d3651e,css,3,css-class,ct-historico-titulo,ct-history-title,apps/gestao-vite/src/paginas/fluxo/contatos/contatos.css:721,1,no,,,approved,codex1,
css-css-class-641aa1df,css,3,css-class,ct-historico,ct-history,apps/gestao-vite/src/paginas/fluxo/contatos/contatos.css:709,1,no,,,approved,codex1,
css-css-class-79812610,css,3,css-class,ct-historico,ct-history,apps/gestao-vite/src/paginas/fluxo/contatos/contatos.css:827,1,no,,,approved,codex1,
css-css-class-7c1ea84d,css,3,css-class,ct-indisponivel-descricao,ct-unavailable-description,apps/gestao-vite/src/paginas/fluxo/conteudos/conteudos.css:270,1,no,,,approved,codex1,
css-css-class-906fcf54,css,3,css-class,ct-indisponivel-descricao,ct-unavailable-description,apps/gestao-vite/src/paginas/fluxo/conteudos/conteudos.css:274,1,no,,,approved,codex1,
css-css-class-f7831969,css,3,css-class,ct-indisponivel-imagem,ct-unavailable-image,apps/gestao-vite/src/paginas/fluxo/conteudos/conteudos.css:258,1,no,,,approved,codex1,
css-css-class-6c605f27,css,3,css-class,ct-informacoes-cabeca,ct-information-header,apps/gestao-vite/src/paginas/fluxo/contatos/contatos.css:460,1,no,,,approved,codex1,
css-css-class-ef739499,css,3,css-class,ct-informacoes-conteudo,ct-information-content,apps/gestao-vite/src/paginas/fluxo/contatos/contatos.css:456,1,no,,,approved,codex1,
css-css-class-b4b59d5c,css,3,css-class,ct-informacoes-titulo,ct-information-title,apps/gestao-vite/src/paginas/fluxo/contatos/contatos.css:466,1,no,,,approved,codex1,
css-css-class-f90043d1,css,3,css-class,ct-informacoes,ct-information,apps/gestao-vite/src/paginas/fluxo/contatos/contatos.css:434,1,no,,,approved,codex1,
css-css-class-9f01e063,css,3,css-class,ct-informacoes,ct-information,apps/gestao-vite/src/paginas/fluxo/contatos/contatos.css:446,1,no,,,approved,codex1,
css-css-class-dfbb7b2c,css,3,css-class,ct-informacoes,ct-information,apps/gestao-vite/src/paginas/fluxo/contatos/contatos.css:843,1,no,,,approved,codex1,
css-css-class-f743cf9c,css,3,css-class,ct-lateral-cartao--ativo,ct-side-card--active,apps/gestao-vite/src/paginas/fluxo/conteudos/conteudos.css:83,1,no,,,approved,codex1,
css-css-class-3985d3d2,css,3,css-class,ct-lateral-cartao,ct-side-card,apps/gestao-vite/src/paginas/fluxo/conteudos/conteudos.css:71,2,no,,,approved,codex1,
css-css-class-2d721fce,css,3,css-class,ct-lateral-cartao,ct-side-card,apps/gestao-vite/src/paginas/fluxo/conteudos/conteudos.css:82,2,no,,,approved,codex1,
css-css-class-b500a2a5,css,3,css-class,ct-lateral-cartao,ct-side-card,apps/gestao-vite/src/paginas/fluxo/conteudos/conteudos.css:86,2,no,,,approved,codex1,
css-css-class-eda28e84,css,3,css-class,ct-lateral-descricao,ct-side-description,apps/gestao-vite/src/paginas/fluxo/conteudos/conteudos.css:101,1,no,,,approved,codex1,
css-css-class-884cff0c,css,3,css-class,ct-linha--primeira,ct-line--first,apps/gestao-vite/src/paginas/fluxo/contatos/contatos.css:484,1,no,,,approved,codex1,
css-css-class-a924de91,css,3,css-class,ct-listagem,ct-listing,apps/gestao-vite/src/paginas/fluxo/contatos/contatos.css:7,1,no,,,approved,codex1,
css-css-class-6cb334c9,css,3,css-class,ct-listagem,ct-listing,apps/gestao-vite/src/paginas/fluxo/contatos/contatos.css:812,1,no,,,approved,codex1,
css-css-class-f457b59c,css,3,css-class,ct-lixeira,ct-trash,apps/gestao-vite/src/paginas/fluxo/conteudos/conteudos.css:533,1,no,,,approved,codex1,
css-css-class-ea696385,css,3,css-class,ct-mensagem--direita,ct-message--right,apps/gestao-vite/src/paginas/fluxo/contatos/contatos.css:752,0,no,,,approved,codex1,
css-css-class-db23aa3d,css,3,css-class,ct-mensagem--direita,ct-message--right,apps/gestao-vite/src/paginas/fluxo/contatos/contatos.css:784,0,no,,,approved,codex1,
css-css-class-aba931a8,css,3,css-class,ct-mensagem--esquerda,ct-message--left,apps/gestao-vite/src/paginas/fluxo/contatos/contatos.css:755,0,no,,,approved,codex1,
css-css-class-2b218e5a,css,3,css-class,ct-mensagem--esquerda,ct-message--left,apps/gestao-vite/src/paginas/fluxo/contatos/contatos.css:789,0,no,,,approved,codex1,
css-css-class-44a9349e,css,3,css-class,ct-mensagem-container,ct-message-container,apps/gestao-vite/src/paginas/fluxo/contatos/contatos.css:747,1,no,,,approved,codex1,
css-css-class-a3b7a8b9,css,3,css-class,ct-mensagem-container,ct-message-container,apps/gestao-vite/src/paginas/fluxo/contatos/contatos.css:752,1,no,,,approved,codex1,
css-css-class-b9c6bd43,css,3,css-class,ct-mensagem-container,ct-message-container,apps/gestao-vite/src/paginas/fluxo/contatos/contatos.css:755,1,no,,,approved,codex1,
css-css-class-4acfd41e,css,3,css-class,ct-mensagem-foto,ct-message-photo,apps/gestao-vite/src/paginas/fluxo/contatos/contatos.css:760,1,no,,,approved,codex1,
css-css-class-1f87be40,css,3,css-class,ct-mensagem,ct-message,apps/gestao-vite/src/paginas/fluxo/contatos/contatos.css:742,1,no,,,approved,codex1,
css-css-class-c4dd2c8b,css,3,css-class,ct-mensagens,ct-messages,apps/gestao-vite/src/paginas/fluxo/contatos/contatos.css:734,1,no,,,approved,codex1,
css-css-class-4a99c88f,css,3,css-class,ct-menu-botoes-item,ct-menu-buttons-item,apps/gestao-vite/src/paginas/fluxo/conteudos/conteudos.css:825,2,no,,,approved,codex1,
css-css-class-4908f8da,css,3,css-class,ct-menu-botoes-item,ct-menu-buttons-item,apps/gestao-vite/src/paginas/fluxo/conteudos/conteudos.css:837,2,no,,,approved,codex1,
css-css-class-961775d0,css,3,css-class,ct-menu-botoes-item,ct-menu-buttons-item,apps/gestao-vite/src/paginas/fluxo/conteudos/conteudos.css:842,2,no,,,approved,codex1,
css-css-class-af4174c4,css,3,css-class,ct-menu-botoes,ct-menu-buttons,apps/gestao-vite/src/paginas/fluxo/conteudos/conteudos.css:1022,1,no,,,approved,codex1,
css-css-class-1b8461ac,css,3,css-class,ct-menu-botoes,ct-menu-buttons,apps/gestao-vite/src/paginas/fluxo/conteudos/conteudos.css:817,1,no,,,approved,codex1,
css-css-class-14f87150,css,3,css-class,ct-menu-papel,ct-menu-paper,apps/gestao-vite/src/paginas/fluxo/conteudos/conteudos.css:566,1,no,,,approved,codex1,"glossary-exception:papel-role (CSS ""paper"" surface component, not the permission-role sense)"
css-css-class-4715fe31,css,3,css-class,ct-nome-usuario,ct-name-user,apps/gestao-vite/src/paginas/fluxo/contatos/contatos.css:384,1,no,,,approved,codex1,
css-css-class-9914675c,css,3,css-class,ct-notificacao,ct-notification,apps/gestao-vite/src/paginas/fluxo/contatos/contatos.css:794,1,no,,,approved,codex1,
css-css-class-3c78ae81,css,3,css-class,ct-papel,ct-paper,apps/gestao-vite/src/paginas/fluxo/conteudos/conteudos.css:311,1,no,,,approved,codex1,"glossary-exception:papel-role (CSS ""paper"" surface component, not the permission-role sense)"
css-css-class-170153ae,css,3,css-class,ct-periodo-data,ct-period-data,apps/gestao-vite/src/paginas/fluxo/contatos/contatos.css:202,2,no,,,approved,codex1,
css-css-class-a9c64d1b,css,3,css-class,ct-periodo-data,ct-period-data,apps/gestao-vite/src/paginas/fluxo/contatos/contatos.css:213,2,no,,,approved,codex1,
css-css-class-191b1c09,css,3,css-class,ct-periodo-data,ct-period-data,apps/gestao-vite/src/paginas/fluxo/contatos/contatos.css:217,2,no,,,approved,codex1,
css-css-class-a171d0ab,css,3,css-class,ct-periodo-data,ct-period-data,apps/gestao-vite/src/paginas/fluxo/contatos/contatos.css:856,2,no,,,approved,codex1,
css-css-class-8d8fecf6,css,3,css-class,ct-periodo-icone,ct-period-icon,apps/gestao-vite/src/paginas/fluxo/contatos/contatos.css:192,1,no,,,approved,codex1,
css-css-class-62526fa4,css,3,css-class,ct-periodo,ct-period,apps/gestao-vite/src/paginas/fluxo/contatos/contatos.css:180,1,no,,,approved,codex1,
css-css-class-6d05d56e,css,3,css-class,ct-periodo,ct-period,apps/gestao-vite/src/paginas/fluxo/contatos/contatos.css:853,1,no,,,approved,codex1,
css-css-class-f6c1795b,css,3,css-class,ct-secao-abrir,ct-section-open,apps/gestao-vite/src/paginas/fluxo/contatos/contatos.css:312,1,no,,,approved,codex1,
css-css-class-4de07158,css,3,css-class,ct-secao-abrir,ct-section-open,apps/gestao-vite/src/paginas/fluxo/contatos/contatos.css:865,1,no,,,approved,codex1,
css-css-class-91800684,css,3,css-class,ct-secao-avatar,ct-section-avatar,apps/gestao-vite/src/paginas/fluxo/contatos/contatos.css:248,1,no,,,approved,codex1,
css-css-class-a7684ae7,css,3,css-class,ct-secao-canal,ct-section-channel,apps/gestao-vite/src/paginas/fluxo/contatos/contatos.css:294,1,no,,,approved,codex1,
css-css-class-7721f1f8,css,3,css-class,ct-secao-canal,ct-section-channel,apps/gestao-vite/src/paginas/fluxo/contatos/contatos.css:863,1,no,,,approved,codex1,
css-css-class-ea3845ad,css,3,css-class,ct-secao-nome,ct-section-name,apps/gestao-vite/src/paginas/fluxo/contatos/contatos.css:270,1,no,,,approved,codex1,
css-css-class-d3f28cce,css,3,css-class,ct-secao-nome,ct-section-name,apps/gestao-vite/src/paginas/fluxo/contatos/contatos.css:869,1,no,,,approved,codex1,
css-css-class-847f3ffc,css,3,css-class,ct-secao-teste,ct-section-test,apps/gestao-vite/src/paginas/fluxo/contatos/contatos.css:309,1,no,,,approved,codex1,
css-css-class-de34685a,css,3,css-class,ct-secao-teste,ct-section-test,apps/gestao-vite/src/paginas/fluxo/contatos/contatos.css:864,1,no,,,approved,codex1,
css-css-class-579acc51,css,3,css-class,ct-secao,ct-section,apps/gestao-vite/src/paginas/contrato/contrato.css:278,6,no,,,approved,codex1,
css-css-class-e0bf13f0,css,3,css-class,ct-secao,ct-section,apps/gestao-vite/src/paginas/contrato/contrato.css:293,6,no,,,approved,codex1,
css-css-class-db760f78,css,3,css-class,ct-secao,ct-section,apps/gestao-vite/src/paginas/contrato/contrato.css:304,6,no,,,approved,codex1,
css-css-class-498eca7f,css,3,css-class,ct-secao,ct-section,apps/gestao-vite/src/paginas/fluxo/contatos/contatos.css:245,6,no,,,approved,codex1,
css-css-class-e8f04fc5,css,3,css-class,ct-selecao,ct-selection,apps/gestao-vite/src/paginas/fluxo/contatos/contatos.css:566,1,no,,,approved,codex1,
css-css-class-f1c5d524,css,3,css-class,ct-selecao,ct-selection,apps/gestao-vite/src/paginas/fluxo/contatos/contatos.css:579,1,no,,,approved,codex1,
css-css-class-ec52655c,css,3,css-class,ct-sem-contatos,ct-no-contacts,apps/gestao-vite/src/paginas/fluxo/contatos/contatos.css:335,1,no,,,approved,codex1,
css-css-class-17365290,css,3,css-class,ct-sem-mensagens,ct-no-messages,apps/gestao-vite/src/paginas/fluxo/contatos/contatos.css:799,1,no,,,approved,codex1,
css-css-class-7cf8f52c,css,3,css-class,ct-sidebar-descricao,ct-sidebar-description,apps/gestao-vite/src/paginas/fluxo/conteudos/conteudos.css:433,1,no,,,approved,codex1,
css-css-class-6ce27c22,css,3,css-class,ct-sidebar-descricao,ct-sidebar-description,apps/gestao-vite/src/paginas/fluxo/conteudos/conteudos.css:439,1,no,,,approved,codex1,
css-css-class-b12a0c27,css,3,css-class,ct-sobreposicao,ct-overlay,apps/gestao-vite/src/paginas/fluxo/conteudos/conteudos.css:383,1,no,,,approved,codex1,
css-css-class-9e13e625,css,3,css-class,ct-ticket-acoes,ct-ticket-actions,apps/gestao-vite/src/paginas/fluxo/contatos/contatos.css:658,1,no,,,approved,codex1,
css-css-class-1e522614,css,3,css-class,ct-ticket-acoes,ct-ticket-actions,apps/gestao-vite/src/paginas/fluxo/contatos/contatos.css:664,1,no,,,approved,codex1,
css-css-class-7eca4600,css,3,css-class,ct-ticket-acoes,ct-ticket-actions,apps/gestao-vite/src/paginas/fluxo/contatos/contatos.css:667,1,no,,,approved,codex1,
css-css-class-2c7cc931,css,3,css-class,ct-ticket-dados,ct-ticket-data,apps/gestao-vite/src/paginas/fluxo/contatos/contatos.css:647,1,no,,,approved,codex1,
css-css-class-7b892be2,css,3,css-class,ct-ultima-interacao,ct-last-interaction,apps/gestao-vite/src/paginas/fluxo/contatos/contatos.css:282,1,no,,,approved,codex1,
css-css-class-aaefaa03,css,3,css-class,ct-usuario,ct-user,apps/gestao-vite/src/paginas/fluxo/contatos/contatos.css:225,1,no,,,approved,codex1,
css-css-class-d69123da,css,3,css-class,ct-usuario,ct-user,apps/gestao-vite/src/paginas/fluxo/contatos/contatos.css:242,1,no,,,approved,codex1,
css-css-class-f951c074,css,3,css-class,ct-usuario,ct-user,apps/gestao-vite/src/paginas/fluxo/contatos/contatos.css:327,1,no,,,approved,codex1,
css-css-class-2a45706e,css,3,css-class,ct-usuario,ct-user,apps/gestao-vite/src/paginas/fluxo/contatos/contatos.css:860,1,no,,,approved,codex1,
css-css-class-146c680a,css,3,css-class,ct-usuarios,ct-users,apps/gestao-vite/src/paginas/fluxo/contatos/contatos.css:818,1,no,,,approved,codex1,
css-css-class-82515e9f,css,3,css-class,ct-usuarios,ct-users,apps/gestao-vite/src/paginas/fluxo/contatos/contatos.css:92,1,no,,,approved,codex1,
css-css-class-b342586c,css,3,css-class,ct-valor-container,ct-value-container,apps/gestao-vite/src/paginas/fluxo/contatos/contatos.css:521,1,no,,,approved,codex1,
css-css-class-df9ce8d8,css,3,css-class,ct-valor-extra,ct-value-extra,apps/gestao-vite/src/paginas/fluxo/contatos/contatos.css:556,1,no,,,approved,codex1,
css-css-class-1d500106,css,3,css-class,ct-valor-interno,ct-value-internal,apps/gestao-vite/src/paginas/fluxo/contatos/contatos.css:528,1,no,,,approved,codex1,
css-css-class-44d769fd,css,3,css-class,ct-valor-texto,ct-value-text,apps/gestao-vite/src/paginas/fluxo/contatos/contatos.css:533,1,no,,,approved,codex1,
css-css-class-89043cb6,css,3,css-class,ct-valor,ct-value,apps/gestao-vite/src/paginas/fluxo/contatos/contatos.css:494,2,no,,,approved,codex1,
css-css-class-78da238a,css,3,css-class,cw-acordeoes,cw-accordions,apps/gestao-vite/src/paginas/fluxo/canais/whatsapp/canal-whatsapp.css:20,1,no,,,approved,codex1,
css-css-class-fcce9cec,css,3,css-class,da-barra-valor,da-bar-value,apps/gestao-vite/src/paginas/fluxo/analise/dashboard/dashboard.css:848,1,no,,,approved,codex1,
css-css-class-d2bd002b,css,3,css-class,da-botoes,da-buttons,apps/gestao-vite/src/paginas/fluxo/analise/dashboard/dashboard.css:332,1,no,,,approved,codex1,
css-css-class-a43a79a7,css,3,css-class,da-canais-corpo,da-channels-body,apps/gestao-vite/src/paginas/fluxo/analise/dashboard/dashboard.css:1082,1,no,,,approved,codex1,
css-css-class-6c6fafbc,css,3,css-class,da-canais-tabela,da-channels-table,apps/gestao-vite/src/paginas/fluxo/analise/dashboard/dashboard.css:1092,1,no,,,approved,codex1,
css-css-class-30552b2b,css,3,css-class,da-canais-tabela,da-channels-table,apps/gestao-vite/src/paginas/fluxo/analise/dashboard/dashboard.css:1098,1,no,,,approved,codex1,
css-css-class-528dd777,css,3,css-class,da-canais-tabela,da-channels-table,apps/gestao-vite/src/paginas/fluxo/analise/dashboard/dashboard.css:1112,1,no,,,approved,codex1,
css-css-class-8d7f2906,css,3,css-class,da-canais-tabela,da-channels-table,apps/gestao-vite/src/paginas/fluxo/analise/dashboard/dashboard.css:1113,1,no,,,approved,codex1,
css-css-class-7dbfb632,css,3,css-class,da-canais-tabela,da-channels-table,apps/gestao-vite/src/paginas/fluxo/analise/dashboard/dashboard.css:1122,1,no,,,approved,codex1,
css-css-class-b920bdc4,css,3,css-class,da-canais-tabela,da-channels-table,apps/gestao-vite/src/paginas/fluxo/analise/dashboard/dashboard.css:1127,1,no,,,approved,codex1,
css-css-class-f820456d,css,3,css-class,da-canais-tabela,da-channels-table,apps/gestao-vite/src/paginas/fluxo/analise/dashboard/dashboard.css:1133,1,no,,,approved,codex1,
css-css-class-6becc9f9,css,3,css-class,da-canais-tabela,da-channels-table,apps/gestao-vite/src/paginas/fluxo/analise/dashboard/dashboard.css:1140,1,no,,,approved,codex1,
css-css-class-129b6d43,css,3,css-class,da-canais-tabela,da-channels-table,apps/gestao-vite/src/paginas/fluxo/analise/dashboard/dashboard.css:1145,1,no,,,approved,codex1,
css-css-class-f2c0e83c,css,3,css-class,da-canais-tabela,da-channels-table,apps/gestao-vite/src/paginas/fluxo/analise/dashboard/dashboard.css:1149,1,no,,,approved,codex1,
css-css-class-0ce6dff4,css,3,css-class,da-canais-tabela,da-channels-table,apps/gestao-vite/src/paginas/fluxo/analise/dashboard/dashboard.css:1153,1,no,,,approved,codex1,
css-css-class-656597d9,css,3,css-class,da-canais-tabela,da-channels-table,apps/gestao-vite/src/paginas/fluxo/analise/dashboard/dashboard.css:1158,1,no,,,approved,codex1,
css-css-class-2e4c5f46,css,3,css-class,da-canais-titulos,da-channels-titles,apps/gestao-vite/src/paginas/fluxo/analise/dashboard/dashboard.css:517,2,no,,,approved,codex1,
css-css-class-d0c04454,css,3,css-class,da-canais,da-channels,apps/gestao-vite/src/paginas/fluxo/analise/dashboard/dashboard.css:1077,1,no,,,approved,codex1,
css-css-class-a545fb75,css,3,css-class,da-cartao-azul-corpo,da-card-blue-body,apps/gestao-vite/src/paginas/fluxo/analise/dashboard/dashboard.css:888,1,no,,,approved,codex1,
css-css-class-1edff110,css,3,css-class,da-cartao-azul-corpo,da-card-blue-body,apps/gestao-vite/src/paginas/fluxo/analise/dashboard/dashboard.css:896,1,no,,,approved,codex1,
css-css-class-5531d32a,css,3,css-class,da-cartao-azul-valor,da-card-blue-value,apps/gestao-vite/src/paginas/fluxo/analise/dashboard/dashboard.css:901,1,no,,,approved,codex1,
css-css-class-6407f17e,css,3,css-class,da-cartao-azul,da-card-blue,apps/gestao-vite/src/paginas/fluxo/analise/dashboard/dashboard.css:876,1,no,,,approved,codex1,
css-css-class-43acdeee,css,3,css-class,da-cartao-claro-topo,da-card-light-top,apps/gestao-vite/src/paginas/fluxo/analise/dashboard/dashboard.css:612,1,no,,,approved,codex1,
css-css-class-aca7ff86,css,3,css-class,da-cartao-claro,da-card-light,apps/gestao-vite/src/paginas/fluxo/analise/dashboard/dashboard.css:602,1,no,,,approved,codex1,
css-css-class-8b81dbee,css,3,css-class,da-cartao-escuro,da-card-dark,apps/gestao-vite/src/paginas/fluxo/analise/dashboard/dashboard.css:583,1,no,,,approved,codex1,
css-css-class-8fdf6e97,css,3,css-class,da-cartao-escuro,da-card-dark,apps/gestao-vite/src/paginas/fluxo/analise/dashboard/dashboard.css:593,1,no,,,approved,codex1,
css-css-class-7ca2aa3f,css,3,css-class,da-cartao-escuro,da-card-dark,apps/gestao-vite/src/paginas/fluxo/analise/dashboard/dashboard.css:597,1,no,,,approved,codex1,
css-css-class-1dc15cf0,css,3,css-class,da-coluna,da-column,apps/gestao-vite/src/paginas/fluxo/analise/dashboard/dashboard.css:575,3,no,,,approved,codex1,
css-css-class-9817403c,css,3,css-class,da-colunas-valor,da-columns-value,apps/gestao-vite/src/paginas/fluxo/analise/dashboard/dashboard.css:1220,1,no,,,approved,codex1,
css-css-class-3362a7df,css,3,css-class,da-colunas-valores,da-columns-values,apps/gestao-vite/src/paginas/fluxo/analise/dashboard/dashboard.css:1212,1,no,,,approved,codex1,
css-css-class-c5b4ccf0,css,3,css-class,da-contatos-corpo,da-contacts-body,apps/gestao-vite/src/paginas/fluxo/analise/dashboard/dashboard.css:566,1,no,,,approved,codex1,
css-css-class-1a579fdf,css,3,css-class,da-contatos,da-contacts,apps/gestao-vite/src/paginas/fluxo/analise/dashboard/dashboard.css:558,1,no,,,approved,codex1,
css-css-class-9d5528a8,css,3,css-class,da-filtro-chips,da-filter-chips,apps/gestao-vite/src/paginas/fluxo/analise/dashboard/dashboard.css:169,1,no,,,approved,codex1,
css-css-class-7209af31,css,3,css-class,da-filtro-fileira,da-filter-row,apps/gestao-vite/src/paginas/fluxo/analise/dashboard/dashboard.css:177,2,no,,,approved,codex1,
css-css-class-8454546a,css,3,css-class,da-filtro-miolo,da-filter-core,apps/gestao-vite/src/paginas/fluxo/analise/dashboard/dashboard.css:139,1,no,,,approved,codex1,
css-css-class-510d2550,css,3,css-class,da-filtro-rotulo,da-filter-label,apps/gestao-vite/src/paginas/fluxo/analise/dashboard/dashboard.css:151,1,no,,,approved,codex1,
css-css-class-a14ab54c,css,3,css-class,da-filtro-rotulo,da-filter-label,apps/gestao-vite/src/paginas/fluxo/analise/dashboard/dashboard.css:158,1,no,,,approved,codex1,
css-css-class-e859c602,css,3,css-class,da-filtro-rotulo,da-filter-label,apps/gestao-vite/src/paginas/fluxo/analise/dashboard/dashboard.css:163,1,no,,,approved,codex1,
css-css-class-1a7548e9,css,3,css-class,da-filtro,da-filter,apps/gestao-vite/src/paginas/fluxo/analise/dashboard/dashboard.css:127,1,no,,,approved,codex1,
css-css-class-c04596c4,css,3,css-class,da-fluxo-corpo,da-flow-body,apps/gestao-vite/src/paginas/fluxo/analise/dashboard/dashboard.css:1173,1,no,,,approved,codex1,
css-css-class-587d280d,css,3,css-class,da-fluxo,da-flow,apps/gestao-vite/src/paginas/fluxo/analise/dashboard/dashboard.css:1165,1,no,,,approved,codex1,
css-css-class-101dd3c9,css,3,css-class,da-lateral-sub-coluna,da-side-sub-column,apps/gestao-vite/src/paginas/fluxo/analise/dashboard/dashboard.css:1299,2,no,,,approved,codex1,
css-css-class-e834dcf6,css,3,css-class,da-mensagens-coluna,da-messages-column,apps/gestao-vite/src/paginas/fluxo/analise/dashboard/dashboard.css:1023,4,no,,,approved,codex1,
css-css-class-1da65c80,css,3,css-class,da-mensagens-coluna,da-messages-column,apps/gestao-vite/src/paginas/fluxo/analise/dashboard/dashboard.css:1030,4,no,,,approved,codex1,
css-css-class-ee9bd710,css,3,css-class,da-mensagens-corpo,da-messages-body,apps/gestao-vite/src/paginas/fluxo/analise/dashboard/dashboard.css:1013,1,no,,,approved,codex1,
css-css-class-c4fa5db3,css,3,css-class,da-mensagens,da-messages,apps/gestao-vite/src/paginas/fluxo/analise/dashboard/dashboard.css:1005,1,no,,,approved,codex1,
css-css-class-e4b68e39,css,3,css-class,da-metrica-valor,da-metric-value,apps/gestao-vite/src/paginas/fluxo/analise/dashboard/dashboard.css:1066,1,no,,,approved,codex1,
css-css-class-707d7615,css,3,css-class,da-papel,da-paper,apps/gestao-vite/src/paginas/fluxo/analise/dashboard/dashboard.css:117,11,no,,,approved,codex1,"glossary-exception:papel-role (CSS ""paper"" surface component, not the permission-role sense)"
css-css-class-5a7e6d4e,css,3,css-class,da-posicao,da-position,apps/gestao-vite/src/paginas/fluxo/analise/dashboard/dashboard.css:991,1,no,,,approved,codex1,
css-css-class-41a4a9ea,css,3,css-class,da-ranking-vazio,da-ranking-empty,apps/gestao-vite/src/paginas/fluxo/analise/dashboard/dashboard.css:935,1,no,,,approved,codex1,
css-css-class-b22548ee,css,3,css-class,da-secao-cabeca,da-section-header,apps/gestao-vite/src/paginas/fluxo/analise/dashboard/dashboard.css:500,4,no,,,approved,codex1,
css-css-class-bdbadbdb,css,3,css-class,da-secao-titulos,da-section-titles,apps/gestao-vite/src/paginas/fluxo/analise/dashboard/dashboard.css:507,2,no,,,approved,codex1,
css-css-class-f0bfe2b1,css,3,css-class,da-vazio-icone,da-empty-icon,apps/gestao-vite/src/paginas/fluxo/analise/dashboard/dashboard.css:534,1,no,,,approved,codex1,
css-css-class-2e49022d,css,3,css-class,da-vazio-texto,da-empty-text,apps/gestao-vite/src/paginas/fluxo/analise/dashboard/dashboard.css:544,1,no,,,approved,codex1,
css-css-class-6b9abb8c,css,3,css-class,da-vazio-titulo,da-empty-title,apps/gestao-vite/src/paginas/fluxo/analise/dashboard/dashboard.css:538,1,no,,,approved,codex1,
css-css-class-19a0162f,css,3,css-class,da-vazio,da-empty,apps/gestao-vite/src/paginas/fluxo/analise/dashboard/dashboard.css:526,1,no,,,approved,codex1,
css-css-class-3fa6fbe5,css,3,css-class,dd-alerta-acoes,dd-alert-actions,apps/gestao-vite/src/paginas/fluxo/analise/dicionario-de-dados/dicionario.css:778,1,no,,,approved,codex1,
css-css-class-46418c48,css,3,css-class,dd-atencao-texto,dd-attention-text,apps/gestao-vite/src/paginas/fluxo/analise/dicionario-de-dados/dicionario.css:649,1,no,,,approved,codex1,
css-css-class-874ec5df,css,3,css-class,dd-atencao,dd-attention,apps/gestao-vite/src/paginas/fluxo/analise/dicionario-de-dados/dicionario.css:554,1,no,,,approved,codex1,
css-css-class-7e8dbd55,css,3,css-class,dd-bloco-li,dd-block-li,apps/gestao-vite/src/paginas/fluxo/analise/dicionario-de-dados/dicionario.css:659,4,no,,,approved,codex1,
css-css-class-142db956,css,3,css-class,dd-bloco,dd-block,apps/gestao-vite/src/paginas/fluxo/analise/dicionario-de-dados/dicionario.css:354,1,no,,,approved,codex1,
css-css-class-cda1a376,css,3,css-class,dd-coluna,dd-column,apps/gestao-vite/src/paginas/fluxo/analise/dicionario-de-dados/dicionario.css:72,1,no,,,approved,codex1,
css-css-class-dbd3f8a8,css,3,css-class,dd-cor-erro,dd-color-error,apps/gestao-vite/src/paginas/fluxo/analise/dicionario-de-dados/dicionario.css:561,1,no,,,approved,codex1,
css-css-class-ef7fc081,css,3,css-class,dd-descricao,dd-description,apps/gestao-vite/src/paginas/fluxo/analise/dicionario-de-dados/dicionario.css:532,3,no,,,approved,codex1,
css-css-class-a05f81fb,css,3,css-class,dd-indicador--vazio,dd-indicator--empty,apps/gestao-vite/src/paginas/fluxo/analise/dicionario-de-dados/dicionario.css:508,1,no,,,approved,codex1,
css-css-class-9c87a2ee,css,3,css-class,dd-pagina,dd-page,apps/gestao-vite/src/paginas/fluxo/analise/dicionario-de-dados/dicionario.css:428,1,no,,,approved,codex1,
css-css-class-4e1ab5fc,css,3,css-class,dd-pagina,dd-page,apps/gestao-vite/src/paginas/fluxo/analise/dicionario-de-dados/dicionario.css:44,1,no,,,approved,codex1,
css-css-class-73bd4856,css,3,css-class,dd-pagina,dd-page,apps/gestao-vite/src/paginas/fluxo/analise/dicionario-de-dados/dicionario.css:51,1,no,,,approved,codex1,
css-css-class-8bda7314,css,3,css-class,dd-pagina,dd-page,apps/gestao-vite/src/paginas/fluxo/analise/dicionario-de-dados/dicionario.css:61,1,no,,,approved,codex1,
css-css-class-ec5c089b,css,3,css-class,dd-papel,dd-paper,apps/gestao-vite/src/paginas/fluxo/analise/dicionario-de-dados/dicionario.css:88,1,no,,,approved,codex1,"glossary-exception:papel-role (CSS ""paper"" surface component, not the permission-role sense)"
css-css-class-d17fa3a0,css,3,css-class,dd-print-chave,dd-print-key,apps/gestao-vite/src/paginas/fluxo/analise/dicionario-de-dados/dicionario.css:687,1,no,,,approved,codex1,
css-css-class-600be0e2,css,3,css-class,dd-print-chave,dd-print-key,apps/gestao-vite/src/paginas/fluxo/analise/dicionario-de-dados/dicionario.css:696,1,no,,,approved,codex1,
css-css-class-3664114d,css,3,css-class,dd-secoes,dd-sections,apps/gestao-vite/src/paginas/fluxo/analise/dicionario-de-dados/dicionario.css:642,1,no,,,approved,codex1,
css-css-class-84f94eb0,css,3,css-class,dk-ativa-ajuda,dk-active-help,apps/desk-vite/src/estilos/globais.css:3531,1,no,,,approved,codex1,
css-css-class-540e34e5,css,3,css-class,dk-ativa-caixa,dk-active-box,apps/desk-vite/src/estilos/globais.css:3626,1,no,,,approved,codex1,
css-css-class-c3d1788d,css,3,css-class,dk-ativa-contatos,dk-active-contacts,apps/desk-vite/src/estilos/globais.css:3537,1,no,,,approved,codex1,
css-css-class-52245a92,css,3,css-class,dk-ativa-contatos,dk-active-contacts,apps/desk-vite/src/estilos/globais.css:3547,1,no,,,approved,codex1,
css-css-class-195362ea,css,3,css-class,dk-ativa-contatos,dk-active-contacts,apps/desk-vite/src/estilos/globais.css:3559,1,no,,,approved,codex1,
css-css-class-1e164be4,css,3,css-class,dk-ativa-contatos,dk-active-contacts,apps/desk-vite/src/estilos/globais.css:3564,1,no,,,approved,codex1,
css-css-class-e70e3551,css,3,css-class,dk-ativa-contatos,dk-active-contacts,apps/desk-vite/src/estilos/globais.css:3573,1,no,,,approved,codex1,
css-css-class-8d0e970d,css,3,css-class,dk-ativa-corpo,dk-active-body,apps/desk-vite/src/estilos/globais.css:3439,3,no,,,approved,codex1,
css-css-class-d03c4d5b,css,3,css-class,dk-ativa-form,dk-active-form,apps/desk-vite/src/estilos/globais.css:3446,3,no,,,approved,codex1,
css-css-class-d0cf7799,css,3,css-class,dk-ativa-form,dk-active-form,apps/desk-vite/src/estilos/globais.css:3451,3,no,,,approved,codex1,
css-css-class-cb74bf64,css,3,css-class,dk-ativa-form,dk-active-form,apps/desk-vite/src/estilos/globais.css:3457,3,no,,,approved,codex1,
css-css-class-67882770,css,3,css-class,dk-ativa-lado-corpo,dk-active-side-body,apps/desk-vite/src/estilos/globais.css:3606,3,no,,,approved,codex1,
css-css-class-04f5c773,css,3,css-class,dk-ativa-lado-corpo,dk-active-side-body,apps/desk-vite/src/estilos/globais.css:3619,3,no,,,approved,codex1,
css-css-class-f4d46435,css,3,css-class,dk-ativa-lado-topo,dk-active-side-top,apps/desk-vite/src/estilos/globais.css:3587,3,no,,,approved,codex1,
css-css-class-64ae96fc,css,3,css-class,dk-ativa-lado,dk-active-side,apps/desk-vite/src/estilos/globais.css:3579,3,no,,,approved,codex1,
css-css-class-d1a5d9a4,css,3,css-class,dk-ativa-limpar,dk-active-clear,apps/desk-vite/src/estilos/globais.css:3596,1,no,,,approved,codex1,
css-css-class-50bb1d9e,css,3,css-class,dk-ativa-modelos,dk-active-templates,apps/desk-vite/src/estilos/globais.css:3538,1,no,,,approved,codex1,
css-css-class-998df486,css,3,css-class,dk-ativa-modelos,dk-active-templates,apps/desk-vite/src/estilos/globais.css:3548,1,no,,,approved,codex1,
css-css-class-ada2e815,css,3,css-class,dk-ativa-modelos,dk-active-templates,apps/desk-vite/src/estilos/globais.css:3560,1,no,,,approved,codex1,
css-css-class-5dddbf45,css,3,css-class,dk-ativa-modelos,dk-active-templates,apps/desk-vite/src/estilos/globais.css:3565,1,no,,,approved,codex1,
css-css-class-c8c30f63,css,3,css-class,dk-ativa-modelos,dk-active-templates,apps/desk-vite/src/estilos/globais.css:3574,1,no,,,approved,codex1,
css-css-class-d80e1aae,css,3,css-class,dk-ativa-pe,dk-active-foot,apps/desk-vite/src/estilos/globais.css:3633,3,no,,,approved,codex1,
css-css-class-95c11852,css,3,css-class,dk-ativa-radios,dk-active-radios,apps/desk-vite/src/estilos/globais.css:3464,1,no,,,approved,codex1,
css-css-class-0d48808c,css,3,css-class,dk-ativa-radios,dk-active-radios,apps/desk-vite/src/estilos/globais.css:3470,1,no,,,approved,codex1,
css-css-class-101d582d,css,3,css-class,dk-ativa-selecionados,dk-active-selected,apps/desk-vite/src/estilos/globais.css:3539,1,no,,,approved,codex1,
css-css-class-96fea158,css,3,css-class,dk-ativa-selecionados,dk-active-selected,apps/desk-vite/src/estilos/globais.css:3549,1,no,,,approved,codex1,
css-css-class-160726bc,css,3,css-class,dk-ativa-selecionados,dk-active-selected,apps/desk-vite/src/estilos/globais.css:3566,1,no,,,approved,codex1,
css-css-class-b1bf6886,css,3,css-class,dk-ativa-selecionados,dk-active-selected,apps/desk-vite/src/estilos/globais.css:3575,1,no,,,approved,codex1,
css-css-class-98f4532e,css,3,css-class,dk-ativa-selecionados,dk-active-selected,apps/desk-vite/src/estilos/globais.css:3619,1,no,,,approved,codex1,
css-css-class-d723a304,css,3,css-class,dk-ativa-telefone,dk-active-phone,apps/desk-vite/src/estilos/globais.css:3515,1,no,,,approved,codex1,
css-css-class-48303fa9,css,3,css-class,dk-ativa-telefone,dk-active-phone,apps/desk-vite/src/estilos/globais.css:3522,1,no,,,approved,codex1,
css-css-class-70055569,css,3,css-class,dk-ativa-telefone,dk-active-phone,apps/desk-vite/src/estilos/globais.css:3527,1,no,,,approved,codex1,
css-css-class-0e37aa3c,css,3,css-class,dk-ativa-topo,dk-active-top,apps/desk-vite/src/estilos/globais.css:3370,1,no,,,approved,codex1,
css-css-class-8955c91d,css,3,css-class,dk-ativa-topo,dk-active-top,apps/desk-vite/src/estilos/globais.css:3377,1,no,,,approved,codex1,
css-css-class-ec71e520,css,3,css-class,dk-ativa,dk-active,apps/desk-vite/src/estilos/globais.css:3360,1,no,,,approved,codex1,
css-css-class-4450e68b,css,3,css-class,dk-busca-conversa,dk-search-conversation,apps/desk-vite/src/estilos/globais.css:1349,1,no,,,approved,codex1,
css-css-class-a00dd636,css,3,css-class,dk-busca-conversa,dk-search-conversation,apps/desk-vite/src/estilos/globais.css:1362,1,no,,,approved,codex1,
css-css-class-ad629844,css,3,css-class,dk-busca-resultado,dk-search-result,apps/desk-vite/src/estilos/globais.css:1368,1,no,,,approved,codex1,
css-css-class-c4fabff7,css,3,css-class,dk-busca,dk-search,apps/desk-vite/src/estilos/globais.css:524,1,no,,,approved,codex1,
css-css-class-38000c9a,css,3,css-class,dk-canal,dk-channel,apps/desk-vite/src/estilos/globais.css:793,1,no,,,approved,codex1,
css-css-class-06ae8c08,css,3,css-class,dk-canal,dk-channel,apps/desk-vite/src/estilos/globais.css:806,1,no,,,approved,codex1,
css-css-class-ad00646d,css,3,css-class,dk-carregando-sessao,dk-loading-session,apps/desk-vite/src/estilos/globais.css:96,1,no,,,approved,codex1,
css-css-class-52dc9e4d,css,3,css-class,dk-cartao-alertas,dk-card-alerts,apps/desk-vite/src/estilos/globais.css:882,1,no,,,approved,codex1,
css-css-class-21398c03,css,3,css-class,dk-cartao-conteudo,dk-card-content,apps/desk-vite/src/estilos/globais.css:747,1,no,,,approved,codex1,
css-css-class-b8f31a71,css,3,css-class,dk-cartao-fila,dk-card-queue,apps/desk-vite/src/estilos/globais.css:1032,1,no,,,approved,codex1,
css-css-class-bde9d96d,css,3,css-class,dk-cartao-fila,dk-card-queue,apps/desk-vite/src/estilos/globais.css:1042,1,no,,,approved,codex1,
css-css-class-06ed56a7,css,3,css-class,dk-cartao-fila,dk-card-queue,apps/desk-vite/src/estilos/globais.css:1047,1,no,,,approved,codex1,
css-css-class-ac13c0dc,css,3,css-class,dk-cartao-fixada,dk-card-pinned,apps/desk-vite/src/estilos/globais.css:1087,1,no,,,approved,codex1,
css-css-class-10b9e118,css,3,css-class,dk-cartao-fixada,dk-card-pinned,apps/desk-vite/src/estilos/globais.css:1093,1,no,,,approved,codex1,
css-css-class-1f37a105,css,3,css-class,dk-cartao-hora,dk-card-hour,apps/desk-vite/src/estilos/globais.css:847,1,no,,,approved,codex1,
css-css-class-b22d114b,css,3,css-class,dk-cartao-info-botao,dk-card-info-button,apps/desk-vite/src/estilos/globais.css:1010,1,no,,,approved,codex1,
css-css-class-d116063d,css,3,css-class,dk-cartao-info-botao,dk-card-info-button,apps/desk-vite/src/estilos/globais.css:1022,1,no,,,approved,codex1,
css-css-class-7962a9c2,css,3,css-class,dk-cartao-info-icone,dk-card-info-icon,apps/desk-vite/src/estilos/globais.css:1105,0,no,,,approved,codex1,
css-css-class-1efb519e,css,3,css-class,dk-cartao-info-icone,dk-card-info-icon,apps/desk-vite/src/estilos/globais.css:1110,0,no,,,approved,codex1,
css-css-class-2abcfb92,css,3,css-class,dk-cartao-info,dk-card-info,apps/desk-vite/src/estilos/globais.css:1000,1,no,,,approved,codex1,
css-css-class-cc9aba80,css,3,css-class,dk-cartao-linha,dk-card-line,apps/desk-vite/src/estilos/globais.css:821,2,no,,,approved,codex1,
css-css-class-e7b0fa00,css,3,css-class,dk-cartao-menu-caixa,dk-card-menu-box,apps/desk-vite/src/estilos/globais.css:1074,1,no,,,approved,codex1,
css-css-class-57e858bb,css,3,css-class,dk-cartao-menu-lista,dk-card-menu-list,apps/desk-vite/src/estilos/globais.css:1080,1,no,,,approved,codex1,
css-css-class-75c26c2d,css,3,css-class,dk-cartao-menu,dk-card-menu,apps/desk-vite/src/estilos/globais.css:1052,1,no,,,approved,codex1,
css-css-class-5cf4d171,css,3,css-class,dk-cartao-menu,dk-card-menu,apps/desk-vite/src/estilos/globais.css:1065,1,no,,,approved,codex1,
css-css-class-b75d75a6,css,3,css-class,dk-cartao-menu,dk-card-menu,apps/desk-vite/src/estilos/globais.css:1066,1,no,,,approved,codex1,
css-css-class-e2818c42,css,3,css-class,dk-cartao-menu,dk-card-menu,apps/desk-vite/src/estilos/globais.css:1067,1,no,,,approved,codex1,
css-css-class-89092ca2,css,3,css-class,dk-cartao-menu,dk-card-menu,apps/desk-vite/src/estilos/globais.css:1098,1,no,,,approved,codex1,
css-css-class-774bf623,css,3,css-class,dk-cartao-nome,dk-card-name,apps/desk-vite/src/estilos/globais.css:829,1,no,,,approved,codex1,
css-css-class-22d15482,css,3,css-class,dk-cartao-nome,dk-card-name,apps/desk-vite/src/estilos/globais.css:841,1,no,,,approved,codex1,
css-css-class-d01d979b,css,3,css-class,dk-cartao-numero,dk-card-number,apps/desk-vite/src/estilos/globais.css:1027,1,no,,,approved,codex1,
css-css-class-8861df19,css,3,css-class,dk-cartao-previa,dk-card-preview,apps/desk-vite/src/estilos/globais.css:842,1,no,,,approved,codex1,
css-css-class-5e122e12,css,3,css-class,dk-cartao-previa,dk-card-preview,apps/desk-vite/src/estilos/globais.css:869,1,no,,,approved,codex1,
css-css-class-243241ab,css,3,css-class,dk-cartao-rosto,dk-card-face,apps/desk-vite/src/estilos/globais.css:756,1,no,,,approved,codex1,
css-css-class-cfbf649e,css,3,css-class,dk-cartao-situacao,dk-card-status,apps/desk-vite/src/estilos/globais.css:857,1,no,,,approved,codex1,
css-css-class-6172b4ff,css,3,css-class,dk-cartao-situacao,dk-card-status,apps/desk-vite/src/estilos/globais.css:862,1,no,,,approved,codex1,
css-css-class-92d9f743,css,3,css-class,dk-cartao-texto,dk-card-text,apps/desk-vite/src/estilos/globais.css:813,1,no,,,approved,codex1,
css-css-class-6aea3736,css,3,css-class,dk-cartao,dk-card,apps/desk-vite/src/estilos/globais.css:1065,1,no,,,approved,codex1,
css-css-class-b785c98f,css,3,css-class,dk-cartao,dk-card,apps/desk-vite/src/estilos/globais.css:1066,1,no,,,approved,codex1,
css-css-class-b3a98013,css,3,css-class,dk-cartao,dk-card,apps/desk-vite/src/estilos/globais.css:708,1,no,,,approved,codex1,
css-css-class-f312c6c5,css,3,css-class,dk-cartao,dk-card,apps/desk-vite/src/estilos/globais.css:724,1,no,,,approved,codex1,
css-css-class-4f17e733,css,3,css-class,dk-cartao,dk-card,apps/desk-vite/src/estilos/globais.css:728,1,no,,,approved,codex1,
css-css-class-7058f16b,css,3,css-class,dk-cartao,dk-card,apps/desk-vite/src/estilos/globais.css:732,1,no,,,approved,codex1,
css-css-class-19b46c2d,css,3,css-class,dk-cartao,dk-card,apps/desk-vite/src/estilos/globais.css:736,1,no,,,approved,codex1,
css-css-class-328bf940,css,3,css-class,dk-cartao,dk-card,apps/desk-vite/src/estilos/globais.css:740,1,no,,,approved,codex1,
css-css-class-bec8e5ed,css,3,css-class,dk-cartao,dk-card,apps/desk-vite/src/estilos/globais.css:841,1,no,,,approved,codex1,
css-css-class-20ef4698,css,3,css-class,dk-cartao,dk-card,apps/desk-vite/src/estilos/globais.css:842,1,no,,,approved,codex1,
css-css-class-92e4614a,css,3,css-class,dk-chip-erro,dk-chip-error,apps/desk-vite/src/estilos/globais.css:922,0,no,,,approved,codex1,
css-css-class-fd1ee607,css,3,css-class,dk-coluna-cabecalho,dk-column-header,apps/desk-vite/src/estilos/globais.css:315,2,no,,,approved,codex1,
css-css-class-137a0cda,css,3,css-class,dk-coluna-titulo,dk-column-title,apps/desk-vite/src/estilos/globais.css:320,2,no,,,approved,codex1,
css-css-class-4462a861,css,3,css-class,dk-coluna,dk-column,apps/desk-vite/src/estilos/globais.css:2277,2,no,,,approved,codex1,
css-css-class-b3581cf0,css,3,css-class,dk-coluna,dk-column,apps/desk-vite/src/estilos/globais.css:2289,2,no,,,approved,codex1,
css-css-class-2982e138,css,3,css-class,dk-coluna,dk-column,apps/desk-vite/src/estilos/globais.css:2295,2,no,,,approved,codex1,
css-css-class-e660f535,css,3,css-class,dk-coluna,dk-column,apps/desk-vite/src/estilos/globais.css:302,2,no,,,approved,codex1,
css-css-class-07c25acb,css,3,css-class,dk-comentarios-vazio,dk-comments-empty,apps/desk-vite/src/estilos/globais.css:2088,3,no,,,approved,codex1,
css-css-class-599cfa68,css,3,css-class,dk-comentarios-vazio,dk-comments-empty,apps/desk-vite/src/estilos/globais.css:2099,3,no,,,approved,codex1,
css-css-class-01fb8852,css,3,css-class,dk-compositor-acoes,dk-composer-actions,apps/desk-vite/src/estilos/globais.css:1704,1,no,,,approved,codex1,
css-css-class-4de2fe6b,css,3,css-class,dk-compositor-acoes,dk-composer-actions,apps/desk-vite/src/estilos/globais.css:1742,1,no,,,approved,codex1,
css-css-class-76562b18,css,3,css-class,dk-compositor-campo,dk-composer-field,apps/desk-vite/src/estilos/globais.css:1669,1,no,,,approved,codex1,
css-css-class-ceed2c26,css,3,css-class,dk-compositor-campo,dk-composer-field,apps/desk-vite/src/estilos/globais.css:1732,1,no,,,approved,codex1,
css-css-class-345327ff,css,3,css-class,dk-compositor-esquerda,dk-composer-left,apps/desk-vite/src/estilos/globais.css:1714,1,no,,,approved,codex1,
css-css-class-c6183245,css,3,css-class,dk-compositor-fechado,dk-composer-closed,apps/desk-vite/src/estilos/globais.css:1750,1,no,,,approved,codex1,
css-css-class-eb7c3be7,css,3,css-class,dk-compositor-miolo,dk-composer-core,apps/desk-vite/src/estilos/globais.css:1661,1,no,,,approved,codex1,
css-css-class-d892d6cd,css,3,css-class,dk-compositor-miolo,dk-composer-core,apps/desk-vite/src/estilos/globais.css:1727,1,no,,,approved,codex1,
css-css-class-70cec6a6,css,3,css-class,dk-compositor-papel,dk-composer-paper,apps/desk-vite/src/estilos/globais.css:1648,1,no,,,approved,codex1,"glossary-exception:papel-role (CSS ""paper"" surface component, not the permission-role sense)"
css-css-class-cb23819d,css,3,css-class,dk-compositor-papel,dk-composer-paper,apps/desk-vite/src/estilos/globais.css:1722,1,no,,,approved,codex1,"glossary-exception:papel-role (CSS ""paper"" surface component, not the permission-role sense)"
css-css-class-0390e9bb,css,3,css-class,dk-compositor,dk-composer,apps/desk-vite/src/estilos/globais.css:1641,2,no,,,approved,codex1,
css-css-class-e82bf762,css,3,css-class,dk-compositor,dk-composer,apps/desk-vite/src/estilos/globais.css:1676,2,no,,,approved,codex1,
css-css-class-71206e74,css,3,css-class,dk-compositor,dk-composer,apps/desk-vite/src/estilos/globais.css:1696,2,no,,,approved,codex1,
css-css-class-174f3a70,css,3,css-class,dk-compositor,dk-composer,apps/desk-vite/src/estilos/globais.css:1700,2,no,,,approved,codex1,
css-css-class-000d5d4b,css,3,css-class,dk-compositor,dk-composer,apps/desk-vite/src/estilos/globais.css:1736,2,no,,,approved,codex1,
css-css-class-627b2276,css,3,css-class,dk-contato-rosto,dk-contact-face,apps/desk-vite/src/estilos/globais.css:2964,1,no,,,approved,codex1,
css-css-class-5e849520,css,3,css-class,dk-contato-texto,dk-contact-text,apps/desk-vite/src/estilos/globais.css:2973,1,no,,,approved,codex1,
css-css-class-ce445932,css,3,css-class,dk-contato-texto,dk-contact-text,apps/desk-vite/src/estilos/globais.css:2980,1,no,,,approved,codex1,
css-css-class-f46e4395,css,3,css-class,dk-contato-texto,dk-contact-text,apps/desk-vite/src/estilos/globais.css:2989,1,no,,,approved,codex1,
css-css-class-1ec401eb,css,3,css-class,dk-contato,dk-contact,apps/desk-vite/src/estilos/globais.css:2944,1,no,,,approved,codex1,
css-css-class-5ebebc24,css,3,css-class,dk-contato,dk-contact,apps/desk-vite/src/estilos/globais.css:2960,1,no,,,approved,codex1,
css-css-class-2b584f90,css,3,css-class,dk-contatos-abas,dk-contacts-tabs,apps/desk-vite/src/estilos/globais.css:3083,1,no,,,approved,codex1,
css-css-class-d5d1d81d,css,3,css-class,dk-contatos-abas,dk-contacts-tabs,apps/desk-vite/src/estilos/globais.css:3093,1,no,,,approved,codex1,
css-css-class-b1e674eb,css,3,css-class,dk-contatos-busca,dk-contacts-search,apps/desk-vite/src/estilos/globais.css:2866,1,no,,,approved,codex1,
css-css-class-ad8fecbf,css,3,css-class,dk-contatos-busca,dk-contacts-search,apps/desk-vite/src/estilos/globais.css:2873,1,no,,,approved,codex1,
css-css-class-788d12bb,css,3,css-class,dk-contatos-direita,dk-contacts-right,apps/desk-vite/src/estilos/globais.css:3074,1,no,,,approved,codex1,
css-css-class-8d6a10d1,css,3,css-class,dk-contatos-grupo,dk-contacts-group,apps/desk-vite/src/estilos/globais.css:2931,1,no,,,approved,codex1,
css-css-class-6bedaaa8,css,3,css-class,dk-contatos-ilustracao,dk-contacts-illustration,apps/desk-vite/src/estilos/globais.css:3016,1,no,,,approved,codex1,
css-css-class-bf47b33e,css,3,css-class,dk-contatos-ilustracao,dk-contacts-illustration,apps/desk-vite/src/estilos/globais.css:3022,1,no,,,approved,codex1,
css-css-class-0c8aea80,css,3,css-class,dk-contatos-itens,dk-contacts-items,apps/desk-vite/src/estilos/globais.css:2938,1,no,,,approved,codex1,
css-css-class-63c128a6,css,3,css-class,dk-contatos-lista,dk-contacts-list,apps/desk-vite/src/estilos/globais.css:2842,1,no,,,approved,codex1,
css-css-class-08ef681f,css,3,css-class,dk-contatos-meio,dk-contacts-middle,apps/desk-vite/src/estilos/globais.css:2997,1,no,,,approved,codex1,
css-css-class-dc7f707e,css,3,css-class,dk-contatos-ordem-item,dk-contacts-order-item,apps/desk-vite/src/estilos/globais.css:2893,1,no,,,approved,codex1,
css-css-class-763ea5a4,css,3,css-class,dk-contatos-ordem-item,dk-contacts-order-item,apps/desk-vite/src/estilos/globais.css:2911,1,no,,,approved,codex1,
css-css-class-c7cf5820,css,3,css-class,dk-contatos-ordem-item,dk-contacts-order-item,apps/desk-vite/src/estilos/globais.css:2915,1,no,,,approved,codex1,
css-css-class-930c40c5,css,3,css-class,dk-contatos-ordem-item,dk-contacts-order-item,apps/desk-vite/src/estilos/globais.css:2919,1,no,,,approved,codex1,
css-css-class-65641ef4,css,3,css-class,dk-contatos-ordem-titulo,dk-contacts-order-title,apps/desk-vite/src/estilos/globais.css:2885,1,no,,,approved,codex1,
css-css-class-122af277,css,3,css-class,dk-contatos-ordem,dk-contacts-order,apps/desk-vite/src/estilos/globais.css:2877,1,no,,,approved,codex1,
css-css-class-d45305b7,css,3,css-class,dk-contatos-rodape-papel,dk-contacts-footer-paper,apps/desk-vite/src/estilos/globais.css:3052,1,no,,,approved,codex1,"glossary-exception:papel-role (CSS ""paper"" surface component, not the permission-role sense)"
css-css-class-409ac607,css,3,css-class,dk-contatos-rodape-papel,dk-contacts-footer-paper,apps/desk-vite/src/estilos/globais.css:3067,1,no,,,approved,codex1,"glossary-exception:papel-role (CSS ""paper"" surface component, not the permission-role sense)"
css-css-class-07b85432,css,3,css-class,dk-contatos-rodape,dk-contacts-footer,apps/desk-vite/src/estilos/globais.css:3048,1,no,,,approved,codex1,
css-css-class-3214f20c,css,3,css-class,dk-contatos-rolagem,dk-contacts-scroll,apps/desk-vite/src/estilos/globais.css:2924,1,no,,,approved,codex1,
css-css-class-4829891f,css,3,css-class,dk-contatos-titulo,dk-contacts-title,apps/desk-vite/src/estilos/globais.css:2855,1,no,,,approved,codex1,
css-css-class-e70e3dd8,css,3,css-class,dk-contatos-titulo,dk-contacts-title,apps/desk-vite/src/estilos/globais.css:2859,1,no,,,approved,codex1,
css-css-class-1c89091d,css,3,css-class,dk-contatos-topo,dk-contacts-top,apps/desk-vite/src/estilos/globais.css:2851,1,no,,,approved,codex1,
css-css-class-07d81f0c,css,3,css-class,dk-contatos-vazio-texto,dk-contacts-empty-text,apps/desk-vite/src/estilos/globais.css:3027,1,no,,,approved,codex1,
css-css-class-805ed0e0,css,3,css-class,dk-contatos-vazio-texto,dk-contacts-empty-text,apps/desk-vite/src/estilos/globais.css:3035,1,no,,,approved,codex1,
css-css-class-81a4cc15,css,3,css-class,dk-contatos-vazio-texto,dk-contacts-empty-text,apps/desk-vite/src/estilos/globais.css:3042,1,no,,,approved,codex1,
css-css-class-43027b23,css,3,css-class,dk-contatos-vazio,dk-contacts-empty,apps/desk-vite/src/estilos/globais.css:3006,1,no,,,approved,codex1,
css-css-class-7a498704,css,3,css-class,dk-contatos,dk-contacts,apps/desk-vite/src/estilos/globais.css:2835,1,no,,,approved,codex1,
css-css-class-7e0902c9,css,3,css-class,dk-conversa-acoes,dk-conversation-actions,apps/desk-vite/src/estilos/globais.css:1267,1,no,,,approved,codex1,
css-css-class-ab09f27d,css,3,css-class,dk-conversa-cabecalho-miolo,dk-conversation-header-core,apps/desk-vite/src/estilos/globais.css:1205,1,no,,,approved,codex1,
css-css-class-7d1774a4,css,3,css-class,dk-conversa-cabecalho,dk-conversation-header,apps/desk-vite/src/estilos/globais.css:1199,1,no,,,approved,codex1,
css-css-class-9f57386e,css,3,css-class,dk-conversa-contato,dk-conversation-contact,apps/desk-vite/src/estilos/globais.css:1212,1,no,,,approved,codex1,
css-css-class-76d94f81,css,3,css-class,dk-conversa-corpo,dk-conversation-body,apps/desk-vite/src/estilos/globais.css:1381,1,no,,,approved,codex1,
css-css-class-d7a96791,css,3,css-class,dk-conversa-dados,dk-conversation-data,apps/desk-vite/src/estilos/globais.css:1218,1,no,,,approved,codex1,
css-css-class-d40f5944,css,3,css-class,dk-conversa-nome,dk-conversation-name,apps/desk-vite/src/estilos/globais.css:1227,1,no,,,approved,codex1,
css-css-class-cbb3fe84,css,3,css-class,dk-conversa-ticket,dk-conversation-ticket,apps/desk-vite/src/estilos/globais.css:1239,1,no,,,approved,codex1,
css-css-class-4ab5999d,css,3,css-class,dk-conversa-ticket,dk-conversation-ticket,apps/desk-vite/src/estilos/globais.css:1247,1,no,,,approved,codex1,
css-css-class-d513f6fc,css,3,css-class,dk-conversa-ticket,dk-conversation-ticket,apps/desk-vite/src/estilos/globais.css:1252,1,no,,,approved,codex1,
css-css-class-22a47ecc,css,3,css-class,dk-conversa-ticket,dk-conversation-ticket,apps/desk-vite/src/estilos/globais.css:1256,1,no,,,approved,codex1,
css-css-class-d5dd238b,css,3,css-class,dk-conversa-ticket,dk-conversation-ticket,apps/desk-vite/src/estilos/globais.css:1262,1,no,,,approved,codex1,
css-css-class-dc0273d5,css,3,css-class,dk-conversa-vazia,dk-conversation-empty,apps/desk-vite/src/estilos/globais.css:1133,12,no,,,approved,codex1,
css-css-class-4465af99,css,3,css-class,dk-conversa-vazia,dk-conversation-empty,apps/desk-vite/src/estilos/globais.css:1143,12,no,,,approved,codex1,
css-css-class-a17b8e49,css,3,css-class,dk-conversa-vazia,dk-conversation-empty,apps/desk-vite/src/estilos/globais.css:1150,12,no,,,approved,codex1,
css-css-class-a77d7317,css,3,css-class,dk-conversa-vazia,dk-conversation-empty,apps/desk-vite/src/estilos/globais.css:1155,12,no,,,approved,codex1,
css-css-class-17fd9dcb,css,3,css-class,dk-conversa-vazia,dk-conversation-empty,apps/desk-vite/src/estilos/globais.css:1162,12,no,,,approved,codex1,
css-css-class-af2f08d9,css,3,css-class,dk-conversa,dk-conversation,apps/desk-vite/src/estilos/globais.css:1118,6,no,,,approved,codex1,
css-css-class-e37221e1,css,3,css-class,dk-conversa,dk-conversation,apps/desk-vite/src/estilos/globais.css:2278,6,no,,,approved,codex1,
css-css-class-e28e67d6,css,3,css-class,dk-conversa,dk-conversation,apps/desk-vite/src/estilos/globais.css:2290,6,no,,,approved,codex1,
css-css-class-cc30e2ce,css,3,css-class,dk-conversa,dk-conversation,apps/desk-vite/src/estilos/globais.css:2296,6,no,,,approved,codex1,
css-css-class-d22918aa,css,3,css-class,dk-conversa,dk-conversation,apps/desk-vite/src/estilos/globais.css:2304,6,no,,,approved,codex1,
css-css-class-7341c263,css,3,css-class,dk-erro,dk-error,apps/desk-vite/src/estilos/globais.css:2248,13,no,,,approved,codex1,
css-css-class-d5796337,css,3,css-class,dk-esqueleto-papel,dk-skeleton-paper,apps/desk-vite/src/estilos/globais.css:2183,7,no,,,approved,codex1,"glossary-exception:papel-role (CSS ""paper"" surface component, not the permission-role sense)"
css-css-class-966ebc08,css,3,css-class,dk-estado-botoes,dk-status-buttons,apps/desk-vite/src/estilos/globais.css:399,2,no,,,approved,codex1,"glossary-exception:estado-state (closed status enum, not general state)"
css-css-class-6132b5ae,css,3,css-class,dk-estado-miolo,dk-status-core,apps/desk-vite/src/estilos/globais.css:376,3,no,,,approved,codex1,"glossary-exception:estado-state (closed status enum, not general state)"
css-css-class-ada40e92,css,3,css-class,dk-estado,dk-status,apps/desk-vite/src/estilos/globais.css:352,2,no,,,approved,codex1,"glossary-exception:estado-state (closed status enum, not general state)"
css-css-class-528355c2,css,3,css-class,dk-estado,dk-status,apps/desk-vite/src/estilos/globais.css:365,2,no,,,approved,codex1,"glossary-exception:estado-state (closed status enum, not general state)"
css-css-class-13626fc5,css,3,css-class,dk-estado,dk-status,apps/desk-vite/src/estilos/globais.css:371,2,no,,,approved,codex1,"glossary-exception:estado-state (closed status enum, not general state)"
css-css-class-5b1e8798,css,3,css-class,dk-etiquetas-do-contato,dk-contact-tags,apps/desk-vite/src/estilos/globais.css:971,1,no,,,approved,codex1,
css-css-class-1ab44f51,css,3,css-class,dk-etiquetas-fila,dk-queue-tags,apps/desk-vite/src/estilos/globais.css:1338,1,no,,,approved,codex1,
css-css-class-52d6b244,css,3,css-class,dk-fichas-fila,dk-cards-queue,apps/desk-vite/src/estilos/globais.css:646,1,no,,,approved,codex1,
css-css-class-2759bf58,css,3,css-class,dk-fichas-fila,dk-cards-queue,apps/desk-vite/src/estilos/globais.css:654,1,no,,,approved,codex1,
css-css-class-1a435294,css,3,css-class,dk-fichas-fila,dk-cards-queue,apps/desk-vite/src/estilos/globais.css:663,1,no,,,approved,codex1,
css-css-class-32c9f151,css,3,css-class,dk-grupo-entrada,dk-group-inbound,apps/desk-vite/src/estilos/globais.css:1479,1,no,,,approved,codex1,
css-css-class-31877f0a,css,3,css-class,dk-grupo-entrada,dk-group-inbound,apps/desk-vite/src/estilos/globais.css:1483,1,no,,,approved,codex1,
css-css-class-97169af9,css,3,css-class,dk-historico-botao,dk-history-button,apps/desk-vite/src/estilos/globais.css:3098,1,no,,,approved,codex1,
css-css-class-9af70b81,css,3,css-class,dk-historico-botao,dk-history-button,apps/desk-vite/src/estilos/globais.css:3107,1,no,,,approved,codex1,
css-css-class-ec98608f,css,3,css-class,dk-historico-item,dk-history-item,apps/desk-vite/src/estilos/globais.css:2153,2,no,,,approved,codex1,
css-css-class-1e44a865,css,3,css-class,dk-historico-item,dk-history-item,apps/desk-vite/src/estilos/globais.css:2165,2,no,,,approved,codex1,
css-css-class-8e9c1685,css,3,css-class,dk-ilustracao,dk-illustration,apps/desk-vite/src/estilos/globais.css:1143,2,no,,,approved,codex1,
css-css-class-ba34c365,css,3,css-class,dk-ilustracao,dk-illustration,apps/desk-vite/src/estilos/globais.css:1150,2,no,,,approved,codex1,
css-css-class-81e0c9cf,css,3,css-class,dk-massa-cartao,dk-bulk-card,apps/desk-vite/src/estilos/globais.css:3661,1,no,,,approved,codex1,
css-css-class-1871accf,css,3,css-class,dk-massa-check,dk-bulk-check,apps/desk-vite/src/estilos/globais.css:3472,1,no,,,approved,codex1,
css-css-class-240bded4,css,3,css-class,dk-massa-check,dk-bulk-check,apps/desk-vite/src/estilos/globais.css:3696,1,no,,,approved,codex1,
css-css-class-24ba44a5,css,3,css-class,dk-massa-coluna,dk-bulk-column,apps/desk-vite/src/estilos/globais.css:3685,2,no,,,approved,codex1,
css-css-class-93317660,css,3,css-class,dk-massa-coluna,dk-bulk-column,apps/desk-vite/src/estilos/globais.css:3690,2,no,,,approved,codex1,
css-css-class-a27d95c6,css,3,css-class,dk-massa-colunas,dk-bulk-columns,apps/desk-vite/src/estilos/globais.css:3676,1,no,,,approved,codex1,
css-css-class-88b31bc4,css,3,css-class,dk-massa-item,dk-bulk-item,apps/desk-vite/src/estilos/globais.css:3704,1,no,,,approved,codex1,
css-css-class-02332d0a,css,3,css-class,dk-massa-linha,dk-bulk-line,apps/desk-vite/src/estilos/globais.css:3670,1,no,,,approved,codex1,
css-css-class-92838a35,css,3,css-class,dk-massa-lista,dk-bulk-list,apps/desk-vite/src/estilos/globais.css:3700,1,no,,,approved,codex1,
css-css-class-91b65438,css,3,css-class,dk-massa-pe,dk-bulk-foot,apps/desk-vite/src/estilos/globais.css:3722,1,no,,,approved,codex1,
css-css-class-19d4f4d2,css,3,css-class,dk-massa-radios,dk-bulk-radios,apps/desk-vite/src/estilos/globais.css:3471,1,no,,,approved,codex1,
css-css-class-622c335e,css,3,css-class,dk-massa-radios,dk-bulk-radios,apps/desk-vite/src/estilos/globais.css:3716,1,no,,,approved,codex1,
css-css-class-1ffca2ce,css,3,css-class,dk-massa-vazio,dk-bulk-empty,apps/desk-vite/src/estilos/globais.css:3711,2,no,,,approved,codex1,
css-css-class-774f2f8d,css,3,css-class,dk-massa,dk-bulk,apps/desk-vite/src/estilos/globais.css:3644,1,no,,,approved,codex1,
css-css-class-6eede3dd,css,3,css-class,dk-massa,dk-bulk,apps/desk-vite/src/estilos/globais.css:3655,1,no,,,approved,codex1,
css-css-class-252fa68b,css,3,css-class,dk-metricas-atualizar,dk-metrics-refresh,apps/desk-vite/src/estilos/globais.css:3157,2,no,,,approved,codex1,
css-css-class-16dcb93f,css,3,css-class,dk-metricas-corpo,dk-metrics-body,apps/desk-vite/src/estilos/globais.css:3217,1,no,,,approved,codex1,
css-css-class-69e669e9,css,3,css-class,dk-metricas-datas,dk-metrics-dates,apps/desk-vite/src/estilos/globais.css:3200,1,no,,,approved,codex1,
css-css-class-7f4fed8b,css,3,css-class,dk-metricas-datas,dk-metrics-dates,apps/desk-vite/src/estilos/globais.css:3209,1,no,,,approved,codex1,
css-css-class-eb34e692,css,3,css-class,dk-metricas-espaco,dk-metrics-space,apps/desk-vite/src/estilos/globais.css:3153,1,no,,,approved,codex1,
css-css-class-1dc31e54,css,3,css-class,dk-metricas-principal,dk-metrics-main,apps/desk-vite/src/estilos/globais.css:3223,1,no,,,approved,codex1,
css-css-class-182a1eb2,css,3,css-class,dk-metricas-sub,dk-metrics-sub,apps/desk-vite/src/estilos/globais.css:3148,1,no,,,approved,codex1,
css-css-class-1689120d,css,3,css-class,dk-metricas-titulo,dk-metrics-title,apps/desk-vite/src/estilos/globais.css:3142,1,no,,,approved,codex1,
css-css-class-9d2f49d6,css,3,css-class,dk-metricas-topo,dk-metrics-top,apps/desk-vite/src/estilos/globais.css:3129,1,no,,,approved,codex1,
css-css-class-b4b86ce7,css,3,css-class,dk-metricas-topo,dk-metrics-top,apps/desk-vite/src/estilos/globais.css:3137,1,no,,,approved,codex1,
css-css-class-b8b3e045,css,3,css-class,dk-metricas,dk-metrics,apps/desk-vite/src/estilos/globais.css:3119,1,no,,,approved,codex1,
css-css-class-61e8feec,css,3,css-class,dk-metricas,dk-metrics,apps/desk-vite/src/estilos/globais.css:3228,1,no,,,approved,codex1,
css-css-class-96b48125,css,3,css-class,dk-modal-acoes,dk-modal-actions,apps/desk-vite/src/estilos/globais.css:2220,4,no,,,approved,codex1,
css-css-class-3e15a2bc,css,3,css-class,dk-opcao-etiqueta,dk-option-tag,apps/desk-vite/src/estilos/globais.css:962,1,no,,,approved,codex1,
css-css-class-b124d2cb,css,3,css-class,dk-painel-corpo,dk-panel-body,apps/desk-vite/src/estilos/globais.css:1991,4,no,,,approved,codex1,"glossary-exception:painel-application (CSS panel component, not the module/route sense)"
css-css-class-1472476f,css,3,css-class,dk-painel-esqueleto,dk-panel-skeleton,apps/desk-vite/src/estilos/globais.css:2172,2,no,,,approved,codex1,"glossary-exception:painel-application (CSS panel component, not the module/route sense)"
css-css-class-a3c3e0c4,css,3,css-class,dk-painel-topo,dk-panel-top,apps/desk-vite/src/estilos/globais.css:1918,1,no,,,approved,codex1,"glossary-exception:painel-application (CSS panel component, not the module/route sense)"
css-css-class-f7468c13,css,3,css-class,dk-painel-topo,dk-panel-top,apps/desk-vite/src/estilos/globais.css:1929,1,no,,,approved,codex1,"glossary-exception:painel-application (CSS panel component, not the module/route sense)"
css-css-class-450eb423,css,3,css-class,dk-painel-topo,dk-panel-top,apps/desk-vite/src/estilos/globais.css:1934,1,no,,,approved,codex1,"glossary-exception:painel-application (CSS panel component, not the module/route sense)"
css-css-class-ba98d903,css,3,css-class,dk-painel,dk-panel,apps/desk-vite/src/estilos/globais.css:1907,2,no,,,approved,codex1,"glossary-exception:painel-application (CSS panel component, not the module/route sense)"
css-css-class-2e524c85,css,3,css-class,dk-painel,dk-panel,apps/desk-vite/src/estilos/globais.css:2258,2,no,,,approved,codex1,"glossary-exception:painel-application (CSS panel component, not the module/route sense)"
css-css-class-2aca13da,css,3,css-class,dk-painel,dk-panel,apps/desk-vite/src/estilos/globais.css:2266,2,no,,,approved,codex1,"glossary-exception:painel-application (CSS panel component, not the module/route sense)"
css-css-class-fd6fc2fe,css,3,css-class,dk-painel,dk-panel,apps/desk-vite/src/estilos/globais.css:2279,2,no,,,approved,codex1,"glossary-exception:painel-application (CSS panel component, not the module/route sense)"
css-css-class-2584dc35,css,3,css-class,dk-painel,dk-panel,apps/desk-vite/src/estilos/globais.css:2291,2,no,,,approved,codex1,"glossary-exception:painel-application (CSS panel component, not the module/route sense)"
css-css-class-007e6599,css,3,css-class,dk-painel,dk-panel,apps/desk-vite/src/estilos/globais.css:2297,2,no,,,approved,codex1,"glossary-exception:painel-application (CSS panel component, not the module/route sense)"
css-css-class-f966d982,css,3,css-class,dk-painel,dk-panel,apps/desk-vite/src/estilos/globais.css:2309,2,no,,,approved,codex1,"glossary-exception:painel-application (CSS panel component, not the module/route sense)"
css-css-class-0667b64a,css,3,css-class,dk-papel-titulo,dk-paper-title,apps/desk-vite/src/estilos/globais.css:2016,8,no,,,approved,codex1,"glossary-exception:papel-role (CSS ""paper"" surface component, not the permission-role sense)"
css-css-class-65d8b168,css,3,css-class,dk-papel,dk-paper,apps/desk-vite/src/estilos/globais.css:2001,7,no,,,approved,codex1,"glossary-exception:papel-role (CSS ""paper"" surface component, not the permission-role sense)"
css-css-class-c8297450,css,3,css-class,dk-papel,dk-paper,apps/desk-vite/src/estilos/globais.css:2012,7,no,,,approved,codex1,"glossary-exception:papel-role (CSS ""paper"" surface component, not the permission-role sense)"
css-css-class-fa416f18,css,3,css-class,dk-prefs-secao,dk-prefs-section,apps/desk-vite/src/estilos/globais.css:3746,1,no,,,approved,codex1,
css-css-class-ec0a7bfe,css,3,css-class,dk-prefs-secao,dk-prefs-section,apps/desk-vite/src/estilos/globais.css:3754,1,no,,,approved,codex1,
css-css-class-35c1c8ac,css,3,css-class,dk-respostas-vazio,dk-replies-empty,apps/desk-vite/src/estilos/globais.css:1843,1,no,,,approved,codex1,
css-css-class-a891c45f,css,3,css-class,dk-soltar-cartao,dk-drop-card,apps/desk-vite/src/estilos/globais.css:1888,0,no,,,approved,codex1,
css-css-class-833539cc,css,3,css-class,dk-status-opcao,dk-status-option,apps/desk-vite/src/estilos/globais.css:2396,2,no,,,approved,codex1,
css-css-class-9c76e411,css,3,css-class,dk-status-opcao,dk-status-option,apps/desk-vite/src/estilos/globais.css:2413,2,no,,,approved,codex1,
css-css-class-be9b8815,css,3,css-class,dk-status-opcao,dk-status-option,apps/desk-vite/src/estilos/globais.css:2417,2,no,,,approved,codex1,
css-css-class-61c6b906,css,3,css-class,dk-status-opcao,dk-status-option,apps/desk-vite/src/estilos/globais.css:2422,2,no,,,approved,codex1,
css-css-class-b890493d,css,3,css-class,dk-status-opcoes,dk-status-options,apps/desk-vite/src/estilos/globais.css:2386,2,no,,,approved,codex1,
css-css-class-2fedf1e6,css,3,css-class,dk-status-opcoes,dk-status-options,apps/desk-vite/src/estilos/globais.css:2392,2,no,,,approved,codex1,
css-css-class-7dfd88ac,css,3,css-class,dk-status-painel,dk-status-panel,apps/desk-vite/src/estilos/globais.css:2333,1,no,,,approved,codex1,"glossary-exception:painel-application (CSS panel component, not the module/route sense)"
css-css-class-265a7a92,css,3,css-class,dk-status-vazio,dk-status-empty,apps/desk-vite/src/estilos/globais.css:2464,1,no,,,approved,codex1,
css-css-class-9fd5f8e0,css,3,css-class,dk-trilho-avatar,dk-rail-avatar,apps/desk-vite/src/estilos/globais.css:210,1,no,,,approved,codex1,
css-css-class-d90eb87f,css,3,css-class,dk-trilho-botao,dk-rail-button,apps/desk-vite/src/estilos/globais.css:177,3,no,,,approved,codex1,
css-css-class-3972e226,css,3,css-class,dk-trilho-botao,dk-rail-button,apps/desk-vite/src/estilos/globais.css:193,3,no,,,approved,codex1,
css-css-class-28826a2a,css,3,css-class,dk-trilho-botao,dk-rail-button,apps/desk-vite/src/estilos/globais.css:197,3,no,,,approved,codex1,
css-css-class-20197dca,css,3,css-class,dk-trilho-botao,dk-rail-button,apps/desk-vite/src/estilos/globais.css:201,3,no,,,approved,codex1,
css-css-class-6dba832b,css,3,css-class,dk-trilho-item,dk-rail-item,apps/desk-vite/src/estilos/globais.css:169,4,no,,,approved,codex1,
css-css-class-220629ec,css,3,css-class,dk-trilho-itens,dk-rail-items,apps/desk-vite/src/estilos/globais.css:153,2,no,,,approved,codex1,
css-css-class-500c6423,css,3,css-class,dk-trilho-itens,dk-rail-items,apps/desk-vite/src/estilos/globais.css:165,2,no,,,approved,codex1,
css-css-class-a7a5a741,css,3,css-class,dk-trilho-marca,dk-rail-brand,apps/desk-vite/src/estilos/globais.css:142,1,no,,,approved,codex1,
css-css-class-ae8e1e37,css,3,css-class,dk-trilho-rodape,dk-rail-footer,apps/desk-vite/src/estilos/globais.css:165,1,no,,,approved,codex1,
css-css-class-6fedd021,css,3,css-class,dk-trilho,dk-rail,apps/desk-vite/src/estilos/globais.css:129,1,no,,,approved,codex1,
css-css-class-4fe1a5aa,css,3,css-class,em-massa,in-bulk,apps/crm/src/app/globais.css:939,1,no,,,approved,codex1,
css-css-class-535b5227,css,3,css-class,em-massa,in-bulk,apps/crm/src/app/globais.css:957,1,no,,,approved,codex1,
css-css-class-7ed825a9,css,3,css-class,embalagem,packaging,apps/site/ferramentas/calculadora-de-taxas-do-ifood/index.html:613,15,no,,,approved,codex1,
css-css-class-de8985dd,css,3,css-class,entrada-passo-botao,entry-step-button,apps/gestao-vite/src/estilos/globais.css:4510,0,no,,,approved,codex1,"glossary-exception:entrada-inbound (form input / login entry step, not message direction)"
css-css-class-d7fa031b,css,3,css-class,entrada-passo-botao,entry-step-button,apps/gestao-vite/src/estilos/globais.css:4528,0,no,,,approved,codex1,"glossary-exception:entrada-inbound (form input / login entry step, not message direction)"
css-css-class-01ae230b,css,3,css-class,entrada-passo-cartao,entry-step-card,apps/gestao-vite/src/estilos/globais.css:4477,1,no,,,approved,codex1,"glossary-exception:entrada-inbound (form input / login entry step, not message direction)"
css-css-class-f211997c,css,3,css-class,entrada-passo-largo,entry-step-wide,apps/gestao-vite/src/estilos/globais.css:4491,0,no,,,approved,codex1,"glossary-exception:entrada-inbound (form input / login entry step, not message direction)"
css-css-class-15916200,css,3,css-class,entrada-passo-sub,entry-step-sub,apps/gestao-vite/src/estilos/globais.css:4503,1,no,,,approved,codex1,"glossary-exception:entrada-inbound (form input / login entry step, not message direction)"
css-css-class-f9a34edf,css,3,css-class,entrada-passo,entry-step,apps/gestao-vite/src/estilos/globais.css:4447,1,no,,,approved,codex1,"glossary-exception:entrada-inbound (form input / login entry step, not message direction)"
css-css-class-028971ff,css,3,css-class,entrada-passo,entry-step,apps/gestao-vite/src/estilos/globais.css:4451,1,no,,,approved,codex1,"glossary-exception:entrada-inbound (form input / login entry step, not message direction)"
css-css-class-094fed33,css,3,css-class,entrada-passo,entry-step,apps/gestao-vite/src/estilos/globais.css:4495,1,no,,,approved,codex1,"glossary-exception:entrada-inbound (form input / login entry step, not message direction)"
css-css-class-443ab7f0,css,3,css-class,entrada-passo,entry-step,apps/gestao-vite/src/estilos/globais.css:4533,1,no,,,approved,codex1,"glossary-exception:entrada-inbound (form input / login entry step, not message direction)"
css-css-class-ac1adf6c,css,3,css-class,entrada,inbound,apps/gestao-vite/src/paginas/operacao/atendimento.css:799,473,no,,,approved,codex1,
css-css-class-4ed583c1,css,3,css-class,entrar-ajuda,login-help,apps/crm/src/app/globais.css:2025,11,no,,,approved,codex1,
css-css-class-249f5dc3,css,3,css-class,entrar-ajuda,login-help,apps/desk-vite/src/estilos/globais.css:2732,11,no,,,approved,codex1,
css-css-class-910763d6,css,3,css-class,entrar-ajuda,login-help,apps/gestao-vite/src/estilos/globais.css:3154,11,no,,,approved,codex1,
css-css-class-f61895f8,css,3,css-class,entrar-alerta,login-alert,apps/crm/src/app/globais.css:1965,3,no,,,approved,codex1,
css-css-class-4bace01c,css,3,css-class,entrar-alerta,login-alert,apps/crm/src/app/globais.css:1976,3,no,,,approved,codex1,
css-css-class-89225d94,css,3,css-class,entrar-alerta,login-alert,apps/crm/src/app/globais.css:1983,3,no,,,approved,codex1,
css-css-class-bf171298,css,3,css-class,entrar-alerta,login-alert,apps/desk-vite/src/estilos/globais.css:2609,3,no,,,approved,codex1,
css-css-class-bbcf176a,css,3,css-class,entrar-alerta,login-alert,apps/desk-vite/src/estilos/globais.css:2618,3,no,,,approved,codex1,
css-css-class-89f858ea,css,3,css-class,entrar-alerta,login-alert,apps/desk-vite/src/estilos/globais.css:2625,3,no,,,approved,codex1,
css-css-class-c003599e,css,3,css-class,entrar-alerta,login-alert,apps/gestao-vite/src/estilos/globais.css:3031,3,no,,,approved,codex1,
css-css-class-8b585165,css,3,css-class,entrar-alerta,login-alert,apps/gestao-vite/src/estilos/globais.css:3040,3,no,,,approved,codex1,
css-css-class-c8f18348,css,3,css-class,entrar-alerta,login-alert,apps/gestao-vite/src/estilos/globais.css:3047,3,no,,,approved,codex1,
css-css-class-3f26f05f,css,3,css-class,entrar-alerta,login-alert,apps/gestao-vite/src/estilos/globais.css:4533,3,no,,,approved,codex1,
css-css-class-11d0fd27,css,3,css-class,entrar-cartao,login-card,apps/crm/src/app/globais.css:1921,6,no,,,approved,codex1,
css-css-class-e3987b27,css,3,css-class,entrar-cartao,login-card,apps/crm/src/app/globais.css:1948,6,no,,,approved,codex1,
css-css-class-c61a1056,css,3,css-class,entrar-cartao,login-card,apps/desk-vite/src/estilos/globais.css:2574,6,no,,,approved,codex1,
css-css-class-9485bb7e,css,3,css-class,entrar-cartao,login-card,apps/desk-vite/src/estilos/globais.css:2678,6,no,,,approved,codex1,
css-css-class-9019d24d,css,3,css-class,entrar-cartao,login-card,apps/desk-vite/src/estilos/globais.css:2686,6,no,,,approved,codex1,
css-css-class-4c8217db,css,3,css-class,entrar-cartao,login-card,apps/desk-vite/src/estilos/globais.css:2687,6,no,,,approved,codex1,
css-css-class-aecc8a6f,css,3,css-class,entrar-cartao,login-card,apps/desk-vite/src/estilos/globais.css:2688,6,no,,,approved,codex1,
css-css-class-25ef7b6c,css,3,css-class,entrar-cartao,login-card,apps/desk-vite/src/estilos/globais.css:2704,6,no,,,approved,codex1,
css-css-class-c2ff4e1a,css,3,css-class,entrar-cartao,login-card,apps/desk-vite/src/estilos/globais.css:2708,6,no,,,approved,codex1,
css-css-class-f749fa6e,css,3,css-class,entrar-cartao,login-card,apps/desk-vite/src/estilos/globais.css:2723,6,no,,,approved,codex1,
css-css-class-66cc3a80,css,3,css-class,entrar-cartao,login-card,apps/desk-vite/src/estilos/globais.css:2727,6,no,,,approved,codex1,
css-css-class-6a3334a1,css,3,css-class,entrar-cartao,login-card,apps/desk-vite/src/estilos/globais.css:2739,6,no,,,approved,codex1,
css-css-class-76a68b1c,css,3,css-class,entrar-cartao,login-card,apps/desk-vite/src/estilos/globais.css:2753,6,no,,,approved,codex1,
css-css-class-1619c4bb,css,3,css-class,entrar-cartao,login-card,apps/desk-vite/src/estilos/globais.css:2782,6,no,,,approved,codex1,
css-css-class-3665a314,css,3,css-class,entrar-cartao,login-card,apps/gestao-vite/src/estilos/globais.css:2996,6,no,,,approved,codex1,
css-css-class-3648938b,css,3,css-class,entrar-cartao,login-card,apps/gestao-vite/src/estilos/globais.css:3100,6,no,,,approved,codex1,
css-css-class-1ea5089b,css,3,css-class,entrar-cartao,login-card,apps/gestao-vite/src/estilos/globais.css:3108,6,no,,,approved,codex1,
css-css-class-aa12752d,css,3,css-class,entrar-cartao,login-card,apps/gestao-vite/src/estilos/globais.css:3109,6,no,,,approved,codex1,
css-css-class-f4f9426d,css,3,css-class,entrar-cartao,login-card,apps/gestao-vite/src/estilos/globais.css:3110,6,no,,,approved,codex1,
css-css-class-ca306850,css,3,css-class,entrar-cartao,login-card,apps/gestao-vite/src/estilos/globais.css:3126,6,no,,,approved,codex1,
css-css-class-6756eacb,css,3,css-class,entrar-cartao,login-card,apps/gestao-vite/src/estilos/globais.css:3130,6,no,,,approved,codex1,
css-css-class-6c01966a,css,3,css-class,entrar-cartao,login-card,apps/gestao-vite/src/estilos/globais.css:3145,6,no,,,approved,codex1,
css-css-class-2250c534,css,3,css-class,entrar-cartao,login-card,apps/gestao-vite/src/estilos/globais.css:3149,6,no,,,approved,codex1,
css-css-class-aa2ce031,css,3,css-class,entrar-cartao,login-card,apps/gestao-vite/src/estilos/globais.css:3161,6,no,,,approved,codex1,
css-css-class-a4f84a77,css,3,css-class,entrar-cartao,login-card,apps/gestao-vite/src/estilos/globais.css:3175,6,no,,,approved,codex1,
css-css-class-61082c61,css,3,css-class,entrar-cartao,login-card,apps/gestao-vite/src/estilos/globais.css:3204,6,no,,,approved,codex1,
css-css-class-1fe36fa6,css,3,css-class,entrar-dados,login-data,apps/crm/src/app/globais.css:2037,3,no,,,approved,codex1,
css-css-class-6c2afa02,css,3,css-class,entrar-dados,login-data,apps/crm/src/app/globais.css:2045,3,no,,,approved,codex1,
css-css-class-bd23391f,css,3,css-class,entrar-dados,login-data,apps/crm/src/app/globais.css:2049,3,no,,,approved,codex1,
css-css-class-1acf263a,css,3,css-class,entrar-dados,login-data,apps/desk-vite/src/estilos/globais.css:2798,3,no,,,approved,codex1,
css-css-class-72c302ab,css,3,css-class,entrar-dados,login-data,apps/desk-vite/src/estilos/globais.css:2806,3,no,,,approved,codex1,
css-css-class-94315940,css,3,css-class,entrar-dados,login-data,apps/desk-vite/src/estilos/globais.css:2810,3,no,,,approved,codex1,
css-css-class-628ab83e,css,3,css-class,entrar-dados,login-data,apps/gestao-vite/src/estilos/globais.css:3220,3,no,,,approved,codex1,
css-css-class-b9fe1c14,css,3,css-class,entrar-dados,login-data,apps/gestao-vite/src/estilos/globais.css:3228,3,no,,,approved,codex1,
css-css-class-3834822c,css,3,css-class,entrar-dados,login-data,apps/gestao-vite/src/estilos/globais.css:3232,3,no,,,approved,codex1,
css-css-class-fc0b3309,css,3,css-class,entrar-esqueci,login-forgot,apps/desk-vite/src/estilos/globais.css:2712,2,no,,,approved,codex1,
css-css-class-d53f406c,css,3,css-class,entrar-esqueci,login-forgot,apps/desk-vite/src/estilos/globais.css:2719,2,no,,,approved,codex1,
css-css-class-17edc235,css,3,css-class,entrar-esqueci,login-forgot,apps/gestao-vite/src/estilos/globais.css:3134,2,no,,,approved,codex1,
css-css-class-27f72361,css,3,css-class,entrar-esqueci,login-forgot,apps/gestao-vite/src/estilos/globais.css:3141,2,no,,,approved,codex1,
css-css-class-3b880eb6,css,3,css-class,entrar-form,login-form,apps/crm/src/app/globais.css:2012,1,no,,,approved,codex1,
css-css-class-4c57c3fd,css,3,css-class,entrar-form,login-form,apps/crm/src/app/globais.css:2018,1,no,,,approved,codex1,
css-css-class-c961db0d,css,3,css-class,entrar-form,login-form,apps/crm/src/app/globais.css:2032,1,no,,,approved,codex1,
css-css-class-1c82bbe7,css,3,css-class,entrar-fundo,login-background,apps/desk-vite/src/estilos/globais.css:2544,2,no,,,approved,codex1,
css-css-class-5306a7b1,css,3,css-class,entrar-fundo,login-background,apps/gestao-vite/src/estilos/globais.css:2966,2,no,,,approved,codex1,
css-css-class-886c6288,css,3,css-class,entrar-google,login-google,apps/crm/src/app/globais.css:1990,9,no,,,approved,codex1,
css-css-class-4a3643cb,css,3,css-class,entrar-google,login-google,apps/desk-vite/src/estilos/globais.css:2632,9,no,,,approved,codex1,
css-css-class-c94bab22,css,3,css-class,entrar-google,login-google,apps/desk-vite/src/estilos/globais.css:2654,9,no,,,approved,codex1,
css-css-class-52490e38,css,3,css-class,entrar-google,login-google,apps/gestao-vite/src/estilos/globais.css:3054,9,no,,,approved,codex1,
css-css-class-3afef7b7,css,3,css-class,entrar-google,login-google,apps/gestao-vite/src/estilos/globais.css:3076,9,no,,,approved,codex1,
css-css-class-457fd100,css,3,css-class,entrar-lockup,login-lockup,apps/desk-vite/src/estilos/globais.css:2586,5,no,,,approved,codex1,
css-css-class-36df341b,css,3,css-class,entrar-lockup,login-lockup,apps/gestao-vite/src/estilos/globais.css:3008,5,no,,,approved,codex1,
css-css-class-b014b412,css,3,css-class,entrar-marca,login-brand,apps/crm/src/app/globais.css:1936,2,no,,,approved,codex1,
css-css-class-cc4c61f0,css,3,css-class,entrar-marca,login-brand,apps/crm/src/app/globais.css:1943,2,no,,,approved,codex1,
css-css-class-708af3b0,css,3,css-class,entrar-ou-texto,login-or-text,apps/desk-vite/src/estilos/globais.css:2667,2,no,,,approved,codex1,
css-css-class-4bb36e42,css,3,css-class,entrar-ou-texto,login-or-text,apps/desk-vite/src/estilos/globais.css:2673,2,no,,,approved,codex1,
css-css-class-6a3f1fa0,css,3,css-class,entrar-ou-texto,login-or-text,apps/gestao-vite/src/estilos/globais.css:3089,2,no,,,approved,codex1,
css-css-class-7167047d,css,3,css-class,entrar-ou-texto,login-or-text,apps/gestao-vite/src/estilos/globais.css:3095,2,no,,,approved,codex1,
css-css-class-49828c91,css,3,css-class,entrar-ou,login-or,apps/crm/src/app/globais.css:1996,3,no,,,approved,codex1,
css-css-class-ce4d8e74,css,3,css-class,entrar-ou,login-or,apps/crm/src/app/globais.css:2004,3,no,,,approved,codex1,
css-css-class-665643ef,css,3,css-class,entrar-ou,login-or,apps/crm/src/app/globais.css:2005,3,no,,,approved,codex1,
css-css-class-46a016bb,css,3,css-class,entrar-ou,login-or,apps/desk-vite/src/estilos/globais.css:2660,3,no,,,approved,codex1,
css-css-class-b008a065,css,3,css-class,entrar-ou,login-or,apps/desk-vite/src/estilos/globais.css:2667,3,no,,,approved,codex1,
css-css-class-0011870a,css,3,css-class,entrar-ou,login-or,apps/gestao-vite/src/estilos/globais.css:3082,3,no,,,approved,codex1,
css-css-class-b5f7323a,css,3,css-class,entrar-ou,login-or,apps/gestao-vite/src/estilos/globais.css:3089,3,no,,,approved,codex1,
css-css-class-a9126d54,css,3,css-class,entrar-palco,login-stage,apps/desk-vite/src/estilos/globais.css:2554,4,no,,,approved,codex1,
css-css-class-8d0ff560,css,3,css-class,entrar-palco,login-stage,apps/desk-vite/src/estilos/globais.css:2569,4,no,,,approved,codex1,
css-css-class-6b5be8dd,css,3,css-class,entrar-palco,login-stage,apps/gestao-vite/src/estilos/globais.css:2976,4,no,,,approved,codex1,
css-css-class-7a32f4d7,css,3,css-class,entrar-palco,login-stage,apps/gestao-vite/src/estilos/globais.css:2991,4,no,,,approved,codex1,
css-css-class-7852067e,css,3,css-class,entrar-pe,login-foot,apps/desk-vite/src/estilos/globais.css:2757,2,no,,,approved,codex1,
css-css-class-e2aff5c6,css,3,css-class,entrar-pe,login-foot,apps/desk-vite/src/estilos/globais.css:2776,2,no,,,approved,codex1,
css-css-class-7fcb1710,css,3,css-class,entrar-pe,login-foot,apps/gestao-vite/src/estilos/globais.css:3179,2,no,,,approved,codex1,
css-css-class-ba1694c4,css,3,css-class,entrar-pe,login-foot,apps/gestao-vite/src/estilos/globais.css:3198,2,no,,,approved,codex1,
css-css-class-c6d5d267,css,3,css-class,entrar-rodape,login-footer,apps/crm/src/app/globais.css:2057,4,no,,,approved,codex1,
css-css-class-2420ba8b,css,3,css-class,entrar-rodape,login-footer,apps/desk-vite/src/estilos/globais.css:2818,4,no,,,approved,codex1,
css-css-class-71d48f76,css,3,css-class,entrar-rodape,login-footer,apps/gestao-vite/src/estilos/globais.css:3240,4,no,,,approved,codex1,
css-css-class-7bd1c588,css,3,css-class,entrar-sub,login-sub,apps/crm/src/app/globais.css:1956,7,no,,,approved,codex1,
css-css-class-9f18db40,css,3,css-class,entrar-sub,login-sub,apps/desk-vite/src/estilos/globais.css:2790,7,no,,,approved,codex1,
css-css-class-942c40b8,css,3,css-class,entrar-sub,login-sub,apps/gestao-vite/src/estilos/globais.css:3212,7,no,,,approved,codex1,
css-css-class-b02f9b1c,css,3,css-class,entrar-titulo-oculto,login-title-hidden,apps/desk-vite/src/estilos/globais.css:2595,2,no,,,approved,codex1,
css-css-class-93fcb22b,css,3,css-class,entrar-titulo-oculto,login-title-hidden,apps/gestao-vite/src/estilos/globais.css:3017,2,no,,,approved,codex1,
css-css-class-93da5d8a,css,3,css-class,entrar,login,apps/crm/src/app/globais.css:1913,137,no,,,approved,codex1,
css-css-class-5d1e1ad3,css,3,css-class,entrar,login,apps/desk-vite/src/estilos/globais.css:2514,137,no,,,approved,codex1,
css-css-class-1042cecd,css,3,css-class,entrar,login,apps/desk-vite/src/estilos/globais.css:2516,137,no,,,approved,codex1,
css-css-class-80e83439,css,3,css-class,entrar,login,apps/desk-vite/src/estilos/globais.css:2768,137,no,,,approved,codex1,
css-css-class-df0f95bf,css,3,css-class,entrar,login,apps/desk-vite/src/estilos/globais.css:2772,137,no,,,approved,codex1,
css-css-class-36b1cd63,css,3,css-class,entrar,login,apps/gestao-vite/src/estilos/globais.css:2936,137,no,,,approved,codex1,
css-css-class-3b592f00,css,3,css-class,entrar,login,apps/gestao-vite/src/estilos/globais.css:2938,137,no,,,approved,codex1,
css-css-class-447e473c,css,3,css-class,entrar,login,apps/gestao-vite/src/estilos/globais.css:3190,137,no,,,approved,codex1,
css-css-class-38983e77,css,3,css-class,entrar,login,apps/gestao-vite/src/estilos/globais.css:3194,137,no,,,approved,codex1,
css-css-class-3e315850,css,3,css-class,entrar,login,apps/gestao-vite/src/estilos/globais.css:4447,137,no,,,approved,codex1,
css-css-class-9b496613,css,3,css-class,entrega,delivery,apps/site/ferramentas/calculadora-de-taxas-do-ifood/index.html:595,207,no,,,approved,codex1,
css-css-class-60eb0715,css,3,css-class,entrega,delivery,apps/site/ferramentas/calculadora-de-taxas-do-ifood/index.html:600,207,no,,,approved,codex1,
css-css-class-8a55358b,css,3,css-class,entrega,delivery,apps/site/ferramentas/calculadora-de-taxas-do-ifood/index.html:602,207,no,,,approved,codex1,
css-css-class-080ad5c3,css,3,css-class,entrega,delivery,apps/site/ferramentas/calculadora-de-taxas-do-ifood/index.html:603,207,no,,,approved,codex1,
css-css-class-5868044d,css,3,css-class,entrega,delivery,apps/site/ferramentas/calculadora-de-taxas-do-ifood/index.html:605,207,no,,,approved,codex1,
css-css-class-ba6924ee,css,3,css-class,entrega,delivery,apps/site/ferramentas/calculadora-de-taxas-do-ifood/index.html:606,207,no,,,approved,codex1,
css-css-class-c2640db9,css,3,css-class,entrega,delivery,apps/site/ferramentas/calculadora-de-taxas-do-ifood/index.html:614,207,no,,,approved,codex1,
css-css-class-0a3fc0aa,css,3,css-class,entrega,delivery,apps/site/ferramentas/calculadora-de-taxas-do-ifood/index.html:716,207,no,,,approved,codex1,
css-css-class-12e049c8,css,3,css-class,entrega,delivery,apps/site/ferramentas/calculadora-de-taxas-do-ifood/index.html:717,207,no,,,approved,codex1,
css-css-class-9a695082,css,3,css-class,erro,error,apps/crm/src/app/configuracoes/configuracoes.css:223,1478,no,,,approved,codex1,
css-css-class-bcee1b1d,css,3,css-class,erro,error,apps/gestao-vite/src/estilos/globais.css:1504,1478,no,,,approved,codex1,
css-css-class-1c23369b,css,3,css-class,erro,error,apps/gestao-vite/src/estilos/globais.css:1521,1478,no,,,approved,codex1,
css-css-class-1f701ace,css,3,css-class,erro,error,packages/ui/src/estilos/base.css:16,1478,no,,,approved,codex1,
css-css-class-b32ffac3,css,3,css-class,erro,error,packages/ui/src/estilos/base.css:429,1478,no,,,approved,codex1,
css-css-class-9a103970,css,3,css-class,erro,error,packages/ui/src/estilos/base.css:471,1478,no,,,approved,codex1,
css-css-class-dc9a5c37,css,3,css-class,esqueleto-cartao,skeleton-card,apps/crm/src/app/globais.css:1519,1,no,,,approved,codex1,
css-css-class-342d58bf,css,3,css-class,esqueleto-cartao,skeleton-card,apps/crm/src/app/globais.css:1526,1,no,,,approved,codex1,
css-css-class-ec4acbea,css,3,css-class,eu-bloco,me-block,apps/crm/src/app/globais.css:2065,2,no,,,approved,codex1,
css-css-class-0d1e7c8a,css,3,css-class,eu-bloco,me-block,apps/crm/src/app/globais.css:2073,2,no,,,approved,codex1,
css-css-class-a6a10369,css,3,css-class,eu-bloco,me-block,apps/crm/src/app/globais.css:2079,2,no,,,approved,codex1,
css-css-class-54a40342,css,3,css-class,eu-bloco,me-block,apps/gestao-vite/src/estilos/globais.css:3248,2,no,,,approved,codex1,
css-css-class-2f32fddc,css,3,css-class,eu-bloco,me-block,apps/gestao-vite/src/estilos/globais.css:3256,2,no,,,approved,codex1,
css-css-class-35023f56,css,3,css-class,eu-bloco,me-block,apps/gestao-vite/src/estilos/globais.css:3264,2,no,,,approved,codex1,
css-css-class-0ae81132,css,3,css-class,eu-bloco,me-block,apps/gestao-vite/src/estilos/globais.css:3272,2,no,,,approved,codex1,
css-css-class-ad156381,css,3,css-class,faixa-filtros,strip-filters,apps/gestao-vite/src/estilos/globais.css:1304,4,no,,,approved,codex1,
css-css-class-01efdff3,css,3,css-class,faixa-filtros,strip-filters,apps/gestao-vite/src/estilos/globais.css:902,4,no,,,approved,codex1,
css-css-class-8464fc3b,css,3,css-class,faixa-filtros,strip-filters,apps/gestao-vite/src/estilos/globais.css:913,4,no,,,approved,codex1,
css-css-class-0765bd1f,css,3,css-class,faixa-filtros,strip-filters,apps/gestao-vite/src/estilos/globais.css:988,4,no,,,approved,codex1,
css-css-class-4902d319,css,3,css-class,filtrar-por,filter-by,apps/gestao-vite/src/estilos/globais.css:2495,1,no,,,approved,codex1,
css-css-class-77d0dc78,css,3,css-class,filtrar-por,filter-by,apps/gestao-vite/src/estilos/globais.css:2501,1,no,,,approved,codex1,
css-css-class-84926516,css,3,css-class,filtrar-por,filter-by,apps/gestao-vite/src/estilos/globais.css:2508,1,no,,,approved,codex1,
css-css-class-28f6a7ec,css,3,css-class,filtro-chip,filter-chip,apps/crm/src/app/globais.css:1082,1,no,,,approved,codex1,
css-css-class-635cdf59,css,3,css-class,filtro-chip,filter-chip,apps/crm/src/app/globais.css:1096,1,no,,,approved,codex1,
css-css-class-33d208e8,css,3,css-class,filtro-filas-ativador,filter-queues-trigger,apps/gestao-vite/src/estilos/globais.css:2673,1,no,,,approved,codex1,
css-css-class-36a3126a,css,3,css-class,filtro-filas-cabecalho,filter-queues-header,apps/gestao-vite/src/estilos/globais.css:2703,1,no,,,approved,codex1,
css-css-class-83fbbc5b,css,3,css-class,filtro-filas-item,filter-queues-item,apps/gestao-vite/src/estilos/globais.css:2710,1,no,,,approved,codex1,
css-css-class-d73000d8,css,3,css-class,filtro-filas-painel,filter-queues-panel,apps/gestao-vite/src/estilos/globais.css:2688,1,no,,,approved,codex1,"glossary-exception:painel-application (CSS panel component, not the module/route sense)"
css-css-class-6abf2ae8,css,3,css-class,filtro-filas,filter-queues,apps/gestao-vite/src/estilos/globais.css:2666,1,no,,,approved,codex1,
css-css-class-a74eab6c,css,3,css-class,filtros,filters,apps/crm/src/app/globais.css:996,91,no,,,approved,codex1,
css-css-class-7b6448e3,css,3,css-class,form-cadastro,form-registration,apps/gestao-vite/src/estilos/globais.css:2570,15,no,,,approved,codex1,
css-css-class-8b3824a9,css,3,css-class,fx-area-canais,fx-area-channels,apps/gestao-vite/src/paginas/fluxo/fluxo.css:539,1,no,,,approved,codex1,
css-css-class-3f9664ab,css,3,css-class,fx-area-extensoes,fx-area-extensions,apps/gestao-vite/src/paginas/fluxo/fluxo.css:504,1,no,,,approved,codex1,
css-css-class-5e0bab13,css,3,css-class,fx-area-extensoes,fx-area-extensions,apps/gestao-vite/src/paginas/fluxo/fluxo.css:533,1,no,,,approved,codex1,
css-css-class-872b6fad,css,3,css-class,fx-area-metricas,fx-area-metrics,apps/gestao-vite/src/paginas/fluxo/fluxo.css:554,1,no,,,approved,codex1,
css-css-class-85d849ac,css,3,css-class,fx-area-preferencias,fx-area-preferences,apps/gestao-vite/src/paginas/fluxo/fluxo.css:549,1,no,,,approved,codex1,
css-css-class-29c2c933,css,3,css-class,fx-campo-valor,fx-field-value,apps/gestao-vite/src/paginas/fluxo/fluxo.css:795,2,no,,,approved,codex1,
css-css-class-12a570f1,css,3,css-class,fx-canais-logos,fx-channels-logos,apps/gestao-vite/src/paginas/fluxo/fluxo.css:664,1,no,,,approved,codex1,
css-css-class-5b9ce127,css,3,css-class,fx-canal-logo,fx-channel-logo,apps/gestao-vite/src/paginas/fluxo/fluxo.css:670,1,no,,,approved,codex1,
css-css-class-79ba7b7a,css,3,css-class,fx-coluna,fx-column,apps/gestao-vite/src/paginas/fluxo/analise/jornada/jornada.css:24,16,no,,,approved,codex1,
css-css-class-56961cdc,css,3,css-class,fx-coluna,fx-column,apps/gestao-vite/src/paginas/fluxo/fluxo.css:376,16,no,,,approved,codex1,
css-css-class-28be2cc6,css,3,css-class,fx-coluna,fx-column,apps/gestao-vite/src/paginas/fluxo/fluxo.css:385,16,no,,,approved,codex1,
css-css-class-c9b58572,css,3,css-class,fx-coluna,fx-column,apps/gestao-vite/src/paginas/fluxo/fluxo.css:392,16,no,,,approved,codex1,
css-css-class-ee044a57,css,3,css-class,fx-coluna,fx-column,apps/gestao-vite/src/paginas/fluxo/integracoes/cabecalho-de-pagina.css:17,16,no,,,approved,codex1,
css-css-class-47d3795c,css,3,css-class,fx-contato-menu,fx-contact-menu,apps/gestao-vite/src/paginas/fluxo/fluxo.css:105,1,no,,,approved,codex1,
css-css-class-64dc4b37,css,3,css-class,fx-contato-menu,fx-contact-menu,apps/gestao-vite/src/paginas/fluxo/fluxo.css:116,1,no,,,approved,codex1,
css-css-class-af706127,css,3,css-class,fx-contato-menu,fx-contact-menu,apps/gestao-vite/src/paginas/fluxo/fluxo.css:131,1,no,,,approved,codex1,
css-css-class-df010d95,css,3,css-class,fx-contato-menu,fx-contact-menu,apps/gestao-vite/src/paginas/fluxo/fluxo.css:137,1,no,,,approved,codex1,
css-css-class-b9b89008,css,3,css-class,fx-contato-menu,fx-contact-menu,apps/gestao-vite/src/paginas/fluxo/fluxo.css:145,1,no,,,approved,codex1,
css-css-class-e95746cc,css,3,css-class,fx-contato-menu,fx-contact-menu,apps/gestao-vite/src/paginas/fluxo/fluxo.css:159,1,no,,,approved,codex1,
css-css-class-fcc5a69b,css,3,css-class,fx-contato-nome,fx-contact-name,apps/gestao-vite/src/paginas/fluxo/fluxo.css:120,1,no,,,approved,codex1,
css-css-class-635fba3f,css,3,css-class,fx-contato,fx-contact,apps/gestao-vite/src/paginas/fluxo/fluxo.css:75,1,no,,,approved,codex1,
css-css-class-3b2fbd97,css,3,css-class,fx-descricao,fx-description,apps/gestao-vite/src/paginas/fluxo/fluxo.css:685,1,no,,,approved,codex1,
css-css-class-69201a2d,css,3,css-class,fx-extensao-imagem-caixa,fx-extension-image-box,apps/gestao-vite/src/paginas/fluxo/fluxo.css:997,1,no,,,approved,codex1,
css-css-class-02f2906d,css,3,css-class,fx-extensao-imagem,fx-extension-image,apps/gestao-vite/src/paginas/fluxo/fluxo.css:1005,1,no,,,approved,codex1,
css-css-class-fe363661,css,3,css-class,fx-extensoes-botao,fx-extensions-button,apps/gestao-vite/src/paginas/fluxo/fluxo.css:950,1,no,,,approved,codex1,
css-css-class-5d22366b,css,3,css-class,fx-extensoes-cabeca,fx-extensions-header,apps/gestao-vite/src/paginas/fluxo/fluxo.css:930,1,no,,,approved,codex1,
css-css-class-df119b27,css,3,css-class,fx-extensoes-lista,fx-extensions-list,apps/gestao-vite/src/paginas/fluxo/fluxo.css:957,1,no,,,approved,codex1,
css-css-class-5a56683f,css,3,css-class,fx-extensoes-papel,fx-extensions-paper,apps/gestao-vite/src/paginas/fluxo/fluxo.css:926,1,no,,,approved,codex1,"glossary-exception:papel-role (CSS ""paper"" surface component, not the permission-role sense)"
css-css-class-9cb78bd5,css,3,css-class,fx-extensoes-titulo-caixa,fx-extensions-title-box,apps/gestao-vite/src/paginas/fluxo/fluxo.css:943,1,no,,,approved,codex1,
css-css-class-25d40787,css,3,css-class,fx-extensoes-titulo,fx-extensions-title,apps/gestao-vite/src/paginas/fluxo/fluxo.css:939,1,no,,,approved,codex1,
css-css-class-e70936b2,css,3,css-class,fx-faixa-descricao,fx-strip-description,apps/gestao-vite/src/paginas/fluxo/fluxo.css:679,1,no,,,approved,codex1,
css-css-class-95210adb,css,3,css-class,fx-identidade,fx-identity,apps/gestao-vite/src/paginas/fluxo/fluxo.css:405,1,no,,,approved,codex1,
css-css-class-a7c83015,css,3,css-class,fx-metrica-valor,fx-metric-value,apps/gestao-vite/src/paginas/fluxo/fluxo.css:867,1,no,,,approved,codex1,
css-css-class-a3225ee2,css,3,css-class,fx-metricas,fx-metrics,apps/gestao-vite/src/paginas/fluxo/fluxo.css:817,1,no,,,approved,codex1,
css-css-class-09f4e603,css,3,css-class,fx-metricas,fx-metrics,apps/gestao-vite/src/paginas/fluxo/fluxo.css:899,1,no,,,approved,codex1,
css-css-class-25caea30,css,3,css-class,fx-papel,fx-paper,apps/gestao-vite/src/paginas/fluxo/fluxo.css:565,5,no,,,approved,codex1,"glossary-exception:papel-role (CSS ""paper"" surface component, not the permission-role sense)"
css-css-class-11a3437e,css,3,css-class,fx-preferencias,fx-preferences,apps/gestao-vite/src/paginas/fluxo/fluxo.css:756,1,no,,,approved,codex1,
css-css-class-d2038468,css,3,css-class,g-canal-av,g-channel-avatar,apps/gestao-vite/src/estilos/globais.css:444,0,no,,,approved,codex1,
css-css-class-53fd56bb,css,3,css-class,g-canal-nome,g-channel-name,apps/gestao-vite/src/estilos/globais.css:437,0,no,,,approved,codex1,
css-css-class-a21c7538,css,3,css-class,g-canal,g-channel,apps/gestao-vite/src/estilos/globais.css:414,0,no,,,approved,codex1,
css-css-class-83874a41,css,3,css-class,g-canal,g-channel,apps/gestao-vite/src/estilos/globais.css:419,0,no,,,approved,codex1,
css-css-class-86d38942,css,3,css-class,g-canal,g-channel,apps/gestao-vite/src/estilos/globais.css:433,0,no,,,approved,codex1,
css-css-class-5091242d,css,3,css-class,g-canal,g-channel,apps/gestao-vite/src/estilos/globais.css:466,0,no,,,approved,codex1,
css-css-class-a18e1818,css,3,css-class,g-leitura,g-read,apps/gestao-vite/src/estilos/globais.css:1418,0,no,,,approved,codex1,
css-css-class-75531e7b,css,3,css-class,g-painel,g-panel,apps/gestao-vite/src/estilos/globais.css:3452,7,no,,,approved,codex1,"glossary-exception:painel-application (CSS panel component, not the module/route sense)"
css-css-class-2ddc6fec,css,3,css-class,g-painel,g-panel,apps/gestao-vite/src/estilos/globais.css:367,7,no,,,approved,codex1,"glossary-exception:painel-application (CSS panel component, not the module/route sense)"
css-css-class-0ad04fd1,css,3,css-class,g-painel,g-panel,apps/gestao-vite/src/estilos/globais.css:387,7,no,,,approved,codex1,"glossary-exception:painel-application (CSS panel component, not the module/route sense)"
css-css-class-7da30dd8,css,3,css-class,g-painel,g-panel,apps/gestao-vite/src/estilos/globais.css:392,7,no,,,approved,codex1,"glossary-exception:painel-application (CSS panel component, not the module/route sense)"
css-css-class-97053a29,css,3,css-class,g-painel,g-panel,apps/gestao-vite/src/estilos/globais.css:398,7,no,,,approved,codex1,"glossary-exception:painel-application (CSS panel component, not the module/route sense)"
css-css-class-74862bf1,css,3,css-class,g-painel,g-panel,apps/gestao-vite/src/estilos/globais.css:404,7,no,,,approved,codex1,"glossary-exception:painel-application (CSS panel component, not the module/route sense)"
css-css-class-ea91c304,css,3,css-class,g-painel,g-panel,apps/gestao-vite/src/estilos/globais.css:408,7,no,,,approved,codex1,"glossary-exception:painel-application (CSS panel component, not the module/route sense)"
css-css-class-abf3005c,css,3,css-class,g-painel,g-panel,apps/gestao-vite/src/estilos/globais.css:466,7,no,,,approved,codex1,"glossary-exception:painel-application (CSS panel component, not the module/route sense)"
css-css-class-7aac4bcb,css,3,css-class,g-painel,g-panel,apps/gestao-vite/src/estilos/globais.css:563,7,no,,,approved,codex1,"glossary-exception:painel-application (CSS panel component, not the module/route sense)"
css-css-class-ffec65de,css,3,css-class,g-painel,g-panel,apps/gestao-vite/src/estilos/globais.css:567,7,no,,,approved,codex1,"glossary-exception:painel-application (CSS panel component, not the module/route sense)"
css-css-class-5f8feafb,css,3,css-class,g-painel,g-panel,apps/gestao-vite/src/estilos/globais.css:575,7,no,,,approved,codex1,"glossary-exception:painel-application (CSS panel component, not the module/route sense)"
css-css-class-1945ce7d,css,3,css-class,g-painel,g-panel,apps/gestao-vite/src/paginas/fluxo/fluxo.css:145,7,no,,,approved,codex1,"glossary-exception:painel-application (CSS panel component, not the module/route sense)"
css-css-class-4b224afd,css,3,css-class,g-painel,g-panel,apps/gestao-vite/src/paginas/fluxo/fluxo.css:159,7,no,,,approved,codex1,"glossary-exception:painel-application (CSS panel component, not the module/route sense)"
css-css-class-e4491bcf,css,3,css-class,g-painel,g-panel,apps/gestao-vite/src/paginas/fluxo/fluxo.css:252,7,no,,,approved,codex1,"glossary-exception:painel-application (CSS panel component, not the module/route sense)"
css-css-class-73f5e9d4,css,3,css-class,g-painel,g-panel,apps/gestao-vite/src/paginas/fluxo/fluxo.css:266,7,no,,,approved,codex1,"glossary-exception:painel-application (CSS panel component, not the module/route sense)"
css-css-class-8835272d,css,3,css-class,g-painel,g-panel,apps/gestao-vite/src/paginas/fluxo/fluxo.css:283,7,no,,,approved,codex1,"glossary-exception:painel-application (CSS panel component, not the module/route sense)"
css-css-class-b5995778,css,3,css-class,g-painel,g-panel,apps/gestao-vite/src/paginas/fluxo/fluxo.css:284,7,no,,,approved,codex1,"glossary-exception:painel-application (CSS panel component, not the module/route sense)"
css-css-class-a55b86db,css,3,css-class,g-painel,g-panel,apps/gestao-vite/src/paginas/fluxo/fluxo.css:299,7,no,,,approved,codex1,"glossary-exception:painel-application (CSS panel component, not the module/route sense)"
css-css-class-a322cb66,css,3,css-class,g-painel,g-panel,apps/gestao-vite/src/paginas/fluxo/fluxo.css:300,7,no,,,approved,codex1,"glossary-exception:painel-application (CSS panel component, not the module/route sense)"
css-css-class-7c670bec,css,3,css-class,g-painel,g-panel,apps/gestao-vite/src/paginas/fluxo/fluxo.css:304,7,no,,,approved,codex1,"glossary-exception:painel-application (CSS panel component, not the module/route sense)"
css-css-class-f88e9444,css,3,css-class,g-painel,g-panel,apps/gestao-vite/src/paginas/fluxo/fluxo.css:308,7,no,,,approved,codex1,"glossary-exception:painel-application (CSS panel component, not the module/route sense)"
css-css-class-94b1fbaa,css,3,css-class,g-vazio-espera,g-empty-wait,apps/gestao-vite/src/estilos/globais.css:1765,1,no,,,approved,codex1,
css-css-class-f89b23ff,css,3,css-class,gr-acoes,gr-actions,apps/gestao-vite/src/paginas/fluxo/growth/growth.css:131,0,no,,,approved,codex1,
css-css-class-2417adc9,css,3,css-class,gr-acoes,gr-actions,apps/gestao-vite/src/paginas/fluxo/growth/growth.css:442,0,no,,,approved,codex1,
css-css-class-5410e998,css,3,css-class,gr-arquivo,gr-file,apps/gestao-vite/src/paginas/fluxo/growth/growth.css:419,1,no,,,approved,codex1,
css-css-class-df0c890e,css,3,css-class,gr-cabeca-acoes,gr-header-actions,apps/gestao-vite/src/paginas/fluxo/growth/growth.css:1113,2,no,,,approved,codex1,
css-css-class-5e3dd8b3,css,3,css-class,gr-cabeca-acoes,gr-header-actions,apps/gestao-vite/src/paginas/fluxo/growth/growth.css:150,2,no,,,approved,codex1,
css-css-class-cddd8863,css,3,css-class,gr-cartoes,gr-cards,apps/gestao-vite/src/paginas/fluxo/analise/gerenciador-de-relatorios/gerenciador.css:44,1,no,,,approved,codex1,
css-css-class-ab2e4681,css,3,css-class,gr-cartoes,gr-cards,apps/gestao-vite/src/paginas/fluxo/analise/gerenciador-de-relatorios/gerenciador.css:501,1,no,,,approved,codex1,
css-css-class-0a9a1f07,css,3,css-class,gr-casca,gr-shell,apps/gestao-vite/src/paginas/fluxo/growth/growth.css:7,1,no,,,approved,codex1,
css-css-class-883803d5,css,3,css-class,gr-contato-rotulo,gr-contact-label,apps/gestao-vite/src/paginas/fluxo/analise/gerenciador-de-relatorios/gerenciador.css:242,1,no,,,approved,codex1,
css-css-class-81de5fc9,css,3,css-class,gr-contato-rotulo,gr-contact-label,apps/gestao-vite/src/paginas/fluxo/analise/gerenciador-de-relatorios/gerenciador.css:248,1,no,,,approved,codex1,
css-css-class-e05c857d,css,3,css-class,gr-contato,gr-contact,apps/gestao-vite/src/paginas/fluxo/analise/gerenciador-de-relatorios/gerenciador.css:238,1,no,,,approved,codex1,
css-css-class-6e9a7486,css,3,css-class,gr-contato,gr-contact,apps/gestao-vite/src/paginas/fluxo/analise/gerenciador-de-relatorios/gerenciador.css:257,1,no,,,approved,codex1,
css-css-class-2e1df93d,css,3,css-class,gr-erro,gr-error,apps/gestao-vite/src/paginas/fluxo/analise/gerenciador-de-relatorios/gerenciador.css:292,4,no,,,approved,codex1,
css-css-class-4e69a39f,css,3,css-class,gr-filtros-campos,gr-filters-fields,apps/gestao-vite/src/paginas/fluxo/growth/growth.css:1109,1,no,,,approved,codex1,
css-css-class-fb1d054c,css,3,css-class,gr-filtros-campos,gr-filters-fields,apps/gestao-vite/src/paginas/fluxo/growth/growth.css:219,1,no,,,approved,codex1,
css-css-class-3d120419,css,3,css-class,gr-filtros-campos,gr-filters-fields,apps/gestao-vite/src/paginas/fluxo/growth/growth.css:235,1,no,,,approved,codex1,
css-css-class-9f265523,css,3,css-class,gr-filtros,gr-filters,apps/gestao-vite/src/paginas/fluxo/growth/growth.css:1108,1,no,,,approved,codex1,
css-css-class-24f80259,css,3,css-class,gr-filtros,gr-filters,apps/gestao-vite/src/paginas/fluxo/growth/growth.css:1114,1,no,,,approved,codex1,
css-css-class-2ca5d87b,css,3,css-class,gr-filtros,gr-filters,apps/gestao-vite/src/paginas/fluxo/growth/growth.css:1117,1,no,,,approved,codex1,
css-css-class-3b228d48,css,3,css-class,gr-filtros,gr-filters,apps/gestao-vite/src/paginas/fluxo/growth/growth.css:207,1,no,,,approved,codex1,
css-css-class-1b1da2f0,css,3,css-class,gr-filtros,gr-filters,apps/gestao-vite/src/paginas/fluxo/growth/growth.css:217,1,no,,,approved,codex1,
css-css-class-dcc285ab,css,3,css-class,gr-filtros,gr-filters,apps/gestao-vite/src/paginas/fluxo/growth/growth.css:218,1,no,,,approved,codex1,
css-css-class-f74d8858,css,3,css-class,gr-filtros,gr-filters,apps/gestao-vite/src/paginas/fluxo/growth/growth.css:223,1,no,,,approved,codex1,
css-css-class-e799690b,css,3,css-class,gr-filtros,gr-filters,apps/gestao-vite/src/paginas/fluxo/growth/growth.css:226,1,no,,,approved,codex1,
css-css-class-17eba210,css,3,css-class,gr-filtros,gr-filters,apps/gestao-vite/src/paginas/fluxo/growth/growth.css:231,1,no,,,approved,codex1,
css-css-class-f5207ad9,css,3,css-class,gr-filtros,gr-filters,apps/gestao-vite/src/paginas/fluxo/growth/growth.css:238,1,no,,,approved,codex1,
css-css-class-795dee75,css,3,css-class,gr-filtros,gr-filters,apps/gestao-vite/src/paginas/fluxo/growth/growth.css:248,1,no,,,approved,codex1,
css-css-class-4ade9d78,css,3,css-class,gr-filtros,gr-filters,apps/gestao-vite/src/paginas/fluxo/growth/growth.css:257,1,no,,,approved,codex1,
css-css-class-e6d2ff92,css,3,css-class,gr-metricas,gr-metrics,apps/gestao-vite/src/paginas/fluxo/growth/growth.css:1120,0,no,,,approved,codex1,
css-css-class-7418cced,css,3,css-class,gr-metricas,gr-metrics,apps/gestao-vite/src/paginas/fluxo/growth/growth.css:283,0,no,,,approved,codex1,
css-css-class-6af9c258,css,3,css-class,gr-modal-acoes,gr-modal-actions,apps/gestao-vite/src/paginas/fluxo/growth/growth.css:348,2,no,,,approved,codex1,
css-css-class-9d0bd49c,css,3,css-class,gr-modal-acoes,gr-modal-actions,apps/gestao-vite/src/paginas/fluxo/growth/growth.css:438,2,no,,,approved,codex1,
css-css-class-9f4b5c04,css,3,css-class,gr-modal-ilustracao,gr-modal-illustration,apps/gestao-vite/src/paginas/fluxo/analise/gerenciador-de-relatorios/gerenciador.css:442,1,no,,,approved,codex1,
css-css-class-3c48233a,css,3,css-class,gr-opcao,gr-option,apps/gestao-vite/src/paginas/fluxo/analise/gerenciador-de-relatorios/gerenciador.css:269,1,no,,,approved,codex1,
css-css-class-9f8053fc,css,3,css-class,gr-opcao,gr-option,apps/gestao-vite/src/paginas/fluxo/analise/gerenciador-de-relatorios/gerenciador.css:278,1,no,,,approved,codex1,
css-css-class-16f6355f,css,3,css-class,gr-opcoes,gr-options,apps/gestao-vite/src/paginas/fluxo/analise/gerenciador-de-relatorios/gerenciador.css:231,1,no,,,approved,codex1,
css-css-class-f050ecd2,css,3,css-class,gr-papel,gr-paper,apps/gestao-vite/src/paginas/fluxo/analise/gerenciador-de-relatorios/gerenciador.css:34,3,no,,,approved,codex1,"glossary-exception:papel-role (CSS ""paper"" surface component, not the permission-role sense)"
css-css-class-5e69e9ab,css,3,css-class,gr-papel,gr-paper,apps/gestao-vite/src/paginas/fluxo/analise/gerenciador-de-relatorios/gerenciador.css:49,3,no,,,approved,codex1,"glossary-exception:papel-role (CSS ""paper"" surface component, not the permission-role sense)"
css-css-class-0f6cfcfb,css,3,css-class,gr-papel,gr-paper,apps/gestao-vite/src/paginas/fluxo/analise/gerenciador-de-relatorios/gerenciador.css:63,3,no,,,approved,codex1,"glossary-exception:papel-role (CSS ""paper"" surface component, not the permission-role sense)"
css-css-class-75ec6cc2,css,3,css-class,gr-papel,gr-paper,apps/gestao-vite/src/paginas/fluxo/analise/gerenciador-de-relatorios/gerenciador.css:64,3,no,,,approved,codex1,"glossary-exception:papel-role (CSS ""paper"" surface component, not the permission-role sense)"
css-css-class-13e0c0f8,css,3,css-class,gr-papel,gr-paper,apps/gestao-vite/src/paginas/fluxo/analise/gerenciador-de-relatorios/gerenciador.css:71,3,no,,,approved,codex1,"glossary-exception:papel-role (CSS ""paper"" surface component, not the permission-role sense)"
css-css-class-016e2bb8,css,3,css-class,gr-relatorios,gr-reports,apps/gestao-vite/src/paginas/fluxo/analise/gerenciador-de-relatorios/gerenciador.css:11,1,no,,,approved,codex1,
css-css-class-d6c8aa98,css,3,css-class,gr-relatorios,gr-reports,apps/gestao-vite/src/paginas/fluxo/analise/gerenciador-de-relatorios/gerenciador.css:298,1,no,,,approved,codex1,
css-css-class-94cc2dcc,css,3,css-class,gr-relatorios,gr-reports,apps/gestao-vite/src/paginas/fluxo/analise/gerenciador-de-relatorios/gerenciador.css:495,1,no,,,approved,codex1,
css-css-class-c6bc65f7,css,3,css-class,gr-sobreposicao,gr-overlay,apps/gestao-vite/src/paginas/fluxo/growth/growth.css:326,3,no,,,approved,codex1,
css-css-class-2f29ea7b,css,3,css-class,gr-tabela-rolagem,gr-table-scroll,apps/gestao-vite/src/paginas/fluxo/growth/growth.css:306,3,no,,,approved,codex1,
css-css-class-98a2892c,css,3,css-class,gr-tabela-rolagem,gr-table-scroll,apps/gestao-vite/src/paginas/fluxo/growth/growth.css:309,3,no,,,approved,codex1,
css-css-class-1c1f0edd,css,3,css-class,gr-tabela-rolagem,gr-table-scroll,apps/gestao-vite/src/paginas/fluxo/growth/growth.css:314,3,no,,,approved,codex1,
css-css-class-1f700150,css,3,css-class,gr-tabela-rolagem,gr-table-scroll,apps/gestao-vite/src/paginas/fluxo/growth/growth.css:315,3,no,,,approved,codex1,
css-css-class-9c34be35,css,3,css-class,gr-vazio,gr-empty,apps/gestao-vite/src/paginas/fluxo/analise/gerenciador-de-relatorios/gerenciador.css:331,4,no,,,approved,codex1,
css-css-class-d0e77950,css,3,css-class,gr-vazio,gr-empty,apps/gestao-vite/src/paginas/fluxo/growth/growth.css:446,4,no,,,approved,codex1,
css-css-class-7885353f,css,3,css-class,gr-vazio,gr-empty,apps/gestao-vite/src/paginas/fluxo/growth/growth.css:457,4,no,,,approved,codex1,
css-css-class-f6c368f9,css,3,css-class,gr-vazio,gr-empty,apps/gestao-vite/src/paginas/fluxo/growth/growth.css:460,4,no,,,approved,codex1,
css-css-class-06cb16cd,css,3,css-class,gr-vazio,gr-empty,apps/gestao-vite/src/paginas/fluxo/growth/growth.css:464,4,no,,,approved,codex1,
css-css-class-a41048c4,css,3,css-class,gr-vazio,gr-empty,apps/gestao-vite/src/paginas/fluxo/growth/growth.css:468,4,no,,,approved,codex1,
css-css-class-79d5c1a1,css,3,css-class,grupo-cartoes,group-cards,apps/gestao-vite/src/estilos/globais.css:2455,3,no,,,approved,codex1,
css-css-class-7d05c0b3,css,3,css-class,grupo-cartoes,group-cards,apps/gestao-vite/src/estilos/globais.css:2466,3,no,,,approved,codex1,
css-css-class-c232ea04,css,3,css-class,identidade,identity,apps/crm/src/app/globais.css:1251,93,no,,,approved,codex1,
css-css-class-8ad207e3,css,3,css-class,identidade,identity,apps/crm/src/app/globais.css:1268,93,no,,,approved,codex1,
css-css-class-c1c171c6,css,3,css-class,ig-acoes,ig-actions,apps/gestao-vite/src/paginas/fluxo/integracoes/integracoes.css:743,1,no,,,approved,codex1,
css-css-class-970db2a7,css,3,css-class,ig-autenticacao,ig-authentication,apps/gestao-vite/src/paginas/fluxo/integracoes/integracoes.css:640,1,no,,,approved,codex1,
css-css-class-9b187f68,css,3,css-class,ig-cabecalho-fileira,ig-header-row,apps/gestao-vite/src/paginas/fluxo/integracoes/integracoes.css:709,1,no,,,approved,codex1,
css-css-class-b4ea831c,css,3,css-class,ig-cabecalho-fileira,ig-header-row,apps/gestao-vite/src/paginas/fluxo/integracoes/integracoes.css:786,1,no,,,approved,codex1,
css-css-class-c79b72bd,css,3,css-class,ig-cabecalhos-bloco,ig-headers-block,apps/gestao-vite/src/paginas/fluxo/integracoes/integracoes.css:764,1,no,,,approved,codex1,
css-css-class-8807afa2,css,3,css-class,ig-campo--erro,ig-field--error,apps/gestao-vite/src/paginas/fluxo/integracoes/integracoes.css:411,1,no,,,approved,codex1,
css-css-class-53b4c9a2,css,3,css-class,ig-campo-erro,ig-field-error,apps/gestao-vite/src/paginas/fluxo/integracoes/integracoes.css:458,2,no,,,approved,codex1,
css-css-class-f87acdfa,css,3,css-class,ig-cartao,ig-card,apps/gestao-vite/src/paginas/fluxo/integracoes/integracoes.css:67,2,no,,,approved,codex1,
css-css-class-59ad29e3,css,3,css-class,ig-cartao,ig-card,apps/gestao-vite/src/paginas/fluxo/integracoes/integracoes.css:87,2,no,,,approved,codex1,
css-css-class-acac6232,css,3,css-class,ig-cartao,ig-card,apps/gestao-vite/src/paginas/fluxo/integracoes/integracoes.css:92,2,no,,,approved,codex1,
css-css-class-5e42aa60,css,3,css-class,ig-chips-opcoes,ig-chips-options,apps/gestao-vite/src/paginas/fluxo/integracoes/integracoes.css:567,0,no,,,approved,codex1,
css-css-class-7997da2a,css,3,css-class,ig-chips-opcoes,ig-chips-options,apps/gestao-vite/src/paginas/fluxo/integracoes/integracoes.css:581,0,no,,,approved,codex1,
css-css-class-a1a9cd4e,css,3,css-class,ig-chips-opcoes,ig-chips-options,apps/gestao-vite/src/paginas/fluxo/integracoes/integracoes.css:594,0,no,,,approved,codex1,
css-css-class-653c872e,css,3,css-class,ig-chips-vazio,ig-chips-empty,apps/gestao-vite/src/paginas/fluxo/integracoes/integracoes.css:598,0,no,,,approved,codex1,
css-css-class-91fed588,css,3,css-class,ig-interruptor-trilho,ig-switch-rail,apps/gestao-vite/src/paginas/fluxo/integracoes/interruptor.css:28,1,no,,,approved,codex1,
css-css-class-f6ff74ed,css,3,css-class,ig-interruptor-trilho,ig-switch-rail,apps/gestao-vite/src/paginas/fluxo/integracoes/interruptor.css:37,1,no,,,approved,codex1,
css-css-class-0f595f03,css,3,css-class,ig-interruptor-trilho,ig-switch-rail,apps/gestao-vite/src/paginas/fluxo/integracoes/interruptor.css:49,1,no,,,approved,codex1,
css-css-class-3f05f652,css,3,css-class,ig-interruptor-trilho,ig-switch-rail,apps/gestao-vite/src/paginas/fluxo/integracoes/interruptor.css:53,1,no,,,approved,codex1,
css-css-class-ef88b2fd,css,3,css-class,ig-interruptor-trilho,ig-switch-rail,apps/gestao-vite/src/paginas/fluxo/integracoes/interruptor.css:57,1,no,,,approved,codex1,
css-css-class-98d74bf3,css,3,css-class,ig-interruptor-trilho,ig-switch-rail,apps/gestao-vite/src/paginas/fluxo/integracoes/interruptor.css:73,1,no,,,approved,codex1,
css-css-class-2aab7745,css,3,css-class,ig-interruptor-trilho,ig-switch-rail,apps/gestao-vite/src/paginas/fluxo/integracoes/interruptor.css:78,1,no,,,approved,codex1,
css-css-class-767b16cd,css,3,css-class,ig-oauth-fileira,ig-oauth-row,apps/gestao-vite/src/paginas/fluxo/integracoes/integracoes.css:681,3,no,,,approved,codex1,
css-css-class-79e0c85b,css,3,css-class,ig-oauth-fileira,ig-oauth-row,apps/gestao-vite/src/paginas/fluxo/integracoes/integracoes.css:785,3,no,,,approved,codex1,
css-css-class-2ab56b6c,css,3,css-class,ig-painel-texto,ig-panel-text,apps/gestao-vite/src/paginas/fluxo/integracoes/integracoes.css:296,2,no,,,approved,codex1,"glossary-exception:painel-application (CSS panel component, not the module/route sense)"
css-css-class-a1e2132e,css,3,css-class,ig-painel,ig-panel,apps/gestao-vite/src/paginas/fluxo/integracoes/integracoes.css:282,1,no,,,approved,codex1,"glossary-exception:painel-application (CSS panel component, not the module/route sense)"
css-css-class-0f2858f4,css,3,css-class,ig-painel,ig-panel,apps/gestao-vite/src/paginas/fluxo/integracoes/integracoes.css:781,1,no,,,approved,codex1,"glossary-exception:painel-application (CSS panel component, not the module/route sense)"
css-css-class-f7bca302,css,3,css-class,ig-papel-miolo,ig-paper-core,apps/gestao-vite/src/paginas/fluxo/integracoes/integracoes.css:235,2,no,,,approved,codex1,"glossary-exception:papel-role (CSS ""paper"" surface component, not the permission-role sense)"
css-css-class-62431fc2,css,3,css-class,ig-papel,ig-paper,apps/gestao-vite/src/paginas/fluxo/integracoes/integracoes.css:224,2,no,,,approved,codex1,"glossary-exception:papel-role (CSS ""paper"" surface component, not the permission-role sense)"
css-css-class-21ed4a29,css,3,css-class,ig-segredo-gerado,ig-secret-generated,apps/gestao-vite/src/paginas/fluxo/integracoes/integracoes.css:756,1,no,,,approved,codex1,
css-css-class-3b4f4907,css,3,css-class,ilustracao,illustration,packages/ui/src/estilos/base.css:724,22,no,,,approved,codex1,
css-css-class-e16b1bb9,css,3,css-class,jr-ajuda-imagem,jr-help-image,apps/gestao-vite/src/paginas/fluxo/analise/jornada/jornada.css:298,1,no,,,approved,codex1,
css-css-class-f4c9ef06,css,3,css-class,jr-botao-contatos,jr-button-contacts,apps/gestao-vite/src/paginas/fluxo/analise/jornada/jornada.css:127,1,no,,,approved,codex1,
css-css-class-d3f55967,css,3,css-class,jr-cartao,jr-card,apps/gestao-vite/src/paginas/fluxo/analise/jornada/jornada.css:114,1,no,,,approved,codex1,
css-css-class-5b024d98,css,3,css-class,jr-comunicacao-imagem,jr-communication-image,apps/gestao-vite/src/paginas/fluxo/analise/jornada/jornada.css:192,1,no,,,approved,codex1,
css-css-class-333820a4,css,3,css-class,jr-comunicacao-texto,jr-communication-text,apps/gestao-vite/src/paginas/fluxo/analise/jornada/jornada.css:208,1,no,,,approved,codex1,
css-css-class-9b4350ea,css,3,css-class,jr-comunicacao-titulo,jr-communication-title,apps/gestao-vite/src/paginas/fluxo/analise/jornada/jornada.css:199,1,no,,,approved,codex1,
css-css-class-bdf7484a,css,3,css-class,jr-comunicacao,jr-communication,apps/gestao-vite/src/paginas/fluxo/analise/jornada/jornada.css:181,1,no,,,approved,codex1,
css-css-class-0e53a235,css,3,css-class,jr-filtro-inicio,jr-filter-start,apps/gestao-vite/src/paginas/fluxo/analise/jornada/jornada.css:65,1,no,,,approved,codex1,
css-css-class-5d7d57f3,css,3,css-class,jr-filtro-rotulo,jr-filter-label,apps/gestao-vite/src/paginas/fluxo/analise/jornada/jornada.css:73,1,no,,,approved,codex1,
css-css-class-e0ac5f81,css,3,css-class,jr-filtros,jr-filters,apps/gestao-vite/src/paginas/fluxo/analise/jornada/jornada.css:60,1,no,,,approved,codex1,
css-css-class-db37afe7,css,3,css-class,jr-instrucoes-cabeca,jr-instructions-header,apps/gestao-vite/src/paginas/fluxo/analise/jornada/jornada.css:238,1,no,,,approved,codex1,
css-css-class-0e30fb95,css,3,css-class,jr-instrucoes,jr-instructions,apps/gestao-vite/src/paginas/fluxo/analise/jornada/jornada.css:230,1,no,,,approved,codex1,
css-css-class-0c30397f,css,3,css-class,jr-periodo,jr-period,apps/gestao-vite/src/paginas/fluxo/analise/jornada/jornada.css:108,1,no,,,approved,codex1,
css-css-class-f7012810,css,3,css-class,lg-busca-botao,lg-search-button,apps/gestao-vite/src/paginas/fluxo/log/log.css:78,1,no,,,approved,codex1,
css-css-class-42b5c763,css,3,css-class,lg-busca-botao,lg-search-button,apps/gestao-vite/src/paginas/fluxo/log/log.css:95,1,no,,,approved,codex1,
css-css-class-ba41c2fb,css,3,css-class,lg-descricao,lg-description,apps/gestao-vite/src/paginas/fluxo/log/log.css:256,1,no,,,approved,codex1,
css-css-class-52272e8f,css,3,css-class,lg-fileira,lg-row,apps/gestao-vite/src/paginas/fluxo/log/log.css:193,2,no,,,approved,codex1,
css-css-class-d35d5512,css,3,css-class,lg-filtro,lg-filter,apps/gestao-vite/src/paginas/fluxo/log/log.css:110,4,no,,,approved,codex1,
css-css-class-62f03ca0,css,3,css-class,lg-filtro,lg-filter,apps/gestao-vite/src/paginas/fluxo/log/log.css:118,4,no,,,approved,codex1,
css-css-class-5128d897,css,3,css-class,lg-filtro,lg-filter,apps/gestao-vite/src/paginas/fluxo/log/log.css:119,4,no,,,approved,codex1,
css-css-class-c72aaea5,css,3,css-class,lg-filtros,lg-filters,apps/gestao-vite/src/paginas/fluxo/log/log.css:102,1,no,,,approved,codex1,
css-css-class-3eb2bb6e,css,3,css-class,lg-historico,lg-history,apps/gestao-vite/src/paginas/fluxo/log/log.css:153,1,no,,,approved,codex1,
css-css-class-10517562,css,3,css-class,lg-papel,lg-paper,apps/gestao-vite/src/paginas/fluxo/log/log.css:202,1,no,,,approved,codex1,"glossary-exception:papel-role (CSS ""paper"" surface component, not the permission-role sense)"
css-css-class-c4ba37b3,css,3,css-class,lg-papel,lg-paper,apps/gestao-vite/src/paginas/fluxo/log/log.css:213,1,no,,,approved,codex1,"glossary-exception:papel-role (CSS ""paper"" surface component, not the permission-role sense)"
css-css-class-ff0c2260,css,3,css-class,lg-papel,lg-paper,apps/gestao-vite/src/paginas/fluxo/log/log.css:219,1,no,,,approved,codex1,"glossary-exception:papel-role (CSS ""paper"" surface component, not the permission-role sense)"
css-css-class-30346795,css,3,css-class,lg-papel,lg-paper,apps/gestao-vite/src/paginas/fluxo/log/log.css:223,1,no,,,approved,codex1,"glossary-exception:papel-role (CSS ""paper"" surface component, not the permission-role sense)"
css-css-class-7bbae841,css,3,css-class,lg-vazio-icone,lg-empty-icon,apps/gestao-vite/src/paginas/fluxo/log/log.css:264,1,no,,,approved,codex1,
css-css-class-1d9ade89,css,3,css-class,lg-vazio,lg-empty,apps/gestao-vite/src/paginas/fluxo/log/log.css:240,2,no,,,approved,codex1,
css-css-class-133aae86,css,3,css-class,lg-vazio,lg-empty,apps/gestao-vite/src/paginas/fluxo/log/log.css:244,2,no,,,approved,codex1,
css-css-class-44fa4602,css,3,css-class,lista-cartoes,list-cards,apps/gestao-vite/src/estilos/globais.css:2215,5,no,,,approved,codex1,
css-css-class-67fbf241,css,3,css-class,lista-cartoes,list-cards,apps/gestao-vite/src/paginas/operacao/atendimento.css:77,5,no,,,approved,codex1,
css-css-class-48059452,css,3,css-class,listagem,listing,apps/crm/src/app/globais.css:1884,34,no,,,approved,codex1,
css-css-class-1e271001,css,3,css-class,listagem,listing,apps/crm/src/app/globais.css:1898,34,no,,,approved,codex1,
css-css-class-8064bd12,css,3,css-class,listagem,listing,apps/crm/src/app/globais.css:1899,34,no,,,approved,codex1,
css-css-class-290d477d,css,3,css-class,listagem,listing,apps/crm/src/app/globais.css:454,34,no,,,approved,codex1,
css-css-class-6def76b6,css,3,css-class,listagem,listing,apps/crm/src/app/globais.css:467,34,no,,,approved,codex1,
css-css-class-3e274dcb,css,3,css-class,listagem,listing,apps/crm/src/app/globais.css:472,34,no,,,approved,codex1,
css-css-class-305f4f91,css,3,css-class,listagem,listing,apps/crm/src/app/globais.css:485,34,no,,,approved,codex1,
css-css-class-961bfcc2,css,3,css-class,listagem,listing,apps/crm/src/app/globais.css:793,34,no,,,approved,codex1,
css-css-class-78dc465b,css,3,css-class,listagem,listing,apps/crm/src/app/globais.css:798,34,no,,,approved,codex1,
css-css-class-b357c6dc,css,3,css-class,listagem,listing,apps/crm/src/app/globais.css:804,34,no,,,approved,codex1,
css-css-class-2cb49232,css,3,css-class,listagem,listing,apps/crm/src/app/globais.css:808,34,no,,,approved,codex1,
css-css-class-60bc5a23,css,3,css-class,listagem,listing,apps/crm/src/app/globais.css:816,34,no,,,approved,codex1,
css-css-class-f154694d,css,3,css-class,listagem,listing,apps/crm/src/app/globais.css:822,34,no,,,approved,codex1,
css-css-class-24567a66,css,3,css-class,listagem,listing,apps/crm/src/app/globais.css:829,34,no,,,approved,codex1,
css-css-class-fcdcd0d5,css,3,css-class,listagem,listing,apps/crm/src/app/globais.css:836,34,no,,,approved,codex1,
css-css-class-067b3329,css,3,css-class,listagem,listing,apps/crm/src/app/globais.css:848,34,no,,,approved,codex1,
css-css-class-507c2420,css,3,css-class,listagem,listing,apps/crm/src/app/globais.css:859,34,no,,,approved,codex1,
css-css-class-daa91350,css,3,css-class,listagem,listing,apps/crm/src/app/globais.css:860,34,no,,,approved,codex1,
css-css-class-dc4f1d4e,css,3,css-class,listagem,listing,apps/crm/src/app/globais.css:861,34,no,,,approved,codex1,
css-css-class-7ce39a70,css,3,css-class,listagem,listing,apps/crm/src/app/globais.css:865,34,no,,,approved,codex1,
css-css-class-1f522d1d,css,3,css-class,listagem,listing,apps/crm/src/app/globais.css:871,34,no,,,approved,codex1,
css-css-class-5041777f,css,3,css-class,listagem,listing,apps/crm/src/app/globais.css:880,34,no,,,approved,codex1,
css-css-class-b61a7c06,css,3,css-class,listagem,listing,apps/crm/src/app/globais.css:887,34,no,,,approved,codex1,
css-css-class-c0654912,css,3,css-class,listagem,listing,apps/crm/src/app/globais.css:896,34,no,,,approved,codex1,
css-css-class-f965ad9c,css,3,css-class,listagem,listing,apps/crm/src/app/globais.css:901,34,no,,,approved,codex1,
css-css-class-46de5107,css,3,css-class,listagem,listing,apps/crm/src/app/globais.css:902,34,no,,,approved,codex1,
css-css-class-1d9e7925,css,3,css-class,listagem,listing,apps/crm/src/app/globais.css:906,34,no,,,approved,codex1,
css-css-class-cc761c70,css,3,css-class,listagem,listing,apps/crm/src/app/globais.css:912,34,no,,,approved,codex1,
css-css-class-ab95a734,css,3,css-class,listagem,listing,apps/crm/src/app/globais.css:927,34,no,,,approved,codex1,
css-css-class-20001dc5,css,3,css-class,listagem,listing,apps/crm/src/app/globais.css:932,34,no,,,approved,codex1,
css-css-class-0b5e2688,css,3,css-class,ma-acoes,ma-actions,apps/gestao-vite/src/paginas/fluxo/analise/mensagens-ativas/mensagens-ativas.css:155,1,no,,,approved,codex1,
css-css-class-9d55b1e5,css,3,css-class,ma-cartao-icone,ma-card-icon,apps/gestao-vite/src/paginas/fluxo/analise/mensagens-ativas/mensagens-ativas.css:510,1,no,,,approved,codex1,
css-css-class-d4d472a0,css,3,css-class,ma-cartao-numero,ma-card-number,apps/gestao-vite/src/paginas/fluxo/analise/mensagens-ativas/mensagens-ativas.css:521,1,no,,,approved,codex1,
css-css-class-7fd02374,css,3,css-class,ma-cartao-textos,ma-card-texts,apps/gestao-vite/src/paginas/fluxo/analise/mensagens-ativas/mensagens-ativas.css:516,1,no,,,approved,codex1,
css-css-class-dfb45007,css,3,css-class,ma-cartao-titulo,ma-card-title,apps/gestao-vite/src/paginas/fluxo/analise/mensagens-ativas/mensagens-ativas.css:526,1,no,,,approved,codex1,
css-css-class-419f6e0c,css,3,css-class,ma-cartao,ma-card,apps/gestao-vite/src/paginas/fluxo/analise/mensagens-ativas/mensagens-ativas.css:499,1,no,,,approved,codex1,
css-css-class-9c2cdfde,css,3,css-class,ma-cartoes-linha,ma-cards-line,apps/gestao-vite/src/paginas/fluxo/analise/mensagens-ativas/mensagens-ativas.css:491,2,no,,,approved,codex1,
css-css-class-fb309d83,css,3,css-class,ma-cartoes,ma-cards,apps/gestao-vite/src/paginas/fluxo/analise/mensagens-ativas/mensagens-ativas.css:485,1,no,,,approved,codex1,
css-css-class-67d21092,css,3,css-class,ma-coluna,ma-column,apps/gestao-vite/src/paginas/fluxo/analise/mensagens-ativas/mensagens-ativas.css:230,3,no,,,approved,codex1,
css-css-class-dbfac625,css,3,css-class,ma-conversoes-grafico,ma-conversions-chart,apps/gestao-vite/src/paginas/fluxo/analise/mensagens-ativas/mensagens-ativas.css:681,1,no,,,approved,codex1,
css-css-class-24a22fad,css,3,css-class,ma-conversoes,ma-conversions,apps/gestao-vite/src/paginas/fluxo/analise/mensagens-ativas/mensagens-ativas.css:673,1,no,,,approved,codex1,
css-css-class-e3c640b7,css,3,css-class,ma-descricao-grafico,ma-description-chart,apps/gestao-vite/src/paginas/fluxo/analise/mensagens-ativas/mensagens-ativas.css:621,2,no,,,approved,codex1,
css-css-class-2382b2d3,css,3,css-class,ma-falhas-descricao,ma-failures-description,apps/gestao-vite/src/paginas/fluxo/analise/mensagens-ativas/mensagens-ativas.css:956,1,no,,,approved,codex1,
css-css-class-ae28758a,css,3,css-class,ma-falhas-descricao,ma-failures-description,apps/gestao-vite/src/paginas/fluxo/analise/mensagens-ativas/mensagens-ativas.css:963,1,no,,,approved,codex1,
css-css-class-63a64692,css,3,css-class,ma-falhas-rolagem,ma-failures-scroll,apps/gestao-vite/src/paginas/fluxo/analise/mensagens-ativas/mensagens-ativas.css:968,1,no,,,approved,codex1,
css-css-class-61334d57,css,3,css-class,ma-fileira-ultima,ma-row-last,apps/gestao-vite/src/paginas/fluxo/analise/mensagens-ativas/mensagens-ativas.css:410,1,no,,,approved,codex1,
css-css-class-c63dc4f8,css,3,css-class,ma-fileira,ma-row,apps/gestao-vite/src/paginas/fluxo/analise/mensagens-ativas/mensagens-ativas.css:405,3,no,,,approved,codex1,
css-css-class-ea4fdb6a,css,3,css-class,ma-filtro-faixa,ma-filter-strip,apps/gestao-vite/src/paginas/fluxo/analise/mensagens-ativas/mensagens-ativas.css:207,1,no,,,approved,codex1,
css-css-class-4e885a32,css,3,css-class,ma-filtro-grade,ma-filter-grid,apps/gestao-vite/src/paginas/fluxo/analise/mensagens-ativas/mensagens-ativas.css:222,1,no,,,approved,codex1,
css-css-class-07caba89,css,3,css-class,ma-filtro-template,ma-filter-template,apps/gestao-vite/src/paginas/fluxo/analise/mensagens-ativas/mensagens-ativas.css:769,1,no,,,approved,codex1,
css-css-class-bfbf16ea,css,3,css-class,ma-filtro,ma-filter,apps/gestao-vite/src/paginas/fluxo/analise/mensagens-ativas/mensagens-ativas.css:215,3,no,,,approved,codex1,
css-css-class-4f511916,css,3,css-class,ma-funil-trilho,ma-funnel-rail,apps/gestao-vite/src/paginas/fluxo/analise/mensagens-ativas/mensagens-ativas.css:647,1,no,,,approved,codex1,
css-css-class-2cf7ca6c,css,3,css-class,ma-funil-valor,ma-funnel-value,apps/gestao-vite/src/paginas/fluxo/analise/mensagens-ativas/mensagens-ativas.css:660,1,no,,,approved,codex1,
css-css-class-728a3989,css,3,css-class,ma-papel-plano,ma-paper-plan,apps/gestao-vite/src/paginas/fluxo/analise/mensagens-ativas/mensagens-ativas.css:421,0,no,,,approved,codex1,"glossary-exception:papel-role (CSS ""paper"" surface component, not the permission-role sense)"
css-css-class-7ff44096,css,3,css-class,ma-papel,ma-paper,apps/gestao-vite/src/paginas/fluxo/analise/mensagens-ativas/mensagens-ativas.css:415,6,no,,,approved,codex1,"glossary-exception:papel-role (CSS ""paper"" surface component, not the permission-role sense)"
css-css-class-0e78b4b4,css,3,css-class,ma-picos-coluna,ma-peaks-column,apps/gestao-vite/src/paginas/fluxo/analise/mensagens-ativas/mensagens-ativas.css:906,1,no,,,approved,codex1,
css-css-class-28274278,css,3,css-class,ma-picos-coluna,ma-peaks-column,apps/gestao-vite/src/paginas/fluxo/analise/mensagens-ativas/mensagens-ativas.css:915,1,no,,,approved,codex1,
css-css-class-3602390e,css,3,css-class,ma-plotagem,ma-plotting,apps/gestao-vite/src/paginas/fluxo/analise/mensagens-ativas/mensagens-ativas.css:716,1,no,,,approved,codex1,
css-css-class-65fc1e60,css,3,css-class,ma-plotagem,ma-plotting,apps/gestao-vite/src/paginas/fluxo/analise/mensagens-ativas/mensagens-ativas.css:720,1,no,,,approved,codex1,
css-css-class-bf989115,css,3,css-class,ma-taxa-descricao,ma-rate-description,apps/gestao-vite/src/paginas/fluxo/analise/mensagens-ativas/mensagens-ativas.css:862,1,no,,,approved,codex1,
css-css-class-f5aaee3b,css,3,css-class,mb-aba-ativa,mb-tab-active,apps/gestao-vite/src/paginas/contrato/contrato.css:577,1,no,,,approved,codex1,
css-css-class-f2396b56,css,3,css-class,mb-aba-ativa,mb-tab-active,apps/gestao-vite/src/paginas/contrato/contrato.css:581,1,no,,,approved,codex1,
css-css-class-4dc85f0a,css,3,css-class,mb-busca--aberta,mb-search--open,apps/gestao-vite/src/paginas/contrato/contrato.css:628,1,no,,,approved,codex1,
css-css-class-f015d05b,css,3,css-class,mb-busca,mb-search,apps/gestao-vite/src/paginas/contrato/contrato.css:603,0,no,,,approved,codex1,
css-css-class-e996be65,css,3,css-class,mb-busca,mb-search,apps/gestao-vite/src/paginas/contrato/contrato.css:608,0,no,,,approved,codex1,
css-css-class-9b2e6555,css,3,css-class,mb-busca,mb-search,apps/gestao-vite/src/paginas/contrato/contrato.css:617,0,no,,,approved,codex1,
css-css-class-27ab4c93,css,3,css-class,mb-busca,mb-search,apps/gestao-vite/src/paginas/contrato/contrato.css:632,0,no,,,approved,codex1,
css-css-class-efb23a21,css,3,css-class,mb-campo--erro,mb-field--error,apps/gestao-vite/src/paginas/contrato/contrato.css:1340,1,no,,,approved,codex1,
css-css-class-96b45859,css,3,css-class,mb-campo--erro,mb-field--error,apps/gestao-vite/src/paginas/contrato/contrato.css:1341,1,no,,,approved,codex1,
css-css-class-5396c346,css,3,css-class,mb-campo--erro,mb-field--error,apps/gestao-vite/src/paginas/contrato/contrato.css:1342,1,no,,,approved,codex1,
css-css-class-24785f55,css,3,css-class,mb-campo--erro,mb-field--error,apps/gestao-vite/src/paginas/contrato/contrato.css:1346,1,no,,,approved,codex1,
css-css-class-23f41c21,css,3,css-class,mb-campo--erro,mb-field--error,apps/gestao-vite/src/paginas/contrato/contrato.css:1363,1,no,,,approved,codex1,
css-css-class-08a0df6b,css,3,css-class,mb-campo--erro,mb-field--error,apps/gestao-vite/src/paginas/contrato/contrato.css:1364,1,no,,,approved,codex1,
css-css-class-07bf073f,css,3,css-class,mb-campo-erro,mb-field-error,apps/gestao-vite/src/paginas/contrato/contrato.css:1437,1,no,,,approved,codex1,
css-css-class-21b7d207,css,3,css-class,mb-campo-erro,mb-field-error,apps/gestao-vite/src/paginas/contrato/contrato.css:1447,1,no,,,approved,codex1,
css-css-class-7e21cd3e,css,3,css-class,mb-cartao,mb-card,apps/gestao-vite/src/paginas/contrato/contrato.css:1808,1,no,,,approved,codex1,
css-css-class-bc3f59ed,css,3,css-class,mb-cartao,mb-card,apps/gestao-vite/src/paginas/contrato/contrato.css:506,1,no,,,approved,codex1,
css-css-class-13a425c2,css,3,css-class,mb-cartao,mb-card,apps/gestao-vite/src/paginas/contrato/contrato.css:514,1,no,,,approved,codex1,
css-css-class-1f4c590d,css,3,css-class,mb-chips-bloco,mb-chips-block,apps/gestao-vite/src/paginas/contrato/contrato.css:1305,1,no,,,approved,codex1,
css-css-class-8799cd23,css,3,css-class,mb-chips-bloco,mb-chips-block,apps/gestao-vite/src/paginas/contrato/contrato.css:1787,1,no,,,approved,codex1,
css-css-class-bdc6407b,css,3,css-class,mb-col-acoes,mb-col-actions,apps/gestao-vite/src/paginas/contrato/contrato.css:1816,3,no,,,approved,codex1,
css-css-class-cdd66833,css,3,css-class,mb-col-acoes,mb-col-actions,apps/gestao-vite/src/paginas/contrato/contrato.css:763,3,no,,,approved,codex1,
css-css-class-8d0cb690,css,3,css-class,mb-convite-aviso,mb-invitation-notice,apps/gestao-vite/src/paginas/contrato/contrato.css:1580,1,no,,,approved,codex1,
css-css-class-7a90f623,css,3,css-class,mb-convite-aviso,mb-invitation-notice,apps/gestao-vite/src/paginas/contrato/contrato.css:1587,1,no,,,approved,codex1,
css-css-class-4399e8ad,css,3,css-class,mb-convite-aviso,mb-invitation-notice,apps/gestao-vite/src/paginas/contrato/contrato.css:1592,1,no,,,approved,codex1,
css-css-class-960debf7,css,3,css-class,mb-convite-aviso,mb-invitation-notice,apps/gestao-vite/src/paginas/contrato/contrato.css:1799,1,no,,,approved,codex1,
css-css-class-94923da8,css,3,css-class,mb-convite-campos,mb-invitation-fields,apps/gestao-vite/src/paginas/contrato/contrato.css:1299,1,no,,,approved,codex1,
css-css-class-85583629,css,3,css-class,mb-convite-campos,mb-invitation-fields,apps/gestao-vite/src/paginas/contrato/contrato.css:1783,1,no,,,approved,codex1,
css-css-class-956de27b,css,3,css-class,mb-convite-espera,mb-invitation-wait,apps/gestao-vite/src/paginas/contrato/contrato.css:1722,1,no,,,approved,codex1,
css-css-class-3acc45f0,css,3,css-class,mb-convite-feito,mb-invitation-done,apps/gestao-vite/src/paginas/contrato/contrato.css:1733,3,no,,,approved,codex1,
css-css-class-c3b11136,css,3,css-class,mb-convite-feito,mb-invitation-done,apps/gestao-vite/src/paginas/contrato/contrato.css:1741,3,no,,,approved,codex1,
css-css-class-49d31214,css,3,css-class,mb-convite-feito,mb-invitation-done,apps/gestao-vite/src/paginas/contrato/contrato.css:1748,3,no,,,approved,codex1,
css-css-class-c94a9fcf,css,3,css-class,mb-convite-feito,mb-invitation-done,apps/gestao-vite/src/paginas/contrato/contrato.css:1788,3,no,,,approved,codex1,
css-css-class-9dfceaff,css,3,css-class,mb-convite-importar,mb-invitation-import,apps/gestao-vite/src/paginas/contrato/contrato.css:1619,1,no,,,approved,codex1,
css-css-class-6a0466e8,css,3,css-class,mb-convite-importar,mb-invitation-import,apps/gestao-vite/src/paginas/contrato/contrato.css:1627,1,no,,,approved,codex1,
css-css-class-d11cf394,css,3,css-class,mb-convite-importar,mb-invitation-import,apps/gestao-vite/src/paginas/contrato/contrato.css:1633,1,no,,,approved,codex1,
css-css-class-ad134712,css,3,css-class,mb-convite-importar,mb-invitation-import,apps/gestao-vite/src/paginas/contrato/contrato.css:1800,1,no,,,approved,codex1,
css-css-class-6f1e3934,css,3,css-class,mb-convite-modelo,mb-invitation-template,apps/gestao-vite/src/paginas/contrato/contrato.css:1613,1,no,,,approved,codex1,
css-css-class-973ebad4,css,3,css-class,mb-convite-modelo,mb-invitation-template,apps/gestao-vite/src/paginas/contrato/contrato.css:1640,1,no,,,approved,codex1,
css-css-class-fad29e6c,css,3,css-class,mb-convite-rodape,mb-invitation-footer,apps/gestao-vite/src/paginas/contrato/contrato.css:1648,1,no,,,approved,codex1,
css-css-class-07d88f27,css,3,css-class,mb-convite-titulos,mb-invitation-titles,apps/gestao-vite/src/paginas/contrato/contrato.css:1275,1,no,,,approved,codex1,
css-css-class-aaff3ed3,css,3,css-class,mb-convite-titulos,mb-invitation-titles,apps/gestao-vite/src/paginas/contrato/contrato.css:1284,1,no,,,approved,codex1,
css-css-class-b912f069,css,3,css-class,mb-convite-titulos,mb-invitation-titles,apps/gestao-vite/src/paginas/contrato/contrato.css:1293,1,no,,,approved,codex1,
css-css-class-039477b7,css,3,css-class,mb-convite-topo,mb-invitation-top,apps/gestao-vite/src/paginas/contrato/contrato.css:1270,1,no,,,approved,codex1,
css-css-class-173e6cfb,css,3,css-class,mb-descricao,mb-description,apps/gestao-vite/src/paginas/contrato/contrato.css:1119,1,no,,,approved,codex1,
css-css-class-5a1a0e08,css,3,css-class,mb-erros,mb-errors,apps/gestao-vite/src/paginas/contrato/contrato.css:1755,2,no,,,approved,codex1,
css-css-class-81907545,css,3,css-class,mb-erros,mb-errors,apps/gestao-vite/src/paginas/contrato/contrato.css:1772,2,no,,,approved,codex1,
css-css-class-f0c1674d,css,3,css-class,mb-erros,mb-errors,apps/gestao-vite/src/paginas/contrato/contrato.css:1776,2,no,,,approved,codex1,
css-css-class-3ab201eb,css,3,css-class,mb-escolha-opcao--ativa,mb-choice-option--active,apps/gestao-vite/src/paginas/contrato/contrato.css:1066,1,no,,,approved,codex1,
css-css-class-3280d275,css,3,css-class,mb-escolha-opcao,mb-choice-option,apps/gestao-vite/src/paginas/contrato/contrato.css:1059,0,no,,,approved,codex1,
css-css-class-25c59879,css,3,css-class,mb-escolha-opcao,mb-choice-option,apps/gestao-vite/src/paginas/contrato/contrato.css:1067,0,no,,,approved,codex1,
css-css-class-1ce1766b,css,3,css-class,mb-escolha-opcoes,mb-choice-options,apps/gestao-vite/src/paginas/contrato/contrato.css:1029,1,no,,,approved,codex1,
css-css-class-cda01864,css,3,css-class,mb-escolha-opcoes,mb-choice-options,apps/gestao-vite/src/paginas/contrato/contrato.css:1050,1,no,,,approved,codex1,
css-css-class-f8289c69,css,3,css-class,mb-escolha-valor,mb-choice-value,apps/gestao-vite/src/paginas/contrato/contrato.css:994,0,no,,,approved,codex1,
css-css-class-a8e22dd6,css,3,css-class,mb-escolha-vazio,mb-choice-empty,apps/gestao-vite/src/paginas/contrato/contrato.css:1008,1,no,,,approved,codex1,
css-css-class-fbc40633,css,3,css-class,mb-membros,mb-members,apps/gestao-vite/src/paginas/contrato/contrato.css:593,2,no,,,approved,codex1,
css-css-class-a0791485,css,3,css-class,mb-menu-cartao,mb-menu-card,apps/gestao-vite/src/paginas/contrato/contrato.css:867,1,no,,,approved,codex1,
css-css-class-a4abe7bd,css,3,css-class,mb-menu-cartao,mb-menu-card,apps/gestao-vite/src/paginas/contrato/contrato.css:885,1,no,,,approved,codex1,
css-css-class-4065400b,css,3,css-class,mb-opcao--ativa,mb-option--active,apps/gestao-vite/src/paginas/contrato/contrato.css:1530,1,no,,,approved,codex1,
css-css-class-4ff4f620,css,3,css-class,mb-opcao-descricao,mb-option-description,apps/gestao-vite/src/paginas/contrato/contrato.css:1560,1,no,,,approved,codex1,
css-css-class-9608aab3,css,3,css-class,mb-opcao-icone,mb-option-icon,apps/gestao-vite/src/paginas/contrato/contrato.css:1535,1,no,,,approved,codex1,
css-css-class-c40b4d5d,css,3,css-class,mb-opcao-texto,mb-option-text,apps/gestao-vite/src/paginas/contrato/contrato.css:1541,1,no,,,approved,codex1,
css-css-class-fdfd06d8,css,3,css-class,mb-opcao-titulo,mb-option-title,apps/gestao-vite/src/paginas/contrato/contrato.css:1548,1,no,,,approved,codex1,
css-css-class-0118f4ca,css,3,css-class,mb-opcao-titulo,mb-option-title,apps/gestao-vite/src/paginas/contrato/contrato.css:1555,1,no,,,approved,codex1,
css-css-class-df8766a9,css,3,css-class,mb-opcao,mb-option,apps/gestao-vite/src/paginas/contrato/contrato.css:1521,0,no,,,approved,codex1,
css-css-class-fd9a0be6,css,3,css-class,mb-opcao,mb-option,apps/gestao-vite/src/paginas/contrato/contrato.css:1531,0,no,,,approved,codex1,
css-css-class-51b9971f,css,3,css-class,mb-opcao,mb-option,apps/gestao-vite/src/paginas/contrato/contrato.css:1555,0,no,,,approved,codex1,
css-css-class-3ce010fe,css,3,css-class,mb-opcoes,mb-options,apps/gestao-vite/src/paginas/contrato/contrato.css:1494,1,no,,,approved,codex1,
css-css-class-ee83eb53,css,3,css-class,mb-opcoes,mb-options,apps/gestao-vite/src/paginas/contrato/contrato.css:1512,1,no,,,approved,codex1,
css-css-class-97150cd4,css,3,css-class,mb-selecao,mb-selection,apps/gestao-vite/src/paginas/contrato/contrato.css:827,0,no,,,approved,codex1,
css-css-class-d06bd656,css,3,css-class,mb-selecao,mb-selection,apps/gestao-vite/src/paginas/contrato/contrato.css:833,0,no,,,approved,codex1,
css-css-class-f58c1f9b,css,3,css-class,mb-selecao,mb-selection,apps/gestao-vite/src/paginas/contrato/contrato.css:839,0,no,,,approved,codex1,
css-css-class-3cb1d00a,css,3,css-class,mb-select-valor,mb-select-value,apps/gestao-vite/src/paginas/contrato/contrato.css:1477,0,no,,,approved,codex1,
css-css-class-2471e000,css,3,css-class,mb-select-vazio,mb-select-empty,apps/gestao-vite/src/paginas/contrato/contrato.css:1486,1,no,,,approved,codex1,
css-css-class-47e9860c,css,3,css-class,mensagem,message,apps/crm/src/app/globais.css:547,1267,no,,,approved,codex1,
css-css-class-104dc36c,css,3,css-class,mensagem,message,apps/site/ferramentas/agendador-de-mensagem-whatsapp/index.html:665,1267,no,,,approved,codex1,
css-css-class-38187990,css,3,css-class,mensagem,message,apps/site/ferramentas/agendador-de-mensagem-whatsapp/index.html:699,1267,no,,,approved,codex1,
css-css-class-a5aba5bf,css,3,css-class,mensagem,message,apps/site/ferramentas/agendador-de-mensagem-whatsapp/index.html:735,1267,no,,,approved,codex1,
css-css-class-8e463d01,css,3,css-class,mensagem,message,apps/site/ferramentas/agendador-de-mensagem-whatsapp/index.html:752,1267,no,,,approved,codex1,
css-css-class-79ff234f,css,3,css-class,menu-filtro,menu-filter,apps/crm/src/app/globais.css:1003,1,no,,,approved,codex1,
css-css-class-25ded7ea,css,3,css-class,menu-filtro,menu-filter,apps/crm/src/app/globais.css:1007,1,no,,,approved,codex1,
css-css-class-79f26fc5,css,3,css-class,menu-filtro,menu-filter,apps/crm/src/app/globais.css:1011,1,no,,,approved,codex1,
css-css-class-34af6ea1,css,3,css-class,menu-filtro,menu-filter,apps/crm/src/app/globais.css:1015,1,no,,,approved,codex1,
css-css-class-97c8cac9,css,3,css-class,menu-painel,menu-panel,apps/crm/src/app/globais.css:1019,1,no,,,approved,codex1,"glossary-exception:painel-application (CSS panel component, not the module/route sense)"
css-css-class-fc40c6b2,css,3,css-class,menu-painel,menu-panel,apps/crm/src/app/globais.css:1034,1,no,,,approved,codex1,"glossary-exception:painel-application (CSS panel component, not the module/route sense)"
css-css-class-9c17190a,css,3,css-class,menu-painel,menu-panel,apps/crm/src/app/globais.css:1045,1,no,,,approved,codex1,"glossary-exception:painel-application (CSS panel component, not the module/route sense)"
css-css-class-594bdfb7,css,3,css-class,menu-painel,menu-panel,apps/crm/src/app/globais.css:1049,1,no,,,approved,codex1,"glossary-exception:painel-application (CSS panel component, not the module/route sense)"
css-css-class-aee27a92,css,3,css-class,menu-painel,menu-panel,apps/crm/src/app/globais.css:1055,1,no,,,approved,codex1,"glossary-exception:painel-application (CSS panel component, not the module/route sense)"
css-css-class-cd3010ec,css,3,css-class,menu-painel,menu-panel,apps/crm/src/app/globais.css:1069,1,no,,,approved,codex1,"glossary-exception:painel-application (CSS panel component, not the module/route sense)"
css-css-class-88ecdfd5,css,3,css-class,menu-painel,menu-panel,apps/crm/src/app/globais.css:1075,1,no,,,approved,codex1,"glossary-exception:painel-application (CSS panel component, not the module/route sense)"
css-css-class-41f5d523,css,3,css-class,mon-acoes,mon-actions,apps/gestao-vite/src/paginas/operacao/atendimento.css:1436,1,no,,,approved,codex1,
css-css-class-c2e37d28,css,3,css-class,mon-acoes,mon-actions,apps/gestao-vite/src/paginas/operacao/atendimento.css:1438,1,no,,,approved,codex1,
css-css-class-89889a73,css,3,css-class,mon-acoes,mon-actions,apps/gestao-vite/src/paginas/operacao/atendimento.css:1460,1,no,,,approved,codex1,
css-css-class-9fc8d96b,css,3,css-class,mon-acoes,mon-actions,apps/gestao-vite/src/paginas/operacao/atendimento.css:1462,1,no,,,approved,codex1,
css-css-class-85d964f2,css,3,css-class,mon-acoes,mon-actions,apps/gestao-vite/src/paginas/operacao/atendimento.css:1464,1,no,,,approved,codex1,
css-css-class-c4d33220,css,3,css-class,mon-acoes,mon-actions,apps/gestao-vite/src/paginas/operacao/atendimento.css:1466,1,no,,,approved,codex1,
css-css-class-272c6cff,css,3,css-class,mon-acoes,mon-actions,apps/gestao-vite/src/paginas/operacao/atendimento.css:523,1,no,,,approved,codex1,
css-css-class-4ea7a1cd,css,3,css-class,mon-acoes,mon-actions,apps/gestao-vite/src/paginas/operacao/atendimento.css:535,1,no,,,approved,codex1,
css-css-class-3eec97eb,css,3,css-class,mon-acoes,mon-actions,apps/gestao-vite/src/paginas/operacao/atendimento.css:591,1,no,,,approved,codex1,
css-css-class-866abcdc,css,3,css-class,mon-acoes,mon-actions,apps/gestao-vite/src/paginas/operacao/atendimento.css:601,1,no,,,approved,codex1,
css-css-class-22ac548d,css,3,css-class,mon-erro,mon-error,apps/gestao-vite/src/paginas/operacao/atendimento.css:259,1,no,,,approved,codex1,
css-css-class-7f1b8f21,css,3,css-class,mon-erro,mon-error,apps/gestao-vite/src/paginas/operacao/atendimento.css:261,1,no,,,approved,codex1,
css-css-class-2179e1de,css,3,css-class,mon-menu-acoes,mon-menu-actions,apps/gestao-vite/src/paginas/operacao/atendimento.css:1512,1,no,,,approved,codex1,
css-css-class-1eacdaeb,css,3,css-class,mon-menu-acoes,mon-menu-actions,apps/gestao-vite/src/paginas/operacao/atendimento.css:611,1,no,,,approved,codex1,
css-css-class-0e6a2784,css,3,css-class,mon-menu-acoes,mon-menu-actions,apps/gestao-vite/src/paginas/operacao/atendimento.css:635,1,no,,,approved,codex1,
css-css-class-5c984ba8,css,3,css-class,mon-menu-acoes,mon-menu-actions,apps/gestao-vite/src/paginas/operacao/atendimento.css:637,1,no,,,approved,codex1,
css-css-class-fcee91ba,css,3,css-class,mon-menu-acoes,mon-menu-actions,apps/gestao-vite/src/paginas/operacao/atendimento.css:675,1,no,,,approved,codex1,
css-css-class-378ee68d,css,3,css-class,mon-menu-acoes,mon-menu-actions,apps/gestao-vite/src/paginas/operacao/atendimento.css:677,1,no,,,approved,codex1,
css-css-class-30e3216e,css,3,css-class,mon-menu-acoes,mon-menu-actions,apps/gestao-vite/src/paginas/operacao/atendimento.css:685,1,no,,,approved,codex1,
css-css-class-71938779,css,3,css-class,mon-modal-acoes,mon-modal-actions,apps/gestao-vite/src/paginas/operacao/atendimento.css:963,1,no,,,approved,codex1,
css-css-class-463dcf8e,css,3,css-class,mon-modal-erro,mon-modal-error,apps/gestao-vite/src/paginas/operacao/atendimento.css:687,2,no,,,approved,codex1,
css-css-class-52b89128,css,3,css-class,mon-pagina-tv,mon-page-tv,apps/gestao-vite/src/estilos/globais.css:1287,1,no,,,approved,codex1,
css-css-class-4b391a2a,css,3,css-class,mon-pagina-tv,mon-page-tv,apps/gestao-vite/src/estilos/globais.css:1298,1,no,,,approved,codex1,
css-css-class-61be56a4,css,3,css-class,mon-pagina-tv,mon-page-tv,apps/gestao-vite/src/estilos/globais.css:1303,1,no,,,approved,codex1,
css-css-class-1a57e552,css,3,css-class,mon-pagina-tv,mon-page-tv,apps/gestao-vite/src/estilos/globais.css:1304,1,no,,,approved,codex1,
css-css-class-94f12eb6,css,3,css-class,mon-pagina-tv,mon-page-tv,apps/gestao-vite/src/estilos/globais.css:1305,1,no,,,approved,codex1,
css-css-class-c313365d,css,3,css-class,mon-pagina-tv,mon-page-tv,apps/gestao-vite/src/estilos/globais.css:1306,1,no,,,approved,codex1,
css-css-class-78025a52,css,3,css-class,mon-pagina-tv,mon-page-tv,apps/gestao-vite/src/estilos/globais.css:1307,1,no,,,approved,codex1,
css-css-class-232beadd,css,3,css-class,mon-pagina-tv,mon-page-tv,apps/gestao-vite/src/estilos/globais.css:1311,1,no,,,approved,codex1,
css-css-class-2094bf96,css,3,css-class,mon-pagina-tv,mon-page-tv,apps/gestao-vite/src/estilos/globais.css:1312,1,no,,,approved,codex1,
css-css-class-afd6aed6,css,3,css-class,mon-pagina-tv,mon-page-tv,apps/gestao-vite/src/estilos/globais.css:1317,1,no,,,approved,codex1,
css-css-class-b4220dc2,css,3,css-class,mon-pagina-tv,mon-page-tv,apps/gestao-vite/src/estilos/globais.css:1318,1,no,,,approved,codex1,
css-css-class-e84d40d4,css,3,css-class,mon-pagina-tv,mon-page-tv,apps/gestao-vite/src/estilos/globais.css:1324,1,no,,,approved,codex1,
css-css-class-f23d132b,css,3,css-class,mon-pagina,mon-page,apps/gestao-vite/src/paginas/operacao/atendimento.css:189,4,no,,,approved,codex1,
css-css-class-a4f87918,css,3,css-class,mon-pagina,mon-page,apps/gestao-vite/src/paginas/operacao/atendimento.css:191,4,no,,,approved,codex1,
css-css-class-f219368a,css,3,css-class,mon-pagina,mon-page,apps/gestao-vite/src/paginas/operacao/atendimento.css:193,4,no,,,approved,codex1,
css-css-class-bbad7ad7,css,3,css-class,mon-pagina,mon-page,apps/gestao-vite/src/paginas/operacao/atendimento.css:195,4,no,,,approved,codex1,
css-css-class-3be26128,css,3,css-class,mon-pagina,mon-page,apps/gestao-vite/src/paginas/operacao/atendimento.css:197,4,no,,,approved,codex1,
css-css-class-ea9fc12d,css,3,css-class,mon-pagina,mon-page,apps/gestao-vite/src/paginas/operacao/atendimento.css:199,4,no,,,approved,codex1,
css-css-class-7c9f20f7,css,3,css-class,mon-por-hora-coluna,mon-per-hour-column,apps/gestao-vite/src/estilos/globais.css:1351,1,no,,,approved,codex1,
css-css-class-6847368b,css,3,css-class,mon-por-hora-coluna,mon-per-hour-column,apps/gestao-vite/src/estilos/globais.css:1360,1,no,,,approved,codex1,
css-css-class-800b3a7d,css,3,css-class,mon-por-hora-coluna,mon-per-hour-column,apps/gestao-vite/src/estilos/globais.css:1369,1,no,,,approved,codex1,
css-css-class-29f943ca,css,3,css-class,mon-por-hora-coluna,mon-per-hour-column,apps/gestao-vite/src/estilos/globais.css:1374,1,no,,,approved,codex1,
css-css-class-f5a321ef,css,3,css-class,mon-por-hora-grafico,mon-per-hour-chart,apps/gestao-vite/src/estilos/globais.css:1343,1,no,,,approved,codex1,
css-css-class-fb94cee7,css,3,css-class,mon-por-hora-valor,mon-per-hour-value,apps/gestao-vite/src/estilos/globais.css:1368,1,no,,,approved,codex1,
css-css-class-879b8b34,css,3,css-class,mon-por-hora,mon-per-hour,apps/gestao-vite/src/estilos/globais.css:1312,1,no,,,approved,codex1,
css-css-class-21038d0d,css,3,css-class,mon-por-hora,mon-per-hour,apps/gestao-vite/src/estilos/globais.css:1328,1,no,,,approved,codex1,
css-css-class-72142961,css,3,css-class,mon-por-hora,mon-per-hour,apps/gestao-vite/src/estilos/globais.css:1336,1,no,,,approved,codex1,
css-css-class-a395a721,css,3,css-class,mon-previa-compositor,mon-preview-composer,apps/gestao-vite/src/paginas/operacao/atendimento.css:811,1,no,,,approved,codex1,
css-css-class-306b002c,css,3,css-class,mon-previa-compositor,mon-preview-composer,apps/gestao-vite/src/paginas/operacao/atendimento.css:823,1,no,,,approved,codex1,
css-css-class-5688a27b,css,3,css-class,mon-previa-compositor,mon-preview-composer,apps/gestao-vite/src/paginas/operacao/atendimento.css:825,1,no,,,approved,codex1,
css-css-class-d85cb6e1,css,3,css-class,mon-previa-compositor,mon-preview-composer,apps/gestao-vite/src/paginas/operacao/atendimento.css:827,1,no,,,approved,codex1,
css-css-class-01a086f7,css,3,css-class,mon-previa-historico,mon-preview-history,apps/gestao-vite/src/paginas/operacao/atendimento.css:767,1,no,,,approved,codex1,
css-css-class-994a0266,css,3,css-class,mon-tabela-atendentes,mon-table-agents,apps/gestao-vite/src/paginas/operacao/atendimento.css:1398,1,no,,,approved,codex1,
css-css-class-b62b9e5d,css,3,css-class,mon-tabela-atendentes,mon-table-agents,apps/gestao-vite/src/paginas/operacao/atendimento.css:1400,1,no,,,approved,codex1,
css-css-class-14848822,css,3,css-class,mon-tabela-atendentes,mon-table-agents,apps/gestao-vite/src/paginas/operacao/atendimento.css:1402,1,no,,,approved,codex1,
css-css-class-b5b93db2,css,3,css-class,mon-tabela-atendentes,mon-table-agents,apps/gestao-vite/src/paginas/operacao/atendimento.css:1404,1,no,,,approved,codex1,
css-css-class-ae2e4319,css,3,css-class,mon-tabela-atendentes,mon-table-agents,apps/gestao-vite/src/paginas/operacao/atendimento.css:1406,1,no,,,approved,codex1,
css-css-class-b8d74997,css,3,css-class,mon-tabela-filas,mon-table-queues,apps/gestao-vite/src/paginas/operacao/atendimento.css:1408,1,no,,,approved,codex1,
css-css-class-0f896012,css,3,css-class,nv-cartao-grande,nv-card-large,apps/gestao-vite/src/paginas/novidades/novidades.css:128,1,no,,,approved,codex1,
css-css-class-f3fa5477,css,3,css-class,nv-cartao-grande,nv-card-large,apps/gestao-vite/src/paginas/novidades/novidades.css:141,1,no,,,approved,codex1,
css-css-class-347e9bf6,css,3,css-class,nv-cartao-grande,nv-card-large,apps/gestao-vite/src/paginas/novidades/novidades.css:193,1,no,,,approved,codex1,
css-css-class-e127acfa,css,3,css-class,nv-cartao-grande,nv-card-large,apps/gestao-vite/src/paginas/novidades/novidades.css:239,1,no,,,approved,codex1,
css-css-class-db43718c,css,3,css-class,nv-cartao-titulo,nv-card-title,apps/gestao-vite/src/paginas/novidades/novidades.css:185,1,no,,,approved,codex1,
css-css-class-00db3049,css,3,css-class,nv-cartao-titulo,nv-card-title,apps/gestao-vite/src/paginas/novidades/novidades.css:193,1,no,,,approved,codex1,
css-css-class-50c47a6b,css,3,css-class,nv-cartao-titulo,nv-card-title,apps/gestao-vite/src/paginas/novidades/novidades.css:239,1,no,,,approved,codex1,
css-css-class-dd763098,css,3,css-class,nv-cartao,nv-card,apps/gestao-vite/src/paginas/novidades/novidades.css:119,2,no,,,approved,codex1,
css-css-class-80e3eb59,css,3,css-class,nv-coluna,nv-column,apps/gestao-vite/src/paginas/novidades/novidades.css:28,1,no,,,approved,codex1,
css-css-class-c70fb97a,css,3,css-class,nv-filtros,nv-filters,apps/gestao-vite/src/paginas/novidades/novidades.css:106,1,no,,,approved,codex1,
css-css-class-f4d7442d,css,3,css-class,nv-filtros,nv-filters,apps/gestao-vite/src/paginas/novidades/novidades.css:63,1,no,,,approved,codex1,
css-css-class-50cdc64e,css,3,css-class,painel-abas,panel-tabs,apps/gestao-vite/src/estilos/globais.css:4638,1,no,,,approved,codex1,"glossary-exception:painel-application (CSS panel component, not the module/route sense)"
css-css-class-fe875389,css,3,css-class,painel-abas,panel-tabs,apps/gestao-vite/src/estilos/globais.css:4645,1,no,,,approved,codex1,"glossary-exception:painel-application (CSS panel component, not the module/route sense)"
css-css-class-b0ff1496,css,3,css-class,painel-abas,panel-tabs,apps/gestao-vite/src/estilos/globais.css:4658,1,no,,,approved,codex1,"glossary-exception:painel-application (CSS panel component, not the module/route sense)"
css-css-class-a41d3432,css,3,css-class,painel-apoio,panel-support,apps/gestao-vite/src/estilos/globais.css:4695,1,no,,,approved,codex1,"glossary-exception:painel-application (CSS panel component, not the module/route sense)"
css-css-class-ac8d4e26,css,3,css-class,painel-apoio,panel-support,apps/gestao-vite/src/paginas/operacao/atendimento.css:199,1,no,,,approved,codex1,"glossary-exception:painel-application (CSS panel component, not the module/route sense)"
css-css-class-f882bbb6,css,3,css-class,painel-botoes,panel-buttons,apps/gestao-vite/src/estilos/globais.css:4732,1,no,,,approved,codex1,"glossary-exception:painel-application (CSS panel component, not the module/route sense)"
css-css-class-39f71d24,css,3,css-class,painel-cabecalho,panel-header,apps/gestao-vite/src/estilos/globais.css:4611,1,no,,,approved,codex1,"glossary-exception:painel-application (CSS panel component, not the module/route sense)"
css-css-class-44a86346,css,3,css-class,painel-cabecalho,panel-header,apps/gestao-vite/src/estilos/globais.css:4622,1,no,,,approved,codex1,"glossary-exception:painel-application (CSS panel component, not the module/route sense)"
css-css-class-c4a20549,css,3,css-class,painel-cabecalho,panel-header,apps/gestao-vite/src/estilos/globais.css:4630,1,no,,,approved,codex1,"glossary-exception:painel-application (CSS panel component, not the module/route sense)"
css-css-class-6d791aa7,css,3,css-class,painel-campo,panel-field,apps/gestao-vite/src/estilos/globais.css:4679,1,no,,,approved,codex1,"glossary-exception:painel-application (CSS panel component, not the module/route sense)"
css-css-class-a0672f21,css,3,css-class,painel-campo,panel-field,apps/gestao-vite/src/estilos/globais.css:4702,1,no,,,approved,codex1,"glossary-exception:painel-application (CSS panel component, not the module/route sense)"
css-css-class-cc88b626,css,3,css-class,painel-campo,panel-field,apps/gestao-vite/src/estilos/globais.css:4703,1,no,,,approved,codex1,"glossary-exception:painel-application (CSS panel component, not the module/route sense)"
css-css-class-d4694602,css,3,css-class,painel-campos,panel-fields,apps/gestao-vite/src/estilos/globais.css:4671,1,no,,,approved,codex1,"glossary-exception:painel-application (CSS panel component, not the module/route sense)"
css-css-class-b1cd515d,css,3,css-class,painel-datas,panel-dates,apps/gestao-vite/src/estilos/globais.css:4832,1,no,,,approved,codex1,"glossary-exception:painel-application (CSS panel component, not the module/route sense)"
css-css-class-ee21c8a9,css,3,css-class,painel-datas,panel-dates,apps/gestao-vite/src/estilos/globais.css:4838,1,no,,,approved,codex1,"glossary-exception:painel-application (CSS panel component, not the module/route sense)"
css-css-class-2f68d308,css,3,css-class,painel-form,panel-form,apps/gestao-vite/src/estilos/globais.css:4664,1,no,,,approved,codex1,"glossary-exception:painel-application (CSS panel component, not the module/route sense)"
css-css-class-c0d7c43c,css,3,css-class,painel-fundo,panel-background,apps/gestao-vite/src/estilos/globais.css:4589,1,no,,,approved,codex1,"glossary-exception:painel-application (CSS panel component, not the module/route sense)"
css-css-class-c9d4a503,css,3,css-class,painel-lateral,panel-side,apps/gestao-vite/src/estilos/globais.css:4596,1,no,,,approved,codex1,"glossary-exception:painel-application (CSS panel component, not the module/route sense)"
css-css-class-49b357b2,css,3,css-class,painel-lateral,panel-side,apps/gestao-vite/src/estilos/globais.css:4902,1,no,,,approved,codex1,"glossary-exception:painel-application (CSS panel component, not the module/route sense)"
css-css-class-f94dd013,css,3,css-class,painel-lateral,panel-side,apps/gestao-vite/src/paginas/operacao/atendimento.css:197,1,no,,,approved,codex1,"glossary-exception:painel-application (CSS panel component, not the module/route sense)"
css-css-class-a8442b5e,css,3,css-class,painel-modelos,panel-templates,apps/gestao-vite/src/estilos/globais.css:2474,1,no,,,approved,codex1,"glossary-exception:painel-application (CSS panel component, not the module/route sense)"
css-css-class-baf545b6,css,3,css-class,painel-modelos,panel-templates,apps/gestao-vite/src/estilos/globais.css:2485,1,no,,,approved,codex1,"glossary-exception:painel-application (CSS panel component, not the module/route sense)"
css-css-class-39141d6a,css,3,css-class,painel-modelos,panel-templates,apps/gestao-vite/src/estilos/globais.css:2519,1,no,,,approved,codex1,"glossary-exception:painel-application (CSS panel component, not the module/route sense)"
css-css-class-abdd3214,css,3,css-class,painel-rodape,panel-footer,apps/gestao-vite/src/estilos/globais.css:4714,1,no,,,approved,codex1,"glossary-exception:painel-application (CSS panel component, not the module/route sense)"
css-css-class-4aee7d06,css,3,css-class,painel-rotulo,panel-label,apps/gestao-vite/src/estilos/globais.css:4685,1,no,,,approved,codex1,"glossary-exception:painel-application (CSS panel component, not the module/route sense)"
css-css-class-9c6211ae,css,3,css-class,painel-sw,panel-switch,apps/gestao-vite/src/estilos/globais.css:4723,1,no,,,approved,codex1,"glossary-exception:painel-application (CSS panel component, not the module/route sense)"
css-css-class-c4e206d9,css,3,css-class,painel-vazio-salvos,panel-empty-saved,apps/gestao-vite/src/estilos/globais.css:4738,1,no,,,approved,codex1,"glossary-exception:painel-application (CSS panel component, not the module/route sense)"
css-css-class-def2b166,css,3,css-class,pg-cartao,pg-card,apps/gestao-vite/src/paginas/fluxo/growth/growth.css:964,5,no,,,approved,codex1,
css-css-class-9291eb4c,css,3,css-class,pg-cartoes,pg-cards,apps/gestao-vite/src/paginas/fluxo/growth/growth.css:958,1,no,,,approved,codex1,
css-css-class-6e90744e,css,3,css-class,pg-coluna-titulo,pg-column-title,apps/gestao-vite/src/paginas/fluxo/growth/growth.css:953,2,no,,,approved,codex1,
css-css-class-57af2a74,css,3,css-class,pg-coluna,pg-column,apps/gestao-vite/src/paginas/fluxo/growth/growth.css:949,2,no,,,approved,codex1,
css-css-class-27810a4e,css,3,css-class,pg-grafico-vazio,pg-chart-empty,apps/gestao-vite/src/paginas/fluxo/growth/growth.css:1018,1,no,,,approved,codex1,
css-css-class-313437bc,css,3,css-class,pg-grafico-vazio,pg-chart-empty,apps/gestao-vite/src/paginas/fluxo/growth/growth.css:1029,1,no,,,approved,codex1,
css-css-class-493720ed,css,3,css-class,pg-metrica-valor,pg-metric-value,apps/gestao-vite/src/paginas/fluxo/growth/growth.css:983,2,no,,,approved,codex1,
css-css-class-0893a2dd,css,3,css-class,pg-pagina,pg-page,apps/gestao-vite/src/paginas/fluxo/growth/growth.css:932,1,no,,,approved,codex1,
css-css-class-9aef77f4,css,3,css-class,pg-por-pagina,pg-per-page,apps/gestao-vite/src/estilos/globais.css:4764,1,no,,,approved,codex1,
css-css-class-e6ba9161,css,3,css-class,pg-por-pagina,pg-per-page,apps/gestao-vite/src/estilos/globais.css:4770,1,no,,,approved,codex1,
css-css-class-2d2fae13,css,3,css-class,pg-por-pagina,pg-per-page,apps/gestao-vite/src/paginas/operacao/atendimento.css:1572,1,no,,,approved,codex1,
css-css-class-011b703f,css,3,css-class,pg-resumo-valor,pg-summary-value,apps/gestao-vite/src/paginas/fluxo/growth/growth.css:1075,1,no,,,approved,codex1,
css-css-class-8a6d06af,css,3,css-class,pilula-valor,pill-value,apps/gestao-vite/src/estilos/globais.css:1080,2,no,,,approved,codex1,
css-css-class-4c159684,css,3,css-class,pipe-aviso-encerramento,pipe-notice-closure,packages/ui/src/estilos.css:48,1,no,,,approved,codex1,
css-css-class-3090a429,css,3,css-class,pipe-encerramento-acoes,pipe-closure-actions,packages/ui/src/estilos.css:41,1,no,,,approved,codex1,
css-css-class-0f3a22bf,css,3,css-class,pipe-encerramento-acoes,pipe-closure-actions,packages/ui/src/estilos.css:42,1,no,,,approved,codex1,
css-css-class-0ff510a2,css,3,css-class,pipe-encerramento-acoes,pipe-closure-actions,packages/ui/src/estilos.css:43,1,no,,,approved,codex1,
css-css-class-d5b135a1,css,3,css-class,pipe-encerramento-acoes,pipe-closure-actions,packages/ui/src/estilos.css:44,1,no,,,approved,codex1,
css-css-class-4015ef7c,css,3,css-class,pipe-encerramento-acoes,pipe-closure-actions,packages/ui/src/estilos.css:45,1,no,,,approved,codex1,
css-css-class-8f7273d7,css,3,css-class,pipe-encerramento-caixa,pipe-closure-box,packages/ui/src/estilos.css:38,2,no,,,approved,codex1,
css-css-class-177c084d,css,3,css-class,pipe-encerramento-caixa,pipe-closure-box,packages/ui/src/estilos.css:39,2,no,,,approved,codex1,
css-css-class-86d35f1e,css,3,css-class,pipe-encerramento-chip,pipe-closure-chip,packages/ui/src/estilos.css:32,1,no,,,approved,codex1,
css-css-class-f0823d11,css,3,css-class,pipe-encerramento-chip,pipe-closure-chip,packages/ui/src/estilos.css:33,1,no,,,approved,codex1,
css-css-class-d474703e,css,3,css-class,pipe-encerramento-chips,pipe-closure-chips,packages/ui/src/estilos.css:31,1,no,,,approved,codex1,
css-css-class-5af3ab1e,css,3,css-class,pipe-encerramento-conteudo,pipe-closure-content,packages/ui/src/estilos.css:17,1,no,,,approved,codex1,
css-css-class-22b02ceb,css,3,css-class,pipe-encerramento-conteudo,pipe-closure-content,packages/ui/src/estilos.css:18,1,no,,,approved,codex1,
css-css-class-2a9a1820,css,3,css-class,pipe-encerramento-detalhes,pipe-closure-details,packages/ui/src/estilos.css:22,1,no,,,approved,codex1,
css-css-class-a03869ec,css,3,css-class,pipe-encerramento-detalhes,pipe-closure-details,packages/ui/src/estilos.css:23,1,no,,,approved,codex1,
css-css-class-c3bca215,css,3,css-class,pipe-encerramento-detalhes,pipe-closure-details,packages/ui/src/estilos.css:46,1,no,,,approved,codex1,
css-css-class-3b6fedcf,css,3,css-class,pipe-encerramento-dica,pipe-closure-tip,packages/ui/src/estilos.css:29,0,no,,,approved,codex1,
css-css-class-91c909af,css,3,css-class,pipe-encerramento-erro,pipe-closure-error,packages/ui/src/estilos.css:40,1,no,,,approved,codex1,
css-css-class-2ebb74ef,css,3,css-class,pipe-encerramento-fundo,pipe-closure-background,packages/ui/src/estilos.css:14,1,no,,,approved,codex1,
css-css-class-19f72b0d,css,3,css-class,pipe-encerramento-ilustracao,pipe-closure-illustration,packages/ui/src/estilos.css:19,1,no,,,approved,codex1,
css-css-class-ca51be4a,css,3,css-class,pipe-encerramento-ilustracao,pipe-closure-illustration,packages/ui/src/estilos.css:21,1,no,,,approved,codex1,
css-css-class-7601e466,css,3,css-class,pipe-encerramento-ilustracao,pipe-closure-illustration,packages/ui/src/estilos.css:46,1,no,,,approved,codex1,
css-css-class-24c894cb,css,3,css-class,pipe-encerramento-opcoes,pipe-closure-options,packages/ui/src/estilos.css:35,1,no,,,approved,codex1,
css-css-class-c4e9866e,css,3,css-class,pipe-encerramento-opcoes,pipe-closure-options,packages/ui/src/estilos.css:36,1,no,,,approved,codex1,
css-css-class-4a41d826,css,3,css-class,pipe-encerramento-opcoes,pipe-closure-options,packages/ui/src/estilos.css:37,1,no,,,approved,codex1,
css-css-class-485f2c1d,css,3,css-class,pipe-encerramento-placeholder,pipe-closure-placeholder,packages/ui/src/estilos.css:34,1,no,,,approved,codex1,
css-css-class-df94faaf,css,3,css-class,pipe-encerramento-seletor,pipe-closure-selector,packages/ui/src/estilos.css:30,1,no,,,approved,codex1,
css-css-class-7372e5c1,css,3,css-class,pipe-encerramento-sem-tags,pipe-closure-no-tags,packages/ui/src/estilos.css:25,1,no,,,approved,codex1,
css-css-class-826c5bf2,css,3,css-class,pipe-encerramento-sem-tags,pipe-closure-no-tags,packages/ui/src/estilos.css:26,1,no,,,approved,codex1,
css-css-class-c01bd368,css,3,css-class,pipe-encerramento-sem-tags,pipe-closure-no-tags,packages/ui/src/estilos.css:27,1,no,,,approved,codex1,
css-css-class-303ee945,css,3,css-class,pipe-encerramento-tags,pipe-closure-tags,packages/ui/src/estilos.css:28,1,no,,,approved,codex1,
css-css-class-dea94553,css,3,css-class,pipe-encerramento-ticket,pipe-closure-ticket,packages/ui/src/estilos.css:24,0,no,,,approved,codex1,
css-css-class-918cc176,css,3,css-class,pipe-encerramento-x,pipe-closure-x,packages/ui/src/estilos.css:16,1,no,,,approved,codex1,
css-css-class-a9bdb4dd,css,3,css-class,pipe-encerramento,pipe-closure,packages/ui/src/estilos.css:15,1,no,,,approved,codex1,
css-css-class-bfcc81a5,css,3,css-class,pipe-encerramento,pipe-closure,packages/ui/src/estilos.css:46,1,no,,,approved,codex1,
css-css-class-9afa4e59,css,3,css-class,principais,main,apps/crm/src/app/globais.css:1291,19,no,,,approved,codex1,
css-css-class-202a7eaa,css,3,css-class,principais,main,apps/crm/src/app/globais.css:1298,19,no,,,approved,codex1,
css-css-class-7f42b51b,css,3,css-class,pt-acoes,pt-actions,apps/gestao-vite/src/estilos/globais.css:4042,1,no,,,approved,codex1,
css-css-class-680bb292,css,3,css-class,pt-acoes,pt-actions,apps/gestao-vite/src/estilos/globais.css:4415,1,no,,,approved,codex1,
css-css-class-df40d773,css,3,css-class,pt-busca-aberta,pt-search-open,apps/gestao-vite/src/estilos/globais.css:3908,1,no,,,approved,codex1,
css-css-class-2939da81,css,3,css-class,pt-busca-aberta,pt-search-open,apps/gestao-vite/src/estilos/globais.css:3914,1,no,,,approved,codex1,
css-css-class-7c001f52,css,3,css-class,pt-busca-botao,pt-search-button,apps/gestao-vite/src/estilos/globais.css:3842,1,no,,,approved,codex1,
css-css-class-7978ed24,css,3,css-class,pt-busca-botao,pt-search-button,apps/gestao-vite/src/estilos/globais.css:3863,1,no,,,approved,codex1,
css-css-class-585d2adf,css,3,css-class,pt-busca,pt-search,apps/gestao-vite/src/estilos/globais.css:3833,0,no,,,approved,codex1,
css-css-class-0d8592e1,css,3,css-class,pt-busca,pt-search,apps/gestao-vite/src/estilos/globais.css:3864,0,no,,,approved,codex1,
css-css-class-e3d057c3,css,3,css-class,pt-busca,pt-search,apps/gestao-vite/src/estilos/globais.css:3876,0,no,,,approved,codex1,
css-css-class-268cd4c0,css,3,css-class,pt-busca,pt-search,apps/gestao-vite/src/estilos/globais.css:3933,0,no,,,approved,codex1,
css-css-class-a6f40ec3,css,3,css-class,pt-busca,pt-search,apps/gestao-vite/src/estilos/globais.css:3939,0,no,,,approved,codex1,
css-css-class-c310e56e,css,3,css-class,pt-busca,pt-search,apps/gestao-vite/src/estilos/globais.css:3945,0,no,,,approved,codex1,
css-css-class-746bc867,css,3,css-class,pt-busca,pt-search,apps/gestao-vite/src/estilos/globais.css:3946,0,no,,,approved,codex1,
css-css-class-371f7de2,css,3,css-class,pt-busca,pt-search,apps/gestao-vite/src/estilos/globais.css:3947,0,no,,,approved,codex1,
css-css-class-e6c702d6,css,3,css-class,pt-busca,pt-search,apps/gestao-vite/src/estilos/globais.css:3948,0,no,,,approved,codex1,
css-css-class-1c669ff0,css,3,css-class,pt-busca,pt-search,apps/gestao-vite/src/estilos/globais.css:4389,0,no,,,approved,codex1,
css-css-class-ecc71202,css,3,css-class,pt-busca,pt-search,apps/gestao-vite/src/estilos/globais.css:4394,0,no,,,approved,codex1,
css-css-class-04986d79,css,3,css-class,pt-cartao-av,pt-card-avatar,apps/gestao-vite/src/estilos/globais.css:4283,1,no,,,approved,codex1,
css-css-class-3b9208ae,css,3,css-class,pt-cartao-etq,pt-card-tag,apps/gestao-vite/src/estilos/globais.css:4318,1,no,,,approved,codex1,
css-css-class-20230e2b,css,3,css-class,pt-cartao-etq,pt-card-tag,apps/gestao-vite/src/estilos/globais.css:4332,1,no,,,approved,codex1,
css-css-class-f086679a,css,3,css-class,pt-cartao-foto,pt-card-photo,apps/gestao-vite/src/estilos/globais.css:4296,1,no,,,approved,codex1,
css-css-class-5427e29d,css,3,css-class,pt-cartao-nome,pt-card-name,apps/gestao-vite/src/estilos/globais.css:4303,1,no,,,approved,codex1,
css-css-class-f7aa70a5,css,3,css-class,pt-cartao-rascunho,pt-card-draft,apps/gestao-vite/src/estilos/globais.css:4266,1,no,,,approved,codex1,
css-css-class-79e89397,css,3,css-class,pt-cartao-rascunho,pt-card-draft,apps/gestao-vite/src/estilos/globais.css:4270,1,no,,,approved,codex1,
css-css-class-548910b7,css,3,css-class,pt-cartao,pt-card,apps/gestao-vite/src/estilos/globais.css:4241,2,no,,,approved,codex1,
css-css-class-703e18fd,css,3,css-class,pt-cartao,pt-card,apps/gestao-vite/src/estilos/globais.css:4259,2,no,,,approved,codex1,
css-css-class-364706e0,css,3,css-class,pt-coluna,pt-column,apps/gestao-vite/src/estilos/globais.css:3963,1,no,,,approved,codex1,
css-css-class-4e27edc1,css,3,css-class,pt-coluna,pt-column,apps/gestao-vite/src/estilos/globais.css:3970,1,no,,,approved,codex1,
css-css-class-8bcccb20,css,3,css-class,pt-coluna,pt-column,apps/gestao-vite/src/estilos/globais.css:3977,1,no,,,approved,codex1,
css-css-class-1f68d2a1,css,3,css-class,pt-coluna,pt-column,apps/gestao-vite/src/estilos/globais.css:4398,1,no,,,approved,codex1,
css-css-class-0c02301b,css,3,css-class,pt-conta-icone,pt-account-icon,apps/gestao-vite/src/estilos/globais.css:3400,1,no,,,approved,codex1,
css-css-class-c005e28e,css,3,css-class,pt-conta-menu,pt-account-menu,apps/gestao-vite/src/estilos/globais.css:3518,1,no,,,approved,codex1,
css-css-class-736fc021,css,3,css-class,pt-conta-seta,pt-account-arrow,apps/gestao-vite/src/estilos/globais.css:3445,1,no,,,approved,codex1,
css-css-class-29f46e54,css,3,css-class,pt-conta-texto,pt-account-text,apps/gestao-vite/src/estilos/globais.css:3410,1,no,,,approved,codex1,
css-css-class-12a2ee37,css,3,css-class,pt-conta-texto,pt-account-text,apps/gestao-vite/src/estilos/globais.css:3421,1,no,,,approved,codex1,
css-css-class-c3bb046f,css,3,css-class,pt-conta-tipo,pt-account-type,apps/gestao-vite/src/estilos/globais.css:3563,2,no,,,approved,codex1,
css-css-class-f2e7c3d4,css,3,css-class,pt-conta,pt-account,apps/gestao-vite/src/estilos/globais.css:3375,1,no,,,approved,codex1,
css-css-class-39f2c99f,css,3,css-class,pt-conta,pt-account,apps/gestao-vite/src/estilos/globais.css:3383,1,no,,,approved,codex1,
css-css-class-e5abe261,css,3,css-class,pt-conta,pt-account,apps/gestao-vite/src/estilos/globais.css:3393,1,no,,,approved,codex1,
css-css-class-7f17cddc,css,3,css-class,pt-conta,pt-account,apps/gestao-vite/src/estilos/globais.css:3452,1,no,,,approved,codex1,
css-css-class-754ec150,css,3,css-class,pt-conta,pt-account,apps/gestao-vite/src/estilos/globais.css:4345,1,no,,,approved,codex1,
css-css-class-e7a74064,css,3,css-class,pt-conta,pt-account,apps/gestao-vite/src/estilos/globais.css:4353,1,no,,,approved,codex1,
css-css-class-a21030ed,css,3,css-class,pt-conta,pt-account,apps/gestao-vite/src/estilos/globais.css:4359,1,no,,,approved,codex1,
css-css-class-2d00c6d0,css,3,css-class,pt-contas-titulo,pt-accounts-title,apps/gestao-vite/src/estilos/globais.css:4549,0,no,,,approved,codex1,
css-css-class-ad4faf10,css,3,css-class,pt-contas,pt-accounts,apps/gestao-vite/src/estilos/globais.css:3552,1,no,,,approved,codex1,
css-css-class-c45377bd,css,3,css-class,pt-contas,pt-accounts,apps/gestao-vite/src/estilos/globais.css:3568,1,no,,,approved,codex1,
css-css-class-73857b69,css,3,css-class,pt-contas,pt-accounts,apps/gestao-vite/src/estilos/globais.css:3583,1,no,,,approved,codex1,
css-css-class-9aeb12ed,css,3,css-class,pt-contas,pt-accounts,apps/gestao-vite/src/estilos/globais.css:3589,1,no,,,approved,codex1,
css-css-class-69d0b075,css,3,css-class,pt-contas,pt-accounts,apps/gestao-vite/src/estilos/globais.css:3594,1,no,,,approved,codex1,
css-css-class-479487e6,css,3,css-class,pt-contas,pt-accounts,apps/gestao-vite/src/estilos/globais.css:4539,1,no,,,approved,codex1,
css-css-class-862da893,css,3,css-class,pt-contas,pt-accounts,apps/gestao-vite/src/estilos/globais.css:4555,1,no,,,approved,codex1,
css-css-class-9171b8e3,css,3,css-class,pt-contas,pt-accounts,apps/gestao-vite/src/estilos/globais.css:4571,1,no,,,approved,codex1,
css-css-class-e5669018,css,3,css-class,pt-contas,pt-accounts,apps/gestao-vite/src/estilos/globais.css:4577,1,no,,,approved,codex1,
css-css-class-4546a4cb,css,3,css-class,pt-paginacao-conta,pt-pagination-account,apps/gestao-vite/src/estilos/globais.css:4176,1,no,,,approved,codex1,
css-css-class-b983268c,css,3,css-class,pt-paginacao-de,pt-pagination-of,apps/gestao-vite/src/estilos/globais.css:4186,1,no,,,approved,codex1,
css-css-class-719c61b4,css,3,css-class,pt-paginacao-direita,pt-pagination-right,apps/gestao-vite/src/estilos/globais.css:4148,1,no,,,approved,codex1,
css-css-class-b37dd8ca,css,3,css-class,pt-paginacao-direita,pt-pagination-right,apps/gestao-vite/src/estilos/globais.css:4182,1,no,,,approved,codex1,
css-css-class-bc5c18b8,css,3,css-class,pt-paginacao-esquerda,pt-pagination-left,apps/gestao-vite/src/estilos/globais.css:4147,1,no,,,approved,codex1,
css-css-class-3d70c3ff,css,3,css-class,pt-paginacao-esquerda,pt-pagination-left,apps/gestao-vite/src/estilos/globais.css:4154,1,no,,,approved,codex1,
css-css-class-64e91182,css,3,css-class,pt-paginacao-icone,pt-pagination-icon,apps/gestao-vite/src/estilos/globais.css:4193,4,no,,,approved,codex1,
css-css-class-b650c277,css,3,css-class,pt-paginacao-icone,pt-pagination-icon,apps/gestao-vite/src/estilos/globais.css:4210,4,no,,,approved,codex1,
css-css-class-ebcdffaa,css,3,css-class,pt-paginacao-icone,pt-pagination-icon,apps/gestao-vite/src/estilos/globais.css:4215,4,no,,,approved,codex1,
css-css-class-ba701359,css,3,css-class,pt-paginacao,pt-pagination,apps/gestao-vite/src/estilos/globais.css:4136,1,no,,,approved,codex1,
css-css-class-e8899136,css,3,css-class,pt-paginacao,pt-pagination,apps/gestao-vite/src/estilos/globais.css:4160,1,no,,,approved,codex1,
css-css-class-54ae7749,css,3,css-class,pt-paginacao,pt-pagination,apps/gestao-vite/src/estilos/globais.css:4165,1,no,,,approved,codex1,
css-css-class-69797f45,css,3,css-class,pt-painel-conta,pt-panel-account,apps/gestao-vite/src/estilos/globais.css:3544,1,no,,,approved,codex1,"glossary-exception:painel-application (CSS panel component, not the module/route sense)"
css-css-class-f435a8e3,css,3,css-class,pt-painel,pt-panel,apps/gestao-vite/src/estilos/globais.css:3524,1,no,,,approved,codex1,"glossary-exception:painel-application (CSS panel component, not the module/route sense)"
css-css-class-07342563,css,3,css-class,pt-painel,pt-panel,apps/gestao-vite/src/estilos/globais.css:3533,1,no,,,approved,codex1,"glossary-exception:painel-application (CSS panel component, not the module/route sense)"
css-css-class-79d3c636,css,3,css-class,pt-painel,pt-panel,apps/gestao-vite/src/estilos/globais.css:3540,1,no,,,approved,codex1,"glossary-exception:painel-application (CSS panel component, not the module/route sense)"
css-css-class-968d6ba8,css,3,css-class,pt-secao,pt-section,apps/gestao-vite/src/estilos/globais.css:4110,1,no,,,approved,codex1,
css-css-class-ccbe9f3b,css,3,css-class,pt-secao,pt-section,apps/gestao-vite/src/estilos/globais.css:4120,1,no,,,approved,codex1,
css-css-class-81b7d993,css,3,css-class,pt-subbarra-acoes,pt-subbar-actions,apps/gestao-vite/src/estilos/globais.css:3808,1,no,,,approved,codex1,
css-css-class-0f097adf,css,3,css-class,pt-subbarra-acoes,pt-subbar-actions,apps/gestao-vite/src/estilos/globais.css:3815,1,no,,,approved,codex1,
css-css-class-87800cd6,css,3,css-class,rel-periodo,rel-period,apps/gestao-vite/src/paginas/operacao/atendimento.css:511,2,no,,,approved,codex1,
css-css-class-4f8422b0,css,3,css-class,rl-busca-lupa,rl-search-magnifier,apps/gestao-vite/src/paginas/fluxo/analise/relatorios/relatorios.css:25,1,no,,,approved,codex1,
css-css-class-ccd50ee2,css,3,css-class,rl-busca,rl-search,apps/gestao-vite/src/paginas/fluxo/analise/relatorios/relatorios.css:18,1,no,,,approved,codex1,
css-css-class-22a5943f,css,3,css-class,rl-busca,rl-search,apps/gestao-vite/src/paginas/fluxo/analise/relatorios/relatorios.css:32,1,no,,,approved,codex1,
css-css-class-fd891099,css,3,css-class,rl-busca,rl-search,apps/gestao-vite/src/paginas/fluxo/analise/relatorios/relatorios.css:45,1,no,,,approved,codex1,
css-css-class-42ea7622,css,3,css-class,rl-cartao,rl-card,apps/gestao-vite/src/paginas/fluxo/analise/relatorios/relatorios.css:124,1,no,,,approved,codex1,
css-css-class-398641c9,css,3,css-class,rl-cartao,rl-card,apps/gestao-vite/src/paginas/fluxo/analise/relatorios/relatorios.css:64,1,no,,,approved,codex1,
css-css-class-d2cb3cbf,css,3,css-class,rl-coluna--autor,rl-column--author,apps/gestao-vite/src/paginas/fluxo/analise/relatorios/relatorios.css:82,1,no,,,approved,codex1,
css-css-class-01aa75a8,css,3,css-class,rl-coluna--data,rl-column--data,apps/gestao-vite/src/paginas/fluxo/analise/relatorios/relatorios.css:89,1,no,,,approved,codex1,
css-css-class-94a2f512,css,3,css-class,rl-coluna--nome,rl-column--name,apps/gestao-vite/src/paginas/fluxo/analise/relatorios/relatorios.css:81,1,no,,,approved,codex1,
css-css-class-4065f40f,css,3,css-class,rl-coluna,rl-column,apps/gestao-vite/src/paginas/fluxo/analise/relatorios/relatorios.css:93,3,no,,,approved,codex1,
css-css-class-f663a07b,css,3,css-class,rl-criar,rl-create,apps/gestao-vite/src/paginas/fluxo/analise/relatorios/relatorios.css:52,1,no,,,approved,codex1,
css-css-class-a7e75dc7,css,3,css-class,rl-criar,rl-create,apps/gestao-vite/src/paginas/fluxo/analise/relatorios/relatorios.css:57,1,no,,,approved,codex1,
css-css-class-f88f7d00,css,3,css-class,rl-valor,rl-value,apps/gestao-vite/src/paginas/fluxo/analise/relatorios/relatorios.css:102,3,no,,,approved,codex1,
css-css-class-23921635,css,3,css-class,rl-vazio,rl-empty,apps/gestao-vite/src/paginas/fluxo/analise/relatorios/relatorios.css:143,1,no,,,approved,codex1,
css-css-class-d45ec04a,css,3,css-class,rodape-paginacao,footer-pagination,apps/gestao-vite/src/estilos/globais.css:4953,1,no,,,approved,codex1,
css-css-class-421e2817,css,3,css-class,rp-contagem,rp-count,apps/gestao-vite/src/estilos/globais.css:4980,1,no,,,approved,codex1,
css-css-class-ebbab481,css,3,css-class,secao-rodape,section-footer,apps/gestao-vite/src/estilos/globais.css:2619,1,no,,,approved,codex1,
css-css-class-a989a416,css,3,css-class,secao,section,apps/crm/src/app/globais.css:1345,13,no,,,approved,codex1,
css-css-class-11074222,css,3,css-class,secao,section,apps/crm/src/app/globais.css:1355,13,no,,,approved,codex1,
css-css-class-42ecae1e,css,3,css-class,secao,section,apps/crm/src/app/globais.css:1359,13,no,,,approved,codex1,
css-css-class-b30d1133,css,3,css-class,secao,section,apps/crm/src/app/globais.css:1363,13,no,,,approved,codex1,
css-css-class-dbe78df7,css,3,css-class,secao,section,apps/crm/src/app/globais.css:1370,13,no,,,approved,codex1,
css-css-class-7ca97bac,css,3,css-class,secao,section,apps/crm/src/app/globais.css:1381,13,no,,,approved,codex1,
css-css-class-277c0840,css,3,css-class,secao,section,apps/crm/src/app/globais.css:1385,13,no,,,approved,codex1,
css-css-class-f2d86a04,css,3,css-class,selecao-controle,selection-control,apps/gestao-vite/src/estilos/globais.css:1163,1,no,,,approved,codex1,
css-css-class-bfd2ffff,css,3,css-class,selecao-controle,selection-control,apps/gestao-vite/src/estilos/globais.css:1172,1,no,,,approved,codex1,
css-css-class-c58f4d4c,css,3,css-class,selecao-controle,selection-control,apps/gestao-vite/src/estilos/globais.css:1192,1,no,,,approved,codex1,
css-css-class-1aa9a8bb,css,3,css-class,selecao-controle,selection-control,apps/gestao-vite/src/estilos/globais.css:1213,1,no,,,approved,codex1,
css-css-class-13066f23,css,3,css-class,selecao-controle,selection-control,apps/gestao-vite/src/estilos/globais.css:1219,1,no,,,approved,codex1,
css-css-class-312c9e80,css,3,css-class,selecao-controle,selection-control,apps/gestao-vite/src/estilos/globais.css:4165,1,no,,,approved,codex1,
css-css-class-251569c2,css,3,css-class,selecao-controle,selection-control,apps/gestao-vite/src/paginas/builder/editor.css:567,1,no,,,approved,codex1,
css-css-class-cb3d7fb9,css,3,css-class,selecao-controle,selection-control,apps/gestao-vite/src/paginas/builder/painel-bloco.css:245,1,no,,,approved,codex1,
css-css-class-9cc25e1d,css,3,css-class,selecao-controle,selection-control,apps/gestao-vite/src/paginas/builder/painel-bloco.css:253,1,no,,,approved,codex1,
css-css-class-d59552ed,css,3,css-class,selecao-lista,selection-list,apps/gestao-vite/src/estilos/globais.css:1184,1,no,,,approved,codex1,
css-css-class-6c583cfb,css,3,css-class,selecao-lista,selection-list,apps/gestao-vite/src/estilos/globais.css:1228,1,no,,,approved,codex1,
css-css-class-728d4df0,css,3,css-class,selecao-lista,selection-list,apps/gestao-vite/src/estilos/globais.css:1244,1,no,,,approved,codex1,
css-css-class-8931db41,css,3,css-class,selecao-lista,selection-list,apps/gestao-vite/src/estilos/globais.css:1263,1,no,,,approved,codex1,
css-css-class-4fea3bed,css,3,css-class,selecao-lista,selection-list,apps/gestao-vite/src/estilos/globais.css:1264,1,no,,,approved,codex1,
css-css-class-55d4eaa8,css,3,css-class,selecao-lista,selection-list,apps/gestao-vite/src/estilos/globais.css:1265,1,no,,,approved,codex1,
css-css-class-20296e3e,css,3,css-class,selecao-lista,selection-list,apps/gestao-vite/src/paginas/builder/editor.css:568,1,no,,,approved,codex1,
css-css-class-a11705dd,css,3,css-class,selecao-lista,selection-list,apps/gestao-vite/src/paginas/builder/editor.css:573,1,no,,,approved,codex1,
css-css-class-2cfe5b92,css,3,css-class,selecao-lista,selection-list,apps/gestao-vite/src/paginas/builder/editor.css:576,1,no,,,approved,codex1,
css-css-class-27300660,css,3,css-class,selecao-lista,selection-list,apps/gestao-vite/src/paginas/builder/editor.css:577,1,no,,,approved,codex1,
css-css-class-fc6c75ce,css,3,css-class,selecao-lista,selection-list,apps/gestao-vite/src/paginas/builder/editor.css:578,1,no,,,approved,codex1,
css-css-class-d93b748f,css,3,css-class,selecao-lista,selection-list,apps/gestao-vite/src/paginas/builder/painel-bloco.css:246,1,no,,,approved,codex1,
css-css-class-0367f9ef,css,3,css-class,selecao-lista,selection-list,apps/gestao-vite/src/paginas/builder/painel-bloco.css:257,1,no,,,approved,codex1,
css-css-class-e24e9707,css,3,css-class,selecao-placeholder,selection-placeholder,apps/gestao-vite/src/estilos/globais.css:1224,1,no,,,approved,codex1,
css-css-class-f5408156,css,3,css-class,selecao,selection,apps/gestao-vite/src/estilos/globais.css:1155,34,no,,,approved,codex1,
css-css-class-3ea3b7ac,css,3,css-class,selecao,selection,apps/gestao-vite/src/estilos/globais.css:1166,34,no,,,approved,codex1,
css-css-class-7a12d2f1,css,3,css-class,selecao,selection,apps/gestao-vite/src/estilos/globais.css:4160,34,no,,,approved,codex1,
css-css-class-eec0e82c,css,3,css-class,selecao,selection,apps/gestao-vite/src/paginas/builder/editor.css:670,34,no,,,approved,codex1,
css-css-class-13c9b891,css,3,css-class,selecao,selection,apps/gestao-vite/src/paginas/builder/editor.css:671,34,no,,,approved,codex1,
css-css-class-4806a690,css,3,css-class,selecao,selection,apps/gestao-vite/src/paginas/fluxo/equipe/equipe.css:545,34,no,,,approved,codex1,
css-css-class-c7da9f09,css,3,css-class,sv-acoes,sv-actions,apps/gestao-vite/src/paginas/fluxo/servicos/servicos.css:721,1,no,,,approved,codex1,
css-css-class-909d4fba,css,3,css-class,sv-acoes,sv-actions,apps/gestao-vite/src/paginas/fluxo/servicos/servicos.css:804,1,no,,,approved,codex1,
css-css-class-83fc2ad3,css,3,css-class,sv-busca-vazia,sv-search-empty,apps/gestao-vite/src/paginas/fluxo/servicos/servicos.css:756,1,no,,,approved,codex1,
css-css-class-fd155cec,css,3,css-class,sv-busca,sv-search,apps/gestao-vite/src/paginas/fluxo/servicos/servicos.css:500,1,no,,,approved,codex1,
css-css-class-b1ab95ea,css,3,css-class,sv-busca,sv-search,apps/gestao-vite/src/paginas/fluxo/servicos/servicos.css:521,1,no,,,approved,codex1,
css-css-class-495d93c3,css,3,css-class,sv-busca,sv-search,apps/gestao-vite/src/paginas/fluxo/servicos/servicos.css:528,1,no,,,approved,codex1,
css-css-class-9eca407a,css,3,css-class,sv-busca,sv-search,apps/gestao-vite/src/paginas/fluxo/servicos/servicos.css:533,1,no,,,approved,codex1,
css-css-class-9bb2d330,css,3,css-class,sv-busca,sv-search,apps/gestao-vite/src/paginas/fluxo/servicos/servicos.css:617,1,no,,,approved,codex1,
css-css-class-0bca13dc,css,3,css-class,sv-campo-expiracao,sv-field-expiration,apps/gestao-vite/src/paginas/fluxo/servicos/servicos.css:492,1,no,,,approved,codex1,
css-css-class-a35e3a79,css,3,css-class,sv-cartao-acoes,sv-card-actions,apps/gestao-vite/src/paginas/fluxo/servicos/servicos.css:231,1,no,,,approved,codex1,
css-css-class-bb5d2e7a,css,3,css-class,sv-cartao-acoes,sv-card-actions,apps/gestao-vite/src/paginas/fluxo/servicos/servicos.css:243,1,no,,,approved,codex1,
css-css-class-71d4eee5,css,3,css-class,sv-cartao-acoes,sv-card-actions,apps/gestao-vite/src/paginas/fluxo/servicos/servicos.css:278,1,no,,,approved,codex1,
css-css-class-555c44f2,css,3,css-class,sv-cartao-acoes,sv-card-actions,apps/gestao-vite/src/paginas/fluxo/servicos/servicos.css:282,1,no,,,approved,codex1,
css-css-class-73f3fa34,css,3,css-class,sv-cartao-acoes,sv-card-actions,apps/gestao-vite/src/paginas/fluxo/servicos/servicos.css:287,1,no,,,approved,codex1,
css-css-class-237b7f95,css,3,css-class,sv-cartao-acoes,sv-card-actions,apps/gestao-vite/src/paginas/fluxo/servicos/servicos.css:291,1,no,,,approved,codex1,
css-css-class-d48d1f38,css,3,css-class,sv-cartao-acoes,sv-card-actions,apps/gestao-vite/src/paginas/fluxo/servicos/servicos.css:295,1,no,,,approved,codex1,
css-css-class-28586cbd,css,3,css-class,sv-cartao-acoes,sv-card-actions,apps/gestao-vite/src/paginas/fluxo/servicos/servicos.css:784,1,no,,,approved,codex1,
css-css-class-be70e812,css,3,css-class,sv-cartao-corpo,sv-card-body,apps/gestao-vite/src/paginas/fluxo/servicos/servicos.css:136,1,no,,,approved,codex1,
css-css-class-4d7cdaf7,css,3,css-class,sv-cartao-corpo,sv-card-body,apps/gestao-vite/src/paginas/fluxo/servicos/servicos.css:779,1,no,,,approved,codex1,
css-css-class-65089049,css,3,css-class,sv-cartao,sv-card,apps/gestao-vite/src/paginas/fluxo/servicos/servicos.css:116,1,no,,,approved,codex1,
css-css-class-3af95f9c,css,3,css-class,sv-cartao,sv-card,apps/gestao-vite/src/paginas/fluxo/servicos/servicos.css:142,1,no,,,approved,codex1,
css-css-class-b6c6facd,css,3,css-class,sv-cartao,sv-card,apps/gestao-vite/src/paginas/fluxo/servicos/servicos.css:156,1,no,,,approved,codex1,
css-css-class-a7eb147a,css,3,css-class,sv-cartao,sv-card,apps/gestao-vite/src/paginas/fluxo/servicos/servicos.css:243,1,no,,,approved,codex1,
css-css-class-6ddf29f7,css,3,css-class,sv-cartao,sv-card,apps/gestao-vite/src/paginas/fluxo/servicos/servicos.css:278,1,no,,,approved,codex1,
css-css-class-b50d3856,css,3,css-class,sv-cartao,sv-card,apps/gestao-vite/src/paginas/fluxo/servicos/servicos.css:282,1,no,,,approved,codex1,
css-css-class-927219dd,css,3,css-class,sv-cartao,sv-card,apps/gestao-vite/src/paginas/fluxo/servicos/servicos.css:287,1,no,,,approved,codex1,
css-css-class-5d923e0b,css,3,css-class,sv-cartao,sv-card,apps/gestao-vite/src/paginas/fluxo/servicos/servicos.css:771,1,no,,,approved,codex1,
css-css-class-17762ca1,css,3,css-class,sv-cartao,sv-card,apps/gestao-vite/src/paginas/fluxo/servicos/servicos.css:775,1,no,,,approved,codex1,
css-css-class-36b3b1e2,css,3,css-class,sv-erro,sv-error,apps/gestao-vite/src/paginas/fluxo/servicos/servicos.css:747,1,no,,,approved,codex1,
css-css-class-d663e8e8,css,3,css-class,tbl-busca,tbl-search,apps/gestao-vite/src/estilos/globais.css:1816,1,no,,,approved,codex1,
css-css-class-5f559a14,css,3,css-class,tbl-busca,tbl-search,apps/gestao-vite/src/estilos/globais.css:1834,1,no,,,approved,codex1,
css-css-class-ea42ee61,css,3,css-class,tbl-busca,tbl-search,apps/gestao-vite/src/estilos/globais.css:1840,1,no,,,approved,codex1,
css-css-class-1bbde78e,css,3,css-class,tbl-busca,tbl-search,apps/gestao-vite/src/estilos/globais.css:3321,1,no,,,approved,codex1,
css-css-class-2d813c1e,css,3,css-class,tbl-busca,tbl-search,apps/gestao-vite/src/paginas/operacao/atendimento.css:1044,1,no,,,approved,codex1,
css-css-class-e37c01cf,css,3,css-class,tbl-busca,tbl-search,apps/gestao-vite/src/paginas/operacao/atendimento.css:1072,1,no,,,approved,codex1,
css-css-class-33237fe0,css,3,css-class,tbl-busca,tbl-search,apps/gestao-vite/src/paginas/operacao/atendimento.css:1076,1,no,,,approved,codex1,
css-css-class-3ae0586b,css,3,css-class,tbl-busca,tbl-search,apps/gestao-vite/src/paginas/operacao/atendimento.css:1083,1,no,,,approved,codex1,
css-css-class-f0901878,css,3,css-class,tbl-busca,tbl-search,apps/gestao-vite/src/paginas/operacao/atendimento.css:1100,1,no,,,approved,codex1,
css-css-class-ec2c240d,css,3,css-class,tbl-busca,tbl-search,apps/gestao-vite/src/paginas/operacao/atendimento.css:1127,1,no,,,approved,codex1,
css-css-class-37f4bbec,css,3,css-class,tbl-busca,tbl-search,apps/gestao-vite/src/paginas/operacao/atendimento.css:1133,1,no,,,approved,codex1,
css-css-class-f123c788,css,3,css-class,tbl-busca,tbl-search,apps/gestao-vite/src/paginas/operacao/atendimento.css:1134,1,no,,,approved,codex1,
css-css-class-7e5fdaaa,css,3,css-class,tbl-busca,tbl-search,apps/gestao-vite/src/paginas/operacao/atendimento.css:1135,1,no,,,approved,codex1,
css-css-class-1206470d,css,3,css-class,tbl-busca,tbl-search,apps/gestao-vite/src/paginas/operacao/atendimento.css:1136,1,no,,,approved,codex1,
css-css-class-06aaab93,css,3,css-class,tbl-busca,tbl-search,apps/gestao-vite/src/paginas/operacao/atendimento.css:1141,1,no,,,approved,codex1,
css-css-class-d1eadac6,css,3,css-class,tbl-busca,tbl-search,apps/gestao-vite/src/paginas/operacao/atendimento.css:1633,1,no,,,approved,codex1,
css-css-class-ee0d4c03,css,3,css-class,tempo-sla,time-sla,apps/gestao-vite/src/estilos/globais.css:1773,1,no,,,approved,codex1,
css-css-class-ebce0108,css,3,css-class,tempo-sla,time-sla,apps/gestao-vite/src/estilos/globais.css:1785,1,no,,,approved,codex1,
css-css-class-8806208f,css,3,css-class,tempo-sla,time-sla,apps/gestao-vite/src/paginas/operacao/atendimento.css:1430,1,no,,,approved,codex1,
css-css-class-7e8532fd,css,3,css-class,tempo,time,apps/crm/src/app/globais.css:1392,280,no,,,approved,codex1,
css-css-class-edfa7309,css,3,css-class,tempo,time,apps/crm/src/app/globais.css:1396,280,no,,,approved,codex1,
css-css-class-9e154d77,css,3,css-class,tempo,time,apps/crm/src/app/globais.css:1401,280,no,,,approved,codex1,
css-css-class-8ea73fa7,css,3,css-class,tempo,time,apps/crm/src/app/globais.css:1411,280,no,,,approved,codex1,
css-css-class-61aa5f6f,css,3,css-class,tempo,time,apps/crm/src/app/globais.css:1418,280,no,,,approved,codex1,
css-css-class-a9da75a8,css,3,css-class,tempo,time,apps/crm/src/app/globais.css:1424,280,no,,,approved,codex1,
css-css-class-e1d4c181,css,3,css-class,tempo,time,apps/crm/src/app/globais.css:1429,280,no,,,approved,codex1,
css-css-class-fe6d471b,css,3,css-class,tempo,time,apps/crm/src/app/globais.css:1437,280,no,,,approved,codex1,
css-css-class-5bb008e2,css,3,css-class,tempo,time,apps/crm/src/app/globais.css:1452,280,no,,,approved,codex1,
css-css-class-23f3fbbf,css,3,css-class,tempo,time,apps/crm/src/app/globais.css:1460,280,no,,,approved,codex1,
css-css-class-7a1cdbee,css,3,css-class,tempo,time,apps/crm/src/app/globais.css:1466,280,no,,,approved,codex1,
css-css-class-13dbaae6,css,3,css-class,tempo,time,apps/crm/src/app/globais.css:1474,280,no,,,approved,codex1,
css-css-class-f8b76117,css,3,css-class,tempo,time,apps/crm/src/app/globais.css:1480,280,no,,,approved,codex1,
css-css-class-dc18d285,css,3,css-class,tempo,time,apps/crm/src/app/globais.css:1488,280,no,,,approved,codex1,
css-css-class-2a25cb87,css,3,css-class,tempo,time,apps/crm/src/app/globais.css:1497,280,no,,,approved,codex1,
css-css-class-bb552097,css,3,css-class,termo-de-responsabilidade,term-of-responsibility,apps/gestao-vite/src/estilos/globais.css:4852,2,no,,,approved,codex1,
css-css-class-23fc22db,css,3,css-class,termo-de-responsabilidade,term-of-responsibility,apps/gestao-vite/src/estilos/globais.css:4863,2,no,,,approved,codex1,
css-css-class-d9e774bb,css,3,css-class,transacao,transaction,apps/site/ferramentas/calculadora-de-taxas-do-ifood/index.html:618,3,no,,,approved,codex1,
css-css-class-08680b47,css,3,css-class,trilho,rail,packages/ui/src/estilos/base.css:748,39,no,,,approved,codex1,
css-css-class-96c17149,css,3,css-class,trilho,rail,packages/ui/src/estilos/base.css:756,39,no,,,approved,codex1,
css-css-class-f127e7da,css,3,css-class,valor,value,apps/crm/src/app/globais.css:638,1656,no,,,approved,codex1,
css-css-class-4ead98a1,css,3,css-class,valor,value,apps/crm/src/app/globais.css:646,1656,no,,,approved,codex1,
css-css-class-c8ef4122,css,3,css-class,valor,value,apps/gestao-vite/src/paginas/operacao/atendimento.css:239,1656,no,,,approved,codex1,
css-css-class-99114966,css,3,css-class,vazio-linha,empty-line,apps/gestao-vite/src/estilos/globais.css:1612,5,no,,,approved,codex1,
css-css-class-f07276d8,css,3,css-class,vazio-linha,empty-line,apps/gestao-vite/src/estilos/globais.css:1614,5,no,,,approved,codex1,
css-css-class-97073651,css,3,css-class,vazio-linha,empty-line,apps/gestao-vite/src/estilos/globais.css:1725,5,no,,,approved,codex1,
css-css-class-4d67091d,css,3,css-class,vazio-linha,empty-line,apps/gestao-vite/src/paginas/operacao/atendimento.css:1534,5,no,,,approved,codex1,
css-css-class-da3c4b54,css,3,css-class,vazio,empty,apps/crm/src/app/globais.css:5,290,no,,,approved,codex1,
css-css-class-71bbf6b2,css,3,css-class,vazio,empty,apps/crm/src/app/globais.css:763,290,no,,,approved,codex1,
css-css-class-55003d5d,css,3,css-class,vazio,empty,apps/gestao-vite/src/estilos/globais.css:1697,290,no,,,approved,codex1,
css-css-class-d376befe,css,3,css-class,vazio,empty,apps/gestao-vite/src/estilos/globais.css:1712,290,no,,,approved,codex1,
css-css-class-b1c7b82a,css,3,css-class,vazio,empty,apps/gestao-vite/src/estilos/globais.css:1713,290,no,,,approved,codex1,
css-css-class-92ff3f78,css,3,css-class,vazio,empty,apps/gestao-vite/src/estilos/globais.css:1740,290,no,,,approved,codex1,
css-css-class-7cd92f20,css,3,css-class,vazio,empty,apps/gestao-vite/src/estilos/globais.css:1741,290,no,,,approved,codex1,
css-css-class-777cf198,css,3,css-class,vazio,empty,apps/gestao-vite/src/estilos/globais.css:1748,290,no,,,approved,codex1,
css-css-class-dab72999,css,3,css-class,vazio,empty,apps/gestao-vite/src/estilos/globais.css:2024,290,no,,,approved,codex1,
css-css-class-11a5c97b,css,3,css-class,vazio,empty,apps/gestao-vite/src/estilos/globais.css:5,290,no,,,approved,codex1,
css-css-class-3f26abb7,css,3,css-class,vazio,empty,apps/gestao-vite/src/estilos/globais.css:992,290,no,,,approved,codex1,
css-css-class-d8637fb3,css,3,css-class,vazio,empty,apps/gestao-vite/src/paginas/operacao/atendimento.css:307,290,no,,,approved,codex1,
css-css-class-c49221eb,css,3,css-class,vazio,empty,apps/gestao-vite/src/paginas/operacao/atendimento.css:319,290,no,,,approved,codex1,
css-css-class-951282d4,css,3,css-class,vazio,empty,apps/gestao-vite/src/paginas/operacao/atendimento.css:321,290,no,,,approved,codex1,
css-css-class-f1e2c5aa,css,3,css-class,vazio,empty,apps/gestao-vite/src/paginas/operacao/atendimento.css:343,290,no,,,approved,codex1,
css-css-class-8424753c,css,3,css-class,vazio,empty,apps/gestao-vite/src/paginas/operacao/atendimento.css:345,290,no,,,approved,codex1,
css-css-class-59f5db45,css,3,css-class,vazio,empty,apps/gestao-vite/src/paginas/operacao/atendimento.css:361,290,no,,,approved,codex1,
css-css-class-f8bb7be4,css,3,css-class,vazio,empty,apps/gestao-vite/src/paginas/operacao/atendimento.css:363,290,no,,,approved,codex1,
css-css-class-20e7383b,css,3,css-class,vazio,empty,packages/ui/src/estilos/base.css:704,290,no,,,approved,codex1,
css-css-class-cba5a7b1,css,3,css-class,vazio,empty,packages/ui/src/estilos/base.css:715,290,no,,,approved,codex1,
css-css-class-5e474883,css,3,css-class,vg-ajuda-imagem,vg-help-image,apps/gestao-vite/src/paginas/fluxo/analise/visao-geral/visao-geral.css:282,1,no,,,approved,codex1,
css-css-class-fb7aca0d,css,3,css-class,vg-cartao--mensagens,vg-card--messages,apps/gestao-vite/src/paginas/fluxo/analise/visao-geral/visao-geral.css:98,1,no,,,approved,codex1,
css-css-class-eff4a127,css,3,css-class,vg-cartao--usuarios,vg-card--users,apps/gestao-vite/src/paginas/fluxo/analise/visao-geral/visao-geral.css:94,1,no,,,approved,codex1,
css-css-class-4029d84f,css,3,css-class,vg-cartao-cabeca,vg-card-header,apps/gestao-vite/src/paginas/fluxo/analise/visao-geral/visao-geral.css:102,2,no,,,approved,codex1,
css-css-class-6643bfe6,css,3,css-class,vg-cartao-descricao,vg-card-description,apps/gestao-vite/src/paginas/fluxo/analise/visao-geral/visao-geral.css:114,2,no,,,approved,codex1,
css-css-class-c5596ae5,css,3,css-class,vg-cartao-titulo,vg-card-title,apps/gestao-vite/src/paginas/fluxo/analise/visao-geral/visao-geral.css:109,3,no,,,approved,codex1,
css-css-class-3b1b5f34,css,3,css-class,vg-cartao,vg-card,apps/gestao-vite/src/paginas/fluxo/analise/visao-geral/visao-geral.css:81,2,no,,,approved,codex1,
css-css-class-f039786d,css,3,css-class,vg-cartoes,vg-cards,apps/gestao-vite/src/paginas/fluxo/analise/visao-geral/visao-geral.css:71,1,no,,,approved,codex1,
css-css-class-a799ab1c,css,3,css-class,vg-contador-valor,vg-counter-value,apps/gestao-vite/src/paginas/fluxo/analise/visao-geral/visao-geral.css:154,1,no,,,approved,codex1,
css-css-class-43ed4a97,css,3,css-class,vg-filtro-periodo,vg-filter-period,apps/gestao-vite/src/paginas/fluxo/analise/visao-geral/visao-geral.css:62,1,no,,,approved,codex1,
css-css-class-5be68426,css,3,css-class,vg-filtros,vg-filters,apps/gestao-vite/src/paginas/fluxo/analise/visao-geral/visao-geral.css:53,1,no,,,approved,codex1,
css-css-class-3a87e8d4,css,3,css-class,vg-grafico-cartao,vg-chart-card,apps/gestao-vite/src/paginas/fluxo/analise/visao-geral/visao-geral.css:175,3,no,,,approved,codex1,
css-css-class-4e2d3141,css,3,css-class,vg-grafico-vazio,vg-chart-empty,apps/gestao-vite/src/paginas/fluxo/analise/visao-geral/visao-geral.css:202,1,no,,,approved,codex1,
css-css-class-f019b00b,css,3,css-class,vg-painel,vg-panel,apps/gestao-vite/src/paginas/fluxo/analise/visao-geral/visao-geral.css:47,1,no,,,approved,codex1,"glossary-exception:painel-application (CSS panel component, not the module/route sense)"
css-css-class-919a1c8a,css,3,css-class,visoes,views,apps/crm/src/app/globais.css:976,6,no,,,approved,codex1,
css-css-class-7713e2d9,css,3,css-class,visoes,views,apps/crm/src/app/globais.css:982,6,no,,,approved,codex1,
css-css-var-a1ba4f5f,css,3,css-var,--anexo-inativo,--attachment-inactive,apps/gestao-vite/src/paginas/fluxo/conteudos/conteudos.css:891,0,no,,,approved,codex1,
css-css-var-7aaab34e,css,3,css-var,--anexo,--attachment,apps/gestao-vite/src/paginas/fluxo/conteudos/conteudos.css:1018,0,no,,,approved,codex1,
css-css-var-0cc23a24,css,3,css-var,--anexo,--attachment,apps/gestao-vite/src/paginas/fluxo/conteudos/conteudos.css:885,0,no,,,approved,codex1,
css-css-var-baeeec30,css,3,css-var,--anexo,--attachment,apps/gestao-vite/src/paginas/fluxo/conteudos/conteudos.css:894,0,no,,,approved,codex1,
css-css-var-7d4cb71f,css,3,css-var,--atendimento,--attendance,apps/gestao-vite/src/paginas/builder.css:340,0,no,,,approved,codex1,
css-css-var-7ae1a269,css,3,css-var,--atendimento,--attendance,apps/gestao-vite/src/paginas/builder/editor.css:90,0,no,,,approved,codex1,
css-css-var-f7206819,css,3,css-var,--atendimento,--attendance,apps/gestao-vite/src/paginas/builder/painel-bloco.css:566,0,no,,,approved,codex1,
css-css-var-1e95d0c3,css,3,css-var,--ativa,--active,apps/gestao-vite/src/paginas/contrato/contrato.css:1066,0,no,,,approved,codex1,
css-css-var-3c323e38,css,3,css-var,--ativa,--active,apps/gestao-vite/src/paginas/contrato/contrato.css:1530,0,no,,,approved,codex1,
css-css-var-9c001b88,css,3,css-var,--ativa,--active,apps/gestao-vite/src/paginas/fluxo/analise/analise.css:128,0,no,,,approved,codex1,
css-css-var-7b042bc9,css,3,css-var,--ativa,--active,apps/gestao-vite/src/paginas/fluxo/analise/analise.css:144,0,no,,,approved,codex1,
css-css-var-7a631597,css,3,css-var,--ativa,--active,apps/gestao-vite/src/paginas/fluxo/analise/analise.css:161,0,no,,,approved,codex1,
css-css-var-fb2c6dd0,css,3,css-var,--ativa,--active,apps/gestao-vite/src/paginas/fluxo/equipe/equipe.css:364,0,no,,,approved,codex1,
css-css-var-c121b814,css,3,css-var,--automacao,--automation,apps/site/assets/site.css:1452,0,no,,,approved,codex1,
css-css-var-08293b28,css,3,css-var,--automacao,--automation,apps/site/blog/frases-prontas-para-atendimento-no-whatsapp/index.html:873,0,no,,,approved,codex1,
css-css-var-cc7c520e,css,3,css-var,--automacao,--automation,apps/site/blog/index.html:246,0,no,,,approved,codex1,
css-css-var-9f5c0907,css,3,css-var,--automacao,--automation,apps/site/blog/lista-de-transmissao-no-whatsapp/index.html:605,0,no,,,approved,codex1,
css-css-var-228a321b,css,3,css-var,--automacao,--automation,apps/site/blog/mensagem-automatica-e-de-ausencia-no-whatsapp/index.html:158,0,no,,,approved,codex1,
css-css-var-e5602d45,css,3,css-var,--automacao,--automation,apps/site/blog/numero-de-whatsapp-banido/index.html:562,0,no,,,approved,codex1,
css-css-var-fcff8bb4,css,3,css-var,--automacao,--automation,apps/site/index.html:1010,0,no,,,approved,codex1,
css-css-var-b12c845f,css,3,css-var,--bloco,--block,apps/gestao-vite/src/paginas/builder/painel-bloco.css:127,0,no,,,approved,codex1,
css-css-var-b2811480,css,3,css-var,--bloco,--block,apps/gestao-vite/src/paginas/builder/painel-bloco.css:130,0,no,,,approved,codex1,
css-css-var-c9cde297,css,3,css-var,--bloco,--block,apps/gestao-vite/src/paginas/builder/painel-bloco.css:133,0,no,,,approved,codex1,
css-css-var-3ca0e0de,css,3,css-var,--bloco,--block,apps/gestao-vite/src/paginas/builder/painel-bloco.css:139,0,no,,,approved,codex1,
css-css-var-df77c9eb,css,3,css-var,--bloco,--block,apps/gestao-vite/src/paginas/builder/painel-bloco.css:142,0,no,,,approved,codex1,
css-css-var-4bd0a552,css,3,css-var,--bloco,--block,apps/gestao-vite/src/paginas/builder/painel-bloco.css:145,0,no,,,approved,codex1,
css-css-var-69093724,css,3,css-var,--bloco,--block,apps/gestao-vite/src/paginas/builder/painel-bloco.css:148,0,no,,,approved,codex1,
css-css-var-f813a40e,css,3,css-var,--bloco,--block,apps/gestao-vite/src/paginas/builder/painel-bloco.css:151,0,no,,,approved,codex1,
css-css-var-de8c84d9,css,3,css-var,--bloco,--block,apps/gestao-vite/src/paginas/builder/painel-bloco.css:159,0,no,,,approved,codex1,
css-css-var-618e4baf,css,3,css-var,--bloco,--block,apps/gestao-vite/src/paginas/builder/painel-bloco.css:165,0,no,,,approved,codex1,
css-css-var-1fa34baa,css,3,css-var,--bloco,--block,apps/gestao-vite/src/paginas/builder/painel-bloco.css:169,0,no,,,approved,codex1,
css-css-var-57606360,css,3,css-var,--bloco,--block,apps/gestao-vite/src/paginas/builder/painel-bloco.css:174,0,no,,,approved,codex1,
css-css-var-a6b5b145,css,3,css-var,--bloco,--block,apps/gestao-vite/src/paginas/builder/painel-bloco.css:177,0,no,,,approved,codex1,
css-css-var-9909553e,css,3,css-var,--bloco,--block,apps/gestao-vite/src/paginas/builder/painel-bloco.css:180,0,no,,,approved,codex1,
css-css-var-3696fd67,css,3,css-var,--bloco,--block,apps/gestao-vite/src/paginas/builder/painel-bloco.css:181,0,no,,,approved,codex1,
css-css-var-f58b2c20,css,3,css-var,--bloco,--block,apps/gestao-vite/src/paginas/builder/painel-bloco.css:182,0,no,,,approved,codex1,
css-css-var-5d4c2d76,css,3,css-var,--bloco,--block,apps/gestao-vite/src/paginas/builder/painel-bloco.css:185,0,no,,,approved,codex1,
css-css-var-b2b63a87,css,3,css-var,--bloco,--block,apps/gestao-vite/src/paginas/builder/painel-bloco.css:215,0,no,,,approved,codex1,
css-css-var-9b85d89a,css,3,css-var,--bloco,--block,apps/gestao-vite/src/paginas/builder/painel-bloco.css:219,0,no,,,approved,codex1,
css-css-var-e5586673,css,3,css-var,--bloco,--block,apps/gestao-vite/src/paginas/builder/painel-bloco.css:231,0,no,,,approved,codex1,
css-css-var-a3d91a04,css,3,css-var,--bloco,--block,apps/gestao-vite/src/paginas/builder/painel-bloco.css:234,0,no,,,approved,codex1,
css-css-var-6de0baed,css,3,css-var,--bloco,--block,apps/gestao-vite/src/paginas/builder/painel-bloco.css:238,0,no,,,approved,codex1,
css-css-var-3c243431,css,3,css-var,--bloco,--block,apps/gestao-vite/src/paginas/builder/painel-bloco.css:239,0,no,,,approved,codex1,
css-css-var-8e069673,css,3,css-var,--bloco,--block,apps/gestao-vite/src/paginas/builder/painel-bloco.css:240,0,no,,,approved,codex1,
css-css-var-9fedbfb1,css,3,css-var,--bloco,--block,apps/gestao-vite/src/paginas/builder/painel-bloco.css:244,0,no,,,approved,codex1,
css-css-var-367726ac,css,3,css-var,--bloco,--block,apps/gestao-vite/src/paginas/builder/painel-bloco.css:245,0,no,,,approved,codex1,
css-css-var-09bdc392,css,3,css-var,--bloco,--block,apps/gestao-vite/src/paginas/builder/painel-bloco.css:246,0,no,,,approved,codex1,
css-css-var-7bd11886,css,3,css-var,--bloco,--block,apps/gestao-vite/src/paginas/builder/painel-bloco.css:252,0,no,,,approved,codex1,
css-css-var-a5ebe558,css,3,css-var,--bloco,--block,apps/gestao-vite/src/paginas/builder/painel-bloco.css:253,0,no,,,approved,codex1,
css-css-var-e045173b,css,3,css-var,--bloco,--block,apps/gestao-vite/src/paginas/builder/painel-bloco.css:257,0,no,,,approved,codex1,
css-css-var-eb88edd9,css,3,css-var,--bloco,--block,apps/gestao-vite/src/paginas/builder/painel-bloco.css:260,0,no,,,approved,codex1,
css-css-var-ca3ec010,css,3,css-var,--bloco,--block,apps/gestao-vite/src/paginas/builder/painel-bloco.css:356,0,no,,,approved,codex1,
css-css-var-83a641a9,css,3,css-var,--bloco,--block,apps/gestao-vite/src/paginas/builder/painel-bloco.css:36,0,no,,,approved,codex1,
css-css-var-518ddb78,css,3,css-var,--bloco,--block,apps/gestao-vite/src/paginas/builder/painel-bloco.css:363,0,no,,,approved,codex1,
css-css-var-7683b575,css,3,css-var,--bloco,--block,apps/gestao-vite/src/paginas/builder/painel-bloco.css:37,0,no,,,approved,codex1,
css-css-var-6267f97c,css,3,css-var,--bloco,--block,apps/gestao-vite/src/paginas/builder/painel-bloco.css:38,0,no,,,approved,codex1,
css-css-var-9bb8f4a5,css,3,css-var,--bloco,--block,apps/gestao-vite/src/paginas/builder/painel-bloco.css:381,0,no,,,approved,codex1,
css-css-var-ee2b740f,css,3,css-var,--bloco,--block,apps/gestao-vite/src/paginas/builder/painel-bloco.css:391,0,no,,,approved,codex1,
css-css-var-03cc5fad,css,3,css-var,--bloco,--block,apps/gestao-vite/src/paginas/builder/painel-bloco.css:398,0,no,,,approved,codex1,
css-css-var-6bbe1799,css,3,css-var,--bloco,--block,apps/gestao-vite/src/paginas/builder/painel-bloco.css:41,0,no,,,approved,codex1,
css-css-var-5bdf2589,css,3,css-var,--bloco,--block,apps/gestao-vite/src/paginas/builder/painel-bloco.css:427,0,no,,,approved,codex1,
css-css-var-d6b08175,css,3,css-var,--bloco,--block,apps/gestao-vite/src/paginas/builder/painel-bloco.css:434,0,no,,,approved,codex1,
css-css-var-ac14e0a4,css,3,css-var,--bloco,--block,apps/gestao-vite/src/paginas/builder/painel-bloco.css:449,0,no,,,approved,codex1,
css-css-var-323bff08,css,3,css-var,--bloco,--block,apps/gestao-vite/src/paginas/builder/painel-bloco.css:45,0,no,,,approved,codex1,
css-css-var-4085a4d3,css,3,css-var,--bloco,--block,apps/gestao-vite/src/paginas/builder/painel-bloco.css:450,0,no,,,approved,codex1,
css-css-var-480cd90f,css,3,css-var,--bloco,--block,apps/gestao-vite/src/paginas/builder/painel-bloco.css:466,0,no,,,approved,codex1,
css-css-var-b72a3e6c,css,3,css-var,--bloco,--block,apps/gestao-vite/src/paginas/builder/painel-bloco.css:473,0,no,,,approved,codex1,
css-css-var-1cd6716a,css,3,css-var,--bloco,--block,apps/gestao-vite/src/paginas/builder/painel-bloco.css:477,0,no,,,approved,codex1,
css-css-var-e81692ed,css,3,css-var,--bloco,--block,apps/gestao-vite/src/paginas/builder/painel-bloco.css:502,0,no,,,approved,codex1,
css-css-var-49791a59,css,3,css-var,--bloco,--block,apps/gestao-vite/src/paginas/builder/painel-bloco.css:508,0,no,,,approved,codex1,
css-css-var-2d5f19f3,css,3,css-var,--bloco,--block,apps/gestao-vite/src/paginas/builder/painel-bloco.css:516,0,no,,,approved,codex1,
css-css-var-0abfb392,css,3,css-var,--bloco,--block,apps/gestao-vite/src/paginas/builder/painel-bloco.css:531,0,no,,,approved,codex1,
css-css-var-62cde41d,css,3,css-var,--bloco,--block,apps/gestao-vite/src/paginas/builder/painel-bloco.css:536,0,no,,,approved,codex1,
css-css-var-eb4715b4,css,3,css-var,--bloco,--block,apps/gestao-vite/src/paginas/builder/painel-bloco.css:540,0,no,,,approved,codex1,
css-css-var-d823ae60,css,3,css-var,--bloco,--block,apps/gestao-vite/src/paginas/builder/painel-bloco.css:546,0,no,,,approved,codex1,
css-css-var-581a1482,css,3,css-var,--bloco,--block,apps/gestao-vite/src/paginas/builder/painel-bloco.css:552,0,no,,,approved,codex1,
css-css-var-79225932,css,3,css-var,--bloco,--block,apps/gestao-vite/src/paginas/builder/painel-bloco.css:556,0,no,,,approved,codex1,
css-css-var-3c0892b9,css,3,css-var,--bloco,--block,apps/gestao-vite/src/paginas/builder/painel-bloco.css:56,0,no,,,approved,codex1,
css-css-var-b6de2e2f,css,3,css-var,--bloco,--block,apps/gestao-vite/src/paginas/builder/painel-bloco.css:563,0,no,,,approved,codex1,
css-css-var-9ac07ee6,css,3,css-var,--bloco,--block,apps/gestao-vite/src/paginas/builder/painel-bloco.css:566,0,no,,,approved,codex1,
css-css-var-feb91926,css,3,css-var,--bloco,--block,apps/gestao-vite/src/paginas/builder/painel-bloco.css:572,0,no,,,approved,codex1,
css-css-var-85084e31,css,3,css-var,--bloco,--block,apps/gestao-vite/src/paginas/builder/painel-bloco.css:576,0,no,,,approved,codex1,
css-css-var-a59cc4e4,css,3,css-var,--bloco,--block,apps/gestao-vite/src/paginas/builder/painel-bloco.css:579,0,no,,,approved,codex1,
css-css-var-d5eaaf43,css,3,css-var,--bloco,--block,apps/gestao-vite/src/paginas/builder/painel-bloco.css:580,0,no,,,approved,codex1,
css-css-var-797a90e1,css,3,css-var,--bloco,--block,apps/gestao-vite/src/paginas/builder/painel-bloco.css:583,0,no,,,approved,codex1,
css-css-var-ea02bfec,css,3,css-var,--bloco,--block,apps/gestao-vite/src/paginas/builder/painel-bloco.css:589,0,no,,,approved,codex1,
css-css-var-6e4850d3,css,3,css-var,--bloco,--block,apps/gestao-vite/src/paginas/builder/painel-bloco.css:59,0,no,,,approved,codex1,
css-css-var-9b8dfd93,css,3,css-var,--bloco,--block,apps/gestao-vite/src/paginas/builder/painel-bloco.css:595,0,no,,,approved,codex1,
css-css-var-585fec97,css,3,css-var,--bloco,--block,apps/gestao-vite/src/paginas/builder/painel-bloco.css:600,0,no,,,approved,codex1,
css-css-var-504c7329,css,3,css-var,--bloco,--block,apps/gestao-vite/src/paginas/builder/painel-bloco.css:604,0,no,,,approved,codex1,
css-css-var-5086dc73,css,3,css-var,--bloco,--block,apps/gestao-vite/src/paginas/builder/painel-bloco.css:610,0,no,,,approved,codex1,
css-css-var-7c608f3b,css,3,css-var,--bloco,--block,apps/gestao-vite/src/paginas/builder/painel-bloco.css:614,0,no,,,approved,codex1,
css-css-var-5972d06e,css,3,css-var,--bloco,--block,apps/gestao-vite/src/paginas/builder/painel-bloco.css:623,0,no,,,approved,codex1,
css-css-var-c94e3eb6,css,3,css-var,--bloco,--block,apps/gestao-vite/src/paginas/builder/painel-bloco.css:628,0,no,,,approved,codex1,
css-css-var-bb96be5d,css,3,css-var,--bloco,--block,apps/gestao-vite/src/paginas/builder/painel-bloco.css:72,0,no,,,approved,codex1,
css-css-var-0c7dd24b,css,3,css-var,--bloco,--block,apps/gestao-vite/src/paginas/builder/painel-bloco.css:76,0,no,,,approved,codex1,
css-css-var-264a0d29,css,3,css-var,--bloco,--block,apps/gestao-vite/src/paginas/builder/painel-bloco.css:80,0,no,,,approved,codex1,
css-css-var-65863ca4,css,3,css-var,--bloco,--block,apps/gestao-vite/src/paginas/builder/painel-bloco.css:88,0,no,,,approved,codex1,
css-css-var-cf6eeb32,css,3,css-var,--bloco,--block,apps/gestao-vite/src/paginas/builder/painel-bloco.css:9,0,no,,,approved,codex1,
css-css-var-74b7a44d,css,3,css-var,--bloco,--block,apps/gestao-vite/src/paginas/builder/painel-bloco.css:95,0,no,,,approved,codex1,
css-css-var-5a4e910c,css,3,css-var,--bv-papel,--bv-paper,apps/gestao-vite/src/paginas/bem-vindo/boas-vindas.css:35,1,no,,,approved,codex1,"glossary-exception:papel-role (CSS ""paper"" surface component, not the permission-role sense)"
css-css-var-2d299dc5,css,3,css-var,--cadastro,--registration,apps/gestao-vite/src/paginas/contrato/certificados/certificados.css:410,0,no,,,approved,codex1,
css-css-var-bf80d48c,css,3,css-var,--chave,--key,apps/gestao-vite/src/paginas/fluxo/configuracoes/configuracoes.css:796,0,no,,,approved,codex1,
css-css-var-e508dee7,css,3,css-var,--chave,--key,apps/gestao-vite/src/paginas/fluxo/configuracoes/configuracoes.css:799,0,no,,,approved,codex1,
css-css-var-a1f95a2a,css,3,css-var,--chave,--key,apps/gestao-vite/src/paginas/fluxo/configuracoes/configuracoes.css:829,0,no,,,approved,codex1,
css-css-var-88b92267,css,3,css-var,--chave,--key,apps/gestao-vite/src/paginas/fluxo/configuracoes/configuracoes.css:832,0,no,,,approved,codex1,
css-css-var-0bfdd8d2,css,3,css-var,--cm-passagem,--cm-transition,apps/gestao-vite/src/paginas/contrato/certificados/certificados.css:227,3,no,,,approved,codex1,
css-css-var-34b73fb1,css,3,css-var,--cm-passagem,--cm-transition,apps/gestao-vite/src/paginas/contrato/certificados/certificados.css:24,3,no,,,approved,codex1,
css-css-var-c5945802,css,3,css-var,--cm-passagem,--cm-transition,apps/gestao-vite/src/paginas/contrato/certificados/certificados.css:46,3,no,,,approved,codex1,
css-css-var-792de288,css,3,css-var,--configuracao,--settings,apps/gestao-vite/src/paginas/builder/editor.css:394,0,no,,,approved,codex1,
css-css-var-71fd9462,css,3,css-var,--configuracao,--settings,apps/gestao-vite/src/paginas/builder/editor.css:397,0,no,,,approved,codex1,
css-css-var-11a734ae,css,3,css-var,--cr-erro-fundo,--cr-error-background,apps/gestao-vite/src/paginas/criar/criar.css:112,3,no,,,approved,codex1,
css-css-var-3848f181,css,3,css-var,--cr-erro-fundo,--cr-error-background,apps/gestao-vite/src/paginas/criar/criar.css:229,3,no,,,approved,codex1,
css-css-var-c7778d48,css,3,css-var,--cr-erro-fundo,--cr-error-background,apps/gestao-vite/src/paginas/criar/criar.css:63,3,no,,,approved,codex1,
css-css-var-97543582,css,3,css-var,--cr-erro,--cr-error,apps/gestao-vite/src/paginas/criar/criar.css:111,5,no,,,approved,codex1,
css-css-var-2686f827,css,3,css-var,--cr-erro,--cr-error,apps/gestao-vite/src/paginas/criar/criar.css:230,5,no,,,approved,codex1,
css-css-var-5680939a,css,3,css-var,--cr-erro,--cr-error,apps/gestao-vite/src/paginas/criar/criar.css:354,5,no,,,approved,codex1,
css-css-var-38dfafaa,css,3,css-var,--cr-erro,--cr-error,apps/gestao-vite/src/paginas/criar/criar.css:62,5,no,,,approved,codex1,
css-css-var-e600a222,css,3,css-var,--cr-erro,--cr-error,apps/gestao-vite/src/paginas/criar/fluxo/criar-fluxo.css:81,5,no,,,approved,codex1,
css-css-var-bcb0cc6b,css,3,css-var,--cr-t-secao,--cr-t-section,apps/gestao-vite/src/paginas/criar/criar.css:120,2,no,,,approved,codex1,
css-css-var-0cd28986,css,3,css-var,--cr-t-secao,--cr-t-section,apps/gestao-vite/src/paginas/criar/roteador/criar-roteador.css:51,2,no,,,approved,codex1,
css-css-var-8b93beec,css,3,css-var,--d-sombra-papel,--d-shadow-paper,apps/desk-vite/src/estilos/globais.css:1658,6,no,,,approved,codex1,"glossary-exception:papel-role (CSS ""paper"" surface component, not the permission-role sense)"
css-css-var-429d05fb,css,3,css-var,--d-sombra-papel,--d-shadow-paper,apps/desk-vite/src/estilos/globais.css:1782,6,no,,,approved,codex1,"glossary-exception:papel-role (CSS ""paper"" surface component, not the permission-role sense)"
css-css-var-f484847a,css,3,css-var,--d-sombra-papel,--d-shadow-paper,apps/desk-vite/src/estilos/globais.css:2008,6,no,,,approved,codex1,"glossary-exception:papel-role (CSS ""paper"" surface component, not the permission-role sense)"
css-css-var-2d62e65c,css,3,css-var,--d-sombra-papel,--d-shadow-paper,apps/desk-vite/src/estilos/globais.css:46,6,no,,,approved,codex1,"glossary-exception:papel-role (CSS ""paper"" surface component, not the permission-role sense)"
css-css-var-2ec2c56e,css,3,css-var,--d-sombra-papel,--d-shadow-paper,apps/desk-vite/src/estilos/globais.css:65,6,no,,,approved,codex1,"glossary-exception:papel-role (CSS ""paper"" surface component, not the permission-role sense)"
css-css-var-0cd26dcb,css,3,css-var,--d-sombra-papel,--d-shadow-paper,apps/desk-vite/src/estilos/globais.css:74,6,no,,,approved,codex1,"glossary-exception:papel-role (CSS ""paper"" surface component, not the permission-role sense)"
css-css-var-6918fd62,css,3,css-var,--d-trilho-cursor,--d-rail-cursor,apps/desk-vite/src/estilos/globais.css:194,6,no,,,approved,codex1,
css-css-var-abcaafd3,css,3,css-var,--d-trilho-cursor,--d-rail-cursor,apps/desk-vite/src/estilos/globais.css:2414,6,no,,,approved,codex1,
css-css-var-3bcaab59,css,3,css-var,--d-trilho-cursor,--d-rail-cursor,apps/desk-vite/src/estilos/globais.css:2492,6,no,,,approved,codex1,
css-css-var-1e6b6646,css,3,css-var,--d-trilho-cursor,--d-rail-cursor,apps/desk-vite/src/estilos/globais.css:36,6,no,,,approved,codex1,
css-css-var-991ca32f,css,3,css-var,--d-trilho-cursor,--d-rail-cursor,apps/desk-vite/src/estilos/globais.css:69,6,no,,,approved,codex1,
css-css-var-2e4f9a36,css,3,css-var,--d-trilho-cursor,--d-rail-cursor,apps/desk-vite/src/estilos/globais.css:78,6,no,,,approved,codex1,
css-css-var-cea3e9b4,css,3,css-var,--d-trilho-tinta,--d-rail-ink,apps/desk-vite/src/estilos/globais.css:139,6,no,,,approved,codex1,
css-css-var-42449438,css,3,css-var,--d-trilho-tinta,--d-rail-ink,apps/desk-vite/src/estilos/globais.css:2342,6,no,,,approved,codex1,
css-css-var-898a2959,css,3,css-var,--d-trilho-tinta,--d-rail-ink,apps/desk-vite/src/estilos/globais.css:30,6,no,,,approved,codex1,
css-css-var-86e8938b,css,3,css-var,--d-trilho-tinta,--d-rail-ink,apps/desk-vite/src/estilos/globais.css:34,6,no,,,approved,codex1,
css-css-var-9c5e16fb,css,3,css-var,--d-trilho-tinta,--d-rail-ink,apps/desk-vite/src/estilos/globais.css:67,6,no,,,approved,codex1,
css-css-var-52e99a23,css,3,css-var,--d-trilho-tinta,--d-rail-ink,apps/desk-vite/src/estilos/globais.css:76,6,no,,,approved,codex1,
css-css-var-05b76217,css,3,css-var,--d-trilho-vigor,--d-rail-strength,apps/desk-vite/src/estilos/globais.css:198,6,no,,,approved,codex1,
css-css-var-0993c951,css,3,css-var,--d-trilho-vigor,--d-rail-strength,apps/desk-vite/src/estilos/globais.css:2418,6,no,,,approved,codex1,
css-css-var-7976173e,css,3,css-var,--d-trilho-vigor,--d-rail-strength,apps/desk-vite/src/estilos/globais.css:2454,6,no,,,approved,codex1,
css-css-var-3ea4792b,css,3,css-var,--d-trilho-vigor,--d-rail-strength,apps/desk-vite/src/estilos/globais.css:35,6,no,,,approved,codex1,
css-css-var-63fa455f,css,3,css-var,--d-trilho-vigor,--d-rail-strength,apps/desk-vite/src/estilos/globais.css:68,6,no,,,approved,codex1,
css-css-var-5b044deb,css,3,css-var,--d-trilho-vigor,--d-rail-strength,apps/desk-vite/src/estilos/globais.css:77,6,no,,,approved,codex1,
css-css-var-5c34b4ae,css,3,css-var,--d-trilho-w,--d-rail-w,apps/desk-vite/src/estilos/globais.css:133,3,no,,,approved,codex1,
css-css-var-df6d9292,css,3,css-var,--d-trilho-w,--d-rail-w,apps/desk-vite/src/estilos/globais.css:134,3,no,,,approved,codex1,
css-css-var-931a24bc,css,3,css-var,--d-trilho-w,--d-rail-w,apps/desk-vite/src/estilos/globais.css:59,3,no,,,approved,codex1,
css-css-var-3ceec6e5,css,3,css-var,--d-trilho,--d-rail,apps/desk-vite/src/estilos/globais.css:138,6,no,,,approved,codex1,
css-css-var-5aeda798,css,3,css-var,--d-trilho,--d-rail,apps/desk-vite/src/estilos/globais.css:2341,6,no,,,approved,codex1,
css-css-var-23f1df08,css,3,css-var,--d-trilho,--d-rail,apps/desk-vite/src/estilos/globais.css:235,6,no,,,approved,codex1,
css-css-var-f7f69d9a,css,3,css-var,--d-trilho,--d-rail,apps/desk-vite/src/estilos/globais.css:33,6,no,,,approved,codex1,
css-css-var-3591b2fb,css,3,css-var,--d-trilho,--d-rail,apps/desk-vite/src/estilos/globais.css:66,6,no,,,approved,codex1,
css-css-var-428e72cb,css,3,css-var,--d-trilho,--d-rail,apps/desk-vite/src/estilos/globais.css:75,6,no,,,approved,codex1,
css-css-var-d715285d,css,3,css-var,--da-passagem,--da-transition,apps/gestao-vite/src/paginas/fluxo/analise/dashboard/dashboard.css:302,3,no,,,approved,codex1,
css-css-var-b64809b7,css,3,css-var,--da-passagem,--da-transition,apps/gestao-vite/src/paginas/fluxo/analise/dashboard/dashboard.css:39,3,no,,,approved,codex1,
css-css-var-8751c17d,css,3,css-var,--dd-passagem,--dd-transition,apps/gestao-vite/src/paginas/fluxo/analise/dicionario-de-dados/dicionario.css:41,3,no,,,approved,codex1,
css-css-var-be85fdb5,css,3,css-var,--dd-passagem,--dd-transition,apps/gestao-vite/src/paginas/fluxo/analise/dicionario-de-dados/dicionario.css:47,3,no,,,approved,codex1,
css-css-var-7a039b0e,css,3,css-var,--dd-passagem,--dd-transition,apps/gestao-vite/src/paginas/fluxo/analise/dicionario-de-dados/dicionario.css:803,3,no,,,approved,codex1,
css-css-var-9f6d0b3e,css,3,css-var,--dk-estado-min,--dk-status-min,apps/desk-vite/src/estilos/globais.css:353,4,no,,,approved,codex1,"glossary-exception:estado-state (closed status enum, not general state)"
css-css-var-8388de75,css,3,css-var,--dk-estado-min,--dk-status-min,apps/desk-vite/src/estilos/globais.css:357,4,no,,,approved,codex1,"glossary-exception:estado-state (closed status enum, not general state)"
css-css-var-13a60f64,css,3,css-var,--dk-estado-min,--dk-status-min,apps/desk-vite/src/estilos/globais.css:366,4,no,,,approved,codex1,"glossary-exception:estado-state (closed status enum, not general state)"
css-css-var-a10c8c36,css,3,css-var,--dk-estado-min,--dk-status-min,apps/desk-vite/src/estilos/globais.css:372,4,no,,,approved,codex1,"glossary-exception:estado-state (closed status enum, not general state)"
css-css-var-d2925e4a,css,3,css-var,--edicao,--edit,apps/gestao-vite/src/paginas/fluxo/conteudos/conteudos.css:894,0,no,,,approved,codex1,
css-css-var-68dec7ff,css,3,css-var,--entrada,--inbound,apps/gestao-vite/src/paginas/builder/painel-bloco.css:292,0,no,,,approved,codex1,
css-css-var-3069f77e,css,3,css-var,--entrada,--inbound,apps/gestao-vite/src/paginas/builder/painel-bloco.css:313,0,no,,,approved,codex1,
css-css-var-f8d29ee9,css,3,css-var,--entrada,--inbound,apps/gestao-vite/src/paginas/builder/painel-bloco.css:322,0,no,,,approved,codex1,
css-css-var-ded97879,css,3,css-var,--erro,--error,apps/gestao-vite/src/paginas/builder.css:282,0,no,,,approved,codex1,
css-css-var-7a103a55,css,3,css-var,--erro,--error,apps/gestao-vite/src/paginas/builder.css:288,0,no,,,approved,codex1,
css-css-var-2dd9e96c,css,3,css-var,--erro,--error,apps/gestao-vite/src/paginas/builder.css:304,0,no,,,approved,codex1,
css-css-var-1d374fd5,css,3,css-var,--erro,--error,apps/gestao-vite/src/paginas/builder.css:344,0,no,,,approved,codex1,
css-css-var-d4d90beb,css,3,css-var,--erro,--error,apps/gestao-vite/src/paginas/builder/editor.css:617,0,no,,,approved,codex1,
css-css-var-b3fc70a5,css,3,css-var,--erro,--error,apps/gestao-vite/src/paginas/builder/editor.css:618,0,no,,,approved,codex1,
css-css-var-71bbeace,css,3,css-var,--erro,--error,apps/gestao-vite/src/paginas/builder/editor.css:619,0,no,,,approved,codex1,
css-css-var-85dbaea5,css,3,css-var,--erro,--error,apps/gestao-vite/src/paginas/builder/editor.css:95,0,no,,,approved,codex1,
css-css-var-1299417c,css,3,css-var,--erro,--error,apps/gestao-vite/src/paginas/contrato/certificados/certificados.css:763,0,no,,,approved,codex1,
css-css-var-7dd6d365,css,3,css-var,--erro,--error,apps/gestao-vite/src/paginas/contrato/certificados/certificados.css:764,0,no,,,approved,codex1,
css-css-var-7a34def9,css,3,css-var,--erro,--error,apps/gestao-vite/src/paginas/contrato/certificados/certificados.css:765,0,no,,,approved,codex1,
css-css-var-012a3e57,css,3,css-var,--erro,--error,apps/gestao-vite/src/paginas/contrato/certificados/certificados.css:769,0,no,,,approved,codex1,
css-css-var-eddbad4d,css,3,css-var,--erro,--error,apps/gestao-vite/src/paginas/contrato/certificados/certificados.css:773,0,no,,,approved,codex1,
css-css-var-ec39509b,css,3,css-var,--erro,--error,apps/gestao-vite/src/paginas/contrato/contrato.css:1340,0,no,,,approved,codex1,
css-css-var-bfb9a77f,css,3,css-var,--erro,--error,apps/gestao-vite/src/paginas/contrato/contrato.css:1341,0,no,,,approved,codex1,
css-css-var-ca995260,css,3,css-var,--erro,--error,apps/gestao-vite/src/paginas/contrato/contrato.css:1342,0,no,,,approved,codex1,
css-css-var-3334e8f1,css,3,css-var,--erro,--error,apps/gestao-vite/src/paginas/contrato/contrato.css:1346,0,no,,,approved,codex1,
css-css-var-598efba1,css,3,css-var,--erro,--error,apps/gestao-vite/src/paginas/contrato/contrato.css:1363,0,no,,,approved,codex1,
css-css-var-afa405c3,css,3,css-var,--erro,--error,apps/gestao-vite/src/paginas/contrato/contrato.css:1364,0,no,,,approved,codex1,
css-css-var-3d3ef2d9,css,3,css-var,--erro,--error,apps/gestao-vite/src/paginas/fluxo/configuracoes/configuracoes.css:792,0,no,,,approved,codex1,
css-css-var-d993d48c,css,3,css-var,--erro,--error,apps/gestao-vite/src/paginas/fluxo/integracoes/integracoes.css:411,0,no,,,approved,codex1,
css-css-var-177dc159,css,3,css-var,--fora-da-busca,--outside-search,apps/gestao-vite/src/paginas/builder/editor.css:77,0,no,,,approved,codex1,
css-css-var-884207cf,css,3,css-var,--g-cartao-fundo,--g-card-background,apps/gestao-vite/src/estilos/globais.css:1332,12,no,,,approved,codex1,
css-css-var-b64387d0,css,3,css-var,--g-cartao-fundo,--g-card-background,apps/gestao-vite/src/estilos/globais.css:1386,12,no,,,approved,codex1,
css-css-var-5e7f7583,css,3,css-var,--g-cartao-fundo,--g-card-background,apps/gestao-vite/src/estilos/globais.css:139,12,no,,,approved,codex1,
css-css-var-c3a60d60,css,3,css-var,--g-cartao-fundo,--g-card-background,apps/gestao-vite/src/estilos/globais.css:1595,12,no,,,approved,codex1,
css-css-var-a6fc7fb5,css,3,css-var,--g-cartao-fundo,--g-card-background,apps/gestao-vite/src/estilos/globais.css:1930,12,no,,,approved,codex1,
css-css-var-dcf351cf,css,3,css-var,--g-cartao-fundo,--g-card-background,apps/gestao-vite/src/estilos/globais.css:2230,12,no,,,approved,codex1,
css-css-var-08000bd1,css,3,css-var,--g-cartao-fundo,--g-card-background,apps/gestao-vite/src/estilos/globais.css:2480,12,no,,,approved,codex1,
css-css-var-5a3a0109,css,3,css-var,--g-cartao-fundo,--g-card-background,apps/gestao-vite/src/estilos/globais.css:2765,12,no,,,approved,codex1,
css-css-var-6ab3f06b,css,3,css-var,--g-cartao-fundo,--g-card-background,apps/gestao-vite/src/estilos/globais.css:2868,12,no,,,approved,codex1,
css-css-var-08ec13ad,css,3,css-var,--g-cartao-fundo,--g-card-background,apps/gestao-vite/src/paginas/fluxo/canais/whatsapp/canal-whatsapp.css:67,12,no,,,approved,codex1,
css-css-var-c51de8b6,css,3,css-var,--g-cartao-fundo,--g-card-background,apps/gestao-vite/src/paginas/fluxo/configuracoes/configuracoes.css:235,12,no,,,approved,codex1,
css-css-var-ddd505a9,css,3,css-var,--g-cartao-fundo,--g-card-background,apps/gestao-vite/src/paginas/fluxo/configuracoes/configuracoes.css:42,12,no,,,approved,codex1,
css-css-var-177fa9d2,css,3,css-var,--g-cartao-gap,--g-card-gap,apps/gestao-vite/src/estilos/globais.css:130,10,no,,,approved,codex1,
css-css-var-f2a25f7d,css,3,css-var,--g-cartao-gap,--g-card-gap,apps/gestao-vite/src/estilos/globais.css:1421,10,no,,,approved,codex1,
css-css-var-a9e20ee2,css,3,css-var,--g-cartao-gap,--g-card-gap,apps/gestao-vite/src/estilos/globais.css:1937,10,no,,,approved,codex1,
css-css-var-6070c245,css,3,css-var,--g-cartao-gap,--g-card-gap,apps/gestao-vite/src/estilos/globais.css:1944,10,no,,,approved,codex1,
css-css-var-35f21eb1,css,3,css-var,--g-cartao-gap,--g-card-gap,apps/gestao-vite/src/estilos/globais.css:1968,10,no,,,approved,codex1,
css-css-var-1f8df7fc,css,3,css-var,--g-cartao-gap,--g-card-gap,apps/gestao-vite/src/estilos/globais.css:1978,10,no,,,approved,codex1,
css-css-var-41f83430,css,3,css-var,--g-cartao-gap,--g-card-gap,apps/gestao-vite/src/estilos/globais.css:2006,10,no,,,approved,codex1,
css-css-var-7aaa4815,css,3,css-var,--g-cartao-gap,--g-card-gap,apps/gestao-vite/src/estilos/globais.css:2548,10,no,,,approved,codex1,
css-css-var-a83fe9d3,css,3,css-var,--g-cartao-gap,--g-card-gap,apps/gestao-vite/src/estilos/globais.css:2755,10,no,,,approved,codex1,
css-css-var-cb7fb2b0,css,3,css-var,--g-cartao-gap,--g-card-gap,apps/gestao-vite/src/estilos/globais.css:2873,10,no,,,approved,codex1,
css-css-var-95821e4d,css,3,css-var,--g-cartao-pad,--g-card-pad,apps/gestao-vite/src/estilos/globais.css:129,10,no,,,approved,codex1,
css-css-var-f1ce20cc,css,3,css-var,--g-cartao-pad,--g-card-pad,apps/gestao-vite/src/estilos/globais.css:1330,10,no,,,approved,codex1,
css-css-var-f3c532f8,css,3,css-var,--g-cartao-pad,--g-card-pad,apps/gestao-vite/src/estilos/globais.css:1383,10,no,,,approved,codex1,
css-css-var-6a77e308,css,3,css-var,--g-cartao-pad,--g-card-pad,apps/gestao-vite/src/estilos/globais.css:1597,10,no,,,approved,codex1,
css-css-var-d9cee6a4,css,3,css-var,--g-cartao-pad,--g-card-pad,apps/gestao-vite/src/estilos/globais.css:1931,10,no,,,approved,codex1,
css-css-var-16631d02,css,3,css-var,--g-cartao-pad,--g-card-pad,apps/gestao-vite/src/estilos/globais.css:1984,10,no,,,approved,codex1,
css-css-var-10bb56c4,css,3,css-var,--g-cartao-pad,--g-card-pad,apps/gestao-vite/src/estilos/globais.css:2226,10,no,,,approved,codex1,
css-css-var-e9bf3eb9,css,3,css-var,--g-cartao-pad,--g-card-pad,apps/gestao-vite/src/estilos/globais.css:2478,10,no,,,approved,codex1,
css-css-var-ef355d35,css,3,css-var,--g-cartao-pad,--g-card-pad,apps/gestao-vite/src/estilos/globais.css:2763,10,no,,,approved,codex1,
css-css-var-9fcd42dc,css,3,css-var,--g-cartao-pad,--g-card-pad,apps/gestao-vite/src/estilos/globais.css:2865,10,no,,,approved,codex1,
css-css-var-59c44e38,css,3,css-var,--g-cor-busca-blip,--g-color-search-blip,apps/gestao-vite/src/estilos/globais.css:105,1,no,,,approved,codex1,
css-css-var-634e6cc6,css,3,css-var,--g-lh-bloco,--g-lh-block,apps/gestao-vite/src/estilos/globais.css:125,13,no,,,approved,codex1,
css-css-var-6c4eb499,css,3,css-var,--g-lh-bloco,--g-lh-block,apps/gestao-vite/src/estilos/globais.css:1650,13,no,,,approved,codex1,
css-css-var-f588e0f3,css,3,css-var,--g-lh-bloco,--g-lh-block,apps/gestao-vite/src/estilos/globais.css:1743,13,no,,,approved,codex1,
css-css-var-9390baf6,css,3,css-var,--g-lh-bloco,--g-lh-block,apps/gestao-vite/src/estilos/globais.css:1947,13,no,,,approved,codex1,
css-css-var-dfa94d25,css,3,css-var,--g-lh-bloco,--g-lh-block,apps/gestao-vite/src/estilos/globais.css:2038,13,no,,,approved,codex1,
css-css-var-e41467a1,css,3,css-var,--g-lh-bloco,--g-lh-block,apps/gestao-vite/src/estilos/globais.css:2276,13,no,,,approved,codex1,
css-css-var-7db1ef8f,css,3,css-var,--g-lh-bloco,--g-lh-block,apps/gestao-vite/src/estilos/globais.css:238,13,no,,,approved,codex1,
css-css-var-0b0158a8,css,3,css-var,--g-lh-bloco,--g-lh-block,apps/gestao-vite/src/estilos/globais.css:2779,13,no,,,approved,codex1,
css-css-var-49e74060,css,3,css-var,--g-lh-bloco,--g-lh-block,apps/gestao-vite/src/estilos/globais.css:3424,13,no,,,approved,codex1,
css-css-var-4406b571,css,3,css-var,--g-lh-bloco,--g-lh-block,apps/gestao-vite/src/estilos/globais.css:4311,13,no,,,approved,codex1,
css-css-var-da83334c,css,3,css-var,--g-lh-bloco,--g-lh-block,apps/gestao-vite/src/estilos/globais.css:4653,13,no,,,approved,codex1,
css-css-var-954601a6,css,3,css-var,--g-lh-bloco,--g-lh-block,apps/gestao-vite/src/estilos/globais.css:4938,13,no,,,approved,codex1,
css-css-var-11466600,css,3,css-var,--g-lh-bloco,--g-lh-block,apps/gestao-vite/src/estilos/globais.css:919,13,no,,,approved,codex1,
css-css-var-b6d61006,css,3,css-var,--g-lh-cartao,--g-lh-card,apps/gestao-vite/src/estilos/globais.css:1046,20,no,,,approved,codex1,
css-css-var-ee8b229a,css,3,css-var,--g-lh-cartao,--g-lh-card,apps/gestao-vite/src/estilos/globais.css:124,20,no,,,approved,codex1,
css-css-var-e1094176,css,3,css-var,--g-lh-cartao,--g-lh-card,apps/gestao-vite/src/estilos/globais.css:1340,20,no,,,approved,codex1,
css-css-var-a3b04233,css,3,css-var,--g-lh-cartao,--g-lh-card,apps/gestao-vite/src/estilos/globais.css:1394,20,no,,,approved,codex1,
css-css-var-b40a4831,css,3,css-var,--g-lh-cartao,--g-lh-card,apps/gestao-vite/src/estilos/globais.css:1412,20,no,,,approved,codex1,
css-css-var-813771c1,css,3,css-var,--g-lh-cartao,--g-lh-card,apps/gestao-vite/src/estilos/globais.css:1669,20,no,,,approved,codex1,
css-css-var-aec87d86,css,3,css-var,--g-lh-cartao,--g-lh-card,apps/gestao-vite/src/estilos/globais.css:1683,20,no,,,approved,codex1,
css-css-var-b78b5839,css,3,css-var,--g-lh-cartao,--g-lh-card,apps/gestao-vite/src/estilos/globais.css:1733,20,no,,,approved,codex1,
css-css-var-04f536bc,css,3,css-var,--g-lh-cartao,--g-lh-card,apps/gestao-vite/src/estilos/globais.css:1998,20,no,,,approved,codex1,
css-css-var-a23f39ca,css,3,css-var,--g-lh-cartao,--g-lh-card,apps/gestao-vite/src/estilos/globais.css:2082,20,no,,,approved,codex1,
css-css-var-a0a5165b,css,3,css-var,--g-lh-cartao,--g-lh-card,apps/gestao-vite/src/estilos/globais.css:2094,20,no,,,approved,codex1,
css-css-var-4bba86c7,css,3,css-var,--g-lh-cartao,--g-lh-card,apps/gestao-vite/src/estilos/globais.css:2343,20,no,,,approved,codex1,
css-css-var-5c8614a7,css,3,css-var,--g-lh-cartao,--g-lh-card,apps/gestao-vite/src/estilos/globais.css:2787,20,no,,,approved,codex1,
css-css-var-ff30d535,css,3,css-var,--g-lh-cartao,--g-lh-card,apps/gestao-vite/src/estilos/globais.css:4634,20,no,,,approved,codex1,
css-css-var-0156a323,css,3,css-var,--g-lh-cartao,--g-lh-card,apps/gestao-vite/src/estilos/globais.css:4691,20,no,,,approved,codex1,
css-css-var-5109d52a,css,3,css-var,--g-lh-cartao,--g-lh-card,apps/gestao-vite/src/estilos/globais.css:4698,20,no,,,approved,codex1,
css-css-var-271bb674,css,3,css-var,--g-lh-cartao,--g-lh-card,apps/gestao-vite/src/estilos/globais.css:947,20,no,,,approved,codex1,
css-css-var-ae85d7df,css,3,css-var,--g-lh-cartao,--g-lh-card,apps/gestao-vite/src/paginas/operacao/atendimento.css:351,20,no,,,approved,codex1,
css-css-var-a9b6981c,css,3,css-var,--g-lh-cartao,--g-lh-card,apps/gestao-vite/src/paginas/operacao/atendimento.css:371,20,no,,,approved,codex1,
css-css-var-9b4634d2,css,3,css-var,--g-lh-cartao,--g-lh-card,apps/gestao-vite/src/paginas/operacao/atendimento.css:499,20,no,,,approved,codex1,
css-css-var-36582a03,css,3,css-var,--g-r-cartao,--g-r-card,apps/gestao-vite/src/estilos/globais.css:128,26,no,,,approved,codex1,
css-css-var-81b920f1,css,3,css-var,--g-r-cartao,--g-r-card,apps/gestao-vite/src/estilos/globais.css:1331,26,no,,,approved,codex1,
css-css-var-36289d09,css,3,css-var,--g-r-cartao,--g-r-card,apps/gestao-vite/src/estilos/globais.css:1385,26,no,,,approved,codex1,
css-css-var-4e3ec195,css,3,css-var,--g-r-cartao,--g-r-card,apps/gestao-vite/src/estilos/globais.css:1594,26,no,,,approved,codex1,
css-css-var-68bc8f78,css,3,css-var,--g-r-cartao,--g-r-card,apps/gestao-vite/src/estilos/globais.css:1932,26,no,,,approved,codex1,
css-css-var-6ffcc91c,css,3,css-var,--g-r-cartao,--g-r-card,apps/gestao-vite/src/estilos/globais.css:1985,26,no,,,approved,codex1,
css-css-var-cfc120a6,css,3,css-var,--g-r-cartao,--g-r-card,apps/gestao-vite/src/estilos/globais.css:2227,26,no,,,approved,codex1,
css-css-var-e98d1063,css,3,css-var,--g-r-cartao,--g-r-card,apps/gestao-vite/src/estilos/globais.css:2473,26,no,,,approved,codex1,
css-css-var-a9935d71,css,3,css-var,--g-r-cartao,--g-r-card,apps/gestao-vite/src/estilos/globais.css:2479,26,no,,,approved,codex1,
css-css-var-5c4e945f,css,3,css-var,--g-r-cartao,--g-r-card,apps/gestao-vite/src/estilos/globais.css:2764,26,no,,,approved,codex1,
css-css-var-11f1efd1,css,3,css-var,--g-r-cartao,--g-r-card,apps/gestao-vite/src/estilos/globais.css:2866,26,no,,,approved,codex1,
css-css-var-7b3a7490,css,3,css-var,--g-r-cartao,--g-r-card,apps/gestao-vite/src/estilos/globais.css:3999,26,no,,,approved,codex1,
css-css-var-9d7b3437,css,3,css-var,--g-r-cartao,--g-r-card,apps/gestao-vite/src/estilos/globais.css:4057,26,no,,,approved,codex1,
css-css-var-5fcff610,css,3,css-var,--g-r-cartao,--g-r-card,apps/gestao-vite/src/estilos/globais.css:4245,26,no,,,approved,codex1,
css-css-var-4a85599c,css,3,css-var,--g-r-cartao,--g-r-card,apps/gestao-vite/src/estilos/globais.css:4921,26,no,,,approved,codex1,
css-css-var-52a84b3b,css,3,css-var,--g-r-cartao,--g-r-card,apps/gestao-vite/src/paginas/fluxo/fluxo.css:563,26,no,,,approved,codex1,
css-css-var-6ca70194,css,3,css-var,--g-r-cartao,--g-r-card,apps/gestao-vite/src/paginas/fluxo/fluxo.css:570,26,no,,,approved,codex1,
css-css-var-ba037c95,css,3,css-var,--g-r-cartao,--g-r-card,apps/gestao-vite/src/paginas/fluxo/growth/growth.css:214,26,no,,,approved,codex1,
css-css-var-9a4d11f4,css,3,css-var,--g-r-cartao,--g-r-card,apps/gestao-vite/src/paginas/fluxo/growth/growth.css:275,26,no,,,approved,codex1,
css-css-var-e733f5c0,css,3,css-var,--g-r-cartao,--g-r-card,apps/gestao-vite/src/paginas/fluxo/growth/growth.css:340,26,no,,,approved,codex1,
css-css-var-f159e11c,css,3,css-var,--g-r-cartao,--g-r-card,apps/gestao-vite/src/paginas/fluxo/growth/growth.css:453,26,no,,,approved,codex1,
css-css-var-3df78933,css,3,css-var,--g-r-cartao,--g-r-card,apps/gestao-vite/src/paginas/fluxo/integracoes/integracoes.css:229,26,no,,,approved,codex1,
css-css-var-74c7f475,css,3,css-var,--g-r-cartao,--g-r-card,apps/gestao-vite/src/paginas/fluxo/log/log.css:207,26,no,,,approved,codex1,
css-css-var-01e3f364,css,3,css-var,--g-r-cartao,--g-r-card,apps/gestao-vite/src/paginas/fluxo/servicos/servicos.css:129,26,no,,,approved,codex1,
css-css-var-3da6f9e6,css,3,css-var,--g-r-cartao,--g-r-card,apps/gestao-vite/src/paginas/fluxo/servicos/servicos.css:317,26,no,,,approved,codex1,
css-css-var-d7602642,css,3,css-var,--g-r-cartao,--g-r-card,apps/gestao-vite/src/paginas/minha-conta/minha-conta.css:292,26,no,,,approved,codex1,
css-css-var-fb16e1cf,css,3,css-var,--g-sombra-cartao,--g-shadow-card,apps/gestao-vite/src/estilos/globais.css:132,35,no,,,approved,codex1,
css-css-var-5c0f14af,css,3,css-var,--g-sombra-cartao,--g-shadow-card,apps/gestao-vite/src/estilos/globais.css:1333,35,no,,,approved,codex1,
css-css-var-10ffc1fd,css,3,css-var,--g-sombra-cartao,--g-shadow-card,apps/gestao-vite/src/estilos/globais.css:1387,35,no,,,approved,codex1,
css-css-var-2d583969,css,3,css-var,--g-sombra-cartao,--g-shadow-card,apps/gestao-vite/src/estilos/globais.css:148,35,no,,,approved,codex1,
css-css-var-d2d6de4b,css,3,css-var,--g-sombra-cartao,--g-shadow-card,apps/gestao-vite/src/estilos/globais.css:153,35,no,,,approved,codex1,
css-css-var-72f2ec43,css,3,css-var,--g-sombra-cartao,--g-shadow-card,apps/gestao-vite/src/estilos/globais.css:1596,35,no,,,approved,codex1,
css-css-var-dd25a584,css,3,css-var,--g-sombra-cartao,--g-shadow-card,apps/gestao-vite/src/estilos/globais.css:1933,35,no,,,approved,codex1,
css-css-var-524b07a6,css,3,css-var,--g-sombra-cartao,--g-shadow-card,apps/gestao-vite/src/estilos/globais.css:2231,35,no,,,approved,codex1,
css-css-var-e7ad86b4,css,3,css-var,--g-sombra-cartao,--g-shadow-card,apps/gestao-vite/src/estilos/globais.css:2473,35,no,,,approved,codex1,
css-css-var-0f34ea12,css,3,css-var,--g-sombra-cartao,--g-shadow-card,apps/gestao-vite/src/estilos/globais.css:2481,35,no,,,approved,codex1,
css-css-var-6a52c1ad,css,3,css-var,--g-sombra-cartao,--g-shadow-card,apps/gestao-vite/src/estilos/globais.css:2766,35,no,,,approved,codex1,
css-css-var-9854c6a7,css,3,css-var,--g-sombra-cartao,--g-shadow-card,apps/gestao-vite/src/estilos/globais.css:2869,35,no,,,approved,codex1,
css-css-var-d3a810dd,css,3,css-var,--g-sombra-cartao,--g-shadow-card,apps/gestao-vite/src/estilos/globais.css:4002,35,no,,,approved,codex1,
css-css-var-8a7db852,css,3,css-var,--g-sombra-cartao,--g-shadow-card,apps/gestao-vite/src/estilos/globais.css:4060,35,no,,,approved,codex1,
css-css-var-7c037f60,css,3,css-var,--g-sombra-cartao,--g-shadow-card,apps/gestao-vite/src/estilos/globais.css:4248,35,no,,,approved,codex1,
css-css-var-f0e97195,css,3,css-var,--g-sombra-cartao,--g-shadow-card,apps/gestao-vite/src/paginas/fluxo/canais/canais.css:57,35,no,,,approved,codex1,
css-css-var-72ca8472,css,3,css-var,--g-sombra-cartao,--g-shadow-card,apps/gestao-vite/src/paginas/fluxo/configuracoes/configuracoes.css:22,35,no,,,approved,codex1,
css-css-var-ee5cad93,css,3,css-var,--g-sombra-cartao,--g-shadow-card,apps/gestao-vite/src/paginas/fluxo/configuracoes/configuracoes.css:236,35,no,,,approved,codex1,
css-css-var-0fde9be0,css,3,css-var,--g-sombra-cartao,--g-shadow-card,apps/gestao-vite/src/paginas/fluxo/configuracoes/configuracoes.css:43,35,no,,,approved,codex1,
css-css-var-1720696c,css,3,css-var,--g-sombra-cartao,--g-shadow-card,apps/gestao-vite/src/paginas/fluxo/contatos/contatos.css:234,35,no,,,approved,codex1,
css-css-var-2e939c3e,css,3,css-var,--g-sombra-cartao,--g-shadow-card,apps/gestao-vite/src/paginas/fluxo/contatos/contatos.css:441,35,no,,,approved,codex1,
css-css-var-848cd5d9,css,3,css-var,--g-sombra-cartao,--g-shadow-card,apps/gestao-vite/src/paginas/fluxo/conteudos/conteudos.css:316,35,no,,,approved,codex1,
css-css-var-46b7e21d,css,3,css-var,--g-sombra-cartao,--g-shadow-card,apps/gestao-vite/src/paginas/fluxo/equipe/equipe.css:82,35,no,,,approved,codex1,
css-css-var-399f16b8,css,3,css-var,--g-sombra-cartao,--g-shadow-card,apps/gestao-vite/src/paginas/fluxo/fluxo.css:563,35,no,,,approved,codex1,
css-css-var-363f491e,css,3,css-var,--g-sombra-cartao,--g-shadow-card,apps/gestao-vite/src/paginas/fluxo/fluxo.css:571,35,no,,,approved,codex1,
css-css-var-ff16091b,css,3,css-var,--g-sombra-cartao,--g-shadow-card,apps/gestao-vite/src/paginas/fluxo/growth/growth.css:215,35,no,,,approved,codex1,
css-css-var-51e2013d,css,3,css-var,--g-sombra-cartao,--g-shadow-card,apps/gestao-vite/src/paginas/fluxo/growth/growth.css:277,35,no,,,approved,codex1,
css-css-var-ee5df773,css,3,css-var,--g-sombra-cartao,--g-shadow-card,apps/gestao-vite/src/paginas/fluxo/growth/growth.css:454,35,no,,,approved,codex1,
css-css-var-1ddc236f,css,3,css-var,--g-sombra-cartao,--g-shadow-card,apps/gestao-vite/src/paginas/fluxo/growth/growth.css:562,35,no,,,approved,codex1,
css-css-var-7b2def69,css,3,css-var,--g-sombra-cartao,--g-shadow-card,apps/gestao-vite/src/paginas/fluxo/growth/growth.css:968,35,no,,,approved,codex1,
css-css-var-e7c56abd,css,3,css-var,--g-sombra-cartao,--g-shadow-card,apps/gestao-vite/src/paginas/fluxo/integracoes/integracoes.css:15,35,no,,,approved,codex1,
css-css-var-fee2eda1,css,3,css-var,--g-sombra-cartao,--g-shadow-card,apps/gestao-vite/src/paginas/fluxo/integracoes/integracoes.css:231,35,no,,,approved,codex1,
css-css-var-4fe4514a,css,3,css-var,--g-sombra-cartao,--g-shadow-card,apps/gestao-vite/src/paginas/fluxo/integracoes/integracoes.css:78,35,no,,,approved,codex1,
css-css-var-612546c0,css,3,css-var,--g-sombra-cartao,--g-shadow-card,apps/gestao-vite/src/paginas/fluxo/servicos/servicos.css:133,35,no,,,approved,codex1,
css-css-var-76db5988,css,3,css-var,--g-sombra-cartao,--g-shadow-card,apps/gestao-vite/src/paginas/fluxo/servicos/servicos.css:321,35,no,,,approved,codex1,
css-css-var-d0721668,css,3,css-var,--g-t-bloco,--g-t-block,apps/gestao-vite/src/estilos/globais.css:112,14,no,,,approved,codex1,
css-css-var-256fcb9d,css,3,css-var,--g-t-bloco,--g-t-block,apps/gestao-vite/src/estilos/globais.css:1742,14,no,,,approved,codex1,
css-css-var-368c6f87,css,3,css-var,--g-t-bloco,--g-t-block,apps/gestao-vite/src/estilos/globais.css:1945,14,no,,,approved,codex1,
css-css-var-4450b448,css,3,css-var,--g-t-bloco,--g-t-block,apps/gestao-vite/src/estilos/globais.css:2036,14,no,,,approved,codex1,
css-css-var-3f1b29a6,css,3,css-var,--g-t-bloco,--g-t-block,apps/gestao-vite/src/estilos/globais.css:2273,14,no,,,approved,codex1,
css-css-var-17629e39,css,3,css-var,--g-t-bloco,--g-t-block,apps/gestao-vite/src/estilos/globais.css:236,14,no,,,approved,codex1,
css-css-var-a9243f70,css,3,css-var,--g-t-bloco,--g-t-block,apps/gestao-vite/src/estilos/globais.css:271,14,no,,,approved,codex1,
css-css-var-d48147b8,css,3,css-var,--g-t-bloco,--g-t-block,apps/gestao-vite/src/estilos/globais.css:2777,14,no,,,approved,codex1,
css-css-var-179bc204,css,3,css-var,--g-t-bloco,--g-t-block,apps/gestao-vite/src/estilos/globais.css:3422,14,no,,,approved,codex1,
css-css-var-3b5da41b,css,3,css-var,--g-t-bloco,--g-t-block,apps/gestao-vite/src/estilos/globais.css:4026,14,no,,,approved,codex1,
css-css-var-b42da07e,css,3,css-var,--g-t-bloco,--g-t-block,apps/gestao-vite/src/estilos/globais.css:4090,14,no,,,approved,codex1,
css-css-var-53f2c606,css,3,css-var,--g-t-bloco,--g-t-block,apps/gestao-vite/src/estilos/globais.css:4309,14,no,,,approved,codex1,
css-css-var-15fd77aa,css,3,css-var,--g-t-bloco,--g-t-block,apps/gestao-vite/src/estilos/globais.css:4936,14,no,,,approved,codex1,
css-css-var-a55cdc96,css,3,css-var,--g-t-bloco,--g-t-block,apps/gestao-vite/src/estilos/globais.css:917,14,no,,,approved,codex1,
css-css-var-2c445bfa,css,3,css-var,--g-t-cartao,--g-t-card,apps/gestao-vite/src/estilos/globais.css:113,5,no,,,approved,codex1,
css-css-var-d9ddc393,css,3,css-var,--g-t-cartao,--g-t-card,apps/gestao-vite/src/estilos/globais.css:1338,5,no,,,approved,codex1,
css-css-var-92c9a113,css,3,css-var,--g-t-cartao,--g-t-card,apps/gestao-vite/src/estilos/globais.css:1392,5,no,,,approved,codex1,
css-css-var-48e30a4d,css,3,css-var,--g-t-cartao,--g-t-card,apps/gestao-vite/src/estilos/globais.css:1410,5,no,,,approved,codex1,
css-css-var-85c797a4,css,3,css-var,--g-t-cartao,--g-t-card,apps/gestao-vite/src/estilos/globais.css:1996,5,no,,,approved,codex1,
css-css-var-263da8a1,css,3,css-var,--g-t-coluna,--g-t-column,apps/gestao-vite/src/estilos/globais.css:120,3,no,,,approved,codex1,
css-css-var-cc29a75c,css,3,css-var,--g-t-coluna,--g-t-column,apps/gestao-vite/src/estilos/globais.css:1667,3,no,,,approved,codex1,
css-css-var-d820d564,css,3,css-var,--g-t-coluna,--g-t-column,apps/gestao-vite/src/estilos/globais.css:2080,3,no,,,approved,codex1,
css-css-var-c42c808b,css,3,css-var,--g-t-valor-rel,--g-t-value-report,apps/gestao-vite/src/estilos/globais.css:115,16,no,,,approved,codex1,
css-css-var-c53863bb,css,3,css-var,--g-t-valor-rel,--g-t-value-report,apps/gestao-vite/src/estilos/globais.css:1629,16,no,,,approved,codex1,
css-css-var-79502f2a,css,3,css-var,--g-t-valor-rel,--g-t-value-report,apps/gestao-vite/src/estilos/globais.css:1631,16,no,,,approved,codex1,
css-css-var-3e52bb7d,css,3,css-var,--g-t-valor-rel,--g-t-value-report,apps/gestao-vite/src/estilos/globais.css:1714,16,no,,,approved,codex1,
css-css-var-0983c3e7,css,3,css-var,--g-t-valor-rel,--g-t-value-report,apps/gestao-vite/src/estilos/globais.css:1716,16,no,,,approved,codex1,
css-css-var-513a7300,css,3,css-var,--g-t-valor-rel,--g-t-value-report,apps/gestao-vite/src/estilos/globais.css:2009,16,no,,,approved,codex1,
css-css-var-42fc780e,css,3,css-var,--g-t-valor-rel,--g-t-value-report,apps/gestao-vite/src/estilos/globais.css:2011,16,no,,,approved,codex1,
css-css-var-4dab2aa1,css,3,css-var,--g-t-valor-rel,--g-t-value-report,apps/gestao-vite/src/estilos/globais.css:2487,16,no,,,approved,codex1,
css-css-var-6ea00ca4,css,3,css-var,--g-t-valor-rel,--g-t-value-report,apps/gestao-vite/src/estilos/globais.css:2489,16,no,,,approved,codex1,
css-css-var-7fbccd79,css,3,css-var,--g-t-valor-rel,--g-t-value-report,apps/gestao-vite/src/estilos/globais.css:2889,16,no,,,approved,codex1,
css-css-var-9ceafee7,css,3,css-var,--g-t-valor-rel,--g-t-value-report,apps/gestao-vite/src/estilos/globais.css:2891,16,no,,,approved,codex1,
css-css-var-37ea03ee,css,3,css-var,--g-t-valor-rel,--g-t-value-report,apps/gestao-vite/src/estilos/globais.css:4624,16,no,,,approved,codex1,
css-css-var-75cc96c1,css,3,css-var,--g-t-valor-rel,--g-t-value-report,apps/gestao-vite/src/estilos/globais.css:4626,16,no,,,approved,codex1,
css-css-var-4467c7c3,css,3,css-var,--g-t-valor-rel,--g-t-value-report,apps/gestao-vite/src/paginas/operacao/atendimento.css:425,16,no,,,approved,codex1,
css-css-var-f5b6f6fd,css,3,css-var,--g-t-valor-rel,--g-t-value-report,apps/gestao-vite/src/paginas/operacao/atendimento.css:427,16,no,,,approved,codex1,
css-css-var-c4b68391,css,3,css-var,--g-t-valor-rel,--g-t-value-report,apps/gestao-vite/src/paginas/operacao/atendimento.css:873,16,no,,,approved,codex1,
css-css-var-ee7988d6,css,3,css-var,--g-t-valor,--g-t-value,apps/gestao-vite/src/estilos/globais.css:114,4,no,,,approved,codex1,
css-css-var-abec6f6b,css,3,css-var,--g-t-valor,--g-t-value,apps/gestao-vite/src/estilos/globais.css:1476,4,no,,,approved,codex1,
css-css-var-79d252df,css,3,css-var,--g-t-valor,--g-t-value,apps/gestao-vite/src/estilos/globais.css:1478,4,no,,,approved,codex1,
css-css-var-f5725b2a,css,3,css-var,--g-t-valor,--g-t-value,apps/gestao-vite/src/paginas/operacao/atendimento.css:239,4,no,,,approved,codex1,
css-css-var-fbecb658,css,3,css-var,--imagem,--image,apps/gestao-vite/src/paginas/fluxo/conteudos/conteudos.css:630,0,no,,,approved,codex1,
css-css-var-1a2b2fd5,css,3,css-var,--leitura,--read,apps/gestao-vite/src/paginas/fluxo/equipe/equipe.css:319,0,no,,,approved,codex1,
css-css-var-2a1226b3,css,3,css-var,--leitura,--read,apps/gestao-vite/src/paginas/fluxo/equipe/equipe.css:323,0,no,,,approved,codex1,
css-css-var-7c23fc88,css,3,css-var,--mensagens,--messages,apps/gestao-vite/src/paginas/fluxo/analise/visao-geral/visao-geral.css:98,0,no,,,approved,codex1,
css-css-var-95c5d3bf,css,3,css-var,--p-dado-trilho,--p-data-rail,packages/ui/src/estilos/tokens.css:370,2,no,,,approved,codex1,
css-css-var-c3a1c068,css,3,css-var,--p-erro-conteudo,--p-error-content,apps/crm/src/app/configuracoes/configuracoes.css:225,82,no,,,approved,codex1,
css-css-var-8ca778df,css,3,css-var,--p-erro-conteudo,--p-error-content,apps/crm/src/app/globais.css:313,82,no,,,approved,codex1,
css-css-var-0d1626bd,css,3,css-var,--p-erro-conteudo,--p-error-content,apps/crm/src/app/globais.css:514,82,no,,,approved,codex1,
css-css-var-ebe8b401,css,3,css-var,--p-erro-conteudo,--p-error-content,apps/desk-vite/src/estilos/globais.css:1511,82,no,,,approved,codex1,
css-css-var-633c1717,css,3,css-var,--p-erro-conteudo,--p-error-content,apps/desk-vite/src/estilos/globais.css:2250,82,no,,,approved,codex1,
css-css-var-e6d30a0c,css,3,css-var,--p-erro-conteudo,--p-error-content,apps/desk-vite/src/estilos/globais.css:24,82,no,,,approved,codex1,
css-css-var-ef8443c4,css,3,css-var,--p-erro-conteudo,--p-error-content,apps/desk-vite/src/estilos/globais.css:924,82,no,,,approved,codex1,
css-css-var-aaf59a8e,css,3,css-var,--p-erro-conteudo,--p-error-content,apps/desk-vite/src/estilos/globais.css:989,82,no,,,approved,codex1,
css-css-var-346c1d24,css,3,css-var,--p-erro-conteudo,--p-error-content,apps/gestao-vite/src/estilos/globais.css:1505,82,no,,,approved,codex1,
css-css-var-d9967b8e,css,3,css-var,--p-erro-conteudo,--p-error-content,apps/gestao-vite/src/estilos/globais.css:1522,82,no,,,approved,codex1,
css-css-var-3f8fd119,css,3,css-var,--p-erro-conteudo,--p-error-content,apps/gestao-vite/src/estilos/globais.css:1890,82,no,,,approved,codex1,
css-css-var-551ef946,css,3,css-var,--p-erro-conteudo,--p-error-content,apps/gestao-vite/src/estilos/globais.css:2238,82,no,,,approved,codex1,
css-css-var-2a89e9b1,css,3,css-var,--p-erro-conteudo,--p-error-content,apps/gestao-vite/src/estilos/globais.css:343,82,no,,,approved,codex1,
css-css-var-184d8739,css,3,css-var,--p-erro-conteudo,--p-error-content,apps/gestao-vite/src/estilos/globais.css:4278,82,no,,,approved,codex1,
css-css-var-93898f0c,css,3,css-var,--p-erro-conteudo,--p-error-content,apps/gestao-vite/src/estilos/globais.css:59,82,no,,,approved,codex1,
css-css-var-9720bd37,css,3,css-var,--p-erro-conteudo,--p-error-content,apps/gestao-vite/src/paginas/builder.css:285,82,no,,,approved,codex1,
css-css-var-9d2f1330,css,3,css-var,--p-erro-conteudo,--p-error-content,apps/gestao-vite/src/paginas/builder/editor.css:154,82,no,,,approved,codex1,
css-css-var-5d9f3219,css,3,css-var,--p-erro-conteudo,--p-error-content,apps/gestao-vite/src/paginas/builder/editor.css:492,82,no,,,approved,codex1,
css-css-var-e6229c96,css,3,css-var,--p-erro-conteudo,--p-error-content,apps/gestao-vite/src/paginas/builder/editor.css:583,82,no,,,approved,codex1,
css-css-var-2a90b064,css,3,css-var,--p-erro-conteudo,--p-error-content,apps/gestao-vite/src/paginas/builder/editor.css:620,82,no,,,approved,codex1,
css-css-var-5f7d814e,css,3,css-var,--p-erro-conteudo,--p-error-content,apps/gestao-vite/src/paginas/builder/editor.css:792,82,no,,,approved,codex1,
css-css-var-c0872fd6,css,3,css-var,--p-erro-conteudo,--p-error-content,apps/gestao-vite/src/paginas/builder/editor.css:96,82,no,,,approved,codex1,
css-css-var-1be850d1,css,3,css-var,--p-erro-conteudo,--p-error-content,apps/gestao-vite/src/paginas/contrato/certificados/certificados.css:232,82,no,,,approved,codex1,
css-css-var-bc9bca60,css,3,css-var,--p-erro-conteudo,--p-error-content,apps/gestao-vite/src/paginas/contrato/certificados/certificados.css:237,82,no,,,approved,codex1,
css-css-var-26ce1a2f,css,3,css-var,--p-erro-conteudo,--p-error-content,apps/gestao-vite/src/paginas/contrato/certificados/certificados.css:31,82,no,,,approved,codex1,
css-css-var-b3cef7e6,css,3,css-var,--p-erro-conteudo,--p-error-content,apps/gestao-vite/src/paginas/contrato/certificados/certificados.css:766,82,no,,,approved,codex1,
css-css-var-54b45291,css,3,css-var,--p-erro-conteudo,--p-error-content,apps/gestao-vite/src/paginas/contrato/certificados/certificados.css:774,82,no,,,approved,codex1,
css-css-var-b117ebdc,css,3,css-var,--p-erro-conteudo,--p-error-content,apps/gestao-vite/src/paginas/contrato/certificados/certificados.css:784,82,no,,,approved,codex1,
css-css-var-a19ab461,css,3,css-var,--p-erro-conteudo,--p-error-content,apps/gestao-vite/src/paginas/contrato/contrato.css:1196,82,no,,,approved,codex1,
css-css-var-002643ed,css,3,css-var,--p-erro-conteudo,--p-error-content,apps/gestao-vite/src/paginas/contrato/contrato.css:1234,82,no,,,approved,codex1,
css-css-var-603775bb,css,3,css-var,--p-erro-conteudo,--p-error-content,apps/gestao-vite/src/paginas/contrato/contrato.css:1343,82,no,,,approved,codex1,
css-css-var-375a6a46,css,3,css-var,--p-erro-conteudo,--p-error-content,apps/gestao-vite/src/paginas/contrato/contrato.css:1365,82,no,,,approved,codex1,
css-css-var-e64893d8,css,3,css-var,--p-erro-conteudo,--p-error-content,apps/gestao-vite/src/paginas/contrato/contrato.css:1444,82,no,,,approved,codex1,
css-css-var-d95917ed,css,3,css-var,--p-erro-conteudo,--p-error-content,apps/gestao-vite/src/paginas/contrato/contrato.css:1778,82,no,,,approved,codex1,
css-css-var-fa21e2e5,css,3,css-var,--p-erro-conteudo,--p-error-content,apps/gestao-vite/src/paginas/contrato/contrato.css:26,82,no,,,approved,codex1,
css-css-var-14087701,css,3,css-var,--p-erro-conteudo,--p-error-content,apps/gestao-vite/src/paginas/contrato/contrato.css:264,82,no,,,approved,codex1,
css-css-var-851b6252,css,3,css-var,--p-erro-conteudo,--p-error-content,apps/gestao-vite/src/paginas/contrato/contrato.css:439,82,no,,,approved,codex1,
css-css-var-fc4547af,css,3,css-var,--p-erro-conteudo,--p-error-content,apps/gestao-vite/src/paginas/contrato/contrato.css:459,82,no,,,approved,codex1,
css-css-var-8461c0e2,css,3,css-var,--p-erro-conteudo,--p-error-content,apps/gestao-vite/src/paginas/contrato/contrato.css:910,82,no,,,approved,codex1,
css-css-var-bb1e3e59,css,3,css-var,--p-erro-conteudo,--p-error-content,apps/gestao-vite/src/paginas/contrato/contrato.css:916,82,no,,,approved,codex1,
css-css-var-085247c2,css,3,css-var,--p-erro-conteudo,--p-error-content,apps/gestao-vite/src/paginas/criar/criar.css:111,82,no,,,approved,codex1,
css-css-var-f24137f1,css,3,css-var,--p-erro-conteudo,--p-error-content,apps/gestao-vite/src/paginas/fluxo/analise/dicionario-de-dados/dicionario.css:36,82,no,,,approved,codex1,
css-css-var-31208d17,css,3,css-var,--p-erro-conteudo,--p-error-content,apps/gestao-vite/src/paginas/fluxo/analise/dicionario-de-dados/dicionario.css:558,82,no,,,approved,codex1,
css-css-var-79a966b7,css,3,css-var,--p-erro-conteudo,--p-error-content,apps/gestao-vite/src/paginas/fluxo/analise/dicionario-de-dados/dicionario.css:562,82,no,,,approved,codex1,
css-css-var-7bf490e2,css,3,css-var,--p-erro-conteudo,--p-error-content,apps/gestao-vite/src/paginas/fluxo/configuracoes/basicas/basicas.css:132,82,no,,,approved,codex1,
css-css-var-884c76f4,css,3,css-var,--p-erro-conteudo,--p-error-content,apps/gestao-vite/src/paginas/fluxo/configuracoes/configuracoes.css:620,82,no,,,approved,codex1,
css-css-var-ac9b5f03,css,3,css-var,--p-erro-conteudo,--p-error-content,apps/gestao-vite/src/paginas/fluxo/configuracoes/configuracoes.css:621,82,no,,,approved,codex1,
css-css-var-b8c2adc8,css,3,css-var,--p-erro-conteudo,--p-error-content,apps/gestao-vite/src/paginas/fluxo/configuracoes/configuracoes.css:794,82,no,,,approved,codex1,
css-css-var-7fed5c7d,css,3,css-var,--p-erro-conteudo,--p-error-content,apps/gestao-vite/src/paginas/fluxo/configuracoes/configuracoes.css:869,82,no,,,approved,codex1,
css-css-var-d6dcbdaf,css,3,css-var,--p-erro-conteudo,--p-error-content,apps/gestao-vite/src/paginas/fluxo/contatos/contatos.css:592,82,no,,,approved,codex1,
css-css-var-154e7f92,css,3,css-var,--p-erro-conteudo,--p-error-content,apps/gestao-vite/src/paginas/fluxo/conteudos/conteudos.css:371,82,no,,,approved,codex1,
css-css-var-a6360af5,css,3,css-var,--p-erro-conteudo,--p-error-content,apps/gestao-vite/src/paginas/fluxo/conteudos/conteudos.css:481,82,no,,,approved,codex1,
css-css-var-498ba3a7,css,3,css-var,--p-erro-conteudo,--p-error-content,apps/gestao-vite/src/paginas/fluxo/conteudos/conteudos.css:521,82,no,,,approved,codex1,
css-css-var-6f06ff81,css,3,css-var,--p-erro-conteudo,--p-error-content,apps/gestao-vite/src/paginas/fluxo/conteudos/conteudos.css:634,82,no,,,approved,codex1,
css-css-var-c3adefae,css,3,css-var,--p-erro-conteudo,--p-error-content,apps/gestao-vite/src/paginas/fluxo/conteudos/conteudos.css:716,82,no,,,approved,codex1,
css-css-var-c73cb65a,css,3,css-var,--p-erro-conteudo,--p-error-content,apps/gestao-vite/src/paginas/fluxo/conteudos/conteudos.css:774,82,no,,,approved,codex1,
css-css-var-519155b6,css,3,css-var,--p-erro-conteudo,--p-error-content,apps/gestao-vite/src/paginas/fluxo/fluxo.css:160,82,no,,,approved,codex1,
css-css-var-f6a12c6e,css,3,css-var,--p-erro-conteudo,--p-error-content,apps/gestao-vite/src/paginas/fluxo/fluxo.css:37,82,no,,,approved,codex1,
css-css-var-353c030f,css,3,css-var,--p-erro-conteudo,--p-error-content,apps/gestao-vite/src/paginas/fluxo/growth/growth.css:436,82,no,,,approved,codex1,
css-css-var-6258a28d,css,3,css-var,--p-erro-conteudo,--p-error-content,apps/gestao-vite/src/paginas/fluxo/integracoes/integracoes.css:412,82,no,,,approved,codex1,
css-css-var-1428b66f,css,3,css-var,--p-erro-conteudo,--p-error-content,apps/gestao-vite/src/paginas/fluxo/integracoes/integracoes.css:462,82,no,,,approved,codex1,
css-css-var-59e10560,css,3,css-var,--p-erro-conteudo,--p-error-content,apps/gestao-vite/src/paginas/fluxo/integracoes/integracoes.css:752,82,no,,,approved,codex1,
css-css-var-25cb6f75,css,3,css-var,--p-erro-conteudo,--p-error-content,apps/gestao-vite/src/paginas/fluxo/servicos/servicos.css:750,82,no,,,approved,codex1,
css-css-var-9cce9300,css,3,css-var,--p-erro-conteudo,--p-error-content,apps/gestao-vite/src/paginas/minha-conta/minha-conta.css:381,82,no,,,approved,codex1,
css-css-var-335b170c,css,3,css-var,--p-erro-conteudo,--p-error-content,apps/gestao-vite/src/paginas/minha-conta/minha-conta.css:478,82,no,,,approved,codex1,
css-css-var-bbd9fd1a,css,3,css-var,--p-erro-conteudo,--p-error-content,apps/gestao-vite/src/paginas/minha-conta/minha-conta.css:486,82,no,,,approved,codex1,
css-css-var-f75770eb,css,3,css-var,--p-erro-conteudo,--p-error-content,apps/gestao-vite/src/paginas/operacao/atendimento.css:689,82,no,,,approved,codex1,
css-css-var-2b94a04e,css,3,css-var,--p-erro-conteudo,--p-error-content,packages/ui/src/estilos.css:40,82,no,,,approved,codex1,
css-css-var-ecdd14b8,css,3,css-var,--p-erro-conteudo,--p-error-content,packages/ui/src/estilos/base.css:331,82,no,,,approved,codex1,
css-css-var-985504aa,css,3,css-var,--p-erro-conteudo,--p-error-content,packages/ui/src/estilos/base.css:433,82,no,,,approved,codex1,
css-css-var-a7c36352,css,3,css-var,--p-erro-conteudo,--p-error-content,packages/ui/src/estilos/base.css:563,82,no,,,approved,codex1,
css-css-var-02628e61,css,3,css-var,--p-erro-conteudo,--p-error-content,packages/ui/src/estilos/base.css:769,82,no,,,approved,codex1,
css-css-var-0869f653,css,3,css-var,--p-erro-conteudo,--p-error-content,packages/ui/src/estilos/tokens.css:248,82,no,,,approved,codex1,
css-css-var-75cc0c8f,css,3,css-var,--p-erro-conteudo,--p-error-content,packages/ui/src/estilos/tokens.css:268,82,no,,,approved,codex1,
css-css-var-5b27fa57,css,3,css-var,--p-erro-conteudo,--p-error-content,packages/ui/src/estilos/tokens.css:308,82,no,,,approved,codex1,
css-css-var-bad56aed,css,3,css-var,--p-erro-conteudo,--p-error-content,packages/ui/src/estilos/tokens.css:325,82,no,,,approved,codex1,
css-css-var-fd6f3325,css,3,css-var,--p-erro-conteudo,--p-error-content,packages/ui/src/estilos/tokens.css:365,82,no,,,approved,codex1,
css-css-var-825c19bc,css,3,css-var,--p-erro-conteudo,--p-error-content,packages/ui/src/estilos/tokens.css:84,82,no,,,approved,codex1,
css-css-var-84222cb5,css,3,css-var,--p-erro-fundo,--p-error-background,apps/crm/src/app/configuracoes/configuracoes.css:224,25,no,,,approved,codex1,
css-css-var-f526f6c1,css,3,css-var,--p-erro-fundo,--p-error-background,apps/crm/src/app/globais.css:477,25,no,,,approved,codex1,
css-css-var-169bf375,css,3,css-var,--p-erro-fundo,--p-error-background,apps/desk-vite/src/estilos/globais.css:923,25,no,,,approved,codex1,
css-css-var-f99b28df,css,3,css-var,--p-erro-fundo,--p-error-background,apps/gestao-vite/src/estilos/globais.css:60,25,no,,,approved,codex1,
css-css-var-b42afbf7,css,3,css-var,--p-erro-fundo,--p-error-background,apps/gestao-vite/src/paginas/builder.css:283,25,no,,,approved,codex1,
css-css-var-c2cac5b9,css,3,css-var,--p-erro-fundo,--p-error-background,apps/gestao-vite/src/paginas/builder/editor.css:491,25,no,,,approved,codex1,
css-css-var-047ce579,css,3,css-var,--p-erro-fundo,--p-error-background,apps/gestao-vite/src/paginas/contrato/certificados/certificados.css:31,25,no,,,approved,codex1,
css-css-var-9e42e488,css,3,css-var,--p-erro-fundo,--p-error-background,apps/gestao-vite/src/paginas/contrato/certificados/certificados.css:507,25,no,,,approved,codex1,
css-css-var-2dae7b2b,css,3,css-var,--p-erro-fundo,--p-error-background,apps/gestao-vite/src/paginas/contrato/certificados/certificados.css:770,25,no,,,approved,codex1,
css-css-var-1c18c771,css,3,css-var,--p-erro-fundo,--p-error-background,apps/gestao-vite/src/paginas/contrato/contrato.css:438,25,no,,,approved,codex1,
css-css-var-8f86ebcb,css,3,css-var,--p-erro-fundo,--p-error-background,apps/gestao-vite/src/paginas/criar/criar.css:112,25,no,,,approved,codex1,
css-css-var-0f277523,css,3,css-var,--p-erro-fundo,--p-error-background,apps/gestao-vite/src/paginas/fluxo/analise/dicionario-de-dados/dicionario.css:32,25,no,,,approved,codex1,
css-css-var-525d67f9,css,3,css-var,--p-erro-fundo,--p-error-background,apps/gestao-vite/src/paginas/fluxo/analise/dicionario-de-dados/dicionario.css:753,25,no,,,approved,codex1,
css-css-var-f3b0cbe9,css,3,css-var,--p-erro-fundo,--p-error-background,apps/gestao-vite/src/paginas/fluxo/configuracoes/configuracoes.css:624,25,no,,,approved,codex1,
css-css-var-5fb3ecb0,css,3,css-var,--p-erro-fundo,--p-error-background,apps/gestao-vite/src/paginas/fluxo/configuracoes/configuracoes.css:793,25,no,,,approved,codex1,
css-css-var-15b2a746,css,3,css-var,--p-erro-fundo,--p-error-background,apps/gestao-vite/src/paginas/fluxo/conteudos/conteudos.css:24,25,no,,,approved,codex1,
css-css-var-7e419399,css,3,css-var,--p-erro-fundo,--p-error-background,apps/gestao-vite/src/paginas/fluxo/conteudos/conteudos.css:715,25,no,,,approved,codex1,
css-css-var-1206f3bc,css,3,css-var,--p-erro-fundo,--p-error-background,apps/gestao-vite/src/paginas/minha-conta/minha-conta.css:380,25,no,,,approved,codex1,
css-css-var-23b9a77d,css,3,css-var,--p-erro-fundo,--p-error-background,packages/ui/src/estilos/base.css:335,25,no,,,approved,codex1,
css-css-var-a38cacdc,css,3,css-var,--p-erro-fundo,--p-error-background,packages/ui/src/estilos/base.css:431,25,no,,,approved,codex1,
css-css-var-c7eefb6b,css,3,css-var,--p-erro-fundo,--p-error-background,packages/ui/src/estilos/base.css:698,25,no,,,approved,codex1,
css-css-var-fa537e5f,css,3,css-var,--p-erro-fundo,--p-error-background,packages/ui/src/estilos/tokens.css:246,25,no,,,approved,codex1,
css-css-var-be69e2b2,css,3,css-var,--p-erro-fundo,--p-error-background,packages/ui/src/estilos/tokens.css:306,25,no,,,approved,codex1,
css-css-var-09ba6794,css,3,css-var,--p-erro-fundo,--p-error-background,packages/ui/src/estilos/tokens.css:82,25,no,,,approved,codex1,
css-css-var-210b4e70,css,3,css-var,--p-erro-linha,--p-error-line,apps/crm/src/app/configuracoes/configuracoes.css:226,14,no,,,approved,codex1,
css-css-var-3161f1a2,css,3,css-var,--p-erro-linha,--p-error-line,apps/crm/src/app/globais.css:478,14,no,,,approved,codex1,
css-css-var-a761f6ee,css,3,css-var,--p-erro-linha,--p-error-line,apps/gestao-vite/src/paginas/builder.css:284,14,no,,,approved,codex1,
css-css-var-74419c41,css,3,css-var,--p-erro-linha,--p-error-line,apps/gestao-vite/src/paginas/builder.css:346,14,no,,,approved,codex1,
css-css-var-b8640aba,css,3,css-var,--p-erro-linha,--p-error-line,apps/gestao-vite/src/paginas/contrato/contrato.css:1234,14,no,,,approved,codex1,
css-css-var-c6f44b50,css,3,css-var,--p-erro-linha,--p-error-line,apps/gestao-vite/src/paginas/contrato/contrato.css:1347,14,no,,,approved,codex1,
css-css-var-d8af6381,css,3,css-var,--p-erro-linha,--p-error-line,apps/gestao-vite/src/paginas/minha-conta/minha-conta.css:378,14,no,,,approved,codex1,
css-css-var-7d4a7ca5,css,3,css-var,--p-erro-linha,--p-error-line,apps/gestao-vite/src/paginas/minha-conta/minha-conta.css:477,14,no,,,approved,codex1,
css-css-var-0ddc07e2,css,3,css-var,--p-erro-linha,--p-error-line,packages/ui/src/estilos/base.css:330,14,no,,,approved,codex1,
css-css-var-9f8817a8,css,3,css-var,--p-erro-linha,--p-error-line,packages/ui/src/estilos/base.css:432,14,no,,,approved,codex1,
css-css-var-a3764d62,css,3,css-var,--p-erro-linha,--p-error-line,packages/ui/src/estilos/tokens.css:247,14,no,,,approved,codex1,
css-css-var-70a23b32,css,3,css-var,--p-erro-linha,--p-error-line,packages/ui/src/estilos/tokens.css:307,14,no,,,approved,codex1,
css-css-var-ad7c78e2,css,3,css-var,--p-erro-linha,--p-error-line,packages/ui/src/estilos/tokens.css:83,14,no,,,approved,codex1,
css-css-var-2da95e24,css,3,css-var,--p-erro-sobre-escuro,--p-error-on-dark,apps/desk-vite/src/estilos/globais.css:249,8,no,,,approved,codex1,
css-css-var-de09cc4a,css,3,css-var,--p-erro-sobre-escuro,--p-error-on-dark,apps/gestao-vite/src/estilos/globais.css:82,8,no,,,approved,codex1,
css-css-var-678563de,css,3,css-var,--p-erro-sobre-escuro,--p-error-on-dark,apps/gestao-vite/src/paginas/builder.css:345,8,no,,,approved,codex1,
css-css-var-b1863e41,css,3,css-var,--p-erro-sobre-escuro,--p-error-on-dark,apps/gestao-vite/src/paginas/criar/criar.css:62,8,no,,,approved,codex1,
css-css-var-f36604ff,css,3,css-var,--p-erro-sobre-escuro,--p-error-on-dark,apps/gestao-vite/src/paginas/criar/criar.css:63,8,no,,,approved,codex1,
css-css-var-830aa3e5,css,3,css-var,--p-erro-sobre-escuro,--p-error-on-dark,packages/ui/src/estilos/tokens.css:120,8,no,,,approved,codex1,
css-css-var-4fabf222,css,3,css-var,--p-erro-sobre-escuro,--p-error-on-dark,packages/ui/src/estilos/tokens.css:268,8,no,,,approved,codex1,
css-css-var-c3657953,css,3,css-var,--p-erro-sobre-escuro,--p-error-on-dark,packages/ui/src/estilos/tokens.css:325,8,no,,,approved,codex1,
css-css-var-17571728,css,3,css-var,--p-erro-tinta,--p-error-ink,packages/ui/src/estilos/tokens.css:365,2,no,,,approved,codex1,
css-css-var-3b349415,css,3,css-var,--p-grafico-trilho,--p-chart-rail,apps/gestao-vite/src/estilos/globais.css:1872,8,no,,,approved,codex1,
css-css-var-9b34a8fc,css,3,css-var,--p-grafico-trilho,--p-chart-rail,packages/ui/src/estilos/base.css:751,8,no,,,approved,codex1,
css-css-var-1bca782d,css,3,css-var,--p-grafico-trilho,--p-chart-rail,packages/ui/src/estilos/tokens.css:132,8,no,,,approved,codex1,
css-css-var-3d4f4d25,css,3,css-var,--p-grafico-trilho,--p-chart-rail,packages/ui/src/estilos/tokens.css:275,8,no,,,approved,codex1,
css-css-var-d688d5a1,css,3,css-var,--p-grafico-trilho,--p-chart-rail,packages/ui/src/estilos/tokens.css:332,8,no,,,approved,codex1,
css-css-var-0184612b,css,3,css-var,--p-grafico-trilho,--p-chart-rail,packages/ui/src/estilos/tokens.css:370,8,no,,,approved,codex1,
css-css-var-a7448f99,css,3,css-var,--pe-papel,--pe-paper,apps/desk-vite/src/estilos/globais.css:2526,10,no,,,approved,codex1,"glossary-exception:papel-role (CSS ""paper"" surface component, not the permission-role sense)"
css-css-var-dffc8285,css,3,css-var,--pe-papel,--pe-paper,apps/desk-vite/src/estilos/globais.css:2579,10,no,,,approved,codex1,"glossary-exception:papel-role (CSS ""paper"" surface component, not the permission-role sense)"
css-css-var-2d3ad759,css,3,css-var,--pe-papel,--pe-paper,apps/desk-vite/src/estilos/globais.css:2642,10,no,,,approved,codex1,"glossary-exception:papel-role (CSS ""paper"" surface component, not the permission-role sense)"
css-css-var-becb5040,css,3,css-var,--pe-papel,--pe-paper,apps/desk-vite/src/estilos/globais.css:2729,10,no,,,approved,codex1,"glossary-exception:papel-role (CSS ""paper"" surface component, not the permission-role sense)"
css-css-var-71d3df92,css,3,css-var,--pe-papel,--pe-paper,apps/gestao-vite/src/estilos/globais.css:2948,10,no,,,approved,codex1,"glossary-exception:papel-role (CSS ""paper"" surface component, not the permission-role sense)"
css-css-var-70d013e6,css,3,css-var,--pe-papel,--pe-paper,apps/gestao-vite/src/estilos/globais.css:3001,10,no,,,approved,codex1,"glossary-exception:papel-role (CSS ""paper"" surface component, not the permission-role sense)"
css-css-var-776c7089,css,3,css-var,--pe-papel,--pe-paper,apps/gestao-vite/src/estilos/globais.css:3064,10,no,,,approved,codex1,"glossary-exception:papel-role (CSS ""paper"" surface component, not the permission-role sense)"
css-css-var-69985143,css,3,css-var,--pe-papel,--pe-paper,apps/gestao-vite/src/estilos/globais.css:3151,10,no,,,approved,codex1,"glossary-exception:papel-role (CSS ""paper"" surface component, not the permission-role sense)"
css-css-var-bd0ef2ee,css,3,css-var,--pe-papel,--pe-paper,apps/gestao-vite/src/estilos/globais.css:4462,10,no,,,approved,codex1,"glossary-exception:papel-role (CSS ""paper"" surface component, not the permission-role sense)"
css-css-var-d41009e0,css,3,css-var,--pe-papel,--pe-paper,apps/gestao-vite/src/estilos/globais.css:4482,10,no,,,approved,codex1,"glossary-exception:papel-role (CSS ""paper"" surface component, not the permission-role sense)"
css-css-var-94eeed5a,css,3,css-var,--primeira,--first,apps/gestao-vite/src/paginas/fluxo/contatos/contatos.css:484,0,no,,,approved,codex1,
css-css-var-22933e37,css,3,css-var,--trilho,--rail,apps/crm/src/app/globais.css:1433,5,no,,,approved,codex1,
css-css-var-7196e672,css,3,css-var,--trilho,--rail,apps/crm/src/app/globais.css:1441,5,no,,,approved,codex1,
css-css-var-e171a40b,css,3,css-var,--trilho,--rail,apps/crm/src/app/globais.css:1442,5,no,,,approved,codex1,
css-css-var-54f770b4,css,3,css-var,--trilho,--rail,apps/crm/src/app/globais.css:1470,5,no,,,approved,codex1,
css-css-var-1f412837,css,3,css-var,--usuarios,--users,apps/gestao-vite/src/paginas/fluxo/analise/visao-geral/visao-geral.css:94,0,no,,,approved,codex1,
css-css-var-ee81f9c8,css,3,css-var,--vazio,--empty,apps/gestao-vite/src/paginas/fluxo/analise/dicionario-de-dados/dicionario.css:508,0,no,,,approved,codex1,
css-data-attr-f8ff29a8,css,3,data-attr,data-bloco,data-block,apps/gestao-vite/src/paginas/builder/no.tsx:62,2,no,,,approved,codex1,
css-data-attr-40c09630,css,3,data-attr,data-busca,data-search,apps/site/assets/site.js:213,5,no,,,approved,codex1,
css-data-attr-30ee0251,css,3,data-attr,data-categoria=Atendimento,data-category=attendance,apps/gestao-vite/src/paginas/novidades/novidades.css:145,0,no,,,approved,codex1,
css-data-attr-fd869cf7,css,3,data-attr,data-categoria=Automação,data-category=automation,apps/gestao-vite/src/paginas/novidades/novidades.css:149,0,no,,,approved,codex1,
css-data-attr-a4e62fd0,css,3,data-attr,data-entrega=lida,data-delivery=read,apps/desk-vite/src/estilos/globais.css:1542,0,no,,,approved,codex1,
css-data-attr-1b598273,css,3,data-attr,data-entrega,data-delivery,apps/desk-vite/src/estilos/globais.css:1542,2,no,,,approved,codex1,
css-data-attr-60c1c80d,css,3,data-attr,data-entrega,data-delivery,apps/desk-vite/src/paginas/atendimentos/thread.tsx:133,2,no,,,approved,codex1,
css-data-attr-61894ced,css,3,data-attr,data-erro,data-error,apps/gestao-vite/src/paginas/criar/casco.tsx:175,12,no,,,approved,codex1,
css-data-attr-7e5ddd6a,css,3,data-attr,data-erro,data-error,apps/gestao-vite/src/paginas/criar/criar.css:353,12,no,,,approved,codex1,
css-data-attr-af289060,css,3,data-attr,data-erro,data-error,apps/gestao-vite/src/paginas/minha-conta/minha-conta.css:476,12,no,,,approved,codex1,
css-data-attr-34b9d376,css,3,data-attr,data-erro,data-error,apps/gestao-vite/src/paginas/minha-conta/minha-conta.css:490,12,no,,,approved,codex1,
css-data-attr-cf87f8b9,css,3,data-attr,data-erro,data-error,apps/gestao-vite/src/paginas/minha-conta/page.tsx:172,12,no,,,approved,codex1,
css-data-attr-810e43a0,css,3,data-attr,data-erro,data-error,apps/gestao-vite/src/paginas/minha-conta/page.tsx:192,12,no,,,approved,codex1,
css-data-attr-f9a56dd5,css,3,data-attr,data-erro,data-error,apps/gestao-vite/src/paginas/minha-conta/page.tsx:205,12,no,,,approved,codex1,
css-data-attr-5ce242a4,css,3,data-attr,data-erro,data-error,apps/gestao-vite/src/paginas/minha-conta/page.tsx:220,12,no,,,approved,codex1,
css-data-attr-d41a5368,css,3,data-attr,data-erro,data-error,apps/gestao-vite/src/paginas/minha-conta/page.tsx:277,12,no,,,approved,codex1,
css-data-attr-720c9b9b,css,3,data-attr,data-erro,data-error,apps/gestao-vite/src/paginas/minha-conta/page.tsx:292,12,no,,,approved,codex1,
css-data-attr-4f7bdfe0,css,3,data-attr,data-estado=chat,data-status=chat,apps/desk-vite/src/estilos/globais.css:2289,0,no,,,approved,codex1,"glossary-exception:estado-state (closed status enum, not general state)"
css-data-attr-433e822d,css,3,data-attr,data-estado=chat,data-status=chat,apps/desk-vite/src/estilos/globais.css:2290,0,no,,,approved,codex1,"glossary-exception:estado-state (closed status enum, not general state)"
css-data-attr-0ab82847,css,3,data-attr,data-estado=chat,data-status=chat,apps/desk-vite/src/estilos/globais.css:2291,0,no,,,approved,codex1,"glossary-exception:estado-state (closed status enum, not general state)"
css-data-attr-f1311f42,css,3,data-attr,data-estado=drawer,data-status=drawer,apps/desk-vite/src/estilos/globais.css:2295,0,no,,,approved,codex1,"glossary-exception:estado-state (closed status enum, not general state)"
css-data-attr-652fe944,css,3,data-attr,data-estado=drawer,data-status=drawer,apps/desk-vite/src/estilos/globais.css:2296,0,no,,,approved,codex1,"glossary-exception:estado-state (closed status enum, not general state)"
css-data-attr-f980e8ca,css,3,data-attr,data-estado=drawer,data-status=drawer,apps/desk-vite/src/estilos/globais.css:2297,0,no,,,approved,codex1,"glossary-exception:estado-state (closed status enum, not general state)"
css-data-attr-b3d41cad,css,3,data-attr,data-estado=offline,data-status=offline,apps/desk-vite/src/estilos/globais.css:248,0,no,,,approved,codex1,"glossary-exception:estado-state (closed status enum, not general state)"
css-data-attr-d1561c65,css,3,data-attr,data-estado=online,data-status=online,apps/desk-vite/src/estilos/globais.css:240,0,no,,,approved,codex1,"glossary-exception:estado-state (closed status enum, not general state)"
css-data-attr-1fec1050,css,3,data-attr,data-estado=online,data-status=online,apps/desk-vite/src/estilos/globais.css:2443,0,no,,,approved,codex1,"glossary-exception:estado-state (closed status enum, not general state)"
css-data-attr-c7dd2ebb,css,3,data-attr,data-estado=pausa,data-status=paused,apps/desk-vite/src/componentes/trilho.tsx:203,0,no,,,approved,codex1,"glossary-exception:estado-state (closed status enum, not general state)"
css-data-attr-ce199f11,css,3,data-attr,data-estado=pausa,data-status=paused,apps/desk-vite/src/estilos/globais.css:244,0,no,,,approved,codex1,"glossary-exception:estado-state (closed status enum, not general state)"
css-data-attr-c98902fd,css,3,data-attr,data-estado=pausa,data-status=paused,apps/desk-vite/src/estilos/globais.css:2447,0,no,,,approved,codex1,"glossary-exception:estado-state (closed status enum, not general state)"
css-data-attr-cda3e1c1,css,3,data-attr,data-estado,data-status,apps/desk-vite/src/componentes/trilho.tsx:107,15,no,,,approved,codex1,"glossary-exception:estado-state (closed status enum, not general state)"
css-data-attr-5640e879,css,3,data-attr,data-estado,data-status,apps/desk-vite/src/componentes/trilho.tsx:203,15,no,,,approved,codex1,"glossary-exception:estado-state (closed status enum, not general state)"
css-data-attr-22d7dcbd,css,3,data-attr,data-estado,data-status,apps/desk-vite/src/componentes/trilho.tsx:227,15,no,,,approved,codex1,"glossary-exception:estado-state (closed status enum, not general state)"
css-data-attr-511a981b,css,3,data-attr,data-estado,data-status,apps/desk-vite/src/estilos/globais.css:2289,15,no,,,approved,codex1,"glossary-exception:estado-state (closed status enum, not general state)"
css-data-attr-6ad7ca78,css,3,data-attr,data-estado,data-status,apps/desk-vite/src/estilos/globais.css:2290,15,no,,,approved,codex1,"glossary-exception:estado-state (closed status enum, not general state)"
css-data-attr-575f892a,css,3,data-attr,data-estado,data-status,apps/desk-vite/src/estilos/globais.css:2291,15,no,,,approved,codex1,"glossary-exception:estado-state (closed status enum, not general state)"
css-data-attr-75a46e09,css,3,data-attr,data-estado,data-status,apps/desk-vite/src/estilos/globais.css:2295,15,no,,,approved,codex1,"glossary-exception:estado-state (closed status enum, not general state)"
css-data-attr-8f380a3b,css,3,data-attr,data-estado,data-status,apps/desk-vite/src/estilos/globais.css:2296,15,no,,,approved,codex1,"glossary-exception:estado-state (closed status enum, not general state)"
css-data-attr-c361d333,css,3,data-attr,data-estado,data-status,apps/desk-vite/src/estilos/globais.css:2297,15,no,,,approved,codex1,"glossary-exception:estado-state (closed status enum, not general state)"
css-data-attr-4b4aaf55,css,3,data-attr,data-estado,data-status,apps/desk-vite/src/estilos/globais.css:240,15,no,,,approved,codex1,"glossary-exception:estado-state (closed status enum, not general state)"
css-data-attr-c5f53da4,css,3,data-attr,data-estado,data-status,apps/desk-vite/src/estilos/globais.css:244,15,no,,,approved,codex1,"glossary-exception:estado-state (closed status enum, not general state)"
css-data-attr-840e1f48,css,3,data-attr,data-estado,data-status,apps/desk-vite/src/estilos/globais.css:2443,15,no,,,approved,codex1,"glossary-exception:estado-state (closed status enum, not general state)"
css-data-attr-051aa034,css,3,data-attr,data-estado,data-status,apps/desk-vite/src/estilos/globais.css:2447,15,no,,,approved,codex1,"glossary-exception:estado-state (closed status enum, not general state)"
css-data-attr-ed1bd89b,css,3,data-attr,data-estado,data-status,apps/desk-vite/src/estilos/globais.css:248,15,no,,,approved,codex1,"glossary-exception:estado-state (closed status enum, not general state)"
css-data-attr-bba6446d,css,3,data-attr,data-modelo,data-template,apps/site/ferramentas/gerador-de-link-whatsapp/index.html:877,7,no,,,approved,codex1,
css-data-attr-80f6c553,css,3,data-attr,data-painel=aberto,data-panel=open,apps/desk-vite/src/estilos/globais.css:2266,0,no,,,approved,codex1,"glossary-exception:painel-application (CSS panel component, not the module/route sense)"
css-data-attr-ca6a0f87,css,3,data-attr,data-painel=fechado,data-panel=closed,apps/desk-vite/src/estilos/globais.css:2304,0,no,,,approved,codex1,"glossary-exception:painel-application (CSS panel component, not the module/route sense)"
css-data-attr-0007da75,css,3,data-attr,data-painel=fechado,data-panel=closed,apps/desk-vite/src/estilos/globais.css:2309,0,no,,,approved,codex1,"glossary-exception:painel-application (CSS panel component, not the module/route sense)"
css-data-attr-6025851e,css,3,data-attr,data-painel,data-panel,apps/desk-vite/src/estilos/globais.css:2266,21,no,,,approved,codex1,"glossary-exception:painel-application (CSS panel component, not the module/route sense)"
css-data-attr-2b9c3b6b,css,3,data-attr,data-painel,data-panel,apps/desk-vite/src/estilos/globais.css:2304,21,no,,,approved,codex1,"glossary-exception:painel-application (CSS panel component, not the module/route sense)"
css-data-attr-20e0bf90,css,3,data-attr,data-painel,data-panel,apps/desk-vite/src/estilos/globais.css:2309,21,no,,,approved,codex1,"glossary-exception:painel-application (CSS panel component, not the module/route sense)"
css-data-attr-a397371c,css,3,data-attr,data-painel,data-panel,apps/desk-vite/src/paginas/atendimentos/page.tsx:55,21,no,,,approved,codex1,"glossary-exception:painel-application (CSS panel component, not the module/route sense)"
css-data-attr-95ab0444,css,3,data-attr,data-primeiro,data-first,apps/site/assets/site.js:217,2,no,,,approved,codex1,
css-data-attr-d7541394,css,3,data-attr,data-tooltip=Falar com atendente,KEEP,apps/gestao-vite/src/componentes/monitoramento-detalhado.tsx:170,0,no,A,,approved,codex1,"user-visible tooltip text stays PT (product text, phase boundary)"
css-data-attr-5295f597,css,3,data-attr,data-tooltip=Mais opções,KEEP,apps/gestao-vite/src/componentes/monitoramento-detalhado.tsx:176,0,no,A,,approved,codex1,"user-visible tooltip text stays PT (product text, phase boundary)"
