id,scope,slice,kind,old,new,declared_at,consumers,persisted,category,decision_ref,status,owner,notes
packages-core-dir-115c6353,packages-core,1,dir,packages/core/src/analise,,packages/core/src/analise,0,no,,,candidate,,
packages-core-dir-61473a8d,packages-core,1,dir,packages/core/src/conversa,,packages/core/src/conversa,0,no,,,candidate,,
packages-core-dir-f4925d2f,packages-core,1,dir,packages/core/src/distribuicao,,packages/core/src/distribuicao,0,no,,,candidate,,
packages-core-dir-0047da1b,packages-core,1,dir,packages/core/src/esforco,,packages/core/src/esforco,0,no,,,candidate,,
packages-core-dir-4f91bf1d,packages-core,1,dir,packages/core/src/fluxo/fixtures,,packages/core/src/fluxo/fixtures,0,no,,,candidate,,
packages-core-dir-d503f8ce,packages-core,1,dir,packages/core/src/fluxo,,packages/core/src/fluxo,0,no,,,candidate,,
packages-core-dir-1e86b0ec,packages-core,1,dir,packages/core/src/janela,,packages/core/src/janela,0,no,,,candidate,,
packages-core-dir-45fd3bfa,packages-core,1,dir,packages/core/src/metricas,,packages/core/src/metricas,0,no,,,candidate,,
packages-core-file-576cceea,packages-core,1,file,acoes.teste.ts,,packages/core/src/fluxo/acoes.teste.ts,0,no,,,candidate,,
packages-core-file-b12305d1,packages-core,1,file,acoes.ts,,packages/core/src/fluxo/acoes.ts,39,no,,,candidate,,
packages-core-file-e87c6686,packages-core,1,file,agregacao.ts,,packages/core/src/metricas/agregacao.ts,1,no,,,candidate,,
packages-core-file-2cc3f6a9,packages-core,1,file,condicao.teste.ts,,packages/core/src/fluxo/condicao.teste.ts,1,no,,,candidate,,
packages-core-file-f0f6e836,packages-core,1,file,condicao.ts,,packages/core/src/fluxo/condicao.ts,3,no,,,candidate,,
packages-core-file-108a71a7,packages-core,1,file,contexto.ts,,packages/core/src/fluxo/contexto.ts,10,no,,,candidate,,
packages-core-file-20b4c560,packages-core,1,file,conversa.teste.ts,,packages/core/src/conversa/conversa.teste.ts,0,no,,,candidate,,
packages-core-file-f8702a15,packages-core,1,file,distribuicao.teste.ts,,packages/core/src/distribuicao/distribuicao.teste.ts,0,no,,,candidate,,
packages-core-file-cfee7b6a,packages-core,1,file,editor.teste.ts,,packages/core/src/fluxo/editor.teste.ts,0,no,,,candidate,,
packages-core-file-00d7606f,packages-core,1,file,encerramento.ts,,packages/core/src/metricas/encerramento.ts,0,no,,,candidate,,
packages-core-file-31f3a373,packages-core,1,file,esforco.teste.ts,,packages/core/src/esforco/esforco.teste.ts,0,no,,,candidate,,
packages-core-file-fbe39101,packages-core,1,file,gerenciador.teste.ts,,packages/core/src/fluxo/gerenciador.teste.ts,28,no,,,candidate,,
packages-core-file-e3f2a69c,packages-core,1,file,gerenciador.ts,,packages/core/src/fluxo/gerenciador.ts,3,no,,,candidate,,
packages-core-file-58aae264,packages-core,1,file,janela.teste.ts,,packages/core/src/janela/janela.teste.ts,0,no,,,candidate,,
packages-core-file-2b2376dc,packages-core,1,file,janela.ts,,packages/core/src/janela/janela.ts,1,no,,,candidate,,
packages-core-file-0208f7ed,packages-core,1,file,metricas.teste.ts,,packages/core/src/metricas/metricas.teste.ts,0,no,,,candidate,,
packages-core-file-519c6866,packages-core,1,file,modelos.teste.ts,,packages/core/src/fluxo/modelos.teste.ts,1,no,,,candidate,,
packages-core-file-39e551fc,packages-core,1,file,prioridade.ts,,packages/core/src/conversa/prioridade.ts,2,no,,,candidate,,
packages-core-file-91232c72,packages-core,1,file,score.teste.ts,,packages/core/src/score/score.teste.ts,0,no,,,candidate,,
packages-core-file-e0d39b14,packages-core,1,file,sessao.ts,,packages/core/src/esforco/sessao.ts,20,no,,,candidate,,
packages-core-file-ffd7eddb,packages-core,1,file,sla.teste.ts,,packages/core/src/sla/sla.teste.ts,0,no,,,candidate,,
packages-core-file-810fcac6,packages-core,1,file,tempo.ts,,packages/core/src/comum/tempo.ts,0,no,,,candidate,,
packages-core-file-af1135dc,packages-core,1,file,tsconfig.testes.json,,packages/core/tsconfig.testes.json,5,no,,,candidate,,
packages-core-literal-value-a1863a13,packages-core,1,literal-value,abandonada,,packages/core/src/metricas/encerramento.ts:11,23,no,,D-11,candidate,,Non-stored discriminator at packages/core/src/metricas/encerramento.ts:11
packages-core-literal-value-79d109aa,packages-core,1,literal-value,alerta,,packages/core/src/sla/regra.ts:19,184,no,,D-11,candidate,,Non-stored discriminator at packages/core/src/sla/regra.ts:19
packages-core-literal-value-2e721142,packages-core,1,literal-value,contem,KEEP,packages/core/src/score/motor.ts:32,0,unknown,,,candidate,,jsonb:regraPrioridade.condicao;jsonb:regraScore.condicao;jsonb:transicao.condicao
packages-core-literal-value-6b37fa3a,packages-core,1,literal-value,conteudo,KEEP,packages/core/src/fluxo/contexto.ts:126,0,unknown,,,candidate,,jsonb:processHttpExecucao.contexto
packages-core-literal-value-8a30ebe5,packages-core,1,literal-value,custom,,packages/core/src/analise/index.ts:37,60,no,,D-11,candidate,,Non-stored discriminator at packages/core/src/analise/index.ts:37
packages-core-literal-value-2d60eef9,packages-core,1,literal-value,DELETE,KEEP,packages/core/src/fluxo/contexto.ts:111,0,unknown,,,candidate,,jsonb:processHttpExecucao.pedido
packages-core-literal-value-a5e6eb52,packages-core,1,literal-value,dentro,,packages/core/src/sla/regra.ts:19,495,no,,D-11,candidate,,Non-stored discriminator at packages/core/src/sla/regra.ts:19
packages-core-literal-value-f3842f2a,packages-core,1,literal-value,diferente,KEEP,packages/core/src/score/motor.ts:32,0,unknown,,,candidate,,jsonb:regraPrioridade.condicao;jsonb:regraScore.condicao;jsonb:transicao.condicao
packages-core-literal-value-4bf81317,packages-core,1,literal-value,em,KEEP,packages/core/src/score/motor.ts:32,0,unknown,,,candidate,,jsonb:regraPrioridade.condicao;jsonb:regraScore.condicao;jsonb:transicao.condicao
packages-core-literal-value-7f3e5b04,packages-core,1,literal-value,encerramento,,packages/core/src/sla/regra.ts:18,69,no,,D-11,candidate,,Non-stored discriminator at packages/core/src/sla/regra.ts:18
packages-core-literal-value-b0efb3da,packages-core,1,literal-value,entrada,,packages/core/src/fluxo/contexto.ts:126,0,unknown,,,candidate,,jsonb:processHttpExecucao.contexto
packages-core-literal-value-d0789b1a,packages-core,1,literal-value,e,KEEP,packages/core/src/score/motor.ts:37,0,unknown,,,candidate,,jsonb:regraPrioridade.condicao;jsonb:regraScore.condicao;jsonb:transicao.condicao
packages-core-literal-value-a5647073,packages-core,1,literal-value,estourado,,packages/core/src/sla/regra.ts:19,36,no,,D-11,candidate,,Non-stored discriminator at packages/core/src/sla/regra.ts:19
packages-core-literal-value-b17bf5e7,packages-core,1,literal-value,existe,KEEP,packages/core/src/score/motor.ts:32,0,unknown,,,candidate,,jsonb:regraPrioridade.condicao;jsonb:regraScore.condicao;jsonb:transicao.condicao
packages-core-literal-value-5462dd38,packages-core,1,literal-value,finalizada,,packages/core/src/metricas/encerramento.ts:11,20,no,,D-11,candidate,,Non-stored discriminator at packages/core/src/metricas/encerramento.ts:11
packages-core-literal-value-c5a64701,packages-core,1,literal-value,fora_da_fila,,packages/core/src/distribuicao/carga.ts:40,4,no,,D-11,candidate,,Non-stored discriminator at packages/core/src/distribuicao/carga.ts:40
packages-core-literal-value-f000237e,packages-core,1,literal-value,GET,KEEP,packages/core/src/fluxo/contexto.ts:111,0,unknown,,,candidate,,jsonb:processHttpExecucao.pedido
packages-core-literal-value-dfe4c2fe,packages-core,1,literal-value,igual,KEEP,packages/core/src/score/motor.ts:32,0,unknown,,,candidate,,jsonb:regraPrioridade.condicao;jsonb:regraScore.condicao;jsonb:transicao.condicao
packages-core-literal-value-521fab4c,packages-core,1,literal-value,janela_fechada,,packages/core/src/janela/janela.ts:94,9,no,,D-11,candidate,,Non-stored discriminator at packages/core/src/janela/janela.ts:94
packages-core-literal-value-968123d4,packages-core,1,literal-value,maior_igual,KEEP,packages/core/src/score/motor.ts:32,0,unknown,,,candidate,,jsonb:regraPrioridade.condicao;jsonb:regraScore.condicao;jsonb:transicao.condicao
packages-core-literal-value-6c6d8f2a,packages-core,1,literal-value,maior,KEEP,packages/core/src/score/motor.ts:32,0,unknown,,,candidate,,jsonb:regraPrioridade.condicao;jsonb:regraScore.condicao;jsonb:transicao.condicao
packages-core-literal-value-a15b2592,packages-core,1,literal-value,menor_igual,KEEP,packages/core/src/score/motor.ts:32,0,unknown,,,candidate,,jsonb:regraPrioridade.condicao;jsonb:regraScore.condicao;jsonb:transicao.condicao
packages-core-literal-value-d99038e4,packages-core,1,literal-value,menor,KEEP,packages/core/src/score/motor.ts:32,0,unknown,,,candidate,,jsonb:regraPrioridade.condicao;jsonb:regraScore.condicao;jsonb:transicao.condicao
packages-core-literal-value-fd8f6c42,packages-core,1,literal-value,nao_contem,KEEP,packages/core/src/score/motor.ts:32,0,unknown,,,candidate,,jsonb:regraPrioridade.condicao;jsonb:regraScore.condicao;jsonb:transicao.condicao
packages-core-literal-value-1171081a,packages-core,1,literal-value,nao_em,KEEP,packages/core/src/score/motor.ts:32,0,unknown,,,candidate,,jsonb:regraPrioridade.condicao;jsonb:regraScore.condicao;jsonb:transicao.condicao
packages-core-literal-value-fc2de641,packages-core,1,literal-value,nao_existe,KEEP,packages/core/src/score/motor.ts:32,0,unknown,,,candidate,,jsonb:regraPrioridade.condicao;jsonb:regraScore.condicao;jsonb:transicao.condicao
packages-core-literal-value-b54c4833,packages-core,1,literal-value,ou,KEEP,packages/core/src/score/motor.ts:37,0,unknown,,,candidate,,jsonb:regraPrioridade.condicao;jsonb:regraScore.condicao;jsonb:transicao.condicao
packages-core-literal-value-2075aadf,packages-core,1,literal-value,PATCH,KEEP,packages/core/src/fluxo/contexto.ts:111,0,unknown,,,candidate,,jsonb:processHttpExecucao.pedido
packages-core-literal-value-6c3fbcda,packages-core,1,literal-value,perdida,,packages/core/src/metricas/encerramento.ts:11,25,no,,D-11,candidate,,Non-stored discriminator at packages/core/src/metricas/encerramento.ts:11
packages-core-literal-value-bb99f592,packages-core,1,literal-value,POST,KEEP,packages/core/src/fluxo/contexto.ts:111,0,unknown,,,candidate,,jsonb:processHttpExecucao.pedido
packages-core-literal-value-8e84431e,packages-core,1,literal-value,PUT,KEEP,packages/core/src/fluxo/contexto.ts:111,0,unknown,,,candidate,,jsonb:processHttpExecucao.pedido
packages-core-literal-value-6fe0643c,packages-core,1,literal-value,saida,KEEP,packages/core/src/fluxo/contexto.ts:126,0,unknown,,,candidate,,jsonb:processHttpExecucao.contexto
packages-core-literal-value-3907e766,packages-core,1,literal-value,tempo_resposta,,packages/core/src/sla/regra.ts:18,11,no,,D-11,candidate,,Non-stored discriminator at packages/core/src/sla/regra.ts:18
packages-core-literal-value-0607370b,packages-core,1,literal-value,teto_sem_primeira_resposta,,packages/core/src/distribuicao/carga.ts:43,5,no,,D-11,candidate,,Non-stored discriminator at packages/core/src/distribuicao/carga.ts:43
packages-core-literal-value-9a0bbc6a,packages-core,1,literal-value,transicao_entrega_invalida,,packages/core/src/conversa/maquina.ts:190,1,no,,D-11,candidate,,Non-stored discriminator at packages/core/src/conversa/maquina.ts:190
packages-core-literal-value-bbaca5dd,packages-core,1,literal-value,transicao_invalida,,packages/core/src/conversa/maquina.ts:51,3,no,,D-11,candidate,,Non-stored discriminator at packages/core/src/conversa/maquina.ts:51
packages-core-script-b66bcaf0,packages-core,1,script,test:observar,,packages/core/package.json:1,0,no,,,candidate,,
packages-core-subpath-export-f8424953,packages-core,1,subpath-export,./analise,,packages/core/package.json:1,0,no,,,candidate,,
packages-core-subpath-export-496c7143,packages-core,1,subpath-export,./conversa,,packages/core/package.json:1,0,no,,,candidate,,
packages-core-subpath-export-c03284c8,packages-core,1,subpath-export,./distribuicao,,packages/core/package.json:1,0,no,,,candidate,,
packages-core-subpath-export-9359b6b0,packages-core,1,subpath-export,./esforco,,packages/core/package.json:1,0,no,,,candidate,,
packages-core-subpath-export-6e7ecd2f,packages-core,1,subpath-export,./janela,,packages/core/package.json:1,0,no,,,candidate,,
packages-core-subpath-export-81c98eb1,packages-core,1,subpath-export,./metricas,,packages/core/package.json:1,0,no,,,candidate,,
packages-core-symbol-f49e05a6,packages-core,1,symbol,ACOES_DO_MOTOR,,packages/core/src/fluxo/acoes.ts:233,1,no,,,candidate,,
packages-core-symbol-be30e853,packages-core,1,symbol,ACOES_GLOBAIS_PADRAO,,packages/core/src/fluxo/padrao.ts:140,6,no,,,candidate,,
packages-core-symbol-7dbbd373,packages-core,1,symbol,ACOES_SEM_EFEITO,,packages/core/src/fluxo/editor.ts:155,1,no,,,candidate,,
packages-core-symbol-2ddc1890,packages-core,1,symbol,AnexoEsforco,,packages/core/src/esforco/regua.ts:45,3,no,,,candidate,,
packages-core-symbol-58380109,packages-core,1,symbol,apagarEstadoId,,packages/core/src/fluxo/contexto.ts:216,4,no,,,candidate,,
packages-core-symbol-ce6ec0db,packages-core,1,symbol,apagarVariavel,,packages/core/src/fluxo/contexto.ts:199,4,no,,,candidate,,
packages-core-symbol-99c28163,packages-core,1,symbol,AtendenteDisponivel,,packages/core/src/distribuicao/carga.ts:22,20,no,,,candidate,,
packages-core-symbol-0a0c2717,packages-core,1,symbol,atendenteId,,packages/core/src/esforco/regua.ts:133,217,no,,,candidate,,
packages-core-symbol-f1783925,packages-core,1,symbol,atendente,,packages/core/src/distribuicao/distribuicao.teste.ts:17,768,no,,,candidate,,
packages-core-symbol-1be92322,packages-core,1,symbol,atendimento,,packages/core/src/fluxo/acoes.ts:128,673,no,,,candidate,,
packages-core-symbol-19ad8a6e,packages-core,1,symbol,atendimento,,packages/core/src/fluxo/acoes.ts:150,673,no,,,candidate,,
packages-core-symbol-67520128,packages-core,1,symbol,Atendimento,,packages/core/src/fluxo/contexto.ts:105,146,no,,,candidate,,
packages-core-symbol-3500c2c4,packages-core,1,symbol,atendimentos,,packages/core/src/fluxo/editor.teste.ts:155,45,no,,,candidate,,
packages-core-symbol-ffd53e48,packages-core,1,symbol,atendimentos,,packages/core/src/fluxo/gerenciador.teste.ts:25,45,no,,,candidate,,
packages-core-symbol-f629eeae,packages-core,1,symbol,AtivasPorCanal,,packages/core/src/analise/index.ts:354,2,no,,,candidate,,
packages-core-symbol-37955cdd,packages-core,1,symbol,atribuicoes,,packages/core/src/metricas/eventos.ts:91,8,no,,,candidate,,
packages-core-symbol-e3541170,packages-core,1,symbol,AutorMensagem,,packages/core/src/esforco/regua.ts:34,4,no,,,candidate,,
packages-core-symbol-e0843abc,packages-core,1,symbol,AvaliacaoEnvio,,packages/core/src/janela/janela.ts:96,2,no,,,candidate,,
packages-core-symbol-821a20f6,packages-core,1,symbol,avaliarCondicaoBlip,,packages/core/src/fluxo/condicao.ts:230,4,no,,,candidate,,
packages-core-symbol-7c5bf5f6,packages-core,1,symbol,avaliarCondicao,,packages/core/src/score/motor.ts:126,6,no,,,candidate,,
packages-core-symbol-fc2aae3e,packages-core,1,symbol,avaliarCondicoes,,packages/core/src/fluxo/condicao.ts:266,5,no,,,candidate,,
packages-core-symbol-ee5832f2,packages-core,1,symbol,BlocoSessao,,packages/core/src/esforco/sessao.ts:17,3,no,,,candidate,,
packages-core-symbol-f13d88bb,packages-core,1,symbol,BYTES_POR_SEGUNDO_AUDIO,,packages/core/src/esforco/regua.ts:32,4,no,,,candidate,,
packages-core-symbol-fe493c78,packages-core,1,symbol,calcularEsforcoConversa,,packages/core/src/esforco/regua.ts:123,9,no,,,candidate,,
packages-core-symbol-7c9261e2,packages-core,1,symbol,calcularEsforcoPorConversa,,packages/core/src/esforco/regua.ts:190,3,no,,,candidate,,
packages-core-symbol-d1c57c34,packages-core,1,symbol,calcularExpiracao,,packages/core/src/janela/janela.ts:44,5,no,,,candidate,,
packages-core-symbol-40dd4e54,packages-core,1,symbol,calcularTempoEmSessao,,packages/core/src/esforco/sessao.ts:38,10,no,,,candidate,,
packages-core-symbol-a42f8db2,packages-core,1,symbol,canalTemJanela,,packages/core/src/janela/janela.ts:111,6,no,,,candidate,,
packages-core-symbol-0f7020b2,packages-core,1,symbol,candidatosDeContato,,packages/core/src/telefone/index.ts:33,2,no,,,candidate,,
packages-core-symbol-39d447c3,packages-core,1,symbol,candidatosDeContato,,packages/core/src/telefone/index.ts:60,2,no,,,candidate,,
packages-core-symbol-aefcab2a,packages-core,1,symbol,CARACTERES_POR_MINUTO_ESCRITA,,packages/core/src/esforco/regua.ts:23,4,no,,,candidate,,
packages-core-symbol-6c9c7c2c,packages-core,1,symbol,CARACTERES_POR_MINUTO_LEITURA,,packages/core/src/esforco/regua.ts:26,4,no,,,candidate,,
packages-core-symbol-26c62a7d,packages-core,1,symbol,casosLeitura,,packages/core/src/esforco/esforco.teste.ts:49,2,no,,,candidate,,
packages-core-symbol-3d10eae0,packages-core,1,symbol,CHAVE_DO_ESTADO_ATUAL,,packages/core/src/fluxo/contexto.ts:180,3,no,,,candidate,,
packages-core-symbol-1d692a21,packages-core,1,symbol,CHAVE_DO_TICKET,,packages/core/src/fluxo/contexto.ts:179,5,no,,,candidate,,
packages-core-symbol-75ac7e28,packages-core,1,symbol,CHAVE_ESTADO,,packages/core/src/fluxo/gerenciador.teste.ts:21,10,no,,,candidate,,
packages-core-symbol-47b6ede3,packages-core,1,symbol,chaveDoDia,,packages/core/src/sla/expediente.ts:140,2,no,,,candidate,,
packages-core-symbol-61b5304a,packages-core,1,symbol,chaveDoEstadoAnterior,,packages/core/src/fluxo/contexto.ts:206,3,no,,,candidate,,
packages-core-symbol-8e28e7da,packages-core,1,symbol,chaveDoEstado,,packages/core/src/fluxo/contexto.ts:205,8,no,,,candidate,,
packages-core-symbol-cbb98314,packages-core,1,symbol,chave,,packages/core/src/fluxo/acoes.ts:31,1153,no,,,candidate,,
packages-core-symbol-9a3248ed,packages-core,1,symbol,chave,,packages/core/src/fluxo/contexto.ts:269,1153,no,,,candidate,,
packages-core-symbol-e6f456ce,packages-core,1,symbol,CHAVES_DO_ESTADO,,packages/core/src/fluxo/modelos.ts:71,2,no,,,candidate,,
packages-core-symbol-67dd36de,packages-core,1,symbol,classificarConversa,,packages/core/src/metricas/encerramento.ts:40,9,no,,,candidate,,
packages-core-symbol-ebbd1477,packages-core,1,symbol,classificarEncerramento,,packages/core/src/metricas/encerramento.ts:32,6,no,,,candidate,,
packages-core-symbol-93c2c2c1,packages-core,1,symbol,comparacaoDe,,packages/core/src/fluxo/condicao.ts:70,6,no,,,candidate,,
packages-core-symbol-5de79936,packages-core,1,symbol,comparacao,,packages/core/src/analise/index.ts:165,42,no,,,candidate,,
packages-core-symbol-0e62ab9f,packages-core,1,symbol,comparacao,,packages/core/src/fluxo/condicao.ts:254,42,no,,,candidate,,
packages-core-symbol-9b521dc4,packages-core,1,symbol,Comparacao,,packages/core/src/fluxo/condicao.ts:30,21,no,,,candidate,,
packages-core-symbol-13097cc3,packages-core,1,symbol,comparacao,,packages/core/src/fluxo/condicao.ts:83,42,no,,,candidate,,
packages-core-symbol-c425e113,packages-core,1,symbol,comparacao,,packages/core/src/fluxo/editor.ts:191,42,no,,,candidate,,
packages-core-symbol-381ebc52,packages-core,1,symbol,COMPARACOES,,packages/core/src/fluxo/condicao.ts:15,6,no,,,candidate,,
packages-core-symbol-8d804bdd,packages-core,1,symbol,comTempoLimite,,packages/core/src/fluxo/gerenciador.ts:140,2,no,,,candidate,,
packages-core-symbol-4bbb99ad,packages-core,1,symbol,CondicaoBlip,,packages/core/src/fluxo/condicao.ts:41,46,no,,,candidate,,
packages-core-symbol-d70e2fe2,packages-core,1,symbol,CondicaoComposta,,packages/core/src/score/motor.ts:36,4,no,,,candidate,,
packages-core-symbol-d305f9d3,packages-core,1,symbol,condicaoDaEntrada,,packages/core/src/fluxo/gerenciador.ts:316,2,no,,,candidate,,
packages-core-symbol-14ab3e30,packages-core,1,symbol,Condicao,,packages/core/src/score/motor.ts:30,8,no,,,candidate,,
packages-core-symbol-4dfd2a51,packages-core,1,symbol,CONFIGURACAO_PADRAO,,packages/core/src/fluxo/gerenciador.ts:51,1,no,,,candidate,,
packages-core-symbol-9a314059,packages-core,1,symbol,ConfiguracaoDoMotor,,packages/core/src/fluxo/gerenciador.ts:42,4,no,,,candidate,,
packages-core-symbol-367cd431,packages-core,1,symbol,configuracao,,packages/core/src/fluxo/gerenciador.ts:166,31,no,,,candidate,,
packages-core-symbol-cfb2b7f2,packages-core,1,symbol,Configuracoes,,packages/core/src/fluxo/acoes.ts:18,4,no,,,candidate,,
packages-core-symbol-1d7993bc,packages-core,1,symbol,configuracoes,,packages/core/src/fluxo/gerenciador.ts:392,190,no,,,candidate,,
packages-core-symbol-66578ebd,packages-core,1,symbol,consolidarDiaDoAtendente,,packages/core/src/esforco/sessao.ts:103,6,no,,,candidate,,
packages-core-symbol-334947b6,packages-core,1,symbol,ConsultaEnvio,,packages/core/src/janela/janela.ts:84,2,no,,,candidate,,
packages-core-symbol-7d149c6c,packages-core,1,symbol,ContagemEncerramento,,packages/core/src/metricas/encerramento.ts:13,11,no,,,candidate,,
packages-core-symbol-1c655347,packages-core,1,symbol,contagem,,packages/core/src/metricas/agregacao.ts:32,134,no,,,candidate,,
packages-core-symbol-25ec2337,packages-core,1,symbol,contagem,,packages/core/src/metricas/encerramento.ts:47,134,no,,,candidate,,
packages-core-symbol-717fe1ff,packages-core,1,symbol,contarEncerramentos,,packages/core/src/metricas/encerramento.ts:44,7,no,,,candidate,,
packages-core-symbol-8ce8958d,packages-core,1,symbol,contato,,packages/core/src/fluxo/contexto.ts:332,1026,no,,,candidate,,
packages-core-symbol-bc58aae8,packages-core,1,symbol,contexto,,packages/core/src/fluxo/acoes.teste.ts:5,300,no,,,candidate,,
packages-core-symbol-e1545677,packages-core,1,symbol,contexto,,packages/core/src/fluxo/condicao.teste.ts:83,300,no,,,candidate,,
packages-core-symbol-4cf5a93d,packages-core,1,symbol,Contexto,,packages/core/src/fluxo/contexto.ts:161,76,no,,,candidate,,
packages-core-symbol-49583d66,packages-core,1,symbol,contexto,,packages/core/src/fluxo/editor.teste.ts:159,300,no,,,candidate,,
packages-core-symbol-d222ae3b,packages-core,1,symbol,contexto,,packages/core/src/fluxo/gerenciador.teste.ts:60,300,no,,,candidate,,
packages-core-symbol-18b7fdb6,packages-core,1,symbol,contexto,,packages/core/src/fluxo/gerenciador.teste.ts:612,300,no,,,candidate,,
packages-core-symbol-b8d81836,packages-core,1,symbol,ConversaEventos,,packages/core/src/metricas/eventos.ts:42,45,no,,,candidate,,
packages-core-symbol-a4cccaa3,packages-core,1,symbol,conversasConsideradas,,packages/core/src/metricas/tempos.ts:104,9,no,,,candidate,,
packages-core-symbol-c8719769,packages-core,1,symbol,converterEstado,,packages/core/src/fluxo/editor.ts:83,4,no,,,candidate,,
packages-core-symbol-ee9a3e05,packages-core,1,symbol,corpoValor,,packages/core/src/fluxo/acoes.ts:211,6,no,,,candidate,,
packages-core-symbol-15596205,packages-core,1,symbol,corpoVariavel,,packages/core/src/fluxo/acoes.ts:227,3,no,,,candidate,,
packages-core-symbol-796ad68e,packages-core,1,symbol,criarEntrada,,packages/core/src/fluxo/contexto.ts:79,13,no,,,candidate,,
packages-core-symbol-036752df,packages-core,1,symbol,cumprimentoDoAlvo,,packages/core/src/sla/regra.ts:133,10,no,,,candidate,,
packages-core-symbol-61addb3e,packages-core,1,symbol,DadosDeMensagensAtivas,,packages/core/src/analise/index.ts:298,11,no,,,candidate,,
packages-core-symbol-49504e9a,packages-core,1,symbol,DadosDoDashboard,,packages/core/src/analise/index.ts:249,9,no,,,candidate,,
packages-core-symbol-39aaa606,packages-core,1,symbol,DadosLead,,packages/core/src/score/motor.ts:81,11,no,,,candidate,,
packages-core-symbol-30a06ae3,packages-core,1,symbol,dados,,packages/core/src/score/score.teste.ts:104,669,no,,,candidate,,
packages-core-symbol-06ae730f,packages-core,1,symbol,dados,,packages/core/src/score/score.teste.ts:140,669,no,,,candidate,,
packages-core-symbol-b6f22128,packages-core,1,symbol,definirEstadoAnteriorId,,packages/core/src/fluxo/contexto.ts:214,3,no,,,candidate,,
packages-core-symbol-5ae35917,packages-core,1,symbol,definirEstadoId,,packages/core/src/fluxo/contexto.ts:212,3,no,,,candidate,,
packages-core-symbol-960017a0,packages-core,1,symbol,definirVariavel,,packages/core/src/fluxo/contexto.ts:195,14,no,,,candidate,,
packages-core-symbol-32f22f01,packages-core,1,symbol,dentroDaJanela,,packages/core/src/janela/janela.ts:138,30,no,,,candidate,,
packages-core-symbol-04dd2193,packages-core,1,symbol,DescarteDistribuicao,,packages/core/src/distribuicao/carga.ts:55,3,no,,,candidate,,
packages-core-symbol-d24f9092,packages-core,1,symbol,deslocamentoMs,,packages/core/src/sla/expediente.ts:103,3,no,,,candidate,,
packages-core-symbol-c3cb78b9,packages-core,1,symbol,diaVazio,,packages/core/src/metricas/metricas.teste.ts:357,2,no,,,candidate,,
packages-core-symbol-30d85338,packages-core,1,symbol,DirecaoMensagem,,packages/core/src/esforco/regua.ts:35,4,no,,,candidate,,
packages-core-symbol-7bb8e9b5,packages-core,1,symbol,duracaoDeAudio,,packages/core/src/esforco/regua.ts:101,5,no,,,candidate,,
packages-core-symbol-79a842a5,packages-core,1,symbol,duracao,,packages/core/src/esforco/regua.ts:142,55,no,,,candidate,,
packages-core-symbol-d22fe7f9,packages-core,1,symbol,duracao,,packages/core/src/esforco/regua.ts:158,55,no,,,candidate,,
packages-core-symbol-9873cf87,packages-core,1,symbol,duracao,,packages/core/src/sla/expediente.ts:307,55,no,,,candidate,,
packages-core-symbol-15447ff4,packages-core,1,symbol,duracaoTotalSeg,,packages/core/src/sla/expediente.ts:263,5,no,,,candidate,,
packages-core-symbol-13c437b4,packages-core,1,symbol,ehRespostaDeAtendente,,packages/core/src/metricas/eventos.ts:160,2,no,,,candidate,,
packages-core-symbol-d3a0c199,packages-core,1,symbol,ehVariavelDeContexto,,packages/core/src/fluxo/modelos.ts:103,11,no,,,candidate,,
packages-core-symbol-e777eb7d,packages-core,1,symbol,encaminharParaAtendimento,,packages/core/src/fluxo/contexto.ts:138,8,no,,,candidate,,
packages-core-symbol-bd99ec44,packages-core,1,symbol,encaminharParaAtendimento,,packages/core/src/fluxo/gerenciador.teste.ts:111,8,no,,,candidate,,
packages-core-symbol-3fca3239,packages-core,1,symbol,encaminharParaAtendimento,,packages/core/src/fluxo/gerenciador.teste.ts:35,8,no,,,candidate,,
packages-core-symbol-5264a237,packages-core,1,symbol,EncerradaPor,,packages/core/src/metricas/eventos.ts:28,14,no,,,candidate,,
packages-core-symbol-2e4c39e8,packages-core,1,symbol,encerradaPor,,packages/core/src/metricas/eventos.ts:90,37,no,,,candidate,,
packages-core-symbol-e80cc6f4,packages-core,1,symbol,Entidade,,packages/core/src/fluxo/contexto.ts:64,4,no,,,candidate,,
packages-core-symbol-bc15e8f7,packages-core,1,symbol,entradaDoEditor,,packages/core/src/fluxo/editor.ts:85,3,no,,,candidate,,
packages-core-symbol-1cc5be0e,packages-core,1,symbol,entrada,,packages/core/src/fluxo/contexto.ts:278,473,no,,,candidate,,
packages-core-symbol-3e8c5416,packages-core,1,symbol,Entrada,,packages/core/src/fluxo/modelos.ts:38,30,no,,,candidate,,
packages-core-symbol-167e50d6,packages-core,1,symbol,EntradaPreguicosa,,packages/core/src/fluxo/contexto.ts:71,6,no,,,candidate,,
packages-core-symbol-52c93dd1,packages-core,1,symbol,EntradaSla,,packages/core/src/sla/regra.ts:34,2,no,,,candidate,,
packages-core-symbol-ba862909,packages-core,1,symbol,entrar,,packages/core/src/fluxo/editor.teste.ts:157,137,no,,,candidate,,
packages-core-symbol-cd67aea4,packages-core,1,symbol,ErroDeConstrucaoDeFluxo,,packages/core/src/fluxo/gerenciador.ts:82,5,no,,,candidate,,
packages-core-symbol-aed427c5,packages-core,1,symbol,ErroDeProcessamentoDeAcao,,packages/core/src/fluxo/gerenciador.ts:90,3,no,,,candidate,,
packages-core-symbol-d3c32180,packages-core,1,symbol,ErroDeProcessamentoDeSaida,,packages/core/src/fluxo/gerenciador.ts:102,5,no,,,candidate,,
packages-core-symbol-de1615f2,packages-core,1,symbol,ErroDeValidacao,,packages/core/src/fluxo/condicao.ts:50,29,no,,,candidate,,
packages-core-symbol-93dd2131,packages-core,1,symbol,ErroDoMotor,,packages/core/src/fluxo/gerenciador.ts:114,13,no,,,candidate,,
packages-core-symbol-fdc5f9ad,packages-core,1,symbol,erro,,packages/core/src/fluxo/gerenciador.teste.ts:209,1478,no,,,candidate,,
packages-core-symbol-c389e595,packages-core,1,symbol,erro,,packages/core/src/fluxo/gerenciador.teste.ts:228,1478,no,,,candidate,,
packages-core-symbol-0375570a,packages-core,1,symbol,erro,,packages/core/src/fluxo/gerenciador.teste.ts:356,1478,no,,,candidate,,
packages-core-symbol-5ec88201,packages-core,1,symbol,erro,,packages/core/src/fluxo/gerenciador.teste.ts:367,1478,no,,,candidate,,
packages-core-symbol-568cea82,packages-core,1,symbol,erro,,packages/core/src/fluxo/gerenciador.teste.ts:468,1478,no,,,candidate,,
packages-core-symbol-985dc066,packages-core,1,symbol,ErroPorEstado,,packages/core/src/fluxo/modelos.ts:216,3,no,,,candidate,,
packages-core-symbol-4b2dfcf1,packages-core,1,symbol,errosDoFluxo,,packages/core/src/fluxo/modelos.ts:242,6,no,,,candidate,,
packages-core-symbol-9faaccd5,packages-core,1,symbol,erros,,packages/core/src/fluxo/modelos.ts:243,110,no,,,candidate,,
packages-core-symbol-7e9e7e84,packages-core,1,symbol,EscolhaDistribuicao,,packages/core/src/distribuicao/carga.ts:60,4,no,,,candidate,,
packages-core-symbol-fe0baeaa,packages-core,1,symbol,escolherAtendente,,packages/core/src/distribuicao/carga.ts:139,13,no,,,candidate,,
packages-core-symbol-f72e9ff0,packages-core,1,symbol,EscopoSla,,packages/core/src/sla/regra.ts:20,5,no,,,candidate,,
packages-core-symbol-cee55765,packages-core,1,symbol,EsforcoAtendenteDia,,packages/core/src/esforco/sessao.ts:81,2,no,,,candidate,,
packages-core-symbol-798f57dc,packages-core,1,symbol,EsforcoConversa,,packages/core/src/esforco/regua.ts:68,6,no,,,candidate,,
packages-core-symbol-a029bb19,packages-core,1,symbol,esforco,,packages/core/src/esforco/esforco.teste.ts:107,26,no,,,candidate,,
packages-core-symbol-73de853c,packages-core,1,symbol,esforcoSeg,,packages/core/src/esforco/regua.ts:169,18,no,,,candidate,,
packages-core-symbol-a4ea0a4e,packages-core,1,symbol,esforcoSeg,,packages/core/src/esforco/sessao.ts:110,18,no,,,candidate,,
packages-core-symbol-97c2288e,packages-core,1,symbol,esperaEntrada,,packages/core/src/fluxo/gerenciador.ts:198,4,no,,,candidate,,
packages-core-symbol-45dc30fd,packages-core,1,symbol,estadoAlvoDoEvento,,packages/core/src/conversa/maquina.ts:96,4,no,,,candidate,,
packages-core-symbol-2efe41df,packages-core,1,symbol,EstadoAtendente,,packages/core/src/distribuicao/carga.ts:20,27,no,,,candidate,,
packages-core-symbol-e49275e2,packages-core,1,symbol,EstadoConversa,,packages/core/src/conversa/maquina.ts:25,48,no,,,candidate,,
packages-core-symbol-83881a8f,packages-core,1,symbol,estadoDaSaida,,packages/core/src/fluxo/modelos.ts:181,3,no,,,candidate,,
packages-core-symbol-29312b8b,packages-core,1,symbol,EstadoDoEditor,,packages/core/src/fluxo/editor.ts:34,14,no,,,candidate,,
packages-core-symbol-8df264a6,packages-core,1,symbol,EstadoEntrega,,packages/core/src/conversa/maquina.ts:177,23,no,,,candidate,,
packages-core-symbol-30ab5251,packages-core,1,symbol,estadoGuardado,,packages/core/src/fluxo/contexto.ts:219,5,no,,,candidate,,
packages-core-symbol-45f31c30,packages-core,1,symbol,estadoId,,packages/core/src/fluxo/contexto.ts:313,22,no,,,candidate,,
packages-core-symbol-faa14ea4,packages-core,1,symbol,estadoId,,packages/core/src/fluxo/gerenciador.ts:180,22,no,,,candidate,,
packages-core-symbol-cebf9d42,packages-core,1,symbol,EstadoJanela,,packages/core/src/janela/janela.ts:33,3,no,,,candidate,,
packages-core-symbol-9bff18c6,packages-core,1,symbol,estado,,packages/core/src/conversa/maquina.ts:168,1269,no,,,candidate,,
packages-core-symbol-4a5122db,packages-core,1,symbol,estado,,packages/core/src/fluxo/contexto.ts:322,1269,no,,,candidate,,
packages-core-symbol-541c764c,packages-core,1,symbol,estado,,packages/core/src/fluxo/editor.teste.ts:22,1269,no,,,candidate,,
packages-core-symbol-e215a901,packages-core,1,symbol,estado,,packages/core/src/fluxo/editor.ts:100,1269,no,,,candidate,,
packages-core-symbol-4d5accfe,packages-core,1,symbol,estado,,packages/core/src/fluxo/gerenciador.ts:171,1269,no,,,candidate,,
packages-core-symbol-bd25b15d,packages-core,1,symbol,Estado,,packages/core/src/fluxo/modelos.ts:57,78,no,,,candidate,,
packages-core-symbol-5d3b5fea,packages-core,1,symbol,estado,,packages/core/src/fluxo/padrao.ts:33,1269,no,,,candidate,,
packages-core-symbol-e56e3054,packages-core,1,symbol,estado,,packages/core/src/janela/janela.ts:51,1269,no,,,candidate,,
packages-core-symbol-b609a043,packages-core,1,symbol,estado,,packages/core/src/sla/regra.ts:86,1269,no,,,candidate,,
packages-core-symbol-c56a1be9,packages-core,1,symbol,estadoPorVariavel,,packages/core/src/fluxo/gerenciador.teste.ts:449,3,no,,,candidate,,
packages-core-symbol-946a50d4,packages-core,1,symbol,ESTADOS_CONVERSA,,packages/core/src/conversa/maquina.ts:32,9,no,,,candidate,,
packages-core-symbol-ac91cd9b,packages-core,1,symbol,estadosComCondicaoDeEntrada,,packages/core/src/fluxo/gerenciador.teste.ts:287,3,no,,,candidate,,
packages-core-symbol-34de99ef,packages-core,1,symbol,EstadoSla,,packages/core/src/sla/regra.ts:19,3,no,,,candidate,,
packages-core-symbol-d8bc0d1e,packages-core,1,symbol,EventoAtendimento,,packages/core/src/metricas/eventos.ts:30,24,no,,,candidate,,
packages-core-symbol-70b86161,packages-core,1,symbol,ExcecaoExpediente,,packages/core/src/sla/expediente.ts:23,2,no,,,candidate,,
packages-core-symbol-46185f09,packages-core,1,symbol,excecao,,packages/core/src/sla/expediente.ts:174,11,no,,,candidate,,
packages-core-symbol-e5defbad,packages-core,1,symbol,exigirConfiguracoes,,packages/core/src/fluxo/acoes.ts:39,9,no,,,candidate,,
packages-core-symbol-dddfa6ac,packages-core,1,symbol,explicacao,,packages/core/src/score/motor.ts:204,15,no,,,candidate,,
packages-core-symbol-99cd4434,packages-core,1,symbol,faixaDoValor,,packages/core/src/score/motor.ts:176,4,no,,,candidate,,
packages-core-symbol-60d9dec2,packages-core,1,symbol,fecharBloco,,packages/core/src/esforco/sessao.ts:53,3,no,,,candidate,,
packages-core-symbol-5ade8757,packages-core,1,symbol,FILA,,packages/core/src/distribuicao/distribuicao.teste.ts:30,16,no,,,candidate,,
packages-core-symbol-a29e7061,packages-core,1,symbol,fimDaContagem,,packages/core/src/sla/regra.ts:73,2,no,,,candidate,,
packages-core-symbol-a14166b8,packages-core,1,symbol,FLUXO_ID,,packages/core/src/fluxo/gerenciador.teste.ts:20,6,no,,,candidate,,
packages-core-symbol-90ebaed8,packages-core,1,symbol,FLUXO_PADRAO,,packages/core/src/fluxo/padrao.ts:100,12,no,,,candidate,,
packages-core-symbol-306e2b7e,packages-core,1,symbol,FluxoBlip,,packages/core/src/fluxo/modelos.ts:84,29,no,,,candidate,,
packages-core-symbol-fa101d3a,packages-core,1,symbol,fluxo,,packages/core/src/fluxo/editor.teste.ts:152,1172,no,,,candidate,,
packages-core-symbol-664d8751,packages-core,1,symbol,fluxo,,packages/core/src/fluxo/editor.teste.ts:21,1172,no,,,candidate,,
packages-core-symbol-0f84f6a1,packages-core,1,symbol,fluxo,,packages/core/src/fluxo/editor.ts:141,1172,no,,,candidate,,
packages-core-symbol-855f39ca,packages-core,1,symbol,fluxo,,packages/core/src/fluxo/gerenciador.teste.ts:58,1172,no,,,candidate,,
packages-core-symbol-7f8a508b,packages-core,1,symbol,fluxo,,packages/core/src/fluxo/gerenciador.teste.ts:88,1172,no,,,candidate,,
packages-core-symbol-0a2e1367,packages-core,1,symbol,fluxo,,packages/core/src/fluxo/gerenciador.ts:168,1172,no,,,candidate,,
packages-core-symbol-eba5f310,packages-core,1,symbol,fluxo,,packages/core/src/fluxo/modelos.teste.ts:10,1172,no,,,candidate,,
packages-core-symbol-b21ed9cf,packages-core,1,symbol,FonteDeVariavel,,packages/core/src/fluxo/contexto.ts:36,8,no,,,candidate,,
packages-core-symbol-a6560c3d,packages-core,1,symbol,FONTES_DE_VARIAVEL,,packages/core/src/fluxo/contexto.ts:18,4,no,,,candidate,,
packages-core-symbol-beaf66b2,packages-core,1,symbol,FORMATO_E164,,packages/core/src/telefone/index.ts:95,3,no,,,candidate,,
packages-core-symbol-b3e498d3,packages-core,1,symbol,globais,,packages/core/src/fluxo/editor.ts:123,134,no,,,candidate,,
packages-core-symbol-51859269,packages-core,1,symbol,grupos,,packages/core/src/esforco/regua.ts:193,85,no,,,candidate,,
packages-core-symbol-6fea69dc,packages-core,1,symbol,grupos,,packages/core/src/metricas/agregacao.ts:56,85,no,,,candidate,,
packages-core-symbol-ff28cc4e,packages-core,1,symbol,HorarioAtendimento,,packages/core/src/sla/expediente.ts:32,15,no,,,candidate,,
packages-core-symbol-c79f90d5,packages-core,1,symbol,ID_DO_ATENDIMENTO_PADRAO,,packages/core/src/fluxo/padrao.ts:98,6,no,,,candidate,,
packages-core-symbol-93b9299c,packages-core,1,symbol,iguais,,packages/core/src/score/motor.ts:116,28,no,,,candidate,,
packages-core-symbol-ad2deb3b,packages-core,1,symbol,Intencao,,packages/core/src/fluxo/contexto.ts:57,3,no,,,candidate,,
packages-core-symbol-7e302190,packages-core,1,symbol,intervaloDoPeriodo,,packages/core/src/analise/index.ts:86,23,no,,,candidate,,
packages-core-symbol-8526495f,packages-core,1,symbol,ItemExplicacao,,packages/core/src/score/motor.ts:59,6,no,,,candidate,,
packages-core-symbol-596d9ee3,packages-core,1,symbol,JANELA_HORAS,,packages/core/src/janela/janela.ts:20,5,no,,,candidate,,
packages-core-symbol-f6dbab87,packages-core,1,symbol,JANELA_SEG,,packages/core/src/janela/janela.ts:21,4,no,,,candidate,,
packages-core-symbol-d21a6c73,packages-core,1,symbol,janelaAberta,,packages/core/src/janela/janela.ts:63,16,no,,,candidate,,
packages-core-symbol-723ae719,packages-core,1,symbol,JanelaDeInstantes,,packages/core/src/analise/index.ts:324,5,no,,,candidate,,
packages-core-symbol-ffa70882,packages-core,1,symbol,LEAD_VAZIO,,packages/core/src/score/score.teste.ts:87,3,no,,,candidate,,
packages-core-symbol-196e54c2,packages-core,1,symbol,lerFluxoDaBlip,,packages/core/src/fluxo/editor.ts:138,9,no,,,candidate,,
packages-core-symbol-6b6cb1f5,packages-core,1,symbol,lerNomeDeVariavel,,packages/core/src/fluxo/contexto.ts:228,2,no,,,candidate,,
packages-core-symbol-5de01cc8,packages-core,1,symbol,lerPeriodo,,packages/core/src/analise/index.ts:71,8,no,,,candidate,,
packages-core-symbol-f58ed682,packages-core,1,symbol,LIMITE_DIAS_VARREDURA,,packages/core/src/sla/expediente.ts:53,5,no,,,candidate,,
packages-core-symbol-50156130,packages-core,1,symbol,LIMITE_INTERVALO_SESSAO_SEG,,packages/core/src/esforco/sessao.ts:15,4,no,,,candidate,,
packages-core-symbol-7c63149d,packages-core,1,symbol,ListaDeAcoesSuspensa,,packages/core/src/fluxo/contexto.ts:123,9,no,,,candidate,,
packages-core-symbol-6082a96a,packages-core,1,symbol,MensagemDeEntrada,,packages/core/src/fluxo/contexto.ts:49,7,no,,,candidate,,
packages-core-symbol-3ed0b584,packages-core,1,symbol,mensagemDe,,packages/core/src/fluxo/gerenciador.ts:148,7,no,,,candidate,,
packages-core-symbol-ddad0bea,packages-core,1,symbol,MensagemDeSaida,,packages/core/src/fluxo/contexto.ts:96,13,no,,,candidate,,
packages-core-symbol-b55f9475,packages-core,1,symbol,mensagemDeValidacao,,packages/core/src/fluxo/modelos.ts:221,3,no,,,candidate,,
packages-core-symbol-98976014,packages-core,1,symbol,MensagemEsforco,,packages/core/src/esforco/regua.ts:52,12,no,,,candidate,,
packages-core-symbol-434e7e9f,packages-core,1,symbol,mensagem,,packages/core/src/fluxo/gerenciador.ts:423,1267,no,,,candidate,,
packages-core-symbol-dd6441e2,packages-core,1,symbol,mensagensNoBloco,,packages/core/src/esforco/sessao.ts:51,4,no,,,candidate,,
packages-core-symbol-6b90953d,packages-core,1,symbol,mensagens,,packages/core/src/esforco/esforco.teste.ts:95,363,no,,,candidate,,
packages-core-symbol-afbdbacd,packages-core,1,symbol,NIVEIS_PRIORIDADE,,packages/core/src/conversa/prioridade.ts:34,12,no,,,candidate,,
packages-core-symbol-31de00d7,packages-core,1,symbol,NivelPrioridade,,packages/core/src/conversa/prioridade.ts:36,9,no,,,candidate,,
packages-core-symbol-441f0aa3,packages-core,1,symbol,NOME_DE_VARIAVEL,,packages/core/src/fluxo/contexto.ts:224,1,no,,,candidate,,
packages-core-symbol-4f497c40,packages-core,1,symbol,NOME_DO_CANAL,,packages/core/src/analise/index.ts:279,3,no,,,candidate,,
packages-core-symbol-66485b63,packages-core,1,symbol,obterEstadoAnteriorId,,packages/core/src/fluxo/contexto.ts:210,2,no,,,candidate,,
packages-core-symbol-88548f22,packages-core,1,symbol,obterEstadoId,,packages/core/src/fluxo/contexto.ts:208,6,no,,,candidate,,
packages-core-symbol-73efc3b4,packages-core,1,symbol,obterVariavelDeContexto,,packages/core/src/fluxo/contexto.ts:185,4,no,,,candidate,,
packages-core-symbol-c9c18dbd,packages-core,1,symbol,obterVariavel,,packages/core/src/fluxo/contexto.ts:350,4,no,,,candidate,,
packages-core-symbol-11697fa3,packages-core,1,symbol,ocupacao,,packages/core/src/esforco/sessao.ts:93,16,no,,,candidate,,
packages-core-symbol-24303da7,packages-core,1,symbol,OpcoesDistribuicao,,packages/core/src/distribuicao/carga.ts:45,6,no,,,candidate,,
packages-core-symbol-55de9e07,packages-core,1,symbol,OpcoesDoMotor,,packages/core/src/fluxo/gerenciador.ts:150,2,no,,,candidate,,
packages-core-symbol-436efdd2,packages-core,1,symbol,opcoes,,packages/core/src/esforco/sessao.ts:112,157,no,,,candidate,,
packages-core-symbol-30944d47,packages-core,1,symbol,OpcoesScore,,packages/core/src/score/motor.ts:73,2,no,,,candidate,,
packages-core-symbol-a42a062f,packages-core,1,symbol,PartesLocais,,packages/core/src/sla/expediente.ts:55,2,no,,,candidate,,
packages-core-symbol-a53c423b,packages-core,1,symbol,PeriodoNomeado,,packages/core/src/analise/index.ts:35,3,no,,,candidate,,
packages-core-symbol-8d5f2ce5,packages-core,1,symbol,Periodo,,packages/core/src/analise/index.ts:37,13,no,,,candidate,,
packages-core-symbol-90b2594f,packages-core,1,symbol,PESO_AGUARDANDO_ATENDENTE,,packages/core/src/distribuicao/carga.ts:67,2,no,,,candidate,,
packages-core-symbol-c2ef09a2,packages-core,1,symbol,pesoAtendente,,packages/core/src/distribuicao/carga.ts:80,2,no,,,candidate,,
packages-core-symbol-747ae58d,packages-core,1,symbol,pesoPrioridade,,packages/core/src/conversa/prioridade.ts:59,13,no,,,candidate,,
packages-core-symbol-d2d9c371,packages-core,1,symbol,populacao,,packages/core/src/metricas/agregacao.ts:14,34,no,,,candidate,,
packages-core-symbol-f47f242e,packages-core,1,symbol,populacao,,packages/core/src/metricas/tempos.ts:32,34,no,,,candidate,,
packages-core-symbol-9ba62de0,packages-core,1,symbol,porCausaDe,,packages/core/src/conversa/maquina.ts:57,2,no,,,candidate,,
packages-core-symbol-e809b3ff,packages-core,1,symbol,porConversa,,packages/core/src/esforco/esforco.teste.ts:163,9,no,,,candidate,,
packages-core-symbol-ece4804c,packages-core,1,symbol,porDimensao,,packages/core/src/metricas/agregacao.ts:51,4,no,,,candidate,,
packages-core-symbol-883f761f,packages-core,1,symbol,porExtenso,,packages/core/src/analise/index.ts:143,6,no,,,candidate,,
packages-core-symbol-c7450712,packages-core,1,symbol,porFila,,packages/core/src/metricas/metricas.teste.ts:387,10,no,,,candidate,,
packages-core-symbol-c291430a,packages-core,1,symbol,porId,,packages/core/src/fluxo/modelos.ts:176,7,no,,,candidate,,
packages-core-symbol-d72616ed,packages-core,1,symbol,posicao,,packages/core/src/conversa/prioridade.ts:60,84,no,,,candidate,,
packages-core-symbol-7314d540,packages-core,1,symbol,primeira,,packages/core/src/janela/janela.teste.ts:38,377,no,,,candidate,,
packages-core-symbol-c012c97c,packages-core,1,symbol,primeira,,packages/core/src/score/score.teste.ts:278,377,no,,,candidate,,
packages-core-symbol-609698a2,packages-core,1,symbol,primeira,,packages/core/src/sla/expediente.ts:124,377,no,,,candidate,,
packages-core-symbol-6a761f15,packages-core,1,symbol,primeiraRespostaEm,,packages/core/src/metricas/eventos.ts:87,26,no,,,candidate,,
packages-core-symbol-ea1f0080,packages-core,1,symbol,primeiraSaidaDeAtendenteEm,,packages/core/src/metricas/eventos.ts:88,4,no,,,candidate,,
packages-core-symbol-4143e9fd,packages-core,1,symbol,primeiro,,packages/core/src/sla/expediente.ts:328,258,no,,,candidate,,
packages-core-symbol-d7a35d2e,packages-core,1,symbol,processarAcoes,,packages/core/src/fluxo/gerenciador.ts:357,7,no,,,candidate,,
packages-core-symbol-e02301e4,packages-core,1,symbol,processarEntrada,,packages/core/src/fluxo/gerenciador.ts:162,13,no,,,candidate,,
packages-core-symbol-3d3beb5c,packages-core,1,symbol,propriedadeDeObjeto,,packages/core/src/fluxo/contexto.ts:267,6,no,,,candidate,,
packages-core-symbol-36be420c,packages-core,1,symbol,propriedadeJson,,packages/core/src/fluxo/contexto.ts:250,2,no,,,candidate,,
packages-core-symbol-c217fa83,packages-core,1,symbol,ProvedorDeAcoes,,packages/core/src/fluxo/acoes.ts:26,6,no,,,candidate,,
packages-core-symbol-d4651d21,packages-core,1,symbol,provedorDeContato,,packages/core/src/fluxo/contexto.ts:331,3,no,,,candidate,,
packages-core-symbol-b517bf02,packages-core,1,symbol,provedorDeEntrada,,packages/core/src/fluxo/contexto.ts:277,3,no,,,candidate,,
packages-core-symbol-fcb19fbf,packages-core,1,symbol,provedorDeEstado,,packages/core/src/fluxo/contexto.ts:311,2,no,,,candidate,,
packages-core-symbol-2b3e70dc,packages-core,1,symbol,ProvedorDeVariavel,,packages/core/src/fluxo/contexto.ts:155,3,no,,,candidate,,
packages-core-symbol-98c55e18,packages-core,1,symbol,RastroDaEntrada,,packages/core/src/fluxo/gerenciador.ts:73,7,no,,,candidate,,
packages-core-symbol-e6836a00,packages-core,1,symbol,RastroDeEstado,,packages/core/src/fluxo/gerenciador.ts:65,3,no,,,candidate,,
packages-core-symbol-7e68cb01,packages-core,1,symbol,registrarMensagemDoContato,,packages/core/src/janela/janela.ts:50,6,no,,,candidate,,
packages-core-symbol-2961f075,packages-core,1,symbol,REGRAS_DE_VALIDACAO,,packages/core/src/fluxo/modelos.ts:27,3,no,,,candidate,,
packages-core-symbol-cb91ae47,packages-core,1,symbol,RelatorioDaImportacao,,packages/core/src/fluxo/editor.ts:157,5,no,,,candidate,,
packages-core-symbol-5f821430,packages-core,1,symbol,relatorioDaImportacao,,packages/core/src/fluxo/editor.ts:175,10,no,,,candidate,,
packages-core-symbol-0ce19dba,packages-core,1,symbol,RelatorioPersonalizado,,packages/core/src/analise/index.ts:366,9,no,,,candidate,,
packages-core-symbol-738114c7,packages-core,1,symbol,ResultadoAplicacao,,packages/core/src/conversa/maquina.ts:119,3,no,,,candidate,,
packages-core-symbol-34d397d9,packages-core,1,symbol,ResultadoTempoDeResposta,,packages/core/src/metricas/tempos.ts:22,10,no,,,candidate,,
packages-core-symbol-26a7e192,packages-core,1,symbol,resultadoVazio,,packages/core/src/comum/tipos.ts:43,6,no,,,candidate,,
packages-core-symbol-7946d0ba,packages-core,1,symbol,ROTULO_DO_PERIODO,,packages/core/src/analise/index.ts:40,6,no,,,candidate,,
packages-core-symbol-60eb0d01,packages-core,1,symbol,ROTULOS_PRIORIDADE,,packages/core/src/conversa/prioridade.ts:46,8,no,,,candidate,,
packages-core-symbol-a51f8b5a,packages-core,1,symbol,segundosDeLeitura,,packages/core/src/esforco/regua.ts:93,5,no,,,candidate,,
packages-core-symbol-53167c33,packages-core,1,symbol,semJanela,,packages/core/src/janela/janela.teste.ts:203,2,no,,,candidate,,
packages-core-symbol-0f5b0f4e,packages-core,1,symbol,sessao,,packages/core/src/esforco/esforco.teste.ts:192,382,no,,,candidate,,
packages-core-symbol-9cd7872e,packages-core,1,symbol,StatusEncerramento,,packages/core/src/metricas/encerramento.ts:11,7,no,,,candidate,,
packages-core-symbol-3ff66dc7,packages-core,1,symbol,substituirVariaveis,,packages/core/src/fluxo/contexto.ts:369,6,no,,,candidate,,
packages-core-symbol-3fe50670,packages-core,1,symbol,temJanela,,packages/core/src/janela/janela.ts:137,4,no,,,candidate,,
packages-core-symbol-aa353402,packages-core,1,symbol,tempoAtePrimeiraResposta,,packages/core/src/metricas/tempos.ts:66,9,no,,,candidate,,
packages-core-symbol-e3674d81,packages-core,1,symbol,tempoDeAtendimento,,packages/core/src/metricas/tempos.ts:131,12,no,,,candidate,,
packages-core-symbol-e9fd570f,packages-core,1,symbol,tempoDeResposta,,packages/core/src/metricas/tempos.ts:101,9,no,,,candidate,,
packages-core-symbol-a66929d1,packages-core,1,symbol,TempoEmSessao,,packages/core/src/esforco/sessao.ts:25,2,no,,,candidate,,
packages-core-symbol-97586a62,packages-core,1,symbol,TempoEsgotado,,packages/core/src/fluxo/gerenciador.ts:138,4,no,,,candidate,,
packages-core-symbol-81a6fd1f,packages-core,1,symbol,tempoLimite,,packages/core/src/fluxo/gerenciador.ts:386,3,no,,,candidate,,
packages-core-symbol-e3bc405b,packages-core,1,symbol,tempoNaFila,,packages/core/src/metricas/tempos.ts:52,10,no,,,candidate,,
packages-core-symbol-5cf07856,packages-core,1,symbol,tempoTotalDeEsperaDoCliente,,packages/core/src/metricas/tempos.ts:80,7,no,,,candidate,,
packages-core-symbol-ad56cf18,packages-core,1,symbol,temValores,,packages/core/src/fluxo/condicao.ts:95,3,no,,,candidate,,
packages-core-symbol-8e50cbfd,packages-core,1,symbol,TipoCanal,,packages/core/src/janela/janela.ts:23,8,no,,,candidate,,
packages-core-symbol-c252d1d8,packages-core,1,symbol,TipoMensagem,,packages/core/src/esforco/regua.ts:36,4,no,,,candidate,,
packages-core-symbol-1e0883ee,packages-core,1,symbol,TransicaoEntregaInvalidaError,,packages/core/src/conversa/maquina.ts:189,5,no,,,candidate,,
packages-core-symbol-bf3ea36e,packages-core,1,symbol,transicaoEntregaPermitida,,packages/core/src/conversa/maquina.ts:202,8,no,,,candidate,,
packages-core-symbol-988e5fc1,packages-core,1,symbol,TransicaoInvalidaError,,packages/core/src/conversa/maquina.ts:50,17,no,,,candidate,,
packages-core-symbol-9c369ccf,packages-core,1,symbol,transicaoPermitida,,packages/core/src/conversa/maquina.ts:66,10,no,,,candidate,,
packages-core-symbol-5a3267ce,packages-core,1,symbol,TRANSICOES_ENTREGA,,packages/core/src/conversa/maquina.ts:179,2,no,,,candidate,,
packages-core-symbol-cc169aea,packages-core,1,symbol,TRANSICOES,,packages/core/src/conversa/maquina.ts:41,2,no,,,candidate,,
packages-core-symbol-8bd8ce3a,packages-core,1,symbol,transicoes,,packages/core/src/fluxo/gerenciador.ts:183,6,no,,,candidate,,
packages-core-symbol-2b860784,packages-core,1,symbol,transitarEntrega,,packages/core/src/conversa/maquina.ts:206,4,no,,,candidate,,
packages-core-symbol-ca473c3c,packages-core,1,symbol,ULTIMA_DO_CONTATO,,packages/core/src/janela/janela.teste.ts:21,5,no,,,candidate,,
packages-core-symbol-13e79414,packages-core,1,symbol,ValidacaoDeEntrada,,packages/core/src/fluxo/modelos.ts:30,4,no,,,candidate,,
packages-core-symbol-92380e40,packages-core,1,symbol,validacao,,packages/core/src/fluxo/gerenciador.ts:477,10,no,,,candidate,,
packages-core-symbol-dc9dc11c,packages-core,1,symbol,validarCondicao,,packages/core/src/fluxo/condicao.ts:81,11,no,,,candidate,,
packages-core-symbol-1da5642c,packages-core,1,symbol,validarDocumento,,packages/core/src/fluxo/gerenciador.ts:538,2,no,,,candidate,,
packages-core-symbol-17f7f24d,packages-core,1,symbol,validarEntradaDoEstado,,packages/core/src/fluxo/gerenciador.ts:476,2,no,,,candidate,,
packages-core-symbol-8c6831b8,packages-core,1,symbol,validarEntrada,,packages/core/src/fluxo/modelos.ts:112,2,no,,,candidate,,
packages-core-symbol-afe1eb0a,packages-core,1,symbol,validarEstado,,packages/core/src/fluxo/modelos.ts:138,4,no,,,candidate,,
packages-core-symbol-ef8e1d68,packages-core,1,symbol,validarFluxo,,packages/core/src/fluxo/modelos.ts:152,33,no,,,candidate,,
packages-core-symbol-2f202d3e,packages-core,1,symbol,valores,,packages/core/src/fluxo/condicao.ts:258,140,no,,,candidate,,
packages-core-symbol-94e47e13,packages-core,1,symbol,valores,,packages/core/src/fluxo/contexto.ts:370,140,no,,,candidate,,
packages-core-symbol-2f3ae598,packages-core,1,symbol,valor,,packages/core/src/fluxo/condicao.ts:235,1656,no,,,candidate,,
packages-core-symbol-6d39993e,packages-core,1,symbol,valor,,packages/core/src/fluxo/contexto.ts:271,1656,no,,,candidate,,
packages-core-symbol-20c6020f,packages-core,1,symbol,valor,,packages/core/src/fluxo/contexto.ts:352,1656,no,,,candidate,,
packages-core-symbol-9bcb05ed,packages-core,1,symbol,valor,,packages/core/src/fluxo/gerenciador.teste.ts:169,1656,no,,,candidate,,
packages-core-symbol-402c5cc2,packages-core,1,symbol,valor,,packages/core/src/score/motor.ts:205,1656,no,,,candidate,,
packages-core-symbol-c5504ace,packages-core,1,symbol,variacao,,packages/core/src/analise/index.ts:235,39,no,,,candidate,,
packages-core-symbol-280d5ea5,packages-core,1,symbol,VARIAVEIS_NO_TEXTO,,packages/core/src/fluxo/contexto.ts:366,3,no,,,candidate,,
packages-core-symbol-b531c4ff,packages-core,1,symbol,variaveis,,packages/core/src/fluxo/editor.teste.ts:153,134,no,,,candidate,,
packages-core-symbol-9d5c9edf,packages-core,1,symbol,variaveis,,packages/core/src/fluxo/gerenciador.teste.ts:101,134,no,,,candidate,,
packages-core-symbol-ab48f87a,packages-core,1,symbol,variaveis,,packages/core/src/fluxo/gerenciador.teste.ts:331,134,no,,,candidate,,
packages-core-symbol-3c305526,packages-core,1,symbol,variaveis,,packages/core/src/fluxo/gerenciador.teste.ts:389,134,no,,,candidate,,
packages-core-symbol-d394902a,packages-core,1,symbol,variaveis,,packages/core/src/fluxo/gerenciador.teste.ts:466,134,no,,,candidate,,
packages-core-symbol-eb526706,packages-core,1,symbol,variaveis,,packages/core/src/fluxo/gerenciador.teste.ts:579,134,no,,,candidate,,
packages-core-symbol-a505f53d,packages-core,1,symbol,variaveis,,packages/core/src/fluxo/gerenciador.teste.ts:59,134,no,,,candidate,,
packages-core-symbol-9981ae28,packages-core,1,symbol,VARIAVEL_DE_ENTRADA,,packages/core/src/fluxo/modelos.ts:98,1,no,,,candidate,,
packages-core-symbol-ee2620fd,packages-core,1,symbol,VARIAVEL_DO_ENCAMINHAMENTO,,packages/core/src/fluxo/acoes.ts:139,6,no,,,candidate,,
packages-core-symbol-8bfcc9ca,packages-core,1,symbol,variavel,,packages/core/src/fluxo/acoes.ts:133,27,no,,,candidate,,
packages-core-symbol-4d4876d9,packages-core,1,symbol,variavel,,packages/core/src/fluxo/acoes.ts:51,27,no,,,candidate,,
packages-core-symbol-b3d8f956,packages-core,1,symbol,variavel,,packages/core/src/fluxo/acoes.ts:63,27,no,,,candidate,,
packages-core-symbol-5027a8a4,packages-core,1,symbol,variavel,,packages/core/src/fluxo/contexto.ts:324,27,no,,,candidate,,
packages-core-symbol-bf05cbf5,packages-core,1,symbol,variavel,,packages/core/src/fluxo/contexto.ts:351,27,no,,,candidate,,
packages-core-symbol-957c0202,packages-core,1,symbol,vazio,,packages/core/src/esforco/esforco.teste.ts:152,290,no,,,candidate,,
packages-core-symbol-f4d72e2c,packages-core,1,symbol,vazio,,packages/core/src/esforco/esforco.teste.ts:257,290,no,,,candidate,,
packages-core-symbol-5d9a6b28,packages-core,1,symbol,verCondicoes,,packages/core/src/fluxo/editor.ts:184,4,no,,,candidate,,
packages-core-test-title-9c73a6b3,packages-core,1,test-title,{{contact.name}} vem do contato,,packages/core/src/fluxo/gerenciador.teste.ts:250,0,no,,,candidate,,
packages-core-test-title-04a2c69b,packages-core,1,test-title,2º critério: empate na carga vai para quem está há mais tempo sem receber,,packages/core/src/distribuicao/distribuicao.teste.ts:110,0,no,,,candidate,,
packages-core-test-title-a0f6bba4,packages-core,1,test-title,"3º critério: empate persistente resolve por identificador, de forma estável",,packages/core/src/distribuicao/distribuicao.teste.ts:122,0,no,,,candidate,,
packages-core-test-title-c7a2e042,packages-core,1,test-title,a explicação soma exatamente o valor,,packages/core/src/score/score.teste.ts:265,0,no,,,candidate,,
packages-core-test-title-f972cd05,packages-core,1,test-title,a média de médias daria 195s — é o erro que a regra evita,,packages/core/src/metricas/metricas.teste.ts:367,0,no,,,candidate,,
packages-core-test-title-113c23f6,packages-core,1,test-title,"ação de ""depois de trocar de estado"" roda no estado que saiu",,packages/core/src/fluxo/gerenciador.teste.ts:522,0,no,,,candidate,,
packages-core-test-title-97d73856,packages-core,1,test-title,ação de entrada só roda quando a condição casa,,packages/core/src/fluxo/gerenciador.teste.ts:498,0,no,,,candidate,,
packages-core-test-title-7344ff81,packages-core,1,test-title,"ação de entrada vem antes do conteúdo, e o input vira `input`",,packages/core/src/fluxo/editor.teste.ts:34,0,no,,,candidate,,
packages-core-test-title-2615b802,packages-core,1,test-title,ação de saída só roda quando a condição casa,,packages/core/src/fluxo/gerenciador.teste.ts:510,0,no,,,candidate,,
packages-core-test-title-6a153f98,packages-core,1,test-title,ação sem implementação no Pipe (ExecuteScript) quebra o processamento,,packages/core/src/fluxo/gerenciador.teste.ts:366,0,no,,,candidate,,
packages-core-test-title-56c51d5e,packages-core,1,test-title,agrupa por conversa em ordem determinística,,packages/core/src/esforco/esforco.teste.ts:162,0,no,,,candidate,,
packages-core-test-title-9c82fe12,packages-core,1,test-title,agrupa por dimensão em ordem determinística,,packages/core/src/metricas/metricas.teste.ts:386,0,no,,,candidate,,
packages-core-test-title-363a3194,packages-core,1,test-title,almoço fora do expediente não conta,,packages/core/src/sla/sla.teste.ts:131,0,no,,,candidate,,
packages-core-test-title-f8ffc951,packages-core,1,test-title,and exige todos os valores,,packages/core/src/fluxo/condicao.teste.ts:103,0,no,,,candidate,,
packages-core-test-title-db57d524,packages-core,1,test-title,aninhamento de E dentro de OU,,packages/core/src/score/score.teste.ts:184,0,no,,,candidate,,
packages-core-test-title-90b7ef47,packages-core,1,test-title,atendimento ininterrupto ignora expediente,,packages/core/src/sla/sla.teste.ts:322,0,no,,,candidate,,
packages-core-test-title-3730a22e,packages-core,1,test-title,avaliação de envio,,packages/core/src/janela/janela.teste.ts:122,0,no,,,candidate,,
packages-core-test-title-175b6564,packages-core,1,test-title,avaliação de SLA (§11),,packages/core/src/sla/sla.teste.ts:218,0,no,,,candidate,,
packages-core-test-title-450c2747,packages-core,1,test-title,bloco de atendimento (desk:) como o editor da Blip monta,,packages/core/src/fluxo/gerenciador.teste.ts:531,0,no,,,candidate,,
packages-core-test-title-6ea099c0,packages-core,1,test-title,cada mensagem nova do contato reabre a janela,,packages/core/src/janela/janela.teste.ts:37,0,no,,,candidate,,
packages-core-test-title-038625ba,packages-core,1,test-title,cai para enfileirada quando não há evento de criação,,packages/core/src/metricas/metricas.teste.ts:115,0,no,,,candidate,,
packages-core-test-title-55a5bcdc,packages-core,1,test-title,canais,,packages/core/src/janela/janela.teste.ts:80,243,no,,,candidate,,
packages-core-test-title-c56b7652,packages-core,1,test-title,classificação de custo,,packages/core/src/janela/janela.teste.ts:93,0,no,,,candidate,,
packages-core-test-title-d1e25672,packages-core,1,test-title,composição com E e OU,,packages/core/src/score/score.teste.ts:139,0,no,,,candidate,,
packages-core-test-title-1e5fd7f3,packages-core,1,test-title,composta sem condição nenhuma não casa,,packages/core/src/score/score.teste.ts:205,0,no,,,candidate,,
packages-core-test-title-e5179769,packages-core,1,test-title,condição de contexto escolhe a saída,,packages/core/src/fluxo/gerenciador.teste.ts:264,0,no,,,candidate,,
packages-core-test-title-e4cf9571,packages-core,1,test-title,"condição de entrada não satisfeita: não espera, segue pelas saídas",,packages/core/src/fluxo/gerenciador.teste.ts:316,0,no,,,candidate,,
packages-core-test-title-40189dbe,packages-core,1,test-title,condição de entrada satisfeita: fica no estado esperando,,packages/core/src/fluxo/gerenciador.teste.ts:310,0,no,,,candidate,,
packages-core-test-title-ef25600c,packages-core,1,test-title,condição válida passa,,packages/core/src/fluxo/condicao.teste.ts:60,0,no,,,candidate,,
packages-core-test-title-b3b70dd1,packages-core,1,test-title,consolidação do dia do atendente,,packages/core/src/esforco/esforco.teste.ts:223,0,no,,,candidate,,
packages-core-test-title-b81e69a8,packages-core,1,test-title,conta o áudio sem metadado de duração em vez de inventar tempo,,packages/core/src/esforco/esforco.teste.ts:127,0,no,,,candidate,,
packages-core-test-title-5293edd5,packages-core,1,test-title,"conta perdidas, abandonadas, finalizadas e o total fechado",,packages/core/src/metricas/metricas.teste.ts:341,0,no,,,candidate,,
packages-core-test-title-5d28fd71,packages-core,1,test-title,contato que nunca falou não tem janela aberta,,packages/core/src/janela/janela.teste.ts:180,0,no,,,candidate,,
packages-core-test-title-aa7a7c30,packages-core,1,test-title,conversa aberta e sem resposta fica de fora da espera do cliente,,packages/core/src/metricas/metricas.teste.ts:227,0,no,,,candidate,,
packages-core-test-title-9885b26a,packages-core,1,test-title,conversa em que só o cliente falou não tem 1ª resposta nem atendimento,,packages/core/src/metricas/metricas.teste.ts:208,0,no,,,candidate,,
packages-core-test-title-c039438d,packages-core,1,test-title,conversa que chega fora do expediente não estoura na madrugada,,packages/core/src/sla/sla.teste.ts:244,0,no,,,candidate,,
packages-core-test-title-d15666f3,packages-core,1,test-title,conversa reaberta e fechada de novo carimba o último encerramento,,packages/core/src/metricas/metricas.teste.ts:136,0,no,,,candidate,,
packages-core-test-title-5c55bb56,packages-core,1,test-title,"conversa sem nenhuma resposta do atendente sai do denominador, não vira zero",,packages/core/src/metricas/metricas.teste.ts:201,0,no,,,candidate,,
packages-core-test-title-f3b436dc,packages-core,1,test-title,conversa vazia devolve tudo zerado,,packages/core/src/esforco/esforco.teste.ts:151,0,no,,,candidate,,
packages-core-test-title-d0cc9a31,packages-core,1,test-title,"converte para o formato publicado, e o resultado passa na validação do motor",,packages/core/src/fluxo/editor.teste.ts:29,0,no,,,candidate,,
packages-core-test-title-896ed56d,packages-core,1,test-title,dentro da janela o Desk oferece texto livre,,packages/core/src/janela/janela.teste.ts:126,0,no,,,candidate,,
packages-core-test-title-0748897e,packages-core,1,test-title,descobre o atendente pela primeira mensagem dele,,packages/core/src/esforco/esforco.teste.ts:158,0,no,,,candidate,,
packages-core-test-title-6dcd6fea,packages-core,1,test-title,destino {{variável}} vai para o estado que a variável diz,,packages/core/src/fluxo/gerenciador.teste.ts:456,0,no,,,candidate,,
packages-core-test-title-2d1404ce,packages-core,1,test-title,"destino de saída inexistente falha, e {{variável}} passa",,packages/core/src/fluxo/modelos.teste.ts:108,0,no,,,candidate,,
packages-core-test-title-e0ae37b9,packages-core,1,test-title,devolve o estado novo quando a transição existe,,packages/core/src/conversa/conversa.teste.ts:65,0,no,,,candidate,,
packages-core-test-title-6559e4d6,packages-core,1,test-title,dez conversas paradas não valem o mesmo que dez conversas quentes,,packages/core/src/distribuicao/distribuicao.teste.ts:154,0,no,,,candidate,,
packages-core-test-title-0e0e5f31,packages-core,1,test-title,dia cheio pesa mais que dia vazio na média por ticket,,packages/core/src/esforco/esforco.teste.ts:250,0,no,,,candidate,,
packages-core-test-title-664eb253,packages-core,1,test-title,duas entradas em sequência com o mesmo contexto,,packages/core/src/fluxo/gerenciador.teste.ts:322,0,no,,,candidate,,
packages-core-test-title-2d8c51c2,packages-core,1,test-title,duração de áudio,,packages/core/src/esforco/esforco.teste.ts:67,0,no,,,candidate,,
packages-core-test-title-70c28fe3,packages-core,1,test-title,é determinístico: a ordem das regras na entrada não muda a saída,,packages/core/src/score/score.teste.ts:270,0,no,,,candidate,,
packages-core-test-title-db93ff31,packages-core,1,test-title,é reprodutível: dez execuções seguidas produzem o mesmo JSON,,packages/core/src/score/score.teste.ts:277,0,no,,,candidate,,
packages-core-test-title-d9f1f3d0,packages-core,1,test-title,elegibilidade (§7),,packages/core/src/distribuicao/distribuicao.teste.ts:64,0,no,,,candidate,,
packages-core-test-title-402d3fc4,packages-core,1,test-title,encaminha e fica calado no desk: esperando o fim do atendimento,,packages/core/src/fluxo/gerenciador.teste.ts:570,0,no,,,candidate,,
packages-core-test-title-96a4bdd2,packages-core,1,test-title,encaminhamento que falha vira Error e segue pela saída padrão do atendimento,,packages/core/src/fluxo/gerenciador.teste.ts:590,0,no,,,candidate,,
packages-core-test-title-16e66c00,packages-core,1,test-title,encerramento parte da criação,,packages/core/src/sla/sla.teste.ts:357,0,no,,,candidate,,
packages-core-test-title-2db4ae5c,packages-core,1,test-title,escolha por carga,,packages/core/src/distribuicao/distribuicao.teste.ts:100,0,no,,,candidate,,
packages-core-test-title-943796ec,packages-core,1,test-title,esforço ÷ sessão vira ocupação; esforço ÷ tickets é média ponderada por construção,,packages/core/src/esforco/esforco.teste.ts:224,0,no,,,candidate,,
packages-core-test-title-df75ffc9,packages-core,1,test-title,esforço por conversa,,packages/core/src/esforco/esforco.teste.ts:85,0,no,,,candidate,,
packages-core-test-title-5b5aa881,packages-core,1,test-title,espera que cobre o intervalo inteiro zera o relógio,,packages/core/src/sla/sla.teste.ts:162,0,no,,,candidate,,
packages-core-test-title-a061b245,packages-core,1,test-title,estado alvo de cada evento,,packages/core/src/conversa/conversa.teste.ts:92,0,no,,,candidate,,
packages-core-test-title-3999675b,packages-core,1,test-title,estado com bypass não grava input.variable,,packages/core/src/fluxo/gerenciador.teste.ts:239,0,no,,,candidate,,
packages-core-test-title-d53eee97,packages-core,1,test-title,evento do cliente não leva a conversa a estado inválido,,packages/core/src/conversa/conversa.teste.ts:154,0,no,,,candidate,,
packages-core-test-title-947a1e05,packages-core,1,test-title,evento que não mapeia estado nunca muda estado,,packages/core/src/conversa/conversa.teste.ts:136,0,no,,,candidate,,
packages-core-test-title-bffa40f4,packages-core,1,test-title,exceção com horário próprio manda sobre a faixa semanal,,packages/core/src/sla/sla.teste.ts:66,0,no,,,candidate,,
packages-core-test-title-52d3cf34,packages-core,1,test-title,expiração é a última mensagem do contato mais 24h,,packages/core/src/janela/janela.teste.ts:29,0,no,,,candidate,,
packages-core-test-title-82f67d1a,packages-core,1,test-title,extrai os intervalos de uma conversa,,packages/core/src/metricas/metricas.teste.ts:282,0,no,,,candidate,,
packages-core-test-title-bc232d40,packages-core,1,test-title,feriado fecha o dia inteiro,,packages/core/src/sla/sla.teste.ts:62,0,no,,,candidate,,
packages-core-test-title-b0630349,packages-core,1,test-title,fluxo de um estado válido passa,,packages/core/src/fluxo/modelos.teste.ts:13,0,no,,,candidate,,
packages-core-test-title-6e59af6b,packages-core,1,test-title,fonte contexto sem variável falha,,packages/core/src/fluxo/condicao.teste.ts:70,0,no,,,candidate,,
packages-core-test-title-588919da,packages-core,1,test-title,fonte entidade sem entidade falha,,packages/core/src/fluxo/condicao.teste.ts:75,0,no,,,candidate,,
packages-core-test-title-a654e939,packages-core,1,test-title,"fora da janela o campo de texto vira seletor de template, com motivo",,packages/core/src/janela/janela.teste.ts:143,0,no,,,candidate,,
packages-core-test-title-82c1510a,packages-core,1,test-title,"fora da janela, template aprovado passa",,packages/core/src/janela/janela.teste.ts:157,0,no,,,candidate,,
packages-core-test-title-5cf617e2,packages-core,1,test-title,"fora do roteador, o Redirect falha — na Blip vai para o bloco de exceções",,packages/core/src/fluxo/gerenciador.teste.ts:631,0,no,,,candidate,,
packages-core-test-title-99f0af3d,packages-core,1,test-title,início e cumprimento por alvo,,packages/core/src/sla/sla.teste.ts:334,0,no,,,candidate,,
packages-core-test-title-681f3d7a,packages-core,1,test-title,input.variable grava a entrada no contexto,,packages/core/src/fluxo/gerenciador.teste.ts:233,0,no,,,candidate,,
packages-core-test-title-0a18625f,packages-core,1,test-title,interpola a requisição e grava status e corpo nas variáveis configuradas,,packages/core/src/fluxo/acoes.teste.ts:32,0,no,,,candidate,,
packages-core-test-title-20f85b5c,packages-core,1,test-title,janela de 24 horas,,packages/core/src/janela/janela.teste.ts:24,0,no,,,candidate,,
packages-core-test-title-3369e5d4,packages-core,1,test-title,janela nula está fechada,,packages/core/src/janela/janela.teste.ts:62,0,no,,,candidate,,
packages-core-test-title-c6587948,packages-core,1,test-title,lança erro tipado quando não existe,,packages/core/src/conversa/conversa.teste.ts:69,0,no,,,candidate,,
packages-core-test-title-da3cfce5,packages-core,1,test-title,lê os cinco carimbos de uma conversa completa,,packages/core/src/metricas/metricas.teste.ts:77,0,no,,,candidate,,
packages-core-test-title-a6f0f22f,packages-core,1,test-title,lead morno: 20 de interesse menos 15 por não ter telefone = 5,,packages/core/src/score/score.teste.ts:241,0,no,,,candidate,,
packages-core-test-title-f0d9abee,packages-core,1,test-title,"lead vazio: só a penalidade de -15, e faixa nenhuma",,packages/core/src/score/score.teste.ts:251,0,no,,,candidate,,
packages-core-test-title-54a89b28,packages-core,1,test-title,leitura de campo,,packages/core/src/score/score.teste.ts:89,0,no,,,candidate,,
packages-core-test-title-a1546836,packages-core,1,test-title,limites travam o valor quando o tenant quer escala fechada,,packages/core/src/score/score.teste.ts:292,0,no,,,candidate,,
packages-core-test-title-06f217e1,packages-core,1,test-title,"lista vazia devolve null com população zero, nunca zero segundos",,packages/core/src/metricas/metricas.teste.ts:250,0,no,,,candidate,,
packages-core-test-title-984b3643,packages-core,1,test-title,máquina da mensagem de saída,,packages/core/src/conversa/conversa.teste.ts:199,0,no,,,candidate,,
packages-core-test-title-bb1a67bf,packages-core,1,test-title,matches sobre variável de contexto,,packages/core/src/fluxo/gerenciador.teste.ts:421,0,no,,,candidate,,
packages-core-test-title-43a6e13b,packages-core,1,test-title,"média dos intervalos, com conversas e excluídas visíveis",,packages/core/src/metricas/metricas.teste.ts:299,0,no,,,candidate,,
packages-core-test-title-453cf52d,packages-core,1,test-title,média ponderada por volume (§5),,packages/core/src/metricas/metricas.teste.ts:353,0,no,,,candidate,,
packages-core-test-title-1032a81c,packages-core,1,test-title,mensagem de bot e de sistema não geram esforço nenhum,,packages/core/src/esforco/esforco.teste.ts:131,0,no,,,candidate,,
packages-core-test-title-1b02796d,packages-core,1,test-title,mensagem de bot não fecha a troca,,packages/core/src/metricas/metricas.teste.ts:287,0,no,,,candidate,,
packages-core-test-title-bf03dda5,packages-core,1,test-title,métricas de tempo (§2),,packages/core/src/metricas/metricas.teste.ts:156,0,no,,,candidate,,
packages-core-test-title-b14482c2,packages-core,1,test-title,não depende da ordem em que as mensagens chegam,,packages/core/src/esforco/esforco.teste.ts:213,0,no,,,candidate,,
packages-core-test-title-3f43a16e,packages-core,1,test-title,não depende da ordem em que os eventos chegam,,packages/core/src/metricas/metricas.teste.ts:150,0,no,,,candidate,,
packages-core-test-title-a23917b1,packages-core,1,test-title,"não escolhe ninguém quando ninguém é elegível, e diz por quê",,packages/core/src/distribuicao/distribuicao.teste.ts:130,0,no,,,candidate,,
packages-core-test-title-811a7ba7,packages-core,1,test-title,nenhum estado transita para si mesmo,,packages/core/src/conversa/conversa.teste.ts:51,0,no,,,candidate,,
packages-core-test-title-b6ba4d81,packages-core,1,test-title,nenhuma saída casa: apaga o estado e não manda nada,,packages/core/src/fluxo/gerenciador.teste.ts:415,0,no,,,candidate,,
packages-core-test-title-e22b1a18,packages-core,1,test-title,no exato segundo da expiração o envio livre já é recusado,,packages/core/src/janela/janela.teste.ts:191,0,no,,,candidate,,
packages-core-test-title-676d1188,packages-core,1,test-title,o fim do atendimento destrava o bloco e segue para o bloco configurado,,packages/core/src/fluxo/editor.teste.ts:192,0,no,,,candidate,,
packages-core-test-title-414217b5,packages-core,1,test-title,o fluxo importado rodando no motor,,packages/core/src/fluxo/editor.teste.ts:151,0,no,,,candidate,,
packages-core-test-title-1e8fcbc2,packages-core,1,test-title,"o publicado é lido como está (identidade), só com o id de quem importa",,packages/core/src/fluxo/editor.teste.ts:93,0,no,,,candidate,,
packages-core-test-title-93a5e4af,packages-core,1,test-title,o segundo teto: conversas atribuídas sem primeira resposta,,packages/core/src/distribuicao/distribuicao.teste.ts:83,0,no,,,candidate,,
packages-core-test-title-81e53657,packages-core,1,test-title,o ticket encerrado pelo atendente é a entrada que destrava o bloco,,packages/core/src/fluxo/gerenciador.teste.ts:578,0,no,,,candidate,,
packages-core-test-title-e579802e,packages-core,1,test-title,oi → pergunta o nome; nome → menu com a variável; 2 → atendimento com o contexto guardado,,packages/core/src/fluxo/editor.teste.ts:177,0,no,,,candidate,,
packages-core-test-title-5256ff65,packages-core,1,test-title,onze transições sem entrada estouram o limite de 10 (MaxTransitionsByInput),,packages/core/src/fluxo/gerenciador.teste.ts:223,0,no,,,candidate,,
packages-core-test-title-fdaab5d8,packages-core,1,test-title,operadores de condição,,packages/core/src/score/score.teste.ts:103,0,no,,,candidate,,
packages-core-test-title-2e1d15f9,packages-core,1,test-title,"pede ao roteador o serviço pelo nome, com o contexto junto",,packages/core/src/fluxo/gerenciador.teste.ts:609,0,no,,,candidate,,
packages-core-test-title-cc931b0a,packages-core,1,test-title,pondera por volume: 1500 ÷ 12 = 125s,,packages/core/src/metricas/metricas.teste.ts:359,0,no,,,candidate,,
packages-core-test-title-927c44f8,packages-core,1,test-title,primeira resposta parte da atribuição,,packages/core/src/sla/sla.teste.ts:343,0,no,,,candidate,,
packages-core-test-title-0b957542,packages-core,1,test-title,propriedade de variável JSON com @,,packages/core/src/fluxo/gerenciador.teste.ts:194,0,no,,,candidate,,
packages-core-test-title-2f6dfb44,packages-core,1,test-title,quem nunca recebeu conversa ganha o desempate por tempo ocioso,,packages/core/src/distribuicao/distribuicao.teste.ts:116,0,no,,,candidate,,
packages-core-test-title-04937090,packages-core,1,test-title,raiz sem entrada falha,,packages/core/src/fluxo/modelos.teste.ts:29,0,no,,,candidate,,
packages-core-test-title-78a27cdd,packages-core,1,test-title,reaberta volta para a fila e o ciclo recomeça,,packages/core/src/conversa/conversa.teste.ts:193,0,no,,,candidate,,
packages-core-test-title-a8f34338,packages-core,1,test-title,reabertura apaga o encerramento anterior,,packages/core/src/metricas/metricas.teste.ts:123,0,no,,,candidate,,
packages-core-test-title-d1f67253,packages-core,1,test-title,reatribuição não sobrescreve a primeira atribuição,,packages/core/src/metricas/metricas.teste.ts:87,0,no,,,candidate,,
packages-core-test-title-18b455bc,packages-core,1,test-title,reconhece o export do editor e o fluxo publicado,,packages/core/src/fluxo/editor.teste.ts:24,0,no,,,candidate,,
packages-core-test-title-ec35ccc0,packages-core,1,test-title,Redirect (serviço do roteador),,packages/core/src/fluxo/gerenciador.teste.ts:597,0,no,,,candidate,,
packages-core-test-title-64d2701c,packages-core,1,test-title,"reentrega de webhook é idempotente, não vira exceção",,packages/core/src/conversa/conversa.teste.ts:143,0,no,,,candidate,,
packages-core-test-title-3938c53c,packages-core,1,test-title,reenviar tira do falhou e devolve à fila de saída,,packages/core/src/conversa/conversa.teste.ts:222,0,no,,,candidate,,
packages-core-test-title-c23a0b35,packages-core,1,test-title,regra desativada não conta nem aparece na explicação,,packages/core/src/score/score.teste.ts:258,0,no,,,candidate,,
packages-core-test-title-17b1342c,packages-core,1,test-title,régua de apoio: tempo em sessão,,packages/core/src/esforco/esforco.teste.ts:173,0,no,,,candidate,,
packages-core-test-title-17b8b3db,packages-core,1,test-title,"relatório: lista por tipo o que o Pipe não executa, sem descartar nada",,packages/core/src/fluxo/editor.teste.ts:112,0,no,,,candidate,,
packages-core-test-title-3ec2b4e1,packages-core,1,test-title,relatório: o fluxo sintético não tem nada fora do suporte,,packages/core/src/fluxo/editor.teste.ts:100,0,no,,,candidate,,
packages-core-test-title-df0fb15a,packages-core,1,test-title,reproduz um ciclo de vida inteiro,,packages/core/src/conversa/conversa.teste.ts:177,0,no,,,candidate,,
packages-core-test-title-05a680bd,packages-core,1,test-title,resposta pronta sai do esforço e vai para coluna separada,,packages/core/src/esforco/esforco.teste.ts:120,0,no,,,candidate,,
packages-core-test-title-7dd096b9,packages-core,1,test-title,saída sem destino (bloco de atendimento recém-criado) não vira transição,,packages/core/src/fluxo/editor.teste.ts:59,0,no,,,candidate,,
packages-core-test-title-49f0f8c2,packages-core,1,test-title,"saídas com condição em ordem e a saída padrão por último, sem condição",,packages/core/src/fluxo/editor.teste.ts:43,0,no,,,candidate,,
packages-core-test-title-2ff7d94b,packages-core,1,test-title,são exatamente as do relatório validado em produção,,packages/core/src/esforco/esforco.teste.ts:26,0,no,,,candidate,,
packages-core-test-title-447a9561,packages-core,1,test-title,"sem atribuição, a primeira resposta parte da criação",,packages/core/src/sla/sla.teste.ts:348,0,no,,,candidate,,
packages-core-test-title-68d512ef,packages-core,1,test-title,"sem condição troca de estado, manda a mensagem e, sem saída, apaga o estado",,packages/core/src/fluxo/gerenciador.teste.ts:143,0,no,,,candidate,,
packages-core-test-title-06525b5c,packages-core,1,test-title,sem continueOnError a ação que falhou quebra o processamento,,packages/core/src/fluxo/gerenciador.teste.ts:355,0,no,,,candidate,,
packages-core-test-title-dd7fc4af,packages-core,1,test-title,sem estado raiz falha,,packages/core/src/fluxo/modelos.teste.ts:23,0,no,,,candidate,,
packages-core-test-title-5eb5fd24,packages-core,1,test-title,"sem evento de primeira resposta, usa a primeira saída com atendente e ignora o bot",,packages/core/src/metricas/metricas.teste.ts:101,0,no,,,candidate,,
packages-core-test-title-1a7c3e8a,packages-core,1,test-title,"sem fonte é a entrada, sem comparação é equals, e com vários valores basta um (or)",,packages/core/src/fluxo/condicao.teste.ts:100,0,no,,,candidate,,
packages-core-test-title-13b40496,packages-core,1,test-title,sem horário configurado conta tudo,,packages/core/src/sla/sla.teste.ts:138,0,no,,,candidate,,
packages-core-test-title-4df69994,packages-core,1,test-title,sem mensagem do contato não há janela,,packages/core/src/janela/janela.teste.ts:33,0,no,,,candidate,,
packages-core-test-title-7acccedf,packages-core,1,test-title,"sem sessão medida a ocupação é null, nunca infinito",,packages/core/src/esforco/esforco.teste.ts:238,0,no,,,candidate,,
packages-core-test-title-3d83a547,packages-core,1,test-title,sem valor falha,,packages/core/src/fluxo/condicao.teste.ts:65,0,no,,,candidate,,
packages-core-test-title-8233396c,packages-core,1,test-title,"separa escrita, leitura, escuta e fala",,packages/core/src/esforco/esforco.teste.ts:109,0,no,,,candidate,,
packages-core-test-title-33be729e,packages-core,1,test-title,soma 345 segundos de esforço,,packages/core/src/esforco/esforco.teste.ts:116,0,no,,,candidate,,
packages-core-test-title-4915ca67,packages-core,1,test-title,status de encerramento (§4),,packages/core/src/metricas/metricas.teste.ts:310,0,no,,,candidate,,
packages-core-test-title-b998d190,packages-core,1,test-title,subtrai a janela de espera dos intervalos,,packages/core/src/sla/sla.teste.ts:144,0,no,,,candidate,,
packages-core-test-title-b8241460,packages-core,1,test-title,suspende antes do ProcessHttp e retoma depois da ação sem repetir a mensagem anterior,,packages/core/src/fluxo/gerenciador.teste.ts:86,0,no,,,candidate,,
packages-core-test-title-9f8a9c3e,packages-core,1,test-title,tabela de transições da conversa,,packages/core/src/conversa/conversa.teste.ts:41,0,no,,,candidate,,
packages-core-test-title-f71794db,packages-core,1,test-title,tempo de resposta parte da última mensagem do cliente sem resposta,,packages/core/src/sla/sla.teste.ts:352,0,no,,,candidate,,
packages-core-test-title-5334d6ce,packages-core,1,test-title,tempo de resposta,,packages/core/src/metricas/metricas.teste.ts:255,0,no,,,candidate,,
packages-core-test-title-f4611312,packages-core,1,test-title,TrackEvent com fonte de variável inválida quebra o processamento,,packages/core/src/fluxo/gerenciador.teste.ts:208,0,no,,,candidate,,
packages-core-test-title-af79bb14,packages-core,1,test-title,transferência não é aresta: sai por encerrada e abre conversa nova,,packages/core/src/conversa/conversa.teste.ts:57,0,no,,,candidate,,
packages-core-test-title-983b05aa,packages-core,1,test-title,troca a variável do texto pelo valor,,packages/core/src/fluxo/gerenciador.teste.ts:154,0,no,,,candidate,,
packages-core-test-title-3635ac00,packages-core,1,test-title,validação de entrada: fora da regra manda o erro e fica no estado,,packages/core/src/fluxo/gerenciador.teste.ts:378,0,no,,,candidate,,
packages-core-test-title-bfeb2102,packages-core,1,test-title,variável com JSON é escapada e trocada sem quebrar as configurações,,packages/core/src/fluxo/gerenciador.teste.ts:168,0,no,,,candidate,,
packages-core-test-title-f955c8f3,packages-core,1,test-title,variável que não existe vira vazio,,packages/core/src/fluxo/gerenciador.teste.ts:183,0,no,,,candidate,,
packages-core-test-title-3f5e05e3,packages-core,1,test-title,versão crua com pares soma/contagem,,packages/core/src/metricas/metricas.teste.ts:381,0,no,,,candidate,,
packages-core-test-title-7a11dfd8,packages-core,1,test-title,versão sem exceção devolve o erro no resultado,,packages/core/src/conversa/conversa.teste.ts:84,0,no,,,candidate,,
packages-core-ts-local-92a4bd6e,packages-core,1,ts-local,acaoDoFluxo,,packages/core/src/fluxo/gerenciador.ts:373,1,no,,,candidate,,
packages-core-ts-local-3354b2b5,packages-core,1,ts-local,acoes,,packages/core/src/fluxo/gerenciador.teste.ts:476,155,no,,,candidate,,
packages-core-ts-local-cf470510,packages-core,1,ts-local,acoes,,packages/core/src/fluxo/gerenciador.ts:359,155,no,,,candidate,,
packages-core-ts-local-214e46f6,packages-core,1,ts-local,anexo,,packages/core/src/esforco/regua.ts:101,150,no,,,candidate,,
packages-core-ts-local-a0f8999f,packages-core,1,ts-local,atendente,,packages/core/src/distribuicao/carga.ts:107,768,no,,,candidate,,
packages-core-ts-local-d8c05c97,packages-core,1,ts-local,atendente,,packages/core/src/distribuicao/carga.ts:146,768,no,,,candidate,,
packages-core-ts-local-df7d2fd6,packages-core,1,ts-local,atendente,,packages/core/src/distribuicao/carga.ts:77,768,no,,,candidate,,
packages-core-ts-local-b23b504d,packages-core,1,ts-local,atendente,,packages/core/src/distribuicao/carga.ts:88,768,no,,,candidate,,
packages-core-ts-local-25c6b430,packages-core,1,ts-local,atendente,,packages/core/src/distribuicao/carga.ts:94,768,no,,,candidate,,
packages-core-ts-local-3c4732cf,packages-core,1,ts-local,atendentes,,packages/core/src/distribuicao/carga.ts:140,309,no,,,candidate,,
packages-core-ts-local-fe5b526b,packages-core,1,ts-local,bloco,,packages/core/src/esforco/sessao.ts:74,665,no,,,candidate,,
packages-core-ts-local-72ac953c,packages-core,1,ts-local,canal,,packages/core/src/janela/janela.teste.ts:204,970,no,,,candidate,,
packages-core-ts-local-47232ab8,packages-core,1,ts-local,canal,,packages/core/src/janela/janela.teste.ts:86,970,no,,,candidate,,
packages-core-ts-local-30cb52c7,packages-core,1,ts-local,canal,,packages/core/src/janela/janela.ts:111,970,no,,,candidate,,
packages-core-ts-local-d7e9bc43,packages-core,1,ts-local,chave,,packages/core/src/fluxo/acoes.ts:206,1153,no,,,candidate,,
packages-core-ts-local-1887972a,packages-core,1,ts-local,chave,,packages/core/src/fluxo/editor.teste.ts:76,1153,no,,,candidate,,
packages-core-ts-local-addcc197,packages-core,1,ts-local,chave,,packages/core/src/fluxo/editor.ts:168,1153,no,,,candidate,,
packages-core-ts-local-7846384f,packages-core,1,ts-local,chave,,packages/core/src/metricas/agregacao.ts:53,1153,no,,,candidate,,
packages-core-ts-local-5c8fb018,packages-core,1,ts-local,comparacao,,packages/core/src/fluxo/condicao.teste.ts:42,42,no,,,candidate,,
packages-core-ts-local-885b15ab,packages-core,1,ts-local,comparacao,,packages/core/src/fluxo/condicao.teste.ts:54,42,no,,,candidate,,
packages-core-ts-local-26b7e8b5,packages-core,1,ts-local,comparacao,,packages/core/src/fluxo/condicao.ts:163,42,no,,,candidate,,
packages-core-ts-local-ddabb3ff,packages-core,1,ts-local,comparacao,,packages/core/src/fluxo/condicao.ts:176,42,no,,,candidate,,
packages-core-ts-local-a18466a2,packages-core,1,ts-local,comparacao,,packages/core/src/fluxo/condicao.ts:76,42,no,,,candidate,,
packages-core-ts-local-4fdef0e9,packages-core,1,ts-local,condicao,,packages/core/src/fluxo/condicao.ts:231,123,no,,,candidate,,
packages-core-ts-local-8a8c2543,packages-core,1,ts-local,condicao,,packages/core/src/fluxo/condicao.ts:271,123,no,,,candidate,,
packages-core-ts-local-4b2d199c,packages-core,1,ts-local,condicao,,packages/core/src/score/motor.ts:126,123,no,,,candidate,,
packages-core-ts-local-66d5b029,packages-core,1,ts-local,condicoes,,packages/core/src/fluxo/condicao.ts:267,76,no,,,candidate,,
packages-core-ts-local-846ae5a0,packages-core,1,ts-local,condicoes,,packages/core/src/fluxo/editor.ts:184,76,no,,,candidate,,
packages-core-ts-local-7b144574,packages-core,1,ts-local,configuracao,,packages/core/src/fluxo/gerenciador.ts:362,31,no,,,candidate,,
packages-core-ts-local-09c29be1,packages-core,1,ts-local,configuracoes,,packages/core/src/fluxo/acoes.ts:111,190,no,,,candidate,,
packages-core-ts-local-d19f2171,packages-core,1,ts-local,configuracoes,,packages/core/src/fluxo/acoes.ts:126,190,no,,,candidate,,
packages-core-ts-local-8881f632,packages-core,1,ts-local,configuracoes,,packages/core/src/fluxo/acoes.ts:148,190,no,,,candidate,,
packages-core-ts-local-3e0dbdc1,packages-core,1,ts-local,configuracoes,,packages/core/src/fluxo/acoes.ts:176,190,no,,,candidate,,
packages-core-ts-local-fbab6ff3,packages-core,1,ts-local,configuracoes,,packages/core/src/fluxo/acoes.ts:194,190,no,,,candidate,,
packages-core-ts-local-9820fafc,packages-core,1,ts-local,configuracoes,,packages/core/src/fluxo/acoes.ts:23,190,no,,,candidate,,
packages-core-ts-local-918b88ab,packages-core,1,ts-local,configuracoes,,packages/core/src/fluxo/acoes.ts:29,190,no,,,candidate,,
packages-core-ts-local-598f7377,packages-core,1,ts-local,configuracoes,,packages/core/src/fluxo/acoes.ts:39,190,no,,,candidate,,
packages-core-ts-local-76d44636,packages-core,1,ts-local,configuracoes,,packages/core/src/fluxo/acoes.ts:49,190,no,,,candidate,,
packages-core-ts-local-d8ec643d,packages-core,1,ts-local,configuracoes,,packages/core/src/fluxo/acoes.ts:61,190,no,,,candidate,,
packages-core-ts-local-af6d14f9,packages-core,1,ts-local,configuracoes,,packages/core/src/fluxo/acoes.ts:73,190,no,,,candidate,,
packages-core-ts-local-2ffe0a68,packages-core,1,ts-local,configuracoes,,packages/core/src/fluxo/acoes.ts:90,190,no,,,candidate,,
packages-core-ts-local-c4738af4,packages-core,1,ts-local,consulta,,packages/core/src/janela/janela.ts:136,333,no,,,candidate,,
packages-core-ts-local-999510c8,packages-core,1,ts-local,contexto,,packages/core/src/fluxo/acoes.ts:111,300,no,,,candidate,,
packages-core-ts-local-269204d7,packages-core,1,ts-local,contexto,,packages/core/src/fluxo/acoes.ts:126,300,no,,,candidate,,
packages-core-ts-local-faef2043,packages-core,1,ts-local,contexto,,packages/core/src/fluxo/acoes.ts:148,300,no,,,candidate,,
packages-core-ts-local-ed5ad93c,packages-core,1,ts-local,contexto,,packages/core/src/fluxo/acoes.ts:176,300,no,,,candidate,,
packages-core-ts-local-82a4f8ac,packages-core,1,ts-local,contexto,,packages/core/src/fluxo/acoes.ts:194,300,no,,,candidate,,
packages-core-ts-local-c6bd9a78,packages-core,1,ts-local,contexto,,packages/core/src/fluxo/acoes.ts:23,300,no,,,candidate,,
packages-core-ts-local-2c9b2eb3,packages-core,1,ts-local,contexto,,packages/core/src/fluxo/acoes.ts:49,300,no,,,candidate,,
packages-core-ts-local-faf1fc1b,packages-core,1,ts-local,contexto,,packages/core/src/fluxo/acoes.ts:61,300,no,,,candidate,,
packages-core-ts-local-81eee18e,packages-core,1,ts-local,contexto,,packages/core/src/fluxo/acoes.ts:73,300,no,,,candidate,,
packages-core-ts-local-dd1ed811,packages-core,1,ts-local,contexto,,packages/core/src/fluxo/acoes.ts:90,300,no,,,candidate,,
packages-core-ts-local-e008dbea,packages-core,1,ts-local,contexto,,packages/core/src/fluxo/condicao.ts:233,300,no,,,candidate,,
packages-core-ts-local-8b13c08a,packages-core,1,ts-local,contexto,,packages/core/src/fluxo/condicao.ts:269,300,no,,,candidate,,
packages-core-ts-local-35481d4a,packages-core,1,ts-local,contexto,,packages/core/src/fluxo/contexto.ts:157,300,no,,,candidate,,
packages-core-ts-local-5d4ce657,packages-core,1,ts-local,contexto,,packages/core/src/fluxo/contexto.ts:185,300,no,,,candidate,,
packages-core-ts-local-bfc707d4,packages-core,1,ts-local,contexto,,packages/core/src/fluxo/contexto.ts:195,300,no,,,candidate,,
packages-core-ts-local-6e393b49,packages-core,1,ts-local,contexto,,packages/core/src/fluxo/contexto.ts:199,300,no,,,candidate,,
packages-core-ts-local-672ef9e3,packages-core,1,ts-local,contexto,,packages/core/src/fluxo/contexto.ts:350,300,no,,,candidate,,
packages-core-ts-local-96cc54af,packages-core,1,ts-local,contexto,,packages/core/src/fluxo/contexto.ts:369,300,no,,,candidate,,
packages-core-ts-local-7c14e25c,packages-core,1,ts-local,contexto,,packages/core/src/fluxo/gerenciador.ts:163,300,no,,,candidate,,
packages-core-ts-local-006a136c,packages-core,1,ts-local,contexto,,packages/core/src/fluxo/gerenciador.ts:358,300,no,,,candidate,,
packages-core-ts-local-cf1d06aa,packages-core,1,ts-local,contexto,,packages/core/src/fluxo/gerenciador.ts:438,300,no,,,candidate,,
packages-core-ts-local-4735bcb1,packages-core,1,ts-local,contexto,,packages/core/src/fluxo/gerenciador.ts:476,300,no,,,candidate,,
packages-core-ts-local-c47b6aa9,packages-core,1,ts-local,contexto,,packages/core/src/fluxo/gerenciador.ts:538,300,no,,,candidate,,
packages-core-ts-local-cb651bf5,packages-core,1,ts-local,conversaId,,packages/core/src/esforco/regua.ts:201,523,no,,,candidate,,
packages-core-ts-local-26ebd5b7,packages-core,1,ts-local,conversaId,,packages/core/src/metricas/metricas.teste.ts:31,523,no,,,candidate,,
packages-core-ts-local-468607bb,packages-core,1,ts-local,conversa,,packages/core/src/metricas/encerramento.ts:40,1270,no,,,candidate,,
packages-core-ts-local-909927d9,packages-core,1,ts-local,conversa,,packages/core/src/metricas/encerramento.ts:55,1270,no,,,candidate,,
packages-core-ts-local-f77e03a2,packages-core,1,ts-local,conversa,,packages/core/src/metricas/eventos.ts:150,1270,no,,,candidate,,
packages-core-ts-local-fe090af4,packages-core,1,ts-local,conversa,,packages/core/src/metricas/eventos.ts:81,1270,no,,,candidate,,
packages-core-ts-local-5adffcb3,packages-core,1,ts-local,conversa,,packages/core/src/metricas/tempos.ts:107,1270,no,,,candidate,,
packages-core-ts-local-a0b412cd,packages-core,1,ts-local,conversa,,packages/core/src/metricas/tempos.ts:35,1270,no,,,candidate,,
packages-core-ts-local-36b942cb,packages-core,1,ts-local,conversas,,packages/core/src/metricas/encerramento.ts:45,540,no,,,candidate,,
packages-core-ts-local-cb65e7c1,packages-core,1,ts-local,conversas,,packages/core/src/metricas/eventos.ts:138,540,no,,,candidate,,
packages-core-ts-local-2027023b,packages-core,1,ts-local,conversas,,packages/core/src/metricas/tempos.ts:101,540,no,,,candidate,,
packages-core-ts-local-125d6aea,packages-core,1,ts-local,conversas,,packages/core/src/metricas/tempos.ts:131,540,no,,,candidate,,
packages-core-ts-local-567a322e,packages-core,1,ts-local,conversas,,packages/core/src/metricas/tempos.ts:28,540,no,,,candidate,,
packages-core-ts-local-59d0e2b5,packages-core,1,ts-local,conversas,,packages/core/src/metricas/tempos.ts:52,540,no,,,candidate,,
packages-core-ts-local-5ab3b291,packages-core,1,ts-local,conversas,,packages/core/src/metricas/tempos.ts:66,540,no,,,candidate,,
packages-core-ts-local-5bd33965,packages-core,1,ts-local,conversas,,packages/core/src/metricas/tempos.ts:81,540,no,,,candidate,,
packages-core-ts-local-526cc787,packages-core,1,ts-local,dados,,packages/core/src/score/motor.ts:126,669,no,,,candidate,,
packages-core-ts-local-15c2b352,packages-core,1,ts-local,dados,,packages/core/src/score/motor.ts:167,669,no,,,candidate,,
packages-core-ts-local-5ac55ba4,packages-core,1,ts-local,dados,,packages/core/src/score/motor.ts:197,669,no,,,candidate,,
packages-core-ts-local-2192fee1,packages-core,1,ts-local,dados,,packages/core/src/score/motor.ts:88,669,no,,,candidate,,
packages-core-ts-local-3bf5137f,packages-core,1,ts-local,entidade,,packages/core/src/fluxo/contexto.ts:296,15,no,,,candidate,,
packages-core-ts-local-7440e905,packages-core,1,ts-local,entrada,,packages/core/src/esforco/sessao.ts:103,473,no,,,candidate,,
packages-core-ts-local-7817e949,packages-core,1,ts-local,entrada,,packages/core/src/fluxo/condicao.ts:232,473,no,,,candidate,,
packages-core-ts-local-c91340e1,packages-core,1,ts-local,entrada,,packages/core/src/fluxo/condicao.ts:268,473,no,,,candidate,,
packages-core-ts-local-dfbe262f,packages-core,1,ts-local,entrada,,packages/core/src/fluxo/modelos.ts:112,473,no,,,candidate,,
packages-core-ts-local-b23b60f9,packages-core,1,ts-local,entrada,,packages/core/src/janela/janela.ts:121,473,no,,,candidate,,
packages-core-ts-local-80cf3b9d,packages-core,1,ts-local,entrada,,packages/core/src/sla/regra.ts:71,473,no,,,candidate,,
packages-core-ts-local-1d158ad5,packages-core,1,ts-local,entrada,,packages/core/src/sla/sla.teste.ts:103,473,no,,,candidate,,
packages-core-ts-local-77afc343,packages-core,1,ts-local,erro,,packages/core/src/conversa/conversa.teste.ts:74,1478,no,,,candidate,,
packages-core-ts-local-60b6df0e,packages-core,1,ts-local,erro,,packages/core/src/conversa/maquina.ts:154,1478,no,,,candidate,,
packages-core-ts-local-280b4627,packages-core,1,ts-local,erro,,packages/core/src/fluxo/gerenciador.ts:311,1478,no,,,candidate,,
packages-core-ts-local-f61d429f,packages-core,1,ts-local,erro,,packages/core/src/fluxo/gerenciador.ts:340,1478,no,,,candidate,,
packages-core-ts-local-124ec68c,packages-core,1,ts-local,erro,,packages/core/src/fluxo/gerenciador.ts:420,1478,no,,,candidate,,
packages-core-ts-local-6bed92fb,packages-core,1,ts-local,erro,,packages/core/src/fluxo/gerenciador.ts:461,1478,no,,,candidate,,
packages-core-ts-local-731bcd89,packages-core,1,ts-local,erro,,packages/core/src/fluxo/modelos.ts:225,1478,no,,,candidate,,
packages-core-ts-local-37c9019c,packages-core,1,ts-local,esforcoSeg,,packages/core/src/esforco/sessao.ts:93,18,no,,,candidate,,
packages-core-ts-local-b10be91c,packages-core,1,ts-local,estadoAtual,,packages/core/src/conversa/maquina.ts:135,8,no,,,candidate,,
packages-core-ts-local-735986e6,packages-core,1,ts-local,estadoAtual,,packages/core/src/conversa/maquina.ts:149,8,no,,,candidate,,
packages-core-ts-local-01967a55,packages-core,1,ts-local,estadoDaSaida,,packages/core/src/fluxo/gerenciador.ts:105,3,no,,,candidate,,
packages-core-ts-local-af8230e7,packages-core,1,ts-local,estadoId,,packages/core/src/fluxo/gerenciador.ts:117,22,no,,,candidate,,
packages-core-ts-local-40e8e556,packages-core,1,ts-local,estadoId,,packages/core/src/fluxo/gerenciador.ts:365,22,no,,,candidate,,
packages-core-ts-local-eb89eaeb,packages-core,1,ts-local,estadoId,,packages/core/src/fluxo/modelos.ts:244,22,no,,,candidate,,
packages-core-ts-local-e3ac023b,packages-core,1,ts-local,estadoInicial,,packages/core/src/conversa/maquina.ts:166,14,no,,,candidate,,
packages-core-ts-local-7531ea77,packages-core,1,ts-local,estado,,packages/core/src/conversa/conversa.teste.ts:137,1269,no,,,candidate,,
packages-core-ts-local-357a404a,packages-core,1,ts-local,estado,,packages/core/src/conversa/conversa.teste.ts:52,1269,no,,,candidate,,
packages-core-ts-local-a532b99e,packages-core,1,ts-local,estado,,packages/core/src/fluxo/gerenciador.ts:360,1269,no,,,candidate,,
packages-core-ts-local-4e461eb6,packages-core,1,ts-local,estado,,packages/core/src/fluxo/gerenciador.ts:440,1269,no,,,candidate,,
packages-core-ts-local-5c10a6d5,packages-core,1,ts-local,estado,,packages/core/src/fluxo/gerenciador.ts:476,1269,no,,,candidate,,
packages-core-ts-local-f98653a5,packages-core,1,ts-local,estado,,packages/core/src/fluxo/modelos.ts:138,1269,no,,,candidate,,
packages-core-ts-local-67ced00a,packages-core,1,ts-local,estado,,packages/core/src/fluxo/modelos.ts:189,1269,no,,,candidate,,
packages-core-ts-local-d1366ac4,packages-core,1,ts-local,estado,,packages/core/src/fluxo/modelos.ts:252,1269,no,,,candidate,,
packages-core-ts-local-1a04f3eb,packages-core,1,ts-local,falharAtendimento,,packages/core/src/fluxo/gerenciador.teste.ts:23,4,no,,,candidate,,
packages-core-ts-local-4f5880ee,packages-core,1,ts-local,fluxoId,,packages/core/src/fluxo/contexto.ts:205,504,no,,,candidate,,
packages-core-ts-local-d156b57f,packages-core,1,ts-local,fluxoId,,packages/core/src/fluxo/contexto.ts:206,504,no,,,candidate,,
packages-core-ts-local-b762dba3,packages-core,1,ts-local,fluxoId,,packages/core/src/fluxo/contexto.ts:219,504,no,,,candidate,,
packages-core-ts-local-306306db,packages-core,1,ts-local,fluxo,,packages/core/src/fluxo/editor.ts:175,1172,no,,,candidate,,
packages-core-ts-local-bf412622,packages-core,1,ts-local,fluxo,,packages/core/src/fluxo/gerenciador.ts:439,1172,no,,,candidate,,
packages-core-ts-local-db5ed8e2,packages-core,1,ts-local,fluxo,,packages/core/src/fluxo/modelos.ts:100,1172,no,,,candidate,,
packages-core-ts-local-3886ee43,packages-core,1,ts-local,fluxo,,packages/core/src/fluxo/modelos.ts:152,1172,no,,,candidate,,
packages-core-ts-local-1921ec67,packages-core,1,ts-local,fluxo,,packages/core/src/fluxo/modelos.ts:242,1172,no,,,candidate,,
packages-core-ts-local-c000ce49,packages-core,1,ts-local,formato,,packages/core/src/fluxo/gerenciador.ts:518,270,no,,,candidate,,
packages-core-ts-local-968f3489,packages-core,1,ts-local,mensagemId,,packages/core/src/janela/janela.ts:50,59,no,,,candidate,,
packages-core-ts-local-29519f00,packages-core,1,ts-local,mensagem,,packages/core/src/esforco/regua.ts:135,1267,no,,,candidate,,
packages-core-ts-local-6a254ae1,packages-core,1,ts-local,mensagem,,packages/core/src/esforco/regua.ts:194,1267,no,,,candidate,,
packages-core-ts-local-8344dd32,packages-core,1,ts-local,mensagem,,packages/core/src/fluxo/condicao.ts:51,1267,no,,,candidate,,
packages-core-ts-local-d8d0ffd1,packages-core,1,ts-local,mensagem,,packages/core/src/fluxo/contexto.ts:137,1267,no,,,candidate,,
packages-core-ts-local-a4e3fcaf,packages-core,1,ts-local,mensagem,,packages/core/src/fluxo/contexto.ts:80,1267,no,,,candidate,,
packages-core-ts-local-7094be3e,packages-core,1,ts-local,mensagem,,packages/core/src/fluxo/gerenciador.ts:104,1267,no,,,candidate,,
packages-core-ts-local-988e7441,packages-core,1,ts-local,mensagem,,packages/core/src/fluxo/gerenciador.ts:116,1267,no,,,candidate,,
packages-core-ts-local-6225d7d2,packages-core,1,ts-local,mensagem,,packages/core/src/fluxo/gerenciador.ts:83,1267,no,,,candidate,,
packages-core-ts-local-f3ba9fb2,packages-core,1,ts-local,mensagem,,packages/core/src/fluxo/gerenciador.ts:92,1267,no,,,candidate,,
packages-core-ts-local-5e88bd89,packages-core,1,ts-local,mensagem,,packages/core/src/fluxo/modelos.ts:244,1267,no,,,candidate,,
packages-core-ts-local-76b7fe2b,packages-core,1,ts-local,mensagens,,packages/core/src/esforco/regua.ts:124,363,no,,,candidate,,
packages-core-ts-local-341f7ed5,packages-core,1,ts-local,mensagens,,packages/core/src/esforco/regua.ts:191,363,no,,,candidate,,
packages-core-ts-local-75bb2f03,packages-core,1,ts-local,opcoes,,packages/core/src/distribuicao/carga.ts:107,157,no,,,candidate,,
packages-core-ts-local-6ddf6ca0,packages-core,1,ts-local,opcoes,,packages/core/src/distribuicao/carga.ts:120,157,no,,,candidate,,
packages-core-ts-local-ecd32860,packages-core,1,ts-local,opcoes,,packages/core/src/distribuicao/carga.ts:141,157,no,,,candidate,,
packages-core-ts-local-236421c7,packages-core,1,ts-local,opcoes,,packages/core/src/distribuicao/carga.ts:78,157,no,,,candidate,,
packages-core-ts-local-ba795827,packages-core,1,ts-local,opcoes,,packages/core/src/distribuicao/carga.ts:95,157,no,,,candidate,,
packages-core-ts-local-dd7dd055,packages-core,1,ts-local,opcoes,,packages/core/src/esforco/regua.ts:125,157,no,,,candidate,,
packages-core-ts-local-263d8897,packages-core,1,ts-local,opcoes,,packages/core/src/esforco/sessao.ts:40,157,no,,,candidate,,
packages-core-ts-local-c4224c6f,packages-core,1,ts-local,opcoes,,packages/core/src/fluxo/gerenciador.teste.ts:50,157,no,,,candidate,,
packages-core-ts-local-9d290089,packages-core,1,ts-local,opcoes,,packages/core/src/fluxo/gerenciador.ts:164,157,no,,,candidate,,
packages-core-ts-local-7d561243,packages-core,1,ts-local,opcoes,,packages/core/src/score/motor.ts:198,157,no,,,candidate,,
packages-core-ts-local-7b581729,packages-core,1,ts-local,periodo,,packages/core/src/analise/index.ts:87,57,no,,,candidate,,
packages-core-ts-local-ca874583,packages-core,1,ts-local,populacao,,packages/core/src/comum/tipos.ts:33,34,no,,,candidate,,
packages-core-ts-local-f6807141,packages-core,1,ts-local,propriedade,,packages/core/src/fluxo/contexto.ts:235,25,no,,,candidate,,
packages-core-ts-local-09c7f34c,packages-core,1,ts-local,propriedade,,packages/core/src/fluxo/contexto.ts:250,25,no,,,candidate,,
packages-core-ts-local-564619f3,packages-core,1,ts-local,sessaoSeg,,packages/core/src/esforco/sessao.ts:113,16,no,,,candidate,,
packages-core-ts-local-19b866e0,packages-core,1,ts-local,sessaoSeg,,packages/core/src/esforco/sessao.ts:93,16,no,,,candidate,,
packages-core-ts-local-c6cffcac,packages-core,1,ts-local,ultimaMensagemDoContatoEm,,packages/core/src/janela/janela.ts:44,2,no,,,candidate,,
packages-core-ts-local-da4b3724,packages-core,1,ts-local,validacao,,packages/core/src/fluxo/gerenciador.ts:538,10,no,,,candidate,,
packages-core-ts-local-c3c95096,packages-core,1,ts-local,valores,,packages/core/src/metricas/agregacao.ts:44,140,no,,,candidate,,
packages-core-ts-local-da188f3d,packages-core,1,ts-local,valor,,packages/core/src/analise/index.ts:193,1656,no,,,candidate,,
packages-core-ts-local-aef1dd92,packages-core,1,ts-local,valor,,packages/core/src/fluxo/acoes.ts:206,1656,no,,,candidate,,
packages-core-ts-local-3935b40e,packages-core,1,ts-local,valor,,packages/core/src/fluxo/condicao.ts:59,1656,no,,,candidate,,
packages-core-ts-local-c2d08ad1,packages-core,1,ts-local,valor,,packages/core/src/fluxo/contexto.ts:195,1656,no,,,candidate,,
packages-core-ts-local-777c43ba,packages-core,1,ts-local,valor,,packages/core/src/fluxo/contexto.ts:245,1656,no,,,candidate,,
packages-core-ts-local-202ef5ab,packages-core,1,ts-local,valor,,packages/core/src/fluxo/contexto.ts:250,1656,no,,,candidate,,
packages-core-ts-local-a6cdedde,packages-core,1,ts-local,valor,,packages/core/src/fluxo/contexto.ts:369,1656,no,,,candidate,,
packages-core-ts-local-42d61148,packages-core,1,ts-local,valor,,packages/core/src/fluxo/gerenciador.teste.ts:287,1656,no,,,candidate,,
packages-core-ts-local-17bc8ebb,packages-core,1,ts-local,valor,,packages/core/src/fluxo/gerenciador.teste.ts:465,1656,no,,,candidate,,
packages-core-ts-local-3fa267f2,packages-core,1,ts-local,valor,,packages/core/src/fluxo/gerenciador.teste.ts:492,1656,no,,,candidate,,
packages-core-ts-local-42c42cdc,packages-core,1,ts-local,valor,,packages/core/src/score/motor.ts:106,1656,no,,,candidate,,
packages-core-ts-local-8bec3c6b,packages-core,1,ts-local,valor,,packages/core/src/score/motor.ts:176,1656,no,,,candidate,,
packages-core-ts-local-f5fae1d0,packages-core,1,ts-local,valor,,packages/core/src/score/motor.ts:98,1656,no,,,candidate,,
packages-core-ts-local-ef60c210,packages-core,1,ts-local,valor,,packages/core/src/score/score.teste.ts:220,1656,no,,,candidate,,
packages-core-ts-local-674d16c4,packages-core,1,ts-local,variaveis,,packages/core/src/fluxo/contexto.ts:219,134,no,,,candidate,,
packages-core-ts-prop-a5c7cfa1,packages-core,1,ts-prop,$title,KEEP,packages/core/src/fluxo/modelos.ts:16,0,unknown,,,candidate,,jsonb:bloco.conteudo;jsonb:execucaoFluxo.contexto;jsonb:posicaoNoRoteador.contexto;jsonb:processHttpExecucao.contexto
packages-core-ts-prop-f7180f9c,packages-core,1,ts-prop,abertaPorMensagemId,,packages/core/src/janela/janela.ts:37,1,no,,,candidate,,
packages-core-ts-prop-2fba01b3,packages-core,1,ts-prop,acoesGlobais,,packages/core/src/fluxo/gerenciador.ts:75,4,no,,,candidate,,
packages-core-ts-prop-ed986918,packages-core,1,ts-prop,acoes,,packages/core/src/fluxo/editor.ts:161,155,no,,,candidate,,
packages-core-ts-prop-e12ff818,packages-core,1,ts-prop,acoes,,packages/core/src/fluxo/gerenciador.ts:152,155,no,,,candidate,,
packages-core-ts-prop-136a9c21,packages-core,1,ts-prop,acoes,,packages/core/src/fluxo/gerenciador.ts:67,155,no,,,candidate,,
packages-core-ts-prop-15845e30,packages-core,1,ts-prop,afterStateChangedActions,KEEP,packages/core/src/fluxo/modelos.ts:64,0,unknown,,,candidate,,jsonb:bloco.conteudo;jsonb:execucaoFluxo.contexto;jsonb:posicaoNoRoteador.contexto;jsonb:processHttpExecucao.contexto
packages-core-ts-prop-fa7943a3,packages-core,1,ts-prop,afterStateChangedActions,KEEP,packages/core/src/fluxo/modelos.ts:93,0,unknown,,,candidate,,jsonb:bloco.conteudo;jsonb:execucaoFluxo.contexto;jsonb:posicaoNoRoteador.contexto;jsonb:processHttpExecucao.contexto
packages-core-ts-prop-310760cb,packages-core,1,ts-prop,aguardandoAtendente,,packages/core/src/distribuicao/carga.ts:32,31,no,,,candidate,,
packages-core-ts-prop-8fded883,packages-core,1,ts-prop,aguardandoAtendente,,packages/core/src/distribuicao/distribuicao.teste.ts:36,31,no,,,candidate,,
packages-core-ts-prop-4ecbd28e,packages-core,1,ts-prop,anexo,,packages/core/src/esforco/esforco.teste.ts:68,150,no,,,candidate,,
packages-core-ts-prop-809e38d1,packages-core,1,ts-prop,anexo,,packages/core/src/esforco/regua.ts:64,150,no,,,candidate,,
packages-core-ts-prop-956d5de3,packages-core,1,ts-prop,answer,KEEP,packages/core/src/fluxo/contexto.ts:61,0,unknown,,,candidate,,jsonb:execucaoFluxo.contexto;jsonb:posicaoNoRoteador.contexto;jsonb:processHttpExecucao.contexto
packages-core-ts-prop-7e9f0a96,packages-core,1,ts-prop,atendenteId,,packages/core/src/distribuicao/carga.ts:56,217,no,,,candidate,,
packages-core-ts-prop-d5e3a8c0,packages-core,1,ts-prop,atendenteId,,packages/core/src/esforco/regua.ts:125,217,no,,,candidate,,
packages-core-ts-prop-c63e0c86,packages-core,1,ts-prop,atendenteId,,packages/core/src/esforco/regua.ts:70,217,no,,,candidate,,
packages-core-ts-prop-ce6b9934,packages-core,1,ts-prop,atendente,,packages/core/src/distribuicao/distribuicao.teste.ts:65,768,no,,,candidate,,
packages-core-ts-prop-77b1a753,packages-core,1,ts-prop,ativa,,packages/core/src/score/motor.ts:49,340,no,,,candidate,,
packages-core-ts-prop-dff4582e,packages-core,1,ts-prop,ativa,,packages/core/src/sla/regra.ts:31,340,no,,,candidate,,
packages-core-ts-prop-0e55c493,packages-core,1,ts-prop,ativasPorCanal,,packages/core/src/analise/index.ts:362,2,no,,,candidate,,
packages-core-ts-prop-00204b8c,packages-core,1,ts-prop,atribuicoes,,packages/core/src/metricas/eventos.ts:56,8,no,,,candidate,,
packages-core-ts-prop-c47de507,packages-core,1,ts-prop,blocosExcecao,,packages/core/src/analise/index.ts:274,3,no,,,candidate,,
packages-core-ts-prop-ab56dc4f,packages-core,1,ts-prop,bruto,KEEP,packages/core/src/fluxo/contexto.ts:101,0,unknown,,,candidate,,jsonb:execucaoPasso.saida
packages-core-ts-prop-d71d93f1,packages-core,1,ts-prop,bypass,KEEP,packages/core/src/fluxo/modelos.ts:39,0,unknown,,,candidate,,jsonb:bloco.conteudo;jsonb:execucaoFluxo.contexto;jsonb:posicaoNoRoteador.contexto;jsonb:processHttpExecucao.contexto
packages-core-ts-prop-dea1b0bd,packages-core,1,ts-prop,cabecalhos,KEEP,packages/core/src/fluxo/contexto.ts:113,0,unknown,,,candidate,,jsonb:processHttpExecucao.pedido
packages-core-ts-prop-317bb3c2,packages-core,1,ts-prop,campo,KEEP,packages/core/src/score/motor.ts:31,0,unknown,,,candidate,,jsonb:regraPrioridade.condicao;jsonb:regraScore.condicao;jsonb:transicao.condicao
packages-core-ts-prop-4b6aafd2,packages-core,1,ts-prop,canal,,packages/core/src/analise/index.ts:253,970,no,,,candidate,,
packages-core-ts-prop-15b38b2e,packages-core,1,ts-prop,canal,,packages/core/src/analise/index.ts:355,970,no,,,candidate,,
packages-core-ts-prop-fa85ae92,packages-core,1,ts-prop,canal,,packages/core/src/janela/janela.ts:85,970,no,,,candidate,,
packages-core-ts-prop-9c72a8bd,packages-core,1,ts-prop,chamarHttp,KEEP,packages/core/src/fluxo/contexto.ts:144,0,unknown,,,candidate,,jsonb:execucaoFluxo.contexto;jsonb:posicaoNoRoteador.contexto;jsonb:processHttpExecucao.contexto
packages-core-ts-prop-84d93df1,packages-core,1,ts-prop,combinador,KEEP,packages/core/src/score/motor.ts:37,0,unknown,,,candidate,,jsonb:regraPrioridade.condicao;jsonb:regraScore.condicao;jsonb:transicao.condicao
packages-core-ts-prop-89f6632d,packages-core,1,ts-prop,comInteracao,,packages/core/src/analise/index.ts:256,5,no,,,candidate,,
packages-core-ts-prop-d8b11a3e,packages-core,1,ts-prop,comInteracao,,packages/core/src/analise/index.ts:258,5,no,,,candidate,,
packages-core-ts-prop-4ba75817,packages-core,1,ts-prop,comparison,KEEP,packages/core/src/fluxo/condicao.ts:45,0,unknown,,,candidate,,jsonb:bloco.conteudo;jsonb:execucaoFluxo.contexto;jsonb:posicaoNoRoteador.contexto;jsonb:processHttpExecucao.contexto
packages-core-ts-prop-757082ef,packages-core,1,ts-prop,condicao,,packages/core/src/score/motor.ts:48,123,no,,,candidate,,
packages-core-ts-prop-855f69ae,packages-core,1,ts-prop,condicao,,packages/core/src/score/score.teste.ts:112,123,no,,,candidate,,
packages-core-ts-prop-41c008c1,packages-core,1,ts-prop,condicoes,,packages/core/src/score/motor.ts:38,76,unknown,,,candidate,,jsonb:regraPrioridade.condicao;jsonb:regraScore.condicao;jsonb:transicao.condicao
packages-core-ts-prop-a46f887c,packages-core,1,ts-prop,conditions,KEEP,packages/core/src/fluxo/modelos.ts:18,0,unknown,,,candidate,,jsonb:bloco.conteudo;jsonb:execucaoFluxo.contexto;jsonb:posicaoNoRoteador.contexto;jsonb:processHttpExecucao.contexto
packages-core-ts-prop-f6d6609c,packages-core,1,ts-prop,conditions,KEEP,packages/core/src/fluxo/modelos.ts:40,0,unknown,,,candidate,,jsonb:bloco.conteudo;jsonb:execucaoFluxo.contexto;jsonb:posicaoNoRoteador.contexto;jsonb:processHttpExecucao.contexto
packages-core-ts-prop-a1d874ce,packages-core,1,ts-prop,conditions,KEEP,packages/core/src/fluxo/modelos.ts:49,0,unknown,,,candidate,,jsonb:bloco.conteudo;jsonb:execucaoFluxo.contexto;jsonb:posicaoNoRoteador.contexto;jsonb:processHttpExecucao.contexto
packages-core-ts-prop-39a1c4d9,packages-core,1,ts-prop,configuracao,,packages/core/src/fluxo/gerenciador.ts:151,31,no,,,candidate,,
packages-core-ts-prop-31c5af83,packages-core,1,ts-prop,configuration,KEEP,packages/core/src/fluxo/modelos.ts:94,0,unknown,,,candidate,,jsonb:bloco.conteudo;jsonb:execucaoFluxo.contexto;jsonb:posicaoNoRoteador.contexto;jsonb:processHttpExecucao.contexto
packages-core-ts-prop-9fde7118,packages-core,1,ts-prop,contagem,,packages/core/src/metricas/agregacao.ts:29,134,no,,,candidate,,
packages-core-ts-prop-287d4cb3,packages-core,1,ts-prop,contato,,packages/core/src/fluxo/contexto.ts:171,1026,unknown,,,candidate,,jsonb:execucaoFluxo.contexto;jsonb:posicaoNoRoteador.contexto;jsonb:processHttpExecucao.contexto
packages-core-ts-prop-7e45611a,packages-core,1,ts-prop,contato,,packages/core/src/fluxo/gerenciador.teste.ts:54,1026,no,,,candidate,,
packages-core-ts-prop-cd9778c9,packages-core,1,ts-prop,contatos,,packages/core/src/analise/index.ts:255,438,no,,,candidate,,
packages-core-ts-prop-70ec14cf,packages-core,1,ts-prop,contatos,,packages/core/src/analise/index.ts:268,438,no,,,candidate,,
packages-core-ts-prop-65881adf,packages-core,1,ts-prop,conteudo,KEEP,packages/core/src/fluxo/contexto.ts:52,0,unknown,,,candidate,,jsonb:execucaoFluxo.contexto;jsonb:execucaoPasso.entrada;jsonb:posicaoNoRoteador.contexto;jsonb:processHttpExecucao.contexto;jsonb:processHttpExecucao.entrada
packages-core-ts-prop-03ea4c8e,packages-core,1,ts-prop,conteudo,KEEP,packages/core/src/fluxo/contexto.ts:98,0,unknown,,,candidate,,jsonb:execucaoPasso.saida
packages-core-ts-prop-511e9480,packages-core,1,ts-prop,conteudoSerializado,KEEP,packages/core/src/fluxo/contexto.ts:74,0,unknown,,,candidate,,jsonb:execucaoFluxo.contexto;jsonb:posicaoNoRoteador.contexto;jsonb:processHttpExecucao.contexto
packages-core-ts-prop-3d9fd94a,packages-core,1,ts-prop,contexto,,packages/core/src/fluxo/contexto.ts:152,300,no,,,candidate,,
packages-core-ts-prop-bce7b637,packages-core,1,ts-prop,continueOnError,KEEP,packages/core/src/fluxo/modelos.ts:21,0,unknown,,,candidate,,jsonb:bloco.conteudo;jsonb:execucaoFluxo.contexto;jsonb:posicaoNoRoteador.contexto;jsonb:processHttpExecucao.contexto
packages-core-ts-prop-ffc99302,packages-core,1,ts-prop,conversaId,,packages/core/src/esforco/regua.ts:125,523,no,,,candidate,,
packages-core-ts-prop-6efb6c27,packages-core,1,ts-prop,conversaId,,packages/core/src/esforco/regua.ts:53,523,no,,,candidate,,
packages-core-ts-prop-d2de109d,packages-core,1,ts-prop,conversaId,,packages/core/src/esforco/regua.ts:69,523,no,,,candidate,,
packages-core-ts-prop-eae5db95,packages-core,1,ts-prop,conversaId,,packages/core/src/metricas/eventos.ts:31,523,no,,,candidate,,
packages-core-ts-prop-adcb714d,packages-core,1,ts-prop,conversaId,,packages/core/src/metricas/eventos.ts:43,523,no,,,candidate,,
packages-core-ts-prop-e57f5d7f,packages-core,1,ts-prop,conversaId,,packages/core/src/metricas/eventos.ts:49,523,no,,,candidate,,
packages-core-ts-prop-6b8b6359,packages-core,1,ts-prop,conversasConsideradas,,packages/core/src/metricas/tempos.ts:24,9,no,,,candidate,,
packages-core-ts-prop-2c185345,packages-core,1,ts-prop,corpo,KEEP,packages/core/src/fluxo/contexto.ts:114,0,unknown,,,candidate,,jsonb:processHttpExecucao.pedido
packages-core-ts-prop-6fde6f82,packages-core,1,ts-prop,corpo,KEEP,packages/core/src/fluxo/contexto.ts:120,0,unknown,,,candidate,,jsonb:processHttpExecucao.contexto;jsonb:processHttpExecucao.resposta
packages-core-ts-prop-d61dde75,packages-core,1,ts-prop,criadoPor,,packages/core/src/analise/index.ts:370,10,no,,,candidate,,
packages-core-ts-prop-68e0d7a3,packages-core,1,ts-prop,dentroDaJanela,,packages/core/src/janela/janela.teste.ts:97,30,no,,,candidate,,
packages-core-ts-prop-1ba3845b,packages-core,1,ts-prop,dentroDaJanela,,packages/core/src/janela/janela.ts:104,30,no,,,candidate,,
packages-core-ts-prop-b7e22a2e,packages-core,1,ts-prop,dentroDaJanela,,packages/core/src/janela/janela.ts:123,30,no,,,candidate,,
packages-core-ts-prop-e56d331f,packages-core,1,ts-prop,de,KEEP,packages/core/src/fluxo/contexto.ts:53,0,unknown,,,candidate,,jsonb:execucaoFluxo.contexto;jsonb:execucaoPasso.entrada;jsonb:posicaoNoRoteador.contexto;jsonb:processHttpExecucao.contexto;jsonb:processHttpExecucao.entrada
packages-core-ts-prop-7b890dd1,packages-core,1,ts-prop,descricao,,packages/core/src/analise/index.ts:303,299,no,,,candidate,,
packages-core-ts-prop-fb980986,packages-core,1,ts-prop,direcao,,packages/core/src/esforco/regua.ts:56,175,no,,,candidate,,
packages-core-ts-prop-f1e4c9b0,packages-core,1,ts-prop,duracaoSeg,,packages/core/src/esforco/regua.ts:47,12,no,,,candidate,,
packages-core-ts-prop-8379f638,packages-core,1,ts-prop,em_atendimento,,packages/core/src/conversa/maquina.ts:44,66,no,,,candidate,,
packages-core-ts-prop-e777eb7d,packages-core,1,ts-prop,encaminharParaAtendimento,,packages/core/src/fluxo/contexto.ts:138,0,unknown,,,candidate,,jsonb:execucaoFluxo.contexto;jsonb:posicaoNoRoteador.contexto;jsonb:processHttpExecucao.contexto
packages-core-ts-prop-d6121aae,packages-core,1,ts-prop,encerradaPor,,packages/core/src/metricas/eventos.ts:38,37,no,,,candidate,,
packages-core-ts-prop-3df85def,packages-core,1,ts-prop,encerradaPor,,packages/core/src/metricas/eventos.ts:54,37,no,,,candidate,,
packages-core-ts-prop-45ad362a,packages-core,1,ts-prop,encerradaPor,,packages/core/src/metricas/metricas.teste.ts:314,37,no,,,candidate,,
packages-core-ts-prop-b7e1180c,packages-core,1,ts-prop,end,KEEP,packages/core/src/fluxo/modelos.ts:60,0,unknown,,,candidate,,jsonb:bloco.conteudo;jsonb:execucaoFluxo.contexto;jsonb:posicaoNoRoteador.contexto;jsonb:processHttpExecucao.contexto
packages-core-ts-prop-3672edb9,packages-core,1,ts-prop,entidades,,packages/core/src/fluxo/contexto.ts:76,3,unknown,,,candidate,,jsonb:execucaoFluxo.contexto;jsonb:posicaoNoRoteador.contexto;jsonb:processHttpExecucao.contexto
packages-core-ts-prop-4a875409,packages-core,1,ts-prop,entidades,,packages/core/src/fluxo/contexto.ts:81,3,no,,,candidate,,
packages-core-ts-prop-000b0ccc,packages-core,1,ts-prop,entity,KEEP,packages/core/src/fluxo/condicao.ts:44,0,unknown,,,candidate,,jsonb:bloco.conteudo;jsonb:execucaoFluxo.contexto;jsonb:posicaoNoRoteador.contexto;jsonb:processHttpExecucao.contexto
packages-core-ts-prop-6bfaf1b6,packages-core,1,ts-prop,entradaContexto,,packages/core/src/fluxo/contexto.ts:169,9,unknown,,,candidate,,jsonb:execucaoFluxo.contexto;jsonb:posicaoNoRoteador.contexto;jsonb:processHttpExecucao.contexto
packages-core-ts-prop-823117e2,packages-core,1,ts-prop,entrada,,packages/core/src/fluxo/contexto.ts:165,473,unknown,,,candidate,,jsonb:execucaoFluxo.contexto;jsonb:posicaoNoRoteador.contexto;jsonb:processHttpExecucao.contexto
packages-core-ts-prop-5f250457,packages-core,1,ts-prop,enviar,KEEP,packages/core/src/fluxo/contexto.ts:137,0,unknown,,,candidate,,jsonb:execucaoFluxo.contexto;jsonb:posicaoNoRoteador.contexto;jsonb:processHttpExecucao.contexto
packages-core-ts-prop-f7734831,packages-core,1,ts-prop,erro,,packages/core/src/conversa/maquina.ts:78,1478,no,,,candidate,,
packages-core-ts-prop-f9949b28,packages-core,1,ts-prop,erro,,packages/core/src/fluxo/gerenciador.ts:60,1478,no,,,candidate,,
packages-core-ts-prop-20cd2681,packages-core,1,ts-prop,erro,,packages/core/src/fluxo/gerenciador.ts:69,1478,no,,,candidate,,
packages-core-ts-prop-a1186d94,packages-core,1,ts-prop,erro,,packages/core/src/fluxo/gerenciador.ts:78,1478,no,,,candidate,,
packages-core-ts-prop-ac15f6a6,packages-core,1,ts-prop,error,KEEP,packages/core/src/fluxo/modelos.ts:34,0,unknown,,,candidate,,jsonb:bloco.conteudo;jsonb:execucaoFluxo.contexto;jsonb:posicaoNoRoteador.contexto;jsonb:processHttpExecucao.contexto
packages-core-ts-prop-e0c68fbd,packages-core,1,ts-prop,escopoId,,packages/core/src/sla/regra.ts:30,74,no,,,candidate,,
packages-core-ts-prop-b56c618c,packages-core,1,ts-prop,escopoTipo,,packages/core/src/sla/regra.ts:29,79,no,,,candidate,,
packages-core-ts-prop-e09e3378,packages-core,1,ts-prop,esforcoMedioPorTicketSeg,,packages/core/src/esforco/sessao.ts:90,2,no,,,candidate,,
packages-core-ts-prop-e3dcbe6b,packages-core,1,ts-prop,esforcoRespostaProntaSeg,,packages/core/src/esforco/regua.ts:82,5,no,,,candidate,,
packages-core-ts-prop-a1ee0d4c,packages-core,1,ts-prop,esforcoSeg,,packages/core/src/esforco/regua.ts:80,18,no,,,candidate,,
packages-core-ts-prop-b3ecc9c3,packages-core,1,ts-prop,esforcoSeg,,packages/core/src/esforco/sessao.ts:84,18,no,,,candidate,,
packages-core-ts-prop-00cb3ae5,packages-core,1,ts-prop,estadoFinalId,,packages/core/src/fluxo/gerenciador.ts:77,3,no,,,candidate,,
packages-core-ts-prop-272fe5c6,packages-core,1,ts-prop,estadoId,,packages/core/src/fluxo/contexto.ts:127,22,unknown,,,candidate,,jsonb:processHttpExecucao.contexto
packages-core-ts-prop-d2b73763,packages-core,1,ts-prop,estadoId,,packages/core/src/fluxo/gerenciador.ts:66,22,no,,,candidate,,
packages-core-ts-prop-fb09da66,packages-core,1,ts-prop,estadoId,,packages/core/src/fluxo/modelos.ts:217,22,no,,,candidate,,
packages-core-ts-prop-a3ce39ac,packages-core,1,ts-prop,estado,,packages/core/src/conversa/maquina.ts:120,1269,no,,,candidate,,
packages-core-ts-prop-09771228,packages-core,1,ts-prop,estado,,packages/core/src/conversa/maquina.ts:77,1269,no,,,candidate,,
packages-core-ts-prop-56318589,packages-core,1,ts-prop,estado,,packages/core/src/distribuicao/carga.ts:24,1269,no,,,candidate,,
packages-core-ts-prop-1865b78e,packages-core,1,ts-prop,estado,,packages/core/src/sla/regra.ts:49,1269,no,,,candidate,,
packages-core-ts-prop-defb7ad7,packages-core,1,ts-prop,estado,,packages/core/src/sla/sla.teste.ts:221,1269,no,,,candidate,,
packages-core-ts-prop-e4c660f5,packages-core,1,ts-prop,excecao,,packages/core/src/analise/index.ts:272,11,no,,,candidate,,
packages-core-ts-prop-49e05065,packages-core,1,ts-prop,excecoes,,packages/core/src/sla/expediente.ts:36,22,no,,,candidate,,
packages-core-ts-prop-1c7a17f4,packages-core,1,ts-prop,executeAsynchronously,KEEP,packages/core/src/fluxo/modelos.ts:22,0,unknown,,,candidate,,jsonb:bloco.conteudo;jsonb:execucaoFluxo.contexto;jsonb:posicaoNoRoteador.contexto;jsonb:processHttpExecucao.contexto
packages-core-ts-prop-1d8f8f7a,packages-core,1,ts-prop,expiration,KEEP,packages/core/src/fluxo/modelos.ts:42,0,unknown,,,candidate,,jsonb:bloco.conteudo;jsonb:execucaoFluxo.contexto;jsonb:posicaoNoRoteador.contexto;jsonb:processHttpExecucao.contexto
packages-core-ts-prop-fce5d0a8,packages-core,1,ts-prop,explicacao,,packages/core/src/score/motor.ts:68,15,no,,,candidate,,
packages-core-ts-prop-1d33f38f,packages-core,1,ts-prop,falharAtendimento,,packages/core/src/fluxo/gerenciador.teste.ts:53,4,no,,,candidate,,
packages-core-ts-prop-29cc35d3,packages-core,1,ts-prop,filaId,,packages/core/src/distribuicao/carga.ts:46,170,no,,,candidate,,
packages-core-ts-prop-e854f609,packages-core,1,ts-prop,filaId,,packages/core/src/metricas/eventos.ts:36,170,no,,,candidate,,
packages-core-ts-prop-becdb15b,packages-core,1,ts-prop,filas,,packages/core/src/distribuicao/carga.ts:26,297,no,,,candidate,,
packages-core-ts-prop-065d0e32,packages-core,1,ts-prop,fluxo,,packages/core/src/analise/index.ts:272,1172,no,,,candidate,,
packages-core-ts-prop-5d40acec,packages-core,1,ts-prop,fluxo,,packages/core/src/fluxo/contexto.ts:164,1172,unknown,,,candidate,,jsonb:execucaoFluxo.contexto;jsonb:posicaoNoRoteador.contexto;jsonb:processHttpExecucao.contexto
packages-core-ts-prop-803e6b39,packages-core,1,ts-prop,id,KEEP,packages/core/src/fluxo/contexto.ts:50,0,unknown,,,candidate,,jsonb:execucaoFluxo.contexto;jsonb:execucaoPasso.entrada;jsonb:posicaoNoRoteador.contexto;jsonb:processHttpExecucao.contexto;jsonb:processHttpExecucao.entrada
packages-core-ts-prop-650b77c5,packages-core,1,ts-prop,id,KEEP,packages/core/src/fluxo/contexto.ts:58,0,unknown,,,candidate,,jsonb:execucaoFluxo.contexto;jsonb:posicaoNoRoteador.contexto;jsonb:processHttpExecucao.contexto
packages-core-ts-prop-88bba272,packages-core,1,ts-prop,id,KEEP,packages/core/src/fluxo/contexto.ts:65,0,unknown,,,candidate,,jsonb:execucaoFluxo.contexto;jsonb:posicaoNoRoteador.contexto;jsonb:processHttpExecucao.contexto
packages-core-ts-prop-773c3562,packages-core,1,ts-prop,id,KEEP,packages/core/src/fluxo/modelos.ts:15,0,unknown,,,candidate,,jsonb:bloco.conteudo;jsonb:execucaoFluxo.contexto;jsonb:posicaoNoRoteador.contexto;jsonb:processHttpExecucao.contexto
packages-core-ts-prop-03575b67,packages-core,1,ts-prop,id,KEEP,packages/core/src/fluxo/modelos.ts:58,0,unknown,,,candidate,,jsonb:bloco.conteudo;jsonb:execucaoFluxo.contexto;jsonb:posicaoNoRoteador.contexto;jsonb:processHttpExecucao.contexto
packages-core-ts-prop-c6a065cb,packages-core,1,ts-prop,id,KEEP,packages/core/src/fluxo/modelos.ts:85,0,unknown,,,candidate,,jsonb:bloco.conteudo;jsonb:execucaoFluxo.contexto;jsonb:posicaoNoRoteador.contexto;jsonb:processHttpExecucao.contexto
packages-core-ts-prop-43603fd4,packages-core,1,ts-prop,indice,KEEP,packages/core/src/fluxo/contexto.ts:128,0,unknown,,,candidate,,jsonb:processHttpExecucao.contexto
packages-core-ts-prop-5ad46390,packages-core,1,ts-prop,inputActions,KEEP,packages/core/src/fluxo/modelos.ts:61,0,unknown,,,candidate,,jsonb:bloco.conteudo;jsonb:execucaoFluxo.contexto;jsonb:posicaoNoRoteador.contexto;jsonb:processHttpExecucao.contexto
packages-core-ts-prop-70f14608,packages-core,1,ts-prop,inputActions,KEEP,packages/core/src/fluxo/modelos.ts:90,0,unknown,,,candidate,,jsonb:bloco.conteudo;jsonb:execucaoFluxo.contexto;jsonb:posicaoNoRoteador.contexto;jsonb:processHttpExecucao.contexto
packages-core-ts-prop-9b3bdf20,packages-core,1,ts-prop,input,KEEP,packages/core/src/fluxo/modelos.ts:62,0,unknown,,,candidate,,jsonb:bloco.conteudo;jsonb:execucaoFluxo.contexto;jsonb:posicaoNoRoteador.contexto;jsonb:processHttpExecucao.contexto
packages-core-ts-prop-a5cd3205,packages-core,1,ts-prop,instantesDeMensagem,,packages/core/src/esforco/sessao.ts:107,5,no,,,candidate,,
packages-core-ts-prop-4a10e068,packages-core,1,ts-prop,intencao,,packages/core/src/fluxo/contexto.ts:75,17,unknown,,,candidate,,jsonb:execucaoFluxo.contexto;jsonb:posicaoNoRoteador.contexto;jsonb:processHttpExecucao.contexto
packages-core-ts-prop-c5448edc,packages-core,1,ts-prop,intencao,,packages/core/src/fluxo/contexto.ts:81,17,no,,,candidate,,
packages-core-ts-prop-4e07c278,packages-core,1,ts-prop,lista,KEEP,packages/core/src/fluxo/contexto.ts:126,0,unknown,,,candidate,,jsonb:processHttpExecucao.contexto
packages-core-ts-prop-109ff024,packages-core,1,ts-prop,localCustomActions,KEEP,packages/core/src/fluxo/modelos.ts:66,0,unknown,,,candidate,,jsonb:bloco.conteudo;jsonb:execucaoFluxo.contexto;jsonb:posicaoNoRoteador.contexto;jsonb:processHttpExecucao.contexto
packages-core-ts-prop-40e5a4e3,packages-core,1,ts-prop,maxTransicoesPorEntrada,,packages/core/src/fluxo/gerenciador.ts:44,2,no,,,candidate,,
packages-core-ts-prop-f040347f,packages-core,1,ts-prop,maxTransicoesPorEntrada,,packages/core/src/fluxo/gerenciador.ts:52,2,no,,,candidate,,
packages-core-ts-prop-971514bc,packages-core,1,ts-prop,mensagem,,packages/core/src/fluxo/contexto.ts:72,1267,unknown,,,candidate,,jsonb:execucaoFluxo.contexto;jsonb:posicaoNoRoteador.contexto;jsonb:processHttpExecucao.contexto
packages-core-ts-prop-b0f31c88,packages-core,1,ts-prop,mensagem,,packages/core/src/fluxo/modelos.ts:218,1267,no,,,candidate,,
packages-core-ts-prop-f3156a30,packages-core,1,ts-prop,mensagens,,packages/core/src/analise/index.ts:261,363,no,,,candidate,,
packages-core-ts-prop-23d16eee,packages-core,1,ts-prop,mensagens,,packages/core/src/esforco/sessao.ts:22,363,no,,,candidate,,
packages-core-ts-prop-d2a7173c,packages-core,1,ts-prop,mensagens,,packages/core/src/esforco/sessao.ts:28,363,no,,,candidate,,
packages-core-ts-prop-3bfc216c,packages-core,1,ts-prop,metadados,KEEP,packages/core/src/fluxo/contexto.ts:99,0,unknown,,,candidate,,jsonb:execucaoPasso.saida
packages-core-ts-prop-150f58a0,packages-core,1,ts-prop,metodo,KEEP,packages/core/src/fluxo/contexto.ts:111,0,unknown,,,candidate,,jsonb:processHttpExecucao.pedido
packages-core-ts-prop-11e703ff,packages-core,1,ts-prop,na_fila,,packages/core/src/conversa/maquina.ts:42,68,no,,,candidate,,
packages-core-ts-prop-0144be18,packages-core,1,ts-prop,name,KEEP,packages/core/src/fluxo/contexto.ts:59,0,unknown,,,candidate,,jsonb:execucaoFluxo.contexto;jsonb:posicaoNoRoteador.contexto;jsonb:processHttpExecucao.contexto
packages-core-ts-prop-ad02b2dd,packages-core,1,ts-prop,name,KEEP,packages/core/src/fluxo/contexto.ts:66,0,unknown,,,candidate,,jsonb:execucaoFluxo.contexto;jsonb:posicaoNoRoteador.contexto;jsonb:processHttpExecucao.contexto
packages-core-ts-prop-74aba4a1,packages-core,1,ts-prop,ocupacao,,packages/core/src/esforco/sessao.ts:88,16,no,,,candidate,,
packages-core-ts-prop-11068bca,packages-core,1,ts-prop,operador,KEEP,packages/core/src/score/motor.ts:32,0,unknown,,,candidate,,jsonb:regraPrioridade.condicao;jsonb:regraScore.condicao;jsonb:transicao.condicao
packages-core-ts-prop-ef9df008,packages-core,1,ts-prop,operator,KEEP,packages/core/src/fluxo/condicao.ts:46,0,unknown,,,candidate,,jsonb:bloco.conteudo;jsonb:execucaoFluxo.contexto;jsonb:posicaoNoRoteador.contexto;jsonb:processHttpExecucao.contexto
packages-core-ts-prop-af3c8df8,packages-core,1,ts-prop,order,KEEP,packages/core/src/fluxo/modelos.ts:17,0,unknown,,,candidate,,jsonb:bloco.conteudo;jsonb:execucaoFluxo.contexto;jsonb:posicaoNoRoteador.contexto;jsonb:processHttpExecucao.contexto
packages-core-ts-prop-244a559f,packages-core,1,ts-prop,order,KEEP,packages/core/src/fluxo/modelos.ts:48,0,unknown,,,candidate,,jsonb:bloco.conteudo;jsonb:execucaoFluxo.contexto;jsonb:posicaoNoRoteador.contexto;jsonb:processHttpExecucao.contexto
packages-core-ts-prop-e60ab38a,packages-core,1,ts-prop,outputActions,KEEP,packages/core/src/fluxo/modelos.ts:63,0,unknown,,,candidate,,jsonb:bloco.conteudo;jsonb:execucaoFluxo.contexto;jsonb:posicaoNoRoteador.contexto;jsonb:processHttpExecucao.contexto
packages-core-ts-prop-4ed06596,packages-core,1,ts-prop,outputActions,KEEP,packages/core/src/fluxo/modelos.ts:92,0,unknown,,,candidate,,jsonb:bloco.conteudo;jsonb:execucaoFluxo.contexto;jsonb:posicaoNoRoteador.contexto;jsonb:processHttpExecucao.contexto
packages-core-ts-prop-b57e4499,packages-core,1,ts-prop,outputs,KEEP,packages/core/src/fluxo/modelos.ts:65,0,unknown,,,candidate,,jsonb:bloco.conteudo;jsonb:execucaoFluxo.contexto;jsonb:posicaoNoRoteador.contexto;jsonb:processHttpExecucao.contexto
packages-core-ts-prop-2bc8ae03,packages-core,1,ts-prop,para,KEEP,packages/core/src/fluxo/contexto.ts:54,0,unknown,,,candidate,,jsonb:execucaoFluxo.contexto;jsonb:execucaoPasso.entrada;jsonb:posicaoNoRoteador.contexto;jsonb:processHttpExecucao.contexto;jsonb:processHttpExecucao.entrada
packages-core-ts-prop-1a282484,packages-core,1,ts-prop,pesoAguardandoAtendente,,packages/core/src/distribuicao/carga.ts:50,3,no,,,candidate,,
packages-core-ts-prop-dd3f8758,packages-core,1,ts-prop,populacao,,packages/core/src/comum/tipos.ts:25,34,no,,,candidate,,
packages-core-ts-prop-76410f21,packages-core,1,ts-prop,populacao,,packages/core/src/metricas/metricas.teste.ts:159,34,no,,,candidate,,
packages-core-ts-prop-064f630e,packages-core,1,ts-prop,populacao,,packages/core/src/metricas/metricas.teste.ts:161,34,no,,,candidate,,
packages-core-ts-prop-2c16f415,packages-core,1,ts-prop,porDia,,packages/core/src/analise/index.ts:258,8,no,,,candidate,,
packages-core-ts-prop-e678a3e5,packages-core,1,ts-prop,porDia,,packages/core/src/analise/index.ts:264,8,no,,,candidate,,
packages-core-ts-prop-8117549b,packages-core,1,ts-prop,porDia,,packages/core/src/analise/index.ts:361,8,no,,,candidate,,
packages-core-ts-prop-99dec866,packages-core,1,ts-prop,primeiraRespostaEm,,packages/core/src/metricas/eventos.ts:52,26,no,,,candidate,,
packages-core-ts-prop-fea7e8f7,packages-core,1,ts-prop,primeiraRespostaEm,,packages/core/src/sla/regra.ts:105,26,no,,,candidate,,
packages-core-ts-prop-633df18f,packages-core,1,ts-prop,propriedade,,packages/core/src/fluxo/contexto.ts:231,25,no,,,candidate,,
packages-core-ts-prop-a4c246b7,packages-core,1,ts-prop,provedores,KEEP,packages/core/src/fluxo/contexto.ts:173,0,unknown,,,candidate,,jsonb:execucaoFluxo.contexto;jsonb:posicaoNoRoteador.contexto;jsonb:processHttpExecucao.contexto
packages-core-ts-prop-99e80b6d,packages-core,1,ts-prop,proximoEstadoId,,packages/core/src/fluxo/gerenciador.ts:68,2,no,,,candidate,,
packages-core-ts-prop-86f43916,packages-core,1,ts-prop,quantidade,,packages/core/src/analise/index.ts:384,63,no,,,candidate,,
packages-core-ts-prop-3a4bd1ea,packages-core,1,ts-prop,redirecionar,KEEP,packages/core/src/fluxo/contexto.ts:152,0,unknown,,,candidate,,jsonb:execucaoFluxo.contexto;jsonb:posicaoNoRoteador.contexto;jsonb:processHttpExecucao.contexto
packages-core-ts-prop-69910828,packages-core,1,ts-prop,regex,KEEP,packages/core/src/fluxo/modelos.ts:32,0,unknown,,,candidate,,jsonb:bloco.conteudo;jsonb:execucaoFluxo.contexto;jsonb:posicaoNoRoteador.contexto;jsonb:processHttpExecucao.contexto
packages-core-ts-prop-688b44f9,packages-core,1,ts-prop,registrarEvento,KEEP,packages/core/src/fluxo/contexto.ts:142,0,unknown,,,candidate,,jsonb:execucaoFluxo.contexto;jsonb:posicaoNoRoteador.contexto;jsonb:processHttpExecucao.contexto
packages-core-ts-prop-db9102d0,packages-core,1,ts-prop,resposta,KEEP,packages/core/src/fluxo/contexto.ts:129,0,unknown,,,candidate,,jsonb:processHttpExecucao.contexto
packages-core-ts-prop-c6ea5a42,packages-core,1,ts-prop,respostasPorHora,,packages/core/src/analise/index.ts:301,2,no,,,candidate,,
packages-core-ts-prop-6ddac7f4,packages-core,1,ts-prop,root,KEEP,packages/core/src/fluxo/modelos.ts:59,0,unknown,,,candidate,,jsonb:bloco.conteudo;jsonb:execucaoFluxo.contexto;jsonb:posicaoNoRoteador.contexto;jsonb:processHttpExecucao.contexto
packages-core-ts-prop-c35d499b,packages-core,1,ts-prop,roteador,,packages/core/src/analise/index.ts:251,387,no,,,candidate,,
packages-core-ts-prop-1da2ef72,packages-core,1,ts-prop,rule,KEEP,packages/core/src/fluxo/modelos.ts:31,0,unknown,,,candidate,,jsonb:bloco.conteudo;jsonb:execucaoFluxo.contexto;jsonb:posicaoNoRoteador.contexto;jsonb:processHttpExecucao.contexto
packages-core-ts-prop-ab89436e,packages-core,1,ts-prop,score,KEEP,packages/core/src/fluxo/contexto.ts:60,0,unknown,,,candidate,,jsonb:execucaoFluxo.contexto;jsonb:posicaoNoRoteador.contexto;jsonb:processHttpExecucao.contexto
packages-core-ts-prop-b12d5c11,packages-core,1,ts-prop,sem_prioridade,,packages/core/src/conversa/prioridade.ts:51,24,no,,,candidate,,
packages-core-ts-prop-150b5e30,packages-core,1,ts-prop,semPrimeiraResposta,,packages/core/src/distribuicao/carga.ts:34,7,no,,,candidate,,
packages-core-ts-prop-ec92aa60,packages-core,1,ts-prop,servicos,KEEP,packages/core/src/fluxo/contexto.ts:174,0,unknown,,,candidate,,jsonb:execucaoFluxo.contexto;jsonb:posicaoNoRoteador.contexto;jsonb:processHttpExecucao.contexto
packages-core-ts-prop-0db87799,packages-core,1,ts-prop,sessaoSeg,,packages/core/src/esforco/sessao.ts:26,16,no,,,candidate,,
packages-core-ts-prop-1cfe553b,packages-core,1,ts-prop,sessaoSeg,,packages/core/src/esforco/sessao.ts:86,16,no,,,candidate,,
packages-core-ts-prop-b3dab05e,packages-core,1,ts-prop,sessionState,KEEP,packages/core/src/fluxo/modelos.ts:89,0,unknown,,,candidate,,jsonb:bloco.conteudo;jsonb:execucaoFluxo.contexto;jsonb:posicaoNoRoteador.contexto;jsonb:processHttpExecucao.contexto
packages-core-ts-prop-7715f4a0,packages-core,1,ts-prop,settings,KEEP,packages/core/src/fluxo/modelos.ts:24,0,unknown,,,candidate,,jsonb:bloco.conteudo;jsonb:execucaoFluxo.contexto;jsonb:posicaoNoRoteador.contexto;jsonb:processHttpExecucao.contexto
packages-core-ts-prop-4e33079d,packages-core,1,ts-prop,source,KEEP,packages/core/src/fluxo/condicao.ts:42,0,unknown,,,candidate,,jsonb:bloco.conteudo;jsonb:execucaoFluxo.contexto;jsonb:posicaoNoRoteador.contexto;jsonb:processHttpExecucao.contexto
packages-core-ts-prop-1308f45b,packages-core,1,ts-prop,stateId,KEEP,packages/core/src/fluxo/modelos.ts:50,0,unknown,,,candidate,,jsonb:bloco.conteudo;jsonb:execucaoFluxo.contexto;jsonb:posicaoNoRoteador.contexto;jsonb:processHttpExecucao.contexto
packages-core-ts-prop-53712c27,packages-core,1,ts-prop,states,KEEP,packages/core/src/fluxo/modelos.ts:91,0,unknown,,,candidate,,jsonb:bloco.conteudo;jsonb:execucaoFluxo.contexto;jsonb:posicaoNoRoteador.contexto;jsonb:processHttpExecucao.contexto
packages-core-ts-prop-62928019,packages-core,1,ts-prop,status,KEEP,packages/core/src/fluxo/contexto.ts:119,0,unknown,,,candidate,,jsonb:processHttpExecucao.contexto;jsonb:processHttpExecucao.resposta
packages-core-ts-prop-75f56da9,packages-core,1,ts-prop,suspenderHttp,KEEP,packages/core/src/fluxo/contexto.ts:146,0,unknown,,,candidate,,jsonb:execucaoFluxo.contexto;jsonb:posicaoNoRoteador.contexto;jsonb:processHttpExecucao.contexto
packages-core-ts-prop-69c3e30b,packages-core,1,ts-prop,tempoLimiteDaEntradaMs,,packages/core/src/fluxo/gerenciador.ts:46,2,no,,,candidate,,
packages-core-ts-prop-ba913630,packages-core,1,ts-prop,tempoLimiteDaEntradaMs,,packages/core/src/fluxo/gerenciador.ts:53,2,no,,,candidate,,
packages-core-ts-prop-042749b6,packages-core,1,ts-prop,tempoLimitePadraoDaAcaoMs,,packages/core/src/fluxo/gerenciador.ts:48,2,no,,,candidate,,
packages-core-ts-prop-103b7fdb,packages-core,1,ts-prop,tempoLimitePadraoDaAcaoMs,,packages/core/src/fluxo/gerenciador.ts:54,2,no,,,candidate,,
packages-core-ts-prop-4490194a,packages-core,1,ts-prop,tetoSemPrimeiraResposta,,packages/core/src/distribuicao/carga.ts:48,11,no,,,candidate,,
packages-core-ts-prop-a08ec658,packages-core,1,ts-prop,timeoutMs,KEEP,packages/core/src/fluxo/contexto.ts:115,0,unknown,,,candidate,,jsonb:processHttpExecucao.pedido
packages-core-ts-prop-58dd10f1,packages-core,1,ts-prop,timeout,KEEP,packages/core/src/fluxo/modelos.ts:20,0,unknown,,,candidate,,jsonb:bloco.conteudo;jsonb:execucaoFluxo.contexto;jsonb:posicaoNoRoteador.contexto;jsonb:processHttpExecucao.contexto
packages-core-ts-prop-6ba7ec4c,packages-core,1,ts-prop,tipo,KEEP,packages/core/src/fluxo/contexto.ts:51,0,unknown,,,candidate,,jsonb:execucaoFluxo.contexto;jsonb:execucaoPasso.entrada;jsonb:posicaoNoRoteador.contexto;jsonb:processHttpExecucao.contexto;jsonb:processHttpExecucao.entrada
packages-core-ts-prop-efcfefd7,packages-core,1,ts-prop,tipo,KEEP,packages/core/src/fluxo/contexto.ts:97,0,unknown,,,candidate,,jsonb:execucaoPasso.saida
packages-core-ts-prop-69bd6bd7,packages-core,1,ts-prop,type,KEEP,packages/core/src/fluxo/editor.ts:203,0,unknown,,,candidate,,jsonb:dicionarioCampo.settings
packages-core-ts-prop-c8bd34d4,packages-core,1,ts-prop,type,KEEP,packages/core/src/fluxo/modelos.ts:23,0,unknown,,,candidate,,jsonb:bloco.conteudo;jsonb:execucaoFluxo.contexto;jsonb:posicaoNoRoteador.contexto;jsonb:processHttpExecucao.contexto
packages-core-ts-prop-5dad85fd,packages-core,1,ts-prop,type,KEEP,packages/core/src/fluxo/modelos.ts:33,0,unknown,,,candidate,,jsonb:bloco.conteudo;jsonb:execucaoFluxo.contexto;jsonb:posicaoNoRoteador.contexto;jsonb:processHttpExecucao.contexto
packages-core-ts-prop-46793fe8,packages-core,1,ts-prop,type,KEEP,packages/core/src/fluxo/modelos.ts:88,0,unknown,,,candidate,,jsonb:bloco.conteudo;jsonb:execucaoFluxo.contexto;jsonb:posicaoNoRoteador.contexto;jsonb:processHttpExecucao.contexto
packages-core-ts-prop-ee11ad6e,packages-core,1,ts-prop,ultimaAtribuicaoEm,,packages/core/src/distribuicao/carga.ts:36,12,no,,,candidate,,
packages-core-ts-prop-9e269d55,packages-core,1,ts-prop,url,KEEP,packages/core/src/fluxo/contexto.ts:112,0,unknown,,,candidate,,jsonb:processHttpExecucao.pedido
packages-core-ts-prop-03e0fc2d,packages-core,1,ts-prop,usuarioId,,packages/core/src/esforco/regua.ts:61,604,no,,,candidate,,
packages-core-ts-prop-e169113b,packages-core,1,ts-prop,usuarioId,,packages/core/src/esforco/sessao.ts:105,604,no,,,candidate,,
packages-core-ts-prop-fba4a0f7,packages-core,1,ts-prop,usuarioId,,packages/core/src/esforco/sessao.ts:83,604,no,,,candidate,,
packages-core-ts-prop-4dbaca63,packages-core,1,ts-prop,usuarioId,,packages/core/src/metricas/eventos.ts:35,604,no,,,candidate,,
packages-core-ts-prop-b08c268b,packages-core,1,ts-prop,usuario,,packages/core/src/fluxo/contexto.ts:163,347,unknown,,,candidate,,jsonb:execucaoFluxo.contexto;jsonb:posicaoNoRoteador.contexto;jsonb:processHttpExecucao.contexto
packages-core-ts-prop-d8bbcdee,packages-core,1,ts-prop,validation,KEEP,packages/core/src/fluxo/modelos.ts:41,0,unknown,,,candidate,,jsonb:bloco.conteudo;jsonb:execucaoFluxo.contexto;jsonb:posicaoNoRoteador.contexto;jsonb:processHttpExecucao.contexto
packages-core-ts-prop-6b475f06,packages-core,1,ts-prop,valor,,packages/core/src/comum/tipos.ts:23,1656,no,,,candidate,,
packages-core-ts-prop-a12b21cc,packages-core,1,ts-prop,valor,,packages/core/src/metricas/metricas.teste.ts:159,1656,no,,,candidate,,
packages-core-ts-prop-af1589a7,packages-core,1,ts-prop,valor,,packages/core/src/metricas/metricas.teste.ts:160,1656,no,,,candidate,,
packages-core-ts-prop-a4891a7e,packages-core,1,ts-prop,valor,,packages/core/src/score/motor.ts:33,1656,unknown,,,candidate,,jsonb:regraPrioridade.condicao;jsonb:regraScore.condicao;jsonb:transicao.condicao
packages-core-ts-prop-2c85d3f8,packages-core,1,ts-prop,valor,,packages/core/src/score/motor.ts:66,1656,no,,,candidate,,
packages-core-ts-prop-7b48c3d6,packages-core,1,ts-prop,value,KEEP,packages/core/src/fluxo/contexto.ts:67,0,unknown,,,candidate,,jsonb:execucaoFluxo.contexto;jsonb:posicaoNoRoteador.contexto;jsonb:processHttpExecucao.contexto
packages-core-ts-prop-b02fb878,packages-core,1,ts-prop,values,KEEP,packages/core/src/fluxo/condicao.ts:47,0,unknown,,,candidate,,jsonb:bloco.conteudo;jsonb:execucaoFluxo.contexto;jsonb:posicaoNoRoteador.contexto;jsonb:processHttpExecucao.contexto
packages-core-ts-prop-15c6d82b,packages-core,1,ts-prop,variable,KEEP,packages/core/src/fluxo/condicao.ts:43,0,unknown,,,candidate,,jsonb:bloco.conteudo;jsonb:execucaoFluxo.contexto;jsonb:posicaoNoRoteador.contexto;jsonb:processHttpExecucao.contexto
packages-core-ts-prop-3285260c,packages-core,1,ts-prop,variable,KEEP,packages/core/src/fluxo/modelos.ts:43,0,unknown,,,candidate,,jsonb:bloco.conteudo;jsonb:execucaoFluxo.contexto;jsonb:posicaoNoRoteador.contexto;jsonb:processHttpExecucao.contexto
packages-core-ts-prop-99c68a9e,packages-core,1,ts-prop,variaveis,,packages/core/src/fluxo/contexto.ts:167,134,unknown,,,candidate,,jsonb:execucaoFluxo.contexto;jsonb:posicaoNoRoteador.contexto;jsonb:processHttpExecucao.contexto
packages-core-ts-prop-eb440999,packages-core,1,ts-prop,variaveis,,packages/core/src/fluxo/gerenciador.teste.ts:51,134,no,,,candidate,,
packages-core-ts-prop-b0ceab3e,packages-core,1,ts-prop,version,KEEP,packages/core/src/fluxo/modelos.ts:86,0,unknown,,,candidate,,jsonb:bloco.conteudo;jsonb:execucaoFluxo.contexto;jsonb:posicaoNoRoteador.contexto;jsonb:processHttpExecucao.contexto
