"file","kind","token","count"
".dockerignore","comment","","8"
"apps/bridge/src/actions.ts","comment","","1"
"apps/bridge/src/actions.ts","identifier","assumir","2"
"apps/bridge/src/actions.ts","identifier","etiqueta","2"
"apps/bridge/src/actions.ts","identifier","nomes","1"
"apps/bridge/src/actions.ts","identifier","texto","2"
"apps/bridge/src/actions.ts","sql-name","atendente","2"
"apps/bridge/src/actions.ts","sql-name","atendimento","1"
"apps/bridge/src/actions.ts","sql-name","contato","1"
"apps/bridge/src/actions.ts","sql-name","conversa","4"
"apps/bridge/src/actions.ts","sql-name","desc","1"
"apps/bridge/src/actions.ts","sql-name","escopo","2"
"apps/bridge/src/actions.ts","sql-name","estado","2"
"apps/bridge/src/actions.ts","sql-name","etiqueta","3"
"apps/bridge/src/actions.ts","sql-name","fila","3"
"apps/bridge/src/actions.ts","sql-name","pelo","1"
"apps/bridge/src/actions.ts","sql-name","usuario","1"
"apps/bridge/src/builder.ts","comment","","1"
"apps/bridge/src/builder.ts","identifier","criados","1"
"apps/bridge/src/builder.ts","identifier","fluxo","1"
"apps/bridge/src/builder.ts","identifier","globais","1"
"apps/bridge/src/builder.ts","identifier","nao","3"
"apps/bridge/src/builder.ts","identifier","publicada","1"
"apps/bridge/src/builder.ts","identifier","suportado","3"
"apps/bridge/src/builder.ts","identifier","versao","6"
"apps/bridge/src/builder.ts","sql-name","arquivado","2"
"apps/bridge/src/builder.ts","sql-name","estado","2"
"apps/bridge/src/builder.ts","sql-name","fluxo","3"
"apps/bridge/src/database.ts","comment","","1"
"apps/bridge/src/database.ts","identifier","com","1"
"apps/bridge/src/lime.ts","comment","","1"
"apps/bridge/src/lime.ts","identifier","ausente","1"
"apps/bridge/src/lime.ts","identifier","codigo","1"
"apps/bridge/src/lime.ts","identifier","corte","1"
"apps/bridge/src/lime.ts","identifier","lime","2"
"apps/bridge/src/lime.ts","identifier","sem","1"
"apps/bridge/src/lime.ts","identifier","uri","2"
"apps/bridge/src/lime.ts","literal-value","merge","1"
"apps/bridge/src/lime.ts","literal-value","observe","1"
"apps/bridge/src/lime.ts","literal-value","subscribe","1"
"apps/bridge/src/lime.ts","literal-value","unsubscribe","1"
"apps/bridge/src/lime.ts","path","lime","1"
"apps/bridge/src/main.ts","identifier","sinal","1"
"apps/bridge/src/rotas.ts","identifier","administrador","2"
"apps/bridge/src/rotas.ts","identifier","agora","1"
"apps/bridge/src/rotas.ts","identifier","assumir","2"
"apps/bridge/src/rotas.ts","identifier","ativos","1"
"apps/bridge/src/rotas.ts","identifier","ausente","1"
"apps/bridge/src/rotas.ts","identifier","cmd","10"
"apps/bridge/src/rotas.ts","identifier","colunas","1"
"apps/bridge/src/rotas.ts","identifier","como","1"
"apps/bridge/src/rotas.ts","identifier","erro","2"
"apps/bridge/src/rotas.ts","identifier","estado","1"
"apps/bridge/src/rotas.ts","identifier","existe","1"
"apps/bridge/src/rotas.ts","identifier","filas","1"
"apps/bridge/src/rotas.ts","identifier","lime","1"
"apps/bridge/src/rotas.ts","identifier","limite","1"
"apps/bridge/src/rotas.ts","identifier","metodos","1"
"apps/bridge/src/rotas.ts","identifier","minhas","2"
"apps/bridge/src/rotas.ts","identifier","nao","1"
"apps/bridge/src/rotas.ts","identifier","padrao","1"
"apps/bridge/src/rotas.ts","identifier","para","1"
"apps/bridge/src/rotas.ts","identifier","suportado","1"
"apps/bridge/src/rotas.ts","identifier","texto","1"
"apps/bridge/src/rotas.ts","identifier","uri","1"
"apps/bridge/src/rotas.ts","identifier","validacao","1"
"apps/bridge/src/rotas.ts","identifier","versao","2"
"apps/bridge/src/rotas.ts","sql-name","administrador","1"
"apps/bridge/src/rotas.ts","sql-name","atendente","2"
"apps/bridge/src/rotas.ts","sql-name","colunas","2"
"apps/bridge/src/rotas.ts","sql-name","conteudo","1"
"apps/bridge/src/rotas.ts","sql-name","conversa","1"
"apps/bridge/src/rotas.ts","sql-name","desc","1"
"apps/bridge/src/rotas.ts","sql-name","direcao","1"
"apps/bridge/src/rotas.ts","sql-name","estado","1"
"apps/bridge/src/rotas.ts","sql-name","existe","1"
"apps/bridge/src/rotas.ts","sql-name","fila","2"
"apps/bridge/src/rotas.ts","sql-name","limite","1"
"apps/bridge/src/rotas.ts","sql-name","mensagem","2"
"apps/bridge/src/rotas.ts","sql-name","papel","1"
"apps/bridge/src/rotas.ts","sql-name","usuario","3"
"apps/bridge/src/servidor.ts","comment","","2"
"apps/bridge/src/servidor.ts","identifier","atendente","1"
"apps/bridge/src/servidor.ts","identifier","cmd","1"
"apps/bridge/src/servidor.ts","identifier","lime","1"
"apps/bridge/src/servidor.ts","identifier","origens","1"
"apps/bridge/src/servidor.ts","identifier","porta","4"
"apps/bridge/src/servidor.ts","identifier","texto","1"
"apps/bridge/src/servidor.ts","sql-name","usuario","1"
"apps/bridge/src/translation.ts","comment","","1"
"apps/bridge/src/translation.ts","identifier","administrador","1"
"apps/bridge/src/translation.ts","identifier","atendimento","1"
"apps/bridge/src/translation.ts","identifier","canal","1"
"apps/bridge/src/translation.ts","identifier","como","2"
"apps/bridge/src/translation.ts","identifier","conteudo","1"
"apps/bridge/src/translation.ts","identifier","documento","1"
"apps/bridge/src/translation.ts","identifier","entrada","1"
"apps/bridge/src/translation.ts","identifier","fila","2"
"apps/bridge/src/translation.ts","identifier","imagem","1"
"apps/bridge/src/translation.ts","identifier","invisivel","1"
"apps/bridge/src/translation.ts","identifier","localizacao","1"
"apps/bridge/src/translation.ts","identifier","nao","1"
"apps/bridge/src/translation.ts","identifier","pausa","1"
"apps/bridge/src/translation.ts","identifier","prioridade","1"
"apps/bridge/src/translation.ts","identifier","saida","1"
"apps/bridge/src/translation.ts","identifier","texto","1"
"apps/bridge/src/translation.ts","identifier","uri","2"
"apps/bridge/tests/flow-default.test.ts","comment","","1"
"apps/bridge/tests/translation.test.ts","identifier","administrador","1"
"apps/bridge/tests/translation.test.ts","identifier","como","1"
"apps/bridge/tests/translation.test.ts","identifier","conteudo","1"
"apps/bridge/tests/translation.test.ts","identifier","invisivel","1"
"apps/bridge/tests/translation.test.ts","identifier","pausa","1"
"apps/bridge/tests/translation.test.ts","identifier","sobre","1"
"apps/bridge/tests/translation.test.ts","string-literal","arroba","1"
"apps/bridge/tests/translation.test.ts","string-literal","como","1"
"apps/bridge/tests/translation.test.ts","string-literal","emissor","1"
"apps/bridge/tests/translation.test.ts","string-literal","estavel","1"
"apps/bridge/tests/translation.test.ts","string-literal","faz","1"
"apps/bridge/tests/translation.test.ts","string-literal","invisivel","1"
"apps/bridge/tests/translation.test.ts","string-literal","nao","1"
"apps/bridge/tests/translation.test.ts","string-literal","para","1"
"apps/bridge/tests/translation.test.ts","string-literal","pausa","1"
"apps/bridge/tests/translation.test.ts","string-literal","proprio","1"
"apps/bridge/tests/translation.test.ts","string-literal","quem","1"
"apps/bridge/tests/translation.test.ts","string-literal","saiu","1"
"apps/bridge/tests/translation.test.ts","string-literal","vira","1"
"apps/crm/Dockerfile","comment","","22"
"apps/crm/Dockerfile","identifier","cmd","2"
"apps/crm/seed/seed-crm.ts","comment","","1"
"apps/crm/seed/seed-crm.ts","identifier","agora","1"
"apps/crm/seed/seed-crm.ts","identifier","atividades","1"
"apps/crm/seed/seed-crm.ts","identifier","campo","12"
"apps/crm/seed/seed-crm.ts","identifier","categoria","1"
"apps/crm/seed/seed-crm.ts","identifier","codigo","15"
"apps/crm/seed/seed-crm.ts","identifier","com","1"
"apps/crm/seed/seed-crm.ts","identifier","combinador","2"
"apps/crm/seed/seed-crm.ts","identifier","completo","2"
"apps/crm/seed/seed-crm.ts","identifier","condicoes","2"
"apps/crm/seed/seed-crm.ts","identifier","confianca","1"
"apps/crm/seed/seed-crm.ts","identifier","conta","1"
"apps/crm/seed/seed-crm.ts","identifier","contas","1"
"apps/crm/seed/seed-crm.ts","identifier","contato","4"
"apps/crm/seed/seed-crm.ts","identifier","conversa","1"
"apps/crm/seed/seed-crm.ts","identifier","cor","5"
"apps/crm/seed/seed-crm.ts","identifier","corte","1"
"apps/crm/seed/seed-crm.ts","identifier","desde","2"
"apps/crm/seed/seed-crm.ts","identifier","dominio","14"
"apps/crm/seed/seed-crm.ts","identifier","entre","1"
"apps/crm/seed/seed-crm.ts","identifier","escopo","1"
"apps/crm/seed/seed-crm.ts","identifier","etiqueta","5"
"apps/crm/seed/seed-crm.ts","identifier","etiquetas","1"
"apps/crm/seed/seed-crm.ts","identifier","faixa","6"
"apps/crm/seed/seed-crm.ts","identifier","faixas","3"
"apps/crm/seed/seed-crm.ts","identifier","fechada","2"
"apps/crm/seed/seed-crm.ts","identifier","fechamento","1"
"apps/crm/seed/seed-crm.ts","identifier","indicacao","1"
"apps/crm/seed/seed-crm.ts","identifier","interesse","2"
"apps/crm/seed/seed-crm.ts","identifier","limites","1"
"apps/crm/seed/seed-crm.ts","identifier","maximo","7"
"apps/crm/seed/seed-crm.ts","identifier","minimo","7"
"apps/crm/seed/seed-crm.ts","identifier","notas","1"
"apps/crm/seed/seed-crm.ts","identifier","operador","12"
"apps/crm/seed/seed-crm.ts","identifier","oportunidades","1"
"apps/crm/seed/seed-crm.ts","identifier","origens","1"
"apps/crm/seed/seed-crm.ts","identifier","perfil","1"
"apps/crm/seed/seed-crm.ts","identifier","plano","7"
"apps/crm/seed/seed-crm.ts","identifier","pontos","13"
"apps/crm/seed/seed-crm.ts","identifier","publicada","1"
"apps/crm/seed/seed-crm.ts","identifier","regra","6"
"apps/crm/seed/seed-crm.ts","identifier","regras","3"
"apps/crm/seed/seed-crm.ts","identifier","resultado","1"
"apps/crm/seed/seed-crm.ts","identifier","resumo","1"
"apps/crm/seed/seed-crm.ts","identifier","resumos","1"
"apps/crm/seed/seed-crm.ts","identifier","texto","2"
"apps/crm/seed/seed-crm.ts","identifier","usa","1"
"apps/crm/seed/seed-crm.ts","identifier","valor","15"
"apps/crm/seed/seed-crm.ts","identifier","versao","14"
"apps/crm/seed/seed-crm.ts","literal-value","acompanhamento","1"
"apps/crm/seed/seed-crm.ts","literal-value","administracao","1"
"apps/crm/seed/seed-crm.ts","literal-value","ainda","1"
"apps/crm/seed/seed-crm.ts","literal-value","alimentos","1"
"apps/crm/seed/seed-crm.ts","literal-value","antes","1"
"apps/crm/seed/seed-crm.ts","literal-value","atendente","4"
"apps/crm/seed/seed-crm.ts","literal-value","banco","1"
"apps/crm/seed/seed-crm.ts","literal-value","cadastro","2"
"apps/crm/seed/seed-crm.ts","literal-value","carteira","1"
"apps/crm/seed/seed-crm.ts","literal-value","com","15"
"apps/crm/seed/seed-crm.ts","literal-value","contabilidade","1"
"apps/crm/seed/seed-crm.ts","literal-value","conversa","1"
"apps/crm/seed/seed-crm.ts","literal-value","cordeiro","1"
"apps/crm/seed/seed-crm.ts","literal-value","cordeiroalimentos","1"
"apps/crm/seed/seed-crm.ts","literal-value","decisao","1"
"apps/crm/seed/seed-crm.ts","literal-value","depois","1"
"apps/crm/seed/seed-crm.ts","literal-value","duas","1"
"apps/crm/seed/seed-crm.ts","literal-value","educacao","1"
"apps/crm/seed/seed-crm.ts","literal-value","entra","1"
"apps/crm/seed/seed-crm.ts","literal-value","entre","1"
"apps/crm/seed/seed-crm.ts","literal-value","esta","1"
"apps/crm/seed/seed-crm.ts","literal-value","faixa","1"
"apps/crm/seed/seed-crm.ts","literal-value","fechamento","2"
"apps/crm/seed/seed-crm.ts","literal-value","ficou","1"
"apps/crm/seed/seed-crm.ts","literal-value","financeiro","1"
"apps/crm/seed/seed-crm.ts","literal-value","horario","1"
"apps/crm/seed/seed-crm.ts","literal-value","indicacao","1"
"apps/crm/seed/seed-crm.ts","literal-value","interesse","1"
"apps/crm/seed/seed-crm.ts","literal-value","investimento","1"
"apps/crm/seed/seed-crm.ts","literal-value","ligacao","2"
"apps/crm/seed/seed-crm.ts","literal-value","mais","1"
"apps/crm/seed/seed-crm.ts","literal-value","menos","1"
"apps/crm/seed/seed-crm.ts","literal-value","nao","2"
"apps/crm/seed/seed-crm.ts","literal-value","observacao","1"
"apps/crm/seed/seed-crm.ts","literal-value","para","2"
"apps/crm/seed/seed-crm.ts","literal-value","participacoes","1"
"apps/crm/seed/seed-crm.ts","literal-value","pedido","1"
"apps/crm/seed/seed-crm.ts","literal-value","perfil","3"
"apps/crm/seed/seed-crm.ts","literal-value","plano","4"
"apps/crm/seed/seed-crm.ts","literal-value","por","2"
"apps/crm/seed/seed-crm.ts","literal-value","portabilidade","1"
"apps/crm/seed/seed-crm.ts","literal-value","primeira","1"
"apps/crm/seed/seed-crm.ts","literal-value","quer","2"
"apps/crm/seed/seed-crm.ts","literal-value","receber","1"
"apps/crm/seed/seed-crm.ts","literal-value","reclamacao","1"
"apps/crm/seed/seed-crm.ts","literal-value","rentabilidade","1"
"apps/crm/seed/seed-crm.ts","literal-value","retencao","1"
"apps/crm/seed/seed-crm.ts","literal-value","retorno","1"
"apps/crm/seed/seed-crm.ts","literal-value","rezendeeducacao","1"
"apps/crm/seed/seed-crm.ts","literal-value","ribeiro","1"
"apps/crm/seed/seed-crm.ts","literal-value","risco","2"
"apps/crm/seed/seed-crm.ts","literal-value","selecao","5"
"apps/crm/seed/seed-crm.ts","literal-value","simulacao","1"
"apps/crm/seed/seed-crm.ts","literal-value","sobre","3"
"apps/crm/seed/seed-crm.ts","literal-value","suporte","1"
"apps/crm/seed/seed-crm.ts","literal-value","taxa","1"
"apps/crm/seed/seed-crm.ts","literal-value","texto","1"
"apps/crm/seed/seed-crm.ts","literal-value","vai","1"
"apps/crm/seed/seed-crm.ts","literal-value","valor","1"
"apps/crm/seed/seed-crm.ts","literal-value","vida","1"
"apps/crm/seed/seed-crm.ts","sql-name","desc","1"
"apps/crm/src/app/accounts/[id]/page.tsx","comment","","1"
"apps/crm/src/app/accounts/[id]/page.tsx","identifier","campo","1"
"apps/crm/src/app/accounts/[id]/page.tsx","identifier","crua","1"
"apps/crm/src/app/accounts/[id]/page.tsx","identifier","desde","1"
"apps/crm/src/app/accounts/[id]/page.tsx","identifier","etiqueta","1"
"apps/crm/src/app/accounts/[id]/page.tsx","literal-value","contatos","1"
"apps/crm/src/app/accounts/[id]/page.tsx","literal-value","oportunidades","1"
"apps/crm/src/app/accounts/[id]/page.tsx","string-literal","campos","2"
"apps/crm/src/app/accounts/page.tsx","comment","","1"
"apps/crm/src/app/accounts/page.tsx","identifier","campo","1"
"apps/crm/src/app/accounts/page.tsx","identifier","colunas","1"
"apps/crm/src/app/accounts/page.tsx","identifier","etiqueta","1"
"apps/crm/src/app/accounts/page.tsx","identifier","limite","1"
"apps/crm/src/app/accounts/page.tsx","string-literal","cabecalho","1"
"apps/crm/src/app/actions-search.ts","comment","","1"
"apps/crm/src/app/actions-search.ts","identifier","resultado","1"
"apps/crm/src/app/actions-search.ts","identifier","termo","1"
"apps/crm/src/app/contacts/[id]/page.tsx","identifier","atendimento","1"
"apps/crm/src/app/contacts/[id]/page.tsx","identifier","campo","1"
"apps/crm/src/app/contacts/[id]/page.tsx","identifier","crua","1"
"apps/crm/src/app/contacts/[id]/page.tsx","identifier","desde","1"
"apps/crm/src/app/contacts/[id]/page.tsx","identifier","etiqueta","1"
"apps/crm/src/app/contacts/[id]/page.tsx","identifier","fila","1"
"apps/crm/src/app/contacts/[id]/page.tsx","literal-value","conversas","1"
"apps/crm/src/app/contacts/[id]/page.tsx","string-literal","campos","2"
"apps/crm/src/app/contacts/[id]/page.tsx","string-literal","quando","1"
"apps/crm/src/app/contacts/[id]/page.tsx","string-literal","quem","3"
"apps/crm/src/app/contacts/[id]/page.tsx","string-literal","resumo","1"
"apps/crm/src/app/contacts/page.tsx","comment","","1"
"apps/crm/src/app/contacts/page.tsx","identifier","agora","2"
"apps/crm/src/app/contacts/page.tsx","identifier","campo","1"
"apps/crm/src/app/contacts/page.tsx","identifier","colunas","1"
"apps/crm/src/app/contacts/page.tsx","identifier","desde","1"
"apps/crm/src/app/contacts/page.tsx","identifier","etiqueta","1"
"apps/crm/src/app/contacts/page.tsx","identifier","limite","1"
"apps/crm/src/app/contacts/page.tsx","string-literal","cabecalho","1"
"apps/crm/src/app/error.tsx","comment","","1"
"apps/crm/src/app/global.css","comment","","27"
"apps/crm/src/app/global.css","css-class","apoio","1"
"apps/crm/src/app/global.css","css-class","bloco","1"
"apps/crm/src/app/global.css","css-class","cabecalho","1"
"apps/crm/src/app/global.css","css-class","campo","4"
"apps/crm/src/app/global.css","css-class","campos","7"
"apps/crm/src/app/global.css","css-class","cmd","13"
"apps/crm/src/app/global.css","css-class","colunas","1"
"apps/crm/src/app/global.css","css-class","conteudo","10"
"apps/crm/src/app/global.css","css-class","dica","1"
"apps/crm/src/app/global.css","css-class","esqueleto","1"
"apps/crm/src/app/global.css","css-class","etapa","8"
"apps/crm/src/app/global.css","css-class","etiqueta","2"
"apps/crm/src/app/global.css","css-class","etiquetas","1"
"apps/crm/src/app/global.css","css-class","fill","2"
"apps/crm/src/app/global.css","css-class","fio","1"
"apps/crm/src/app/global.css","css-class","grupo","2"
"apps/crm/src/app/global.css","css-class","marcada","2"
"apps/crm/src/app/global.css","css-class","oculta","1"
"apps/crm/src/app/global.css","css-class","quando","1"
"apps/crm/src/app/global.css","css-class","quem","1"
"apps/crm/src/app/global.css","css-class","recado","1"
"apps/crm/src/app/global.css","css-class","resumo","6"
"apps/crm/src/app/global.css","css-class","sem","1"
"apps/crm/src/app/global.css","css-class","vazia","1"
"apps/crm/src/app/global.css","css-class","vazio","2"
"apps/crm/src/app/global.css","css-class","versao","4"
"apps/crm/src/app/global.css","css-custom-property","conteudo","84"
"apps/crm/src/app/global.css","css-custom-property","curta","5"
"apps/crm/src/app/global.css","css-custom-property","espaco","4"
"apps/crm/src/app/global.css","css-custom-property","fundo","3"
"apps/crm/src/app/global.css","css-custom-property","grafico","2"
"apps/crm/src/app/global.css","css-custom-property","sombra","5"
"apps/crm/src/app/invite/[token]/page.tsx","comment","","1"
"apps/crm/src/app/layout.tsx","comment","","1"
"apps/crm/src/app/layout.tsx","string-literal","com","3"
"apps/crm/src/app/leads/[id]/loading.tsx","comment","","1"
"apps/crm/src/app/leads/[id]/loading.tsx","identifier","campos","1"
"apps/crm/src/app/leads/[id]/loading.tsx","identifier","esqueleto","1"
"apps/crm/src/app/leads/[id]/page.tsx","comment","","1"
"apps/crm/src/app/leads/[id]/page.tsx","identifier","agora","1"
"apps/crm/src/app/leads/[id]/page.tsx","identifier","campo","1"
"apps/crm/src/app/leads/[id]/page.tsx","identifier","crua","1"
"apps/crm/src/app/leads/[id]/page.tsx","identifier","desde","1"
"apps/crm/src/app/leads/[id]/page.tsx","identifier","etiqueta","1"
"apps/crm/src/app/leads/[id]/page.tsx","identifier","pontos","1"
"apps/crm/src/app/leads/[id]/page.tsx","identifier","proprietarios","2"
"apps/crm/src/app/leads/[id]/page.tsx","identifier","tempo","1"
"apps/crm/src/app/leads/[id]/page.tsx","literal-value","tempo","1"
"apps/crm/src/app/leads/[id]/page.tsx","string-literal","campos","2"
"apps/crm/src/app/leads/[id]/page.tsx","string-literal","etiquetas","1"
"apps/crm/src/app/leads/[id]/page.tsx","string-literal","versao","1"
"apps/crm/src/app/leads/actions.ts","comment","","2"
"apps/crm/src/app/leads/actions.ts","identifier","bruto","1"
"apps/crm/src/app/leads/actions.ts","identifier","campo","5"
"apps/crm/src/app/leads/actions.ts","identifier","normalizar","1"
"apps/crm/src/app/leads/actions.ts","identifier","proprietarios","1"
"apps/crm/src/app/leads/actions.ts","identifier","resultado","1"
"apps/crm/src/app/leads/loading.tsx","identifier","esqueleto","1"
"apps/crm/src/app/leads/loading.tsx","string-literal","cabecalho","1"
"apps/crm/src/app/leads/page.tsx","identifier","campo","1"
"apps/crm/src/app/leads/page.tsx","identifier","dir","1"
"apps/crm/src/app/leads/page.tsx","identifier","limite","1"
"apps/crm/src/app/leads/page.tsx","identifier","proprietarios","2"
"apps/crm/src/app/leads/page.tsx","identifier","proximos","1"
"apps/crm/src/app/leads/page.tsx","string-literal","cabecalho","1"
"apps/crm/src/app/loading.tsx","identifier","esqueleto","1"
"apps/crm/src/app/login/actions.ts","comment","","1"
"apps/crm/src/app/login/actions.ts","identifier","continuar","1"
"apps/crm/src/app/login/actions.ts","identifier","interno","1"
"apps/crm/src/app/login/actions.ts","identifier","volta","1"
"apps/crm/src/app/login/page.tsx","comment","","4"
"apps/crm/src/app/login/page.tsx","identifier","aviso","1"
"apps/crm/src/app/login/page.tsx","identifier","codigo","1"
"apps/crm/src/app/login/page.tsx","identifier","continuar","1"
"apps/crm/src/app/login/page.tsx","identifier","interno","1"
"apps/crm/src/app/login/page.tsx","identifier","invalido","1"
"apps/crm/src/app/login/page.tsx","identifier","nao","1"
"apps/crm/src/app/login/page.tsx","identifier","provedor","1"
"apps/crm/src/app/login/page.tsx","identifier","recusas","1"
"apps/crm/src/app/login/page.tsx","identifier","saida","12"
"apps/crm/src/app/login/page.tsx","identifier","verificado","1"
"apps/crm/src/app/login/page.tsx","string-literal","campo","1"
"apps/crm/src/app/not-found.tsx","comment","","1"
"apps/crm/src/app/not-found.tsx","identifier","encontrado","1"
"apps/crm/src/app/not-found.tsx","identifier","nao","1"
"apps/crm/src/app/opportunities/[id]/page.tsx","identifier","campo","1"
"apps/crm/src/app/opportunities/[id]/page.tsx","identifier","colunas","1"
"apps/crm/src/app/opportunities/[id]/page.tsx","identifier","crua","1"
"apps/crm/src/app/opportunities/[id]/page.tsx","identifier","desde","1"
"apps/crm/src/app/opportunities/[id]/page.tsx","identifier","etiqueta","1"
"apps/crm/src/app/opportunities/[id]/page.tsx","literal-value","conta","1"
"apps/crm/src/app/opportunities/[id]/page.tsx","literal-value","historico","1"
"apps/crm/src/app/opportunities/[id]/page.tsx","string-literal","campos","2"
"apps/crm/src/app/opportunities/actions.ts","comment","","1"
"apps/crm/src/app/opportunities/actions.ts","identifier","move","1"
"apps/crm/src/app/opportunities/actions.ts","identifier","para","1"
"apps/crm/src/app/opportunities/loading.tsx","comment","","1"
"apps/crm/src/app/opportunities/loading.tsx","identifier","quadro","1"
"apps/crm/src/app/opportunities/loading.tsx","string-literal","cabecalho","1"
"apps/crm/src/app/opportunities/page.tsx","comment","","1"
"apps/crm/src/app/opportunities/page.tsx","identifier","campo","1"
"apps/crm/src/app/opportunities/page.tsx","identifier","colunas","1"
"apps/crm/src/app/opportunities/page.tsx","identifier","etiqueta","1"
"apps/crm/src/app/opportunities/page.tsx","identifier","limite","1"
"apps/crm/src/app/opportunities/page.tsx","identifier","quadro","2"
"apps/crm/src/app/opportunities/page.tsx","identifier","vencido","1"
"apps/crm/src/app/opportunities/page.tsx","literal-value","quadro","1"
"apps/crm/src/app/opportunities/page.tsx","string-literal","cabecalho","1"
"apps/crm/src/app/opportunities/page.tsx","string-literal","resumo","1"
"apps/crm/src/app/page.tsx","comment","","1"
"apps/crm/src/app/page.tsx","identifier","etiqueta","1"
"apps/crm/src/app/page.tsx","identifier","origens","1"
"apps/crm/src/app/page.tsx","identifier","percentual","1"
"apps/crm/src/app/page.tsx","identifier","taxa","1"
"apps/crm/src/app/page.tsx","string-literal","apoio","1"
"apps/crm/src/app/page.tsx","string-literal","cabecalho","1"
"apps/crm/src/app/page.tsx","string-literal","campos","1"
"apps/crm/src/app/page.tsx","string-literal","etapa","1"
"apps/crm/src/app/page.tsx","string-literal","fill","2"
"apps/crm/src/app/page.tsx","string-literal","resumo","1"
"apps/crm/src/app/settings/actions.ts","comment","","1"
"apps/crm/src/app/settings/actions.ts","identifier","ativo","1"
"apps/crm/src/app/settings/actions.ts","identifier","campo","9"
"apps/crm/src/app/settings/actions.ts","identifier","codigo","3"
"apps/crm/src/app/settings/actions.ts","identifier","desconhecido","1"
"apps/crm/src/app/settings/actions.ts","identifier","espaco","2"
"apps/crm/src/app/settings/actions.ts","identifier","eventos","1"
"apps/crm/src/app/settings/actions.ts","identifier","perfil","2"
"apps/crm/src/app/settings/actions.ts","identifier","resultado","18"
"apps/crm/src/app/settings/actions.ts","identifier","texto","1"
"apps/crm/src/app/settings/api/page.tsx","comment","","1"
"apps/crm/src/app/settings/api/page.tsx","identifier","ativo","1"
"apps/crm/src/app/settings/api/page.tsx","identifier","botao","1"
"apps/crm/src/app/settings/api/page.tsx","identifier","campo","1"
"apps/crm/src/app/settings/api/page.tsx","identifier","chaves","3"
"apps/crm/src/app/settings/api/page.tsx","identifier","colunas","2"
"apps/crm/src/app/settings/api/page.tsx","identifier","espaco","2"
"apps/crm/src/app/settings/api/page.tsx","identifier","etiqueta","1"
"apps/crm/src/app/settings/api/page.tsx","identifier","evento","1"
"apps/crm/src/app/settings/api/page.tsx","identifier","eventos","1"
"apps/crm/src/app/settings/api/page.tsx","identifier","ler","1"
"apps/crm/src/app/settings/api/page.tsx","identifier","saida","1"
"apps/crm/src/app/settings/api/page.tsx","string-literal","campo","2"
"apps/crm/src/app/settings/api/page.tsx","string-literal","entregas","2"
"apps/crm/src/app/settings/fields/page.tsx","comment","","1"
"apps/crm/src/app/settings/fields/page.tsx","identifier","botao","1"
"apps/crm/src/app/settings/fields/page.tsx","identifier","campo","3"
"apps/crm/src/app/settings/fields/page.tsx","identifier","campos","2"
"apps/crm/src/app/settings/fields/page.tsx","identifier","colunas","1"
"apps/crm/src/app/settings/fields/page.tsx","identifier","etiqueta","1"
"apps/crm/src/app/settings/fields/page.tsx","string-literal","campo","4"
"apps/crm/src/app/settings/fields/page.tsx","string-literal","oculto","2"
"apps/crm/src/app/settings/layout.tsx","comment","","1"
"apps/crm/src/app/settings/members/page.tsx","comment","","1"
"apps/crm/src/app/settings/members/page.tsx","identifier","ativo","1"
"apps/crm/src/app/settings/members/page.tsx","identifier","botao","1"
"apps/crm/src/app/settings/members/page.tsx","identifier","campo","1"
"apps/crm/src/app/settings/members/page.tsx","identifier","colunas","2"
"apps/crm/src/app/settings/members/page.tsx","identifier","convites","3"
"apps/crm/src/app/settings/members/page.tsx","identifier","desde","1"
"apps/crm/src/app/settings/members/page.tsx","identifier","equipe","1"
"apps/crm/src/app/settings/members/page.tsx","identifier","espaco","2"
"apps/crm/src/app/settings/members/page.tsx","identifier","etiqueta","1"
"apps/crm/src/app/settings/members/page.tsx","identifier","ler","1"
"apps/crm/src/app/settings/members/page.tsx","identifier","usuario","2"
"apps/crm/src/app/settings/members/page.tsx","string-literal","campo","2"
"apps/crm/src/app/settings/members/page.tsx","string-literal","oculto","1"
"apps/crm/src/app/settings/page.tsx","comment","","1"
"apps/crm/src/app/settings/page.tsx","identifier","grupo","1"
"apps/crm/src/app/settings/page.tsx","string-literal","cabecalho","1"
"apps/crm/src/app/settings/page.tsx","string-literal","grupo","1"
"apps/crm/src/app/settings/profile/page.tsx","comment","","1"
"apps/crm/src/app/settings/profile/page.tsx","identifier","campo","1"
"apps/crm/src/app/settings/profile/page.tsx","identifier","espaco","2"
"apps/crm/src/app/settings/profile/page.tsx","identifier","etiqueta","1"
"apps/crm/src/app/settings/profile/page.tsx","identifier","ler","1"
"apps/crm/src/app/settings/profile/page.tsx","identifier","perfil","1"
"apps/crm/src/app/settings/profile/page.tsx","string-literal","campo","2"
"apps/crm/src/app/settings/roles/[id]/page.tsx","comment","","1"
"apps/crm/src/app/settings/roles/[id]/page.tsx","identifier","administracao","1"
"apps/crm/src/app/settings/roles/[id]/page.tsx","identifier","automacao","1"
"apps/crm/src/app/settings/roles/[id]/page.tsx","identifier","contato","1"
"apps/crm/src/app/settings/roles/[id]/page.tsx","identifier","conversa","1"
"apps/crm/src/app/settings/roles/[id]/page.tsx","identifier","etiqueta","1"
"apps/crm/src/app/settings/roles/[id]/page.tsx","identifier","gestao","1"
"apps/crm/src/app/settings/roles/[id]/page.tsx","identifier","grupo","2"
"apps/crm/src/app/settings/roles/[id]/page.tsx","identifier","monitoria","1"
"apps/crm/src/app/settings/roles/[id]/page.tsx","string-literal","cabecalho","1"
"apps/crm/src/app/settings/roles/page.tsx","comment","","1"
"apps/crm/src/app/settings/roles/page.tsx","identifier","campo","1"
"apps/crm/src/app/settings/roles/page.tsx","identifier","colunas","1"
"apps/crm/src/app/settings/roles/page.tsx","identifier","etiqueta","1"
"apps/crm/src/app/settings/roles/page.tsx","string-literal","campo","2"
"apps/crm/src/app/settings/score-rules/page.tsx","comment","","1"
"apps/crm/src/app/settings/score-rules/page.tsx","identifier","colunas","1"
"apps/crm/src/app/settings/score-rules/page.tsx","identifier","etiqueta","1"
"apps/crm/src/app/settings/score-rules/page.tsx","identifier","pontos","1"
"apps/crm/src/app/settings/score-rules/page.tsx","identifier","regra","1"
"apps/crm/src/app/settings/score-rules/page.tsx","identifier","regras","2"
"apps/crm/src/app/settings/score-rules/page.tsx","identifier","soma","2"
"apps/crm/src/app/settings/score-rules/page.tsx","identifier","versao","2"
"apps/crm/src/app/settings/score-rules/page.tsx","string-literal","cabecalho","1"
"apps/crm/src/app/settings/settings.css","comment","","2"
"apps/crm/src/app/settings/settings.css","css-class","aviso","4"
"apps/crm/src/app/settings/settings.css","css-class","cabecalho","3"
"apps/crm/src/app/settings/settings.css","css-class","campo","5"
"apps/crm/src/app/settings/settings.css","css-class","confirmar","1"
"apps/crm/src/app/settings/settings.css","css-class","dominios","2"
"apps/crm/src/app/settings/settings.css","css-class","entregas","1"
"apps/crm/src/app/settings/settings.css","css-class","grupo","2"
"apps/crm/src/app/settings/settings.css","css-class","oculto","1"
"apps/crm/src/app/settings/settings.css","css-custom-property","campo","3"
"apps/crm/src/app/settings/settings.css","css-custom-property","conteudo","15"
"apps/crm/src/app/settings/settings.css","css-custom-property","espaco","1"
"apps/crm/src/app/settings/settings.css","css-custom-property","fundo","3"
"apps/crm/src/app/settings/tiers/page.tsx","identifier","colunas","1"
"apps/crm/src/app/settings/tiers/page.tsx","identifier","etiqueta","1"
"apps/crm/src/app/settings/tiers/page.tsx","identifier","faixa","1"
"apps/crm/src/app/settings/tiers/page.tsx","identifier","faixas","2"
"apps/crm/src/app/settings/tiers/page.tsx","identifier","menor","1"
"apps/crm/src/app/settings/tiers/page.tsx","identifier","nenhuma","1"
"apps/crm/src/app/settings/tiers/page.tsx","string-literal","cabecalho","1"
"apps/crm/src/app/settings/workspace/page.tsx","comment","","2"
"apps/crm/src/app/settings/workspace/page.tsx","identifier","campo","1"
"apps/crm/src/app/settings/workspace/page.tsx","identifier","espaco","3"
"apps/crm/src/app/settings/workspace/page.tsx","identifier","etiqueta","1"
"apps/crm/src/app/settings/workspace/page.tsx","identifier","fusos","2"
"apps/crm/src/app/settings/workspace/page.tsx","identifier","ler","1"
"apps/crm/src/app/settings/workspace/page.tsx","identifier","operacao","1"
"apps/crm/src/app/settings/workspace/page.tsx","identifier","todos","1"
"apps/crm/src/app/settings/workspace/page.tsx","string-literal","campo","3"
"apps/crm/src/app/settings/workspace/page.tsx","string-literal","dominios","1"
"apps/crm/src/components/celula-inline.tsx","comment","","2"
"apps/crm/src/components/celula-inline.tsx","identifier","bruto","1"
"apps/crm/src/components/celula-inline.tsx","identifier","campo","4"
"apps/crm/src/components/celula-inline.tsx","identifier","campos","1"
"apps/crm/src/components/celula-inline.tsx","identifier","maximo","1"
"apps/crm/src/components/celula-inline.tsx","identifier","normalizar","1"
"apps/crm/src/components/celula-inline.tsx","identifier","texto","2"
"apps/crm/src/components/colunas.tsx","comment","","4"
"apps/crm/src/components/colunas.tsx","identifier","arranjo","3"
"apps/crm/src/components/colunas.tsx","identifier","assinatura","1"
"apps/crm/src/components/colunas.tsx","identifier","chaves","2"
"apps/crm/src/components/colunas.tsx","identifier","cheia","1"
"apps/crm/src/components/colunas.tsx","identifier","colunas","2"
"apps/crm/src/components/colunas.tsx","identifier","cru","1"
"apps/crm/src/components/colunas.tsx","identifier","escondida","1"
"apps/crm/src/components/colunas.tsx","identifier","existe","1"
"apps/crm/src/components/colunas.tsx","identifier","fora","1"
"apps/crm/src/components/colunas.tsx","identifier","ler","1"
"apps/crm/src/components/colunas.tsx","identifier","lido","1"
"apps/crm/src/components/colunas.tsx","identifier","moveis","1"
"apps/crm/src/components/colunas.tsx","identifier","ocultas","11"
"apps/crm/src/components/colunas.tsx","identifier","onde","1"
"apps/crm/src/components/colunas.tsx","identifier","para","3"
"apps/crm/src/components/colunas.tsx","identifier","referencia","1"
"apps/crm/src/components/colunas.tsx","identifier","restaurar","1"
"apps/crm/src/components/colunas.tsx","identifier","sobre","1"
"apps/crm/src/components/colunas.tsx","identifier","soltar","1"
"apps/crm/src/components/colunas.tsx","identifier","vazia","1"
"apps/crm/src/components/colunas.tsx","path","colunas","1"
"apps/crm/src/components/colunas.tsx","string-literal","colunas","1"
"apps/crm/src/components/colunas.tsx","string-literal","oculta","1"
"apps/crm/src/components/esqueleto.tsx","comment","","1"
"apps/crm/src/components/esqueleto.tsx","identifier","campos","1"
"apps/crm/src/components/esqueleto.tsx","identifier","colunas","2"
"apps/crm/src/components/esqueleto.tsx","identifier","esqueleto","2"
"apps/crm/src/components/esqueleto.tsx","path","esqueleto","1"
"apps/crm/src/components/esqueleto.tsx","string-literal","campos","1"
"apps/crm/src/components/esqueleto.tsx","string-literal","esqueleto","1"
"apps/crm/src/components/ficha.tsx","comment","","2"
"apps/crm/src/components/ficha.tsx","identifier","campo","2"
"apps/crm/src/components/ficha.tsx","identifier","etiquetas","2"
"apps/crm/src/components/ficha.tsx","identifier","pares","1"
"apps/crm/src/components/ficha.tsx","string-literal","campos","1"
"apps/crm/src/components/filters.tsx","comment","","1"
"apps/crm/src/components/filters.tsx","identifier","ativos","1"
"apps/crm/src/components/filters.tsx","identifier","este","1"
"apps/crm/src/components/filters.tsx","identifier","proximos","1"
"apps/crm/src/components/filters.tsx","identifier","sem","1"
"apps/crm/src/components/icones-crm.tsx","comment","","1"
"apps/crm/src/components/icones-crm.tsx","identifier","balao","1"
"apps/crm/src/components/icones-crm.tsx","identifier","colunas","1"
"apps/crm/src/components/icones-crm.tsx","identifier","resto","1"
"apps/crm/src/components/icones-crm.tsx","literal-value","fechado","1"
"apps/crm/src/components/linha-of-time.tsx","comment","","2"
"apps/crm/src/components/linha-of-time.tsx","identifier","agora","2"
"apps/crm/src/components/linha-of-time.tsx","identifier","ano","5"
"apps/crm/src/components/linha-of-time.tsx","identifier","atendimento","1"
"apps/crm/src/components/linha-of-time.tsx","identifier","conversa","1"
"apps/crm/src/components/linha-of-time.tsx","identifier","desde","1"
"apps/crm/src/components/linha-of-time.tsx","identifier","evento","1"
"apps/crm/src/components/linha-of-time.tsx","identifier","ligacao","1"
"apps/crm/src/components/linha-of-time.tsx","string-literal","fio","1"
"apps/crm/src/components/linha-of-time.tsx","string-literal","quando","1"
"apps/crm/src/components/linha-of-time.tsx","string-literal","quem","1"
"apps/crm/src/components/linha-of-time.tsx","string-literal","resumo","1"
"apps/crm/src/components/lista-de-leads.tsx","comment","","3"
"apps/crm/src/components/lista-de-leads.tsx","identifier","agora","2"
"apps/crm/src/components/lista-de-leads.tsx","identifier","arranjo","1"
"apps/crm/src/components/lista-de-leads.tsx","identifier","campo","1"
"apps/crm/src/components/lista-de-leads.tsx","identifier","colunas","3"
"apps/crm/src/components/lista-de-leads.tsx","identifier","com","1"
"apps/crm/src/components/lista-de-leads.tsx","identifier","desde","1"
"apps/crm/src/components/lista-de-leads.tsx","identifier","dir","3"
"apps/crm/src/components/lista-de-leads.tsx","identifier","etiqueta","1"
"apps/crm/src/components/lista-de-leads.tsx","identifier","feito","1"
"apps/crm/src/components/lista-de-leads.tsx","identifier","grupo","2"
"apps/crm/src/components/lista-de-leads.tsx","identifier","ordem","2"
"apps/crm/src/components/lista-de-leads.tsx","identifier","proprietarios","4"
"apps/crm/src/components/lista-de-leads.tsx","identifier","quantos","2"
"apps/crm/src/components/lista-de-leads.tsx","identifier","recado","1"
"apps/crm/src/components/lista-de-leads.tsx","identifier","shift","1"
"apps/crm/src/components/lista-de-leads.tsx","identifier","texto","2"
"apps/crm/src/components/lista-de-leads.tsx","identifier","todos","3"
"apps/crm/src/components/lista-de-leads.tsx","string-literal","grupo","1"
"apps/crm/src/components/lista-de-leads.tsx","string-literal","recado","1"
"apps/crm/src/components/menu-de-comando.tsx","comment","","1"
"apps/crm/src/components/menu-de-comando.tsx","identifier","campo","2"
"apps/crm/src/components/menu-de-comando.tsx","identifier","estava","1"
"apps/crm/src/components/menu-de-comando.tsx","identifier","evento","2"
"apps/crm/src/components/menu-de-comando.tsx","identifier","pedido","1"
"apps/crm/src/components/menu-de-comando.tsx","identifier","resultado","2"
"apps/crm/src/components/menu-de-comando.tsx","identifier","termo","1"
"apps/crm/src/components/menu-de-comando.tsx","string-literal","campo","1"
"apps/crm/src/components/menu-de-comando.tsx","string-literal","cmd","8"
"apps/crm/src/components/menu-de-comando.tsx","string-literal","dica","3"
"apps/crm/src/components/menu-de-comando.tsx","string-literal","grupo","1"
"apps/crm/src/components/quadro-funil.tsx","comment","","1"
"apps/crm/src/components/quadro-funil.tsx","identifier","etiqueta","1"
"apps/crm/src/components/quadro-funil.tsx","identifier","move","1"
"apps/crm/src/components/quadro-funil.tsx","identifier","quadro","1"
"apps/crm/src/components/quadro-funil.tsx","identifier","vencido","1"
"apps/crm/src/components/quadro-funil.tsx","identifier","visao","1"
"apps/crm/src/components/quadro-funil.tsx","path","quadro","1"
"apps/crm/src/components/quadro-funil.tsx","string-literal","vazia","1"
"apps/crm/src/components/redimensionar.ts","comment","","3"
"apps/crm/src/components/redimensionar.ts","identifier","cru","1"
"apps/crm/src/components/redimensionar.ts","identifier","evento","3"
"apps/crm/src/components/redimensionar.ts","identifier","ler","1"
"apps/crm/src/components/redimensionar.ts","identifier","lido","1"
"apps/crm/src/components/redimensionar.ts","identifier","maxima","2"
"apps/crm/src/components/redimensionar.ts","identifier","resto","1"
"apps/crm/src/components/redimensionar.ts","identifier","soltar","2"
"apps/crm/src/components/settings/cabecalho.tsx","comment","","1"
"apps/crm/src/components/settings/cabecalho.tsx","path","cabecalho","1"
"apps/crm/src/components/settings/cabecalho.tsx","string-literal","cabecalho","1"
"apps/crm/src/components/settings/formulario.tsx","comment","","1"
"apps/crm/src/components/settings/formulario.tsx","identifier","botao","6"
"apps/crm/src/components/settings/formulario.tsx","identifier","campo","1"
"apps/crm/src/components/settings/formulario.tsx","identifier","campos","2"
"apps/crm/src/components/settings/formulario.tsx","identifier","confirmar","2"
"apps/crm/src/components/settings/formulario.tsx","identifier","copiado","1"
"apps/crm/src/components/settings/formulario.tsx","identifier","resultado","4"
"apps/crm/src/components/settings/formulario.tsx","literal-value","padrao","1"
"apps/crm/src/components/settings/formulario.tsx","string-literal","aviso","3"
"apps/crm/src/components/settings/formulario.tsx","string-literal","campo","1"
"apps/crm/src/components/settings/formulario.tsx","string-literal","confirmar","1"
"apps/crm/src/components/settings/seletor-de-tema.tsx","comment","","2"
"apps/crm/src/components/settings/seletor-de-tema.tsx","identifier","escuro","1"
"apps/crm/src/components/settings/seletor-de-tema.tsx","identifier","texto","4"
"apps/crm/src/components/settings/seletor-de-tema.tsx","literal-value","engrenagem","1"
"apps/crm/src/components/structure-crm.tsx","comment","","4"
"apps/crm/src/components/structure-crm.tsx","identifier","ativo","1"
"apps/crm/src/components/structure-crm.tsx","identifier","esta","1"
"apps/crm/src/components/structure-crm.tsx","identifier","publico","1"
"apps/crm/src/components/structure-crm.tsx","string-literal","conteudo","1"
"apps/crm/src/components/views-salvas.tsx","comment","","1"
"apps/crm/src/components/views-salvas.tsx","identifier","cru","1"
"apps/crm/src/components/views-salvas.tsx","identifier","escolhida","1"
"apps/crm/src/components/views-salvas.tsx","identifier","ler","1"
"apps/crm/src/components/views-salvas.tsx","identifier","lido","1"
"apps/crm/src/components/views-salvas.tsx","identifier","visao","1"
"apps/crm/src/lib/accounts.ts","identifier","asc","1"
"apps/crm/src/lib/accounts.ts","identifier","cabeca","1"
"apps/crm/src/lib/accounts.ts","identifier","conta","3"
"apps/crm/src/lib/accounts.ts","identifier","desc","1"
"apps/crm/src/lib/accounts.ts","identifier","faixa","2"
"apps/crm/src/lib/accounts.ts","identifier","fechada","3"
"apps/crm/src/lib/accounts.ts","identifier","limite","1"
"apps/crm/src/lib/accounts.ts","identifier","para","1"
"apps/crm/src/lib/accounts.ts","identifier","termo","1"
"apps/crm/src/lib/accounts.ts","identifier","valor","1"
"apps/crm/src/lib/accounts.ts","sql-name","termo","1"
"apps/crm/src/lib/campos-editaveis.ts","comment","","2"
"apps/crm/src/lib/campos-editaveis.ts","identifier","campo","4"
"apps/crm/src/lib/campos-editaveis.ts","identifier","campos","1"
"apps/crm/src/lib/campos-editaveis.ts","identifier","chaves","1"
"apps/crm/src/lib/campos-editaveis.ts","identifier","maximo","6"
"apps/crm/src/lib/campos-editaveis.ts","identifier","normalizar","1"
"apps/crm/src/lib/campos-editaveis.ts","literal-value","texto","5"
"apps/crm/src/lib/campos-editaveis.ts","path","campos","1"
"apps/crm/src/lib/contacts.ts","comment","","1"
"apps/crm/src/lib/contacts.ts","identifier","asc","1"
"apps/crm/src/lib/contacts.ts","identifier","cabeca","1"
"apps/crm/src/lib/contacts.ts","identifier","categoria","2"
"apps/crm/src/lib/contacts.ts","identifier","contato","1"
"apps/crm/src/lib/contacts.ts","identifier","desc","1"
"apps/crm/src/lib/contacts.ts","identifier","faixa","4"
"apps/crm/src/lib/contacts.ts","identifier","limite","1"
"apps/crm/src/lib/contacts.ts","identifier","para","1"
"apps/crm/src/lib/contacts.ts","identifier","resumo","2"
"apps/crm/src/lib/contacts.ts","identifier","termo","1"
"apps/crm/src/lib/contacts.ts","sql-name","termo","1"
"apps/crm/src/lib/database.ts","comment","","1"
"apps/crm/src/lib/database.ts","identifier","com","2"
"apps/crm/src/lib/database.ts","identifier","para","2"
"apps/crm/src/lib/format.ts","comment","","1"
"apps/crm/src/lib/format.ts","identifier","agora","1"
"apps/crm/src/lib/format.ts","identifier","cru","1"
"apps/crm/src/lib/format.ts","identifier","desde","1"
"apps/crm/src/lib/format.ts","identifier","percentual","1"
"apps/crm/src/lib/format.ts","identifier","pontos","1"
"apps/crm/src/lib/funil.ts","comment","","3"
"apps/crm/src/lib/funil.ts","identifier","asc","1"
"apps/crm/src/lib/funil.ts","identifier","atualizado","1"
"apps/crm/src/lib/funil.ts","identifier","cabeca","1"
"apps/crm/src/lib/funil.ts","identifier","chave","4"
"apps/crm/src/lib/funil.ts","identifier","colunas","3"
"apps/crm/src/lib/funil.ts","identifier","conta","1"
"apps/crm/src/lib/funil.ts","identifier","contato","1"
"apps/crm/src/lib/funil.ts","identifier","desc","1"
"apps/crm/src/lib/funil.ts","identifier","faixa","2"
"apps/crm/src/lib/funil.ts","identifier","fechada","7"
"apps/crm/src/lib/funil.ts","identifier","fechamento","2"
"apps/crm/src/lib/funil.ts","identifier","geral","5"
"apps/crm/src/lib/funil.ts","identifier","limite","1"
"apps/crm/src/lib/funil.ts","identifier","para","2"
"apps/crm/src/lib/funil.ts","identifier","probabilidade","1"
"apps/crm/src/lib/funil.ts","identifier","slice","1"
"apps/crm/src/lib/funil.ts","identifier","termo","1"
"apps/crm/src/lib/funil.ts","identifier","valor","1"
"apps/crm/src/lib/funil.ts","literal-value","fechamento","1"
"apps/crm/src/lib/funil.ts","sql-name","termo","1"
"apps/crm/src/lib/leads.ts","comment","","2"
"apps/crm/src/lib/leads.ts","identifier","agora","1"
"apps/crm/src/lib/leads.ts","identifier","antes","4"
"apps/crm/src/lib/leads.ts","identifier","atendente","1"
"apps/crm/src/lib/leads.ts","identifier","atualizado","4"
"apps/crm/src/lib/leads.ts","identifier","blocos","1"
"apps/crm/src/lib/leads.ts","identifier","cabeca","1"
"apps/crm/src/lib/leads.ts","identifier","campo","2"
"apps/crm/src/lib/leads.ts","identifier","categoria","1"
"apps/crm/src/lib/leads.ts","identifier","contato","2"
"apps/crm/src/lib/leads.ts","identifier","cor","2"
"apps/crm/src/lib/leads.ts","identifier","corte","3"
"apps/crm/src/lib/leads.ts","identifier","cru","1"
"apps/crm/src/lib/leads.ts","identifier","depois","2"
"apps/crm/src/lib/leads.ts","identifier","desc","1"
"apps/crm/src/lib/leads.ts","identifier","desde","6"
"apps/crm/src/lib/leads.ts","identifier","etiqueta","1"
"apps/crm/src/lib/leads.ts","identifier","etiquetas","3"
"apps/crm/src/lib/leads.ts","identifier","explicacao","1"
"apps/crm/src/lib/leads.ts","identifier","faixa","9"
"apps/crm/src/lib/leads.ts","identifier","fila","3"
"apps/crm/src/lib/leads.ts","identifier","limite","1"
"apps/crm/src/lib/leads.ts","identifier","minimo","1"
"apps/crm/src/lib/leads.ts","identifier","mudou","1"
"apps/crm/src/lib/leads.ts","identifier","nomes","1"
"apps/crm/src/lib/leads.ts","identifier","ordem","1"
"apps/crm/src/lib/leads.ts","identifier","para","1"
"apps/crm/src/lib/leads.ts","identifier","proprietarios","1"
"apps/crm/src/lib/leads.ts","identifier","regra","5"
"apps/crm/src/lib/leads.ts","identifier","regras","1"
"apps/crm/src/lib/leads.ts","identifier","resumo","2"
"apps/crm/src/lib/leads.ts","identifier","sem","1"
"apps/crm/src/lib/leads.ts","identifier","termo","1"
"apps/crm/src/lib/leads.ts","identifier","texto","1"
"apps/crm/src/lib/leads.ts","identifier","todos","3"
"apps/crm/src/lib/leads.ts","identifier","ultimas","1"
"apps/crm/src/lib/leads.ts","identifier","valor","1"
"apps/crm/src/lib/leads.ts","identifier","versao","9"
"apps/crm/src/lib/leads.ts","sql-name","asc","1"
"apps/crm/src/lib/leads.ts","sql-name","desc","1"
"apps/crm/src/lib/leads.ts","sql-name","desde","1"
"apps/crm/src/lib/leads.ts","sql-name","termo","1"
"apps/crm/src/lib/leads-visao.ts","comment","","6"
"apps/crm/src/lib/leads-visao.ts","identifier","chave","11"
"apps/crm/src/lib/leads-visao.ts","identifier","dela","1"
"apps/crm/src/lib/leads-visao.ts","identifier","faixa","1"
"apps/crm/src/lib/leads-visao.ts","identifier","grupo","1"
"apps/crm/src/lib/leads-visao.ts","identifier","limite","1"
"apps/crm/src/lib/leads-visao.ts","identifier","saida","1"
"apps/crm/src/lib/leads-visao.ts","identifier","texto","1"
"apps/crm/src/lib/leads-visao.ts","literal-value","agrupamento","1"
"apps/crm/src/lib/leads-visao.ts","literal-value","asc","1"
"apps/crm/src/lib/leads-visao.ts","literal-value","desc","1"
"apps/crm/src/lib/leads-visao.ts","literal-value","faixa","3"
"apps/crm/src/lib/leads-visao.ts","literal-value","nenhum","1"
"apps/crm/src/lib/leads-visao.ts","literal-value","nenhuma","1"
"apps/crm/src/lib/leads-visao.ts","literal-value","sem","2"
"apps/crm/src/lib/leads-visao.ts","literal-value","todos","1"
"apps/crm/src/lib/leads-visao.ts","path","visao","1"
"apps/crm/src/lib/panel.ts","identifier","antes","2"
"apps/crm/src/lib/panel.ts","identifier","fechado","4"
"apps/crm/src/lib/panel.ts","identifier","valor","1"
"apps/crm/src/lib/panel.ts","sql-name","desc","2"
"apps/crm/src/lib/panel.ts","sql-name","desde","1"
"apps/crm/src/lib/regras.ts","identifier","asc","1"
"apps/crm/src/lib/regras.ts","identifier","desc","1"
"apps/crm/src/lib/regras.ts","identifier","diferente","1"
"apps/crm/src/lib/regras.ts","identifier","existe","2"
"apps/crm/src/lib/regras.ts","identifier","faixa","3"
"apps/crm/src/lib/regras.ts","identifier","faixas","2"
"apps/crm/src/lib/regras.ts","identifier","igual","3"
"apps/crm/src/lib/regras.ts","identifier","maximo","2"
"apps/crm/src/lib/regras.ts","identifier","menor","2"
"apps/crm/src/lib/regras.ts","identifier","minimo","2"
"apps/crm/src/lib/regras.ts","identifier","nao","3"
"apps/crm/src/lib/regras.ts","identifier","operador","2"
"apps/crm/src/lib/regras.ts","identifier","pontos","2"
"apps/crm/src/lib/regras.ts","identifier","regra","3"
"apps/crm/src/lib/regras.ts","identifier","regras","2"
"apps/crm/src/lib/regras.ts","identifier","versao","4"
"apps/crm/src/lib/regras.ts","path","regras","1"
"apps/crm/src/lib/regras.ts","sql-name","desc","1"
"apps/crm/src/lib/regras.ts","sql-name","explicacao","1"
"apps/crm/src/lib/regras.ts","sql-name","regra","1"
"apps/crm/src/lib/search.ts","comment","","1"
"apps/crm/src/lib/search.ts","identifier","dominio","1"
"apps/crm/src/lib/search.ts","identifier","padrao","1"
"apps/crm/src/lib/search.ts","identifier","resultado","1"
"apps/crm/src/lib/search.ts","identifier","termo","1"
"apps/crm/src/lib/search.ts","literal-value","conta","1"
"apps/crm/src/lib/search.ts","literal-value","contato","1"
"apps/crm/src/lib/search.ts","literal-value","oportunidade","1"
"apps/crm/src/lib/search-tipos.ts","identifier","conta","1"
"apps/crm/src/lib/search-tipos.ts","identifier","contato","1"
"apps/crm/src/lib/search-tipos.ts","identifier","oportunidade","1"
"apps/crm/src/lib/search-tipos.ts","identifier","resultado","2"
"apps/crm/src/lib/search-tipos.ts","literal-value","conta","1"
"apps/crm/src/lib/search-tipos.ts","literal-value","contato","1"
"apps/crm/src/lib/search-tipos.ts","literal-value","oportunidade","1"
"apps/crm/src/lib/session.ts","comment","","3"
"apps/crm/src/lib/session.ts","identifier","interno","1"
"apps/crm/src/lib/session.ts","identifier","para","1"
"apps/crm/src/lib/session.ts","identifier","publica","1"
"apps/crm/src/lib/session.ts","literal-value","invalido","1"
"apps/crm/src/lib/session.ts","string-literal","convites","1"
"apps/crm/src/lib/settings-comum.ts","comment","","2"
"apps/crm/src/lib/settings-comum.ts","identifier","ativo","2"
"apps/crm/src/lib/settings-comum.ts","identifier","bem","1"
"apps/crm/src/lib/settings-comum.ts","identifier","bruto","2"
"apps/crm/src/lib/settings-comum.ts","identifier","campo","6"
"apps/crm/src/lib/settings-comum.ts","identifier","codigo","19"
"apps/crm/src/lib/settings-comum.ts","identifier","codigos","1"
"apps/crm/src/lib/settings-comum.ts","identifier","dominios","1"
"apps/crm/src/lib/settings-comum.ts","identifier","entregas","1"
"apps/crm/src/lib/settings-comum.ts","identifier","espaco","1"
"apps/crm/src/lib/settings-comum.ts","identifier","eventos","3"
"apps/crm/src/lib/settings-comum.ts","identifier","falhas","1"
"apps/crm/src/lib/settings-comum.ts","identifier","grupo","1"
"apps/crm/src/lib/settings-comum.ts","identifier","idioma","1"
"apps/crm/src/lib/settings-comum.ts","identifier","normalizar","2"
"apps/crm/src/lib/settings-comum.ts","identifier","perfil","1"
"apps/crm/src/lib/settings-comum.ts","identifier","plano","1"
"apps/crm/src/lib/settings-comum.ts","identifier","resultado","1"
"apps/crm/src/lib/settings-comum.ts","identifier","revogada","1"
"apps/crm/src/lib/settings-comum.ts","identifier","saida","1"
"apps/crm/src/lib/settings-comum.ts","identifier","sem","1"
"apps/crm/src/lib/settings-comum.ts","identifier","verificado","1"
"apps/crm/src/lib/settings-comum.ts","literal-value","alterar","2"
"apps/crm/src/lib/settings-comum.ts","literal-value","atendentes","1"
"apps/crm/src/lib/settings-comum.ts","literal-value","contato","2"
"apps/crm/src/lib/settings-comum.ts","literal-value","contatos","2"
"apps/crm/src/lib/settings-comum.ts","literal-value","conversa","5"
"apps/crm/src/lib/settings-comum.ts","literal-value","conversas","2"
"apps/crm/src/lib/settings-comum.ts","literal-value","criar","2"
"apps/crm/src/lib/settings-comum.ts","literal-value","entrega","1"
"apps/crm/src/lib/settings-comum.ts","literal-value","escuro","1"
"apps/crm/src/lib/settings-comum.ts","literal-value","estado","2"
"apps/crm/src/lib/settings-comum.ts","literal-value","filas","1"
"apps/crm/src/lib/settings-comum.ts","literal-value","gerenciar","1"
"apps/crm/src/lib/settings-comum.ts","literal-value","ler","5"
"apps/crm/src/lib/settings-comum.ts","literal-value","mensagem","3"
"apps/crm/src/lib/settings-comum.ts","literal-value","mensagens","2"
"apps/crm/src/lib/settings-comum.ts","literal-value","modelo","1"
"apps/crm/src/lib/settings-comum.ts","literal-value","nao","1"
"apps/crm/src/lib/settings-comum.ts","literal-value","recategorizado","1"
"apps/crm/src/lib/settings-comum.ts","literal-value","selecao","1"
"apps/crm/src/lib/settings-comum.ts","literal-value","texto","1"
"apps/crm/src/lib/settings-data.ts","comment","","3"
"apps/crm/src/lib/settings-data.ts","identifier","antes","18"
"apps/crm/src/lib/settings-data.ts","identifier","antigos","1"
"apps/crm/src/lib/settings-data.ts","identifier","asc","1"
"apps/crm/src/lib/settings-data.ts","identifier","ativo","14"
"apps/crm/src/lib/settings-data.ts","identifier","atualizado","6"
"apps/crm/src/lib/settings-data.ts","identifier","campo","5"
"apps/crm/src/lib/settings-data.ts","identifier","campos","2"
"apps/crm/src/lib/settings-data.ts","identifier","chaves","1"
"apps/crm/src/lib/settings-data.ts","identifier","cifrado","1"
"apps/crm/src/lib/settings-data.ts","identifier","cifrar","1"
"apps/crm/src/lib/settings-data.ts","identifier","codigo","13"
"apps/crm/src/lib/settings-data.ts","identifier","codigos","1"
"apps/crm/src/lib/settings-data.ts","identifier","com","1"
"apps/crm/src/lib/settings-data.ts","identifier","convites","1"
"apps/crm/src/lib/settings-data.ts","identifier","depois","13"
"apps/crm/src/lib/settings-data.ts","identifier","descricao","6"
"apps/crm/src/lib/settings-data.ts","identifier","dominio","1"
"apps/crm/src/lib/settings-data.ts","identifier","dominios","2"
"apps/crm/src/lib/settings-data.ts","identifier","entregas","1"
"apps/crm/src/lib/settings-data.ts","identifier","erro","2"
"apps/crm/src/lib/settings-data.ts","identifier","espaco","3"
"apps/crm/src/lib/settings-data.ts","identifier","eventos","9"
"apps/crm/src/lib/settings-data.ts","identifier","existe","2"
"apps/crm/src/lib/settings-data.ts","identifier","falhas","2"
"apps/crm/src/lib/settings-data.ts","identifier","gente","1"
"apps/crm/src/lib/settings-data.ts","identifier","grupo","1"
"apps/crm/src/lib/settings-data.ts","identifier","idioma","1"
"apps/crm/src/lib/settings-data.ts","identifier","ler","1"
"apps/crm/src/lib/settings-data.ts","identifier","membros","1"
"apps/crm/src/lib/settings-data.ts","identifier","normalizar","2"
"apps/crm/src/lib/settings-data.ts","identifier","papel","3"
"apps/crm/src/lib/settings-data.ts","identifier","para","1"
"apps/crm/src/lib/settings-data.ts","identifier","perfil","2"
"apps/crm/src/lib/settings-data.ts","identifier","permissoes","1"
"apps/crm/src/lib/settings-data.ts","identifier","plano","1"
"apps/crm/src/lib/settings-data.ts","identifier","resultado","1"
"apps/crm/src/lib/settings-data.ts","identifier","revogada","6"
"apps/crm/src/lib/settings-data.ts","identifier","saida","2"
"apps/crm/src/lib/settings-data.ts","identifier","segredo","2"
"apps/crm/src/lib/settings-data.ts","identifier","verificado","2"
"apps/crm/src/lib/settings-data.ts","sql-name","aceito","2"
"apps/crm/src/lib/settings-data.ts","sql-name","ativo","1"
"apps/crm/src/lib/settings-data.ts","sql-name","atualizado","1"
"apps/crm/src/lib/settings-data.ts","sql-name","chave","1"
"apps/crm/src/lib/settings-data.ts","sql-name","convite","2"
"apps/crm/src/lib/settings-data.ts","sql-name","desc","2"
"apps/crm/src/lib/settings-data.ts","sql-name","descricao","1"
"apps/crm/src/lib/settings-data.ts","sql-name","entrega","1"
"apps/crm/src/lib/settings-data.ts","sql-name","estado","1"
"apps/crm/src/lib/settings-data.ts","sql-name","eventos","1"
"apps/crm/src/lib/settings-data.ts","sql-name","falhas","1"
"apps/crm/src/lib/settings-data.ts","sql-name","falhou","1"
"apps/crm/src/lib/settings-data.ts","sql-name","membros","1"
"apps/crm/src/lib/settings-data.ts","sql-name","papel","2"
"apps/crm/src/lib/settings-data.ts","sql-name","permissao","1"
"apps/crm/src/lib/settings-data.ts","sql-name","permissoes","1"
"apps/crm/src/lib/settings-data.ts","sql-name","por","1"
"apps/crm/src/lib/settings-data.ts","sql-name","saida","1"
"apps/crm/src/lib/settings-data.ts","sql-name","usuario","2"
"apps/crm/src/middleware.ts","identifier","publico","1"
"apps/crm/tests/campos-editaveis.test.ts","comment","","1"
"apps/crm/tests/campos-editaveis.test.ts","identifier","campo","2"
"apps/crm/tests/campos-editaveis.test.ts","identifier","campos","1"
"apps/crm/tests/campos-editaveis.test.ts","identifier","fora","1"
"apps/crm/tests/campos-editaveis.test.ts","identifier","normalizar","1"
"apps/crm/tests/campos-editaveis.test.ts","path","campos","1"
"apps/crm/tests/campos-editaveis.test.ts","string-literal","aceita","1"
"apps/crm/tests/campos-editaveis.test.ts","string-literal","branco","1"
"apps/crm/tests/campos-editaveis.test.ts","string-literal","espaco","1"
"apps/crm/tests/campos-editaveis.test.ts","string-literal","esta","1"
"apps/crm/tests/campos-editaveis.test.ts","string-literal","nulo","1"
"apps/crm/tests/campos-editaveis.test.ts","string-literal","vira","1"
"apps/crm/tests/colunas.test.ts","comment","","1"
"apps/crm/tests/colunas.test.ts","identifier","chaves","1"
"apps/crm/tests/colunas.test.ts","identifier","escondida","1"
"apps/crm/tests/colunas.test.ts","identifier","ocultas","7"
"apps/crm/tests/colunas.test.ts","path","colunas","1"
"apps/crm/tests/colunas.test.ts","string-literal","existe","1"
"apps/crm/tests/colunas.test.ts","string-literal","muda","1"
"apps/crm/tests/colunas.test.ts","string-literal","nada","1"
"apps/crm/tests/colunas.test.ts","string-literal","nao","1"
"apps/crm/tests/colunas.test.ts","string-literal","para","1"
"apps/crm/tests/colunas.test.ts","string-literal","proprio","1"
"apps/crm/tests/filters.test.ts","comment","","1"
"apps/crm/tests/filters.test.ts","identifier","fora","1"
"apps/crm/tests/filters.test.ts","identifier","lido","1"
"apps/crm/tests/filters.test.ts","string-literal","colunas","1"
"apps/crm/tests/settings-comum.test.ts","comment","","1"
"apps/crm/tests/settings-comum.test.ts","identifier","campo","2"
"apps/crm/tests/settings-comum.test.ts","identifier","codigo","2"
"apps/crm/tests/settings-comum.test.ts","identifier","eventos","2"
"apps/crm/tests/settings-comum.test.ts","identifier","normalizar","2"
"apps/crm/tests/settings-comum.test.ts","string-literal","aceita","1"
"apps/crm/tests/settings-comum.test.ts","string-literal","branco","1"
"apps/crm/tests/settings-comum.test.ts","string-literal","com","1"
"apps/crm/tests/settings-comum.test.ts","string-literal","divergiu","1"
"apps/crm/tests/settings-comum.test.ts","string-literal","espaco","1"
"apps/crm/tests/settings-comum.test.ts","string-literal","eventos","1"
"apps/crm/tests/settings-comum.test.ts","string-literal","mais","1"
"apps/crm/tests/settings-comum.test.ts","string-literal","mas","1"
"apps/crm/tests/settings-comum.test.ts","string-literal","nada","1"
"apps/crm/tests/settings-comum.test.ts","string-literal","nao","1"
"apps/crm/tests/settings-comum.test.ts","string-literal","nulo","1"
"apps/crm/tests/settings-comum.test.ts","string-literal","nunca","1"
"apps/crm/tests/settings-comum.test.ts","string-literal","tres","1"
"apps/crm/tests/settings-comum.test.ts","string-literal","vira","1"
"apps/desk-vite/Dockerfile","comment","","1"
"apps/desk-vite/Dockerfile","identifier","cmd","2"
"apps/desk-vite/src/App.tsx","identifier","encontrado","1"
"apps/desk-vite/src/App.tsx","identifier","nao","1"
"apps/desk-vite/src/components/avatar.tsx","comment","","1"
"apps/desk-vite/src/components/avatar.tsx","identifier","apagado","2"
"apps/desk-vite/src/components/avatar.tsx","identifier","texto","1"
"apps/desk-vite/src/components/exigir-session.tsx","comment","","1"
"apps/desk-vite/src/components/exigir-session.tsx","string-literal","destino","1"
"apps/desk-vite/src/components/icones-desk.tsx","identifier","anexo","1"
"apps/desk-vite/src/components/icones-desk.tsx","identifier","atendimentos","1"
"apps/desk-vite/src/components/icones-desk.tsx","identifier","aviso","1"
"apps/desk-vite/src/components/icones-desk.tsx","identifier","busca","1"
"apps/desk-vite/src/components/icones-desk.tsx","identifier","calendario","1"
"apps/desk-vite/src/components/icones-desk.tsx","identifier","comentario","1"
"apps/desk-vite/src/components/icones-desk.tsx","identifier","contatos","1"
"apps/desk-vite/src/components/icones-desk.tsx","identifier","desenho","1"
"apps/desk-vite/src/components/icones-desk.tsx","identifier","erro","1"
"apps/desk-vite/src/components/icones-desk.tsx","identifier","etiqueta","1"
"apps/desk-vite/src/components/icones-desk.tsx","identifier","filtro","1"
"apps/desk-vite/src/components/icones-desk.tsx","identifier","ligacao","1"
"apps/desk-vite/src/components/icones-desk.tsx","identifier","lixeira","1"
"apps/desk-vite/src/components/icones-desk.tsx","identifier","mais","1"
"apps/desk-vite/src/components/icones-desk.tsx","identifier","metricas","1"
"apps/desk-vite/src/components/icones-desk.tsx","identifier","notificacao","1"
"apps/desk-vite/src/components/icones-desk.tsx","identifier","pausa","1"
"apps/desk-vite/src/components/icones-desk.tsx","identifier","preferencias","1"
"apps/desk-vite/src/components/icones-desk.tsx","identifier","quadro","1"
"apps/desk-vite/src/components/icones-desk.tsx","identifier","resto","1"
"apps/desk-vite/src/components/icones-desk.tsx","identifier","usuario","1"
"apps/desk-vite/src/components/icones-desk.tsx","literal-value","0002","4"
"apps/desk-vite/src/components/icones-desk.tsx","literal-value","0004","8"
"apps/desk-vite/src/components/icones-desk.tsx","literal-value","0005","1"
"apps/desk-vite/src/components/icones-desk.tsx","literal-value","0007","1"
"apps/desk-vite/src/components/icones-desk.tsx","literal-value","0008","1"
"apps/desk-vite/src/components/icones-desk.tsx","literal-value","0014","2"
"apps/desk-vite/src/components/icones-desk.tsx","literal-value","0015","1"
"apps/desk-vite/src/components/icones-desk.tsx","literal-value","0016","5"
"apps/desk-vite/src/components/icones-desk.tsx","literal-value","0017","3"
"apps/desk-vite/src/components/icones-desk.tsx","literal-value","0022","1"
"apps/desk-vite/src/components/icones-desk.tsx","literal-value","0031","1"
"apps/desk-vite/src/components/icones-desk.tsx","literal-value","0032","1"
"apps/desk-vite/src/components/icones-desk.tsx","literal-value","0033","1"
"apps/desk-vite/src/components/icones-desk.tsx","literal-value","0041","1"
"apps/desk-vite/src/components/icones-desk.tsx","literal-value","0043","1"
"apps/desk-vite/src/components/icones-desk.tsx","literal-value","0046","1"
"apps/desk-vite/src/components/icones-desk.tsx","literal-value","acoes","1"
"apps/desk-vite/src/components/icones-desk.tsx","literal-value","ativa","1"
"apps/desk-vite/src/components/icones-desk.tsx","literal-value","ativas","1"
"apps/desk-vite/src/components/icones-desk.tsx","literal-value","ativo","1"
"apps/desk-vite/src/components/icones-desk.tsx","literal-value","aviso","1"
"apps/desk-vite/src/components/icones-desk.tsx","literal-value","baixo","1"
"apps/desk-vite/src/components/icones-desk.tsx","literal-value","cheia","1"
"apps/desk-vite/src/components/icones-desk.tsx","literal-value","cheio","1"
"apps/desk-vite/src/components/icones-desk.tsx","literal-value","direita","1"
"apps/desk-vite/src/components/icones-desk.tsx","literal-value","esquerda","1"
"apps/desk-vite/src/components/icones-desk.tsx","literal-value","fechado","1"
"apps/desk-vite/src/components/icones-desk.tsx","literal-value","mais","1"
"apps/desk-vite/src/components/icones-desk.tsx","literal-value","massa","1"
"apps/desk-vite/src/components/icones-desk.tsx","literal-value","mensagem","1"
"apps/desk-vite/src/components/icones-desk.tsx","literal-value","mensagens","1"
"apps/desk-vite/src/components/icones-desk.tsx","literal-value","nao","1"
"apps/desk-vite/src/components/icones-desk.tsx","literal-value","opcoes","1"
"apps/desk-vite/src/components/icones-desk.tsx","literal-value","passado","1"
"apps/desk-vite/src/components/icones-desk.tsx","literal-value","pelo","1"
"apps/desk-vite/src/components/icones-desk.tsx","literal-value","primeira","1"
"apps/desk-vite/src/components/icones-desk.tsx","literal-value","pronta","1"
"apps/desk-vite/src/components/icones-desk.tsx","literal-value","tempo","1"
"apps/desk-vite/src/components/icones-desk.tsx","literal-value","usuario","1"
"apps/desk-vite/src/components/icones-portal.tsx","comment","","1"
"apps/desk-vite/src/components/icones-portal.tsx","identifier","anexo","1"
"apps/desk-vite/src/components/icones-portal.tsx","identifier","anotacoes","1"
"apps/desk-vite/src/components/icones-portal.tsx","identifier","atendentes","1"
"apps/desk-vite/src/components/icones-portal.tsx","identifier","baixo","1"
"apps/desk-vite/src/components/icones-portal.tsx","identifier","balao","1"
"apps/desk-vite/src/components/icones-portal.tsx","identifier","busca","1"
"apps/desk-vite/src/components/icones-portal.tsx","identifier","calendario","1"
"apps/desk-vite/src/components/icones-portal.tsx","identifier","canais","1"
"apps/desk-vite/src/components/icones-portal.tsx","identifier","carrossel","1"
"apps/desk-vite/src/components/icones-portal.tsx","identifier","chaves","1"
"apps/desk-vite/src/components/icones-portal.tsx","identifier","comunicacao","1"
"apps/desk-vite/src/components/icones-portal.tsx","identifier","comunidade","1"
"apps/desk-vite/src/components/icones-portal.tsx","identifier","concluido","1"
"apps/desk-vite/src/components/icones-portal.tsx","identifier","configuracoes","1"
"apps/desk-vite/src/components/icones-portal.tsx","identifier","contrato","1"
"apps/desk-vite/src/components/icones-portal.tsx","identifier","conversa","1"
"apps/desk-vite/src/components/icones-portal.tsx","identifier","desenho","1"
"apps/desk-vite/src/components/icones-portal.tsx","identifier","direita","1"
"apps/desk-vite/src/components/icones-portal.tsx","identifier","equipe","1"
"apps/desk-vite/src/components/icones-portal.tsx","identifier","esquerda","1"
"apps/desk-vite/src/components/icones-portal.tsx","identifier","fila","1"
"apps/desk-vite/src/components/icones-portal.tsx","identifier","filtro","1"
"apps/desk-vite/src/components/icones-portal.tsx","identifier","fluxo","1"
"apps/desk-vite/src/components/icones-portal.tsx","identifier","informacao","1"
"apps/desk-vite/src/components/icones-portal.tsx","identifier","integracoes","1"
"apps/desk-vite/src/components/icones-portal.tsx","identifier","lixeira","1"
"apps/desk-vite/src/components/icones-portal.tsx","identifier","mais","1"
"apps/desk-vite/src/components/icones-portal.tsx","identifier","monitoramento","1"
"apps/desk-vite/src/components/icones-portal.tsx","identifier","novidades","1"
"apps/desk-vite/src/components/icones-portal.tsx","identifier","painel","1"
"apps/desk-vite/src/components/icones-portal.tsx","identifier","pausa","1"
"apps/desk-vite/src/components/icones-portal.tsx","identifier","preferencias","1"
"apps/desk-vite/src/components/icones-portal.tsx","identifier","regras","1"
"apps/desk-vite/src/components/icones-portal.tsx","identifier","relatorios","1"
"apps/desk-vite/src/components/icones-portal.tsx","identifier","resto","3"
"apps/desk-vite/src/components/icones-portal.tsx","identifier","robo","1"
"apps/desk-vite/src/components/icones-portal.tsx","identifier","roteador","1"
"apps/desk-vite/src/components/icones-portal.tsx","identifier","suporte","1"
"apps/desk-vite/src/components/icones-portal.tsx","identifier","testar","1"
"apps/desk-vite/src/components/icones-portal.tsx","literal-value","0002","9"
"apps/desk-vite/src/components/icones-portal.tsx","literal-value","0004","8"
"apps/desk-vite/src/components/icones-portal.tsx","literal-value","0005","1"
"apps/desk-vite/src/components/icones-portal.tsx","literal-value","0007","3"
"apps/desk-vite/src/components/icones-portal.tsx","literal-value","0008","1"
"apps/desk-vite/src/components/icones-portal.tsx","literal-value","0012","1"
"apps/desk-vite/src/components/icones-portal.tsx","literal-value","0013","4"
"apps/desk-vite/src/components/icones-portal.tsx","literal-value","0014","4"
"apps/desk-vite/src/components/icones-portal.tsx","literal-value","0015","3"
"apps/desk-vite/src/components/icones-portal.tsx","literal-value","0016","6"
"apps/desk-vite/src/components/icones-portal.tsx","literal-value","0022","1"
"apps/desk-vite/src/components/icones-portal.tsx","literal-value","0023","1"
"apps/desk-vite/src/components/icones-portal.tsx","literal-value","0024","2"
"apps/desk-vite/src/components/icones-portal.tsx","literal-value","0032","1"
"apps/desk-vite/src/components/icones-portal.tsx","literal-value","0033","2"
"apps/desk-vite/src/components/icones-portal.tsx","literal-value","0035","1"
"apps/desk-vite/src/components/icones-portal.tsx","literal-value","0044","2"
"apps/desk-vite/src/components/icones-portal.tsx","literal-value","0046","2"
"apps/desk-vite/src/components/icones-portal.tsx","literal-value","2026","1"
"apps/desk-vite/src/components/icones-portal.tsx","literal-value","arquivo","4"
"apps/desk-vite/src/components/icones-portal.tsx","literal-value","baixo","1"
"apps/desk-vite/src/components/icones-portal.tsx","literal-value","boas","1"
"apps/desk-vite/src/components/icones-portal.tsx","literal-value","cheia","2"
"apps/desk-vite/src/components/icones-portal.tsx","literal-value","codigo","1"
"apps/desk-vite/src/components/icones-portal.tsx","literal-value","contorno","1"
"apps/desk-vite/src/components/icones-portal.tsx","literal-value","enviada","1"
"apps/desk-vite/src/components/icones-portal.tsx","literal-value","erro","2"
"apps/desk-vite/src/components/icones-portal.tsx","literal-value","gerais","1"
"apps/desk-vite/src/components/icones-portal.tsx","literal-value","imagem","1"
"apps/desk-vite/src/components/icones-portal.tsx","literal-value","informacao","1"
"apps/desk-vite/src/components/icones-portal.tsx","literal-value","mensagem","5"
"apps/desk-vite/src/components/icones-portal.tsx","literal-value","nao","1"
"apps/desk-vite/src/components/icones-portal.tsx","literal-value","persistente","1"
"apps/desk-vite/src/components/icones-portal.tsx","literal-value","preferencias","1"
"apps/desk-vite/src/components/icones-portal.tsx","literal-value","texto","1"
"apps/desk-vite/src/components/link.tsx","comment","","1"
"apps/desk-vite/src/components/link.tsx","identifier","resto","1"
"apps/desk-vite/src/components/link.tsx","identifier","roteador","1"
"apps/desk-vite/src/components/rail.tsx","identifier","destinos","1"
"apps/desk-vite/src/components/rail.tsx","identifier","invisivel","1"
"apps/desk-vite/src/components/rail.tsx","identifier","para","6"
"apps/desk-vite/src/components/rail.tsx","identifier","pausa","3"
"apps/desk-vite/src/components/rail.tsx","string-literal","botao","2"
"apps/desk-vite/src/components/rail.tsx","string-literal","cabecalho","1"
"apps/desk-vite/src/components/rail.tsx","string-literal","com","1"
"apps/desk-vite/src/components/rail.tsx","string-literal","conteudo","1"
"apps/desk-vite/src/components/rail.tsx","string-literal","pausas","2"
"apps/desk-vite/src/components/rail.tsx","string-literal","ponto","2"
"apps/desk-vite/src/components/rail.tsx","string-literal","suporte","1"
"apps/desk-vite/src/components/shell.tsx","comment","","1"
"apps/desk-vite/src/context/desk-selection.tsx","comment","","1"
"apps/desk-vite/src/context/session.tsx","comment","","3"
"apps/desk-vite/src/estilos/global.css","comment","","10"
"apps/desk-vite/src/estilos/global.css","css-class","apagado","1"
"apps/desk-vite/src/estilos/global.css","css-class","aviso","2"
"apps/desk-vite/src/estilos/global.css","css-class","balao","12"
"apps/desk-vite/src/estilos/global.css","css-class","botao","19"
"apps/desk-vite/src/estilos/global.css","css-class","cabecalho","3"
"apps/desk-vite/src/estilos/global.css","css-class","campo","22"
"apps/desk-vite/src/estilos/global.css","css-class","comentario","2"
"apps/desk-vite/src/estilos/global.css","css-class","comentarios","3"
"apps/desk-vite/src/estilos/global.css","css-class","contador","1"
"apps/desk-vite/src/estilos/global.css","css-class","conteudo","1"
"apps/desk-vite/src/estilos/global.css","css-class","contorno","1"
"apps/desk-vite/src/estilos/global.css","css-class","direita","1"
"apps/desk-vite/src/estilos/global.css","css-class","entrar","1"
"apps/desk-vite/src/estilos/global.css","css-class","esqueleto","1"
"apps/desk-vite/src/estilos/global.css","css-class","esquerda","1"
"apps/desk-vite/src/estilos/global.css","css-class","etiquetas","4"
"apps/desk-vite/src/estilos/global.css","css-class","fichas","3"
"apps/desk-vite/src/estilos/global.css","css-class","grafico","2"
"apps/desk-vite/src/estilos/global.css","css-class","grupo","10"
"apps/desk-vite/src/estilos/global.css","css-class","pausas","3"
"apps/desk-vite/src/estilos/global.css","css-class","perfil","4"
"apps/desk-vite/src/estilos/global.css","css-class","ponto","4"
"apps/desk-vite/src/estilos/global.css","css-class","saida","5"
"apps/desk-vite/src/estilos/global.css","css-class","soltar","1"
"apps/desk-vite/src/estilos/global.css","css-class","texto","7"
"apps/desk-vite/src/estilos/global.css","css-class","vazia","2"
"apps/desk-vite/src/estilos/global.css","css-custom-property","apoio","8"
"apps/desk-vite/src/estilos/global.css","css-custom-property","campo","8"
"apps/desk-vite/src/estilos/global.css","css-custom-property","conteudo","122"
"apps/desk-vite/src/estilos/global.css","css-custom-property","erro","1"
"apps/desk-vite/src/estilos/global.css","css-custom-property","escuro","2"
"apps/desk-vite/src/estilos/global.css","css-custom-property","fundo","9"
"apps/desk-vite/src/estilos/global.css","css-custom-property","grafico","2"
"apps/desk-vite/src/estilos/global.css","css-custom-property","sobre","2"
"apps/desk-vite/src/estilos/global.css","css-custom-property","tinta","13"
"apps/desk-vite/src/estilos/global.css","css-custom-property","trilho","1"
"apps/desk-vite/src/estilos/global.css","data-attr","escuro","1"
"apps/desk-vite/src/estilos/global.css","data-attr","falhou","1"
"apps/desk-vite/src/estilos/global.css","data-attr","nao","2"
"apps/desk-vite/src/lib/actions.ts","comment","","1"
"apps/desk-vite/src/lib/actions.ts","identifier","campos","3"
"apps/desk-vite/src/lib/actions.ts","identifier","interna","1"
"apps/desk-vite/src/lib/actions.ts","identifier","resultado","2"
"apps/desk-vite/src/lib/actions.ts","identifier","texto","1"
"apps/desk-vite/src/lib/api.ts","comment","","1"
"apps/desk-vite/src/lib/api.ts","identifier","chamar","1"
"apps/desk-vite/src/lib/api.ts","identifier","mensagem","1"
"apps/desk-vite/src/lib/attachments.ts","comment","","1"
"apps/desk-vite/src/lib/attachments.ts","identifier","arquivos","1"
"apps/desk-vite/src/lib/channel.ts","comment","","2"
"apps/desk-vite/src/lib/cliente-de-consultas.ts","comment","","1"
"apps/desk-vite/src/lib/contacts.ts","comment","","1"
"apps/desk-vite/src/lib/contacts.ts","identifier","letra","1"
"apps/desk-vite/src/lib/contacts.ts","identifier","saida","1"
"apps/desk-vite/src/lib/contacts.ts","literal-value","alfabetica","1"
"apps/desk-vite/src/lib/contacts.ts","literal-value","interacao","1"
"apps/desk-vite/src/lib/delivery-interval.ts","identifier","intervalo","2"
"apps/desk-vite/src/lib/delivery-interval.ts","identifier","transito","1"
"apps/desk-vite/src/lib/format.ts","comment","","1"
"apps/desk-vite/src/lib/format.ts","identifier","abreviada","1"
"apps/desk-vite/src/lib/format.ts","identifier","agora","3"
"apps/desk-vite/src/lib/format.ts","identifier","ano","1"
"apps/desk-vite/src/lib/format.ts","identifier","balao","1"
"apps/desk-vite/src/lib/format.ts","identifier","cronometro","1"
"apps/desk-vite/src/lib/format.ts","identifier","dois","1"
"apps/desk-vite/src/lib/format.ts","identifier","horario","2"
"apps/desk-vite/src/lib/groups.ts","identifier","grupo","1"
"apps/desk-vite/src/lib/groups.ts","literal-value","entrada","1"
"apps/desk-vite/src/lib/groups.ts","literal-value","erro","1"
"apps/desk-vite/src/lib/groups.ts","literal-value","saida","1"
"apps/desk-vite/src/lib/inbound.ts","comment","","2"
"apps/desk-vite/src/lib/inbound.ts","identifier","interno","1"
"apps/desk-vite/src/lib/inbound.ts","literal-value","invalido","1"
"apps/desk-vite/src/lib/navigation.ts","comment","","1"
"apps/desk-vite/src/lib/navigation.ts","identifier","para","1"
"apps/desk-vite/src/lib/order.ts","comment","","2"
"apps/desk-vite/src/lib/order.ts","identifier","agora","5"
"apps/desk-vite/src/lib/order.ts","identifier","digitos","1"
"apps/desk-vite/src/lib/order.ts","identifier","inativa","1"
"apps/desk-vite/src/lib/order.ts","identifier","inativos","2"
"apps/desk-vite/src/lib/order.ts","identifier","janela","1"
"apps/desk-vite/src/lib/order.ts","identifier","nao","1"
"apps/desk-vite/src/lib/order.ts","identifier","sem","1"
"apps/desk-vite/src/lib/order.ts","identifier","termo","1"
"apps/desk-vite/src/lib/order.ts","identifier","texto","2"
"apps/desk-vite/src/lib/order.ts","identifier","todos","2"
"apps/desk-vite/src/lib/order.ts","literal-value","inativos","1"
"apps/desk-vite/src/lib/order.ts","literal-value","lidos","1"
"apps/desk-vite/src/lib/order.ts","literal-value","mensagem","1"
"apps/desk-vite/src/lib/order.ts","literal-value","nao","1"
"apps/desk-vite/src/lib/order.ts","literal-value","todos","1"
"apps/desk-vite/src/lib/panel-history.ts","comment","","3"
"apps/desk-vite/src/lib/period.ts","comment","","1"
"apps/desk-vite/src/lib/period.ts","identifier","agora","1"
"apps/desk-vite/src/lib/period.ts","identifier","atalho","3"
"apps/desk-vite/src/lib/period.ts","identifier","atalhos","1"
"apps/desk-vite/src/lib/period.ts","identifier","curta","1"
"apps/desk-vite/src/lib/period.ts","identifier","dois","1"
"apps/desk-vite/src/lib/period.ts","identifier","intervalo","3"
"apps/desk-vite/src/lib/preferences.ts","identifier","chave","1"
"apps/desk-vite/src/lib/preferences.ts","identifier","chaves","1"
"apps/desk-vite/src/lib/preferences.ts","identifier","continuar","2"
"apps/desk-vite/src/lib/preferences.ts","identifier","ler","1"
"apps/desk-vite/src/lib/preferences.ts","identifier","padrao","1"
"apps/desk-vite/src/lib/preferences.ts","identifier","saida","1"
"apps/desk-vite/src/pages/active-message/page.tsx","identifier","aprovado","1"
"apps/desk-vite/src/pages/active-message/page.tsx","identifier","canal","1"
"apps/desk-vite/src/pages/active-message/page.tsx","identifier","contato","1"
"apps/desk-vite/src/pages/active-message/page.tsx","identifier","contatos","1"
"apps/desk-vite/src/pages/active-message/page.tsx","identifier","destinos","1"
"apps/desk-vite/src/pages/active-message/page.tsx","identifier","recusadas","2"
"apps/desk-vite/src/pages/active-message/page.tsx","identifier","resultado","1"
"apps/desk-vite/src/pages/active-message/page.tsx","literal-value","contato","1"
"apps/desk-vite/src/pages/active-message/page.tsx","literal-value","conteudo","1"
"apps/desk-vite/src/pages/active-message/page.tsx","literal-value","modelo","1"
"apps/desk-vite/src/pages/active-message/page.tsx","literal-value","revisar","1"
"apps/desk-vite/src/pages/active-message/page.tsx","string-literal","aviso","1"
"apps/desk-vite/src/pages/active-message/page.tsx","string-literal","balao","2"
"apps/desk-vite/src/pages/active-message/page.tsx","string-literal","botao","10"
"apps/desk-vite/src/pages/active-message/page.tsx","string-literal","campo","11"
"apps/desk-vite/src/pages/analytics/page.tsx","comment","","1"
"apps/desk-vite/src/pages/analytics/page.tsx","identifier","agora","1"
"apps/desk-vite/src/pages/analytics/page.tsx","identifier","atalho","3"
"apps/desk-vite/src/pages/analytics/page.tsx","identifier","atalhos","1"
"apps/desk-vite/src/pages/analytics/page.tsx","identifier","cor","8"
"apps/desk-vite/src/pages/analytics/page.tsx","identifier","curta","1"
"apps/desk-vite/src/pages/analytics/page.tsx","identifier","intervalo","3"
"apps/desk-vite/src/pages/analytics/page.tsx","identifier","maximo","1"
"apps/desk-vite/src/pages/analytics/page.tsx","string-literal","cabecalho","1"
"apps/desk-vite/src/pages/analytics/page.tsx","string-literal","grafico","2"
"apps/desk-vite/src/pages/analytics/page.tsx","string-literal","ponto","1"
"apps/desk-vite/src/pages/attendances/card.tsx","data-attr","nao","1"
"apps/desk-vite/src/pages/attendances/card.tsx","identifier","agora","4"
"apps/desk-vite/src/pages/attendances/card.tsx","identifier","campos","1"
"apps/desk-vite/src/pages/attendances/card.tsx","identifier","conversa","2"
"apps/desk-vite/src/pages/attendances/card.tsx","identifier","cronometro","1"
"apps/desk-vite/src/pages/attendances/card.tsx","identifier","documento","1"
"apps/desk-vite/src/pages/attendances/card.tsx","identifier","horario","1"
"apps/desk-vite/src/pages/attendances/card.tsx","identifier","imagem","1"
"apps/desk-vite/src/pages/attendances/card.tsx","identifier","nao","3"
"apps/desk-vite/src/pages/attendances/card.tsx","literal-value","nao","1"
"apps/desk-vite/src/pages/attendances/column.tsx","comment","","1"
"apps/desk-vite/src/pages/attendances/column.tsx","identifier","agora","4"
"apps/desk-vite/src/pages/attendances/column.tsx","identifier","conversa","1"
"apps/desk-vite/src/pages/attendances/column.tsx","identifier","cronometro","1"
"apps/desk-vite/src/pages/attendances/column.tsx","identifier","desde","2"
"apps/desk-vite/src/pages/attendances/column.tsx","identifier","marcada","1"
"apps/desk-vite/src/pages/attendances/column.tsx","identifier","nao","1"
"apps/desk-vite/src/pages/attendances/column.tsx","identifier","termo","1"
"apps/desk-vite/src/pages/attendances/column.tsx","string-literal","botao","4"
"apps/desk-vite/src/pages/attendances/column.tsx","string-literal","campo","2"
"apps/desk-vite/src/pages/attendances/column.tsx","string-literal","direita","1"
"apps/desk-vite/src/pages/attendances/column.tsx","string-literal","esquerda","1"
"apps/desk-vite/src/pages/attendances/column.tsx","string-literal","fichas","3"
"apps/desk-vite/src/pages/attendances/column.tsx","string-literal","texto","3"
"apps/desk-vite/src/pages/attendances/column.tsx","string-literal","vazia","1"
"apps/desk-vite/src/pages/attendances/composer.tsx","comment","","1"
"apps/desk-vite/src/pages/attendances/composer.tsx","identifier","agora","2"
"apps/desk-vite/src/pages/attendances/composer.tsx","identifier","anexo","1"
"apps/desk-vite/src/pages/attendances/composer.tsx","identifier","aprovado","1"
"apps/desk-vite/src/pages/attendances/composer.tsx","identifier","arquivos","1"
"apps/desk-vite/src/pages/attendances/composer.tsx","identifier","botao","2"
"apps/desk-vite/src/pages/attendances/composer.tsx","identifier","campo","1"
"apps/desk-vite/src/pages/attendances/composer.tsx","identifier","chamar","1"
"apps/desk-vite/src/pages/attendances/composer.tsx","identifier","fechado","1"
"apps/desk-vite/src/pages/attendances/composer.tsx","identifier","pronta","3"
"apps/desk-vite/src/pages/attendances/composer.tsx","identifier","termo","2"
"apps/desk-vite/src/pages/attendances/composer.tsx","identifier","texto","2"
"apps/desk-vite/src/pages/attendances/composer.tsx","identifier","usar","1"
"apps/desk-vite/src/pages/attendances/composer.tsx","string-literal","anexos","1"
"apps/desk-vite/src/pages/attendances/composer.tsx","string-literal","botao","8"
"apps/desk-vite/src/pages/attendances/conversation.tsx","identifier","agora","2"
"apps/desk-vite/src/pages/attendances/conversation.tsx","identifier","atendente","1"
"apps/desk-vite/src/pages/attendances/conversation.tsx","identifier","bottom","1"
"apps/desk-vite/src/pages/attendances/conversation.tsx","identifier","colega","1"
"apps/desk-vite/src/pages/attendances/conversation.tsx","identifier","colegas","4"
"apps/desk-vite/src/pages/attendances/conversation.tsx","identifier","cor","1"
"apps/desk-vite/src/pages/attendances/conversation.tsx","identifier","etiqueta","5"
"apps/desk-vite/src/pages/attendances/conversation.tsx","identifier","etiquetas","8"
"apps/desk-vite/src/pages/attendances/conversation.tsx","identifier","fila","1"
"apps/desk-vite/src/pages/attendances/conversation.tsx","identifier","para","1"
"apps/desk-vite/src/pages/attendances/conversation.tsx","identifier","pode","1"
"apps/desk-vite/src/pages/attendances/conversation.tsx","identifier","pronta","1"
"apps/desk-vite/src/pages/attendances/conversation.tsx","identifier","quem","1"
"apps/desk-vite/src/pages/attendances/conversation.tsx","identifier","texto","1"
"apps/desk-vite/src/pages/attendances/conversation.tsx","literal-value","atendente","1"
"apps/desk-vite/src/pages/attendances/conversation.tsx","literal-value","etiquetas","1"
"apps/desk-vite/src/pages/attendances/conversation.tsx","literal-value","fila","1"
"apps/desk-vite/src/pages/attendances/conversation.tsx","string-literal","botao","14"
"apps/desk-vite/src/pages/attendances/conversation.tsx","string-literal","campo","2"
"apps/desk-vite/src/pages/attendances/conversation.tsx","string-literal","contorno","1"
"apps/desk-vite/src/pages/attendances/conversation.tsx","string-literal","etiquetas","3"
"apps/desk-vite/src/pages/attendances/conversation.tsx","string-literal","texto","1"
"apps/desk-vite/src/pages/attendances/page.tsx","comment","","1"
"apps/desk-vite/src/pages/attendances/page.tsx","identifier","agora","1"
"apps/desk-vite/src/pages/attendances/page.tsx","string-literal","colunas","1"
"apps/desk-vite/src/pages/attendances/page.tsx","string-literal","conversa","2"
"apps/desk-vite/src/pages/attendances/panel.tsx","comment","","1"
"apps/desk-vite/src/pages/attendances/panel.tsx","identifier","abreviada","1"
"apps/desk-vite/src/pages/attendances/panel.tsx","identifier","agora","3"
"apps/desk-vite/src/pages/attendances/panel.tsx","identifier","campo","1"
"apps/desk-vite/src/pages/attendances/panel.tsx","identifier","comentarios","1"
"apps/desk-vite/src/pages/attendances/panel.tsx","identifier","copiado","1"
"apps/desk-vite/src/pages/attendances/panel.tsx","identifier","documento","1"
"apps/desk-vite/src/pages/attendances/panel.tsx","identifier","etiqueta","4"
"apps/desk-vite/src/pages/attendances/panel.tsx","identifier","etiquetas","1"
"apps/desk-vite/src/pages/attendances/panel.tsx","identifier","notas","3"
"apps/desk-vite/src/pages/attendances/panel.tsx","identifier","texto","3"
"apps/desk-vite/src/pages/attendances/panel.tsx","literal-value","comentarios","1"
"apps/desk-vite/src/pages/attendances/panel.tsx","literal-value","historico","1"
"apps/desk-vite/src/pages/attendances/panel.tsx","literal-value","informacoes","1"
"apps/desk-vite/src/pages/attendances/panel.tsx","string-literal","botao","3"
"apps/desk-vite/src/pages/attendances/panel.tsx","string-literal","campo","8"
"apps/desk-vite/src/pages/attendances/panel.tsx","string-literal","comentario","1"
"apps/desk-vite/src/pages/attendances/panel.tsx","string-literal","comentarios","3"
"apps/desk-vite/src/pages/attendances/panel.tsx","string-literal","contorno","1"
"apps/desk-vite/src/pages/attendances/panel.tsx","string-literal","esqueleto","9"
"apps/desk-vite/src/pages/attendances/panel.tsx","string-literal","perfil","1"
"apps/desk-vite/src/pages/attendances/panel.tsx","string-literal","texto","1"
"apps/desk-vite/src/pages/attendances/thread.tsx","data-attr","falhou","1"
"apps/desk-vite/src/pages/attendances/thread.tsx","identifier","agora","4"
"apps/desk-vite/src/pages/attendances/thread.tsx","identifier","balao","1"
"apps/desk-vite/src/pages/attendances/thread.tsx","identifier","conteudo","1"
"apps/desk-vite/src/pages/attendances/thread.tsx","identifier","documento","1"
"apps/desk-vite/src/pages/attendances/thread.tsx","identifier","horario","1"
"apps/desk-vite/src/pages/attendances/thread.tsx","identifier","imagem","1"
"apps/desk-vite/src/pages/attendances/thread.tsx","identifier","sinal","1"
"apps/desk-vite/src/pages/attendances/thread.tsx","literal-value","entrada","1"
"apps/desk-vite/src/pages/attendances/thread.tsx","literal-value","saida","1"
"apps/desk-vite/src/pages/attendances/thread.tsx","string-literal","balao","3"
"apps/desk-vite/src/pages/attendances/thread.tsx","string-literal","grupo","2"
"apps/desk-vite/src/pages/bulk-actions/page.tsx","comment","","1"
"apps/desk-vite/src/pages/bulk-actions/page.tsx","identifier","atendente","1"
"apps/desk-vite/src/pages/bulk-actions/page.tsx","identifier","aviso","1"
"apps/desk-vite/src/pages/bulk-actions/page.tsx","identifier","conversa","1"
"apps/desk-vite/src/pages/bulk-actions/page.tsx","identifier","fila","1"
"apps/desk-vite/src/pages/bulk-actions/page.tsx","identifier","para","1"
"apps/desk-vite/src/pages/bulk-actions/page.tsx","identifier","pode","1"
"apps/desk-vite/src/pages/bulk-actions/page.tsx","literal-value","atendente","1"
"apps/desk-vite/src/pages/bulk-actions/page.tsx","literal-value","fila","1"
"apps/desk-vite/src/pages/bulk-actions/page.tsx","string-literal","botao","2"
"apps/desk-vite/src/pages/bulk-actions/page.tsx","string-literal","campo","3"
"apps/desk-vite/src/pages/contacts/page.tsx","comment","","1"
"apps/desk-vite/src/pages/contacts/page.tsx","identifier","abreviada","1"
"apps/desk-vite/src/pages/contacts/page.tsx","identifier","curta","1"
"apps/desk-vite/src/pages/contacts/page.tsx","literal-value","alfabetica","1"
"apps/desk-vite/src/pages/contacts/page.tsx","literal-value","contato","2"
"apps/desk-vite/src/pages/contacts/page.tsx","literal-value","historico","2"
"apps/desk-vite/src/pages/contacts/page.tsx","literal-value","interacao","1"
"apps/desk-vite/src/pages/contacts/page.tsx","literal-value","ordem","1"
"apps/desk-vite/src/pages/contacts/page.tsx","string-literal","botao","2"
"apps/desk-vite/src/pages/contacts/page.tsx","string-literal","campo","3"
"apps/desk-vite/src/pages/contacts/page.tsx","string-literal","esqueleto","11"
"apps/desk-vite/src/pages/contacts/page.tsx","string-literal","perfil","1"
"apps/desk-vite/src/pages/contacts/page.tsx","string-literal","vazia","1"
"apps/desk-vite/src/pages/fundo-pipe.tsx","comment","","3"
"apps/desk-vite/src/pages/fundo-pipe.tsx","identifier","deriva","1"
"apps/desk-vite/src/pages/fundo-pipe.tsx","identifier","fundo","1"
"apps/desk-vite/src/pages/fundo-pipe.tsx","identifier","pontos","2"
"apps/desk-vite/src/pages/fundo-pipe.tsx","identifier","quadro","1"
"apps/desk-vite/src/pages/fundo-pipe.tsx","path","fundo","1"
"apps/desk-vite/src/pages/invitation.tsx","comment","","1"
"apps/desk-vite/src/pages/invitation.tsx","identifier","fundo","1"
"apps/desk-vite/src/pages/invitation.tsx","string-literal","com","1"
"apps/desk-vite/src/pages/login.tsx","comment","","7"
"apps/desk-vite/src/pages/login.tsx","identifier","aviso","1"
"apps/desk-vite/src/pages/login.tsx","identifier","codigo","1"
"apps/desk-vite/src/pages/login.tsx","identifier","continuar","1"
"apps/desk-vite/src/pages/login.tsx","identifier","evento","1"
"apps/desk-vite/src/pages/login.tsx","identifier","fundo","1"
"apps/desk-vite/src/pages/login.tsx","identifier","interno","1"
"apps/desk-vite/src/pages/login.tsx","identifier","invalido","1"
"apps/desk-vite/src/pages/login.tsx","identifier","nao","1"
"apps/desk-vite/src/pages/login.tsx","identifier","provedor","1"
"apps/desk-vite/src/pages/login.tsx","identifier","recusas","1"
"apps/desk-vite/src/pages/login.tsx","identifier","saida","12"
"apps/desk-vite/src/pages/login.tsx","identifier","verificado","1"
"apps/desk-vite/src/pages/login.tsx","identifier","volta","1"
"apps/desk-vite/src/pages/login.tsx","string-literal","com","3"
"apps/desk-vite/src/pages/login.tsx","string-literal","suporte","2"
"apps/desk-vite/src/pages/nao-encontrado.tsx","identifier","encontrado","1"
"apps/desk-vite/src/pages/nao-encontrado.tsx","identifier","nao","1"
"apps/desk-vite/src/pages/nao-encontrado.tsx","path","encontrado","1"
"apps/desk-vite/src/pages/nao-encontrado.tsx","path","nao","1"
"apps/desk-vite/src/pages/preferences/page.tsx","comment","","1"
"apps/desk-vite/src/pages/preferences/page.tsx","identifier","chaves","1"
"apps/desk-vite/src/pages/preferences/page.tsx","identifier","dica","9"
"apps/desk-vite/tests/attachments.test.ts","string-literal","dos","1"
"apps/desk-vite/tests/attachments.test.ts","string-literal","limites","1"
"apps/desk-vite/tests/closure.test.ts","string-literal","bloqueia","1"
"apps/desk-vite/tests/closure.test.ts","string-literal","nao","1"
"apps/desk-vite/tests/closure.test.ts","string-literal","nenhuma","1"
"apps/desk-vite/tests/closure.test.ts","string-literal","permite","1"
"apps/desk-vite/tests/closure.test.ts","string-literal","politica","1"
"apps/desk-vite/tests/closure.test.ts","string-literal","quando","1"
"apps/desk-vite/tests/closure.test.ts","string-literal","sem","1"
"apps/desk-vite/tests/delivery-interval.test.ts","identifier","conteudo","1"
"apps/desk-vite/tests/delivery-interval.test.ts","identifier","pronta","1"
"apps/desk-vite/tests/format.test.ts","identifier","agora","1"
"apps/desk-vite/tests/format.test.ts","identifier","balao","1"
"apps/desk-vite/tests/format.test.ts","identifier","cronometro","1"
"apps/desk-vite/tests/format.test.ts","identifier","horario","2"
"apps/desk-vite/tests/groups.test.ts","identifier","conteudo","1"
"apps/desk-vite/tests/groups.test.ts","identifier","pronta","1"
"apps/desk-vite/tests/groups.test.ts","literal-value","entrada","1"
"apps/desk-vite/tests/groups.test.ts","literal-value","saida","1"
"apps/desk-vite/tests/order.test.ts","identifier","agora","1"
"apps/desk-vite/tests/order.test.ts","identifier","canal","1"
"apps/desk-vite/tests/order.test.ts","identifier","contato","4"
"apps/desk-vite/tests/order.test.ts","identifier","desde","1"
"apps/desk-vite/tests/order.test.ts","identifier","estado","2"
"apps/desk-vite/tests/order.test.ts","identifier","fila","1"
"apps/desk-vite/tests/order.test.ts","identifier","inativos","1"
"apps/desk-vite/tests/order.test.ts","identifier","janela","2"
"apps/desk-vite/tests/order.test.ts","identifier","mensagem","7"
"apps/desk-vite/tests/order.test.ts","identifier","nao","2"
"apps/desk-vite/tests/order.test.ts","identifier","primeira","1"
"apps/desk-vite/tests/order.test.ts","identifier","prioridade","1"
"apps/desk-vite/tests/order.test.ts","identifier","todos","1"
"apps/desk-vite/tests/period.test.ts","identifier","agora","1"
"apps/desk-vite/tests/period.test.ts","identifier","atalho","1"
"apps/desk-vite/tests/period.test.ts","identifier","intervalo","1"
"apps/desk-vite/tests/period.test.ts","string-literal","intervalo","1"
"apps/desk-vite/tests/period.test.ts","string-literal","quando","1"
"apps/desk-vite/tests/period.test.ts","string-literal","vira","1"
"apps/desk-vite/vite.config.ts","comment","","1"
"apps/management-vite/Dockerfile","comment","","19"
"apps/management-vite/Dockerfile","identifier","cmd","2"
"apps/management-vite/src/App.tsx","comment","","6"
"apps/management-vite/src/App.tsx","identifier","analise","1"
"apps/management-vite/src/App.tsx","identifier","ativas","1"
"apps/management-vite/src/App.tsx","identifier","encontrado","1"
"apps/management-vite/src/App.tsx","identifier","geral","1"
"apps/management-vite/src/App.tsx","identifier","mensagens","1"
"apps/management-vite/src/App.tsx","identifier","nao","1"
"apps/management-vite/src/App.tsx","identifier","padrao","1"
"apps/management-vite/src/App.tsx","identifier","perfil","1"
"apps/management-vite/src/App.tsx","identifier","visao","1"
"apps/management-vite/src/App.tsx","string-literal","bem","1"
"apps/management-vite/src/components/barra-do-portal.tsx","comment","","6"
"apps/management-vite/src/components/barra-do-portal.tsx","identifier","evento","1"
"apps/management-vite/src/components/barra-do-portal.tsx","identifier","outras","1"
"apps/management-vite/src/components/barra-do-portal.tsx","identifier","suporte","1"
"apps/management-vite/src/components/barra-do-portal.tsx","string-literal","foto","1"
"apps/management-vite/src/components/barra-do-portal.tsx","string-literal","nomes","1"
"apps/management-vite/src/components/barra-do-portal.tsx","string-literal","plano","1"
"apps/management-vite/src/components/barra-do-portal.tsx","string-literal","preferencias","1"
"apps/management-vite/src/components/barra-do-portal.tsx","string-literal","selo","1"
"apps/management-vite/src/components/card-config.tsx","comment","","1"
"apps/management-vite/src/components/card-config.tsx","data-attr","ligado","1"
"apps/management-vite/src/components/card-config.tsx","identifier","botao","1"
"apps/management-vite/src/components/card-config.tsx","identifier","etiqueta","1"
"apps/management-vite/src/components/card-config.tsx","identifier","ligado","2"
"apps/management-vite/src/components/card-config.tsx","identifier","resultado","1"
"apps/management-vite/src/components/card-config.tsx","identifier","sujo","1"
"apps/management-vite/src/components/envio-de-formulario.ts","identifier","evento","2"
"apps/management-vite/src/components/exigir-session.tsx","comment","","1"
"apps/management-vite/src/components/exigir-session.tsx","string-literal","bem","1"
"apps/management-vite/src/components/exigir-session.tsx","string-literal","destino","1"
"apps/management-vite/src/components/filters-quick.tsx","comment","","2"
"apps/management-vite/src/components/filters-quick.tsx","identifier","contato","1"
"apps/management-vite/src/components/filters-quick.tsx","path","quick","1"
"apps/management-vite/src/components/filters-quick.tsx","string-literal","faixa","1"
"apps/management-vite/src/components/icones-management.tsx","comment","","1"
"apps/management-vite/src/components/icones-management.tsx","identifier","atendente","1"
"apps/management-vite/src/components/icones-management.tsx","identifier","baixo","1"
"apps/management-vite/src/components/icones-management.tsx","identifier","cheia","1"
"apps/management-vite/src/components/icones-management.tsx","identifier","documento","1"
"apps/management-vite/src/components/icones-management.tsx","identifier","informacao","1"
"apps/management-vite/src/components/icones-management.tsx","identifier","lixeira","1"
"apps/management-vite/src/components/icones-management.tsx","identifier","resto","1"
"apps/management-vite/src/components/icones-portal.tsx","comment","","1"
"apps/management-vite/src/components/icones-portal.tsx","identifier","anexo","1"
"apps/management-vite/src/components/icones-portal.tsx","identifier","anotacoes","1"
"apps/management-vite/src/components/icones-portal.tsx","identifier","atendentes","1"
"apps/management-vite/src/components/icones-portal.tsx","identifier","baixo","1"
"apps/management-vite/src/components/icones-portal.tsx","identifier","balao","1"
"apps/management-vite/src/components/icones-portal.tsx","identifier","busca","1"
"apps/management-vite/src/components/icones-portal.tsx","identifier","calendario","1"
"apps/management-vite/src/components/icones-portal.tsx","identifier","canais","1"
"apps/management-vite/src/components/icones-portal.tsx","identifier","carrossel","1"
"apps/management-vite/src/components/icones-portal.tsx","identifier","chaves","1"
"apps/management-vite/src/components/icones-portal.tsx","identifier","comunicacao","1"
"apps/management-vite/src/components/icones-portal.tsx","identifier","comunidade","1"
"apps/management-vite/src/components/icones-portal.tsx","identifier","concluido","1"
"apps/management-vite/src/components/icones-portal.tsx","identifier","configuracoes","1"
"apps/management-vite/src/components/icones-portal.tsx","identifier","contrato","1"
"apps/management-vite/src/components/icones-portal.tsx","identifier","conversa","1"
"apps/management-vite/src/components/icones-portal.tsx","identifier","desenho","1"
"apps/management-vite/src/components/icones-portal.tsx","identifier","direita","1"
"apps/management-vite/src/components/icones-portal.tsx","identifier","equipe","1"
"apps/management-vite/src/components/icones-portal.tsx","identifier","esquerda","1"
"apps/management-vite/src/components/icones-portal.tsx","identifier","fila","1"
"apps/management-vite/src/components/icones-portal.tsx","identifier","filtro","1"
"apps/management-vite/src/components/icones-portal.tsx","identifier","fluxo","1"
"apps/management-vite/src/components/icones-portal.tsx","identifier","informacao","1"
"apps/management-vite/src/components/icones-portal.tsx","identifier","integracoes","1"
"apps/management-vite/src/components/icones-portal.tsx","identifier","lixeira","1"
"apps/management-vite/src/components/icones-portal.tsx","identifier","mais","1"
"apps/management-vite/src/components/icones-portal.tsx","identifier","monitoramento","1"
"apps/management-vite/src/components/icones-portal.tsx","identifier","novidades","1"
"apps/management-vite/src/components/icones-portal.tsx","identifier","painel","1"
"apps/management-vite/src/components/icones-portal.tsx","identifier","pausa","1"
"apps/management-vite/src/components/icones-portal.tsx","identifier","preferencias","1"
"apps/management-vite/src/components/icones-portal.tsx","identifier","regras","1"
"apps/management-vite/src/components/icones-portal.tsx","identifier","relatorios","1"
"apps/management-vite/src/components/icones-portal.tsx","identifier","resto","3"
"apps/management-vite/src/components/icones-portal.tsx","identifier","robo","1"
"apps/management-vite/src/components/icones-portal.tsx","identifier","roteador","1"
"apps/management-vite/src/components/icones-portal.tsx","identifier","suporte","1"
"apps/management-vite/src/components/icones-portal.tsx","identifier","testar","1"
"apps/management-vite/src/components/icones-portal.tsx","literal-value","0002","9"
"apps/management-vite/src/components/icones-portal.tsx","literal-value","0004","8"
"apps/management-vite/src/components/icones-portal.tsx","literal-value","0005","1"
"apps/management-vite/src/components/icones-portal.tsx","literal-value","0007","3"
"apps/management-vite/src/components/icones-portal.tsx","literal-value","0008","1"
"apps/management-vite/src/components/icones-portal.tsx","literal-value","0012","1"
"apps/management-vite/src/components/icones-portal.tsx","literal-value","0013","4"
"apps/management-vite/src/components/icones-portal.tsx","literal-value","0014","4"
"apps/management-vite/src/components/icones-portal.tsx","literal-value","0015","3"
"apps/management-vite/src/components/icones-portal.tsx","literal-value","0016","6"
"apps/management-vite/src/components/icones-portal.tsx","literal-value","0022","1"
"apps/management-vite/src/components/icones-portal.tsx","literal-value","0023","1"
"apps/management-vite/src/components/icones-portal.tsx","literal-value","0024","2"
"apps/management-vite/src/components/icones-portal.tsx","literal-value","0032","1"
"apps/management-vite/src/components/icones-portal.tsx","literal-value","0033","2"
"apps/management-vite/src/components/icones-portal.tsx","literal-value","0035","1"
"apps/management-vite/src/components/icones-portal.tsx","literal-value","0044","2"
"apps/management-vite/src/components/icones-portal.tsx","literal-value","0046","2"
"apps/management-vite/src/components/icones-portal.tsx","literal-value","2026","1"
"apps/management-vite/src/components/icones-portal.tsx","literal-value","arquivo","4"
"apps/management-vite/src/components/icones-portal.tsx","literal-value","baixo","1"
"apps/management-vite/src/components/icones-portal.tsx","literal-value","boas","1"
"apps/management-vite/src/components/icones-portal.tsx","literal-value","cheia","2"
"apps/management-vite/src/components/icones-portal.tsx","literal-value","codigo","1"
"apps/management-vite/src/components/icones-portal.tsx","literal-value","contorno","1"
"apps/management-vite/src/components/icones-portal.tsx","literal-value","enviada","1"
"apps/management-vite/src/components/icones-portal.tsx","literal-value","erro","2"
"apps/management-vite/src/components/icones-portal.tsx","literal-value","gerais","1"
"apps/management-vite/src/components/icones-portal.tsx","literal-value","imagem","1"
"apps/management-vite/src/components/icones-portal.tsx","literal-value","informacao","1"
"apps/management-vite/src/components/icones-portal.tsx","literal-value","mensagem","5"
"apps/management-vite/src/components/icones-portal.tsx","literal-value","nao","1"
"apps/management-vite/src/components/icones-portal.tsx","literal-value","persistente","1"
"apps/management-vite/src/components/icones-portal.tsx","literal-value","preferencias","1"
"apps/management-vite/src/components/icones-portal.tsx","literal-value","texto","1"
"apps/management-vite/src/components/link.tsx","comment","","1"
"apps/management-vite/src/components/link.tsx","identifier","resto","1"
"apps/management-vite/src/components/link.tsx","identifier","roteador","1"
"apps/management-vite/src/components/lista-history.tsx","comment","","1"
"apps/management-vite/src/components/lista-history.tsx","identifier","campo","1"
"apps/management-vite/src/components/lista-history.tsx","identifier","colunas","1"
"apps/management-vite/src/components/lista-history.tsx","identifier","etiquetas","1"
"apps/management-vite/src/components/lista-history.tsx","identifier","grupo","1"
"apps/management-vite/src/components/lista-history.tsx","identifier","selecionados","1"
"apps/management-vite/src/components/lista-history.tsx","identifier","texto","1"
"apps/management-vite/src/components/lista-history.tsx","identifier","todos","4"
"apps/management-vite/src/components/lista-history.tsx","identifier","tudo","1"
"apps/management-vite/src/components/lista-history.tsx","string-literal","campo","1"
"apps/management-vite/src/components/lista-history.tsx","string-literal","campos","1"
"apps/management-vite/src/components/lista-history.tsx","string-literal","etiqueta","1"
"apps/management-vite/src/components/lista-regras.tsx","comment","","1"
"apps/management-vite/src/components/lista-regras.tsx","identifier","campos","1"
"apps/management-vite/src/components/lista-regras.tsx","identifier","cartoes","2"
"apps/management-vite/src/components/lista-regras.tsx","identifier","colunas","1"
"apps/management-vite/src/components/lista-regras.tsx","identifier","cor","1"
"apps/management-vite/src/components/lista-regras.tsx","identifier","esquerda","1"
"apps/management-vite/src/components/lista-regras.tsx","identifier","nenhuma","1"
"apps/management-vite/src/components/lista-regras.tsx","identifier","pode","1"
"apps/management-vite/src/components/lista-regras.tsx","identifier","primeira","1"
"apps/management-vite/src/components/lista-regras.tsx","identifier","regras","1"
"apps/management-vite/src/components/lista-regras.tsx","identifier","selo","1"
"apps/management-vite/src/components/lista-regras.tsx","literal-value","primeira","1"
"apps/management-vite/src/components/lista-regras.tsx","path","regras","1"
"apps/management-vite/src/components/lista-regras.tsx","string-literal","campo","2"
"apps/management-vite/src/components/lista-regras.tsx","string-literal","campos","1"
"apps/management-vite/src/components/lista-regras.tsx","string-literal","contorno","1"
"apps/management-vite/src/components/lista-regras.tsx","string-literal","etiqueta","2"
"apps/management-vite/src/components/metrica.tsx","comment","","1"
"apps/management-vite/src/components/metrica.tsx","identifier","denominador","4"
"apps/management-vite/src/components/metrica.tsx","identifier","dica","3"
"apps/management-vite/src/components/metrica.tsx","identifier","metrica","1"
"apps/management-vite/src/components/metrica.tsx","identifier","texto","2"
"apps/management-vite/src/components/metrica.tsx","path","metrica","1"
"apps/management-vite/src/components/metrica.tsx","string-literal","balao","1"
"apps/management-vite/src/components/metrica.tsx","string-literal","dica","2"
"apps/management-vite/src/components/modal-finalizar-monitoring.tsx","comment","","1"
"apps/management-vite/src/components/modal-finalizar-monitoring.tsx","identifier","cor","1"
"apps/management-vite/src/components/modal-finalizar-monitoring.tsx","identifier","etiqueta","3"
"apps/management-vite/src/components/modal-finalizar-monitoring.tsx","identifier","etiquetas","2"
"apps/management-vite/src/components/monitoring-detailed.tsx","data-attr","atendente","1"
"apps/management-vite/src/components/monitoring-detailed.tsx","data-attr","com","1"
"apps/management-vite/src/components/monitoring-detailed.tsx","data-attr","mais","1"
"apps/management-vite/src/components/monitoring-detailed.tsx","data-attr","opcoes","1"
"apps/management-vite/src/components/monitoring-detailed.tsx","data-attr","tooltip","3"
"apps/management-vite/src/components/monitoring-detailed.tsx","identifier","atendente","1"
"apps/management-vite/src/components/monitoring-detailed.tsx","identifier","atribuidas","2"
"apps/management-vite/src/components/monitoring-detailed.tsx","identifier","chave","5"
"apps/management-vite/src/components/monitoring-detailed.tsx","identifier","dois","1"
"apps/management-vite/src/components/monitoring-detailed.tsx","identifier","etiquetas","2"
"apps/management-vite/src/components/monitoring-detailed.tsx","identifier","evento","5"
"apps/management-vite/src/components/monitoring-detailed.tsx","identifier","fila","1"
"apps/management-vite/src/components/monitoring-detailed.tsx","identifier","horario","1"
"apps/management-vite/src/components/monitoring-detailed.tsx","identifier","para","1"
"apps/management-vite/src/components/monitoring-detailed.tsx","identifier","resto","1"
"apps/management-vite/src/components/monitoring-detailed.tsx","identifier","termo","1"
"apps/management-vite/src/components/monitoring-detailed.tsx","identifier","texto","3"
"apps/management-vite/src/components/monitoring-detailed.tsx","identifier","tinta","1"
"apps/management-vite/src/components/monitoring-detailed.tsx","literal-value","andamento","1"
"apps/management-vite/src/components/monitoring-detailed.tsx","literal-value","atendente","1"
"apps/management-vite/src/components/monitoring-detailed.tsx","literal-value","atendentes","1"
"apps/management-vite/src/components/monitoring-detailed.tsx","literal-value","atendimento","1"
"apps/management-vite/src/components/monitoring-detailed.tsx","literal-value","etiquetas","2"
"apps/management-vite/src/components/monitoring-detailed.tsx","literal-value","fila","1"
"apps/management-vite/src/components/monitoring-detailed.tsx","literal-value","filas","1"
"apps/management-vite/src/components/monitoring-detailed.tsx","literal-value","mensagem","1"
"apps/management-vite/src/components/monitoring-detailed.tsx","string-literal","atribuidas","1"
"apps/management-vite/src/components/monitoring-detailed.tsx","string-literal","aviso","1"
"apps/management-vite/src/components/monitoring-detailed.tsx","string-literal","campo","1"
"apps/management-vite/src/components/monitoring-detailed.tsx","string-literal","etiqueta","1"
"apps/management-vite/src/components/monitoring-detailed.tsx","string-literal","fundo","2"
"apps/management-vite/src/components/pagination.tsx","identifier","esquerda","1"
"apps/management-vite/src/components/pagination.tsx","literal-value","primeira","1"
"apps/management-vite/src/components/pagination.tsx","string-literal","contador","1"
"apps/management-vite/src/components/pagination.tsx","string-literal","direita","1"
"apps/management-vite/src/components/panel-filters.tsx","comment","","2"
"apps/management-vite/src/components/panel-filters.tsx","identifier","apoio","2"
"apps/management-vite/src/components/panel-filters.tsx","identifier","campo","2"
"apps/management-vite/src/components/panel-filters.tsx","identifier","evento","1"
"apps/management-vite/src/components/panel-filters.tsx","literal-value","salvos","1"
"apps/management-vite/src/components/registration-embedded-whatsapp.tsx","comment","","2"
"apps/management-vite/src/components/registration-embedded-whatsapp.tsx","identifier","aviso","1"
"apps/management-vite/src/components/registration-embedded-whatsapp.tsx","identifier","botao","2"
"apps/management-vite/src/components/registration-embedded-whatsapp.tsx","identifier","codigo","4"
"apps/management-vite/src/components/registration-embedded-whatsapp.tsx","identifier","etiqueta","1"
"apps/management-vite/src/components/registration-embedded-whatsapp.tsx","identifier","evento","5"
"apps/management-vite/src/components/registration-embedded-whatsapp.tsx","identifier","eventos","2"
"apps/management-vite/src/components/registration-embedded-whatsapp.tsx","identifier","padrao","1"
"apps/management-vite/src/components/registration-embedded-whatsapp.tsx","identifier","pronto","1"
"apps/management-vite/src/components/registration-embedded-whatsapp.tsx","identifier","receber","1"
"apps/management-vite/src/components/registration-embedded-whatsapp.tsx","identifier","resultado","2"
"apps/management-vite/src/components/registration-embedded-whatsapp.tsx","identifier","sem","1"
"apps/management-vite/src/components/registration-embedded-whatsapp.tsx","identifier","suporte","1"
"apps/management-vite/src/components/registration-embedded-whatsapp.tsx","identifier","texto","5"
"apps/management-vite/src/components/registration-embedded-whatsapp.tsx","identifier","versao","3"
"apps/management-vite/src/components/registration-embedded-whatsapp.tsx","literal-value","erro","1"
"apps/management-vite/src/components/selection.tsx","identifier","campo","1"
"apps/management-vite/src/components/selection.tsx","identifier","evento","2"
"apps/management-vite/src/components/selection.tsx","identifier","fora","1"
"apps/management-vite/src/components/selection-chips.css","css-class","campo","3"
"apps/management-vite/src/components/selection-chips.css","css-class","conteudo","1"
"apps/management-vite/src/components/selection-chips.css","css-class","texto","1"
"apps/management-vite/src/components/selection-chips.css","css-custom-property","conteudo","3"
"apps/management-vite/src/components/selection-chips.tsx","identifier","ativo","1"
"apps/management-vite/src/components/selection-chips.tsx","identifier","evento","1"
"apps/management-vite/src/components/selection-chips.tsx","identifier","normalizar","1"
"apps/management-vite/src/components/selection-chips.tsx","string-literal","campo","1"
"apps/management-vite/src/components/selection-chips.tsx","string-literal","conteudo","1"
"apps/management-vite/src/components/selection-chips.tsx","string-literal","texto","1"
"apps/management-vite/src/components/structure-management.tsx","comment","","1"
"apps/management-vite/src/context/session.tsx","comment","","3"
"apps/management-vite/src/estilos/global.css","comment","","61"
"apps/management-vite/src/estilos/global.css","css-class","agora","1"
"apps/management-vite/src/estilos/global.css","css-class","apagado","1"
"apps/management-vite/src/estilos/global.css","css-class","balao","2"
"apps/management-vite/src/estilos/global.css","css-class","boasvindas","8"
"apps/management-vite/src/estilos/global.css","css-class","cabecalho","7"
"apps/management-vite/src/estilos/global.css","css-class","campo","11"
"apps/management-vite/src/estilos/global.css","css-class","campos","2"
"apps/management-vite/src/estilos/global.css","css-class","cartao","2"
"apps/management-vite/src/estilos/global.css","css-class","comentario","1"
"apps/management-vite/src/estilos/global.css","css-class","contador","1"
"apps/management-vite/src/estilos/global.css","css-class","conteudo","8"
"apps/management-vite/src/estilos/global.css","css-class","contorno","1"
"apps/management-vite/src/estilos/global.css","css-class","cor","1"
"apps/management-vite/src/estilos/global.css","css-class","desenho","2"
"apps/management-vite/src/estilos/global.css","css-class","dica","9"
"apps/management-vite/src/estilos/global.css","css-class","entrada","1"
"apps/management-vite/src/estilos/global.css","css-class","entrar","2"
"apps/management-vite/src/estilos/global.css","css-class","etiqueta","2"
"apps/management-vite/src/estilos/global.css","css-class","faixa","2"
"apps/management-vite/src/estilos/global.css","css-class","fill","3"
"apps/management-vite/src/estilos/global.css","css-class","foto","1"
"apps/management-vite/src/estilos/global.css","css-class","fundo","1"
"apps/management-vite/src/estilos/global.css","css-class","grupo","13"
"apps/management-vite/src/estilos/global.css","css-class","largo","1"
"apps/management-vite/src/estilos/global.css","css-class","mais","8"
"apps/management-vite/src/estilos/global.css","css-class","nada","1"
"apps/management-vite/src/estilos/global.css","css-class","nomes","3"
"apps/management-vite/src/estilos/global.css","css-class","painel","1"
"apps/management-vite/src/estilos/global.css","css-class","plano","2"
"apps/management-vite/src/estilos/global.css","css-class","ponto","2"
"apps/management-vite/src/estilos/global.css","css-class","selecao","1"
"apps/management-vite/src/estilos/global.css","css-class","selecionados","1"
"apps/management-vite/src/estilos/global.css","css-class","selo","3"
"apps/management-vite/src/estilos/global.css","css-class","subbarra","7"
"apps/management-vite/src/estilos/global.css","css-class","texto","6"
"apps/management-vite/src/estilos/global.css","css-class","todos","2"
"apps/management-vite/src/estilos/global.css","css-class","vazio","1"
"apps/management-vite/src/estilos/global.css","css-custom-property","apoio","10"
"apps/management-vite/src/estilos/global.css","css-custom-property","ativo","4"
"apps/management-vite/src/estilos/global.css","css-custom-property","campo","5"
"apps/management-vite/src/estilos/global.css","css-custom-property","cartao","1"
"apps/management-vite/src/estilos/global.css","css-custom-property","colunas","2"
"apps/management-vite/src/estilos/global.css","css-custom-property","conteudo","159"
"apps/management-vite/src/estilos/global.css","css-custom-property","escuro","1"
"apps/management-vite/src/estilos/global.css","css-custom-property","fundo","12"
"apps/management-vite/src/estilos/global.css","css-custom-property","grafico","1"
"apps/management-vite/src/estilos/global.css","css-custom-property","ponto","4"
"apps/management-vite/src/estilos/global.css","css-custom-property","sobre","1"
"apps/management-vite/src/estilos/global.css","css-custom-property","sombra","8"
"apps/management-vite/src/estilos/global.css","css-custom-property","tinta","30"
"apps/management-vite/src/estilos/global.css","data-attr","escuro","2"
"apps/management-vite/src/estilos/global.css","data-attr","ligado","1"
"apps/management-vite/src/estilos/global.css","data-attr","parcial","2"
"apps/management-vite/src/lib/account.ts","comment","","1"
"apps/management-vite/src/lib/account.ts","identifier","concluido","2"
"apps/management-vite/src/lib/account.ts","identifier","faixas","1"
"apps/management-vite/src/lib/account.ts","identifier","funcionarios","2"
"apps/management-vite/src/lib/account.ts","identifier","fusos","1"
"apps/management-vite/src/lib/account.ts","identifier","idioma","1"
"apps/management-vite/src/lib/account.ts","identifier","idiomas","1"
"apps/management-vite/src/lib/account.ts","identifier","optin","1"
"apps/management-vite/src/lib/account.ts","identifier","pessoal","1"
"apps/management-vite/src/lib/account.ts","identifier","plano","2"
"apps/management-vite/src/lib/actions.ts","identifier","campos","2"
"apps/management-vite/src/lib/actions.ts","identifier","faixa","1"
"apps/management-vite/src/lib/actions.ts","identifier","horario","1"
"apps/management-vite/src/lib/actions.ts","identifier","pausa","1"
"apps/management-vite/src/lib/actions.ts","identifier","pesquisa","1"
"apps/management-vite/src/lib/actions.ts","identifier","pronta","1"
"apps/management-vite/src/lib/actions.ts","identifier","resultado","2"
"apps/management-vite/src/lib/actions.ts","identifier","texto","1"
"apps/management-vite/src/lib/agents.ts","identifier","nomes","2"
"apps/management-vite/src/lib/agents-gravar.ts","identifier","codigo","1"
"apps/management-vite/src/lib/agents-gravar.ts","identifier","dos","1"
"apps/management-vite/src/lib/agents-gravar.ts","identifier","grupo","1"
"apps/management-vite/src/lib/agents-gravar.ts","identifier","ligada","1"
"apps/management-vite/src/lib/agents-gravar.ts","identifier","parcial","1"
"apps/management-vite/src/lib/agents-gravar.ts","identifier","pedido","1"
"apps/management-vite/src/lib/agents-gravar.ts","identifier","resultado","1"
"apps/management-vite/src/lib/agents-gravar.ts","identifier","usuario","1"
"apps/management-vite/src/lib/agents-gravar.ts","literal-value","fila","1"
"apps/management-vite/src/lib/api.ts","comment","","1"
"apps/management-vite/src/lib/api.ts","identifier","chamar","1"
"apps/management-vite/src/lib/api.ts","identifier","mensagem","1"
"apps/management-vite/src/lib/attendance.ts","comment","","4"
"apps/management-vite/src/lib/attendance.ts","identifier","etiqueta","1"
"apps/management-vite/src/lib/attendance.ts","identifier","geral","1"
"apps/management-vite/src/lib/attendance.ts","identifier","metrica","1"
"apps/management-vite/src/lib/attendance.ts","identifier","quebra","1"
"apps/management-vite/src/lib/attendance.ts","identifier","resultado","1"
"apps/management-vite/src/lib/attendance.ts","identifier","sem","1"
"apps/management-vite/src/lib/certificados.ts","comment","","2"
"apps/management-vite/src/lib/certificados.ts","identifier","digitado","1"
"apps/management-vite/src/lib/certificados.ts","identifier","emissor","1"
"apps/management-vite/src/lib/certificados.ts","identifier","etiqueta","1"
"apps/management-vite/src/lib/certificados.ts","identifier","extensao","1"
"apps/management-vite/src/lib/certificados.ts","identifier","mtls","1"
"apps/management-vite/src/lib/certificados.ts","identifier","pela","1"
"apps/management-vite/src/lib/certificados.ts","identifier","sujeito","1"
"apps/management-vite/src/lib/certificados.ts","identifier","texto","4"
"apps/management-vite/src/lib/certificados.ts","literal-value","arquivo","1"
"apps/management-vite/src/lib/certificados.ts","literal-value","expirado","1"
"apps/management-vite/src/lib/certificados.ts","literal-value","padrao","1"
"apps/management-vite/src/lib/certificados.ts","literal-value","sem","1"
"apps/management-vite/src/lib/channel-of-flow.ts","identifier","confirmar","1"
"apps/management-vite/src/lib/channel-of-flow.ts","identifier","livres","2"
"apps/management-vite/src/lib/channel-of-flow.ts","identifier","para","1"
"apps/management-vite/src/lib/channel-of-flow.ts","identifier","pode","1"
"apps/management-vite/src/lib/channels.ts","comment","","1"
"apps/management-vite/src/lib/channels.ts","identifier","ativo","5"
"apps/management-vite/src/lib/channels.ts","identifier","bruto","2"
"apps/management-vite/src/lib/channels.ts","identifier","canal","1"
"apps/management-vite/src/lib/channels.ts","identifier","categoria","2"
"apps/management-vite/src/lib/channels.ts","identifier","descricao","1"
"apps/management-vite/src/lib/channels.ts","identifier","foto","2"
"apps/management-vite/src/lib/channels.ts","identifier","inacessivel","1"
"apps/management-vite/src/lib/channels.ts","identifier","limite","1"
"apps/management-vite/src/lib/channels.ts","identifier","limites","1"
"apps/management-vite/src/lib/channels.ts","identifier","para","4"
"apps/management-vite/src/lib/channels.ts","identifier","pedido","1"
"apps/management-vite/src/lib/channels.ts","identifier","perfil","4"
"apps/management-vite/src/lib/channels.ts","identifier","quick","2"
"apps/management-vite/src/lib/channels.ts","identifier","reautorizacao","1"
"apps/management-vite/src/lib/channels.ts","identifier","saida","2"
"apps/management-vite/src/lib/channels.ts","identifier","sem","2"
"apps/management-vite/src/lib/channels.ts","identifier","sobre","1"
"apps/management-vite/src/lib/channels.ts","identifier","texto","4"
"apps/management-vite/src/lib/channels.ts","identifier","username","1"
"apps/management-vite/src/lib/channels.ts","literal-value","desligado","3"
"apps/management-vite/src/lib/channels.ts","literal-value","indisponivel","2"
"apps/management-vite/src/lib/channels-gravar.ts","comment","","2"
"apps/management-vite/src/lib/channels-gravar.ts","identifier","atualizados","1"
"apps/management-vite/src/lib/channels-gravar.ts","identifier","cabecalho","2"
"apps/management-vite/src/lib/channels-gravar.ts","identifier","campo","4"
"apps/management-vite/src/lib/channels-gravar.ts","identifier","canal","1"
"apps/management-vite/src/lib/channels-gravar.ts","identifier","categoria","1"
"apps/management-vite/src/lib/channels-gravar.ts","identifier","criados","1"
"apps/management-vite/src/lib/channels-gravar.ts","identifier","desconectar","3"
"apps/management-vite/src/lib/channels-gravar.ts","identifier","exemplo","1"
"apps/management-vite/src/lib/channels-gravar.ts","identifier","fluxo","3"
"apps/management-vite/src/lib/channels-gravar.ts","identifier","idioma","1"
"apps/management-vite/src/lib/channels-gravar.ts","identifier","ignorados","1"
"apps/management-vite/src/lib/channels-gravar.ts","identifier","padrao","1"
"apps/management-vite/src/lib/channels-gravar.ts","identifier","pedido","4"
"apps/management-vite/src/lib/channels-gravar.ts","identifier","perfil","3"
"apps/management-vite/src/lib/channels-gravar.ts","identifier","removidos","3"
"apps/management-vite/src/lib/channels-gravar.ts","identifier","resultado","1"
"apps/management-vite/src/lib/cliente-de-consultas.ts","comment","","1"
"apps/management-vite/src/lib/communication.ts","comment","","2"
"apps/management-vite/src/lib/communication.ts","identifier","aprovado","1"
"apps/management-vite/src/lib/communication.ts","identifier","atalho","1"
"apps/management-vite/src/lib/communication.ts","identifier","autenticacao","1"
"apps/management-vite/src/lib/communication.ts","identifier","cabecalho","5"
"apps/management-vite/src/lib/communication.ts","identifier","cabecalhos","1"
"apps/management-vite/src/lib/communication.ts","identifier","categoria","4"
"apps/management-vite/src/lib/communication.ts","identifier","documento","1"
"apps/management-vite/src/lib/communication.ts","identifier","idioma","1"
"apps/management-vite/src/lib/communication.ts","identifier","imagem","1"
"apps/management-vite/src/lib/communication.ts","identifier","nenhum","1"
"apps/management-vite/src/lib/communication.ts","identifier","pronta","1"
"apps/management-vite/src/lib/communication.ts","identifier","texto","1"
"apps/management-vite/src/lib/communication.ts","identifier","utilidade","1"
"apps/management-vite/src/lib/communication.ts","literal-value","autenticacao","1"
"apps/management-vite/src/lib/communication.ts","literal-value","documento","1"
"apps/management-vite/src/lib/communication.ts","literal-value","imagem","1"
"apps/management-vite/src/lib/communication.ts","literal-value","nenhum","1"
"apps/management-vite/src/lib/communication.ts","literal-value","texto","1"
"apps/management-vite/src/lib/communication.ts","literal-value","utilidade","1"
"apps/management-vite/src/lib/communication-gravar.ts","comment","","1"
"apps/management-vite/src/lib/communication-gravar.ts","identifier","ativa","1"
"apps/management-vite/src/lib/communication-gravar.ts","identifier","pronta","2"
"apps/management-vite/src/lib/communication-gravar.ts","identifier","resultado","1"
"apps/management-vite/src/lib/contract.ts","comment","","6"
"apps/management-vite/src/lib/contract.ts","literal-value","convite","1"
"apps/management-vite/src/lib/contract.ts","literal-value","usuario","1"
"apps/management-vite/src/lib/csv-history.ts","identifier","colunas","1"
"apps/management-vite/src/lib/csv-history.ts","literal-value","atendente","1"
"apps/management-vite/src/lib/csv-history.ts","literal-value","atendimento","1"
"apps/management-vite/src/lib/csv-history.ts","literal-value","contato","1"
"apps/management-vite/src/lib/csv-history.ts","literal-value","etiquetas","1"
"apps/management-vite/src/lib/csv-history.ts","literal-value","fila","1"
"apps/management-vite/src/lib/csv-history.ts","literal-value","situacao","1"
"apps/management-vite/src/lib/deployment.ts","comment","","1"
"apps/management-vite/src/lib/deployment.ts","identifier","ativo","1"
"apps/management-vite/src/lib/effort.ts","comment","","5"
"apps/management-vite/src/lib/effort.ts","identifier","escritos","1"
"apps/management-vite/src/lib/effort.ts","identifier","lidos","1"
"apps/management-vite/src/lib/effort.ts","identifier","pronta","1"
"apps/management-vite/src/lib/effort.ts","identifier","sem","1"
"apps/management-vite/src/lib/filter-memory.ts","comment","","1"
"apps/management-vite/src/lib/filters-monitoring.ts","identifier","proximos","1"
"apps/management-vite/src/lib/format.ts","comment","","1"
"apps/management-vite/src/lib/format.ts","identifier","bruto","2"
"apps/management-vite/src/lib/format.ts","identifier","denominador","1"
"apps/management-vite/src/lib/format.ts","identifier","dois","1"
"apps/management-vite/src/lib/format.ts","identifier","excluidas","1"
"apps/management-vite/src/lib/format.ts","identifier","metrica","1"
"apps/management-vite/src/lib/format.ts","identifier","nada","2"
"apps/management-vite/src/lib/format.ts","identifier","percentual","1"
"apps/management-vite/src/lib/format.ts","identifier","resultado","1"
"apps/management-vite/src/lib/format.ts","identifier","semana","1"
"apps/management-vite/src/lib/format.ts","literal-value","domingo","1"
"apps/management-vite/src/lib/history.ts","comment","","4"
"apps/management-vite/src/lib/history.ts","identifier","abandonada","1"
"apps/management-vite/src/lib/history.ts","identifier","chave","5"
"apps/management-vite/src/lib/history.ts","identifier","chaves","1"
"apps/management-vite/src/lib/history.ts","identifier","dela","1"
"apps/management-vite/src/lib/history.ts","identifier","etiqueta","1"
"apps/management-vite/src/lib/history.ts","identifier","etiquetas","2"
"apps/management-vite/src/lib/history.ts","identifier","fechada","1"
"apps/management-vite/src/lib/history.ts","identifier","finalizada","1"
"apps/management-vite/src/lib/history.ts","identifier","perdida","1"
"apps/management-vite/src/lib/history.ts","identifier","todos","1"
"apps/management-vite/src/lib/history.ts","literal-value","agrupamento","1"
"apps/management-vite/src/lib/history.ts","literal-value","atendente","1"
"apps/management-vite/src/lib/history.ts","literal-value","etiqueta","1"
"apps/management-vite/src/lib/history.ts","literal-value","fila","1"
"apps/management-vite/src/lib/history.ts","literal-value","nenhum","1"
"apps/management-vite/src/lib/history.ts","literal-value","sem","1"
"apps/management-vite/src/lib/inbound.ts","comment","","1"
"apps/management-vite/src/lib/inbound.ts","identifier","interno","1"
"apps/management-vite/src/lib/inbound.ts","literal-value","invalido","1"
"apps/management-vite/src/lib/monitoring.ts","comment","","6"
"apps/management-vite/src/lib/monitoring.ts","identifier","agora","1"
"apps/management-vite/src/lib/monitoring.ts","identifier","ativas","1"
"apps/management-vite/src/lib/monitoring.ts","identifier","cor","1"
"apps/management-vite/src/lib/monitoring.ts","identifier","etiqueta","1"
"apps/management-vite/src/lib/monitoring.ts","identifier","etiquetas","2"
"apps/management-vite/src/lib/monitoring.ts","identifier","finalizadas","1"
"apps/management-vite/src/lib/monitoring.ts","identifier","invisivel","1"
"apps/management-vite/src/lib/monitoring.ts","identifier","limite","1"
"apps/management-vite/src/lib/monitoring.ts","identifier","maxima","1"
"apps/management-vite/src/lib/monitoring.ts","identifier","metrica","1"
"apps/management-vite/src/lib/monitoring.ts","identifier","pausa","1"
"apps/management-vite/src/lib/monitoring.ts","identifier","pausas","1"
"apps/management-vite/src/lib/monitoring.ts","identifier","resultado","1"
"apps/management-vite/src/lib/monitoring.ts","identifier","resumo","1"
"apps/management-vite/src/lib/navigation.ts","comment","","1"
"apps/management-vite/src/lib/navigation.ts","identifier","para","1"
"apps/management-vite/src/lib/nota-evaluation.ts","comment","","3"
"apps/management-vite/src/lib/nota-evaluation.ts","identifier","bruto","1"
"apps/management-vite/src/lib/nota-evaluation.ts","identifier","reprovado","1"
"apps/management-vite/src/lib/passos-of-deployment.ts","comment","","4"
"apps/management-vite/src/lib/passos-of-deployment.ts","identifier","convites","1"
"apps/management-vite/src/lib/passos-of-deployment.ts","identifier","falhas","1"
"apps/management-vite/src/lib/passos-of-deployment.ts","identifier","quantos","1"
"apps/management-vite/src/lib/passos-of-deployment.ts","identifier","rejeitados","1"
"apps/management-vite/src/lib/passos-of-deployment.ts","identifier","resumo","10"
"apps/management-vite/src/lib/passos-of-deployment.ts","identifier","varios","1"
"apps/management-vite/src/lib/passos-of-deployment.ts","literal-value","acesso","1"
"apps/management-vite/src/lib/passos-of-deployment.ts","literal-value","andamento","1"
"apps/management-vite/src/lib/passos-of-deployment.ts","literal-value","contatos","1"
"apps/management-vite/src/lib/passos-of-deployment.ts","literal-value","conversa","1"
"apps/management-vite/src/lib/passos-of-deployment.ts","literal-value","equipe","1"
"apps/management-vite/src/lib/passos-of-deployment.ts","literal-value","feito","1"
"apps/management-vite/src/lib/passos-of-deployment.ts","literal-value","fila","1"
"apps/management-vite/src/lib/periodos.ts","comment","","1"
"apps/management-vite/src/lib/periodos.ts","identifier","agora","1"
"apps/management-vite/src/lib/periodos.ts","identifier","chave","9"
"apps/management-vite/src/lib/periodos.ts","literal-value","ultimos","7"
"apps/management-vite/src/lib/pesquisa.ts","comment","","1"
"apps/management-vite/src/lib/pesquisa.ts","identifier","bruto","2"
"apps/management-vite/src/lib/pesquisa.ts","identifier","encerramento","1"
"apps/management-vite/src/lib/pesquisa.ts","identifier","faixas","3"
"apps/management-vite/src/lib/pesquisa.ts","identifier","nps","2"
"apps/management-vite/src/lib/pesquisa.ts","identifier","pesquisa","7"
"apps/management-vite/src/lib/pesquisa.ts","identifier","primeira","1"
"apps/management-vite/src/lib/pesquisa.ts","literal-value","nps","1"
"apps/management-vite/src/lib/pesquisa.ts","path","pesquisa","1"
"apps/management-vite/src/lib/quality-review.ts","comment","","14"
"apps/management-vite/src/lib/quality-review.ts","identifier","antes","1"
"apps/management-vite/src/lib/quality-review.ts","identifier","avaliada","1"
"apps/management-vite/src/lib/quality-review.ts","identifier","avaliado","1"
"apps/management-vite/src/lib/quality-review.ts","identifier","cabecalho","1"
"apps/management-vite/src/lib/quality-review.ts","identifier","categoria","1"
"apps/management-vite/src/lib/quality-review.ts","identifier","conceito","1"
"apps/management-vite/src/lib/quality-review.ts","identifier","concluida","1"
"apps/management-vite/src/lib/quality-review.ts","identifier","confianca","2"
"apps/management-vite/src/lib/quality-review.ts","identifier","grupo","1"
"apps/management-vite/src/lib/quality-review.ts","identifier","justificativa","1"
"apps/management-vite/src/lib/quality-review.ts","identifier","maxima","1"
"apps/management-vite/src/lib/quality-review.ts","identifier","metrica","1"
"apps/management-vite/src/lib/quality-review.ts","identifier","nao","2"
"apps/management-vite/src/lib/quality-review.ts","identifier","pontos","1"
"apps/management-vite/src/lib/quality-review.ts","identifier","resultado","1"
"apps/management-vite/src/lib/quality-review.ts","identifier","resumo","1"
"apps/management-vite/src/lib/quality-review.ts","identifier","revisada","1"
"apps/management-vite/src/lib/registrations.ts","comment","","19"
"apps/management-vite/src/lib/registrations.ts","identifier","agora","2"
"apps/management-vite/src/lib/registrations.ts","identifier","ativo","2"
"apps/management-vite/src/lib/registrations.ts","identifier","campo","1"
"apps/management-vite/src/lib/registrations.ts","identifier","combinador","1"
"apps/management-vite/src/lib/registrations.ts","identifier","cor","1"
"apps/management-vite/src/lib/registrations.ts","identifier","desde","1"
"apps/management-vite/src/lib/registrations.ts","identifier","faixa","1"
"apps/management-vite/src/lib/registrations.ts","identifier","faixas","1"
"apps/management-vite/src/lib/registrations.ts","identifier","fechado","1"
"apps/management-vite/src/lib/registrations.ts","identifier","horario","5"
"apps/management-vite/src/lib/registrations.ts","identifier","horarios","2"
"apps/management-vite/src/lib/registrations.ts","identifier","limite","1"
"apps/management-vite/src/lib/registrations.ts","identifier","operador","2"
"apps/management-vite/src/lib/registrations.ts","identifier","para","1"
"apps/management-vite/src/lib/registrations.ts","identifier","pausa","1"
"apps/management-vite/src/lib/registrations.ts","identifier","pausas","2"
"apps/management-vite/src/lib/registrations.ts","identifier","regra","1"
"apps/management-vite/src/lib/registrations.ts","identifier","sem","1"
"apps/management-vite/src/lib/registrations.ts","identifier","semana","1"
"apps/management-vite/src/lib/registrations.ts","identifier","sete","1"
"apps/management-vite/src/lib/registrations-gravar.ts","comment","","1"
"apps/management-vite/src/lib/registrations-gravar.ts","identifier","ativa","1"
"apps/management-vite/src/lib/registrations-gravar.ts","identifier","ativo","2"
"apps/management-vite/src/lib/registrations-gravar.ts","identifier","campo","8"
"apps/management-vite/src/lib/registrations-gravar.ts","identifier","capacidade","1"
"apps/management-vite/src/lib/registrations-gravar.ts","identifier","codigo","3"
"apps/management-vite/src/lib/registrations-gravar.ts","identifier","com","2"
"apps/management-vite/src/lib/registrations-gravar.ts","identifier","combinador","1"
"apps/management-vite/src/lib/registrations-gravar.ts","identifier","cor","1"
"apps/management-vite/src/lib/registrations-gravar.ts","identifier","horario","1"
"apps/management-vite/src/lib/registrations-gravar.ts","identifier","operador","2"
"apps/management-vite/src/lib/registrations-gravar.ts","identifier","padrao","1"
"apps/management-vite/src/lib/registrations-gravar.ts","identifier","pausa","2"
"apps/management-vite/src/lib/registrations-gravar.ts","identifier","pedido","2"
"apps/management-vite/src/lib/registrations-gravar.ts","identifier","regra","1"
"apps/management-vite/src/lib/registrations-gravar.ts","identifier","resultado","2"
"apps/management-vite/src/lib/registrations-gravar.ts","identifier","usuario","1"
"apps/management-vite/src/lib/rest.ts","comment","","1"
"apps/management-vite/src/lib/rest.ts","identifier","padrao","1"
"apps/management-vite/src/lib/rest.ts","identifier","resultado","1"
"apps/management-vite/src/lib/rule-queue.ts","comment","","3"
"apps/management-vite/src/lib/rule-queue.ts","identifier","assinatura","1"
"apps/management-vite/src/lib/rule-queue.ts","identifier","bruto","2"
"apps/management-vite/src/lib/rule-queue.ts","identifier","campo","5"
"apps/management-vite/src/lib/rule-queue.ts","identifier","campos","1"
"apps/management-vite/src/lib/rule-queue.ts","identifier","cola","1"
"apps/management-vite/src/lib/rule-queue.ts","identifier","combinador","2"
"apps/management-vite/src/lib/rule-queue.ts","identifier","condicoes","1"
"apps/management-vite/src/lib/rule-queue.ts","identifier","contato","1"
"apps/management-vite/src/lib/rule-queue.ts","identifier","diferente","1"
"apps/management-vite/src/lib/rule-queue.ts","identifier","igual","1"
"apps/management-vite/src/lib/rule-queue.ts","identifier","mensagem","2"
"apps/management-vite/src/lib/rule-queue.ts","identifier","nao","1"
"apps/management-vite/src/lib/rule-queue.ts","identifier","operador","5"
"apps/management-vite/src/lib/rule-queue.ts","identifier","operadores","1"
"apps/management-vite/src/lib/rule-queue.ts","identifier","regra","11"
"apps/management-vite/src/lib/rule-queue.ts","identifier","regras","3"
"apps/management-vite/src/lib/rule-queue.ts","identifier","valor","1"
"apps/management-vite/src/lib/rule-queue.ts","literal-value","contato","3"
"apps/management-vite/src/lib/rule-queue.ts","literal-value","diferente","1"
"apps/management-vite/src/lib/rule-queue.ts","literal-value","igual","1"
"apps/management-vite/src/lib/rule-queue.ts","literal-value","mensagem","1"
"apps/management-vite/src/lib/rule-queue.ts","literal-value","nao","1"
"apps/management-vite/src/lib/rules-priority.ts","identifier","regras","2"
"apps/management-vite/src/lib/satisfaction.ts","comment","","6"
"apps/management-vite/src/lib/satisfaction.ts","identifier","comentario","1"
"apps/management-vite/src/lib/satisfaction.ts","identifier","comentarios","2"
"apps/management-vite/src/lib/satisfaction.ts","identifier","encerradas","1"
"apps/management-vite/src/lib/satisfaction.ts","identifier","limite","1"
"apps/management-vite/src/lib/satisfaction.ts","identifier","taxa","1"
"apps/management-vite/src/lib/satisfaction.ts","identifier","texto","1"
"apps/management-vite/src/lib/settings.ts","comment","","9"
"apps/management-vite/src/lib/settings.ts","identifier","ativo","1"
"apps/management-vite/src/lib/settings.ts","identifier","etiqueta","1"
"apps/management-vite/src/lib/settings.ts","identifier","etiquetas","1"
"apps/management-vite/src/lib/settings.ts","identifier","horario","1"
"apps/management-vite/src/lib/settings.ts","identifier","idioma","2"
"apps/management-vite/src/lib/settings.ts","identifier","outras","1"
"apps/management-vite/src/lib/settings.ts","identifier","para","1"
"apps/management-vite/src/lib/settings.ts","identifier","pesquisa","3"
"apps/management-vite/src/lib/settings.ts","identifier","plano","1"
"apps/management-vite/src/lib/settings.ts","identifier","regra","1"
"apps/management-vite/src/lib/settings.ts","identifier","usos","2"
"apps/management-vite/src/lib/settings-gravar.ts","identifier","pedido","3"
"apps/management-vite/src/lib/settings-gravar.ts","identifier","regra","3"
"apps/management-vite/src/lib/settings-gravar.ts","identifier","resultado","1"
"apps/management-vite/src/lib/shell.ts","identifier","concluido","1"
"apps/management-vite/src/lib/shell.ts","identifier","pessoal","1"
"apps/management-vite/src/lib/shell.ts","identifier","plano","3"
"apps/management-vite/src/lib/sla.ts","comment","","1"
"apps/management-vite/src/lib/sla.ts","identifier","agora","2"
"apps/management-vite/src/lib/sla.ts","identifier","cumprido","2"
"apps/management-vite/src/lib/sla.ts","identifier","regra","5"
"apps/management-vite/src/lib/sla.ts","identifier","regras","2"
"apps/management-vite/src/lib/sla.ts","identifier","sem","1"
"apps/management-vite/src/lib/sla.ts","literal-value","cumprido","1"
"apps/management-vite/src/lib/sla.ts","literal-value","estourado","1"
"apps/management-vite/src/lib/sla.ts","literal-value","regra","1"
"apps/management-vite/src/lib/sla.ts","literal-value","sem","1"
"apps/management-vite/src/pages/builder.css","comment","","4"
"apps/management-vite/src/pages/builder.css","css-class","ativo","1"
"apps/management-vite/src/pages/builder.css","css-class","aviso","15"
"apps/management-vite/src/pages/builder.css","css-class","blocos","1"
"apps/management-vite/src/pages/builder.css","css-class","botao","6"
"apps/management-vite/src/pages/builder.css","css-class","campo","1"
"apps/management-vite/src/pages/builder.css","css-class","conteudo","1"
"apps/management-vite/src/pages/builder.css","css-class","pesquisa","2"
"apps/management-vite/src/pages/builder.css","css-class","preenchido","1"
"apps/management-vite/src/pages/builder.css","css-class","recado","1"
"apps/management-vite/src/pages/builder.css","css-class","texto","2"
"apps/management-vite/src/pages/builder.css","css-class","trilho","1"
"apps/management-vite/src/pages/builder.css","css-class","valor","1"
"apps/management-vite/src/pages/builder.css","css-class","versao","1"
"apps/management-vite/src/pages/builder.css","css-custom-property","ativo","1"
"apps/management-vite/src/pages/builder.css","css-custom-property","conteudo","9"
"apps/management-vite/src/pages/builder.css","css-custom-property","fundo","4"
"apps/management-vite/src/pages/builder.css","css-custom-property","sombra","3"
"apps/management-vite/src/pages/builder.tsx","identifier","ativo","2"
"apps/management-vite/src/pages/builder.tsx","identifier","aviso","1"
"apps/management-vite/src/pages/builder.tsx","identifier","blocos","1"
"apps/management-vite/src/pages/builder.tsx","identifier","botao","2"
"apps/management-vite/src/pages/builder.tsx","identifier","campo","1"
"apps/management-vite/src/pages/builder.tsx","identifier","cheia","1"
"apps/management-vite/src/pages/builder.tsx","identifier","etiqueta","1"
"apps/management-vite/src/pages/builder.tsx","identifier","maximo","1"
"apps/management-vite/src/pages/builder.tsx","identifier","minimo","1"
"apps/management-vite/src/pages/builder.tsx","identifier","nada","1"
"apps/management-vite/src/pages/builder.tsx","identifier","padrao","1"
"apps/management-vite/src/pages/builder.tsx","identifier","para","1"
"apps/management-vite/src/pages/builder.tsx","identifier","pesquisa","2"
"apps/management-vite/src/pages/builder.tsx","identifier","pode","2"
"apps/management-vite/src/pages/builder.tsx","identifier","publicada","1"
"apps/management-vite/src/pages/builder.tsx","identifier","recado","1"
"apps/management-vite/src/pages/builder.tsx","identifier","texto","9"
"apps/management-vite/src/pages/builder.tsx","literal-value","erro","1"
"apps/management-vite/src/pages/builder.tsx","literal-value","fluxo","1"
"apps/management-vite/src/pages/builder.tsx","literal-value","padrao","1"
"apps/management-vite/src/pages/builder.tsx","literal-value","publicada","1"
"apps/management-vite/src/pages/builder.tsx","string-literal","aviso","5"
"apps/management-vite/src/pages/builder.tsx","string-literal","botao","3"
"apps/management-vite/src/pages/builder.tsx","string-literal","canal","1"
"apps/management-vite/src/pages/builder.tsx","string-literal","pesquisa","1"
"apps/management-vite/src/pages/builder.tsx","string-literal","preenchido","1"
"apps/management-vite/src/pages/builder.tsx","string-literal","recado","1"
"apps/management-vite/src/pages/builder.tsx","string-literal","texto","2"
"apps/management-vite/src/pages/builder/actions-global.ts","identifier","extensao","1"
"apps/management-vite/src/pages/builder/actions-global.ts","identifier","para","1"
"apps/management-vite/src/pages/builder/actions-global.ts","identifier","resultado","1"
"apps/management-vite/src/pages/builder/actions-of-block.ts","comment","","1"
"apps/management-vite/src/pages/builder/actions-of-block.ts","identifier","atendimento","1"
"apps/management-vite/src/pages/builder/actions-of-block.ts","identifier","bruto","2"
"apps/management-vite/src/pages/builder/actions-of-block.ts","identifier","cabecalho","1"
"apps/management-vite/src/pages/builder/actions-of-block.ts","identifier","cabecalhos","2"
"apps/management-vite/src/pages/builder/actions-of-block.ts","identifier","campo","5"
"apps/management-vite/src/pages/builder/actions-of-block.ts","identifier","campos","6"
"apps/management-vite/src/pages/builder/actions-of-block.ts","identifier","com","4"
"apps/management-vite/src/pages/builder/actions-of-block.ts","identifier","condicao","2"
"apps/management-vite/src/pages/builder/actions-of-block.ts","identifier","descricao","2"
"apps/management-vite/src/pages/builder/actions-of-block.ts","identifier","entrada","3"
"apps/management-vite/src/pages/builder/actions-of-block.ts","identifier","gerar","1"
"apps/management-vite/src/pages/builder/actions-of-block.ts","identifier","grupo","6"
"apps/management-vite/src/pages/builder/actions-of-block.ts","identifier","limite","1"
"apps/management-vite/src/pages/builder/actions-of-block.ts","identifier","nao","1"
"apps/management-vite/src/pages/builder/actions-of-block.ts","identifier","padrao","1"
"apps/management-vite/src/pages/builder/actions-of-block.ts","identifier","para","1"
"apps/management-vite/src/pages/builder/actions-of-block.ts","identifier","provedor","1"
"apps/management-vite/src/pages/builder/actions-of-block.ts","identifier","resultado","1"
"apps/management-vite/src/pages/builder/actions-of-block.ts","identifier","saida","3"
"apps/management-vite/src/pages/builder/actions-of-block.ts","identifier","sem","1"
"apps/management-vite/src/pages/builder/actions-of-block.ts","identifier","suporte","1"
"apps/management-vite/src/pages/builder/actions-of-block.ts","literal-value","acoes","7"
"apps/management-vite/src/pages/builder/actions-of-block.ts","literal-value","antes","1"
"apps/management-vite/src/pages/builder/actions-of-block.ts","literal-value","atendente","1"
"apps/management-vite/src/pages/builder/actions-of-block.ts","literal-value","atendimento","2"
"apps/management-vite/src/pages/builder/actions-of-block.ts","literal-value","bloco","2"
"apps/management-vite/src/pages/builder/actions-of-block.ts","literal-value","cabecalhos","1"
"apps/management-vite/src/pages/builder/actions-of-block.ts","literal-value","com","1"
"apps/management-vite/src/pages/builder/actions-of-block.ts","literal-value","condicao","2"
"apps/management-vite/src/pages/builder/actions-of-block.ts","literal-value","conteudo","2"
"apps/management-vite/src/pages/builder/actions-of-block.ts","literal-value","detalhes","1"
"apps/management-vite/src/pages/builder/actions-of-block.ts","literal-value","entrada","3"
"apps/management-vite/src/pages/builder/actions-of-block.ts","literal-value","esta","1"
"apps/management-vite/src/pages/builder/actions-of-block.ts","literal-value","execucao","1"
"apps/management-vite/src/pages/builder/actions-of-block.ts","literal-value","ferramentas","1"
"apps/management-vite/src/pages/builder/actions-of-block.ts","literal-value","fluxo","1"
"apps/management-vite/src/pages/builder/actions-of-block.ts","literal-value","limite","1"
"apps/management-vite/src/pages/builder/actions-of-block.ts","literal-value","mensagens","1"
"apps/management-vite/src/pages/builder/actions-of-block.ts","literal-value","nao","2"
"apps/management-vite/src/pages/builder/actions-of-block.ts","literal-value","para","1"
"apps/management-vite/src/pages/builder/actions-of-block.ts","literal-value","ponto","1"
"apps/management-vite/src/pages/builder/actions-of-block.ts","literal-value","primeiro","1"
"apps/management-vite/src/pages/builder/actions-of-block.ts","literal-value","saida","3"
"apps/management-vite/src/pages/builder/actions-of-block.ts","literal-value","texto","1"
"apps/management-vite/src/pages/builder/actions-of-block.ts","literal-value","usuario","2"
"apps/management-vite/src/pages/builder/cabecalho-info.tsx","identifier","cabecalho","1"
"apps/management-vite/src/pages/builder/cabecalho-info.tsx","identifier","contador","2"
"apps/management-vite/src/pages/builder/cabecalho-info.tsx","path","cabecalho","1"
"apps/management-vite/src/pages/builder/cabecalho-info.tsx","string-literal","contador","1"
"apps/management-vite/src/pages/builder/cabecalho-info.tsx","string-literal","texto","1"
"apps/management-vite/src/pages/builder/canvas.tsx","comment","","1"
"apps/management-vite/src/pages/builder/canvas.tsx","identifier","arrasto","3"
"apps/management-vite/src/pages/builder/canvas.tsx","identifier","aviso","2"
"apps/management-vite/src/pages/builder/canvas.tsx","identifier","blocos","1"
"apps/management-vite/src/pages/builder/canvas.tsx","identifier","etiqueta","1"
"apps/management-vite/src/pages/builder/canvas.tsx","identifier","fundo","3"
"apps/management-vite/src/pages/builder/canvas.tsx","identifier","houve","1"
"apps/management-vite/src/pages/builder/canvas.tsx","identifier","mudou","1"
"apps/management-vite/src/pages/builder/canvas.tsx","identifier","para","3"
"apps/management-vite/src/pages/builder/canvas.tsx","identifier","pesquisa","3"
"apps/management-vite/src/pages/builder/canvas.tsx","identifier","pode","1"
"apps/management-vite/src/pages/builder/canvas.tsx","identifier","ponto","5"
"apps/management-vite/src/pages/builder/canvas.tsx","identifier","saida","1"
"apps/management-vite/src/pages/builder/canvas.tsx","identifier","soltar","3"
"apps/management-vite/src/pages/builder/canvas.tsx","identifier","termo","1"
"apps/management-vite/src/pages/builder/canvas.tsx","identifier","texto","1"
"apps/management-vite/src/pages/builder/canvas.tsx","string-literal","traco","2"
"apps/management-vite/src/pages/builder/condition.tsx","identifier","campo","1"
"apps/management-vite/src/pages/builder/condition.tsx","identifier","com","1"
"apps/management-vite/src/pages/builder/condition.tsx","identifier","das","1"
"apps/management-vite/src/pages/builder/condition.tsx","identifier","etiqueta","1"
"apps/management-vite/src/pages/builder/condition.tsx","identifier","operadores","1"
"apps/management-vite/src/pages/builder/condition.tsx","identifier","sem","2"
"apps/management-vite/src/pages/builder/condition.tsx","identifier","suporte","2"
"apps/management-vite/src/pages/builder/conditions.ts","comment","","1"
"apps/management-vite/src/pages/builder/conditions.ts","identifier","atendimento","1"
"apps/management-vite/src/pages/builder/conditions.ts","identifier","com","1"
"apps/management-vite/src/pages/builder/conditions.ts","identifier","condicao","1"
"apps/management-vite/src/pages/builder/conditions.ts","identifier","das","1"
"apps/management-vite/src/pages/builder/conditions.ts","identifier","existe","1"
"apps/management-vite/src/pages/builder/conditions.ts","identifier","gerar","1"
"apps/management-vite/src/pages/builder/conditions.ts","identifier","limite","1"
"apps/management-vite/src/pages/builder/conditions.ts","identifier","nao","1"
"apps/management-vite/src/pages/builder/conditions.ts","identifier","operadores","1"
"apps/management-vite/src/pages/builder/conditions.ts","identifier","padrao","3"
"apps/management-vite/src/pages/builder/conditions.ts","identifier","para","2"
"apps/management-vite/src/pages/builder/conditions.ts","identifier","resto","1"
"apps/management-vite/src/pages/builder/conditions.ts","identifier","resultado","1"
"apps/management-vite/src/pages/builder/conditions.ts","identifier","saida","11"
"apps/management-vite/src/pages/builder/conditions.ts","identifier","sem","2"
"apps/management-vite/src/pages/builder/conditions.ts","identifier","suporte","1"
"apps/management-vite/src/pages/builder/conditions.ts","identifier","texto","1"
"apps/management-vite/src/pages/builder/conditions.ts","identifier","valor","4"
"apps/management-vite/src/pages/builder/conditions.ts","identifier","valores","1"
"apps/management-vite/src/pages/builder/conditions.ts","identifier","variavel","1"
"apps/management-vite/src/pages/builder/conditions.ts","literal-value","atendimento","1"
"apps/management-vite/src/pages/builder/conditions.ts","literal-value","bloco","3"
"apps/management-vite/src/pages/builder/conditions.ts","literal-value","blocos","1"
"apps/management-vite/src/pages/builder/conditions.ts","literal-value","condicao","2"
"apps/management-vite/src/pages/builder/conditions.ts","literal-value","condicoes","2"
"apps/management-vite/src/pages/builder/conditions.ts","literal-value","das","1"
"apps/management-vite/src/pages/builder/conditions.ts","literal-value","definicao","1"
"apps/management-vite/src/pages/builder/conditions.ts","literal-value","liga","1"
"apps/management-vite/src/pages/builder/conditions.ts","literal-value","nao","2"
"apps/management-vite/src/pages/builder/conditions.ts","literal-value","nenhuma","1"
"apps/management-vite/src/pages/builder/conditions.ts","literal-value","padrao","1"
"apps/management-vite/src/pages/builder/conditions.ts","literal-value","para","4"
"apps/management-vite/src/pages/builder/conditions.ts","literal-value","qual","2"
"apps/management-vite/src/pages/builder/conditions.ts","literal-value","regras","1"
"apps/management-vite/src/pages/builder/conditions.ts","literal-value","saida","4"
"apps/management-vite/src/pages/builder/conditions.ts","literal-value","usuario","3"
"apps/management-vite/src/pages/builder/conditions.ts","literal-value","valores","1"
"apps/management-vite/src/pages/builder/conditions.ts","literal-value","variavel","2"
"apps/management-vite/src/pages/builder/conteudo.ts","comment","","2"
"apps/management-vite/src/pages/builder/conteudo.ts","identifier","atendimento","1"
"apps/management-vite/src/pages/builder/conteudo.ts","identifier","com","1"
"apps/management-vite/src/pages/builder/conteudo.ts","identifier","conteudo","13"
"apps/management-vite/src/pages/builder/conteudo.ts","identifier","entrada","1"
"apps/management-vite/src/pages/builder/conteudo.ts","identifier","fala","1"
"apps/management-vite/src/pages/builder/conteudo.ts","identifier","gerar","1"
"apps/management-vite/src/pages/builder/conteudo.ts","identifier","instrucao","1"
"apps/management-vite/src/pages/builder/conteudo.ts","identifier","ler","1"
"apps/management-vite/src/pages/builder/conteudo.ts","identifier","lido","1"
"apps/management-vite/src/pages/builder/conteudo.ts","identifier","limite","7"
"apps/management-vite/src/pages/builder/conteudo.ts","identifier","midia","1"
"apps/management-vite/src/pages/builder/conteudo.ts","identifier","nao","2"
"apps/management-vite/src/pages/builder/conteudo.ts","identifier","opcoes","2"
"apps/management-vite/src/pages/builder/conteudo.ts","identifier","para","1"
"apps/management-vite/src/pages/builder/conteudo.ts","identifier","quick","4"
"apps/management-vite/src/pages/builder/conteudo.ts","identifier","regra","1"
"apps/management-vite/src/pages/builder/conteudo.ts","identifier","resultado","1"
"apps/management-vite/src/pages/builder/conteudo.ts","identifier","sem","1"
"apps/management-vite/src/pages/builder/conteudo.ts","identifier","suportado","4"
"apps/management-vite/src/pages/builder/conteudo.ts","identifier","suportados","1"
"apps/management-vite/src/pages/builder/conteudo.ts","identifier","texto","11"
"apps/management-vite/src/pages/builder/conteudo.ts","identifier","validacao","1"
"apps/management-vite/src/pages/builder/conteudo.ts","identifier","valor","5"
"apps/management-vite/src/pages/builder/conteudo.ts","identifier","variavel","3"
"apps/management-vite/src/pages/builder/conteudo.ts","literal-value","atendimento","1"
"apps/management-vite/src/pages/builder/conteudo.ts","literal-value","cada","2"
"apps/management-vite/src/pages/builder/conteudo.ts","literal-value","com","2"
"apps/management-vite/src/pages/builder/conteudo.ts","literal-value","conteudo","4"
"apps/management-vite/src/pages/builder/conteudo.ts","literal-value","entrada","1"
"apps/management-vite/src/pages/builder/conteudo.ts","literal-value","envia","1"
"apps/management-vite/src/pages/builder/conteudo.ts","literal-value","esta","1"
"apps/management-vite/src/pages/builder/conteudo.ts","literal-value","fluxo","1"
"apps/management-vite/src/pages/builder/conteudo.ts","literal-value","instrucao","1"
"apps/management-vite/src/pages/builder/conteudo.ts","literal-value","limite","1"
"apps/management-vite/src/pages/builder/conteudo.ts","literal-value","maximo","1"
"apps/management-vite/src/pages/builder/conteudo.ts","literal-value","nao","2"
"apps/management-vite/src/pages/builder/conteudo.ts","literal-value","opcoes","2"
"apps/management-vite/src/pages/builder/conteudo.ts","literal-value","para","4"
"apps/management-vite/src/pages/builder/conteudo.ts","literal-value","quick","3"
"apps/management-vite/src/pages/builder/conteudo.ts","literal-value","texto","2"
"apps/management-vite/src/pages/builder/conteudo.ts","literal-value","usuario","2"
"apps/management-vite/src/pages/builder/conteudo.ts","literal-value","validacao","2"
"apps/management-vite/src/pages/builder/conteudo.ts","literal-value","variavel","3"
"apps/management-vite/src/pages/builder/conteudo.ts","path","conteudo","1"
"apps/management-vite/src/pages/builder/editor.css","comment","","3"
"apps/management-vite/src/pages/builder/editor.css","css-class","alterar","1"
"apps/management-vite/src/pages/builder/editor.css","css-class","cabecalho","3"
"apps/management-vite/src/pages/builder/editor.css","css-class","cabecalhos","1"
"apps/management-vite/src/pages/builder/editor.css","css-class","campo","7"
"apps/management-vite/src/pages/builder/editor.css","css-class","etiqueta","2"
"apps/management-vite/src/pages/builder/editor.css","css-class","etiquetas","1"
"apps/management-vite/src/pages/builder/editor.css","css-class","mais","2"
"apps/management-vite/src/pages/builder/editor.css","css-class","oculto","1"
"apps/management-vite/src/pages/builder/editor.css","css-class","padrao","1"
"apps/management-vite/src/pages/builder/editor.css","css-class","saida","9"
"apps/management-vite/src/pages/builder/editor.css","css-class","traco","2"
"apps/management-vite/src/pages/builder/editor.css","css-custom-property","conteudo","7"
"apps/management-vite/src/pages/builder/editor.css","css-custom-property","padrao","1"
"apps/management-vite/src/pages/builder/editor.tsx","comment","","2"
"apps/management-vite/src/pages/builder/editor.tsx","identifier","aviso","1"
"apps/management-vite/src/pages/builder/editor.tsx","identifier","blocos","1"
"apps/management-vite/src/pages/builder/editor.tsx","identifier","center","1"
"apps/management-vite/src/pages/builder/editor.tsx","identifier","etiqueta","1"
"apps/management-vite/src/pages/builder/editor.tsx","identifier","move","1"
"apps/management-vite/src/pages/builder/editor.tsx","identifier","para","2"
"apps/management-vite/src/pages/builder/editor.tsx","identifier","pesquisa","2"
"apps/management-vite/src/pages/builder/editor.tsx","identifier","pode","1"
"apps/management-vite/src/pages/builder/import-exportar.ts","comment","","1"
"apps/management-vite/src/pages/builder/import-exportar.ts","identifier","arquivo","1"
"apps/management-vite/src/pages/builder/import-exportar.ts","identifier","desenho","1"
"apps/management-vite/src/pages/builder/import-exportar.ts","identifier","invalido","1"
"apps/management-vite/src/pages/builder/import-exportar.ts","identifier","ler","1"
"apps/management-vite/src/pages/builder/import-exportar.ts","identifier","sem","1"
"apps/management-vite/src/pages/builder/import-exportar.ts","identifier","texto","1"
"apps/management-vite/src/pages/builder/import-exportar.ts","literal-value","arquivo","2"
"apps/management-vite/src/pages/builder/import-exportar.ts","literal-value","continuar","1"
"apps/management-vite/src/pages/builder/import-exportar.ts","literal-value","fluxo","1"
"apps/management-vite/src/pages/builder/import-exportar.ts","literal-value","importacao","2"
"apps/management-vite/src/pages/builder/import-exportar.ts","literal-value","importar","1"
"apps/management-vite/src/pages/builder/import-exportar.ts","literal-value","nao","2"
"apps/management-vite/src/pages/builder/import-exportar.ts","literal-value","quando","1"
"apps/management-vite/src/pages/builder/import-exportar.ts","literal-value","sequencia","2"
"apps/management-vite/src/pages/builder/import-exportar.ts","literal-value","versao","1"
"apps/management-vite/src/pages/builder/menu-new-block.tsx","comment","","1"
"apps/management-vite/src/pages/builder/menu-new-block.tsx","identifier","padrao","2"
"apps/management-vite/src/pages/builder/model.ts","comment","","2"
"apps/management-vite/src/pages/builder/model.ts","identifier","arranjo","1"
"apps/management-vite/src/pages/builder/model.ts","identifier","bruto","1"
"apps/management-vite/src/pages/builder/model.ts","identifier","codigo","2"
"apps/management-vite/src/pages/builder/model.ts","identifier","conteudo","2"
"apps/management-vite/src/pages/builder/model.ts","identifier","desenho","3"
"apps/management-vite/src/pages/builder/model.ts","identifier","esqueleto","1"
"apps/management-vite/src/pages/builder/model.ts","identifier","exclui","1"
"apps/management-vite/src/pages/builder/model.ts","identifier","extensao","6"
"apps/management-vite/src/pages/builder/model.ts","identifier","feito","1"
"apps/management-vite/src/pages/builder/model.ts","identifier","gerar","1"
"apps/management-vite/src/pages/builder/model.ts","identifier","ler","1"
"apps/management-vite/src/pages/builder/model.ts","identifier","liga","1"
"apps/management-vite/src/pages/builder/model.ts","identifier","limite","2"
"apps/management-vite/src/pages/builder/model.ts","identifier","move","1"
"apps/management-vite/src/pages/builder/model.ts","identifier","nao","2"
"apps/management-vite/src/pages/builder/model.ts","identifier","padrao","4"
"apps/management-vite/src/pages/builder/model.ts","identifier","para","4"
"apps/management-vite/src/pages/builder/model.ts","identifier","pode","1"
"apps/management-vite/src/pages/builder/model.ts","identifier","por","1"
"apps/management-vite/src/pages/builder/model.ts","identifier","resto","1"
"apps/management-vite/src/pages/builder/model.ts","identifier","saida","6"
"apps/management-vite/src/pages/builder/model.ts","identifier","texto","1"
"apps/management-vite/src/pages/builder/model.ts","identifier","transferencia","1"
"apps/management-vite/src/pages/builder/model.ts","identifier","tudo","1"
"apps/management-vite/src/pages/builder/model.ts","literal-value","atendente","1"
"apps/management-vite/src/pages/builder/model.ts","literal-value","bloco","1"
"apps/management-vite/src/pages/builder/model.ts","literal-value","com","1"
"apps/management-vite/src/pages/builder/model.ts","literal-value","condicoes","1"
"apps/management-vite/src/pages/builder/model.ts","literal-value","ele","1"
"apps/management-vite/src/pages/builder/model.ts","literal-value","estado","1"
"apps/management-vite/src/pages/builder/model.ts","literal-value","este","1"
"apps/management-vite/src/pages/builder/model.ts","literal-value","inatividade","1"
"apps/management-vite/src/pages/builder/model.ts","literal-value","limite","1"
"apps/management-vite/src/pages/builder/model.ts","literal-value","nao","2"
"apps/management-vite/src/pages/builder/model.ts","literal-value","pelo","2"
"apps/management-vite/src/pages/builder/model.ts","literal-value","por","1"
"apps/management-vite/src/pages/builder/model.ts","literal-value","saida","1"
"apps/management-vite/src/pages/builder/model.ts","literal-value","sempre","1"
"apps/management-vite/src/pages/builder/model.ts","literal-value","ser","1"
"apps/management-vite/src/pages/builder/no.tsx","comment","","1"
"apps/management-vite/src/pages/builder/no.tsx","identifier","etiqueta","2"
"apps/management-vite/src/pages/builder/no.tsx","identifier","etiquetas","1"
"apps/management-vite/src/pages/builder/no.tsx","identifier","saida","2"
"apps/management-vite/src/pages/builder/no.tsx","string-literal","etiqueta","2"
"apps/management-vite/src/pages/builder/no.tsx","string-literal","etiquetas","1"
"apps/management-vite/src/pages/builder/no.tsx","string-literal","saida","1"
"apps/management-vite/src/pages/builder/panel.tsx","comment","","1"
"apps/management-vite/src/pages/builder/panel.tsx","identifier","aviso","2"
"apps/management-vite/src/pages/builder/panel.tsx","identifier","conteudo","1"
"apps/management-vite/src/pages/builder/panel.tsx","identifier","cor","2"
"apps/management-vite/src/pages/builder/panel.tsx","identifier","das","1"
"apps/management-vite/src/pages/builder/panel.tsx","identifier","limite","1"
"apps/management-vite/src/pages/builder/panel.tsx","identifier","texto","1"
"apps/management-vite/src/pages/builder/panel.tsx","literal-value","acoes","1"
"apps/management-vite/src/pages/builder/panel.tsx","literal-value","conteudo","1"
"apps/management-vite/src/pages/builder/panel-actions.tsx","comment","","1"
"apps/management-vite/src/pages/builder/panel-actions.tsx","identifier","arrasto","2"
"apps/management-vite/src/pages/builder/panel-actions.tsx","identifier","aviso","4"
"apps/management-vite/src/pages/builder/panel-actions.tsx","identifier","cabecalho","2"
"apps/management-vite/src/pages/builder/panel-actions.tsx","identifier","cabecalhos","7"
"apps/management-vite/src/pages/builder/panel-actions.tsx","identifier","campo","5"
"apps/management-vite/src/pages/builder/panel-actions.tsx","identifier","com","4"
"apps/management-vite/src/pages/builder/panel-actions.tsx","identifier","etiqueta","1"
"apps/management-vite/src/pages/builder/panel-actions.tsx","identifier","grupo","1"
"apps/management-vite/src/pages/builder/panel-actions.tsx","identifier","resultado","1"
"apps/management-vite/src/pages/builder/panel-actions.tsx","identifier","sem","2"
"apps/management-vite/src/pages/builder/panel-actions.tsx","identifier","soltar","2"
"apps/management-vite/src/pages/builder/panel-actions.tsx","identifier","suporte","2"
"apps/management-vite/src/pages/builder/panel-actions.tsx","identifier","texto","2"
"apps/management-vite/src/pages/builder/panel-actions.tsx","string-literal","acoes","1"
"apps/management-vite/src/pages/builder/panel-actions.tsx","string-literal","blocos","1"
"apps/management-vite/src/pages/builder/panel-actions.tsx","string-literal","botao","1"
"apps/management-vite/src/pages/builder/panel-actions.tsx","string-literal","cabecalho","3"
"apps/management-vite/src/pages/builder/panel-actions.tsx","string-literal","cabecalhos","1"
"apps/management-vite/src/pages/builder/panel-actions.tsx","string-literal","campo","4"
"apps/management-vite/src/pages/builder/panel-actions.tsx","string-literal","como","1"
"apps/management-vite/src/pages/builder/panel-actions.tsx","string-literal","contorno","1"
"apps/management-vite/src/pages/builder/panel-actions.tsx","string-literal","criar","1"
"apps/management-vite/src/pages/builder/panel-actions.tsx","string-literal","ferramentas","1"
"apps/management-vite/src/pages/builder/panel-actions.tsx","string-literal","mais","1"
"apps/management-vite/src/pages/builder/panel-block.css","css-class","alterar","1"
"apps/management-vite/src/pages/builder/panel-block.css","css-class","botao","1"
"apps/management-vite/src/pages/builder/panel-block.css","css-class","cabecalho","11"
"apps/management-vite/src/pages/builder/panel-block.css","css-class","campo","5"
"apps/management-vite/src/pages/builder/panel-block.css","css-class","contador","2"
"apps/management-vite/src/pages/builder/panel-block.css","css-class","conteudo","6"
"apps/management-vite/src/pages/builder/panel-block.css","css-class","contorno","1"
"apps/management-vite/src/pages/builder/panel-block.css","css-class","ferramentas","5"
"apps/management-vite/src/pages/builder/panel-block.css","css-class","interno","3"
"apps/management-vite/src/pages/builder/panel-block.css","css-class","mais","5"
"apps/management-vite/src/pages/builder/panel-block.css","css-class","padrao","1"
"apps/management-vite/src/pages/builder/panel-block.css","css-class","saida","10"
"apps/management-vite/src/pages/builder/panel-block.css","css-class","texto","2"
"apps/management-vite/src/pages/builder/panel-block.css","css-custom-property","conteudo","3"
"apps/management-vite/src/pages/builder/panel-block.css","css-custom-property","interno","3"
"apps/management-vite/src/pages/builder/panel-block.css","css-custom-property","padrao","1"
"apps/management-vite/src/pages/builder/panel-configuration.tsx","comment","","1"
"apps/management-vite/src/pages/builder/panel-configuration.tsx","identifier","conteudo","1"
"apps/management-vite/src/pages/builder/panel-configuration.tsx","identifier","etiqueta","1"
"apps/management-vite/src/pages/builder/panel-configuration.tsx","identifier","grupo","1"
"apps/management-vite/src/pages/builder/panel-configuration.tsx","literal-value","acoes","1"
"apps/management-vite/src/pages/builder/panel-configuration.tsx","literal-value","versoes","1"
"apps/management-vite/src/pages/builder/panel-configuration.tsx","string-literal","mais","1"
"apps/management-vite/src/pages/builder/panel-configuration.tsx","string-literal","oculto","1"
"apps/management-vite/src/pages/builder/panel-content.tsx","comment","","1"
"apps/management-vite/src/pages/builder/panel-content.tsx","identifier","alterar","1"
"apps/management-vite/src/pages/builder/panel-content.tsx","identifier","aviso","2"
"apps/management-vite/src/pages/builder/panel-content.tsx","identifier","campo","1"
"apps/management-vite/src/pages/builder/panel-content.tsx","identifier","conteudo","6"
"apps/management-vite/src/pages/builder/panel-content.tsx","identifier","etiqueta","1"
"apps/management-vite/src/pages/builder/panel-content.tsx","identifier","limite","3"
"apps/management-vite/src/pages/builder/panel-content.tsx","identifier","quick","2"
"apps/management-vite/src/pages/builder/panel-content.tsx","identifier","texto","3"
"apps/management-vite/src/pages/builder/panel-content.tsx","string-literal","alterar","1"
"apps/management-vite/src/pages/builder/panel-content.tsx","string-literal","cabecalho","1"
"apps/management-vite/src/pages/builder/panel-content.tsx","string-literal","campo","7"
"apps/management-vite/src/pages/builder/panel-content.tsx","string-literal","cartoes","1"
"apps/management-vite/src/pages/builder/panel-content.tsx","string-literal","contador","1"
"apps/management-vite/src/pages/builder/panel-content.tsx","string-literal","conteudo","4"
"apps/management-vite/src/pages/builder/panel-content.tsx","string-literal","entrada","1"
"apps/management-vite/src/pages/builder/panel-content.tsx","string-literal","interativas","1"
"apps/management-vite/src/pages/builder/panel-content.tsx","string-literal","mais","2"
"apps/management-vite/src/pages/builder/panel-content.tsx","string-literal","mensagens","1"
"apps/management-vite/src/pages/builder/panel-outputs.tsx","comment","","2"
"apps/management-vite/src/pages/builder/panel-outputs.tsx","identifier","aviso","2"
"apps/management-vite/src/pages/builder/panel-outputs.tsx","identifier","cabecalho","1"
"apps/management-vite/src/pages/builder/panel-outputs.tsx","identifier","das","1"
"apps/management-vite/src/pages/builder/panel-outputs.tsx","identifier","destinos","1"
"apps/management-vite/src/pages/builder/panel-outputs.tsx","identifier","existe","1"
"apps/management-vite/src/pages/builder/panel-outputs.tsx","identifier","padrao","1"
"apps/management-vite/src/pages/builder/panel-outputs.tsx","identifier","saida","7"
"apps/management-vite/src/pages/builder/panel-outputs.tsx","identifier","texto","1"
"apps/management-vite/src/pages/builder/panel-outputs.tsx","string-literal","cabecalho","1"
"apps/management-vite/src/pages/builder/panel-outputs.tsx","string-literal","campo","1"
"apps/management-vite/src/pages/builder/panel-outputs.tsx","string-literal","mais","2"
"apps/management-vite/src/pages/builder/panel-outputs.tsx","string-literal","padrao","1"
"apps/management-vite/src/pages/builder/panel-outputs.tsx","string-literal","saida","4"
"apps/management-vite/src/pages/builder/panel-queues.tsx","identifier","botao","1"
"apps/management-vite/src/pages/builder/panel-variables.tsx","comment","","1"
"apps/management-vite/src/pages/builder/panel-variables.tsx","identifier","aviso","3"
"apps/management-vite/src/pages/builder/panel-variables.tsx","identifier","campo","1"
"apps/management-vite/src/pages/builder/panel-variables.tsx","identifier","texto","2"
"apps/management-vite/src/pages/builder/panel-variables.tsx","literal-value","usuario","1"
"apps/management-vite/src/pages/builder/setas.ts","comment","","2"
"apps/management-vite/src/pages/builder/setas.ts","identifier","arrasto","2"
"apps/management-vite/src/pages/builder/setas.ts","identifier","center","1"
"apps/management-vite/src/pages/builder/setas.ts","identifier","entre","1"
"apps/management-vite/src/pages/builder/setas.ts","identifier","houve","1"
"apps/management-vite/src/pages/builder/setas.ts","identifier","maximo","1"
"apps/management-vite/src/pages/builder/setas.ts","identifier","minimo","1"
"apps/management-vite/src/pages/builder/setas.ts","identifier","para","4"
"apps/management-vite/src/pages/builder/setas.ts","identifier","ponto","3"
"apps/management-vite/src/pages/builder/setas.ts","identifier","pontos","1"
"apps/management-vite/src/pages/builder/setas.ts","literal-value","baixo","1"
"apps/management-vite/src/pages/builder/setas.ts","literal-value","direita","1"
"apps/management-vite/src/pages/builder/setas.ts","literal-value","esquerda","1"
"apps/management-vite/src/pages/builder/state.ts","comment","","3"
"apps/management-vite/src/pages/builder/state.ts","identifier","antes","4"
"apps/management-vite/src/pages/builder/state.ts","identifier","arrasto","4"
"apps/management-vite/src/pages/builder/state.ts","identifier","passado","8"
"apps/management-vite/src/pages/builder/state.ts","identifier","pode","2"
"apps/management-vite/src/pages/builder/state.ts","identifier","sujo","8"
"apps/management-vite/src/pages/builder/tags-of-block.ts","identifier","cor","4"
"apps/management-vite/src/pages/builder/tags-of-block.ts","identifier","etiqueta","1"
"apps/management-vite/src/pages/builder/use-editor.ts","comment","","1"
"apps/management-vite/src/pages/builder/use-editor.ts","identifier","agora","3"
"apps/management-vite/src/pages/builder/use-editor.ts","identifier","atualizado","2"
"apps/management-vite/src/pages/builder/use-editor.ts","identifier","desenho","1"
"apps/management-vite/src/pages/builder/use-editor.ts","identifier","esperando","1"
"apps/management-vite/src/pages/builder/use-editor.ts","identifier","ler","1"
"apps/management-vite/src/pages/builder/use-editor.ts","identifier","para","1"
"apps/management-vite/src/pages/builder/use-editor.ts","identifier","pedido","2"
"apps/management-vite/src/pages/builder/use-editor.ts","identifier","quando","3"
"apps/management-vite/src/pages/builder/use-editor.ts","identifier","versao","2"
"apps/management-vite/src/pages/builder/validation.ts","identifier","existe","1"
"apps/management-vite/src/pages/builder/validation.ts","identifier","limite","1"
"apps/management-vite/src/pages/builder/validation.ts","identifier","listas","1"
"apps/management-vite/src/pages/builder/validation.ts","identifier","mensagem","1"
"apps/management-vite/src/pages/builder/validation.ts","identifier","padrao","1"
"apps/management-vite/src/pages/builder/validation.ts","identifier","saida","2"
"apps/management-vite/src/pages/builder/variables.ts","comment","","1"
"apps/management-vite/src/pages/builder/variables.ts","identifier","nomes","4"
"apps/management-vite/src/pages/builder/variables.ts","identifier","normalizar","1"
"apps/management-vite/src/pages/builder/variables.ts","identifier","saida","1"
"apps/management-vite/src/pages/builder/variables.ts","identifier","texto","1"
"apps/management-vite/src/pages/builder/variables.ts","literal-value","atendimento","1"
"apps/management-vite/src/pages/builder/variables.ts","literal-value","bloco","2"
"apps/management-vite/src/pages/builder/variables.ts","literal-value","campo","1"
"apps/management-vite/src/pages/builder/variables.ts","literal-value","chave","1"
"apps/management-vite/src/pages/builder/variables.ts","literal-value","contato","4"
"apps/management-vite/src/pages/builder/variables.ts","literal-value","conteudo","1"
"apps/management-vite/src/pages/builder/variables.ts","literal-value","mensagem","2"
"apps/management-vite/src/pages/builder-gravar.ts","comment","","1"
"apps/management-vite/src/pages/builder-gravar.ts","identifier","desenho","2"
"apps/management-vite/src/pages/builder-gravar.ts","identifier","publicada","1"
"apps/management-vite/src/pages/builder-gravar.ts","identifier","resultado","2"
"apps/management-vite/src/pages/builder-gravar.ts","identifier","versao","2"
"apps/management-vite/src/pages/contract/actions.ts","identifier","alvos","2"
"apps/management-vite/src/pages/contract/actions.ts","identifier","chamar","1"
"apps/management-vite/src/pages/contract/actions.ts","identifier","papel","1"
"apps/management-vite/src/pages/contract/actions.ts","identifier","para","1"
"apps/management-vite/src/pages/contract/actions.ts","identifier","resultado","5"
"apps/management-vite/src/pages/contract/actions.ts","identifier","simples","1"
"apps/management-vite/src/pages/contract/catalogo.ts","comment","","1"
"apps/management-vite/src/pages/contract/catalogo.ts","identifier","corte","1"
"apps/management-vite/src/pages/contract/catalogo.ts","identifier","cru","1"
"apps/management-vite/src/pages/contract/catalogo.ts","identifier","grupo","9"
"apps/management-vite/src/pages/contract/catalogo.ts","identifier","lidos","1"
"apps/management-vite/src/pages/contract/catalogo.ts","identifier","pronto","5"
"apps/management-vite/src/pages/contract/catalogo.ts","identifier","tooltip","2"
"apps/management-vite/src/pages/contract/catalogo.ts","literal-value","configuracoes","2"
"apps/management-vite/src/pages/contract/catalogo.ts","literal-value","contrato","1"
"apps/management-vite/src/pages/contract/catalogo.ts","literal-value","convite","1"
"apps/management-vite/src/pages/contract/catalogo.ts","literal-value","funcionalidades","3"
"apps/management-vite/src/pages/contract/catalogo.ts","literal-value","gerais","1"
"apps/management-vite/src/pages/contract/catalogo.ts","literal-value","gerenciamento","1"
"apps/management-vite/src/pages/contract/catalogo.ts","literal-value","informacoes","1"
"apps/management-vite/src/pages/contract/catalogo.ts","literal-value","ler","1"
"apps/management-vite/src/pages/contract/catalogo.ts","literal-value","para","1"
"apps/management-vite/src/pages/contract/catalogo.ts","literal-value","seu","1"
"apps/management-vite/src/pages/contract/catalogo.ts","literal-value","usuario","1"
"apps/management-vite/src/pages/contract/certificates/actions.ts","comment","","1"
"apps/management-vite/src/pages/contract/certificates/actions.ts","identifier","mtls","1"
"apps/management-vite/src/pages/contract/certificates/actions.ts","identifier","pedido","2"
"apps/management-vite/src/pages/contract/certificates/actions.ts","identifier","resultado","3"
"apps/management-vite/src/pages/contract/certificates/actions.ts","identifier","senha","1"
"apps/management-vite/src/pages/contract/certificates/actions.ts","identifier","simples","1"
"apps/management-vite/src/pages/contract/certificates/certificados.css","comment","","2"
"apps/management-vite/src/pages/contract/certificates/certificados.css","css-class","ativo","2"
"apps/management-vite/src/pages/contract/certificates/certificados.css","css-class","aviso","2"
"apps/management-vite/src/pages/contract/certificates/certificados.css","css-class","botao","11"
"apps/management-vite/src/pages/contract/certificates/certificados.css","css-class","cabeca","1"
"apps/management-vite/src/pages/contract/certificates/certificados.css","css-class","cabecalho","3"
"apps/management-vite/src/pages/contract/certificates/certificados.css","css-class","campo","7"
"apps/management-vite/src/pages/contract/certificates/certificados.css","css-class","etiqueta","5"
"apps/management-vite/src/pages/contract/certificates/certificados.css","css-class","feito","3"
"apps/management-vite/src/pages/contract/certificates/certificados.css","css-class","metade","1"
"apps/management-vite/src/pages/contract/certificates/certificados.css","css-class","padrao","1"
"apps/management-vite/src/pages/contract/certificates/certificados.css","css-class","soltar","4"
"apps/management-vite/src/pages/contract/certificates/certificados.css","css-class","texto","3"
"apps/management-vite/src/pages/contract/certificates/certificados.css","css-class","textos","2"
"apps/management-vite/src/pages/contract/certificates/certificados.css","css-custom-property","ativo","2"
"apps/management-vite/src/pages/contract/certificates/certificados.css","css-custom-property","conteudo","5"
"apps/management-vite/src/pages/contract/certificates/certificados.css","css-custom-property","erro","1"
"apps/management-vite/src/pages/contract/certificates/certificados.css","css-custom-property","feito","3"
"apps/management-vite/src/pages/contract/certificates/certificados.css","css-custom-property","fundo","6"
"apps/management-vite/src/pages/contract/certificates/certificados.css","css-custom-property","padrao","1"
"apps/management-vite/src/pages/contract/certificates/certificados.css","css-custom-property","passagem","1"
"apps/management-vite/src/pages/contract/certificates/certificados.css","css-custom-property","sombra","6"
"apps/management-vite/src/pages/contract/certificates/page.tsx","identifier","ler","1"
"apps/management-vite/src/pages/contract/certificates/page.tsx","identifier","mtls","1"
"apps/management-vite/src/pages/contract/certificates/page.tsx","identifier","pode","2"
"apps/management-vite/src/pages/contract/certificates/page.tsx","string-literal","cabecalho","1"
"apps/management-vite/src/pages/contract/certificates/page.tsx","string-literal","conteudo","1"
"apps/management-vite/src/pages/contract/certificates/tela.tsx","identifier","acoes","1"
"apps/management-vite/src/pages/contract/certificates/tela.tsx","identifier","antes","7"
"apps/management-vite/src/pages/contract/certificates/tela.tsx","identifier","apresentacao","1"
"apps/management-vite/src/pages/contract/certificates/tela.tsx","identifier","arquivo","1"
"apps/management-vite/src/pages/contract/certificates/tela.tsx","identifier","atencao","1"
"apps/management-vite/src/pages/contract/certificates/tela.tsx","identifier","aviso","2"
"apps/management-vite/src/pages/contract/certificates/tela.tsx","identifier","botao","2"
"apps/management-vite/src/pages/contract/certificates/tela.tsx","identifier","campo","1"
"apps/management-vite/src/pages/contract/certificates/tela.tsx","identifier","colunas","3"
"apps/management-vite/src/pages/contract/certificates/tela.tsx","identifier","descricao","4"
"apps/management-vite/src/pages/contract/certificates/tela.tsx","identifier","dica","6"
"apps/management-vite/src/pages/contract/certificates/tela.tsx","identifier","digitado","1"
"apps/management-vite/src/pages/contract/certificates/tela.tsx","identifier","dos","1"
"apps/management-vite/src/pages/contract/certificates/tela.tsx","identifier","entradas","2"
"apps/management-vite/src/pages/contract/certificates/tela.tsx","identifier","etiqueta","2"
"apps/management-vite/src/pages/contract/certificates/tela.tsx","identifier","maximo","2"
"apps/management-vite/src/pages/contract/certificates/tela.tsx","identifier","mtls","1"
"apps/management-vite/src/pages/contract/certificates/tela.tsx","identifier","para","1"
"apps/management-vite/src/pages/contract/certificates/tela.tsx","identifier","pedido","3"
"apps/management-vite/src/pages/contract/certificates/tela.tsx","identifier","pode","2"
"apps/management-vite/src/pages/contract/certificates/tela.tsx","identifier","resultado","3"
"apps/management-vite/src/pages/contract/certificates/tela.tsx","identifier","senha","6"
"apps/management-vite/src/pages/contract/certificates/tela.tsx","identifier","soltar","1"
"apps/management-vite/src/pages/contract/certificates/tela.tsx","identifier","subtitulo","4"
"apps/management-vite/src/pages/contract/certificates/tela.tsx","identifier","sumir","1"
"apps/management-vite/src/pages/contract/certificates/tela.tsx","identifier","texto","4"
"apps/management-vite/src/pages/contract/certificates/tela.tsx","literal-value","abreviacao","1"
"apps/management-vite/src/pages/contract/certificates/tela.tsx","literal-value","acoes","2"
"apps/management-vite/src/pages/contract/certificates/tela.tsx","literal-value","arquivo","2"
"apps/management-vite/src/pages/contract/certificates/tela.tsx","literal-value","arquivos","1"
"apps/management-vite/src/pages/contract/certificates/tela.tsx","literal-value","atencao","1"
"apps/management-vite/src/pages/contract/certificates/tela.tsx","literal-value","autenticacao","1"
"apps/management-vite/src/pages/contract/certificates/tela.tsx","literal-value","autenticidade","1"
"apps/management-vite/src/pages/contract/certificates/tela.tsx","literal-value","cada","1"
"apps/management-vite/src/pages/contract/certificates/tela.tsx","literal-value","chave","1"
"apps/management-vite/src/pages/contract/certificates/tela.tsx","literal-value","descricao","5"
"apps/management-vite/src/pages/contract/certificates/tela.tsx","literal-value","esta","2"
"apps/management-vite/src/pages/contract/certificates/tela.tsx","literal-value","expiracao","1"
"apps/management-vite/src/pages/contract/certificates/tela.tsx","literal-value","identifcacao","1"
"apps/management-vite/src/pages/contract/certificates/tela.tsx","literal-value","informacoes","2"
"apps/management-vite/src/pages/contract/certificates/tela.tsx","literal-value","listagem","1"
"apps/management-vite/src/pages/contract/certificates/tela.tsx","literal-value","lixeira","1"
"apps/management-vite/src/pages/contract/certificates/tela.tsx","literal-value","mtls","2"
"apps/management-vite/src/pages/contract/certificates/tela.tsx","literal-value","nao","2"
"apps/management-vite/src/pages/contract/certificates/tela.tsx","literal-value","operacoes","1"
"apps/management-vite/src/pages/contract/certificates/tela.tsx","literal-value","para","4"
"apps/management-vite/src/pages/contract/certificates/tela.tsx","literal-value","pode","3"
"apps/management-vite/src/pages/contract/certificates/tela.tsx","literal-value","realmente","2"
"apps/management-vite/src/pages/contract/certificates/tela.tsx","literal-value","senha","2"
"apps/management-vite/src/pages/contract/certificates/tela.tsx","literal-value","ser","2"
"apps/management-vite/src/pages/contract/certificates/tela.tsx","literal-value","suas","1"
"apps/management-vite/src/pages/contract/certificates/tela.tsx","literal-value","verifica","1"
"apps/management-vite/src/pages/contract/certificates/tela.tsx","string-literal","aviso","1"
"apps/management-vite/src/pages/contract/certificates/tela.tsx","string-literal","bloco","1"
"apps/management-vite/src/pages/contract/certificates/tela.tsx","string-literal","botao","9"
"apps/management-vite/src/pages/contract/certificates/tela.tsx","string-literal","cabeca","3"
"apps/management-vite/src/pages/contract/certificates/tela.tsx","string-literal","campo","3"
"apps/management-vite/src/pages/contract/certificates/tela.tsx","string-literal","etiqueta","1"
"apps/management-vite/src/pages/contract/certificates/tela.tsx","string-literal","metade","1"
"apps/management-vite/src/pages/contract/certificates/tela.tsx","string-literal","soltar","1"
"apps/management-vite/src/pages/contract/certificates/tela.tsx","string-literal","texto","1"
"apps/management-vite/src/pages/contract/certificates/tela.tsx","string-literal","textos","1"
"apps/management-vite/src/pages/contract/contract.css","comment","","4"
"apps/management-vite/src/pages/contract/contract.css","css-class","aviso","2"
"apps/management-vite/src/pages/contract/contract.css","css-class","botao","8"
"apps/management-vite/src/pages/contract/contract.css","css-class","cabecalho","2"
"apps/management-vite/src/pages/contract/contract.css","css-class","campo","16"
"apps/management-vite/src/pages/contract/contract.css","css-class","center","2"
"apps/management-vite/src/pages/contract/contract.css","css-class","conteudo","1"
"apps/management-vite/src/pages/contract/contract.css","css-class","escuro","1"
"apps/management-vite/src/pages/contract/contract.css","css-class","faixa","9"
"apps/management-vite/src/pages/contract/contract.css","css-class","foto","2"
"apps/management-vite/src/pages/contract/contract.css","css-class","marcada","1"
"apps/management-vite/src/pages/contract/contract.css","css-class","oculto","1"
"apps/management-vite/src/pages/contract/contract.css","css-class","porque","1"
"apps/management-vite/src/pages/contract/contract.css","css-class","quadro","2"
"apps/management-vite/src/pages/contract/contract.css","css-class","resumo","6"
"apps/management-vite/src/pages/contract/contract.css","css-class","secao","1"
"apps/management-vite/src/pages/contract/contract.css","css-class","selo","1"
"apps/management-vite/src/pages/contract/contract.css","css-class","texto","3"
"apps/management-vite/src/pages/contract/contract.css","css-class","vazia","3"
"apps/management-vite/src/pages/contract/contract.css","css-custom-property","conteudo","10"
"apps/management-vite/src/pages/contract/contract.css","css-custom-property","erro","4"
"apps/management-vite/src/pages/contract/contract.css","css-custom-property","escuro","1"
"apps/management-vite/src/pages/contract/contract.css","css-custom-property","faixa","6"
"apps/management-vite/src/pages/contract/contract.css","css-custom-property","fundo","1"
"apps/management-vite/src/pages/contract/contract.css","css-custom-property","grafico","4"
"apps/management-vite/src/pages/contract/contract.css","css-custom-property","sombra","13"
"apps/management-vite/src/pages/contract/contract.css","css-custom-property","texto","3"
"apps/management-vite/src/pages/contract/copiar.tsx","comment","","1"
"apps/management-vite/src/pages/contract/copiar.tsx","identifier","botao","1"
"apps/management-vite/src/pages/contract/copiar.tsx","identifier","copiado","1"
"apps/management-vite/src/pages/contract/members/convidar.tsx","comment","","3"
"apps/management-vite/src/pages/contract/members/convidar.tsx","identifier","antes","3"
"apps/management-vite/src/pages/contract/members/convidar.tsx","identifier","arquivo","1"
"apps/management-vite/src/pages/contract/members/convidar.tsx","identifier","campo","2"
"apps/management-vite/src/pages/contract/members/convidar.tsx","identifier","confirmar","1"
"apps/management-vite/src/pages/contract/members/convidar.tsx","identifier","copiado","1"
"apps/management-vite/src/pages/contract/members/convidar.tsx","identifier","importar","1"
"apps/management-vite/src/pages/contract/members/convidar.tsx","identifier","invalido","1"
"apps/management-vite/src/pages/contract/members/convidar.tsx","identifier","lido","1"
"apps/management-vite/src/pages/contract/members/convidar.tsx","identifier","resultado","1"
"apps/management-vite/src/pages/contract/members/convidar.tsx","identifier","texto","4"
"apps/management-vite/src/pages/contract/members/convidar.tsx","string-literal","botao","4"
"apps/management-vite/src/pages/contract/members/convidar.tsx","string-literal","campo","4"
"apps/management-vite/src/pages/contract/members/convidar.tsx","string-literal","escuro","1"
"apps/management-vite/src/pages/contract/members/convidar.tsx","string-literal","texto","1"
"apps/management-vite/src/pages/contract/members/page.tsx","identifier","erro","1"
"apps/management-vite/src/pages/contract/members/page.tsx","identifier","ler","1"
"apps/management-vite/src/pages/contract/members/page.tsx","identifier","pode","2"
"apps/management-vite/src/pages/contract/members/page.tsx","identifier","resumo","1"
"apps/management-vite/src/pages/contract/members/page.tsx","string-literal","aviso","1"
"apps/management-vite/src/pages/contract/members/page.tsx","string-literal","cabecalho","1"
"apps/management-vite/src/pages/contract/members/page.tsx","string-literal","conteudo","1"
"apps/management-vite/src/pages/contract/members/page.tsx","string-literal","quadro","1"
"apps/management-vite/src/pages/contract/members/tabela.tsx","comment","","1"
"apps/management-vite/src/pages/contract/members/tabela.tsx","identifier","alvos","2"
"apps/management-vite/src/pages/contract/members/tabela.tsx","identifier","antes","1"
"apps/management-vite/src/pages/contract/members/tabela.tsx","identifier","botao","1"
"apps/management-vite/src/pages/contract/members/tabela.tsx","identifier","campo","8"
"apps/management-vite/src/pages/contract/members/tabela.tsx","identifier","colunas","2"
"apps/management-vite/src/pages/contract/members/tabela.tsx","identifier","copiado","1"
"apps/management-vite/src/pages/contract/members/tabela.tsx","identifier","dados","1"
"apps/management-vite/src/pages/contract/members/tabela.tsx","identifier","membros","1"
"apps/management-vite/src/pages/contract/members/tabela.tsx","identifier","mensagem","1"
"apps/management-vite/src/pages/contract/members/tabela.tsx","identifier","papel","2"
"apps/management-vite/src/pages/contract/members/tabela.tsx","identifier","pode","4"
"apps/management-vite/src/pages/contract/members/tabela.tsx","identifier","resultado","4"
"apps/management-vite/src/pages/contract/members/tabela.tsx","identifier","sem","2"
"apps/management-vite/src/pages/contract/members/tabela.tsx","identifier","sinal","1"
"apps/management-vite/src/pages/contract/members/tabela.tsx","identifier","termo","1"
"apps/management-vite/src/pages/contract/members/tabela.tsx","identifier","texto","2"
"apps/management-vite/src/pages/contract/members/tabela.tsx","identifier","todos","1"
"apps/management-vite/src/pages/contract/members/tabela.tsx","identifier","vazia","1"
"apps/management-vite/src/pages/contract/members/tabela.tsx","literal-value","asc","1"
"apps/management-vite/src/pages/contract/members/tabela.tsx","literal-value","contrato","1"
"apps/management-vite/src/pages/contract/members/tabela.tsx","literal-value","convite","1"
"apps/management-vite/src/pages/contract/members/tabela.tsx","literal-value","dados","1"
"apps/management-vite/src/pages/contract/members/tabela.tsx","literal-value","desc","1"
"apps/management-vite/src/pages/contract/members/tabela.tsx","literal-value","membro","2"
"apps/management-vite/src/pages/contract/members/tabela.tsx","literal-value","membros","3"
"apps/management-vite/src/pages/contract/members/tabela.tsx","literal-value","nao","2"
"apps/management-vite/src/pages/contract/members/tabela.tsx","literal-value","papel","4"
"apps/management-vite/src/pages/contract/members/tabela.tsx","literal-value","solicitacoes","1"
"apps/management-vite/src/pages/contract/members/tabela.tsx","literal-value","usuario","1"
"apps/management-vite/src/pages/contract/members/tabela.tsx","string-literal","aviso","1"
"apps/management-vite/src/pages/contract/members/tabela.tsx","string-literal","botao","2"
"apps/management-vite/src/pages/contract/members/tabela.tsx","string-literal","campo","1"
"apps/management-vite/src/pages/contract/members/tabela.tsx","string-literal","conteudo","2"
"apps/management-vite/src/pages/contract/members/tabela.tsx","string-literal","texto","6"
"apps/management-vite/src/pages/contract/members/tabela.tsx","string-literal","vazia","1"
"apps/management-vite/src/pages/contract/page.tsx","comment","","3"
"apps/management-vite/src/pages/contract/page.tsx","identifier","botao","1"
"apps/management-vite/src/pages/contract/page.tsx","identifier","com","1"
"apps/management-vite/src/pages/contract/page.tsx","identifier","faixa","2"
"apps/management-vite/src/pages/contract/page.tsx","identifier","grupo","1"
"apps/management-vite/src/pages/contract/page.tsx","identifier","pode","3"
"apps/management-vite/src/pages/contract/page.tsx","identifier","pontos","1"
"apps/management-vite/src/pages/contract/page.tsx","identifier","resumo","4"
"apps/management-vite/src/pages/contract/page.tsx","string-literal","conteudo","1"
"apps/management-vite/src/pages/contract/page.tsx","string-literal","foto","3"
"apps/management-vite/src/pages/contract/page.tsx","string-literal","nada","1"
"apps/management-vite/src/pages/contract/page.tsx","string-literal","porque","1"
"apps/management-vite/src/pages/contract/page.tsx","string-literal","selo","2"
"apps/management-vite/src/pages/create/casco.tsx","comment","","3"
"apps/management-vite/src/pages/create/casco.tsx","identifier","campo","1"
"apps/management-vite/src/pages/create/casco.tsx","identifier","campos","2"
"apps/management-vite/src/pages/create/casco.tsx","identifier","orcamento","1"
"apps/management-vite/src/pages/create/casco.tsx","identifier","para","2"
"apps/management-vite/src/pages/create/casco.tsx","identifier","precisa","1"
"apps/management-vite/src/pages/create/casco.tsx","literal-value","contato","1"
"apps/management-vite/src/pages/create/casco.tsx","literal-value","orcamento","1"
"apps/management-vite/src/pages/create/casco.tsx","literal-value","para","1"
"apps/management-vite/src/pages/create/casco.tsx","literal-value","precisa","1"
"apps/management-vite/src/pages/create/casco.tsx","literal-value","sua","1"
"apps/management-vite/src/pages/create/casco.tsx","string-literal","aviso","1"
"apps/management-vite/src/pages/create/casco.tsx","string-literal","botao","2"
"apps/management-vite/src/pages/create/casco.tsx","string-literal","campo","1"
"apps/management-vite/src/pages/create/casco.tsx","string-literal","foto","1"
"apps/management-vite/src/pages/create/casco.tsx","string-literal","recado","1"
"apps/management-vite/src/pages/create/casco.tsx","string-literal","titulos","1"
"apps/management-vite/src/pages/create/create.css","comment","","6"
"apps/management-vite/src/pages/create/create.css","css-class","aviso","1"
"apps/management-vite/src/pages/create/create.css","css-class","botao","1"
"apps/management-vite/src/pages/create/create.css","css-class","campo","7"
"apps/management-vite/src/pages/create/create.css","css-class","foto","5"
"apps/management-vite/src/pages/create/create.css","css-class","recado","1"
"apps/management-vite/src/pages/create/create.css","css-class","titulos","1"
"apps/management-vite/src/pages/create/create.css","css-custom-property","conteudo","7"
"apps/management-vite/src/pages/create/create.css","css-custom-property","fundo","5"
"apps/management-vite/src/pages/create/create.css","css-custom-property","tinta","11"
"apps/management-vite/src/pages/create/flow/actions.ts","comment","","1"
"apps/management-vite/src/pages/create/flow/actions.ts","identifier","para","1"
"apps/management-vite/src/pages/create/flow/actions.ts","identifier","recados","2"
"apps/management-vite/src/pages/create/flow/actions.ts","identifier","resultado","1"
"apps/management-vite/src/pages/create/flow/create-flow.css","comment","","1"
"apps/management-vite/src/pages/create/flow/create-flow.css","css-class","acoes","1"
"apps/management-vite/src/pages/create/flow/create-flow.css","css-class","selo","1"
"apps/management-vite/src/pages/create/flow/create-flow.css","css-custom-property","erro","1"
"apps/management-vite/src/pages/create/flow/create-flow.css","css-custom-property","escuro","2"
"apps/management-vite/src/pages/create/flow/create-flow.css","css-custom-property","fundo","2"
"apps/management-vite/src/pages/create/flow/create-flow.css","css-custom-property","sobre","2"
"apps/management-vite/src/pages/create/flow/create-flow.css","css-custom-property","tinta","4"
"apps/management-vite/src/pages/create/flow/page.tsx","comment","","4"
"apps/management-vite/src/pages/create/flow/page.tsx","identifier","erro","1"
"apps/management-vite/src/pages/create/flow/page.tsx","identifier","padrao","1"
"apps/management-vite/src/pages/create/flow/page.tsx","identifier","recados","1"
"apps/management-vite/src/pages/create/flow/page.tsx","literal-value","concluido","1"
"apps/management-vite/src/pages/create/flow/page.tsx","literal-value","equipe","1"
"apps/management-vite/src/pages/create/flow/page.tsx","literal-value","suporte","1"
"apps/management-vite/src/pages/create/flow/page.tsx","string-literal","botao","2"
"apps/management-vite/src/pages/create/flow/page.tsx","string-literal","selo","1"
"apps/management-vite/src/pages/create/flow/page.tsx","string-literal","titulos","2"
"apps/management-vite/src/pages/create/flow/regras.ts","comment","","3"
"apps/management-vite/src/pages/create/flow/regras.ts","identifier","apresentacao","2"
"apps/management-vite/src/pages/create/flow/regras.ts","identifier","com","1"
"apps/management-vite/src/pages/create/flow/regras.ts","identifier","comeco","1"
"apps/management-vite/src/pages/create/flow/regras.ts","identifier","descricao","3"
"apps/management-vite/src/pages/create/flow/regras.ts","identifier","funcionalidades","1"
"apps/management-vite/src/pages/create/flow/regras.ts","identifier","invalido","1"
"apps/management-vite/src/pages/create/flow/regras.ts","identifier","padrao","1"
"apps/management-vite/src/pages/create/flow/regras.ts","identifier","recados","1"
"apps/management-vite/src/pages/create/flow/regras.ts","identifier","selo","1"
"apps/management-vite/src/pages/create/flow/regras.ts","identifier","subtitulo","1"
"apps/management-vite/src/pages/create/flow/regras.ts","identifier","usar","2"
"apps/management-vite/src/pages/create/flow/regras.ts","literal-value","atendentes","1"
"apps/management-vite/src/pages/create/flow/regras.ts","literal-value","atendimento","5"
"apps/management-vite/src/pages/create/flow/regras.ts","literal-value","avaliacao","1"
"apps/management-vite/src/pages/create/flow/regras.ts","literal-value","com","3"
"apps/management-vite/src/pages/create/flow/regras.ts","literal-value","como","1"
"apps/management-vite/src/pages/create/flow/regras.ts","literal-value","configuracoes","1"
"apps/management-vite/src/pages/create/flow/regras.ts","literal-value","configuradas","2"
"apps/management-vite/src/pages/create/flow/regras.ts","literal-value","construir","2"
"apps/management-vite/src/pages/create/flow/regras.ts","literal-value","conta","1"
"apps/management-vite/src/pages/create/flow/regras.ts","literal-value","contato","1"
"apps/management-vite/src/pages/create/flow/regras.ts","literal-value","criacao","1"
"apps/management-vite/src/pages/create/flow/regras.ts","literal-value","criar","2"
"apps/management-vite/src/pages/create/flow/regras.ts","literal-value","desde","1"
"apps/management-vite/src/pages/create/flow/regras.ts","literal-value","desenvolvimento","2"
"apps/management-vite/src/pages/create/flow/regras.ts","literal-value","erro","1"
"apps/management-vite/src/pages/create/flow/regras.ts","literal-value","especiais","1"
"apps/management-vite/src/pages/create/flow/regras.ts","literal-value","fluxo","10"
"apps/management-vite/src/pages/create/flow/regras.ts","literal-value","fluxos","1"
"apps/management-vite/src/pages/create/flow/regras.ts","literal-value","funcionalidades","2"
"apps/management-vite/src/pages/create/flow/regras.ts","literal-value","horario","1"
"apps/management-vite/src/pages/create/flow/regras.ts","literal-value","houve","1"
"apps/management-vite/src/pages/create/flow/regras.ts","literal-value","imagem","1"
"apps/management-vite/src/pages/create/flow/regras.ts","literal-value","modelo","2"
"apps/management-vite/src/pages/create/flow/regras.ts","literal-value","nao","2"
"apps/management-vite/src/pages/create/flow/regras.ts","literal-value","numeros","1"
"apps/management-vite/src/pages/create/flow/regras.ts","literal-value","para","5"
"apps/management-vite/src/pages/create/flow/regras.ts","literal-value","permissao","1"
"apps/management-vite/src/pages/create/flow/regras.ts","literal-value","pode","1"
"apps/management-vite/src/pages/create/flow/regras.ts","literal-value","ponto","1"
"apps/management-vite/src/pages/create/flow/regras.ts","literal-value","quem","1"
"apps/management-vite/src/pages/create/flow/regras.ts","literal-value","seu","4"
"apps/management-vite/src/pages/create/flow/regras.ts","literal-value","tempo","1"
"apps/management-vite/src/pages/create/flow/regras.ts","literal-value","transbordo","1"
"apps/management-vite/src/pages/create/flow/regras.ts","literal-value","usar","3"
"apps/management-vite/src/pages/create/flow/regras.ts","literal-value","verificacao","2"
"apps/management-vite/src/pages/create/flow/regras.ts","path","regras","1"
"apps/management-vite/src/pages/create/gravar.ts","comment","","1"
"apps/management-vite/src/pages/create/gravar.ts","identifier","campo","1"
"apps/management-vite/src/pages/create/gravar.ts","identifier","recados","4"
"apps/management-vite/src/pages/create/gravar.ts","identifier","resultado","2"
"apps/management-vite/src/pages/create/gravar.ts","literal-value","fluxo","1"
"apps/management-vite/src/pages/create/gravar.ts","literal-value","roteador","1"
"apps/management-vite/src/pages/create/regras-de-nome.ts","comment","","6"
"apps/management-vite/src/pages/create/regras-de-nome.ts","identifier","bruto","1"
"apps/management-vite/src/pages/create/regras-de-nome.ts","identifier","com","1"
"apps/management-vite/src/pages/create/regras-de-nome.ts","identifier","comeco","1"
"apps/management-vite/src/pages/create/regras-de-nome.ts","identifier","invalido","1"
"apps/management-vite/src/pages/create/regras-de-nome.ts","identifier","letra","1"
"apps/management-vite/src/pages/create/regras-de-nome.ts","identifier","recados","2"
"apps/management-vite/src/pages/create/regras-de-nome.ts","path","regras","1"
"apps/management-vite/src/pages/create/router/actions.ts","identifier","para","1"
"apps/management-vite/src/pages/create/router/actions.ts","identifier","recados","2"
"apps/management-vite/src/pages/create/router/actions.ts","identifier","resultado","1"
"apps/management-vite/src/pages/create/router/create-router.css","css-class","botao","1"
"apps/management-vite/src/pages/create/router/create-router.css","css-class","mais","1"
"apps/management-vite/src/pages/create/router/page.tsx","comment","","5"
"apps/management-vite/src/pages/create/router/page.tsx","identifier","erro","1"
"apps/management-vite/src/pages/create/router/page.tsx","identifier","mais","1"
"apps/management-vite/src/pages/create/router/page.tsx","identifier","recados","1"
"apps/management-vite/src/pages/create/router/page.tsx","string-literal","botao","1"
"apps/management-vite/src/pages/create/router/page.tsx","string-literal","mais","1"
"apps/management-vite/src/pages/create/router/page.tsx","string-literal","titulos","1"
"apps/management-vite/src/pages/create/router/regras.ts","comment","","2"
"apps/management-vite/src/pages/create/router/regras.ts","identifier","comeco","1"
"apps/management-vite/src/pages/create/router/regras.ts","identifier","como","1"
"apps/management-vite/src/pages/create/router/regras.ts","identifier","descricao","1"
"apps/management-vite/src/pages/create/router/regras.ts","identifier","invalido","1"
"apps/management-vite/src/pages/create/router/regras.ts","identifier","mais","1"
"apps/management-vite/src/pages/create/router/regras.ts","identifier","recados","1"
"apps/management-vite/src/pages/create/router/regras.ts","literal-value","acesso","1"
"apps/management-vite/src/pages/create/router/regras.ts","literal-value","com","2"
"apps/management-vite/src/pages/create/router/regras.ts","literal-value","como","1"
"apps/management-vite/src/pages/create/router/regras.ts","literal-value","conta","1"
"apps/management-vite/src/pages/create/router/regras.ts","literal-value","contato","1"
"apps/management-vite/src/pages/create/router/regras.ts","literal-value","criacao","1"
"apps/management-vite/src/pages/create/router/regras.ts","literal-value","criar","2"
"apps/management-vite/src/pages/create/router/regras.ts","literal-value","erro","1"
"apps/management-vite/src/pages/create/router/regras.ts","literal-value","especiais","1"
"apps/management-vite/src/pages/create/router/regras.ts","literal-value","fluxos","1"
"apps/management-vite/src/pages/create/router/regras.ts","literal-value","houve","1"
"apps/management-vite/src/pages/create/router/regras.ts","literal-value","imagem","1"
"apps/management-vite/src/pages/create/router/regras.ts","literal-value","mais","1"
"apps/management-vite/src/pages/create/router/regras.ts","literal-value","nao","2"
"apps/management-vite/src/pages/create/router/regras.ts","literal-value","numeros","1"
"apps/management-vite/src/pages/create/router/regras.ts","literal-value","para","1"
"apps/management-vite/src/pages/create/router/regras.ts","literal-value","permissao","1"
"apps/management-vite/src/pages/create/router/regras.ts","literal-value","pode","1"
"apps/management-vite/src/pages/create/router/regras.ts","literal-value","roteador","7"
"apps/management-vite/src/pages/create/router/regras.ts","literal-value","servicos","1"
"apps/management-vite/src/pages/create/router/regras.ts","literal-value","seu","4"
"apps/management-vite/src/pages/create/router/regras.ts","literal-value","unico","1"
"apps/management-vite/src/pages/create/router/regras.ts","literal-value","usar","1"
"apps/management-vite/src/pages/create/router/regras.ts","literal-value","varios","1"
"apps/management-vite/src/pages/create/router/regras.ts","path","regras","1"
"apps/management-vite/src/pages/deployment/actions.ts","comment","","2"
"apps/management-vite/src/pages/deployment/actions.ts","identifier","campo","1"
"apps/management-vite/src/pages/deployment/actions.ts","identifier","canal","1"
"apps/management-vite/src/pages/deployment/actions.ts","identifier","chamar","1"
"apps/management-vite/src/pages/deployment/actions.ts","identifier","codigo","2"
"apps/management-vite/src/pages/deployment/actions.ts","identifier","estado","1"
"apps/management-vite/src/pages/deployment/actions.ts","identifier","fluxo","1"
"apps/management-vite/src/pages/deployment/actions.ts","identifier","papel","1"
"apps/management-vite/src/pages/deployment/actions.ts","identifier","rejeitados","1"
"apps/management-vite/src/pages/deployment/actions.ts","identifier","resultado","1"
"apps/management-vite/src/pages/deployment/actions.ts","identifier","versao","1"
"apps/management-vite/src/pages/deployment/formularios.tsx","comment","","1"
"apps/management-vite/src/pages/deployment/formularios.tsx","identifier","botao","1"
"apps/management-vite/src/pages/deployment/formularios.tsx","identifier","campo","1"
"apps/management-vite/src/pages/deployment/formularios.tsx","identifier","etiqueta","1"
"apps/management-vite/src/pages/deployment/formularios.tsx","identifier","resultado","5"
"apps/management-vite/src/pages/deployment/formularios.tsx","string-literal","campo","8"
"apps/management-vite/src/pages/deployment/formularios.tsx","string-literal","grupo","1"
"apps/management-vite/src/pages/deployment/page.tsx","comment","","1"
"apps/management-vite/src/pages/deployment/page.tsx","identifier","andamento","2"
"apps/management-vite/src/pages/deployment/page.tsx","identifier","concluida","1"
"apps/management-vite/src/pages/deployment/page.tsx","identifier","etiqueta","2"
"apps/management-vite/src/pages/deployment/page.tsx","identifier","falhou","1"
"apps/management-vite/src/pages/deployment/page.tsx","identifier","feito","2"
"apps/management-vite/src/pages/deployment/page.tsx","identifier","precisa","1"
"apps/management-vite/src/pages/deployment/page.tsx","identifier","pronta","1"
"apps/management-vite/src/pages/deployment/page.tsx","identifier","reconectar","1"
"apps/management-vite/src/pages/deployment/page.tsx","string-literal","campo","4"
"apps/management-vite/src/pages/deployment/page.tsx","string-literal","campos","2"
"apps/management-vite/src/pages/deployment/page.tsx","string-literal","conteudo","1"
"apps/management-vite/src/pages/flow/analytics/abas.ts","comment","","1"
"apps/management-vite/src/pages/flow/analytics/abas.ts","identifier","captura","2"
"apps/management-vite/src/pages/flow/analytics/abas.ts","identifier","geral","2"
"apps/management-vite/src/pages/flow/analytics/abas.ts","identifier","good","2"
"apps/management-vite/src/pages/flow/analytics/abas.ts","identifier","padrao","1"
"apps/management-vite/src/pages/flow/analytics/abas.ts","identifier","visao","2"
"apps/management-vite/src/pages/flow/analytics/abas.ts","literal-value","extractor","1"
"apps/management-vite/src/pages/flow/analytics/abas.ts","literal-value","good","1"
"apps/management-vite/src/pages/flow/analytics/active-messages/active-messages.css","css-class","botao","6"
"apps/management-vite/src/pages/flow/analytics/active-messages/active-messages.css","css-class","cabeca","3"
"apps/management-vite/src/pages/flow/analytics/active-messages/active-messages.css","css-class","campo","13"
"apps/management-vite/src/pages/flow/analytics/active-messages/active-messages.css","css-class","dica","4"
"apps/management-vite/src/pages/flow/analytics/active-messages/active-messages.css","css-class","falhas","3"
"apps/management-vite/src/pages/flow/analytics/active-messages/active-messages.css","css-class","fora","1"
"apps/management-vite/src/pages/flow/analytics/active-messages/active-messages.css","css-class","fundo","5"
"apps/management-vite/src/pages/flow/analytics/active-messages/active-messages.css","css-class","grafico","4"
"apps/management-vite/src/pages/flow/analytics/active-messages/active-messages.css","css-class","numeros","2"
"apps/management-vite/src/pages/flow/analytics/active-messages/active-messages.css","css-class","picos","6"
"apps/management-vite/src/pages/flow/analytics/active-messages/active-messages.css","css-class","taxa","4"
"apps/management-vite/src/pages/flow/analytics/active-messages/active-messages.css","css-class","taxas","3"
"apps/management-vite/src/pages/flow/analytics/active-messages/active-messages.css","css-class","texto","4"
"apps/management-vite/src/pages/flow/analytics/active-messages/active-messages.css","css-class","textos","1"
"apps/management-vite/src/pages/flow/analytics/active-messages/active-messages.css","css-class","tooltip","1"
"apps/management-vite/src/pages/flow/analytics/active-messages/active-messages.css","css-custom-property","conteudo","1"
"apps/management-vite/src/pages/flow/analytics/active-messages/active-messages.css","css-custom-property","fundo","2"
"apps/management-vite/src/pages/flow/analytics/active-messages/active-messages.css","css-custom-property","grafico","10"
"apps/management-vite/src/pages/flow/analytics/active-messages/active-messages.css","css-custom-property","sombra","2"
"apps/management-vite/src/pages/flow/analytics/active-messages/active-messages.css","css-custom-property","tinta","3"
"apps/management-vite/src/pages/flow/analytics/active-messages/filter.tsx","comment","","2"
"apps/management-vite/src/pages/flow/analytics/active-messages/filter.tsx","identifier","campo","2"
"apps/management-vite/src/pages/flow/analytics/active-messages/filter.tsx","identifier","filtros","1"
"apps/management-vite/src/pages/flow/analytics/active-messages/filter.tsx","identifier","limite","2"
"apps/management-vite/src/pages/flow/analytics/active-messages/filter.tsx","identifier","mudou","1"
"apps/management-vite/src/pages/flow/analytics/active-messages/filter.tsx","identifier","periodo","2"
"apps/management-vite/src/pages/flow/analytics/active-messages/filter.tsx","string-literal","botao","1"
"apps/management-vite/src/pages/flow/analytics/active-messages/filter.tsx","string-literal","campo","8"
"apps/management-vite/src/pages/flow/analytics/active-messages/filter.tsx","string-literal","texto","1"
"apps/management-vite/src/pages/flow/analytics/active-messages/miolo.tsx","identifier","dica","1"
"apps/management-vite/src/pages/flow/analytics/active-messages/miolo.tsx","identifier","falhas","8"
"apps/management-vite/src/pages/flow/analytics/active-messages/miolo.tsx","identifier","fundo","4"
"apps/management-vite/src/pages/flow/analytics/active-messages/miolo.tsx","identifier","intervalo","5"
"apps/management-vite/src/pages/flow/analytics/active-messages/miolo.tsx","identifier","numeros","1"
"apps/management-vite/src/pages/flow/analytics/active-messages/miolo.tsx","identifier","pct","1"
"apps/management-vite/src/pages/flow/analytics/active-messages/miolo.tsx","identifier","picos","1"
"apps/management-vite/src/pages/flow/analytics/active-messages/miolo.tsx","identifier","taxa","1"
"apps/management-vite/src/pages/flow/analytics/active-messages/miolo.tsx","identifier","taxas","1"
"apps/management-vite/src/pages/flow/analytics/active-messages/miolo.tsx","identifier","texto","1"
"apps/management-vite/src/pages/flow/analytics/active-messages/miolo.tsx","literal-value","aos","1"
"apps/management-vite/src/pages/flow/analytics/active-messages/miolo.tsx","literal-value","audiencia","1"
"apps/management-vite/src/pages/flow/analytics/active-messages/miolo.tsx","literal-value","com","1"
"apps/management-vite/src/pages/flow/analytics/active-messages/miolo.tsx","literal-value","contatos","3"
"apps/management-vite/src/pages/flow/analytics/active-messages/miolo.tsx","literal-value","falhas","2"
"apps/management-vite/src/pages/flow/analytics/active-messages/miolo.tsx","literal-value","fundo","5"
"apps/management-vite/src/pages/flow/analytics/active-messages/miolo.tsx","literal-value","mensagens","5"
"apps/management-vite/src/pages/flow/analytics/active-messages/miolo.tsx","literal-value","nao","1"
"apps/management-vite/src/pages/flow/analytics/active-messages/miolo.tsx","literal-value","pelos","2"
"apps/management-vite/src/pages/flow/analytics/active-messages/miolo.tsx","string-literal","cabeca","3"
"apps/management-vite/src/pages/flow/analytics/active-messages/miolo.tsx","string-literal","com","1"
"apps/management-vite/src/pages/flow/analytics/active-messages/miolo.tsx","string-literal","dica","2"
"apps/management-vite/src/pages/flow/analytics/active-messages/miolo.tsx","string-literal","falhas","3"
"apps/management-vite/src/pages/flow/analytics/active-messages/miolo.tsx","string-literal","fora","1"
"apps/management-vite/src/pages/flow/analytics/active-messages/miolo.tsx","string-literal","grafico","6"
"apps/management-vite/src/pages/flow/analytics/active-messages/miolo.tsx","string-literal","numeros","2"
"apps/management-vite/src/pages/flow/analytics/active-messages/miolo.tsx","string-literal","picos","5"
"apps/management-vite/src/pages/flow/analytics/active-messages/miolo.tsx","string-literal","taxa","3"
"apps/management-vite/src/pages/flow/analytics/active-messages/miolo.tsx","string-literal","taxas","3"
"apps/management-vite/src/pages/flow/analytics/active-messages/miolo.tsx","string-literal","texto","1"
"apps/management-vite/src/pages/flow/analytics/active-messages/miolo.tsx","string-literal","textos","1"
"apps/management-vite/src/pages/flow/analytics/active-messages/page.tsx","comment","","2"
"apps/management-vite/src/pages/flow/analytics/active-messages/page.tsx","identifier","calendario","1"
"apps/management-vite/src/pages/flow/analytics/active-messages/page.tsx","identifier","filtro","1"
"apps/management-vite/src/pages/flow/analytics/active-messages/page.tsx","identifier","filtros","2"
"apps/management-vite/src/pages/flow/analytics/active-messages/page.tsx","identifier","intervalo","3"
"apps/management-vite/src/pages/flow/analytics/active-messages/page.tsx","identifier","limite","2"
"apps/management-vite/src/pages/flow/analytics/active-messages/page.tsx","identifier","padrao","1"
"apps/management-vite/src/pages/flow/analytics/active-messages/page.tsx","identifier","periodo","5"
"apps/management-vite/src/pages/flow/analytics/active-messages/page.tsx","identifier","proximos","1"
"apps/management-vite/src/pages/flow/analytics/active-messages/page.tsx","string-literal","botao","1"
"apps/management-vite/src/pages/flow/analytics/active-messages/page.tsx","string-literal","cabeca","1"
"apps/management-vite/src/pages/flow/analytics/analytics.css","comment","","2"
"apps/management-vite/src/pages/flow/analytics/analytics.css","css-class","cabeca","3"
"apps/management-vite/src/pages/flow/analytics/analytics.css","css-class","cabecalho","3"
"apps/management-vite/src/pages/flow/analytics/analytics.css","css-class","center","1"
"apps/management-vite/src/pages/flow/analytics/analytics.css","css-class","conteudo","2"
"apps/management-vite/src/pages/flow/analytics/analytics.css","css-class","dica","2"
"apps/management-vite/src/pages/flow/analytics/analytics.css","css-class","fundo","1"
"apps/management-vite/src/pages/flow/analytics/analytics.css","css-class","legado","3"
"apps/management-vite/src/pages/flow/analytics/analytics.css","css-class","sem","1"
"apps/management-vite/src/pages/flow/analytics/analytics.css","css-class","texto","2"
"apps/management-vite/src/pages/flow/analytics/analytics.css","css-custom-property","center","1"
"apps/management-vite/src/pages/flow/analytics/analytics.css","css-custom-property","conteudo","12"
"apps/management-vite/src/pages/flow/analytics/dashboard/dashboard.css","comment","","1"
"apps/management-vite/src/pages/flow/analytics/dashboard/dashboard.css","css-class","apagado","1"
"apps/management-vite/src/pages/flow/analytics/dashboard/dashboard.css","css-class","ativo","1"
"apps/management-vite/src/pages/flow/analytics/dashboard/dashboard.css","css-class","balao","13"
"apps/management-vite/src/pages/flow/analytics/dashboard/dashboard.css","css-class","blocos","1"
"apps/management-vite/src/pages/flow/analytics/dashboard/dashboard.css","css-class","botao","9"
"apps/management-vite/src/pages/flow/analytics/dashboard/dashboard.css","css-class","bottom","6"
"apps/management-vite/src/pages/flow/analytics/dashboard/dashboard.css","css-class","branco","1"
"apps/management-vite/src/pages/flow/analytics/dashboard/dashboard.css","css-class","cabeca","5"
"apps/management-vite/src/pages/flow/analytics/dashboard/dashboard.css","css-class","cabecalho","1"
"apps/management-vite/src/pages/flow/analytics/dashboard/dashboard.css","css-class","center","4"
"apps/management-vite/src/pages/flow/analytics/dashboard/dashboard.css","css-class","colunas","3"
"apps/management-vite/src/pages/flow/analytics/dashboard/dashboard.css","css-class","conteudo","1"
"apps/management-vite/src/pages/flow/analytics/dashboard/dashboard.css","css-class","cor","5"
"apps/management-vite/src/pages/flow/analytics/dashboard/dashboard.css","css-class","dica","16"
"apps/management-vite/src/pages/flow/analytics/dashboard/dashboard.css","css-class","escuro","1"
"apps/management-vite/src/pages/flow/analytics/dashboard/dashboard.css","css-class","fio","1"
"apps/management-vite/src/pages/flow/analytics/dashboard/dashboard.css","css-class","fundo","3"
"apps/management-vite/src/pages/flow/analytics/dashboard/dashboard.css","css-class","metrica","3"
"apps/management-vite/src/pages/flow/analytics/dashboard/dashboard.css","css-class","sombra","1"
"apps/management-vite/src/pages/flow/analytics/dashboard/dashboard.css","css-class","texto","1"
"apps/management-vite/src/pages/flow/analytics/dashboard/dashboard.css","css-class","textos","1"
"apps/management-vite/src/pages/flow/analytics/dashboard/dashboard.css","css-class","titulos","1"
"apps/management-vite/src/pages/flow/analytics/dashboard/dashboard.css","css-custom-property","ativo","1"
"apps/management-vite/src/pages/flow/analytics/dashboard/dashboard.css","css-custom-property","bottom","6"
"apps/management-vite/src/pages/flow/analytics/dashboard/dashboard.css","css-custom-property","branco","1"
"apps/management-vite/src/pages/flow/analytics/dashboard/dashboard.css","css-custom-property","center","4"
"apps/management-vite/src/pages/flow/analytics/dashboard/dashboard.css","css-custom-property","escuro","1"
"apps/management-vite/src/pages/flow/analytics/dashboard/dashboard.css","css-custom-property","faixa","2"
"apps/management-vite/src/pages/flow/analytics/dashboard/dashboard.css","css-custom-property","fundo","3"
"apps/management-vite/src/pages/flow/analytics/dashboard/dashboard.css","css-custom-property","grafico","9"
"apps/management-vite/src/pages/flow/analytics/dashboard/dashboard.css","css-custom-property","sombra","6"
"apps/management-vite/src/pages/flow/analytics/dashboard/dashboard.tsx","comment","","1"
"apps/management-vite/src/pages/flow/analytics/dashboard/dashboard.tsx","identifier","contatos","1"
"apps/management-vite/src/pages/flow/analytics/dashboard/dashboard.tsx","identifier","filtros","1"
"apps/management-vite/src/pages/flow/analytics/dashboard/dashboard.tsx","identifier","intervalo","1"
"apps/management-vite/src/pages/flow/analytics/dashboard/dashboard.tsx","identifier","padrao","1"
"apps/management-vite/src/pages/flow/analytics/dashboard/dashboard.tsx","identifier","periodo","6"
"apps/management-vite/src/pages/flow/analytics/dashboard/period-custom.tsx","comment","","2"
"apps/management-vite/src/pages/flow/analytics/dashboard/period-custom.tsx","identifier","minimo","1"
"apps/management-vite/src/pages/flow/analytics/dashboard/period-custom.tsx","string-literal","botao","1"
"apps/management-vite/src/pages/flow/analytics/dashboard/resposta.ts","identifier","intervalo","2"
"apps/management-vite/src/pages/flow/analytics/dashboard/resposta.ts","identifier","nomes","1"
"apps/management-vite/src/pages/flow/analytics/dashboard/resposta.ts","literal-value","interacao","1"
"apps/management-vite/src/pages/flow/analytics/dashboard/resposta.ts","literal-value","rejeicao","1"
"apps/management-vite/src/pages/flow/analytics/dashboard/tela.tsx","comment","","2"
"apps/management-vite/src/pages/flow/analytics/dashboard/tela.tsx","identifier","antes","5"
"apps/management-vite/src/pages/flow/analytics/dashboard/tela.tsx","identifier","botao","1"
"apps/management-vite/src/pages/flow/analytics/dashboard/tela.tsx","identifier","bottom","1"
"apps/management-vite/src/pages/flow/analytics/dashboard/tela.tsx","identifier","cabeca","6"
"apps/management-vite/src/pages/flow/analytics/dashboard/tela.tsx","identifier","calendario","1"
"apps/management-vite/src/pages/flow/analytics/dashboard/tela.tsx","identifier","chave","6"
"apps/management-vite/src/pages/flow/analytics/dashboard/tela.tsx","identifier","colunas","2"
"apps/management-vite/src/pages/flow/analytics/dashboard/tela.tsx","identifier","com","5"
"apps/management-vite/src/pages/flow/analytics/dashboard/tela.tsx","identifier","cor","11"
"apps/management-vite/src/pages/flow/analytics/dashboard/tela.tsx","identifier","dica","15"
"apps/management-vite/src/pages/flow/analytics/dashboard/tela.tsx","identifier","folga","1"
"apps/management-vite/src/pages/flow/analytics/dashboard/tela.tsx","identifier","fora","3"
"apps/management-vite/src/pages/flow/analytics/dashboard/tela.tsx","identifier","grafico","1"
"apps/management-vite/src/pages/flow/analytics/dashboard/tela.tsx","identifier","intervalo","3"
"apps/management-vite/src/pages/flow/analytics/dashboard/tela.tsx","identifier","maximo","1"
"apps/management-vite/src/pages/flow/analytics/dashboard/tela.tsx","identifier","nomes","1"
"apps/management-vite/src/pages/flow/analytics/dashboard/tela.tsx","identifier","padrao","9"
"apps/management-vite/src/pages/flow/analytics/dashboard/tela.tsx","identifier","percentual","10"
"apps/management-vite/src/pages/flow/analytics/dashboard/tela.tsx","identifier","periodo","2"
"apps/management-vite/src/pages/flow/analytics/dashboard/tela.tsx","identifier","sem","6"
"apps/management-vite/src/pages/flow/analytics/dashboard/tela.tsx","identifier","sinal","1"
"apps/management-vite/src/pages/flow/analytics/dashboard/tela.tsx","identifier","sombra","1"
"apps/management-vite/src/pages/flow/analytics/dashboard/tela.tsx","identifier","taxa","3"
"apps/management-vite/src/pages/flow/analytics/dashboard/tela.tsx","identifier","texto","16"
"apps/management-vite/src/pages/flow/analytics/dashboard/tela.tsx","identifier","tudo","3"
"apps/management-vite/src/pages/flow/analytics/dashboard/tela.tsx","identifier","valor","5"
"apps/management-vite/src/pages/flow/analytics/dashboard/tela.tsx","literal-value","bottom","1"
"apps/management-vite/src/pages/flow/analytics/dashboard/tela.tsx","literal-value","center","1"
"apps/management-vite/src/pages/flow/analytics/dashboard/tela.tsx","literal-value","enviada","1"
"apps/management-vite/src/pages/flow/analytics/dashboard/tela.tsx","literal-value","escuro","1"
"apps/management-vite/src/pages/flow/analytics/dashboard/tela.tsx","literal-value","interacao","2"
"apps/management-vite/src/pages/flow/analytics/dashboard/tela.tsx","literal-value","nao","1"
"apps/management-vite/src/pages/flow/analytics/dashboard/tela.tsx","literal-value","rejeicao","2"
"apps/management-vite/src/pages/flow/analytics/dashboard/tela.tsx","string-literal","apagado","1"
"apps/management-vite/src/pages/flow/analytics/dashboard/tela.tsx","string-literal","balao","1"
"apps/management-vite/src/pages/flow/analytics/dashboard/tela.tsx","string-literal","blocos","1"
"apps/management-vite/src/pages/flow/analytics/dashboard/tela.tsx","string-literal","botao","4"
"apps/management-vite/src/pages/flow/analytics/dashboard/tela.tsx","string-literal","branco","1"
"apps/management-vite/src/pages/flow/analytics/dashboard/tela.tsx","string-literal","cabeca","3"
"apps/management-vite/src/pages/flow/analytics/dashboard/tela.tsx","string-literal","cabecalho","1"
"apps/management-vite/src/pages/flow/analytics/dashboard/tela.tsx","string-literal","colunas","3"
"apps/management-vite/src/pages/flow/analytics/dashboard/tela.tsx","string-literal","conteudo","1"
"apps/management-vite/src/pages/flow/analytics/dashboard/tela.tsx","string-literal","dica","3"
"apps/management-vite/src/pages/flow/analytics/dashboard/tela.tsx","string-literal","fio","1"
"apps/management-vite/src/pages/flow/analytics/dashboard/tela.tsx","string-literal","fundo","1"
"apps/management-vite/src/pages/flow/analytics/dashboard/tela.tsx","string-literal","metrica","2"
"apps/management-vite/src/pages/flow/analytics/dashboard/tela.tsx","string-literal","periodo","1"
"apps/management-vite/src/pages/flow/analytics/dashboard/tela.tsx","string-literal","texto","1"
"apps/management-vite/src/pages/flow/analytics/dashboard/tela.tsx","string-literal","textos","1"
"apps/management-vite/src/pages/flow/analytics/dashboard/tela.tsx","string-literal","titulos","1"
"apps/management-vite/src/pages/flow/analytics/data-dictionary/dictionary.css","comment","","3"
"apps/management-vite/src/pages/flow/analytics/data-dictionary/dictionary.css","css-class","ativo","5"
"apps/management-vite/src/pages/flow/analytics/data-dictionary/dictionary.css","css-class","botao","2"
"apps/management-vite/src/pages/flow/analytics/data-dictionary/dictionary.css","css-class","cabeca","4"
"apps/management-vite/src/pages/flow/analytics/data-dictionary/dictionary.css","css-class","crua","1"
"apps/management-vite/src/pages/flow/analytics/data-dictionary/dictionary.css","css-class","etiqueta","3"
"apps/management-vite/src/pages/flow/analytics/data-dictionary/dictionary.css","css-class","exemplo","1"
"apps/management-vite/src/pages/flow/analytics/data-dictionary/dictionary.css","css-class","padrao","1"
"apps/management-vite/src/pages/flow/analytics/data-dictionary/dictionary.css","css-class","simples","1"
"apps/management-vite/src/pages/flow/analytics/data-dictionary/dictionary.css","css-class","texto","2"
"apps/management-vite/src/pages/flow/analytics/data-dictionary/dictionary.css","css-class","unico","6"
"apps/management-vite/src/pages/flow/analytics/data-dictionary/dictionary.css","css-custom-property","conteudo","4"
"apps/management-vite/src/pages/flow/analytics/data-dictionary/dictionary.css","css-custom-property","erro","2"
"apps/management-vite/src/pages/flow/analytics/data-dictionary/dictionary.css","css-custom-property","fundo","5"
"apps/management-vite/src/pages/flow/analytics/data-dictionary/dictionary.css","css-custom-property","padrao","1"
"apps/management-vite/src/pages/flow/analytics/data-dictionary/dictionary.css","css-custom-property","passagem","1"
"apps/management-vite/src/pages/flow/analytics/data-dictionary/dictionary.css","css-custom-property","simples","1"
"apps/management-vite/src/pages/flow/analytics/data-dictionary/dictionary.css","css-custom-property","sombra","5"
"apps/management-vite/src/pages/flow/analytics/data-dictionary/dictionary.tsx","comment","","1"
"apps/management-vite/src/pages/flow/analytics/data-dictionary/dictionary.tsx","identifier","ativo","16"
"apps/management-vite/src/pages/flow/analytics/data-dictionary/dictionary.tsx","identifier","cor","2"
"apps/management-vite/src/pages/flow/analytics/data-dictionary/dictionary.tsx","identifier","unico","1"
"apps/management-vite/src/pages/flow/analytics/data-dictionary/dictionary.tsx","string-literal","botao","1"
"apps/management-vite/src/pages/flow/analytics/data-dictionary/dictionary.tsx","string-literal","cabeca","2"
"apps/management-vite/src/pages/flow/analytics/data-dictionary/dictionary.tsx","string-literal","texto","1"
"apps/management-vite/src/pages/flow/analytics/data-dictionary/dictionary.tsx","string-literal","unico","4"
"apps/management-vite/src/pages/flow/analytics/data-dictionary/pages.tsx","identifier","atualizado","1"
"apps/management-vite/src/pages/flow/analytics/data-dictionary/pages.tsx","identifier","blocos","1"
"apps/management-vite/src/pages/flow/analytics/data-dictionary/pages.tsx","identifier","cabecalho","4"
"apps/management-vite/src/pages/flow/analytics/data-dictionary/pages.tsx","identifier","colunas","1"
"apps/management-vite/src/pages/flow/analytics/data-dictionary/pages.tsx","identifier","crua","1"
"apps/management-vite/src/pages/flow/analytics/data-dictionary/pages.tsx","identifier","exemplo","2"
"apps/management-vite/src/pages/flow/analytics/data-dictionary/pages.tsx","identifier","simples","1"
"apps/management-vite/src/pages/flow/analytics/data-dictionary/pages.tsx","identifier","texto","6"
"apps/management-vite/src/pages/flow/analytics/data-dictionary/pages.tsx","identifier","todos","1"
"apps/management-vite/src/pages/flow/analytics/data-dictionary/pages.tsx","literal-value","atendente","1"
"apps/management-vite/src/pages/flow/analytics/data-dictionary/pages.tsx","literal-value","coluna","1"
"apps/management-vite/src/pages/flow/analytics/data-dictionary/pages.tsx","literal-value","definicao","1"
"apps/management-vite/src/pages/flow/analytics/data-dictionary/pages.tsx","literal-value","descricao","1"
"apps/management-vite/src/pages/flow/analytics/data-dictionary/pages.tsx","literal-value","identificador","1"
"apps/management-vite/src/pages/flow/analytics/data-dictionary/pages.tsx","literal-value","metrica","1"
"apps/management-vite/src/pages/flow/analytics/data-dictionary/pages.tsx","literal-value","painel","1"
"apps/management-vite/src/pages/flow/analytics/data-dictionary/pages.tsx","string-literal","crua","3"
"apps/management-vite/src/pages/flow/analytics/data-dictionary/pages.tsx","string-literal","etiqueta","2"
"apps/management-vite/src/pages/flow/analytics/data-dictionary/pages.tsx","string-literal","exemplo","1"
"apps/management-vite/src/pages/flow/analytics/data-dictionary/pages.tsx","string-literal","padrao","1"
"apps/management-vite/src/pages/flow/analytics/data-dictionary/pages.tsx","string-literal","simples","1"
"apps/management-vite/src/pages/flow/analytics/data-dictionary/pages.tsx","string-literal","texto","1"
"apps/management-vite/src/pages/flow/analytics/journey/jornada.css","css-class","cabeca","1"
"apps/management-vite/src/pages/flow/analytics/journey/jornada.css","css-class","center","4"
"apps/management-vite/src/pages/flow/analytics/journey/jornada.css","css-class","conteudo","1"
"apps/management-vite/src/pages/flow/analytics/journey/jornada.css","css-class","faixa","1"
"apps/management-vite/src/pages/flow/analytics/journey/jornada.css","css-class","outros","2"
"apps/management-vite/src/pages/flow/analytics/journey/jornada.css","css-class","padrao","1"
"apps/management-vite/src/pages/flow/analytics/journey/jornada.css","css-class","saida","2"
"apps/management-vite/src/pages/flow/analytics/journey/jornada.css","css-class","texto","4"
"apps/management-vite/src/pages/flow/analytics/journey/jornada.css","css-custom-property","conteudo","7"
"apps/management-vite/src/pages/flow/analytics/journey/jornada.css","css-custom-property","outros","2"
"apps/management-vite/src/pages/flow/analytics/journey/jornada.css","css-custom-property","padrao","1"
"apps/management-vite/src/pages/flow/analytics/journey/jornada.css","css-custom-property","saida","2"
"apps/management-vite/src/pages/flow/analytics/journey/jornada.css","path","jornada","1"
"apps/management-vite/src/pages/flow/analytics/journey/jornada.tsx","comment","","1"
"apps/management-vite/src/pages/flow/analytics/journey/jornada.tsx","identifier","colunas","1"
"apps/management-vite/src/pages/flow/analytics/journey/jornada.tsx","identifier","cor","2"
"apps/management-vite/src/pages/flow/analytics/journey/jornada.tsx","identifier","evento","1"
"apps/management-vite/src/pages/flow/analytics/journey/jornada.tsx","identifier","faixas","1"
"apps/management-vite/src/pages/flow/analytics/journey/jornada.tsx","identifier","jornada","2"
"apps/management-vite/src/pages/flow/analytics/journey/jornada.tsx","identifier","nos","1"
"apps/management-vite/src/pages/flow/analytics/journey/jornada.tsx","identifier","periodo","2"
"apps/management-vite/src/pages/flow/analytics/journey/jornada.tsx","literal-value","outros","1"
"apps/management-vite/src/pages/flow/analytics/journey/jornada.tsx","literal-value","padrao","1"
"apps/management-vite/src/pages/flow/analytics/journey/jornada.tsx","literal-value","saida","1"
"apps/management-vite/src/pages/flow/analytics/journey/jornada.tsx","path","jornada","1"
"apps/management-vite/src/pages/flow/analytics/journey/jornada.tsx","string-literal","cabeca","1"
"apps/management-vite/src/pages/flow/analytics/journey/jornada.tsx","string-literal","conteudo","1"
"apps/management-vite/src/pages/flow/analytics/journey/jornada.tsx","string-literal","faixa","1"
"apps/management-vite/src/pages/flow/analytics/journey/jornada.tsx","string-literal","fundo","1"
"apps/management-vite/src/pages/flow/analytics/journey/jornada.tsx","string-literal","jornada","1"
"apps/management-vite/src/pages/flow/analytics/journey/jornada.tsx","string-literal","selo","2"
"apps/management-vite/src/pages/flow/analytics/journey/jornada.tsx","string-literal","texto","4"
"apps/management-vite/src/pages/flow/analytics/journey/page.tsx","comment","","1"
"apps/management-vite/src/pages/flow/analytics/journey/page.tsx","identifier","filtros","1"
"apps/management-vite/src/pages/flow/analytics/journey/page.tsx","identifier","jornada","2"
"apps/management-vite/src/pages/flow/analytics/journey/page.tsx","identifier","padrao","1"
"apps/management-vite/src/pages/flow/analytics/journey/page.tsx","identifier","periodo","2"
"apps/management-vite/src/pages/flow/analytics/journey/sankey.ts","identifier","colunas","3"
"apps/management-vite/src/pages/flow/analytics/journey/sankey.ts","identifier","dica","3"
"apps/management-vite/src/pages/flow/analytics/journey/sankey.ts","identifier","entra","2"
"apps/management-vite/src/pages/flow/analytics/journey/sankey.ts","identifier","faixa","1"
"apps/management-vite/src/pages/flow/analytics/journey/sankey.ts","identifier","faixas","3"
"apps/management-vite/src/pages/flow/analytics/journey/sankey.ts","identifier","folga","1"
"apps/management-vite/src/pages/flow/analytics/journey/sankey.ts","identifier","jornada","1"
"apps/management-vite/src/pages/flow/analytics/journey/sankey.ts","identifier","nos","3"
"apps/management-vite/src/pages/flow/analytics/journey/sankey.ts","identifier","outros","1"
"apps/management-vite/src/pages/flow/analytics/journey/sankey.ts","identifier","para","1"
"apps/management-vite/src/pages/flow/analytics/journey/sankey.ts","identifier","sai","2"
"apps/management-vite/src/pages/flow/analytics/journey/sankey.ts","identifier","saida","2"
"apps/management-vite/src/pages/flow/analytics/journey/sankey.ts","identifier","soma","1"
"apps/management-vite/src/pages/flow/analytics/overview/page.tsx","comment","","1"
"apps/management-vite/src/pages/flow/analytics/overview/page.tsx","identifier","dados","1"
"apps/management-vite/src/pages/flow/analytics/overview/page.tsx","identifier","filtros","1"
"apps/management-vite/src/pages/flow/analytics/overview/page.tsx","identifier","geral","3"
"apps/management-vite/src/pages/flow/analytics/overview/page.tsx","identifier","padrao","1"
"apps/management-vite/src/pages/flow/analytics/overview/page.tsx","identifier","periodo","2"
"apps/management-vite/src/pages/flow/analytics/overview/page.tsx","identifier","visao","3"
"apps/management-vite/src/pages/flow/analytics/overview/visao-geral.css","comment","","1"
"apps/management-vite/src/pages/flow/analytics/overview/visao-geral.css","css-class","botao","1"
"apps/management-vite/src/pages/flow/analytics/overview/visao-geral.css","css-class","center","1"
"apps/management-vite/src/pages/flow/analytics/overview/visao-geral.css","css-class","contador","4"
"apps/management-vite/src/pages/flow/analytics/overview/visao-geral.css","css-class","conteudo","1"
"apps/management-vite/src/pages/flow/analytics/overview/visao-geral.css","css-class","dica","1"
"apps/management-vite/src/pages/flow/analytics/overview/visao-geral.css","css-class","grafico","3"
"apps/management-vite/src/pages/flow/analytics/overview/visao-geral.css","css-class","sem","1"
"apps/management-vite/src/pages/flow/analytics/overview/visao-geral.css","css-class","texto","2"
"apps/management-vite/src/pages/flow/analytics/overview/visao-geral.css","css-custom-property","conteudo","2"
"apps/management-vite/src/pages/flow/analytics/overview/visao-geral.css","path","geral","1"
"apps/management-vite/src/pages/flow/analytics/overview/visao-geral.css","path","visao","1"
"apps/management-vite/src/pages/flow/analytics/overview/visao-geral.tsx","identifier","contador","1"
"apps/management-vite/src/pages/flow/analytics/overview/visao-geral.tsx","identifier","dados","1"
"apps/management-vite/src/pages/flow/analytics/overview/visao-geral.tsx","identifier","dica","1"
"apps/management-vite/src/pages/flow/analytics/overview/visao-geral.tsx","identifier","dir","1"
"apps/management-vite/src/pages/flow/analytics/overview/visao-geral.tsx","identifier","esq","1"
"apps/management-vite/src/pages/flow/analytics/overview/visao-geral.tsx","identifier","geral","3"
"apps/management-vite/src/pages/flow/analytics/overview/visao-geral.tsx","identifier","grafico","1"
"apps/management-vite/src/pages/flow/analytics/overview/visao-geral.tsx","identifier","periodo","2"
"apps/management-vite/src/pages/flow/analytics/overview/visao-geral.tsx","identifier","visao","3"
"apps/management-vite/src/pages/flow/analytics/overview/visao-geral.tsx","literal-value","ativos","1"
"apps/management-vite/src/pages/flow/analytics/overview/visao-geral.tsx","path","geral","1"
"apps/management-vite/src/pages/flow/analytics/overview/visao-geral.tsx","path","visao","1"
"apps/management-vite/src/pages/flow/analytics/overview/visao-geral.tsx","string-literal","botao","2"
"apps/management-vite/src/pages/flow/analytics/overview/visao-geral.tsx","string-literal","contador","3"
"apps/management-vite/src/pages/flow/analytics/overview/visao-geral.tsx","string-literal","conteudo","1"
"apps/management-vite/src/pages/flow/analytics/overview/visao-geral.tsx","string-literal","dica","1"
"apps/management-vite/src/pages/flow/analytics/overview/visao-geral.tsx","string-literal","fundo","1"
"apps/management-vite/src/pages/flow/analytics/overview/visao-geral.tsx","string-literal","geral","1"
"apps/management-vite/src/pages/flow/analytics/overview/visao-geral.tsx","string-literal","grafico","6"
"apps/management-vite/src/pages/flow/analytics/overview/visao-geral.tsx","string-literal","legado","3"
"apps/management-vite/src/pages/flow/analytics/overview/visao-geral.tsx","string-literal","selo","2"
"apps/management-vite/src/pages/flow/analytics/overview/visao-geral.tsx","string-literal","sem","1"
"apps/management-vite/src/pages/flow/analytics/overview/visao-geral.tsx","string-literal","texto","2"
"apps/management-vite/src/pages/flow/analytics/overview/visao-geral.tsx","string-literal","visao","1"
"apps/management-vite/src/pages/flow/analytics/pecas.tsx","identifier","agora","1"
"apps/management-vite/src/pages/flow/analytics/pecas.tsx","identifier","ano","1"
"apps/management-vite/src/pages/flow/analytics/pecas.tsx","identifier","dica","2"
"apps/management-vite/src/pages/flow/analytics/pecas.tsx","identifier","padrao","2"
"apps/management-vite/src/pages/flow/analytics/pecas.tsx","identifier","proprio","2"
"apps/management-vite/src/pages/flow/analytics/pecas.tsx","string-literal","cabeca","1"
"apps/management-vite/src/pages/flow/analytics/pecas.tsx","string-literal","cabecalho","4"
"apps/management-vite/src/pages/flow/analytics/pecas.tsx","string-literal","conteudo","1"
"apps/management-vite/src/pages/flow/analytics/pecas.tsx","string-literal","dica","1"
"apps/management-vite/src/pages/flow/analytics/report-manager/manager.css","css-class","aviso","3"
"apps/management-vite/src/pages/flow/analytics/report-manager/manager.css","css-class","botao","1"
"apps/management-vite/src/pages/flow/analytics/report-manager/manager.css","css-class","cabecalho","5"
"apps/management-vite/src/pages/flow/analytics/report-manager/manager.css","css-class","campo","5"
"apps/management-vite/src/pages/flow/analytics/report-manager/manager.css","css-class","fundo","1"
"apps/management-vite/src/pages/flow/analytics/report-manager/manager.css","css-class","gerar","1"
"apps/management-vite/src/pages/flow/analytics/report-manager/manager.css","css-class","interno","1"
"apps/management-vite/src/pages/flow/analytics/report-manager/manager.css","css-class","intervalos","3"
"apps/management-vite/src/pages/flow/analytics/report-manager/manager.css","css-class","termo","4"
"apps/management-vite/src/pages/flow/analytics/report-manager/manager.css","css-class","texto","4"
"apps/management-vite/src/pages/flow/analytics/report-manager/manager.css","css-custom-property","conteudo","3"
"apps/management-vite/src/pages/flow/analytics/report-manager/regras.ts","identifier","antes","1"
"apps/management-vite/src/pages/flow/analytics/report-manager/regras.ts","identifier","cinco","1"
"apps/management-vite/src/pages/flow/analytics/report-manager/regras.ts","identifier","intervalo","1"
"apps/management-vite/src/pages/flow/analytics/report-manager/regras.ts","identifier","intervalos","1"
"apps/management-vite/src/pages/flow/analytics/report-manager/regras.ts","path","regras","1"
"apps/management-vite/src/pages/flow/analytics/report-manager/tela.tsx","identifier","antes","1"
"apps/management-vite/src/pages/flow/analytics/report-manager/tela.tsx","identifier","aviso","1"
"apps/management-vite/src/pages/flow/analytics/report-manager/tela.tsx","identifier","cinco","1"
"apps/management-vite/src/pages/flow/analytics/report-manager/tela.tsx","identifier","dica","8"
"apps/management-vite/src/pages/flow/analytics/report-manager/tela.tsx","identifier","evento","2"
"apps/management-vite/src/pages/flow/analytics/report-manager/tela.tsx","identifier","gerar","1"
"apps/management-vite/src/pages/flow/analytics/report-manager/tela.tsx","identifier","intervalo","1"
"apps/management-vite/src/pages/flow/analytics/report-manager/tela.tsx","identifier","intervalos","1"
"apps/management-vite/src/pages/flow/analytics/report-manager/tela.tsx","identifier","minimo","1"
"apps/management-vite/src/pages/flow/analytics/report-manager/tela.tsx","identifier","termo","1"
"apps/management-vite/src/pages/flow/analytics/report-manager/tela.tsx","literal-value","atendente","1"
"apps/management-vite/src/pages/flow/analytics/report-manager/tela.tsx","literal-value","atendentes","2"
"apps/management-vite/src/pages/flow/analytics/report-manager/tela.tsx","literal-value","atendimento","2"
"apps/management-vite/src/pages/flow/analytics/report-manager/tela.tsx","literal-value","atendimentos","2"
"apps/management-vite/src/pages/flow/analytics/report-manager/tela.tsx","literal-value","ativas","2"
"apps/management-vite/src/pages/flow/analytics/report-manager/tela.tsx","literal-value","atuacao","1"
"apps/management-vite/src/pages/flow/analytics/report-manager/tela.tsx","literal-value","com","1"
"apps/management-vite/src/pages/flow/analytics/report-manager/tela.tsx","literal-value","completo","2"
"apps/management-vite/src/pages/flow/analytics/report-manager/tela.tsx","literal-value","conversa","1"
"apps/management-vite/src/pages/flow/analytics/report-manager/tela.tsx","literal-value","conversas","3"
"apps/management-vite/src/pages/flow/analytics/report-manager/tela.tsx","literal-value","dados","5"
"apps/management-vite/src/pages/flow/analytics/report-manager/tela.tsx","literal-value","das","1"
"apps/management-vite/src/pages/flow/analytics/report-manager/tela.tsx","literal-value","detalhes","1"
"apps/management-vite/src/pages/flow/analytics/report-manager/tela.tsx","literal-value","documentacao","1"
"apps/management-vite/src/pages/flow/analytics/report-manager/tela.tsx","literal-value","dos","3"
"apps/management-vite/src/pages/flow/analytics/report-manager/tela.tsx","literal-value","encerramento","1"
"apps/management-vite/src/pages/flow/analytics/report-manager/tela.tsx","literal-value","eventos","1"
"apps/management-vite/src/pages/flow/analytics/report-manager/tela.tsx","literal-value","historico","3"
"apps/management-vite/src/pages/flow/analytics/report-manager/tela.tsx","literal-value","mensagens","3"
"apps/management-vite/src/pages/flow/analytics/report-manager/tela.tsx","literal-value","mensais","1"
"apps/management-vite/src/pages/flow/analytics/report-manager/tela.tsx","literal-value","metricas","2"
"apps/management-vite/src/pages/flow/analytics/report-manager/tela.tsx","literal-value","operacao","1"
"apps/management-vite/src/pages/flow/analytics/report-manager/tela.tsx","literal-value","para","1"
"apps/management-vite/src/pages/flow/analytics/report-manager/tela.tsx","literal-value","rastreamento","1"
"apps/management-vite/src/pages/flow/analytics/report-manager/tela.tsx","literal-value","sobre","5"
"apps/management-vite/src/pages/flow/analytics/report-manager/tela.tsx","literal-value","sua","1"
"apps/management-vite/src/pages/flow/analytics/report-manager/tela.tsx","literal-value","todos","1"
"apps/management-vite/src/pages/flow/analytics/report-manager/tela.tsx","literal-value","transcricao","1"
"apps/management-vite/src/pages/flow/analytics/report-manager/tela.tsx","literal-value","usuarios","2"
"apps/management-vite/src/pages/flow/analytics/report-manager/tela.tsx","string-literal","aviso","2"
"apps/management-vite/src/pages/flow/analytics/report-manager/tela.tsx","string-literal","botao","2"
"apps/management-vite/src/pages/flow/analytics/report-manager/tela.tsx","string-literal","cabecalho","1"
"apps/management-vite/src/pages/flow/analytics/report-manager/tela.tsx","string-literal","campo","7"
"apps/management-vite/src/pages/flow/analytics/report-manager/tela.tsx","string-literal","dados","1"
"apps/management-vite/src/pages/flow/analytics/report-manager/tela.tsx","string-literal","dicionario","1"
"apps/management-vite/src/pages/flow/analytics/report-manager/tela.tsx","string-literal","fundo","2"
"apps/management-vite/src/pages/flow/analytics/report-manager/tela.tsx","string-literal","gerar","1"
"apps/management-vite/src/pages/flow/analytics/report-manager/tela.tsx","string-literal","interno","3"
"apps/management-vite/src/pages/flow/analytics/report-manager/tela.tsx","string-literal","intervalos","1"
"apps/management-vite/src/pages/flow/analytics/report-manager/tela.tsx","string-literal","termo","1"
"apps/management-vite/src/pages/flow/analytics/report-manager/tela.tsx","string-literal","texto","2"
"apps/management-vite/src/pages/flow/analytics/reports/reports.css","comment","","1"
"apps/management-vite/src/pages/flow/analytics/reports/reports.css","css-class","nao","1"
"apps/management-vite/src/pages/flow/analytics/reports/reports.css","css-class","texto","1"
"apps/management-vite/src/pages/flow/analytics/reports/reports.css","css-custom-property","sombra","2"
"apps/management-vite/src/pages/flow/analytics/reports/reports.tsx","comment","","1"
"apps/management-vite/src/pages/flow/analytics/reports/reports.tsx","identifier","agora","3"
"apps/management-vite/src/pages/flow/analytics/reports/reports.tsx","identifier","confirmar","1"
"apps/management-vite/src/pages/flow/analytics/reports/reports.tsx","identifier","quando","1"
"apps/management-vite/src/pages/flow/analytics/reports/reports.tsx","identifier","quanto","1"
"apps/management-vite/src/pages/flow/analytics/reports/reports.tsx","string-literal","fundo","1"
"apps/management-vite/src/pages/flow/analytics/reports/reports.tsx","string-literal","legado","2"
"apps/management-vite/src/pages/flow/analytics/reports/reports.tsx","string-literal","nao","1"
"apps/management-vite/src/pages/flow/analytics/reports/reports.tsx","string-literal","selo","2"
"apps/management-vite/src/pages/flow/analytics/reports/reports.tsx","string-literal","texto","1"
"apps/management-vite/src/pages/flow/analytics/shell.tsx","comment","","1"
"apps/management-vite/src/pages/flow/analytics/shell.tsx","identifier","captura","1"
"apps/management-vite/src/pages/flow/analytics/vista.tsx","string-literal","cabeca","1"
"apps/management-vite/src/pages/flow/analytics/vista.tsx","string-literal","selo","1"
"apps/management-vite/src/pages/flow/analytics/vista.tsx","string-literal","texto","2"
"apps/management-vite/src/pages/flow/barra-of-contact.tsx","identifier","ativo","2"
"apps/management-vite/src/pages/flow/barra-of-contact.tsx","identifier","limite","1"
"apps/management-vite/src/pages/flow/barra-of-contact.tsx","identifier","minhas","1"
"apps/management-vite/src/pages/flow/barra-of-contact.tsx","string-literal","mais","1"
"apps/management-vite/src/pages/flow/barra-of-contact.tsx","string-literal","selo","5"
"apps/management-vite/src/pages/flow/barra-of-contact.tsx","string-literal","subbarra","1"
"apps/management-vite/src/pages/flow/cards.tsx","identifier","ativos","2"
"apps/management-vite/src/pages/flow/cards.tsx","identifier","botao","1"
"apps/management-vite/src/pages/flow/cards.tsx","identifier","campo","1"
"apps/management-vite/src/pages/flow/cards.tsx","identifier","dica","3"
"apps/management-vite/src/pages/flow/cards.tsx","identifier","equipe","1"
"apps/management-vite/src/pages/flow/cards.tsx","identifier","extensao","1"
"apps/management-vite/src/pages/flow/cards.tsx","identifier","metrica","1"
"apps/management-vite/src/pages/flow/cards.tsx","identifier","pilha","1"
"apps/management-vite/src/pages/flow/cards.tsx","identifier","plano","1"
"apps/management-vite/src/pages/flow/cards.tsx","identifier","sempre","4"
"apps/management-vite/src/pages/flow/cards.tsx","string-literal","botao","2"
"apps/management-vite/src/pages/flow/cards.tsx","string-literal","campo","2"
"apps/management-vite/src/pages/flow/cards.tsx","string-literal","campos","1"
"apps/management-vite/src/pages/flow/cards.tsx","string-literal","canais","1"
"apps/management-vite/src/pages/flow/cards.tsx","string-literal","dica","1"
"apps/management-vite/src/pages/flow/cards.tsx","string-literal","equipe","1"
"apps/management-vite/src/pages/flow/cards.tsx","string-literal","extensao","8"
"apps/management-vite/src/pages/flow/cards.tsx","string-literal","faixa","8"
"apps/management-vite/src/pages/flow/cards.tsx","string-literal","metrica","7"
"apps/management-vite/src/pages/flow/cards.tsx","string-literal","pilha","3"
"apps/management-vite/src/pages/flow/cards.tsx","string-literal","resumo","1"
"apps/management-vite/src/pages/flow/cards.tsx","string-literal","selo","2"
"apps/management-vite/src/pages/flow/cards.tsx","string-literal","texto","1"
"apps/management-vite/src/pages/flow/cards.tsx","string-literal","textos","1"
"apps/management-vite/src/pages/flow/channels/channel-of-bot.css","comment","","4"
"apps/management-vite/src/pages/flow/channels/channel-of-bot.css","css-class","botao","2"
"apps/management-vite/src/pages/flow/channels/channel-of-bot.css","css-class","desconectar","2"
"apps/management-vite/src/pages/flow/channels/channel-of-bot.css","css-class","texto","1"
"apps/management-vite/src/pages/flow/channels/channel-of-bot.css","css-custom-property","conteudo","11"
"apps/management-vite/src/pages/flow/channels/channel-of-bot.css","css-custom-property","fundo","1"
"apps/management-vite/src/pages/flow/channels/channels.css","css-class","botao","2"
"apps/management-vite/src/pages/flow/channels/channels.css","css-custom-property","conteudo","3"
"apps/management-vite/src/pages/flow/channels/channels.tsx","comment","","1"
"apps/management-vite/src/pages/flow/channels/channels.tsx","identifier","sempre","3"
"apps/management-vite/src/pages/flow/channels/channels.tsx","string-literal","cabecalho","1"
"apps/management-vite/src/pages/flow/channels/channels.tsx","string-literal","conteudo","1"
"apps/management-vite/src/pages/flow/channels/conexao.tsx","comment","","2"
"apps/management-vite/src/pages/flow/channels/conexao.tsx","identifier","ativar","5"
"apps/management-vite/src/pages/flow/channels/conexao.tsx","identifier","botao","5"
"apps/management-vite/src/pages/flow/channels/conexao.tsx","identifier","campo","1"
"apps/management-vite/src/pages/flow/channels/conexao.tsx","identifier","confirmar","2"
"apps/management-vite/src/pages/flow/channels/conexao.tsx","identifier","desconectar","1"
"apps/management-vite/src/pages/flow/channels/conexao.tsx","identifier","etiqueta","1"
"apps/management-vite/src/pages/flow/channels/conexao.tsx","identifier","livres","1"
"apps/management-vite/src/pages/flow/channels/conexao.tsx","identifier","nao","4"
"apps/management-vite/src/pages/flow/channels/conexao.tsx","identifier","pode","1"
"apps/management-vite/src/pages/flow/channels/conexao.tsx","identifier","resultado","2"
"apps/management-vite/src/pages/flow/channels/conexao.tsx","identifier","textos","4"
"apps/management-vite/src/pages/flow/channels/conexao.tsx","string-literal","desconectar","1"
"apps/management-vite/src/pages/flow/channels/conexao.tsx","string-literal","faixa","1"
"apps/management-vite/src/pages/flow/channels/instagram/page.tsx","comment","","1"
"apps/management-vite/src/pages/flow/channels/instagram/page.tsx","identifier","botao","1"
"apps/management-vite/src/pages/flow/channels/instagram/page.tsx","identifier","desconectar","1"
"apps/management-vite/src/pages/flow/channels/messenger/page.tsx","comment","","1"
"apps/management-vite/src/pages/flow/channels/messenger/page.tsx","identifier","botao","1"
"apps/management-vite/src/pages/flow/channels/messenger/page.tsx","identifier","desconectar","1"
"apps/management-vite/src/pages/flow/channels/messenger/page.tsx","string-literal","com","1"
"apps/management-vite/src/pages/flow/channels/shell-of-channel.tsx","comment","","1"
"apps/management-vite/src/pages/flow/channels/shell-of-channel.tsx","string-literal","cabecalho","1"
"apps/management-vite/src/pages/flow/channels/shell-of-channel.tsx","string-literal","conteudo","1"
"apps/management-vite/src/pages/flow/channels/shell-of-channel.tsx","string-literal","selo","1"
"apps/management-vite/src/pages/flow/channels/whatsapp/alerta.tsx","comment","","1"
"apps/management-vite/src/pages/flow/channels/whatsapp/alerta.tsx","identifier","ativo","1"
"apps/management-vite/src/pages/flow/channels/whatsapp/alerta.tsx","identifier","botao","1"
"apps/management-vite/src/pages/flow/channels/whatsapp/alerta.tsx","identifier","campo","1"
"apps/management-vite/src/pages/flow/channels/whatsapp/alerta.tsx","identifier","etiqueta","1"
"apps/management-vite/src/pages/flow/channels/whatsapp/alerta.tsx","identifier","para","1"
"apps/management-vite/src/pages/flow/channels/whatsapp/alerta.tsx","identifier","resultado","2"
"apps/management-vite/src/pages/flow/channels/whatsapp/alerta.tsx","identifier","texto","2"
"apps/management-vite/src/pages/flow/channels/whatsapp/alerta.tsx","string-literal","texto","1"
"apps/management-vite/src/pages/flow/channels/whatsapp/channel-whatsapp.css","comment","","1"
"apps/management-vite/src/pages/flow/channels/whatsapp/channel-whatsapp.css","css-class","contador","1"
"apps/management-vite/src/pages/flow/channels/whatsapp/channel-whatsapp.css","css-class","foto","2"
"apps/management-vite/src/pages/flow/channels/whatsapp/channel-whatsapp.css","css-class","perfil","2"
"apps/management-vite/src/pages/flow/channels/whatsapp/channel-whatsapp.css","css-class","texto","2"
"apps/management-vite/src/pages/flow/channels/whatsapp/channel-whatsapp.css","css-custom-property","conteudo","2"
"apps/management-vite/src/pages/flow/channels/whatsapp/perfil.tsx","comment","","1"
"apps/management-vite/src/pages/flow/channels/whatsapp/perfil.tsx","identifier","botao","1"
"apps/management-vite/src/pages/flow/channels/whatsapp/perfil.tsx","identifier","bottom","1"
"apps/management-vite/src/pages/flow/channels/whatsapp/perfil.tsx","identifier","campo","1"
"apps/management-vite/src/pages/flow/channels/whatsapp/perfil.tsx","identifier","categoria","2"
"apps/management-vite/src/pages/flow/channels/whatsapp/perfil.tsx","identifier","como","1"
"apps/management-vite/src/pages/flow/channels/whatsapp/perfil.tsx","identifier","etiqueta","1"
"apps/management-vite/src/pages/flow/channels/whatsapp/perfil.tsx","identifier","foto","5"
"apps/management-vite/src/pages/flow/channels/whatsapp/perfil.tsx","identifier","ler","1"
"apps/management-vite/src/pages/flow/channels/whatsapp/perfil.tsx","identifier","limites","1"
"apps/management-vite/src/pages/flow/channels/whatsapp/perfil.tsx","identifier","mudou","1"
"apps/management-vite/src/pages/flow/channels/whatsapp/perfil.tsx","identifier","perfil","8"
"apps/management-vite/src/pages/flow/channels/whatsapp/perfil.tsx","identifier","resultado","2"
"apps/management-vite/src/pages/flow/channels/whatsapp/perfil.tsx","path","perfil","1"
"apps/management-vite/src/pages/flow/channels/whatsapp/perfil.tsx","string-literal","campo","1"
"apps/management-vite/src/pages/flow/channels/whatsapp/perfil.tsx","string-literal","contador","3"
"apps/management-vite/src/pages/flow/channels/whatsapp/perfil.tsx","string-literal","foto","1"
"apps/management-vite/src/pages/flow/channels/whatsapp/perfil.tsx","string-literal","perfil","1"
"apps/management-vite/src/pages/flow/channels/whatsapp/settings.tsx","identifier","campo","1"
"apps/management-vite/src/pages/flow/channels/whatsapp/settings.tsx","identifier","etiqueta","1"
"apps/management-vite/src/pages/flow/channels/whatsapp/settings.tsx","identifier","resultado","1"
"apps/management-vite/src/pages/flow/channels/whatsapp/settings.tsx","literal-value","quick","2"
"apps/management-vite/src/pages/flow/channels/whatsapp/settings.tsx","string-literal","texto","2"
"apps/management-vite/src/pages/flow/channels/whatsapp/shell.tsx","comment","","2"
"apps/management-vite/src/pages/flow/channels/whatsapp/visao-geral.tsx","comment","","1"
"apps/management-vite/src/pages/flow/channels/whatsapp/visao-geral.tsx","identifier","botao","1"
"apps/management-vite/src/pages/flow/channels/whatsapp/visao-geral.tsx","identifier","desconectar","1"
"apps/management-vite/src/pages/flow/channels/whatsapp/visao-geral.tsx","identifier","geral","1"
"apps/management-vite/src/pages/flow/channels/whatsapp/visao-geral.tsx","identifier","nao","1"
"apps/management-vite/src/pages/flow/channels/whatsapp/visao-geral.tsx","identifier","para","1"
"apps/management-vite/src/pages/flow/channels/whatsapp/visao-geral.tsx","identifier","visao","1"
"apps/management-vite/src/pages/flow/channels/whatsapp/visao-geral.tsx","path","geral","1"
"apps/management-vite/src/pages/flow/channels/whatsapp/visao-geral.tsx","path","visao","1"
"apps/management-vite/src/pages/flow/channels/whatsapp/visao-geral.tsx","string-literal","botao","1"
"apps/management-vite/src/pages/flow/channels/whatsapp/visao-geral.tsx","string-literal","texto","1"
"apps/management-vite/src/pages/flow/contact.tsx","comment","","2"
"apps/management-vite/src/pages/flow/contact.tsx","identifier","ativo","2"
"apps/management-vite/src/pages/flow/contact.tsx","identifier","encontrado","1"
"apps/management-vite/src/pages/flow/contact.tsx","identifier","nao","1"
"apps/management-vite/src/pages/flow/contact.tsx","identifier","resto","1"
"apps/management-vite/src/pages/flow/contact.tsx","string-literal","conteudo","2"
"apps/management-vite/src/pages/flow/contacts/contacts.css","comment","","1"
"apps/management-vite/src/pages/flow/contacts/contacts.css","css-class","aviso","1"
"apps/management-vite/src/pages/flow/contacts/contacts.css","css-class","balao","3"
"apps/management-vite/src/pages/flow/contacts/contacts.css","css-class","botao","5"
"apps/management-vite/src/pages/flow/contacts/contacts.css","css-class","cabeca","5"
"apps/management-vite/src/pages/flow/contacts/contacts.css","css-class","campo","1"
"apps/management-vite/src/pages/flow/contacts/contacts.css","css-class","conteudo","3"
"apps/management-vite/src/pages/flow/contacts/contacts.css","css-class","detalhes","4"
"apps/management-vite/src/pages/flow/contacts/contacts.css","css-class","dica","1"
"apps/management-vite/src/pages/flow/contacts/contacts.css","css-class","espaco","2"
"apps/management-vite/src/pages/flow/contacts/contacts.css","css-class","sem","1"
"apps/management-vite/src/pages/flow/contacts/contacts.css","css-custom-property","conteudo","36"
"apps/management-vite/src/pages/flow/contacts/contacts.css","css-custom-property","sombra","3"
"apps/management-vite/src/pages/flow/contacts/contacts.css","css-custom-property","tinta","1"
"apps/management-vite/src/pages/flow/contacts/detalhe/detalhe.tsx","identifier","ativo","2"
"apps/management-vite/src/pages/flow/contacts/detalhe/detalhe.tsx","identifier","encontrado","1"
"apps/management-vite/src/pages/flow/contacts/detalhe/detalhe.tsx","identifier","nao","1"
"apps/management-vite/src/pages/flow/contacts/detalhe/detalhe.tsx","string-literal","balao","1"
"apps/management-vite/src/pages/flow/contacts/detalhe/detalhe.tsx","string-literal","botao","4"
"apps/management-vite/src/pages/flow/contacts/detalhe/detalhe.tsx","string-literal","cabeca","1"
"apps/management-vite/src/pages/flow/contacts/detalhe/detalhe.tsx","string-literal","conteudo","1"
"apps/management-vite/src/pages/flow/contacts/detalhe/detalhe.tsx","string-literal","detalhes","2"
"apps/management-vite/src/pages/flow/contacts/detalhe/detalhe.tsx","string-literal","sem","1"
"apps/management-vite/src/pages/flow/contacts/detalhe/editar.tsx","comment","","1"
"apps/management-vite/src/pages/flow/contacts/detalhe/editar.tsx","identifier","aviso","1"
"apps/management-vite/src/pages/flow/contacts/detalhe/editar.tsx","identifier","evento","2"
"apps/management-vite/src/pages/flow/contacts/detalhe/editar.tsx","identifier","nulo","1"
"apps/management-vite/src/pages/flow/contacts/detalhe/editar.tsx","identifier","resultado","1"
"apps/management-vite/src/pages/flow/contacts/detalhe/editar.tsx","string-literal","aviso","1"
"apps/management-vite/src/pages/flow/contacts/detalhe/editar.tsx","string-literal","botao","3"
"apps/management-vite/src/pages/flow/contacts/detalhe/editar.tsx","string-literal","campo","1"
"apps/management-vite/src/pages/flow/contacts/detalhe/editar.tsx","string-literal","dica","1"
"apps/management-vite/src/pages/flow/contacts/detalhe/editar.tsx","string-literal","usuario","1"
"apps/management-vite/src/pages/flow/contacts/detalhe/gravar.ts","identifier","resultado","1"
"apps/management-vite/src/pages/flow/contacts/lista.tsx","comment","","1"
"apps/management-vite/src/pages/flow/contacts/lista.tsx","string-literal","botao","1"
"apps/management-vite/src/pages/flow/contacts/lista.tsx","string-literal","cabeca","3"
"apps/management-vite/src/pages/flow/contacts/lista.tsx","string-literal","conteudo","1"
"apps/management-vite/src/pages/flow/contacts/lista.tsx","string-literal","dica","2"
"apps/management-vite/src/pages/flow/contacts/lista.tsx","string-literal","espaco","1"
"apps/management-vite/src/pages/flow/contacts/regras.ts","identifier","atendimento","1"
"apps/management-vite/src/pages/flow/contacts/regras.ts","identifier","ativo","1"
"apps/management-vite/src/pages/flow/contacts/regras.ts","identifier","fila","1"
"apps/management-vite/src/pages/flow/contacts/regras.ts","literal-value","direita","1"
"apps/management-vite/src/pages/flow/contacts/regras.ts","literal-value","esquerda","1"
"apps/management-vite/src/pages/flow/contacts/regras.ts","path","regras","1"
"apps/management-vite/src/pages/flow/contents/conteudos.css","comment","","1"
"apps/management-vite/src/pages/flow/contents/conteudos.css","css-class","ativo","1"
"apps/management-vite/src/pages/flow/contents/conteudos.css","css-class","botao","11"
"apps/management-vite/src/pages/flow/contents/conteudos.css","css-class","cabecalho","7"
"apps/management-vite/src/pages/flow/contents/conteudos.css","css-class","campo","12"
"apps/management-vite/src/pages/flow/contents/conteudos.css","css-class","center","1"
"apps/management-vite/src/pages/flow/contents/conteudos.css","css-class","cheio","1"
"apps/management-vite/src/pages/flow/contents/conteudos.css","css-class","contorno","2"
"apps/management-vite/src/pages/flow/contents/conteudos.css","css-class","dica","1"
"apps/management-vite/src/pages/flow/contents/conteudos.css","css-class","indisponivel","3"
"apps/management-vite/src/pages/flow/contents/conteudos.css","css-class","invalido","1"
"apps/management-vite/src/pages/flow/contents/conteudos.css","css-class","resultado","4"
"apps/management-vite/src/pages/flow/contents/conteudos.css","css-class","sem","4"
"apps/management-vite/src/pages/flow/contents/conteudos.css","css-class","texto","3"
"apps/management-vite/src/pages/flow/contents/conteudos.css","css-custom-property","ativo","1"
"apps/management-vite/src/pages/flow/contents/conteudos.css","css-custom-property","cheio","1"
"apps/management-vite/src/pages/flow/contents/conteudos.css","css-custom-property","conteudo","49"
"apps/management-vite/src/pages/flow/contents/conteudos.css","css-custom-property","contorno","2"
"apps/management-vite/src/pages/flow/contents/conteudos.css","css-custom-property","erro","1"
"apps/management-vite/src/pages/flow/contents/conteudos.css","css-custom-property","fundo","5"
"apps/management-vite/src/pages/flow/contents/conteudos.css","css-custom-property","invalido","1"
"apps/management-vite/src/pages/flow/contents/conteudos.css","css-custom-property","sombra","2"
"apps/management-vite/src/pages/flow/contents/conteudos.css","css-custom-property","tinta","7"
"apps/management-vite/src/pages/flow/contents/conteudos.tsx","comment","","1"
"apps/management-vite/src/pages/flow/contents/conteudos.tsx","identifier","modelos","1"
"apps/management-vite/src/pages/flow/contents/regras.ts","comment","","2"
"apps/management-vite/src/pages/flow/contents/regras.ts","identifier","blocos","1"
"apps/management-vite/src/pages/flow/contents/regras.ts","identifier","carrossel","3"
"apps/management-vite/src/pages/flow/contents/regras.ts","identifier","categoria","7"
"apps/management-vite/src/pages/flow/contents/regras.ts","identifier","conteudo","2"
"apps/management-vite/src/pages/flow/contents/regras.ts","identifier","idioma","1"
"apps/management-vite/src/pages/flow/contents/regras.ts","identifier","idiomas","1"
"apps/management-vite/src/pages/flow/contents/regras.ts","identifier","modelos","1"
"apps/management-vite/src/pages/flow/contents/regras.ts","identifier","repetidos","2"
"apps/management-vite/src/pages/flow/contents/regras.ts","identifier","texto","1"
"apps/management-vite/src/pages/flow/contents/regras.ts","literal-value","autenticacao","1"
"apps/management-vite/src/pages/flow/contents/regras.ts","literal-value","carrossel","1"
"apps/management-vite/src/pages/flow/contents/regras.ts","literal-value","documento","1"
"apps/management-vite/src/pages/flow/contents/regras.ts","literal-value","imagem","1"
"apps/management-vite/src/pages/flow/contents/regras.ts","literal-value","indisponivel","1"
"apps/management-vite/src/pages/flow/contents/regras.ts","literal-value","invalido","1"
"apps/management-vite/src/pages/flow/contents/regras.ts","literal-value","pagamento","1"
"apps/management-vite/src/pages/flow/contents/regras.ts","literal-value","texto","1"
"apps/management-vite/src/pages/flow/contents/regras.ts","literal-value","usado","1"
"apps/management-vite/src/pages/flow/contents/regras.ts","literal-value","utilidade","1"
"apps/management-vite/src/pages/flow/contents/regras.ts","literal-value","vazio","1"
"apps/management-vite/src/pages/flow/contents/regras.ts","path","regras","1"
"apps/management-vite/src/pages/flow/contents/tela.tsx","comment","","2"
"apps/management-vite/src/pages/flow/contents/tela.tsx","identifier","aprovado","2"
"apps/management-vite/src/pages/flow/contents/tela.tsx","identifier","ativo","2"
"apps/management-vite/src/pages/flow/contents/tela.tsx","identifier","autenticacao","1"
"apps/management-vite/src/pages/flow/contents/tela.tsx","identifier","aviso","1"
"apps/management-vite/src/pages/flow/contents/tela.tsx","identifier","balao","1"
"apps/management-vite/src/pages/flow/contents/tela.tsx","identifier","blocos","2"
"apps/management-vite/src/pages/flow/contents/tela.tsx","identifier","botao","2"
"apps/management-vite/src/pages/flow/contents/tela.tsx","identifier","carrossel","1"
"apps/management-vite/src/pages/flow/contents/tela.tsx","identifier","categoria","5"
"apps/management-vite/src/pages/flow/contents/tela.tsx","identifier","codigo","2"
"apps/management-vite/src/pages/flow/contents/tela.tsx","identifier","conteudo","1"
"apps/management-vite/src/pages/flow/contents/tela.tsx","identifier","cor","1"
"apps/management-vite/src/pages/flow/contents/tela.tsx","identifier","descricao","2"
"apps/management-vite/src/pages/flow/contents/tela.tsx","identifier","documento","2"
"apps/management-vite/src/pages/flow/contents/tela.tsx","identifier","evento","9"
"apps/management-vite/src/pages/flow/contents/tela.tsx","identifier","faltando","1"
"apps/management-vite/src/pages/flow/contents/tela.tsx","identifier","idioma","4"
"apps/management-vite/src/pages/flow/contents/tela.tsx","identifier","idiomas","2"
"apps/management-vite/src/pages/flow/contents/tela.tsx","identifier","imagem","2"
"apps/management-vite/src/pages/flow/contents/tela.tsx","identifier","indisponivel","1"
"apps/management-vite/src/pages/flow/contents/tela.tsx","identifier","modelos","2"
"apps/management-vite/src/pages/flow/contents/tela.tsx","identifier","pagamento","1"
"apps/management-vite/src/pages/flow/contents/tela.tsx","identifier","repetidos","2"
"apps/management-vite/src/pages/flow/contents/tela.tsx","identifier","resultado","1"
"apps/management-vite/src/pages/flow/contents/tela.tsx","identifier","texto","5"
"apps/management-vite/src/pages/flow/contents/tela.tsx","identifier","utilidade","1"
"apps/management-vite/src/pages/flow/contents/tela.tsx","literal-value","documento","2"
"apps/management-vite/src/pages/flow/contents/tela.tsx","literal-value","imagem","2"
"apps/management-vite/src/pages/flow/contents/tela.tsx","literal-value","quick","1"
"apps/management-vite/src/pages/flow/contents/tela.tsx","literal-value","utilidade","1"
"apps/management-vite/src/pages/flow/contents/tela.tsx","string-literal","bloco","1"
"apps/management-vite/src/pages/flow/contents/tela.tsx","string-literal","botao","5"
"apps/management-vite/src/pages/flow/contents/tela.tsx","string-literal","cabecalho","4"
"apps/management-vite/src/pages/flow/contents/tela.tsx","string-literal","campo","9"
"apps/management-vite/src/pages/flow/contents/tela.tsx","string-literal","cheio","1"
"apps/management-vite/src/pages/flow/contents/tela.tsx","string-literal","com","1"
"apps/management-vite/src/pages/flow/contents/tela.tsx","string-literal","contorno","1"
"apps/management-vite/src/pages/flow/contents/tela.tsx","string-literal","dica","1"
"apps/management-vite/src/pages/flow/contents/tela.tsx","string-literal","indisponivel","3"
"apps/management-vite/src/pages/flow/contents/tela.tsx","string-literal","resultado","3"
"apps/management-vite/src/pages/flow/contents/tela.tsx","string-literal","sem","3"
"apps/management-vite/src/pages/flow/contents/tela.tsx","string-literal","texto","2"
"apps/management-vite/src/pages/flow/contents/tela.tsx","string-literal","traducao","1"
"apps/management-vite/src/pages/flow/flow.css","comment","","6"
"apps/management-vite/src/pages/flow/flow.css","css-class","ativo","4"
"apps/management-vite/src/pages/flow/flow.css","css-class","botao","5"
"apps/management-vite/src/pages/flow/flow.css","css-class","bottom","1"
"apps/management-vite/src/pages/flow/flow.css","css-class","cabecalho","1"
"apps/management-vite/src/pages/flow/flow.css","css-class","campo","4"
"apps/management-vite/src/pages/flow/flow.css","css-class","campos","1"
"apps/management-vite/src/pages/flow/flow.css","css-class","center","5"
"apps/management-vite/src/pages/flow/flow.css","css-class","dica","3"
"apps/management-vite/src/pages/flow/flow.css","css-class","equipe","1"
"apps/management-vite/src/pages/flow/flow.css","css-class","extensao","8"
"apps/management-vite/src/pages/flow/flow.css","css-class","faixa","4"
"apps/management-vite/src/pages/flow/flow.css","css-class","fio","1"
"apps/management-vite/src/pages/flow/flow.css","css-class","foto","1"
"apps/management-vite/src/pages/flow/flow.css","css-class","includes","1"
"apps/management-vite/src/pages/flow/flow.css","css-class","mais","13"
"apps/management-vite/src/pages/flow/flow.css","css-class","metrica","11"
"apps/management-vite/src/pages/flow/flow.css","css-class","pilha","5"
"apps/management-vite/src/pages/flow/flow.css","css-class","ponto","1"
"apps/management-vite/src/pages/flow/flow.css","css-class","resumo","1"
"apps/management-vite/src/pages/flow/flow.css","css-class","subbarra","1"
"apps/management-vite/src/pages/flow/flow.css","css-class","texto","1"
"apps/management-vite/src/pages/flow/flow.css","css-class","textos","1"
"apps/management-vite/src/pages/flow/flow.css","css-class","titulos","1"
"apps/management-vite/src/pages/flow/flow.css","css-custom-property","ativo","4"
"apps/management-vite/src/pages/flow/flow.css","css-custom-property","cartao","1"
"apps/management-vite/src/pages/flow/flow.css","css-custom-property","conteudo","16"
"apps/management-vite/src/pages/flow/flow.css","css-custom-property","erro","1"
"apps/management-vite/src/pages/flow/flow.css","css-custom-property","ponto","1"
"apps/management-vite/src/pages/flow/flow.css","css-custom-property","sombra","2"
"apps/management-vite/src/pages/flow/flow.css","css-custom-property","tinta","7"
"apps/management-vite/src/pages/flow/growth/active-messages/disparo.ts","identifier","atendimento","1"
"apps/management-vite/src/pages/flow/growth/active-messages/disparo.ts","identifier","contato","1"
"apps/management-vite/src/pages/flow/growth/active-messages/disparo.ts","identifier","diario","1"
"apps/management-vite/src/pages/flow/growth/active-messages/disparo.ts","identifier","duplicado","1"
"apps/management-vite/src/pages/flow/growth/active-messages/disparo.ts","identifier","enviada","1"
"apps/management-vite/src/pages/flow/growth/active-messages/disparo.ts","identifier","invalido","1"
"apps/management-vite/src/pages/flow/growth/active-messages/disparo.ts","identifier","limite","1"
"apps/management-vite/src/pages/flow/growth/active-messages/disparo.ts","identifier","limites","1"
"apps/management-vite/src/pages/flow/growth/active-messages/disparo.ts","identifier","padrao","1"
"apps/management-vite/src/pages/flow/growth/active-messages/disparo.ts","identifier","pedido","1"
"apps/management-vite/src/pages/flow/growth/active-messages/disparo.ts","identifier","recusadas","1"
"apps/management-vite/src/pages/flow/growth/active-messages/disparo.ts","identifier","resultado","1"
"apps/management-vite/src/pages/flow/growth/active-messages/tela.tsx","identifier","agora","1"
"apps/management-vite/src/pages/flow/growth/active-messages/tela.tsx","identifier","audiencia","1"
"apps/management-vite/src/pages/flow/growth/active-messages/tela.tsx","identifier","aviso","1"
"apps/management-vite/src/pages/flow/growth/active-messages/tela.tsx","identifier","categoria","1"
"apps/management-vite/src/pages/flow/growth/active-messages/tela.tsx","identifier","destinos","1"
"apps/management-vite/src/pages/flow/growth/active-messages/tela.tsx","identifier","enviada","1"
"apps/management-vite/src/pages/flow/growth/active-messages/tela.tsx","identifier","etapa","2"
"apps/management-vite/src/pages/flow/growth/active-messages/tela.tsx","identifier","evento","10"
"apps/management-vite/src/pages/flow/growth/active-messages/tela.tsx","identifier","falhou","1"
"apps/management-vite/src/pages/flow/growth/active-messages/tela.tsx","identifier","limites","2"
"apps/management-vite/src/pages/flow/growth/active-messages/tela.tsx","identifier","modelos","1"
"apps/management-vite/src/pages/flow/growth/active-messages/tela.tsx","identifier","resultado","2"
"apps/management-vite/src/pages/flow/growth/active-messages/tela.tsx","identifier","texto","2"
"apps/management-vite/src/pages/flow/growth/active-messages/tela.tsx","literal-value","massa","1"
"apps/management-vite/src/pages/flow/growth/active-messages/tela.tsx","string-literal","aviso","1"
"apps/management-vite/src/pages/flow/growth/active-messages/tela.tsx","string-literal","botao","9"
"apps/management-vite/src/pages/flow/growth/active-messages/tela.tsx","string-literal","cabeca","2"
"apps/management-vite/src/pages/flow/growth/active-messages/tela.tsx","string-literal","com","1"
"apps/management-vite/src/pages/flow/growth/active-messages/tela.tsx","string-literal","pesquisa","1"
"apps/management-vite/src/pages/flow/growth/active-messages/tela.tsx","string-literal","resultado","1"
"apps/management-vite/src/pages/flow/growth/ads/anuncios.tsx","comment","","1"
"apps/management-vite/src/pages/flow/growth/ads/anuncios.tsx","identifier","aviso","1"
"apps/management-vite/src/pages/flow/growth/ads/anuncios.tsx","path","anuncios","1"
"apps/management-vite/src/pages/flow/growth/ads/anuncios.tsx","string-literal","aviso","1"
"apps/management-vite/src/pages/flow/growth/ads/anuncios.tsx","string-literal","botao","1"
"apps/management-vite/src/pages/flow/growth/ads/anuncios.tsx","string-literal","espaco","2"
"apps/management-vite/src/pages/flow/growth/ads/anuncios.tsx","string-literal","texto","1"
"apps/management-vite/src/pages/flow/growth/clicktracker/clicktracker.tsx","comment","","1"
"apps/management-vite/src/pages/flow/growth/clicktracker/clicktracker.tsx","identifier","valor","4"
"apps/management-vite/src/pages/flow/growth/clicktracker/clicktracker.tsx","string-literal","botao","2"
"apps/management-vite/src/pages/flow/growth/clicktracker/clicktracker.tsx","string-literal","desempenho","3"
"apps/management-vite/src/pages/flow/growth/clicktracker/clicktracker.tsx","string-literal","dica","1"
"apps/management-vite/src/pages/flow/growth/clicktracker/clicktracker.tsx","string-literal","espaco","2"
"apps/management-vite/src/pages/flow/growth/clicktracker/clicktracker.tsx","string-literal","evento","2"
"apps/management-vite/src/pages/flow/growth/clicktracker/clicktracker.tsx","string-literal","ponto","1"
"apps/management-vite/src/pages/flow/growth/clicktracker/clicktracker.tsx","string-literal","texto","6"
"apps/management-vite/src/pages/flow/growth/growth.css","comment","","3"
"apps/management-vite/src/pages/flow/growth/growth.css","css-class","ativo","3"
"apps/management-vite/src/pages/flow/growth/growth.css","css-class","aviso","2"
"apps/management-vite/src/pages/flow/growth/growth.css","css-class","botao","12"
"apps/management-vite/src/pages/flow/growth/growth.css","css-class","cabeca","9"
"apps/management-vite/src/pages/flow/growth/growth.css","css-class","cheia","2"
"apps/management-vite/src/pages/flow/growth/growth.css","css-class","colunas","1"
"apps/management-vite/src/pages/flow/growth/growth.css","css-class","com","2"
"apps/management-vite/src/pages/flow/growth/growth.css","css-class","concluida","1"
"apps/management-vite/src/pages/flow/growth/growth.css","css-class","desempenho","3"
"apps/management-vite/src/pages/flow/growth/growth.css","css-class","dica","1"
"apps/management-vite/src/pages/flow/growth/growth.css","css-class","espaco","1"
"apps/management-vite/src/pages/flow/growth/growth.css","css-class","evento","2"
"apps/management-vite/src/pages/flow/growth/growth.css","css-class","grafico","1"
"apps/management-vite/src/pages/flow/growth/growth.css","css-class","metrica","8"
"apps/management-vite/src/pages/flow/growth/growth.css","css-class","pesquisa","1"
"apps/management-vite/src/pages/flow/growth/growth.css","css-class","ponto","2"
"apps/management-vite/src/pages/flow/growth/growth.css","css-class","resumo","3"
"apps/management-vite/src/pages/flow/growth/growth.css","css-class","subtitulo","3"
"apps/management-vite/src/pages/flow/growth/growth.css","css-class","texto","9"
"apps/management-vite/src/pages/flow/growth/growth.css","css-custom-property","conteudo","39"
"apps/management-vite/src/pages/flow/growth/growth.css","css-custom-property","fundo","2"
"apps/management-vite/src/pages/flow/growth/growth.css","css-custom-property","tinta","2"
"apps/management-vite/src/pages/flow/growth/navigation.tsx","comment","","1"
"apps/management-vite/src/pages/flow/growth/navigation.tsx","identifier","ativo","1"
"apps/management-vite/src/pages/flow/growth/navigation.tsx","string-literal","selo","1"
"apps/management-vite/src/pages/flow/growth/navigation.tsx","string-literal","subtitulo","1"
"apps/management-vite/src/pages/flow/growth/payments/payments.tsx","comment","","1"
"apps/management-vite/src/pages/flow/growth/payments/payments.tsx","identifier","cor","4"
"apps/management-vite/src/pages/flow/growth/payments/payments.tsx","string-literal","aviso","1"
"apps/management-vite/src/pages/flow/growth/payments/payments.tsx","string-literal","cheia","3"
"apps/management-vite/src/pages/flow/growth/payments/payments.tsx","string-literal","colunas","1"
"apps/management-vite/src/pages/flow/growth/payments/payments.tsx","string-literal","grafico","1"
"apps/management-vite/src/pages/flow/growth/payments/payments.tsx","string-literal","metrica","6"
"apps/management-vite/src/pages/flow/growth/payments/payments.tsx","string-literal","ponto","1"
"apps/management-vite/src/pages/flow/growth/payments/payments.tsx","string-literal","resumo","3"
"apps/management-vite/src/pages/flow/growth/regras.ts","comment","","1"
"apps/management-vite/src/pages/flow/growth/regras.ts","identifier","audiencia","1"
"apps/management-vite/src/pages/flow/growth/regras.ts","identifier","termo","1"
"apps/management-vite/src/pages/flow/growth/regras.ts","identifier","texto","1"
"apps/management-vite/src/pages/flow/growth/regras.ts","path","regras","1"
"apps/management-vite/src/pages/flow/growth/tracked-links/data.ts","comment","","2"
"apps/management-vite/src/pages/flow/growth/tracked-links/data.ts","identifier","campo","1"
"apps/management-vite/src/pages/flow/growth/tracked-links/data.ts","identifier","codigo","2"
"apps/management-vite/src/pages/flow/growth/tracked-links/data.ts","identifier","curta","1"
"apps/management-vite/src/pages/flow/growth/tracked-links/data.ts","identifier","resultado","1"
"apps/management-vite/src/pages/flow/growth/tracked-links/data.ts","literal-value","destino","2"
"apps/management-vite/src/pages/flow/growth/tracked-links/gravar.ts","identifier","campo","2"
"apps/management-vite/src/pages/flow/growth/tracked-links/gravar.ts","identifier","codigo","2"
"apps/management-vite/src/pages/flow/growth/tracked-links/gravar.ts","identifier","padrao","1"
"apps/management-vite/src/pages/flow/growth/tracked-links/gravar.ts","identifier","pedido","1"
"apps/management-vite/src/pages/flow/growth/tracked-links/gravar.ts","identifier","resultado","1"
"apps/management-vite/src/pages/flow/growth/tracked-links/links-rastreados.tsx","comment","","1"
"apps/management-vite/src/pages/flow/growth/tracked-links/links-rastreados.tsx","identifier","botao","1"
"apps/management-vite/src/pages/flow/growth/tracked-links/links-rastreados.tsx","identifier","copiado","1"
"apps/management-vite/src/pages/flow/growth/tracked-links/links-rastreados.tsx","identifier","evento","1"
"apps/management-vite/src/pages/flow/growth/tracked-links/links-rastreados.tsx","identifier","resultado","2"
"apps/management-vite/src/pages/flow/growth/tracked-links/links-rastreados.tsx","string-literal","aviso","3"
"apps/management-vite/src/pages/flow/growth/tracked-links/links-rastreados.tsx","string-literal","botao","4"
"apps/management-vite/src/pages/flow/growth/tracked-links/links-rastreados.tsx","string-literal","cabeca","2"
"apps/management-vite/src/pages/flow/home.tsx","comment","","1"
"apps/management-vite/src/pages/flow/home.tsx","string-literal","cabecalho","1"
"apps/management-vite/src/pages/flow/home.tsx","string-literal","conteudo","1"
"apps/management-vite/src/pages/flow/home.tsx","string-literal","fio","1"
"apps/management-vite/src/pages/flow/home.tsx","string-literal","foto","2"
"apps/management-vite/src/pages/flow/home.tsx","string-literal","titulos","1"
"apps/management-vite/src/pages/flow/integrations/header-of-page.css","comment","","1"
"apps/management-vite/src/pages/flow/integrations/header-of-page.css","css-class","ativar","1"
"apps/management-vite/src/pages/flow/integrations/header-of-page.css","css-class","cabecalho","1"
"apps/management-vite/src/pages/flow/integrations/header-of-page.css","css-class","coluna","1"
"apps/management-vite/src/pages/flow/integrations/header-of-page.css","css-class","conteudo","1"
"apps/management-vite/src/pages/flow/integrations/header-of-page.css","css-class","direita","1"
"apps/management-vite/src/pages/flow/integrations/header-of-page.css","css-custom-property","conteudo","5"
"apps/management-vite/src/pages/flow/integrations/illustrations.tsx","identifier","resto","1"
"apps/management-vite/src/pages/flow/integrations/integrations.css","comment","","3"
"apps/management-vite/src/pages/flow/integrations/integrations.css","css-class","aviso","1"
"apps/management-vite/src/pages/flow/integrations/integrations.css","css-class","botao","10"
"apps/management-vite/src/pages/flow/integrations/integrations.css","css-class","cabeca","1"
"apps/management-vite/src/pages/flow/integrations/integrations.css","css-class","cabecalho","1"
"apps/management-vite/src/pages/flow/integrations/integrations.css","css-class","cabecalhos","1"
"apps/management-vite/src/pages/flow/integrations/integrations.css","css-class","campo","14"
"apps/management-vite/src/pages/flow/integrations/integrations.css","css-class","faixa","3"
"apps/management-vite/src/pages/flow/integrations/integrations.css","css-class","grande","1"
"apps/management-vite/src/pages/flow/integrations/integrations.css","css-class","grupo","1"
"apps/management-vite/src/pages/flow/integrations/integrations.css","css-class","texto","3"
"apps/management-vite/src/pages/flow/integrations/integrations.css","css-custom-property","cartao","1"
"apps/management-vite/src/pages/flow/integrations/integrations.css","css-custom-property","conteudo","28"
"apps/management-vite/src/pages/flow/integrations/integrations.css","css-custom-property","fundo","2"
"apps/management-vite/src/pages/flow/integrations/integrations.css","css-custom-property","sombra","3"
"apps/management-vite/src/pages/flow/integrations/integrations.css","css-custom-property","tinta","3"
"apps/management-vite/src/pages/flow/integrations/integrations.tsx","identifier","resumo","4"
"apps/management-vite/src/pages/flow/integrations/integrations.tsx","string-literal","botao","2"
"apps/management-vite/src/pages/flow/integrations/integrations.tsx","string-literal","texto","1"
"apps/management-vite/src/pages/flow/integrations/interruptor.css","css-custom-property","conteudo","2"
"apps/management-vite/src/pages/flow/integrations/interruptor.tsx","comment","","1"
"apps/management-vite/src/pages/flow/integrations/interruptor.tsx","identifier","evento","1"
"apps/management-vite/src/pages/flow/integrations/interruptor.tsx","identifier","ligado","2"
"apps/management-vite/src/pages/flow/integrations/webhook/gravar.ts","comment","","1"
"apps/management-vite/src/pages/flow/integrations/webhook/gravar.ts","identifier","ativo","2"
"apps/management-vite/src/pages/flow/integrations/webhook/gravar.ts","identifier","cabecalho","1"
"apps/management-vite/src/pages/flow/integrations/webhook/gravar.ts","identifier","cabecalhos","4"
"apps/management-vite/src/pages/flow/integrations/webhook/gravar.ts","identifier","eventos","4"
"apps/management-vite/src/pages/flow/integrations/webhook/gravar.ts","identifier","pedido","1"
"apps/management-vite/src/pages/flow/integrations/webhook/gravar.ts","identifier","resultado","1"
"apps/management-vite/src/pages/flow/integrations/webhook/gravar.ts","identifier","senha","1"
"apps/management-vite/src/pages/flow/integrations/webhook/gravar.ts","identifier","testar","1"
"apps/management-vite/src/pages/flow/integrations/webhook/gravar.ts","literal-value","nenhuma","1"
"apps/management-vite/src/pages/flow/integrations/webhook/regras.ts","identifier","limite","1"
"apps/management-vite/src/pages/flow/integrations/webhook/regras.ts","identifier","outra","1"
"apps/management-vite/src/pages/flow/integrations/webhook/regras.ts","identifier","sem","1"
"apps/management-vite/src/pages/flow/integrations/webhook/regras.ts","path","regras","1"
"apps/management-vite/src/pages/flow/integrations/webhook/tela.tsx","comment","","1"
"apps/management-vite/src/pages/flow/integrations/webhook/tela.tsx","identifier","agora","1"
"apps/management-vite/src/pages/flow/integrations/webhook/tela.tsx","identifier","ativo","3"
"apps/management-vite/src/pages/flow/integrations/webhook/tela.tsx","identifier","bloqueado","1"
"apps/management-vite/src/pages/flow/integrations/webhook/tela.tsx","identifier","cabecalho","2"
"apps/management-vite/src/pages/flow/integrations/webhook/tela.tsx","identifier","cabecalhos","3"
"apps/management-vite/src/pages/flow/integrations/webhook/tela.tsx","identifier","campo","1"
"apps/management-vite/src/pages/flow/integrations/webhook/tela.tsx","identifier","confirmar","1"
"apps/management-vite/src/pages/flow/integrations/webhook/tela.tsx","identifier","criados","1"
"apps/management-vite/src/pages/flow/integrations/webhook/tela.tsx","identifier","evento","5"
"apps/management-vite/src/pages/flow/integrations/webhook/tela.tsx","identifier","eventos","3"
"apps/management-vite/src/pages/flow/integrations/webhook/tela.tsx","identifier","ligado","1"
"apps/management-vite/src/pages/flow/integrations/webhook/tela.tsx","identifier","limite","2"
"apps/management-vite/src/pages/flow/integrations/webhook/tela.tsx","identifier","repete","1"
"apps/management-vite/src/pages/flow/integrations/webhook/tela.tsx","identifier","resultado","3"
"apps/management-vite/src/pages/flow/integrations/webhook/tela.tsx","identifier","senha","2"
"apps/management-vite/src/pages/flow/integrations/webhook/tela.tsx","identifier","testar","2"
"apps/management-vite/src/pages/flow/integrations/webhook/tela.tsx","identifier","texto","1"
"apps/management-vite/src/pages/flow/integrations/webhook/tela.tsx","identifier","todos","1"
"apps/management-vite/src/pages/flow/integrations/webhook/tela.tsx","literal-value","configuracoes","1"
"apps/management-vite/src/pages/flow/integrations/webhook/tela.tsx","literal-value","geral","1"
"apps/management-vite/src/pages/flow/integrations/webhook/tela.tsx","literal-value","visao","1"
"apps/management-vite/src/pages/flow/integrations/webhook/tela.tsx","string-literal","aviso","1"
"apps/management-vite/src/pages/flow/integrations/webhook/tela.tsx","string-literal","botao","9"
"apps/management-vite/src/pages/flow/integrations/webhook/tela.tsx","string-literal","cabeca","1"
"apps/management-vite/src/pages/flow/integrations/webhook/tela.tsx","string-literal","cabecalho","3"
"apps/management-vite/src/pages/flow/integrations/webhook/tela.tsx","string-literal","campo","5"
"apps/management-vite/src/pages/flow/integrations/webhook/tela.tsx","string-literal","conteudo","1"
"apps/management-vite/src/pages/flow/integrations/webhook/tela.tsx","string-literal","faixa","1"
"apps/management-vite/src/pages/flow/integrations/webhook/tela.tsx","string-literal","grande","1"
"apps/management-vite/src/pages/flow/integrations/webhook/tela.tsx","string-literal","grupo","2"
"apps/management-vite/src/pages/flow/itens.ts","comment","","5"
"apps/management-vite/src/pages/flow/itens.ts","identifier","equipe","1"
"apps/management-vite/src/pages/flow/itens.ts","identifier","extensao","1"
"apps/management-vite/src/pages/flow/itens.ts","identifier","faixas","1"
"apps/management-vite/src/pages/flow/itens.ts","identifier","foto","2"
"apps/management-vite/src/pages/flow/itens.ts","identifier","limite","1"
"apps/management-vite/src/pages/flow/itens.ts","identifier","pilha","1"
"apps/management-vite/src/pages/flow/itens.ts","identifier","resto","1"
"apps/management-vite/src/pages/flow/itens.ts","identifier","resumo","1"
"apps/management-vite/src/pages/flow/itens.ts","literal-value","analise","1"
"apps/management-vite/src/pages/flow/itens.ts","literal-value","atendimento","1"
"apps/management-vite/src/pages/flow/itens.ts","literal-value","canais","1"
"apps/management-vite/src/pages/flow/itens.ts","literal-value","contatos","1"
"apps/management-vite/src/pages/flow/itens.ts","literal-value","fluxo","1"
"apps/management-vite/src/pages/flow/itens.ts","literal-value","pagamentos","1"
"apps/management-vite/src/pages/flow/itens.ts","literal-value","roteador","1"
"apps/management-vite/src/pages/flow/log/log.css","css-class","apagado","1"
"apps/management-vite/src/pages/flow/log/log.css","css-class","cabecalho","3"
"apps/management-vite/src/pages/flow/log/log.css","css-class","campo","4"
"apps/management-vite/src/pages/flow/log/log.css","css-class","conteudo","2"
"apps/management-vite/src/pages/flow/log/log.css","css-class","direita","1"
"apps/management-vite/src/pages/flow/log/log.css","css-class","grupo","1"
"apps/management-vite/src/pages/flow/log/log.css","css-class","mais","3"
"apps/management-vite/src/pages/flow/log/log.css","css-custom-property","conteudo","12"
"apps/management-vite/src/pages/flow/log/log.css","css-custom-property","fundo","2"
"apps/management-vite/src/pages/flow/log/log.css","css-custom-property","sombra","2"
"apps/management-vite/src/pages/flow/log/log.tsx","identifier","busca","2"
"apps/management-vite/src/pages/flow/log/log.tsx","identifier","conteudo","2"
"apps/management-vite/src/pages/flow/log/log.tsx","identifier","direcao","2"
"apps/management-vite/src/pages/flow/log/log.tsx","identifier","filtros","3"
"apps/management-vite/src/pages/flow/log/log.tsx","identifier","mais","3"
"apps/management-vite/src/pages/flow/log/log.tsx","identifier","para","2"
"apps/management-vite/src/pages/flow/log/log.tsx","literal-value","busca","1"
"apps/management-vite/src/pages/flow/log/log.tsx","literal-value","direcao","1"
"apps/management-vite/src/pages/flow/log/tela.tsx","comment","","3"
"apps/management-vite/src/pages/flow/log/tela.tsx","identifier","ativo","1"
"apps/management-vite/src/pages/flow/log/tela.tsx","identifier","busca","2"
"apps/management-vite/src/pages/flow/log/tela.tsx","identifier","conteudo","1"
"apps/management-vite/src/pages/flow/log/tela.tsx","identifier","direcao","2"
"apps/management-vite/src/pages/flow/log/tela.tsx","identifier","evento","2"
"apps/management-vite/src/pages/flow/log/tela.tsx","identifier","filtro","2"
"apps/management-vite/src/pages/flow/log/tela.tsx","identifier","filtros","1"
"apps/management-vite/src/pages/flow/log/tela.tsx","identifier","mais","6"
"apps/management-vite/src/pages/flow/log/tela.tsx","identifier","para","1"
"apps/management-vite/src/pages/flow/log/tela.tsx","string-literal","apagado","1"
"apps/management-vite/src/pages/flow/log/tela.tsx","string-literal","ativar","1"
"apps/management-vite/src/pages/flow/log/tela.tsx","string-literal","cabecalho","1"
"apps/management-vite/src/pages/flow/log/tela.tsx","string-literal","campo","1"
"apps/management-vite/src/pages/flow/log/tela.tsx","string-literal","conteudo","1"
"apps/management-vite/src/pages/flow/log/tela.tsx","string-literal","direita","1"
"apps/management-vite/src/pages/flow/log/tela.tsx","string-literal","grupo","1"
"apps/management-vite/src/pages/flow/log/tela.tsx","string-literal","mais","1"
"apps/management-vite/src/pages/flow/services/gravar.ts","identifier","pedido","1"
"apps/management-vite/src/pages/flow/services/gravar.ts","identifier","resultado","1"
"apps/management-vite/src/pages/flow/services/regras.ts","comment","","1"
"apps/management-vite/src/pages/flow/services/regras.ts","identifier","campos","1"
"apps/management-vite/src/pages/flow/services/regras.ts","identifier","expiracao","2"
"apps/management-vite/src/pages/flow/services/regras.ts","identifier","pedido","1"
"apps/management-vite/src/pages/flow/services/regras.ts","identifier","persistente","5"
"apps/management-vite/src/pages/flow/services/regras.ts","identifier","texto","1"
"apps/management-vite/src/pages/flow/services/regras.ts","path","regras","1"
"apps/management-vite/src/pages/flow/services/servicos.css","css-class","apagado","2"
"apps/management-vite/src/pages/flow/services/servicos.css","css-class","botao","8"
"apps/management-vite/src/pages/flow/services/servicos.css","css-class","cabecalho","1"
"apps/management-vite/src/pages/flow/services/servicos.css","css-class","campo","1"
"apps/management-vite/src/pages/flow/services/servicos.css","css-class","texto","1"
"apps/management-vite/src/pages/flow/services/servicos.css","css-custom-property","conteudo","18"
"apps/management-vite/src/pages/flow/services/servicos.css","path","servicos","1"
"apps/management-vite/src/pages/flow/services/servicos.tsx","identifier","encontrado","1"
"apps/management-vite/src/pages/flow/services/servicos.tsx","identifier","nao","1"
"apps/management-vite/src/pages/flow/services/servicos.tsx","identifier","servicos","1"
"apps/management-vite/src/pages/flow/services/servicos.tsx","path","servicos","1"
"apps/management-vite/src/pages/flow/services/tela.tsx","identifier","campos","1"
"apps/management-vite/src/pages/flow/services/tela.tsx","identifier","evento","5"
"apps/management-vite/src/pages/flow/services/tela.tsx","identifier","pedido","1"
"apps/management-vite/src/pages/flow/services/tela.tsx","identifier","persistente","3"
"apps/management-vite/src/pages/flow/services/tela.tsx","identifier","pode","2"
"apps/management-vite/src/pages/flow/services/tela.tsx","identifier","servicos","2"
"apps/management-vite/src/pages/flow/services/tela.tsx","string-literal","botao","3"
"apps/management-vite/src/pages/flow/services/tela.tsx","string-literal","cabecalho","1"
"apps/management-vite/src/pages/flow/services/tela.tsx","string-literal","campo","3"
"apps/management-vite/src/pages/flow/services/tela.tsx","string-literal","conteudo","1"
"apps/management-vite/src/pages/flow/services/tela.tsx","string-literal","texto","1"
"apps/management-vite/src/pages/flow/settings/api/gravar.ts","comment","","1"
"apps/management-vite/src/pages/flow/settings/api/gravar.ts","identifier","pedido","1"
"apps/management-vite/src/pages/flow/settings/api/gravar.ts","identifier","resultado","1"
"apps/management-vite/src/pages/flow/settings/api/tela.tsx","identifier","aviso","1"
"apps/management-vite/src/pages/flow/settings/api/tela.tsx","identifier","botao","1"
"apps/management-vite/src/pages/flow/settings/api/tela.tsx","identifier","campo","1"
"apps/management-vite/src/pages/flow/settings/api/tela.tsx","identifier","evento","1"
"apps/management-vite/src/pages/flow/settings/api/tela.tsx","identifier","resultado","1"
"apps/management-vite/src/pages/flow/settings/api/tela.tsx","identifier","sujo","1"
"apps/management-vite/src/pages/flow/settings/api/tela.tsx","string-literal","aviso","1"
"apps/management-vite/src/pages/flow/settings/api/tela.tsx","string-literal","campos","3"
"apps/management-vite/src/pages/flow/settings/api/tela.tsx","string-literal","colunas","2"
"apps/management-vite/src/pages/flow/settings/api/tela.tsx","string-literal","duas","2"
"apps/management-vite/src/pages/flow/settings/api/tela.tsx","string-literal","texto","3"
"apps/management-vite/src/pages/flow/settings/basic/basicas.css","comment","","2"
"apps/management-vite/src/pages/flow/settings/basic/basicas.css","css-class","campo","1"
"apps/management-vite/src/pages/flow/settings/basic/basicas.css","css-class","contador","1"
"apps/management-vite/src/pages/flow/settings/basic/basicas.css","css-class","opcional","1"
"apps/management-vite/src/pages/flow/settings/basic/basicas.css","css-custom-property","conteudo","11"
"apps/management-vite/src/pages/flow/settings/basic/basicas.tsx","comment","","1"
"apps/management-vite/src/pages/flow/settings/basic/gravar.ts","identifier","descricao","1"
"apps/management-vite/src/pages/flow/settings/basic/gravar.ts","identifier","padrao","1"
"apps/management-vite/src/pages/flow/settings/basic/gravar.ts","identifier","resultado","1"
"apps/management-vite/src/pages/flow/settings/basic/tela.tsx","comment","","1"
"apps/management-vite/src/pages/flow/settings/basic/tela.tsx","identifier","aviso","1"
"apps/management-vite/src/pages/flow/settings/basic/tela.tsx","identifier","botao","1"
"apps/management-vite/src/pages/flow/settings/basic/tela.tsx","identifier","campo","1"
"apps/management-vite/src/pages/flow/settings/basic/tela.tsx","identifier","evento","6"
"apps/management-vite/src/pages/flow/settings/basic/tela.tsx","identifier","indisponivel","1"
"apps/management-vite/src/pages/flow/settings/basic/tela.tsx","identifier","invalido","2"
"apps/management-vite/src/pages/flow/settings/basic/tela.tsx","identifier","mudou","1"
"apps/management-vite/src/pages/flow/settings/basic/tela.tsx","identifier","para","1"
"apps/management-vite/src/pages/flow/settings/basic/tela.tsx","identifier","pode","2"
"apps/management-vite/src/pages/flow/settings/basic/tela.tsx","identifier","preenchido","1"
"apps/management-vite/src/pages/flow/settings/basic/tela.tsx","identifier","removendo","1"
"apps/management-vite/src/pages/flow/settings/basic/tela.tsx","identifier","resultado","2"
"apps/management-vite/src/pages/flow/settings/basic/tela.tsx","string-literal","aviso","2"
"apps/management-vite/src/pages/flow/settings/basic/tela.tsx","string-literal","campo","1"
"apps/management-vite/src/pages/flow/settings/basic/tela.tsx","string-literal","contador","1"
"apps/management-vite/src/pages/flow/settings/basic/tela.tsx","string-literal","opcional","1"
"apps/management-vite/src/pages/flow/settings/keys/gravar.ts","identifier","resultado","1"
"apps/management-vite/src/pages/flow/settings/keys/gravar.ts","identifier","revogada","1"
"apps/management-vite/src/pages/flow/settings/keys/keys.tsx","identifier","chaves","1"
"apps/management-vite/src/pages/flow/settings/keys/tela.tsx","comment","","1"
"apps/management-vite/src/pages/flow/settings/keys/tela.tsx","identifier","agora","1"
"apps/management-vite/src/pages/flow/settings/keys/tela.tsx","identifier","aviso","1"
"apps/management-vite/src/pages/flow/settings/keys/tela.tsx","identifier","botao","2"
"apps/management-vite/src/pages/flow/settings/keys/tela.tsx","identifier","campo","2"
"apps/management-vite/src/pages/flow/settings/keys/tela.tsx","identifier","chaves","3"
"apps/management-vite/src/pages/flow/settings/keys/tela.tsx","identifier","com","1"
"apps/management-vite/src/pages/flow/settings/keys/tela.tsx","identifier","confirmar","1"
"apps/management-vite/src/pages/flow/settings/keys/tela.tsx","identifier","evento","1"
"apps/management-vite/src/pages/flow/settings/keys/tela.tsx","identifier","limite","2"
"apps/management-vite/src/pages/flow/settings/keys/tela.tsx","identifier","padrao","2"
"apps/management-vite/src/pages/flow/settings/keys/tela.tsx","identifier","pode","1"
"apps/management-vite/src/pages/flow/settings/keys/tela.tsx","identifier","resultado","2"
"apps/management-vite/src/pages/flow/settings/keys/tela.tsx","string-literal","aviso","2"
"apps/management-vite/src/pages/flow/settings/keys/tela.tsx","string-literal","chaves","4"
"apps/management-vite/src/pages/flow/settings/keys/tela.tsx","string-literal","faixa","1"
"apps/management-vite/src/pages/flow/settings/keys/tela.tsx","string-literal","selo","1"
"apps/management-vite/src/pages/flow/settings/keys/tela.tsx","string-literal","texto","1"
"apps/management-vite/src/pages/flow/settings/navigation.tsx","string-literal","arvore","8"
"apps/management-vite/src/pages/flow/settings/navigation.tsx","string-literal","texto","1"
"apps/management-vite/src/pages/flow/settings/pecas.tsx","identifier","botao","2"
"apps/management-vite/src/pages/flow/settings/pecas.tsx","identifier","campo","2"
"apps/management-vite/src/pages/flow/settings/pecas.tsx","identifier","contador","2"
"apps/management-vite/src/pages/flow/settings/pecas.tsx","identifier","evento","2"
"apps/management-vite/src/pages/flow/settings/pecas.tsx","identifier","ligado","2"
"apps/management-vite/src/pages/flow/settings/pecas.tsx","identifier","resto","2"
"apps/management-vite/src/pages/flow/settings/pecas.tsx","identifier","senha","3"
"apps/management-vite/src/pages/flow/settings/pecas.tsx","string-literal","botao","3"
"apps/management-vite/src/pages/flow/settings/pecas.tsx","string-literal","cabecalho","5"
"apps/management-vite/src/pages/flow/settings/pecas.tsx","string-literal","campo","6"
"apps/management-vite/src/pages/flow/settings/pecas.tsx","string-literal","contador","1"
"apps/management-vite/src/pages/flow/settings/persistent-menu/gravar.ts","identifier","persistente","2"
"apps/management-vite/src/pages/flow/settings/persistent-menu/gravar.ts","identifier","resultado","1"
"apps/management-vite/src/pages/flow/settings/persistent-menu/menu-persistente.tsx","identifier","persistente","1"
"apps/management-vite/src/pages/flow/settings/persistent-menu/menu-persistente.tsx","path","persistente","1"
"apps/management-vite/src/pages/flow/settings/persistent-menu/tela.tsx","comment","","1"
"apps/management-vite/src/pages/flow/settings/persistent-menu/tela.tsx","identifier","aviso","1"
"apps/management-vite/src/pages/flow/settings/persistent-menu/tela.tsx","identifier","botao","1"
"apps/management-vite/src/pages/flow/settings/persistent-menu/tela.tsx","identifier","campo","2"
"apps/management-vite/src/pages/flow/settings/persistent-menu/tela.tsx","identifier","maximo","1"
"apps/management-vite/src/pages/flow/settings/persistent-menu/tela.tsx","identifier","persistente","2"
"apps/management-vite/src/pages/flow/settings/persistent-menu/tela.tsx","identifier","pode","1"
"apps/management-vite/src/pages/flow/settings/persistent-menu/tela.tsx","identifier","resultado","1"
"apps/management-vite/src/pages/flow/settings/persistent-menu/tela.tsx","identifier","texto","3"
"apps/management-vite/src/pages/flow/settings/persistent-menu/tela.tsx","literal-value","texto","1"
"apps/management-vite/src/pages/flow/settings/persistent-menu/tela.tsx","string-literal","aviso","2"
"apps/management-vite/src/pages/flow/settings/persistent-menu/tela.tsx","string-literal","boasvindas","1"
"apps/management-vite/src/pages/flow/settings/persistent-menu/tela.tsx","string-literal","faixa","1"
"apps/management-vite/src/pages/flow/settings/persistent-menu/tela.tsx","string-literal","persistente","1"
"apps/management-vite/src/pages/flow/settings/regras.ts","identifier","chaves","4"
"apps/management-vite/src/pages/flow/settings/regras.ts","identifier","limite","2"
"apps/management-vite/src/pages/flow/settings/regras.ts","identifier","padrao","3"
"apps/management-vite/src/pages/flow/settings/regras.ts","identifier","pode","1"
"apps/management-vite/src/pages/flow/settings/regras.ts","literal-value","limite","1"
"apps/management-vite/src/pages/flow/settings/regras.ts","path","regras","1"
"apps/management-vite/src/pages/flow/settings/settings.css","comment","","1"
"apps/management-vite/src/pages/flow/settings/settings.css","css-class","arvore","11"
"apps/management-vite/src/pages/flow/settings/settings.css","css-class","aviso","5"
"apps/management-vite/src/pages/flow/settings/settings.css","css-class","boasvindas","1"
"apps/management-vite/src/pages/flow/settings/settings.css","css-class","botao","18"
"apps/management-vite/src/pages/flow/settings/settings.css","css-class","cabecalho","8"
"apps/management-vite/src/pages/flow/settings/settings.css","css-class","campo","20"
"apps/management-vite/src/pages/flow/settings/settings.css","css-class","campos","2"
"apps/management-vite/src/pages/flow/settings/settings.css","css-class","center","2"
"apps/management-vite/src/pages/flow/settings/settings.css","css-class","chaves","7"
"apps/management-vite/src/pages/flow/settings/settings.css","css-class","colunas","2"
"apps/management-vite/src/pages/flow/settings/settings.css","css-class","com","1"
"apps/management-vite/src/pages/flow/settings/settings.css","css-class","contador","1"
"apps/management-vite/src/pages/flow/settings/settings.css","css-class","conteudo","1"
"apps/management-vite/src/pages/flow/settings/settings.css","css-class","duas","2"
"apps/management-vite/src/pages/flow/settings/settings.css","css-class","faixa","1"
"apps/management-vite/src/pages/flow/settings/settings.css","css-class","ligado","3"
"apps/management-vite/src/pages/flow/settings/settings.css","css-class","persistente","2"
"apps/management-vite/src/pages/flow/settings/settings.css","css-class","selo","2"
"apps/management-vite/src/pages/flow/settings/settings.css","css-class","texto","4"
"apps/management-vite/src/pages/flow/settings/settings.css","css-custom-property","cartao","1"
"apps/management-vite/src/pages/flow/settings/settings.css","css-custom-property","conteudo","30"
"apps/management-vite/src/pages/flow/settings/settings.css","css-custom-property","fundo","1"
"apps/management-vite/src/pages/flow/settings/settings.css","css-custom-property","ligado","3"
"apps/management-vite/src/pages/flow/settings/settings.css","css-custom-property","sombra","1"
"apps/management-vite/src/pages/flow/settings/settings.css","css-custom-property","tinta","7"
"apps/management-vite/src/pages/flow/settings/shell.tsx","string-literal","conteudo","1"
"apps/management-vite/src/pages/flow/settings/welcome/boasvindas.tsx","identifier","boas","1"
"apps/management-vite/src/pages/flow/settings/welcome/boasvindas.tsx","path","boasvindas","1"
"apps/management-vite/src/pages/flow/settings/welcome/gravar.ts","identifier","ativo","1"
"apps/management-vite/src/pages/flow/settings/welcome/gravar.ts","identifier","boas","1"
"apps/management-vite/src/pages/flow/settings/welcome/gravar.ts","identifier","botao","1"
"apps/management-vite/src/pages/flow/settings/welcome/gravar.ts","identifier","pedido","1"
"apps/management-vite/src/pages/flow/settings/welcome/gravar.ts","identifier","resultado","1"
"apps/management-vite/src/pages/flow/settings/welcome/gravar.ts","identifier","texto","1"
"apps/management-vite/src/pages/flow/settings/welcome/tela.tsx","comment","","1"
"apps/management-vite/src/pages/flow/settings/welcome/tela.tsx","identifier","ativo","3"
"apps/management-vite/src/pages/flow/settings/welcome/tela.tsx","identifier","aviso","1"
"apps/management-vite/src/pages/flow/settings/welcome/tela.tsx","identifier","boas","2"
"apps/management-vite/src/pages/flow/settings/welcome/tela.tsx","identifier","botao","4"
"apps/management-vite/src/pages/flow/settings/welcome/tela.tsx","identifier","campo","1"
"apps/management-vite/src/pages/flow/settings/welcome/tela.tsx","identifier","evento","1"
"apps/management-vite/src/pages/flow/settings/welcome/tela.tsx","identifier","resultado","2"
"apps/management-vite/src/pages/flow/settings/welcome/tela.tsx","identifier","texto","3"
"apps/management-vite/src/pages/flow/settings/welcome/tela.tsx","string-literal","aviso","2"
"apps/management-vite/src/pages/flow/team/editar.tsx","identifier","aviso","1"
"apps/management-vite/src/pages/flow/team/editar.tsx","identifier","botao","1"
"apps/management-vite/src/pages/flow/team/editar.tsx","identifier","encontrado","1"
"apps/management-vite/src/pages/flow/team/editar.tsx","identifier","evento","1"
"apps/management-vite/src/pages/flow/team/editar.tsx","identifier","mudou","1"
"apps/management-vite/src/pages/flow/team/editar.tsx","identifier","nao","1"
"apps/management-vite/src/pages/flow/team/editar.tsx","string-literal","aviso","4"
"apps/management-vite/src/pages/flow/team/editar.tsx","string-literal","equipe","8"
"apps/management-vite/src/pages/flow/team/editar.tsx","string-literal","selo","1"
"apps/management-vite/src/pages/flow/team/equipe.css","comment","","3"
"apps/management-vite/src/pages/flow/team/equipe.css","css-class","ausente","1"
"apps/management-vite/src/pages/flow/team/equipe.css","css-class","cabeca","2"
"apps/management-vite/src/pages/flow/team/equipe.css","css-class","cabecalho","2"
"apps/management-vite/src/pages/flow/team/equipe.css","css-class","campo","4"
"apps/management-vite/src/pages/flow/team/equipe.css","css-class","colunas","1"
"apps/management-vite/src/pages/flow/team/equipe.css","css-class","dica","1"
"apps/management-vite/src/pages/flow/team/equipe.css","css-class","equipe","66"
"apps/management-vite/src/pages/flow/team/equipe.css","css-class","oculto","3"
"apps/management-vite/src/pages/flow/team/equipe.css","css-class","selo","1"
"apps/management-vite/src/pages/flow/team/equipe.css","css-class","subtitulo","1"
"apps/management-vite/src/pages/flow/team/equipe.css","css-class","traco","1"
"apps/management-vite/src/pages/flow/team/equipe.css","css-custom-property","conteudo","22"
"apps/management-vite/src/pages/flow/team/equipe.css","css-custom-property","fundo","1"
"apps/management-vite/src/pages/flow/team/equipe.css","path","equipe","1"
"apps/management-vite/src/pages/flow/team/equipe.tsx","identifier","equipe","1"
"apps/management-vite/src/pages/flow/team/equipe.tsx","path","equipe","1"
"apps/management-vite/src/pages/flow/team/equipe.tsx","string-literal","aviso","2"
"apps/management-vite/src/pages/flow/team/permissions.ts","comment","","1"
"apps/management-vite/src/pages/flow/team/permissions.ts","identifier","colunas","1"
"apps/management-vite/src/pages/flow/team/permissions.ts","identifier","dica","4"
"apps/management-vite/src/pages/flow/team/permissions.ts","identifier","personalizadas","1"
"apps/management-vite/src/pages/flow/team/permissions.ts","literal-value","nenhum","1"
"apps/management-vite/src/pages/flow/team/tela.tsx","comment","","1"
"apps/management-vite/src/pages/flow/team/tela.tsx","identifier","aviso","2"
"apps/management-vite/src/pages/flow/team/tela.tsx","identifier","botao","1"
"apps/management-vite/src/pages/flow/team/tela.tsx","identifier","codigo","3"
"apps/management-vite/src/pages/flow/team/tela.tsx","identifier","colunas","1"
"apps/management-vite/src/pages/flow/team/tela.tsx","identifier","copiado","1"
"apps/management-vite/src/pages/flow/team/tela.tsx","identifier","equipe","1"
"apps/management-vite/src/pages/flow/team/tela.tsx","identifier","evento","8"
"apps/management-vite/src/pages/flow/team/tela.tsx","identifier","fluxo","1"
"apps/management-vite/src/pages/flow/team/tela.tsx","identifier","grupo","1"
"apps/management-vite/src/pages/flow/team/tela.tsx","identifier","papel","2"
"apps/management-vite/src/pages/flow/team/tela.tsx","identifier","pode","2"
"apps/management-vite/src/pages/flow/team/tela.tsx","identifier","resultado","3"
"apps/management-vite/src/pages/flow/team/tela.tsx","identifier","simples","1"
"apps/management-vite/src/pages/flow/team/tela.tsx","identifier","termo","1"
"apps/management-vite/src/pages/flow/team/tela.tsx","string-literal","aviso","4"
"apps/management-vite/src/pages/flow/team/tela.tsx","string-literal","cabeca","2"
"apps/management-vite/src/pages/flow/team/tela.tsx","string-literal","cabecalho","1"
"apps/management-vite/src/pages/flow/team/tela.tsx","string-literal","campo","1"
"apps/management-vite/src/pages/flow/team/tela.tsx","string-literal","colunas","2"
"apps/management-vite/src/pages/flow/team/tela.tsx","string-literal","convites","1"
"apps/management-vite/src/pages/flow/team/tela.tsx","string-literal","dica","1"
"apps/management-vite/src/pages/flow/team/tela.tsx","string-literal","equipe","37"
"apps/management-vite/src/pages/flow/team/tela.tsx","string-literal","oculto","2"
"apps/management-vite/src/pages/flow/team/tela.tsx","string-literal","selo","1"
"apps/management-vite/src/pages/flow/team/tela.tsx","string-literal","subtitulo","2"
"apps/management-vite/src/pages/flow/team/tela.tsx","string-literal","traco","1"
"apps/management-vite/src/pages/fundo-pipe.tsx","comment","","3"
"apps/management-vite/src/pages/fundo-pipe.tsx","identifier","deriva","1"
"apps/management-vite/src/pages/fundo-pipe.tsx","identifier","fundo","1"
"apps/management-vite/src/pages/fundo-pipe.tsx","identifier","pontos","2"
"apps/management-vite/src/pages/fundo-pipe.tsx","identifier","quadro","1"
"apps/management-vite/src/pages/fundo-pipe.tsx","path","fundo","1"
"apps/management-vite/src/pages/invitation/page.tsx","comment","","1"
"apps/management-vite/src/pages/invitation/page.tsx","identifier","fundo","1"
"apps/management-vite/src/pages/invitation/page.tsx","string-literal","com","1"
"apps/management-vite/src/pages/login.tsx","comment","","7"
"apps/management-vite/src/pages/login.tsx","identifier","aviso","1"
"apps/management-vite/src/pages/login.tsx","identifier","codigo","1"
"apps/management-vite/src/pages/login.tsx","identifier","continuar","1"
"apps/management-vite/src/pages/login.tsx","identifier","evento","1"
"apps/management-vite/src/pages/login.tsx","identifier","fundo","1"
"apps/management-vite/src/pages/login.tsx","identifier","interno","1"
"apps/management-vite/src/pages/login.tsx","identifier","invalido","1"
"apps/management-vite/src/pages/login.tsx","identifier","nao","1"
"apps/management-vite/src/pages/login.tsx","identifier","provedor","1"
"apps/management-vite/src/pages/login.tsx","identifier","recusas","1"
"apps/management-vite/src/pages/login.tsx","identifier","saida","12"
"apps/management-vite/src/pages/login.tsx","identifier","verificado","1"
"apps/management-vite/src/pages/login.tsx","identifier","volta","1"
"apps/management-vite/src/pages/login.tsx","string-literal","com","3"
"apps/management-vite/src/pages/login.tsx","string-literal","suporte","2"
"apps/management-vite/src/pages/my-account/actions.ts","comment","","1"
"apps/management-vite/src/pages/my-account/actions.ts","identifier","campo","1"
"apps/management-vite/src/pages/my-account/actions.ts","identifier","chamar","1"
"apps/management-vite/src/pages/my-account/actions.ts","identifier","cidade","1"
"apps/management-vite/src/pages/my-account/actions.ts","identifier","estado","1"
"apps/management-vite/src/pages/my-account/actions.ts","identifier","faixas","1"
"apps/management-vite/src/pages/my-account/actions.ts","identifier","funcionarios","1"
"apps/management-vite/src/pages/my-account/actions.ts","identifier","fusos","1"
"apps/management-vite/src/pages/my-account/actions.ts","identifier","idioma","1"
"apps/management-vite/src/pages/my-account/actions.ts","identifier","idiomas","1"
"apps/management-vite/src/pages/my-account/actions.ts","identifier","optin","1"
"apps/management-vite/src/pages/my-account/actions.ts","identifier","para","1"
"apps/management-vite/src/pages/my-account/my-account.css","comment","","6"
"apps/management-vite/src/pages/my-account/my-account.css","css-custom-property","conteudo","16"
"apps/management-vite/src/pages/my-account/my-account.css","css-custom-property","sombra","1"
"apps/management-vite/src/pages/my-account/my-account.css","css-custom-property","tinta","4"
"apps/management-vite/src/pages/my-account/page.tsx","comment","","2"
"apps/management-vite/src/pages/my-account/page.tsx","identifier","campo","1"
"apps/management-vite/src/pages/my-account/page.tsx","identifier","codigo","1"
"apps/management-vite/src/pages/my-account/page.tsx","identifier","erro","1"
"apps/management-vite/src/pages/my-account/page.tsx","identifier","estados","1"
"apps/management-vite/src/pages/my-account/page.tsx","identifier","evento","1"
"apps/management-vite/src/pages/my-account/page.tsx","identifier","faixa","1"
"apps/management-vite/src/pages/my-account/page.tsx","identifier","idioma","1"
"apps/management-vite/src/pages/my-account/page.tsx","identifier","padrao","1"
"apps/management-vite/src/pages/my-account/page.tsx","identifier","recados","1"
"apps/management-vite/src/pages/my-account/page.tsx","identifier","recusado","1"
"apps/management-vite/src/pages/my-account/page.tsx","string-literal","com","1"
"apps/management-vite/src/pages/my-account/page.tsx","string-literal","termos","1"
"apps/management-vite/src/pages/my-account/regras.ts","comment","","2"
"apps/management-vite/src/pages/my-account/regras.ts","identifier","campo","8"
"apps/management-vite/src/pages/my-account/regras.ts","identifier","cidade","1"
"apps/management-vite/src/pages/my-account/regras.ts","identifier","digitos","1"
"apps/management-vite/src/pages/my-account/regras.ts","identifier","faixas","1"
"apps/management-vite/src/pages/my-account/regras.ts","identifier","fora","1"
"apps/management-vite/src/pages/my-account/regras.ts","identifier","funcionarios","2"
"apps/management-vite/src/pages/my-account/regras.ts","identifier","fusos","1"
"apps/management-vite/src/pages/my-account/regras.ts","identifier","idioma","3"
"apps/management-vite/src/pages/my-account/regras.ts","identifier","idiomas","1"
"apps/management-vite/src/pages/my-account/regras.ts","identifier","padrao","1"
"apps/management-vite/src/pages/my-account/regras.ts","identifier","recados","1"
"apps/management-vite/src/pages/my-account/regras.ts","literal-value","das","1"
"apps/management-vite/src/pages/my-account/regras.ts","literal-value","dos","2"
"apps/management-vite/src/pages/my-account/regras.ts","literal-value","faixas","1"
"apps/management-vite/src/pages/my-account/regras.ts","literal-value","fusos","1"
"apps/management-vite/src/pages/my-account/regras.ts","literal-value","idiomas","1"
"apps/management-vite/src/pages/my-account/regras.ts","literal-value","nao","2"
"apps/management-vite/src/pages/my-account/regras.ts","literal-value","por","2"
"apps/management-vite/src/pages/my-account/regras.ts","literal-value","ser","2"
"apps/management-vite/src/pages/my-account/regras.ts","path","regras","1"
"apps/management-vite/src/pages/nao-encontrado.tsx","identifier","encontrado","1"
"apps/management-vite/src/pages/nao-encontrado.tsx","identifier","nao","1"
"apps/management-vite/src/pages/nao-encontrado.tsx","path","encontrado","1"
"apps/management-vite/src/pages/nao-encontrado.tsx","path","nao","1"
"apps/management-vite/src/pages/nao-encontrado.tsx","string-literal","conteudo","1"
"apps/management-vite/src/pages/operation/attendance.css","comment","","6"
"apps/management-vite/src/pages/operation/attendance.css","css-class","atribuidas","8"
"apps/management-vite/src/pages/operation/attendance.css","css-class","aviso","1"
"apps/management-vite/src/pages/operation/attendance.css","css-class","balao","4"
"apps/management-vite/src/pages/operation/attendance.css","css-class","botao","1"
"apps/management-vite/src/pages/operation/attendance.css","css-class","busca","1"
"apps/management-vite/src/pages/operation/attendance.css","css-class","cabecalho","2"
"apps/management-vite/src/pages/operation/attendance.css","css-class","campo","6"
"apps/management-vite/src/pages/operation/attendance.css","css-class","cartao","1"
"apps/management-vite/src/pages/operation/attendance.css","css-class","casca","1"
"apps/management-vite/src/pages/operation/attendance.css","css-class","contador","2"
"apps/management-vite/src/pages/operation/attendance.css","css-class","dica","1"
"apps/management-vite/src/pages/operation/attendance.css","css-class","direita","1"
"apps/management-vite/src/pages/operation/attendance.css","css-class","fundo","2"
"apps/management-vite/src/pages/operation/attendance.css","css-class","grande","1"
"apps/management-vite/src/pages/operation/attendance.css","css-class","grupo","1"
"apps/management-vite/src/pages/operation/attendance.css","css-class","metrica","3"
"apps/management-vite/src/pages/operation/attendance.css","css-class","saida","1"
"apps/management-vite/src/pages/operation/attendance.css","css-class","vazio","1"
"apps/management-vite/src/pages/operation/attendance.css","css-custom-property","conteudo","12"
"apps/management-vite/src/pages/operation/attendance.css","css-custom-property","sombra","2"
"apps/management-vite/src/pages/operation/attendance.css","data-attr","tooltip","3"
"apps/management-vite/src/pages/operation/history.tsx","identifier","abandonada","1"
"apps/management-vite/src/pages/operation/history.tsx","identifier","campos","1"
"apps/management-vite/src/pages/operation/history.tsx","identifier","dos","1"
"apps/management-vite/src/pages/operation/history.tsx","identifier","etiqueta","2"
"apps/management-vite/src/pages/operation/history.tsx","identifier","etiquetas","1"
"apps/management-vite/src/pages/operation/history.tsx","identifier","finalizada","1"
"apps/management-vite/src/pages/operation/history.tsx","identifier","nada","1"
"apps/management-vite/src/pages/operation/history.tsx","identifier","pares","1"
"apps/management-vite/src/pages/operation/history.tsx","identifier","perdida","1"
"apps/management-vite/src/pages/operation/history.tsx","identifier","selecionados","1"
"apps/management-vite/src/pages/operation/history.tsx","identifier","texto","5"
"apps/management-vite/src/pages/operation/history.tsx","identifier","todos","2"
"apps/management-vite/src/pages/operation/history.tsx","literal-value","etiqueta","1"
"apps/management-vite/src/pages/operation/history.tsx","string-literal","contorno","1"
"apps/management-vite/src/pages/operation/history.tsx","string-literal","erro","1"
"apps/management-vite/src/pages/operation/history.tsx","string-literal","faixa","1"
"apps/management-vite/src/pages/operation/history.tsx","string-literal","pagina","2"
"apps/management-vite/src/pages/operation/history.tsx","string-literal","responsabilidade","1"
"apps/management-vite/src/pages/operation/history.tsx","string-literal","termo","1"
"apps/management-vite/src/pages/operation/monitoring.tsx","comment","","1"
"apps/management-vite/src/pages/operation/monitoring.tsx","identifier","botao","1"
"apps/management-vite/src/pages/operation/monitoring.tsx","identifier","campo","1"
"apps/management-vite/src/pages/operation/monitoring.tsx","identifier","cheia","3"
"apps/management-vite/src/pages/operation/monitoring.tsx","identifier","contato","1"
"apps/management-vite/src/pages/operation/monitoring.tsx","identifier","denominador","1"
"apps/management-vite/src/pages/operation/monitoring.tsx","identifier","filtros","1"
"apps/management-vite/src/pages/operation/monitoring.tsx","identifier","metrica","2"
"apps/management-vite/src/pages/operation/monitoring.tsx","identifier","proximos","1"
"apps/management-vite/src/pages/operation/monitoring.tsx","literal-value","invisivel","1"
"apps/management-vite/src/pages/operation/monitoring.tsx","literal-value","pausa","1"
"apps/management-vite/src/pages/operation/monitoring.tsx","string-literal","botao","2"
"apps/management-vite/src/pages/operation/monitoring.tsx","string-literal","cabecalho","2"
"apps/management-vite/src/pages/operation/monitoring.tsx","string-literal","faixa","2"
"apps/management-vite/src/pages/operation/monitoring.tsx","string-literal","grupo","4"
"apps/management-vite/src/pages/operation/monitoring.tsx","string-literal","largo","2"
"apps/management-vite/src/pages/operation/monitoring.tsx","string-literal","metrica","1"
"apps/management-vite/src/pages/operation/quality-review.tsx","comment","","1"
"apps/management-vite/src/pages/operation/quality-review.tsx","identifier","denominador","1"
"apps/management-vite/src/pages/operation/quality-review.tsx","identifier","nada","2"
"apps/management-vite/src/pages/operation/quality-review.tsx","identifier","percentual","1"
"apps/management-vite/src/pages/operation/quality-review.tsx","string-literal","faixa","1"
"apps/management-vite/src/pages/operation/quality-review-ficha.tsx","comment","","1"
"apps/management-vite/src/pages/operation/quality-review-ficha.tsx","identifier","encontrado","1"
"apps/management-vite/src/pages/operation/quality-review-ficha.tsx","identifier","nao","1"
"apps/management-vite/src/pages/operation/quality-review-ficha.tsx","identifier","percentual","1"
"apps/management-vite/src/pages/operation/quality-review-ficha.tsx","identifier","reprovado","1"
"apps/management-vite/src/pages/operation/quality-review-ficha.tsx","identifier","sem","1"
"apps/management-vite/src/pages/operation/quality-review-ficha.tsx","string-literal","comentario","1"
"apps/management-vite/src/pages/operation/quality-review-ficha.tsx","string-literal","etiqueta","3"
"apps/management-vite/src/pages/operation/reports-attendance.tsx","comment","","1"
"apps/management-vite/src/pages/operation/reports-attendance.tsx","identifier","atendentes","1"
"apps/management-vite/src/pages/operation/reports-attendance.tsx","identifier","botao","1"
"apps/management-vite/src/pages/operation/reports-attendance.tsx","identifier","bottom","1"
"apps/management-vite/src/pages/operation/reports-attendance.tsx","identifier","chave","3"
"apps/management-vite/src/pages/operation/reports-attendance.tsx","identifier","colunas","1"
"apps/management-vite/src/pages/operation/reports-attendance.tsx","identifier","denominador","1"
"apps/management-vite/src/pages/operation/reports-attendance.tsx","identifier","dica","1"
"apps/management-vite/src/pages/operation/reports-attendance.tsx","identifier","filas","1"
"apps/management-vite/src/pages/operation/reports-attendance.tsx","identifier","geral","1"
"apps/management-vite/src/pages/operation/reports-attendance.tsx","identifier","metrica","1"
"apps/management-vite/src/pages/operation/reports-attendance.tsx","identifier","nada","1"
"apps/management-vite/src/pages/operation/reports-attendance.tsx","identifier","quebra","2"
"apps/management-vite/src/pages/operation/reports-attendance.tsx","literal-value","atendente","1"
"apps/management-vite/src/pages/operation/reports-attendance.tsx","literal-value","atendentes","1"
"apps/management-vite/src/pages/operation/reports-attendance.tsx","literal-value","atendimento","1"
"apps/management-vite/src/pages/operation/reports-attendance.tsx","literal-value","atingimento","1"
"apps/management-vite/src/pages/operation/reports-attendance.tsx","literal-value","fila","1"
"apps/management-vite/src/pages/operation/reports-attendance.tsx","literal-value","filas","1"
"apps/management-vite/src/pages/operation/reports-attendance.tsx","literal-value","tempo","4"
"apps/management-vite/src/pages/operation/reports-attendance.tsx","string-literal","cabecalho","7"
"apps/management-vite/src/pages/operation/reports-attendance.tsx","string-literal","faixa","1"
"apps/management-vite/src/pages/operation/reports-attendance.tsx","string-literal","grande","1"
"apps/management-vite/src/pages/operation/reports-effort.tsx","identifier","nada","1"
"apps/management-vite/src/pages/operation/reports-effort.tsx","identifier","percentual","1"
"apps/management-vite/src/pages/operation/reports-effort.tsx","string-literal","faixa","1"
"apps/management-vite/src/pages/operation/reports-satisfaction.tsx","identifier","chave","3"
"apps/management-vite/src/pages/operation/reports-satisfaction.tsx","identifier","dica","2"
"apps/management-vite/src/pages/operation/reports-satisfaction.tsx","identifier","grupo","1"
"apps/management-vite/src/pages/operation/reports-satisfaction.tsx","identifier","nada","1"
"apps/management-vite/src/pages/operation/reports-satisfaction.tsx","identifier","nps","1"
"apps/management-vite/src/pages/operation/reports-satisfaction.tsx","identifier","percentual","1"
"apps/management-vite/src/pages/operation/reports-satisfaction.tsx","identifier","taxa","1"
"apps/management-vite/src/pages/operation/reports-satisfaction.tsx","identifier","texto","1"
"apps/management-vite/src/pages/operation/reports-satisfaction.tsx","identifier","unico","1"
"apps/management-vite/src/pages/operation/reports-satisfaction.tsx","literal-value","atendentes","1"
"apps/management-vite/src/pages/operation/reports-satisfaction.tsx","literal-value","filas","1"
"apps/management-vite/src/pages/operation/reports-satisfaction.tsx","literal-value","geral","1"
"apps/management-vite/src/pages/operation/reports-satisfaction.tsx","string-literal","cabecalho","1"
"apps/management-vite/src/pages/operation/reports-satisfaction.tsx","string-literal","comentario","1"
"apps/management-vite/src/pages/operation/reports-satisfaction.tsx","string-literal","faixa","2"
"apps/management-vite/src/pages/operation/shell.tsx","comment","","2"
"apps/management-vite/src/pages/operation/shell.tsx","identifier","ativo","1"
"apps/management-vite/src/pages/operation/shell.tsx","identifier","esta","1"
"apps/management-vite/src/pages/operation/shell.tsx","identifier","grupo","1"
"apps/management-vite/src/pages/operation/shell.tsx","string-literal","conteudo","1"
"apps/management-vite/src/pages/operation/shell.tsx","string-literal","grupo","2"
"apps/management-vite/src/pages/portal.tsx","comment","","2"
"apps/management-vite/src/pages/portal.tsx","identifier","boas","1"
"apps/management-vite/src/pages/portal.tsx","identifier","etiqueta","1"
"apps/management-vite/src/pages/portal.tsx","identifier","etq","1"
"apps/management-vite/src/pages/portal.tsx","identifier","nao","1"
"apps/management-vite/src/pages/portal.tsx","identifier","roteador","1"
"apps/management-vite/src/pages/portal.tsx","identifier","texto","2"
"apps/management-vite/src/pages/portal.tsx","literal-value","fluxo","1"
"apps/management-vite/src/pages/portal.tsx","literal-value","roteador","1"
"apps/management-vite/src/pages/portal.tsx","string-literal","boasvindas","4"
"apps/management-vite/src/pages/portal.tsx","string-literal","conteudo","2"
"apps/management-vite/src/pages/portal.tsx","string-literal","desenho","1"
"apps/management-vite/src/pages/portal.tsx","string-literal","nada","1"
"apps/management-vite/src/pages/portal.tsx","string-literal","selo","1"
"apps/management-vite/src/pages/portal.tsx","string-literal","subbarra","3"
"apps/management-vite/src/pages/portal.tsx","string-literal","texto","2"
"apps/management-vite/src/pages/registrations/_modal.tsx","identifier","botao","1"
"apps/management-vite/src/pages/registrations/_modal.tsx","identifier","confirmar","4"
"apps/management-vite/src/pages/registrations/_modal.tsx","identifier","etiqueta","1"
"apps/management-vite/src/pages/registrations/_modal.tsx","string-literal","cabecalho","1"
"apps/management-vite/src/pages/registrations/_modal.tsx","string-literal","fundo","1"
"apps/management-vite/src/pages/registrations/agents-breaks.tsx","comment","","1"
"apps/management-vite/src/pages/registrations/agents-breaks.tsx","identifier","botao","1"
"apps/management-vite/src/pages/registrations/agents-breaks.tsx","identifier","campos","1"
"apps/management-vite/src/pages/registrations/agents-breaks.tsx","identifier","para","1"
"apps/management-vite/src/pages/registrations/agents-breaks.tsx","identifier","pausa","3"
"apps/management-vite/src/pages/registrations/agents-breaks.tsx","identifier","pausas","1"
"apps/management-vite/src/pages/registrations/agents-breaks.tsx","identifier","regras","1"
"apps/management-vite/src/pages/registrations/agents-breaks.tsx","identifier","resultado","1"
"apps/management-vite/src/pages/registrations/agents-breaks.tsx","identifier","sem","1"
"apps/management-vite/src/pages/registrations/agents-breaks-formulario.tsx","comment","","2"
"apps/management-vite/src/pages/registrations/agents-breaks-formulario.tsx","identifier","botao","1"
"apps/management-vite/src/pages/registrations/agents-breaks-formulario.tsx","identifier","campo","1"
"apps/management-vite/src/pages/registrations/agents-breaks-formulario.tsx","identifier","etiqueta","1"
"apps/management-vite/src/pages/registrations/agents-breaks-formulario.tsx","identifier","pausa","2"
"apps/management-vite/src/pages/registrations/agents-breaks-formulario.tsx","identifier","resultado","1"
"apps/management-vite/src/pages/registrations/agents-breaks-formulario.tsx","string-literal","campo","2"
"apps/management-vite/src/pages/registrations/agents-edit.tsx","comment","","1"
"apps/management-vite/src/pages/registrations/agents-edit.tsx","identifier","botao","1"
"apps/management-vite/src/pages/registrations/agents-edit.tsx","identifier","campo","1"
"apps/management-vite/src/pages/registrations/agents-edit.tsx","identifier","etiqueta","1"
"apps/management-vite/src/pages/registrations/agents-edit.tsx","identifier","evento","1"
"apps/management-vite/src/pages/registrations/agents-edit.tsx","identifier","resultado","1"
"apps/management-vite/src/pages/registrations/agents-edit.tsx","identifier","selecionados","1"
"apps/management-vite/src/pages/registrations/agents-edit.tsx","string-literal","campo","2"
"apps/management-vite/src/pages/registrations/agents-edit.tsx","string-literal","selecionados","1"
"apps/management-vite/src/pages/registrations/agents-management.tsx","comment","","1"
"apps/management-vite/src/pages/registrations/agents-management.tsx","identifier","botao","1"
"apps/management-vite/src/pages/registrations/agents-management.tsx","identifier","campos","1"
"apps/management-vite/src/pages/registrations/agents-management.tsx","identifier","esquerda","1"
"apps/management-vite/src/pages/registrations/agents-management.tsx","identifier","para","1"
"apps/management-vite/src/pages/registrations/agents-management.tsx","identifier","regras","1"
"apps/management-vite/src/pages/registrations/agents-management.tsx","identifier","resultado","1"
"apps/management-vite/src/pages/registrations/agents-management.tsx","identifier","selecionados","1"
"apps/management-vite/src/pages/registrations/agents-management.tsx","identifier","todos","2"
"apps/management-vite/src/pages/registrations/agents-management.tsx","string-literal","mais","1"
"apps/management-vite/src/pages/registrations/agents-management.tsx","string-literal","todos","2"
"apps/management-vite/src/pages/registrations/agents-permissions.tsx","comment","","1"
"apps/management-vite/src/pages/registrations/agents-permissions.tsx","data-attr","parcial","1"
"apps/management-vite/src/pages/registrations/agents-permissions.tsx","identifier","botao","1"
"apps/management-vite/src/pages/registrations/agents-permissions.tsx","identifier","codigo","2"
"apps/management-vite/src/pages/registrations/agents-permissions.tsx","identifier","etiqueta","1"
"apps/management-vite/src/pages/registrations/agents-permissions.tsx","identifier","ligada","2"
"apps/management-vite/src/pages/registrations/agents-permissions.tsx","identifier","parcial","1"
"apps/management-vite/src/pages/registrations/agents-permissions.tsx","identifier","resultado","1"
"apps/management-vite/src/pages/registrations/agents-permissions.tsx","string-literal","selecionados","1"
"apps/management-vite/src/pages/registrations/agents-queues.tsx","comment","","1"
"apps/management-vite/src/pages/registrations/agents-queues.tsx","identifier","botao","1"
"apps/management-vite/src/pages/registrations/agents-queues.tsx","identifier","campos","1"
"apps/management-vite/src/pages/registrations/agents-queues.tsx","identifier","etiqueta","1"
"apps/management-vite/src/pages/registrations/agents-queues.tsx","identifier","regras","1"
"apps/management-vite/src/pages/registrations/agents-queues.tsx","identifier","resultado","1"
"apps/management-vite/src/pages/registrations/agents-queues-edit.tsx","comment","","1"
"apps/management-vite/src/pages/registrations/agents-queues-edit.tsx","identifier","botao","1"
"apps/management-vite/src/pages/registrations/agents-queues-edit.tsx","identifier","campo","1"
"apps/management-vite/src/pages/registrations/agents-queues-edit.tsx","identifier","cor","2"
"apps/management-vite/src/pages/registrations/agents-queues-edit.tsx","identifier","etiqueta","1"
"apps/management-vite/src/pages/registrations/agents-queues-edit.tsx","identifier","evento","2"
"apps/management-vite/src/pages/registrations/agents-queues-edit.tsx","identifier","horario","2"
"apps/management-vite/src/pages/registrations/agents-queues-edit.tsx","identifier","horarios","3"
"apps/management-vite/src/pages/registrations/agents-queues-edit.tsx","identifier","mudou","1"
"apps/management-vite/src/pages/registrations/agents-queues-edit.tsx","identifier","para","2"
"apps/management-vite/src/pages/registrations/agents-queues-edit.tsx","identifier","regras","2"
"apps/management-vite/src/pages/registrations/agents-queues-edit.tsx","identifier","removendo","1"
"apps/management-vite/src/pages/registrations/agents-queues-edit.tsx","identifier","resultado","4"
"apps/management-vite/src/pages/registrations/agents-queues-edit.tsx","string-literal","campo","8"
"apps/management-vite/src/pages/registrations/agents-queues-edit.tsx","string-literal","cor","1"
"apps/management-vite/src/pages/registrations/agents-queues-edit.tsx","string-literal","mais","1"
"apps/management-vite/src/pages/registrations/agents-queues-formulario.tsx","comment","","1"
"apps/management-vite/src/pages/registrations/agents-queues-formulario.tsx","identifier","botao","1"
"apps/management-vite/src/pages/registrations/agents-queues-formulario.tsx","identifier","campo","1"
"apps/management-vite/src/pages/registrations/agents-queues-formulario.tsx","identifier","etiqueta","1"
"apps/management-vite/src/pages/registrations/agents-queues-formulario.tsx","identifier","resultado","1"
"apps/management-vite/src/pages/registrations/agents-queues-formulario.tsx","string-literal","campo","1"
"apps/management-vite/src/pages/registrations/channel-conectar-manual.tsx","comment","","1"
"apps/management-vite/src/pages/registrations/channel-conectar-manual.tsx","identifier","botao","1"
"apps/management-vite/src/pages/registrations/channel-conectar-manual.tsx","identifier","campo","2"
"apps/management-vite/src/pages/registrations/channel-conectar-manual.tsx","identifier","com","1"
"apps/management-vite/src/pages/registrations/channel-conectar-manual.tsx","identifier","etiqueta","1"
"apps/management-vite/src/pages/registrations/channel-conectar-manual.tsx","identifier","evento","3"
"apps/management-vite/src/pages/registrations/channel-conectar-manual.tsx","identifier","pronto","1"
"apps/management-vite/src/pages/registrations/channel-conectar-manual.tsx","identifier","resultado","2"
"apps/management-vite/src/pages/registrations/channel-conectar-manual.tsx","identifier","texto","2"
"apps/management-vite/src/pages/registrations/channels.tsx","comment","","1"
"apps/management-vite/src/pages/registrations/channels.tsx","identifier","subtitulo","5"
"apps/management-vite/src/pages/registrations/communication-respostas.tsx","identifier","botao","1"
"apps/management-vite/src/pages/registrations/communication-respostas.tsx","identifier","campos","1"
"apps/management-vite/src/pages/registrations/communication-respostas.tsx","identifier","etiqueta","1"
"apps/management-vite/src/pages/registrations/communication-respostas.tsx","identifier","para","1"
"apps/management-vite/src/pages/registrations/communication-respostas.tsx","identifier","pronta","3"
"apps/management-vite/src/pages/registrations/communication-respostas.tsx","identifier","regras","1"
"apps/management-vite/src/pages/registrations/communication-respostas.tsx","identifier","resultado","1"
"apps/management-vite/src/pages/registrations/communication-respostas-formulario.tsx","comment","","2"
"apps/management-vite/src/pages/registrations/communication-respostas-formulario.tsx","identifier","botao","1"
"apps/management-vite/src/pages/registrations/communication-respostas-formulario.tsx","identifier","campo","1"
"apps/management-vite/src/pages/registrations/communication-respostas-formulario.tsx","identifier","etiqueta","1"
"apps/management-vite/src/pages/registrations/communication-respostas-formulario.tsx","identifier","pronta","2"
"apps/management-vite/src/pages/registrations/communication-respostas-formulario.tsx","identifier","resultado","1"
"apps/management-vite/src/pages/registrations/communication-respostas-formulario.tsx","string-literal","campo","1"
"apps/management-vite/src/pages/registrations/communication-templates.tsx","identifier","atualizados","1"
"apps/management-vite/src/pages/registrations/communication-templates.tsx","identifier","botao","1"
"apps/management-vite/src/pages/registrations/communication-templates.tsx","identifier","cabecalho","3"
"apps/management-vite/src/pages/registrations/communication-templates.tsx","identifier","campos","1"
"apps/management-vite/src/pages/registrations/communication-templates.tsx","identifier","categoria","2"
"apps/management-vite/src/pages/registrations/communication-templates.tsx","identifier","criados","1"
"apps/management-vite/src/pages/registrations/communication-templates.tsx","identifier","etiqueta","1"
"apps/management-vite/src/pages/registrations/communication-templates.tsx","identifier","ignorados","1"
"apps/management-vite/src/pages/registrations/communication-templates.tsx","identifier","modelos","3"
"apps/management-vite/src/pages/registrations/communication-templates.tsx","identifier","para","1"
"apps/management-vite/src/pages/registrations/communication-templates.tsx","identifier","regras","1"
"apps/management-vite/src/pages/registrations/communication-templates.tsx","identifier","removidos","1"
"apps/management-vite/src/pages/registrations/communication-templates.tsx","identifier","resultado","2"
"apps/management-vite/src/pages/registrations/communication-templates.tsx","identifier","saida","1"
"apps/management-vite/src/pages/registrations/communication-templates.tsx","identifier","texto","3"
"apps/management-vite/src/pages/registrations/communication-templates.tsx","identifier","todos","1"
"apps/management-vite/src/pages/registrations/communication-templates-formulario.tsx","comment","","1"
"apps/management-vite/src/pages/registrations/communication-templates-formulario.tsx","identifier","botao","1"
"apps/management-vite/src/pages/registrations/communication-templates-formulario.tsx","identifier","cabecalho","8"
"apps/management-vite/src/pages/registrations/communication-templates-formulario.tsx","identifier","cabecalhos","1"
"apps/management-vite/src/pages/registrations/communication-templates-formulario.tsx","identifier","campo","1"
"apps/management-vite/src/pages/registrations/communication-templates-formulario.tsx","identifier","categoria","3"
"apps/management-vite/src/pages/registrations/communication-templates-formulario.tsx","identifier","etiqueta","1"
"apps/management-vite/src/pages/registrations/communication-templates-formulario.tsx","identifier","exemplo","2"
"apps/management-vite/src/pages/registrations/communication-templates-formulario.tsx","identifier","idioma","2"
"apps/management-vite/src/pages/registrations/communication-templates-formulario.tsx","identifier","nenhum","1"
"apps/management-vite/src/pages/registrations/communication-templates-formulario.tsx","identifier","resultado","1"
"apps/management-vite/src/pages/registrations/communication-templates-formulario.tsx","identifier","texto","3"
"apps/management-vite/src/pages/registrations/communication-templates-formulario.tsx","identifier","utilidade","1"
"apps/management-vite/src/pages/registrations/communication-templates-formulario.tsx","literal-value","nenhum","1"
"apps/management-vite/src/pages/registrations/communication-templates-formulario.tsx","literal-value","texto","1"
"apps/management-vite/src/pages/registrations/communication-templates-formulario.tsx","literal-value","utilidade","1"
"apps/management-vite/src/pages/registrations/communication-templates-formulario.tsx","string-literal","campo","1"
"apps/management-vite/src/pages/registrations/communication-templates-formulario.tsx","string-literal","contador","2"
"apps/management-vite/src/pages/registrations/regras-horarios.tsx","comment","","1"
"apps/management-vite/src/pages/registrations/regras-horarios.tsx","identifier","agora","1"
"apps/management-vite/src/pages/registrations/regras-horarios.tsx","identifier","campos","1"
"apps/management-vite/src/pages/registrations/regras-horarios.tsx","identifier","faixa","1"
"apps/management-vite/src/pages/registrations/regras-horarios.tsx","identifier","horario","1"
"apps/management-vite/src/pages/registrations/regras-horarios.tsx","identifier","horarios","2"
"apps/management-vite/src/pages/registrations/regras-horarios.tsx","identifier","regras","1"
"apps/management-vite/src/pages/registrations/regras-horarios.tsx","identifier","sem","1"
"apps/management-vite/src/pages/registrations/regras-horarios.tsx","identifier","semana","1"
"apps/management-vite/src/pages/registrations/regras-horarios.tsx","path","horarios","1"
"apps/management-vite/src/pages/registrations/regras-horarios.tsx","path","regras","1"
"apps/management-vite/src/pages/registrations/regras-horarios-formulario.tsx","comment","","1"
"apps/management-vite/src/pages/registrations/regras-horarios-formulario.tsx","identifier","botao","1"
"apps/management-vite/src/pages/registrations/regras-horarios-formulario.tsx","identifier","campo","1"
"apps/management-vite/src/pages/registrations/regras-horarios-formulario.tsx","identifier","etiqueta","1"
"apps/management-vite/src/pages/registrations/regras-horarios-formulario.tsx","identifier","faixa","2"
"apps/management-vite/src/pages/registrations/regras-horarios-formulario.tsx","identifier","horario","4"
"apps/management-vite/src/pages/registrations/regras-horarios-formulario.tsx","identifier","horarios","3"
"apps/management-vite/src/pages/registrations/regras-horarios-formulario.tsx","identifier","para","1"
"apps/management-vite/src/pages/registrations/regras-horarios-formulario.tsx","identifier","resultado","3"
"apps/management-vite/src/pages/registrations/regras-horarios-formulario.tsx","identifier","semana","1"
"apps/management-vite/src/pages/registrations/regras-horarios-formulario.tsx","path","horarios","1"
"apps/management-vite/src/pages/registrations/regras-horarios-formulario.tsx","path","regras","1"
"apps/management-vite/src/pages/registrations/regras-horarios-formulario.tsx","string-literal","campo","11"
"apps/management-vite/src/pages/registrations/regras-sla.tsx","comment","","2"
"apps/management-vite/src/pages/registrations/regras-sla.tsx","identifier","botao","1"
"apps/management-vite/src/pages/registrations/regras-sla.tsx","identifier","campos","1"
"apps/management-vite/src/pages/registrations/regras-sla.tsx","identifier","fila","1"
"apps/management-vite/src/pages/registrations/regras-sla.tsx","identifier","para","1"
"apps/management-vite/src/pages/registrations/regras-sla.tsx","identifier","primeira","1"
"apps/management-vite/src/pages/registrations/regras-sla.tsx","identifier","regra","6"
"apps/management-vite/src/pages/registrations/regras-sla.tsx","identifier","regras","3"
"apps/management-vite/src/pages/registrations/regras-sla.tsx","identifier","resolucao","1"
"apps/management-vite/src/pages/registrations/regras-sla.tsx","identifier","resultado","1"
"apps/management-vite/src/pages/registrations/regras-sla.tsx","identifier","selo","1"
"apps/management-vite/src/pages/registrations/regras-sla.tsx","path","regras","1"
"apps/management-vite/src/pages/registrations/regras-sla-formulario.tsx","comment","","3"
"apps/management-vite/src/pages/registrations/regras-sla-formulario.tsx","identifier","botao","1"
"apps/management-vite/src/pages/registrations/regras-sla-formulario.tsx","identifier","bruto","1"
"apps/management-vite/src/pages/registrations/regras-sla-formulario.tsx","identifier","campo","1"
"apps/management-vite/src/pages/registrations/regras-sla-formulario.tsx","identifier","erro","1"
"apps/management-vite/src/pages/registrations/regras-sla-formulario.tsx","identifier","etiqueta","1"
"apps/management-vite/src/pages/registrations/regras-sla-formulario.tsx","identifier","pedido","3"
"apps/management-vite/src/pages/registrations/regras-sla-formulario.tsx","identifier","regra","5"
"apps/management-vite/src/pages/registrations/regras-sla-formulario.tsx","identifier","resultado","3"
"apps/management-vite/src/pages/registrations/regras-sla-formulario.tsx","path","regras","1"
"apps/management-vite/src/pages/registrations/regras-sla-formulario.tsx","string-literal","campo","6"
"apps/management-vite/src/pages/registrations/rules-attendance.tsx","comment","","2"
"apps/management-vite/src/pages/registrations/rules-attendance.tsx","identifier","botao","1"
"apps/management-vite/src/pages/registrations/rules-attendance.tsx","identifier","campo","1"
"apps/management-vite/src/pages/registrations/rules-attendance.tsx","identifier","campos","1"
"apps/management-vite/src/pages/registrations/rules-attendance.tsx","identifier","etiqueta","1"
"apps/management-vite/src/pages/registrations/rules-attendance.tsx","identifier","para","1"
"apps/management-vite/src/pages/registrations/rules-attendance.tsx","identifier","regra","4"
"apps/management-vite/src/pages/registrations/rules-attendance.tsx","identifier","regras","4"
"apps/management-vite/src/pages/registrations/rules-attendance.tsx","identifier","resultado","2"
"apps/management-vite/src/pages/registrations/rules-attendance-formulario.tsx","comment","","2"
"apps/management-vite/src/pages/registrations/rules-attendance-formulario.tsx","identifier","botao","1"
"apps/management-vite/src/pages/registrations/rules-attendance-formulario.tsx","identifier","campo","7"
"apps/management-vite/src/pages/registrations/rules-attendance-formulario.tsx","identifier","campos","3"
"apps/management-vite/src/pages/registrations/rules-attendance-formulario.tsx","identifier","combinador","1"
"apps/management-vite/src/pages/registrations/rules-attendance-formulario.tsx","identifier","etiqueta","1"
"apps/management-vite/src/pages/registrations/rules-attendance-formulario.tsx","identifier","operador","4"
"apps/management-vite/src/pages/registrations/rules-attendance-formulario.tsx","identifier","operadores","2"
"apps/management-vite/src/pages/registrations/rules-attendance-formulario.tsx","identifier","regra","5"
"apps/management-vite/src/pages/registrations/rules-attendance-formulario.tsx","identifier","resultado","3"
"apps/management-vite/src/pages/registrations/rules-attendance-formulario.tsx","string-literal","campo","8"
"apps/management-vite/src/pages/registrations/settings-data.tsx","identifier","conversa","1"
"apps/management-vite/src/pages/registrations/settings-data.tsx","identifier","etiqueta","1"
"apps/management-vite/src/pages/registrations/settings-data.tsx","identifier","etiquetas","2"
"apps/management-vite/src/pages/registrations/settings-general.tsx","comment","","1"
"apps/management-vite/src/pages/registrations/settings-general.tsx","identifier","campo","1"
"apps/management-vite/src/pages/registrations/settings-general.tsx","identifier","etiquetas","1"
"apps/management-vite/src/pages/registrations/settings-general.tsx","identifier","ligado","2"
"apps/management-vite/src/pages/registrations/settings-general.tsx","identifier","outras","1"
"apps/management-vite/src/pages/registrations/settings-general.tsx","identifier","pesquisa","7"
"apps/management-vite/src/pages/registrations/settings-general.tsx","string-literal","campo","6"
"apps/management-vite/src/pages/registrations/settings-rules.tsx","identifier","campos","2"
"apps/management-vite/src/pages/registrations/settings-rules.tsx","identifier","regra","1"
"apps/management-vite/src/pages/registrations/settings-rules.tsx","identifier","regras","3"
"apps/management-vite/src/pages/switch-account/no-access/page.tsx","string-literal","com","1"
"apps/management-vite/src/pages/updates/conteudo.ts","comment","","1"
"apps/management-vite/src/pages/updates/conteudo.ts","identifier","categoria","4"
"apps/management-vite/src/pages/updates/conteudo.ts","identifier","resumo","4"
"apps/management-vite/src/pages/updates/conteudo.ts","literal-value","atendimento","1"
"apps/management-vite/src/pages/updates/conteudo.ts","literal-value","automacao","1"
"apps/management-vite/src/pages/updates/conteudo.ts","path","conteudo","1"
"apps/management-vite/src/pages/updates/page.tsx","comment","","1"
"apps/management-vite/src/pages/updates/page.tsx","data-attr","categoria","1"
"apps/management-vite/src/pages/updates/page.tsx","identifier","ano","1"
"apps/management-vite/src/pages/updates/page.tsx","identifier","categoria","10"
"apps/management-vite/src/pages/updates/page.tsx","identifier","filtro","1"
"apps/management-vite/src/pages/updates/page.tsx","identifier","filtros","2"
"apps/management-vite/src/pages/updates/page.tsx","identifier","grande","2"
"apps/management-vite/src/pages/updates/page.tsx","identifier","vazio","1"
"apps/management-vite/src/pages/updates/page.tsx","string-literal","campo","2"
"apps/management-vite/src/pages/updates/page.tsx","string-literal","conteudo","1"
"apps/management-vite/src/pages/updates/page.tsx","string-literal","etq","1"
"apps/management-vite/src/pages/updates/page.tsx","string-literal","ler","1"
"apps/management-vite/src/pages/updates/page.tsx","string-literal","nada","1"
"apps/management-vite/src/pages/updates/page.tsx","string-literal","resumo","1"
"apps/management-vite/src/pages/updates/page.tsx","string-literal","subtitulo","1"
"apps/management-vite/src/pages/updates/updates.css","comment","","2"
"apps/management-vite/src/pages/updates/updates.css","css-class","campo","5"
"apps/management-vite/src/pages/updates/updates.css","css-class","conteudo","1"
"apps/management-vite/src/pages/updates/updates.css","css-class","etq","1"
"apps/management-vite/src/pages/updates/updates.css","css-class","ler","2"
"apps/management-vite/src/pages/updates/updates.css","css-class","nada","1"
"apps/management-vite/src/pages/updates/updates.css","css-class","resumo","1"
"apps/management-vite/src/pages/updates/updates.css","css-class","subtitulo","1"
"apps/management-vite/src/pages/updates/updates.css","css-custom-property","conteudo","1"
"apps/management-vite/src/pages/welcome/boas-vindas.css","comment","","1"
"apps/management-vite/src/pages/welcome/boas-vindas.css","css-class","fundo","2"
"apps/management-vite/src/pages/welcome/boas-vindas.css","css-class","texto","1"
"apps/management-vite/src/pages/welcome/boas-vindas.css","css-custom-property","apoio","2"
"apps/management-vite/src/pages/welcome/boas-vindas.css","css-custom-property","conteudo","4"
"apps/management-vite/src/pages/welcome/boas-vindas.css","css-custom-property","fundo","3"
"apps/management-vite/src/pages/welcome/boas-vindas.css","path","boas","1"
"apps/management-vite/src/pages/welcome/page.tsx","comment","","1"
"apps/management-vite/src/pages/welcome/page.tsx","identifier","fundo","1"
"apps/management-vite/src/pages/welcome/page.tsx","string-literal","fundo","1"
"apps/management-vite/src/pages/welcome/page.tsx","string-literal","texto","1"
"apps/management-vite/tests/agents.test.ts","comment","","1"
"apps/management-vite/tests/agents.test.ts","identifier","ativo","1"
"apps/management-vite/tests/agents.test.ts","identifier","limite","2"
"apps/management-vite/tests/analytics.test.ts","identifier","intervalo","3"
"apps/management-vite/tests/analytics.test.ts","identifier","limite","6"
"apps/management-vite/tests/analytics.test.ts","identifier","padrao","1"
"apps/management-vite/tests/analytics.test.ts","identifier","percentual","6"
"apps/management-vite/tests/analytics.test.ts","identifier","sinal","3"
"apps/management-vite/tests/analytics.test.ts","string-literal","absoluto","1"
"apps/management-vite/tests/analytics.test.ts","string-literal","ano","1"
"apps/management-vite/tests/analytics.test.ts","string-literal","antes","1"
"apps/management-vite/tests/analytics.test.ts","string-literal","domingo","1"
"apps/management-vite/tests/analytics.test.ts","string-literal","limite","1"
"apps/management-vite/tests/analytics.test.ts","string-literal","nao","1"
"apps/management-vite/tests/analytics.test.ts","string-literal","padrao","1"
"apps/management-vite/tests/analytics.test.ts","string-literal","para","1"
"apps/management-vite/tests/analytics.test.ts","string-literal","percentual","1"
"apps/management-vite/tests/analytics.test.ts","string-literal","respeita","1"
"apps/management-vite/tests/analytics.test.ts","string-literal","sao","1"
"apps/management-vite/tests/analytics.test.ts","string-literal","sem","2"
"apps/management-vite/tests/analytics.test.ts","string-literal","semana","1"
"apps/management-vite/tests/analytics.test.ts","string-literal","sinal","1"
"apps/management-vite/tests/analytics.test.ts","string-literal","ultimos","1"
"apps/management-vite/tests/analytics.test.ts","string-literal","vai","1"
"apps/management-vite/tests/analytics-abas.test.ts","identifier","captura","2"
"apps/management-vite/tests/analytics-abas.test.ts","identifier","geral","1"
"apps/management-vite/tests/analytics-abas.test.ts","identifier","good","1"
"apps/management-vite/tests/analytics-abas.test.ts","identifier","sem","1"
"apps/management-vite/tests/analytics-abas.test.ts","identifier","visao","1"
"apps/management-vite/tests/analytics-abas.test.ts","string-literal","cada","1"
"apps/management-vite/tests/analytics-abas.test.ts","string-literal","desliga","1"
"apps/management-vite/tests/analytics-abas.test.ts","string-literal","sua","1"
"apps/management-vite/tests/analytics-journey.test.ts","comment","","1"
"apps/management-vite/tests/analytics-journey.test.ts","identifier","colunas","1"
"apps/management-vite/tests/analytics-journey.test.ts","identifier","fundo","1"
"apps/management-vite/tests/analytics-journey.test.ts","identifier","nos","1"
"apps/management-vite/tests/analytics-journey.test.ts","identifier","para","4"
"apps/management-vite/tests/analytics-journey.test.ts","literal-value","saida","2"
"apps/management-vite/tests/analytics-journey.test.ts","string-literal","etapa","2"
"apps/management-vite/tests/analytics-journey.test.ts","string-literal","quem","2"
"apps/management-vite/tests/analytics-journey.test.ts","string-literal","recebe","1"
"apps/management-vite/tests/analytics-journey.test.ts","string-literal","saiu","1"
"apps/management-vite/tests/analytics-journey.test.ts","string-literal","sobre","2"
"apps/management-vite/tests/analytics-journey.test.ts","string-literal","todos","2"
"apps/management-vite/tests/builder-editor.test.ts","identifier","arrasto","3"
"apps/management-vite/tests/builder-editor.test.ts","identifier","bloco","3"
"apps/management-vite/tests/builder-editor.test.ts","identifier","com","1"
"apps/management-vite/tests/builder-editor.test.ts","identifier","copiado","1"
"apps/management-vite/tests/builder-editor.test.ts","identifier","desenho","2"
"apps/management-vite/tests/builder-editor.test.ts","identifier","destino","1"
"apps/management-vite/tests/builder-editor.test.ts","identifier","durante","2"
"apps/management-vite/tests/builder-editor.test.ts","identifier","entrada","2"
"apps/management-vite/tests/builder-editor.test.ts","identifier","houve","1"
"apps/management-vite/tests/builder-editor.test.ts","identifier","ligado","2"
"apps/management-vite/tests/builder-editor.test.ts","identifier","move","1"
"apps/management-vite/tests/builder-editor.test.ts","identifier","ponto","1"
"apps/management-vite/tests/builder-editor.test.ts","identifier","repetido","1"
"apps/management-vite/tests/builder-editor.test.ts","identifier","resultado","1"
"apps/management-vite/tests/builder-editor.test.ts","identifier","saida","2"
"apps/management-vite/tests/builder-editor.test.ts","string-literal","arrasto","1"
"apps/management-vite/tests/builder-editor.test.ts","string-literal","como","1"
"apps/management-vite/tests/builder-painels.test.ts","identifier","bloco","1"
"apps/management-vite/tests/builder-painels.test.ts","identifier","cabecalhos","2"
"apps/management-vite/tests/builder-painels.test.ts","identifier","campo","3"
"apps/management-vite/tests/builder-painels.test.ts","identifier","cheio","1"
"apps/management-vite/tests/builder-painels.test.ts","identifier","com","3"
"apps/management-vite/tests/builder-painels.test.ts","identifier","etiquetas","1"
"apps/management-vite/tests/builder-painels.test.ts","identifier","nada","1"
"apps/management-vite/tests/builder-painels.test.ts","identifier","nomes","1"
"apps/management-vite/tests/builder-painels.test.ts","identifier","sem","1"
"apps/management-vite/tests/builder-painels.test.ts","string-literal","certa","1"
"apps/management-vite/tests/builder-painels.test.ts","string-literal","outra","1"
"apps/management-vite/tests/builder-painels.test.ts","string-literal","pedido","1"
"apps/management-vite/tests/builder-painels.test.ts","string-literal","sem","1"
"apps/management-vite/tests/builder-painels.test.ts","string-literal","troca","1"
"apps/management-vite/tests/certificados.test.ts","identifier","etiqueta","1"
"apps/management-vite/tests/certificados.test.ts","identifier","texto","3"
"apps/management-vite/tests/channel-of-flow.test.ts","comment","","1"
"apps/management-vite/tests/channel-of-flow.test.ts","identifier","ativo","3"
"apps/management-vite/tests/channel-of-flow.test.ts","identifier","confirmar","1"
"apps/management-vite/tests/channel-of-flow.test.ts","identifier","desligado","2"
"apps/management-vite/tests/channel-of-flow.test.ts","identifier","livres","1"
"apps/management-vite/tests/channel-of-flow.test.ts","identifier","para","1"
"apps/management-vite/tests/channel-of-flow.test.ts","identifier","pode","1"
"apps/management-vite/tests/channel-of-flow.test.ts","string-literal","abre","1"
"apps/management-vite/tests/channel-of-flow.test.ts","string-literal","com","2"
"apps/management-vite/tests/channel-of-flow.test.ts","string-literal","digitos","1"
"apps/management-vite/tests/channel-of-flow.test.ts","string-literal","regra","1"
"apps/management-vite/tests/channel-of-flow.test.ts","string-literal","testar","1"
"apps/management-vite/tests/channels.test.ts","comment","","1"
"apps/management-vite/tests/channels.test.ts","identifier","para","4"
"apps/management-vite/tests/channels.test.ts","identifier","texto","5"
"apps/management-vite/tests/channels.test.ts","string-literal","codigos","1"
"apps/management-vite/tests/channels.test.ts","string-literal","com","1"
"apps/management-vite/tests/channels.test.ts","string-literal","cru","1"
"apps/management-vite/tests/channels.test.ts","string-literal","devolve","1"
"apps/management-vite/tests/channels.test.ts","string-literal","espaco","1"
"apps/management-vite/tests/channels.test.ts","string-literal","junta","1"
"apps/management-vite/tests/channels.test.ts","string-literal","nao","1"
"apps/management-vite/tests/channels.test.ts","string-literal","para","1"
"apps/management-vite/tests/channels.test.ts","string-literal","quando","1"
"apps/management-vite/tests/channels.test.ts","string-literal","texto","1"
"apps/management-vite/tests/closure.test.ts","string-literal","aceita","2"
"apps/management-vite/tests/closure.test.ts","string-literal","nao","1"
"apps/management-vite/tests/closure.test.ts","string-literal","outras","1"
"apps/management-vite/tests/closure.test.ts","string-literal","vazia","1"
"apps/management-vite/tests/communication.test.ts","comment","","2"
"apps/management-vite/tests/communication.test.ts","identifier","cabecalhos","1"
"apps/management-vite/tests/communication.test.ts","identifier","documento","1"
"apps/management-vite/tests/communication.test.ts","identifier","imagem","1"
"apps/management-vite/tests/communication.test.ts","identifier","nenhum","1"
"apps/management-vite/tests/communication.test.ts","identifier","texto","1"
"apps/management-vite/tests/contacts.test.ts","identifier","ativo","1"
"apps/management-vite/tests/contacts.test.ts","string-literal","abre","1"
"apps/management-vite/tests/contacts.test.ts","string-literal","existe","1"
"apps/management-vite/tests/contacts.test.ts","string-literal","mais","1"
"apps/management-vite/tests/contacts.test.ts","string-literal","quando","1"
"apps/management-vite/tests/conteudos-regras.test.ts","identifier","blocos","1"
"apps/management-vite/tests/conteudos-regras.test.ts","identifier","carrossel","2"
"apps/management-vite/tests/conteudos-regras.test.ts","identifier","categoria","3"
"apps/management-vite/tests/conteudos-regras.test.ts","identifier","idioma","7"
"apps/management-vite/tests/conteudos-regras.test.ts","identifier","idiomas","1"
"apps/management-vite/tests/conteudos-regras.test.ts","identifier","repetidos","1"
"apps/management-vite/tests/conteudos-regras.test.ts","identifier","texto","7"
"apps/management-vite/tests/conteudos-regras.test.ts","literal-value","texto","1"
"apps/management-vite/tests/conteudos-regras.test.ts","path","regras","1"
"apps/management-vite/tests/contract.test.ts","comment","","1"
"apps/management-vite/tests/contract.test.ts","identifier","codigo","1"
"apps/management-vite/tests/create-rules-of-name.test.ts","comment","","2"
"apps/management-vite/tests/create-rules-of-name.test.ts","identifier","fluxo","1"
"apps/management-vite/tests/create-rules-of-name.test.ts","identifier","recados","2"
"apps/management-vite/tests/create-rules-of-name.test.ts","identifier","roteador","1"
"apps/management-vite/tests/create-rules-of-name.test.ts","string-literal","aceita","2"
"apps/management-vite/tests/create-rules-of-name.test.ts","string-literal","cada","1"
"apps/management-vite/tests/create-rules-of-name.test.ts","string-literal","carrega","1"
"apps/management-vite/tests/create-rules-of-name.test.ts","string-literal","com","1"
"apps/management-vite/tests/create-rules-of-name.test.ts","string-literal","duas","1"
"apps/management-vite/tests/create-rules-of-name.test.ts","string-literal","ele","1"
"apps/management-vite/tests/create-rules-of-name.test.ts","string-literal","entra","1"
"apps/management-vite/tests/create-rules-of-name.test.ts","string-literal","espaco","1"
"apps/management-vite/tests/create-rules-of-name.test.ts","string-literal","foto","1"
"apps/management-vite/tests/create-rules-of-name.test.ts","string-literal","identificador","1"
"apps/management-vite/tests/create-rules-of-name.test.ts","string-literal","mesma","1"
"apps/management-vite/tests/create-rules-of-name.test.ts","string-literal","nao","3"
"apps/management-vite/tests/create-rules-of-name.test.ts","string-literal","palavra","1"
"apps/management-vite/tests/create-rules-of-name.test.ts","string-literal","para","1"
"apps/management-vite/tests/create-rules-of-name.test.ts","string-literal","sai","1"
"apps/management-vite/tests/create-rules-of-name.test.ts","string-literal","sem","1"
"apps/management-vite/tests/create-rules-of-name.test.ts","string-literal","telas","1"
"apps/management-vite/tests/create-rules-of-name.test.ts","string-literal","tres","1"
"apps/management-vite/tests/csv-history.test.ts","comment","","4"
"apps/management-vite/tests/csv-history.test.ts","identifier","cabecalho","1"
"apps/management-vite/tests/csv-history.test.ts","identifier","colunas","1"
"apps/management-vite/tests/csv-history.test.ts","identifier","etiquetas","2"
"apps/management-vite/tests/csv-history.test.ts","identifier","parcial","1"
"apps/management-vite/tests/csv-history.test.ts","identifier","texto","1"
"apps/management-vite/tests/csv-history.test.ts","string-literal","campo","1"
"apps/management-vite/tests/csv-history.test.ts","string-literal","quebra","1"
"apps/management-vite/tests/deployment.test.ts","identifier","com","1"
"apps/management-vite/tests/deployment.test.ts","identifier","convites","4"
"apps/management-vite/tests/deployment.test.ts","identifier","estados","1"
"apps/management-vite/tests/deployment.test.ts","identifier","falhas","2"
"apps/management-vite/tests/deployment.test.ts","identifier","nada","1"
"apps/management-vite/tests/deployment.test.ts","identifier","rejeitados","4"
"apps/management-vite/tests/deployment.test.ts","identifier","sem","1"
"apps/management-vite/tests/deployment.test.ts","identifier","tudo","1"
"apps/management-vite/tests/deployment.test.ts","string-literal","pronto","1"
"apps/management-vite/tests/deployment.test.ts","string-literal","seis","1"
"apps/management-vite/tests/deployment.test.ts","string-literal","tudo","1"
"apps/management-vite/tests/equipe.test.ts","literal-value","ler","1"
"apps/management-vite/tests/equipe.test.ts","literal-value","nenhum","1"
"apps/management-vite/tests/equipe.test.ts","path","equipe","1"
"apps/management-vite/tests/equipe.test.ts","string-literal","oferece","1"
"apps/management-vite/tests/equipe.test.ts","string-literal","paradas","1"
"apps/management-vite/tests/equipe.test.ts","string-literal","quatro","1"
"apps/management-vite/tests/filters-monitoring.test.ts","identifier","contato","2"
"apps/management-vite/tests/filters-monitoring.test.ts","identifier","fila","1"
"apps/management-vite/tests/filters-monitoring.test.ts","identifier","proximos","3"
"apps/management-vite/tests/flow-detalhe.test.ts","comment","","2"
"apps/management-vite/tests/flow-detalhe.test.ts","identifier","equipe","1"
"apps/management-vite/tests/flow-detalhe.test.ts","identifier","fluxo","2"
"apps/management-vite/tests/flow-detalhe.test.ts","identifier","foto","1"
"apps/management-vite/tests/flow-detalhe.test.ts","identifier","gente","1"
"apps/management-vite/tests/flow-detalhe.test.ts","identifier","isso","1"
"apps/management-vite/tests/flow-detalhe.test.ts","identifier","limite","1"
"apps/management-vite/tests/flow-detalhe.test.ts","identifier","papel","2"
"apps/management-vite/tests/flow-detalhe.test.ts","identifier","permissoes","3"
"apps/management-vite/tests/flow-detalhe.test.ts","identifier","pilha","1"
"apps/management-vite/tests/flow-detalhe.test.ts","identifier","sem","1"
"apps/management-vite/tests/flow-detalhe.test.ts","literal-value","fluxo","8"
"apps/management-vite/tests/flow-detalhe.test.ts","literal-value","ler","1"
"apps/management-vite/tests/flow-detalhe.test.ts","literal-value","nenhum","1"
"apps/management-vite/tests/flow-detalhe.test.ts","literal-value","roteador","8"
"apps/management-vite/tests/flow-detalhe.test.ts","string-literal","arredonda","1"
"apps/management-vite/tests/flow-detalhe.test.ts","string-literal","baixo","1"
"apps/management-vite/tests/flow-detalhe.test.ts","string-literal","com","1"
"apps/management-vite/tests/flow-detalhe.test.ts","string-literal","como","1"
"apps/management-vite/tests/flow-detalhe.test.ts","string-literal","dois","1"
"apps/management-vite/tests/flow-detalhe.test.ts","string-literal","equipe","1"
"apps/management-vite/tests/flow-detalhe.test.ts","string-literal","nao","1"
"apps/management-vite/tests/flow-detalhe.test.ts","string-literal","nos","1"
"apps/management-vite/tests/flow-detalhe.test.ts","string-literal","para","3"
"apps/management-vite/tests/flow-detalhe.test.ts","string-literal","pilha","1"
"apps/management-vite/tests/flow-detalhe.test.ts","string-literal","sem","1"
"apps/management-vite/tests/flow-detalhe.test.ts","string-literal","sete","1"
"apps/management-vite/tests/flow-detalhe.test.ts","string-literal","sobra","1"
"apps/management-vite/tests/flow-detalhe.test.ts","string-literal","subbarra","1"
"apps/management-vite/tests/format.test.ts","comment","","3"
"apps/management-vite/tests/format.test.ts","identifier","denominador","1"
"apps/management-vite/tests/format.test.ts","identifier","excluidas","4"
"apps/management-vite/tests/format.test.ts","identifier","nada","2"
"apps/management-vite/tests/format.test.ts","identifier","percentual","1"
"apps/management-vite/tests/format.test.ts","identifier","semana","1"
"apps/management-vite/tests/format.test.ts","identifier","soma","4"
"apps/management-vite/tests/format.test.ts","string-literal","devolve","1"
"apps/management-vite/tests/format.test.ts","string-literal","nao","1"
"apps/management-vite/tests/format.test.ts","string-literal","saem","1"
"apps/management-vite/tests/growth.test.ts","identifier","audiencia","1"
"apps/management-vite/tests/growth.test.ts","identifier","custo","2"
"apps/management-vite/tests/growth.test.ts","identifier","estado","2"
"apps/management-vite/tests/growth.test.ts","identifier","texto","2"
"apps/management-vite/tests/growth.test.ts","string-literal","branco","1"
"apps/management-vite/tests/growth.test.ts","string-literal","sem","1"
"apps/management-vite/tests/history.test.ts","comment","","2"
"apps/management-vite/tests/history.test.ts","identifier","etiquetas","2"
"apps/management-vite/tests/history.test.ts","identifier","parcial","1"
"apps/management-vite/tests/history.test.ts","identifier","titulos","1"
"apps/management-vite/tests/history.test.ts","identifier","todos","1"
"apps/management-vite/tests/history.test.ts","string-literal","cru","1"
"apps/management-vite/tests/history.test.ts","string-literal","desconhecido","1"
"apps/management-vite/tests/history.test.ts","string-literal","dos","1"
"apps/management-vite/tests/history.test.ts","string-literal","nao","1"
"apps/management-vite/tests/history.test.ts","string-literal","recebeu","1"
"apps/management-vite/tests/history.test.ts","string-literal","sai","1"
"apps/management-vite/tests/history.test.ts","string-literal","seis","1"
"apps/management-vite/tests/history.test.ts","string-literal","sem","1"
"apps/management-vite/tests/history.test.ts","string-literal","todos","1"
"apps/management-vite/tests/history.test.ts","string-literal","ultimos","1"
"apps/management-vite/tests/history.test.ts","string-literal","vira","1"
"apps/management-vite/tests/links-rastreados.test.ts","identifier","codigo","1"
"apps/management-vite/tests/nota-evaluation.test.ts","comment","","1"
"apps/management-vite/tests/nota-evaluation.test.ts","identifier","reprovado","1"
"apps/management-vite/tests/nota-evaluation.test.ts","string-literal","ausencia","1"
"apps/management-vite/tests/nota-evaluation.test.ts","string-literal","nada","1"
"apps/management-vite/tests/nota-evaluation.test.ts","string-literal","nao","2"
"apps/management-vite/tests/nota-evaluation.test.ts","string-literal","sai","1"
"apps/management-vite/tests/nota-evaluation.test.ts","string-literal","sendo","1"
"apps/management-vite/tests/nota-evaluation.test.ts","string-literal","tudo","1"
"apps/management-vite/tests/pesquisa.test.ts","comment","","1"
"apps/management-vite/tests/pesquisa.test.ts","identifier","pesquisa","1"
"apps/management-vite/tests/pesquisa.test.ts","path","pesquisa","1"
"apps/management-vite/tests/pesquisa.test.ts","string-literal","detrator","3"
"apps/management-vite/tests/pesquisa.test.ts","string-literal","nao","1"
"apps/management-vite/tests/pesquisa.test.ts","string-literal","nps","2"
"apps/management-vite/tests/pesquisa.test.ts","string-literal","sai","1"
"apps/management-vite/tests/priority.test.ts","comment","","2"
"apps/management-vite/tests/priority.test.ts","identifier","nomes","1"
"apps/management-vite/tests/priority.test.ts","string-literal","antes","1"
"apps/management-vite/tests/priority.test.ts","string-literal","antiga","1"
"apps/management-vite/tests/priority.test.ts","string-literal","cai","1"
"apps/management-vite/tests/priority.test.ts","string-literal","cinco","1"
"apps/management-vite/tests/priority.test.ts","string-literal","como","1"
"apps/management-vite/tests/priority.test.ts","string-literal","degraus","1"
"apps/management-vite/tests/priority.test.ts","string-literal","desconhecido","1"
"apps/management-vite/tests/priority.test.ts","string-literal","desempata","1"
"apps/management-vite/tests/priority.test.ts","string-literal","empate","1"
"apps/management-vite/tests/priority.test.ts","string-literal","igual","1"
"apps/management-vite/tests/priority.test.ts","string-literal","mais","1"
"apps/management-vite/tests/priority.test.ts","string-literal","maxima","1"
"apps/management-vite/tests/priority.test.ts","string-literal","nao","1"
"apps/management-vite/tests/priority.test.ts","string-literal","ordena","1"
"apps/management-vite/tests/priority.test.ts","string-literal","pela","1"
"apps/management-vite/tests/priority.test.ts","string-literal","texto","1"
"apps/management-vite/tests/priority.test.ts","string-literal","vem","1"
"apps/management-vite/tests/report-manager.test.ts","identifier","antes","1"
"apps/management-vite/tests/report-manager.test.ts","identifier","cinco","1"
"apps/management-vite/tests/report-manager.test.ts","identifier","intervalo","1"
"apps/management-vite/tests/rule-queue.test.ts","identifier","campo","12"
"apps/management-vite/tests/rule-queue.test.ts","identifier","combinador","5"
"apps/management-vite/tests/rule-queue.test.ts","identifier","operador","11"
"apps/management-vite/tests/rule-queue.test.ts","identifier","parcial","1"
"apps/management-vite/tests/rule-queue.test.ts","identifier","plano","1"
"apps/management-vite/tests/rule-queue.test.ts","identifier","regra","2"
"apps/management-vite/tests/rule-queue.test.ts","identifier","regras","2"
"apps/management-vite/tests/rule-queue.test.ts","identifier","vazia","1"
"apps/management-vite/tests/rule-queue.test.ts","string-literal","abaixo","1"
"apps/management-vite/tests/rule-queue.test.ts","string-literal","avaliada","1"
"apps/management-vite/tests/rule-queue.test.ts","string-literal","inalcancavel","1"
"apps/management-vite/tests/rule-queue.test.ts","string-literal","nao","1"
"apps/management-vite/tests/rule-queue.test.ts","string-literal","outra","1"
"apps/management-vite/tests/rule-queue.test.ts","string-literal","regra","2"
"apps/management-vite/tests/rule-queue.test.ts","string-literal","sempre","1"
"apps/management-vite/tests/rule-queue.test.ts","string-literal","vence","1"
"apps/management-vite/tests/rules-priority.test.ts","comment","","1"
"apps/management-vite/tests/rules-priority.test.ts","identifier","regra","1"
"apps/management-vite/tests/rules-priority.test.ts","identifier","regras","1"
"apps/management-vite/tests/rules-priority.test.ts","string-literal","pelo","1"
"apps/management-vite/tests/rules-priority.test.ts","string-literal","sai","1"
"apps/management-vite/tests/servicos.test.ts","identifier","estado","1"
"apps/management-vite/tests/servicos.test.ts","identifier","expiracao","3"
"apps/management-vite/tests/servicos.test.ts","identifier","pedido","1"
"apps/management-vite/tests/servicos.test.ts","identifier","persistente","6"
"apps/management-vite/tests/servicos.test.ts","path","servicos","1"
"apps/management-vite/tests/servicos.test.ts","string-literal","campo","1"
"apps/management-vite/tests/servicos.test.ts","string-literal","nao","1"
"apps/management-vite/tests/servicos.test.ts","string-literal","pedido","1"
"apps/management-vite/tests/servicos.test.ts","string-literal","vai","1"
"apps/management-vite/tests/settings-rules.test.ts","identifier","chaves","2"
"apps/management-vite/tests/settings-rules.test.ts","identifier","limite","2"
"apps/management-vite/tests/settings-rules.test.ts","identifier","padrao","1"
"apps/management-vite/tests/settings-rules.test.ts","identifier","pode","1"
"apps/management-vite/tests/sla.test.ts","comment","","2"
"apps/management-vite/tests/sla.test.ts","identifier","depois","1"
"apps/management-vite/tests/sla.test.ts","identifier","parcial","2"
"apps/management-vite/tests/sla.test.ts","identifier","regra","2"
"apps/management-vite/tests/sla.test.ts","identifier","regras","2"
"apps/management-vite/tests/sla.test.ts","string-literal","cumprido","1"
"apps/management-vite/tests/sla.test.ts","string-literal","depois","1"
"apps/management-vite/tests/sla.test.ts","string-literal","estourado","1"
"apps/management-vite/tests/sla.test.ts","string-literal","fecha","1"
"apps/management-vite/tests/sla.test.ts","string-literal","marco","1"
"apps/management-vite/tests/sla.test.ts","string-literal","nao","2"
"apps/management-vite/tests/sla.test.ts","string-literal","para","1"
"apps/management-vite/tests/sla.test.ts","string-literal","pastilha","2"
"apps/management-vite/tests/sla.test.ts","string-literal","quantos","1"
"apps/management-vite/tests/sla.test.ts","string-literal","seguem","1"
"apps/management-vite/tests/sla.test.ts","string-literal","sem","2"
"apps/management-vite/tests/sla.test.ts","string-literal","sendo","1"
"apps/management-vite/tests/sla.test.ts","string-literal","vira","1"
"apps/management-vite/tests/webhook-regras.test.ts","identifier","cheia","1"
"apps/management-vite/tests/webhook-regras.test.ts","identifier","limite","1"
"apps/management-vite/tests/webhook-regras.test.ts","identifier","repetida","1"
"apps/management-vite/tests/webhook-regras.test.ts","path","regras","1"
"apps/management-vite/tests/webhook-regras.test.ts","string-literal","com","1"
"apps/management-vite/tests/webhook-regras.test.ts","string-literal","dez","1"
"apps/management-vite/tests/webhook-regras.test.ts","string-literal","limite","1"
"apps/management-vite/tests/webhook-regras.test.ts","string-literal","mas","1"
"apps/management-vite/tests/webhook-regras.test.ts","string-literal","nao","2"
"apps/management-vite/tests/webhook-regras.test.ts","string-literal","pode","1"
"apps/management-vite/tests/webhook-regras.test.ts","string-literal","repetir","1"
"apps/management-vite/tests/webhook-regras.test.ts","string-literal","vazia","2"
"apps/management-vite/vite.config.ts","comment","","1"
"apps/site/assets/pipe-symbol.svg","path","symbol","1"
"apps/site/assets/pipe-symbol-mono.svg","path","symbol","1"
"apps/site/assets/site.css","comment","","4"
"apps/site/assets/site.css","css-class","center","2"
"apps/site/assets/site.css","css-class","escuro","2"
"apps/site/assets/site.css","css-class","exemplo","10"
"apps/site/assets/site.css","css-class","good","1"
"apps/site/assets/site.css","css-class","medida","1"
"apps/site/assets/site.css","css-class","modelos","1"
"apps/site/assets/site.css","css-class","quem","3"
"apps/site/assets/site.css","css-class","risco","1"
"apps/site/assets/site.css","css-custom-property","center","2"
"apps/site/assets/site.css","css-custom-property","modelos","1"
"apps/site/assets/site.css","css-custom-property","risco","1"
"apps/site/assets/site.js","comment","","10"
"apps/site/assets/site.js","identifier","alvos","1"
"apps/site/assets/site.js","identifier","ativar","1"
"apps/site/assets/site.js","identifier","categoria","1"
"apps/site/assets/site.js","identifier","entradas","2"
"apps/site/assets/site.js","identifier","feito","1"
"apps/site/assets/site.js","identifier","normalizar","1"
"apps/site/assets/site.js","identifier","palavras","1"
"apps/site/assets/site.js","identifier","pct","1"
"apps/site/assets/site.js","identifier","pronto","1"
"apps/site/assets/site.js","identifier","texto","2"
"apps/site/assets/site.js","identifier","titulos","1"
"apps/site/blog/frases-prontas-para-atendimento-no-whatsapp/index.html","path","atendimento","1"
"apps/site/blog/frases-prontas-para-atendimento-no-whatsapp/index.html","path","blog","1"
"apps/site/blog/frases-prontas-para-atendimento-no-whatsapp/index.html","path","frases","1"
"apps/site/blog/frases-prontas-para-atendimento-no-whatsapp/index.html","path","para","1"
"apps/site/blog/frases-prontas-para-atendimento-no-whatsapp/index.html","path","prontas","1"
"apps/site/blog/index.html","path","blog","1"
"apps/site/blog/lista-de-transmissao-no-whatsapp/index.html","path","blog","1"
"apps/site/blog/lista-de-transmissao-no-whatsapp/index.html","path","transmissao","1"
"apps/site/blog/mensagem-automatica-e-de-ausencia-no-whatsapp/index.html","path","ausencia","1"
"apps/site/blog/mensagem-automatica-e-de-ausencia-no-whatsapp/index.html","path","automatica","1"
"apps/site/blog/mensagem-automatica-e-de-ausencia-no-whatsapp/index.html","path","blog","1"
"apps/site/blog/mensagem-automatica-e-de-ausencia-no-whatsapp/index.html","path","mensagem","1"
"apps/site/blog/numero-de-whatsapp-banido/index.html","path","banido","1"
"apps/site/blog/numero-de-whatsapp-banido/index.html","path","blog","1"
"apps/site/docker-compose.yml","comment","","6"
"apps/site/Dockerfile","comment","","1"
"apps/site/Dockerfile","identifier","blog","1"
"apps/site/Dockerfile","identifier","cmd","1"
"apps/site/Dockerfile","identifier","ferramentas","1"
"apps/site/ferramentas/agendador-de-mensagem-whatsapp/index.html","path","agendador","1"
"apps/site/ferramentas/agendador-de-mensagem-whatsapp/index.html","path","ferramentas","1"
"apps/site/ferramentas/agendador-de-mensagem-whatsapp/index.html","path","mensagem","1"
"apps/site/ferramentas/calculadora-de-nps/index.html","path","calculadora","1"
"apps/site/ferramentas/calculadora-de-nps/index.html","path","ferramentas","1"
"apps/site/ferramentas/calculadora-de-nps/index.html","path","nps","1"
"apps/site/ferramentas/calculadora-de-taxas-do-ifood/index.html","path","calculadora","1"
"apps/site/ferramentas/calculadora-de-taxas-do-ifood/index.html","path","ferramentas","1"
"apps/site/ferramentas/calculadora-de-taxas-do-ifood/index.html","path","ifood","1"
"apps/site/ferramentas/calculadora-de-taxas-do-ifood/index.html","path","taxas","1"
"apps/site/ferramentas/gerador-de-link-whatsapp/index.html","path","ferramentas","1"
"apps/site/ferramentas/gerador-de-link-whatsapp/index.html","path","gerador","1"
"apps/site/ferramentas/gerador-de-qr-code-whatsapp/index.html","path","ferramentas","1"
"apps/site/ferramentas/gerador-de-qr-code-whatsapp/index.html","path","gerador","1"
"apps/site/ferramentas/index.html","path","ferramentas","1"
"apps/workers/Dockerfile","comment","","31"
"apps/workers/Dockerfile","identifier","cmd","2"
"apps/workers/Dockerfile","identifier","semente","1"
"apps/workers/src/aggregation.ts","comment","","2"
"apps/workers/src/aggregation.ts","identifier","agora","2"
"apps/workers/src/aggregation.ts","identifier","ano","1"
"apps/workers/src/aggregation.ts","identifier","atendente","2"
"apps/workers/src/aggregation.ts","identifier","conversa","1"
"apps/workers/src/aggregation.ts","identifier","dados","1"
"apps/workers/src/aggregation.ts","identifier","direcao","2"
"apps/workers/src/aggregation.ts","identifier","estourado","2"
"apps/workers/src/aggregation.ts","identifier","evento","3"
"apps/workers/src/aggregation.ts","identifier","eventos","4"
"apps/workers/src/aggregation.ts","identifier","fila","3"
"apps/workers/src/aggregation.ts","identifier","grupo","1"
"apps/workers/src/aggregation.ts","identifier","mensagens","1"
"apps/workers/src/aggregation.ts","identifier","metrica","1"
"apps/workers/src/aggregation.ts","identifier","padrao","1"
"apps/workers/src/aggregation.ts","identifier","por","1"
"apps/workers/src/aggregation.ts","identifier","resumos","1"
"apps/workers/src/aggregation.ts","identifier","soma","1"
"apps/workers/src/aggregation.ts","identifier","usuario","1"
"apps/workers/src/aggregation.ts","literal-value","atendente","2"
"apps/workers/src/aggregation.ts","literal-value","fila","2"
"apps/workers/src/aggregation.ts","sql-name","atendente","1"
"apps/workers/src/aggregation.ts","sql-name","atendimento","2"
"apps/workers/src/aggregation.ts","sql-name","ativo","1"
"apps/workers/src/aggregation.ts","sql-name","atualizado","1"
"apps/workers/src/aggregation.ts","sql-name","conversa","2"
"apps/workers/src/aggregation.ts","sql-name","conversas","1"
"apps/workers/src/aggregation.ts","sql-name","criadas","1"
"apps/workers/src/aggregation.ts","sql-name","dados","1"
"apps/workers/src/aggregation.ts","sql-name","diaria","1"
"apps/workers/src/aggregation.ts","sql-name","direcao","1"
"apps/workers/src/aggregation.ts","sql-name","encerradas","1"
"apps/workers/src/aggregation.ts","sql-name","entrada","2"
"apps/workers/src/aggregation.ts","sql-name","evento","1"
"apps/workers/src/aggregation.ts","sql-name","fila","3"
"apps/workers/src/aggregation.ts","sql-name","mensagem","1"
"apps/workers/src/aggregation.ts","sql-name","mensagens","1"
"apps/workers/src/aggregation.ts","sql-name","metrica","1"
"apps/workers/src/aggregation.ts","sql-name","primeira","1"
"apps/workers/src/aggregation.ts","sql-name","saida","2"
"apps/workers/src/aggregation.ts","sql-name","usuario","1"
"apps/workers/src/csv.ts","comment","","1"
"apps/workers/src/csv.ts","identifier","aspas","1"
"apps/workers/src/csv.ts","identifier","bruto","1"
"apps/workers/src/csv.ts","identifier","cabecalhos","3"
"apps/workers/src/csv.ts","identifier","campo","2"
"apps/workers/src/csv.ts","identifier","entre","1"
"apps/workers/src/csv.ts","identifier","ler","1"
"apps/workers/src/csv.ts","identifier","malformado","1"
"apps/workers/src/csv.ts","identifier","ponto","1"
"apps/workers/src/csv.ts","identifier","texto","2"
"apps/workers/src/csv.ts","identifier","valor","1"
"apps/workers/src/database.ts","comment","","1"
"apps/workers/src/database.ts","identifier","com","1"
"apps/workers/src/delivery.ts","identifier","acesso","1"
"apps/workers/src/delivery.ts","identifier","anexo","4"
"apps/workers/src/delivery.ts","identifier","bruto","1"
"apps/workers/src/delivery.ts","identifier","cabecalho","4"
"apps/workers/src/delivery.ts","identifier","canal","2"
"apps/workers/src/delivery.ts","identifier","chave","1"
"apps/workers/src/delivery.ts","identifier","cifrado","1"
"apps/workers/src/delivery.ts","identifier","codigo","22"
"apps/workers/src/delivery.ts","identifier","conteudo","14"
"apps/workers/src/delivery.ts","identifier","credenciais","1"
"apps/workers/src/delivery.ts","identifier","cru","1"
"apps/workers/src/delivery.ts","identifier","dados","1"
"apps/workers/src/delivery.ts","identifier","documento","1"
"apps/workers/src/delivery.ts","identifier","erro","22"
"apps/workers/src/delivery.ts","identifier","esta","1"
"apps/workers/src/delivery.ts","identifier","identificador","1"
"apps/workers/src/delivery.ts","identifier","idioma","2"
"apps/workers/src/delivery.ts","identifier","imagem","1"
"apps/workers/src/delivery.ts","identifier","mensagem","1"
"apps/workers/src/delivery.ts","identifier","para","5"
"apps/workers/src/delivery.ts","identifier","pedido","5"
"apps/workers/src/delivery.ts","identifier","pode","1"
"apps/workers/src/delivery.ts","identifier","tentativas","6"
"apps/workers/src/delivery.ts","identifier","texto","25"
"apps/workers/src/delivery.ts","identifier","variaveis","1"
"apps/workers/src/delivery.ts","identifier","versao","3"
"apps/workers/src/delivery.ts","sql-name","anexo","1"
"apps/workers/src/delivery.ts","sql-name","atualizado","4"
"apps/workers/src/delivery.ts","sql-name","cabecalho","1"
"apps/workers/src/delivery.ts","sql-name","canal","1"
"apps/workers/src/delivery.ts","sql-name","chave","1"
"apps/workers/src/delivery.ts","sql-name","codigo","4"
"apps/workers/src/delivery.ts","sql-name","contato","1"
"apps/workers/src/delivery.ts","sql-name","conteudo","1"
"apps/workers/src/delivery.ts","sql-name","conversa","1"
"apps/workers/src/delivery.ts","sql-name","dados","1"
"apps/workers/src/delivery.ts","sql-name","entrega","4"
"apps/workers/src/delivery.ts","sql-name","enviada","2"
"apps/workers/src/delivery.ts","sql-name","erro","5"
"apps/workers/src/delivery.ts","sql-name","estado","8"
"apps/workers/src/delivery.ts","sql-name","falhou","2"
"apps/workers/src/delivery.ts","sql-name","identidade","1"
"apps/workers/src/delivery.ts","sql-name","identificador","1"
"apps/workers/src/delivery.ts","sql-name","idioma","1"
"apps/workers/src/delivery.ts","sql-name","mensagem","9"
"apps/workers/src/delivery.ts","sql-name","provedor","1"
"apps/workers/src/delivery.ts","sql-name","tentativas","4"
"apps/workers/src/delivery.ts","sql-name","texto","3"
"apps/workers/src/delivery.ts","sql-name","variaveis","1"
"apps/workers/src/import-of-contacts.ts","comment","","1"
"apps/workers/src/import-of-contacts.ts","identifier","cabecalho","1"
"apps/workers/src/import-of-contacts.ts","identifier","celular","1"
"apps/workers/src/import-of-contacts.ts","identifier","chaves","2"
"apps/workers/src/import-of-contacts.ts","identifier","cidade","1"
"apps/workers/src/import-of-contacts.ts","identifier","conteudo","1"
"apps/workers/src/import-of-contacts.ts","identifier","erro","1"
"apps/workers/src/import-of-contacts.ts","identifier","falhas","1"
"apps/workers/src/import-of-contacts.ts","identifier","identificador","1"
"apps/workers/src/import-of-contacts.ts","identifier","ler","1"
"apps/workers/src/import-of-contacts.ts","identifier","malformado","1"
"apps/workers/src/import-of-contacts.ts","identifier","para","1"
"apps/workers/src/import-of-contacts.ts","identifier","rejeitados","4"
"apps/workers/src/import-of-contacts.ts","literal-value","ausente","1"
"apps/workers/src/import-of-contacts.ts","literal-value","concluida","1"
"apps/workers/src/import-of-contacts.ts","literal-value","falhou","2"
"apps/workers/src/import-of-contacts.ts","sql-name","arquivo","2"
"apps/workers/src/import-of-contacts.ts","sql-name","atualizado","3"
"apps/workers/src/import-of-contacts.ts","sql-name","concluida","1"
"apps/workers/src/import-of-contacts.ts","sql-name","conteudo","1"
"apps/workers/src/import-of-contacts.ts","sql-name","estado","2"
"apps/workers/src/import-of-contacts.ts","sql-name","falhas","1"
"apps/workers/src/import-of-contacts.ts","sql-name","importacao","5"
"apps/workers/src/import-of-contacts.ts","sql-name","rejeitados","2"
"apps/workers/src/instagram.ts","comment","","2"
"apps/workers/src/instagram.ts","identifier","conteudo","2"
"apps/workers/src/instagram.ts","identifier","documento","1"
"apps/workers/src/instagram.ts","identifier","erro","1"
"apps/workers/src/instagram.ts","identifier","imagem","1"
"apps/workers/src/instagram.ts","identifier","para","4"
"apps/workers/src/instagram.ts","identifier","pedido","5"
"apps/workers/src/instagram.ts","identifier","provedor","10"
"apps/workers/src/instagram.ts","identifier","sequencia","1"
"apps/workers/src/instagram.ts","identifier","texto","1"
"apps/workers/src/instagram.ts","identifier","versao","2"
"apps/workers/src/instagram.ts","literal-value","documento","1"
"apps/workers/src/instagram.ts","literal-value","imagem","1"
"apps/workers/src/main.ts","comment","","1"
"apps/workers/src/main.ts","identifier","resumos","1"
"apps/workers/src/manager-of-contacts.ts","comment","","1"
"apps/workers/src/manager-of-contacts.ts","identifier","achar","1"
"apps/workers/src/manager-of-contacts.ts","identifier","campos","1"
"apps/workers/src/manager-of-contacts.ts","identifier","contato","2"
"apps/workers/src/manager-of-contacts.ts","identifier","para","1"
"apps/workers/src/manager-of-contacts.ts","sql-name","atualizado","1"
"apps/workers/src/manager-of-contacts.ts","sql-name","canal","1"
"apps/workers/src/manager-of-contacts.ts","sql-name","contato","8"
"apps/workers/src/manager-of-contacts.ts","sql-name","desc","1"
"apps/workers/src/manager-of-contacts.ts","sql-name","identidade","1"
"apps/workers/src/manager-of-contacts.ts","sql-name","identificador","1"
"apps/workers/src/manager-of-contacts.ts","sql-name","slice","1"
"apps/workers/src/messenger.ts","identifier","conteudo","2"
"apps/workers/src/messenger.ts","identifier","documento","1"
"apps/workers/src/messenger.ts","identifier","imagem","1"
"apps/workers/src/messenger.ts","identifier","para","2"
"apps/workers/src/messenger.ts","identifier","pedido","2"
"apps/workers/src/messenger.ts","identifier","provedor","3"
"apps/workers/src/messenger.ts","identifier","texto","1"
"apps/workers/src/messenger.ts","identifier","versao","1"
"apps/workers/src/messenger.ts","literal-value","documento","1"
"apps/workers/src/messenger.ts","literal-value","imagem","1"
"apps/workers/src/queues.ts","comment","","2"
"apps/workers/src/whatsapp/cliente.ts","comment","","1"
"apps/workers/src/whatsapp/cliente.ts","identifier","codigo","2"
"apps/workers/src/whatsapp/cliente.ts","identifier","conteudo","6"
"apps/workers/src/whatsapp/cliente.ts","identifier","para","2"
"apps/workers/src/whatsapp/cliente.ts","identifier","pedido","2"
"apps/workers/src/whatsapp/cliente.ts","identifier","provedor","1"
"apps/workers/src/whatsapp/cliente.ts","identifier","texto","3"
"apps/workers/src/whatsapp/cliente.ts","identifier","versao","1"
"apps/workers/src/whatsapp/cliente.ts","literal-value","botoes","1"
"apps/workers/src/whatsapp/cliente.ts","literal-value","texto","1"
"apps/workers/src/whatsapp/duble.ts","comment","","1"
"apps/workers/src/whatsapp/duble.ts","identifier","agora","1"
"apps/workers/src/whatsapp/duble.ts","identifier","codigo","2"
"apps/workers/src/whatsapp/duble.ts","identifier","configurar","1"
"apps/workers/src/whatsapp/duble.ts","identifier","para","6"
"apps/workers/src/whatsapp/duble.ts","identifier","parcial","1"
"apps/workers/src/whatsapp/duble.ts","identifier","pedido","2"
"apps/workers/src/whatsapp/duble.ts","identifier","provedor","7"
"apps/workers/src/whatsapp/duble.ts","identifier","saida","1"
"apps/workers/src/whatsapp/duble.ts","identifier","sequencia","1"
"apps/workers/src/whatsapp/duble.ts","identifier","texto","2"
"apps/workers/src/whatsapp/interativo.ts","comment","","1"
"apps/workers/src/whatsapp/interativo.ts","identifier","botao","1"
"apps/workers/src/whatsapp/interativo.ts","identifier","conteudo","2"
"apps/workers/src/whatsapp/interativo.ts","identifier","limite","3"
"apps/workers/src/whatsapp/interativo.ts","identifier","preferencias","1"
"apps/workers/src/whatsapp/interativo.ts","identifier","quick","3"
"apps/workers/src/whatsapp/interativo.ts","identifier","texto","3"
"apps/workers/src/whatsapp/interativo.ts","literal-value","botoes","1"
"apps/workers/src/whatsapp/interativo.ts","literal-value","texto","1"
"apps/workers/src/whatsapp/media.ts","comment","","1"
"apps/workers/src/whatsapp/media.ts","identifier","codigo","3"
"apps/workers/src/whatsapp/media.ts","identifier","documento","2"
"apps/workers/src/whatsapp/media.ts","identifier","formatos","2"
"apps/workers/src/whatsapp/media.ts","identifier","imagem","1"
"apps/workers/src/whatsapp/media.ts","identifier","maximo","2"
"apps/workers/src/whatsapp/media.ts","identifier","politica","1"
"apps/workers/src/whatsapp/media.ts","identifier","texto","3"
"apps/workers/src/whatsapp/media.ts","literal-value","demais","1"
"apps/workers/src/whatsapp/media.ts","literal-value","documento","1"
"apps/workers/src/whatsapp/media.ts","literal-value","formato","1"
"apps/workers/src/whatsapp/media.ts","literal-value","grande","1"
"apps/workers/src/whatsapp/media.ts","literal-value","imagem","1"
"apps/workers/src/whatsapp/media.ts","literal-value","midia","1"
"apps/workers/src/whatsapp/media.ts","literal-value","recusado","1"
"apps/workers/src/whatsapp/real.ts","comment","","10"
"apps/workers/src/whatsapp/real.ts","identifier","codigo","1"
"apps/workers/src/whatsapp/real.ts","identifier","conteudo","2"
"apps/workers/src/whatsapp/real.ts","identifier","documento","1"
"apps/workers/src/whatsapp/real.ts","identifier","erro","1"
"apps/workers/src/whatsapp/real.ts","identifier","imagem","1"
"apps/workers/src/whatsapp/real.ts","identifier","padrao","1"
"apps/workers/src/whatsapp/real.ts","identifier","pedido","3"
"apps/workers/src/whatsapp/real.ts","identifier","provedor","2"
"apps/workers/src/whatsapp/real.ts","identifier","texto","1"
"apps/workers/src/whatsapp/real.ts","identifier","versao","2"
"apps/workers/src/whatsapp/template.ts","comment","","1"
"apps/workers/src/whatsapp/template.ts","identifier","cabecalho","5"
"apps/workers/src/whatsapp/template.ts","identifier","codigo","1"
"apps/workers/src/whatsapp/template.ts","identifier","documento","1"
"apps/workers/src/whatsapp/template.ts","identifier","idioma","1"
"apps/workers/src/whatsapp/template.ts","identifier","imagem","1"
"apps/workers/src/whatsapp/template.ts","identifier","para","1"
"apps/workers/src/whatsapp/template.ts","literal-value","faltando","1"
"apps/workers/src/whatsapp/template.ts","literal-value","nenhum","1"
"apps/workers/src/whatsapp/template.ts","literal-value","texto","1"
"apps/workers/tests/credentials.test.ts","identifier","acesso","2"
"apps/workers/tests/credentials.test.ts","identifier","cifrar","1"
"apps/workers/tests/interativo.test.ts","comment","","1"
"apps/workers/tests/interativo.test.ts","identifier","conteudo","3"
"apps/workers/tests/interativo.test.ts","identifier","ligado","1"
"apps/workers/tests/interativo.test.ts","identifier","opcoes","6"
"apps/workers/tests/interativo.test.ts","identifier","para","2"
"apps/workers/tests/interativo.test.ts","identifier","preferencias","1"
"apps/workers/tests/interativo.test.ts","identifier","quatro","1"
"apps/workers/tests/interativo.test.ts","identifier","quick","4"
"apps/workers/tests/interativo.test.ts","identifier","texto","6"
"apps/workers/tests/telefone-e-csv.test.ts","identifier","ler","1"
"apps/workers/tests/telefone-e-csv.test.ts","identifier","malformado","1"
"apps/workers/tests/telefone-e-csv.test.ts","identifier","para","1"
"apps/workers/tests/telefone-e-csv.test.ts","identifier","saida","1"
"apps/workers/tests/telefone-e-csv.test.ts","string-literal","antigo","1"
"apps/workers/tests/telefone-e-csv.test.ts","string-literal","aspas","1"
"apps/workers/tests/telefone-e-csv.test.ts","string-literal","branco","1"
"apps/workers/tests/telefone-e-csv.test.ts","string-literal","cabecalhos","1"
"apps/workers/tests/telefone-e-csv.test.ts","string-literal","celular","1"
"apps/workers/tests/telefone-e-csv.test.ts","string-literal","colunas","1"
"apps/workers/tests/telefone-e-csv.test.ts","string-literal","com","1"
"apps/workers/tests/telefone-e-csv.test.ts","string-literal","como","1"
"apps/workers/tests/telefone-e-csv.test.ts","string-literal","conteudo","1"
"apps/workers/tests/telefone-e-csv.test.ts","string-literal","devolve","1"
"apps/workers/tests/telefone-e-csv.test.ts","string-literal","digitos","1"
"apps/workers/tests/telefone-e-csv.test.ts","string-literal","nao","2"
"apps/workers/tests/telefone-e-csv.test.ts","string-literal","ponto","1"
"apps/workers/tests/telefone-e-csv.test.ts","string-literal","propria","1"
"apps/workers/tests/telefone-e-csv.test.ts","string-literal","quando","1"
"apps/workers/tests/telefone-e-csv.test.ts","string-literal","quebra","1"
"apps/workers/tests/telefone-e-csv.test.ts","string-literal","salva","1"
"apps/workers/tests/telefone-e-csv.test.ts","string-literal","sem","1"
"apps/workers/tests/telefone-e-csv.test.ts","string-literal","sobra","1"
"apps/workers/tests/whatsapp.test.ts","comment","","1"
"apps/workers/tests/whatsapp.test.ts","identifier","cabecalho","2"
"apps/workers/tests/whatsapp.test.ts","identifier","erro","9"
"apps/workers/tests/whatsapp.test.ts","identifier","formatos","1"
"apps/workers/tests/whatsapp.test.ts","identifier","idioma","1"
"apps/workers/tests/whatsapp.test.ts","identifier","imagem","1"
"apps/workers/tests/whatsapp.test.ts","identifier","maximo","1"
"apps/workers/tests/whatsapp.test.ts","identifier","midia","9"
"apps/workers/tests/whatsapp.test.ts","identifier","sem","1"
"apps/workers/tests/whatsapp.test.ts","literal-value","aviso","1"
"apps/workers/tests/whatsapp.test.ts","literal-value","com","1"
"apps/workers/tests/whatsapp.test.ts","literal-value","esta","1"
"apps/workers/tests/whatsapp.test.ts","literal-value","estoura","2"
"apps/workers/tests/whatsapp.test.ts","literal-value","grande","1"
"apps/workers/tests/whatsapp.test.ts","literal-value","limite","1"
"apps/workers/tests/whatsapp.test.ts","literal-value","nao","2"
"apps/workers/tests/whatsapp.test.ts","literal-value","nenhum","1"
"apps/workers/tests/whatsapp.test.ts","literal-value","por","1"
"apps/workers/tests/whatsapp.test.ts","string-literal","cada","1"
"apps/workers/tests/whatsapp.test.ts","string-literal","fechada","1"
"apps/workers/tests/whatsapp.test.ts","string-literal","nao","1"
"apps/workers/tests/whatsapp.test.ts","string-literal","politica","1"
"apps/workers/tests/whatsapp.test.ts","string-literal","respeita","1"
"apps/workers/tests/whatsapp.test.ts","string-literal","shift","2"
"docker-compose.yml","comment","","1"
"docker-compose.yml","identifier","cmd","2"
"docker-compose.yml","identifier","sao","1"
"docs/lp/plano-conteudo.md","path","conteudo","1"
"docs/lp/plano-conteudo.md","path","plano","1"
"docs/mockup/pipe-telas.html","path","telas","1"
"docs/specs/2026-09-05-comercial.md","path","2026","1"
"docs/specs/2026-09-05-design-system.md","path","2026","1"
"docs/specs/2026-09-05-desk-requisitos.md","path","2026","1"
"docs/specs/2026-09-05-infraestrutura.md","path","2026","1"
"docs/specs/2026-09-05-metricas-atendimento.md","path","2026","1"
"docs/specs/2026-09-05-metricas-atendimento.md","path","atendimento","1"
"docs/specs/2026-09-05-metricas-atendimento.md","path","metricas","1"
"docs/specs/2026-09-05-modelo-de-dados.md","path","2026","1"
"docs/specs/2026-09-05-modelo-de-dados.md","path","dados","1"
"docs/specs/2026-09-05-modelo-de-dados.md","path","modelo","1"
"docs/specs/2026-09-05-o-que-falta.md","path","2026","1"
"docs/specs/2026-09-05-pipe-design.md","path","2026","1"
"docs/specs/2026-09-06-mensagem-ativa-e-janelas.md","path","2026","1"
"docs/specs/2026-09-06-mensagem-ativa-e-janelas.md","path","ativa","1"
"docs/specs/2026-09-06-mensagem-ativa-e-janelas.md","path","janelas","1"
"docs/specs/2026-09-06-mensagem-ativa-e-janelas.md","path","mensagem","1"
"docs/specs/2026-09-07-arquitetura-de-front.md","path","2026","1"
"docs/specs/2026-09-07-crm-tinta-nossa.md","path","2026","1"
"docs/specs/2026-09-07-crm-tinta-nossa.md","path","tinta","1"
"docs/specs/2026-09-07-fork-do-twenty.md","path","2026","1"
"docs/specs/2026-09-07-implantacao.md","path","2026","1"
"docs/specs/2026-09-07-implantacao.md","path","implantacao","1"
"docs/specs/2026-09-07-integracao-twenty.md","path","2026","1"
"docs/specs/2026-09-07-integracao-twenty.md","path","integracao","1"
"docs/specs/2026-09-07-preco.md","path","2026","1"
"docs/specs/2026-09-07-storage-de-anexos.md","path","2026","1"
"docs/specs/2026-09-07-storage-de-anexos.md","path","anexos","1"
"docs/specs/2026-09-07-webhook-por-cliente.md","path","2026","1"
"docs/specs/2026-09-07-webhook-por-cliente.md","path","por","1"
"docs/specs/2026-09-09-desk-visual-pipe-design.md","path","2026","1"
"docs/specs/2026-09-12-ponte-lime.md","path","2026","1"
"docs/specs/2026-09-12-ponte-lime.md","path","lime","1"
"docs/specs/2026-09-12-ponte-lime.md","path","ponte","1"
"docs/superpowers/plans/2026-09-09-desk-visual-pipe.md","path","2026","1"
"docs/superpowers/plans/2026-09-23-atendimento-blip-fidelity.md","path","2026","1"
"docs/superpowers/plans/2026-09-23-atendimento-blip-fidelity.md","path","atendimento","1"
"docs/superpowers/plans/2026-09-23-atendimento-blip-fidelity.md","path","fidelity","1"
"infra/.sops.yaml","comment","","12"
"infra/build-images.sh","comment","","24"
"infra/build-images.sh","identifier","com","1"
"infra/build-images.sh","identifier","contexto","3"
"infra/build-images.sh","identifier","dominio","5"
"infra/build-images.sh","identifier","gestao","1"
"infra/build-images.sh","identifier","imagem","1"
"infra/build-images.sh","identifier","por","1"
"infra/build-images.sh","identifier","sao","1"
"infra/build-images.sh","identifier","sem","1"
"infra/build-images.sh","identifier","shift","1"
"infra/build-images.sh","identifier","versao","5"
"infra/compose/backup/backup.sh","comment","","14"
"infra/compose/backup/backup.sh","identifier","duracao","2"
"infra/compose/backup/backup.sh","identifier","metrica","2"
"infra/compose/backup/backup.sh","identifier","metricas","2"
"infra/compose/backup/restore-test.sh","comment","","15"
"infra/compose/backup/restore-test.sh","identifier","atendimento","1"
"infra/compose/backup/restore-test.sh","identifier","duracao","2"
"infra/compose/backup/restore-test.sh","identifier","idade","3"
"infra/compose/backup/restore-test.sh","identifier","mensagem","1"
"infra/compose/backup/restore-test.sh","identifier","metrica","2"
"infra/compose/backup/restore-test.sh","identifier","metricas","2"
"infra/compose/backup/restore-test.sh","identifier","porta","4"
"infra/compose/backup/restore-test.sh","identifier","restauracao","8"
"infra/compose/backup/restore-test.sh","identifier","teste","1"
"infra/compose/bootstrap.sh","comment","","20"
"infra/compose/bootstrap.sh","identifier","2026","2"
"infra/compose/bootstrap.sh","identifier","administrador","1"
"infra/compose/bootstrap.sh","identifier","ainda","2"
"infra/compose/bootstrap.sh","identifier","alguem","1"
"infra/compose/bootstrap.sh","identifier","antes","2"
"infra/compose/bootstrap.sh","identifier","aponta","1"
"infra/compose/bootstrap.sh","identifier","arquivamento","1"
"infra/compose/bootstrap.sh","identifier","arquivo","2"
"infra/compose/bootstrap.sh","identifier","banco","4"
"infra/compose/bootstrap.sh","identifier","cada","2"
"infra/compose/bootstrap.sh","identifier","caiu","1"
"infra/compose/bootstrap.sh","identifier","chave","7"
"infra/compose/bootstrap.sh","identifier","chaves","3"
"infra/compose/bootstrap.sh","identifier","cifra","1"
"infra/compose/bootstrap.sh","identifier","com","14"
"infra/compose/bootstrap.sh","identifier","como","2"
"infra/compose/bootstrap.sh","identifier","conteudo","1"
"infra/compose/bootstrap.sh","identifier","credencial","1"
"infra/compose/bootstrap.sh","identifier","dados","12"
"infra/compose/bootstrap.sh","identifier","dela","1"
"infra/compose/bootstrap.sh","identifier","dele","1"
"infra/compose/bootstrap.sh","identifier","depois","2"
"infra/compose/bootstrap.sh","identifier","desafio","1"
"infra/compose/bootstrap.sh","identifier","desligado","1"
"infra/compose/bootstrap.sh","identifier","diz","3"
"infra/compose/bootstrap.sh","identifier","dominio","6"
"infra/compose/bootstrap.sh","identifier","edite","1"
"infra/compose/bootstrap.sh","identifier","ele","3"
"infra/compose/bootstrap.sh","identifier","enquanto","1"
"infra/compose/bootstrap.sh","identifier","entao","1"
"infra/compose/bootstrap.sh","identifier","entrar","1"
"infra/compose/bootstrap.sh","identifier","erro","1"
"infra/compose/bootstrap.sh","identifier","esta","13"
"infra/compose/bootstrap.sh","identifier","este","2"
"infra/compose/bootstrap.sh","identifier","exemplo","1"
"infra/compose/bootstrap.sh","identifier","existe","4"
"infra/compose/bootstrap.sh","identifier","experimento","1"
"infra/compose/bootstrap.sh","identifier","falhou","3"
"infra/compose/bootstrap.sh","identifier","faltando","4"
"infra/compose/bootstrap.sh","identifier","ferramentas","1"
"infra/compose/bootstrap.sh","identifier","ficou","1"
"infra/compose/bootstrap.sh","identifier","foi","1"
"infra/compose/bootstrap.sh","identifier","fora","1"
"infra/compose/bootstrap.sh","identifier","formato","2"
"infra/compose/bootstrap.sh","identifier","gerar","2"
"infra/compose/bootstrap.sh","identifier","gestao","2"
"infra/compose/bootstrap.sh","identifier","imagem","2"
"infra/compose/bootstrap.sh","identifier","imagens","2"
"infra/compose/bootstrap.sh","identifier","implantacao","2"
"infra/compose/bootstrap.sh","identifier","inicializacao","1"
"infra/compose/bootstrap.sh","identifier","isso","1"
"infra/compose/bootstrap.sh","identifier","ligacao","1"
"infra/compose/bootstrap.sh","identifier","maquina","8"
"infra/compose/bootstrap.sh","identifier","mensagem","1"
"infra/compose/bootstrap.sh","identifier","migrar","2"
"infra/compose/bootstrap.sh","identifier","nada","2"
"infra/compose/bootstrap.sh","identifier","nao","23"
"infra/compose/bootstrap.sh","identifier","nasce","2"
"infra/compose/bootstrap.sh","identifier","nomes","1"
"infra/compose/bootstrap.sh","identifier","onde","2"
"infra/compose/bootstrap.sh","identifier","operacao","1"
"infra/compose/bootstrap.sh","identifier","ordem","1"
"infra/compose/bootstrap.sh","identifier","origens","1"
"infra/compose/bootstrap.sh","identifier","painel","1"
"infra/compose/bootstrap.sh","identifier","papel","5"
"infra/compose/bootstrap.sh","identifier","para","6"
"infra/compose/bootstrap.sh","identifier","pelo","1"
"infra/compose/bootstrap.sh","identifier","permissao","1"
"infra/compose/bootstrap.sh","identifier","pilha","1"
"infra/compose/bootstrap.sh","identifier","plano","1"
"infra/compose/bootstrap.sh","identifier","pode","4"
"infra/compose/bootstrap.sh","identifier","ponto","3"
"infra/compose/bootstrap.sh","identifier","por","5"
"infra/compose/bootstrap.sh","identifier","porta","4"
"infra/compose/bootstrap.sh","identifier","precisa","3"
"infra/compose/bootstrap.sh","identifier","primeira","1"
"infra/compose/bootstrap.sh","identifier","primeiro","1"
"infra/compose/bootstrap.sh","identifier","producao","1"
"infra/compose/bootstrap.sh","identifier","provisionar","1"
"infra/compose/bootstrap.sh","identifier","publica","3"
"infra/compose/bootstrap.sh","identifier","publicacoes","1"
"infra/compose/bootstrap.sh","identifier","publico","1"
"infra/compose/bootstrap.sh","identifier","qual","2"
"infra/compose/bootstrap.sh","identifier","quando","1"
"infra/compose/bootstrap.sh","identifier","resto","1"
"infra/compose/bootstrap.sh","identifier","roda","2"
"infra/compose/bootstrap.sh","identifier","saida","1"
"infra/compose/bootstrap.sh","identifier","segredo","1"
"infra/compose/bootstrap.sh","identifier","segredos","2"
"infra/compose/bootstrap.sh","identifier","sem","2"
"infra/compose/bootstrap.sh","identifier","senha","1"
"infra/compose/bootstrap.sh","identifier","separadas","1"
"infra/compose/bootstrap.sh","identifier","servico","2"
"infra/compose/bootstrap.sh","identifier","shift","1"
"infra/compose/bootstrap.sh","identifier","sua","4"
"infra/compose/bootstrap.sh","identifier","subir","1"
"infra/compose/bootstrap.sh","identifier","tambem","1"
"infra/compose/bootstrap.sh","identifier","transacao","1"
"infra/compose/bootstrap.sh","identifier","tres","1"
"infra/compose/bootstrap.sh","identifier","tudo","1"
"infra/compose/bootstrap.sh","identifier","usa","1"
"infra/compose/bootstrap.sh","identifier","valores","2"
"infra/compose/bootstrap.sh","identifier","variavel","1"
"infra/compose/bootstrap.sh","identifier","vazio","1"
"infra/compose/bootstrap.sh","identifier","verificar","1"
"infra/compose/bootstrap.sh","identifier","versao","7"
"infra/compose/bootstrap.sh","identifier","volta","1"
"infra/compose/deploy.sh","comment","","18"
"infra/compose/deploy.sh","identifier","dados","5"
"infra/compose/deploy.sh","identifier","imagem","1"
"infra/compose/deploy.sh","identifier","migrar","1"
"infra/compose/deploy.sh","identifier","publicacoes","1"
"infra/compose/deploy.sh","identifier","versao","2"
"infra/compose/docker-compose.prod.yml","comment","","104"
"infra/compose/docker-compose.prod.yml","identifier","alertas","1"
"infra/compose/docker-compose.prod.yml","identifier","cmd","5"
"infra/compose/docker-compose.prod.yml","identifier","com","7"
"infra/compose/docker-compose.prod.yml","identifier","dados","16"
"infra/compose/docker-compose.prod.yml","identifier","este","1"
"infra/compose/docker-compose.prod.yml","identifier","fica","1"
"infra/compose/docker-compose.prod.yml","identifier","gestao","1"
"infra/compose/docker-compose.prod.yml","identifier","metricas","6"
"infra/compose/docker-compose.prod.yml","identifier","migrar","2"
"infra/compose/docker-compose.prod.yml","identifier","nao","1"
"infra/compose/docker-compose.prod.yml","identifier","padrao","17"
"infra/compose/docker-compose.prod.yml","identifier","painel","1"
"infra/compose/docker-compose.prod.yml","identifier","por","1"
"infra/compose/docker-compose.prod.yml","identifier","provisionar","2"
"infra/compose/docker-compose.prod.yml","identifier","restauracao","1"
"infra/compose/docker-compose.prod.yml","identifier","sao","1"
"infra/compose/docker-compose.prod.yml","identifier","senha","1"
"infra/compose/postgres/Dockerfile","comment","","5"
"infra/compose/postgres/init/10-papel-app.sh","comment","","14"
"infra/compose/postgres/init/10-papel-app.sh","identifier","com","1"
"infra/compose/postgres/init/10-papel-app.sh","identifier","esta","1"
"infra/compose/postgres/init/10-papel-app.sh","identifier","nao","1"
"infra/compose/postgres/init/10-papel-app.sh","identifier","papel","1"
"infra/compose/postgres/init/10-papel-app.sh","identifier","precisa","1"
"infra/compose/postgres/init/10-papel-app.sh","identifier","senha","4"
"infra/compose/postgres/init/10-papel-app.sh","identifier","username","1"
"infra/compose/postgres/init/10-papel-app.sh","path","papel","1"
"infra/k8s/base/api.yaml","comment","","18"
"infra/k8s/base/api.yaml","identifier","metricas","2"
"infra/k8s/base/api.yaml","identifier","segredos","1"
"infra/k8s/base/api.yaml","identifier","vem","1"
"infra/k8s/base/kustomization.yaml","comment","","10"
"infra/k8s/base/kustomization.yaml","identifier","sao","1"
"infra/k8s/base/rede.yaml","comment","","5"
"infra/k8s/base/rede.yaml","identifier","credencial","1"
"infra/k8s/base/rede.yaml","identifier","dos","1"
"infra/k8s/base/rede.yaml","identifier","entrada","1"
"infra/k8s/base/rede.yaml","identifier","metrica","1"
"infra/k8s/base/rede.yaml","identifier","padrao","1"
"infra/k8s/base/rede.yaml","identifier","por","1"
"infra/k8s/base/rede.yaml","identifier","saida","1"
"infra/k8s/base/rotas.yaml","comment","","5"
"infra/k8s/base/rotas.yaml","identifier","com","7"
"infra/k8s/base/rotas.yaml","identifier","gestao","3"
"infra/k8s/base/web.yaml","comment","","11"
"infra/k8s/base/web.yaml","identifier","segredos","1"
"infra/k8s/base/workers.yaml","comment","","7"
"infra/k8s/base/workers.yaml","identifier","metricas","3"
"infra/k8s/base/workers.yaml","identifier","segredos","1"
"infra/k8s/tenants/exemplo-dedicado/kustomization.yaml","comment","","11"
"infra/k8s/tenants/exemplo-dedicado/kustomization.yaml","identifier","com","4"
"infra/k8s/tenants/exemplo-dedicado/kustomization.yaml","identifier","gestao","2"
"infra/k8s/tenants/exemplo-dedicado/kustomization.yaml","identifier","merge","1"
"infra/k8s/tenants/exemplo-dedicado/kustomization.yaml","identifier","pelo","1"
"infra/k8s/tenants/exemplo-dedicado/kustomization.yaml","identifier","unico","1"
"infra/k8s/tenants/exemplo-dedicado/kustomization.yaml","path","exemplo","1"
"infra/k8s/values/cert-manager-issuer.yaml","comment","","3"
"infra/k8s/values/cert-manager-issuer.yaml","identifier","com","2"
"infra/k8s/values/cert-manager-issuer.yaml","identifier","conta","2"
"infra/k8s/values/cert-manager-issuer.yaml","identifier","teste","2"
"infra/k8s/values/kube-prometheus-stack-values.yaml","comment","","6"
"infra/k8s/values/kube-prometheus-stack-values.yaml","identifier","com","1"
"infra/k8s/values/kube-prometheus-stack-values.yaml","identifier","sao","1"
"infra/k8s/values/kube-prometheus-stack-values.yaml","identifier","severidade","1"
"infra/k8s/values/postgres-cnpg.yaml","comment","","18"
"infra/k8s/values/traefik-values.yaml","comment","","11"
"infra/observability/alertas.yml","comment","","19"
"infra/observability/alertas.yml","identifier","banco","1"
"infra/observability/alertas.yml","identifier","canal","3"
"infra/observability/alertas.yml","identifier","cheio","1"
"infra/observability/alertas.yml","identifier","das","1"
"infra/observability/alertas.yml","identifier","disco","4"
"infra/observability/alertas.yml","identifier","entrega","1"
"infra/observability/alertas.yml","identifier","fila","2"
"infra/observability/alertas.yml","identifier","fora","2"
"infra/observability/alertas.yml","identifier","mais","3"
"infra/observability/alertas.yml","identifier","menos","2"
"infra/observability/alertas.yml","identifier","mensagens","1"
"infra/observability/alertas.yml","identifier","nao","2"
"infra/observability/alertas.yml","identifier","para","1"
"infra/observability/alertas.yml","identifier","quando","1"
"infra/observability/alertas.yml","identifier","restauracao","4"
"infra/observability/alertas.yml","identifier","resultado","1"
"infra/observability/alertas.yml","identifier","resumo","7"
"infra/observability/alertas.yml","identifier","semana","1"
"infra/observability/alertas.yml","identifier","severidade","12"
"infra/observability/alertas.yml","identifier","teste","1"
"infra/observability/alertas.yml","identifier","vence","1"
"infra/observability/alertas.yml","path","alertas","1"
"infra/observability/alertmanager.yml","comment","","16"
"infra/observability/alertmanager.yml","identifier","fora","1"
"infra/observability/alertmanager.yml","identifier","severidade","2"
"infra/observability/prometheus.yml","comment","","12"
"infra/observability/prometheus.yml","identifier","alertas","1"
"infra/observability/prometheus.yml","identifier","producao","1"
"infra/terraform/modules/vps-pipe/cloud-init.yaml","comment","","21"
"infra/terraform/modules/vps-pipe/cloud-init.yaml","identifier","com","2"
"infra/terraform/modules/vps-pipe/cloud-init.yaml","identifier","dados","4"
"infra/terraform/modules/vps-pipe/cloud-init.yaml","identifier","decifra","1"
"infra/terraform/modules/vps-pipe/cloud-init.yaml","identifier","diario","1"
"infra/terraform/modules/vps-pipe/cloud-init.yaml","identifier","restauracao","4"
"infra/terraform/modules/vps-pipe/cloud-init.yaml","identifier","segredos","1"
"infra/terraform/modules/vps-pipe/cloud-init.yaml","identifier","semanal","1"
"infra/terraform/modules/vps-pipe/cloud-init.yaml","identifier","teste","4"
"packages/ai/fixtures/conjunto-referencia.json","path","referencia","1"
"packages/ai/src/bancada/bancada.ts","comment","","2"
"packages/ai/src/bancada/bancada.ts","identifier","bancada","4"
"packages/ai/src/bancada/bancada.ts","identifier","chamar","2"
"packages/ai/src/bancada/bancada.ts","identifier","confianca","2"
"packages/ai/src/bancada/bancada.ts","identifier","consumo","4"
"packages/ai/src/bancada/bancada.ts","identifier","desvio","7"
"packages/ai/src/bancada/bancada.ts","identifier","falhas","3"
"packages/ai/src/bancada/bancada.ts","identifier","gabarito","1"
"packages/ai/src/bancada/bancada.ts","identifier","geral","2"
"packages/ai/src/bancada/bancada.ts","identifier","humana","2"
"packages/ai/src/bancada/bancada.ts","identifier","igual","1"
"packages/ai/src/bancada/bancada.ts","identifier","justificativa","1"
"packages/ai/src/bancada/bancada.ts","identifier","padrao","1"
"packages/ai/src/bancada/bancada.ts","identifier","pontos","4"
"packages/ai/src/bancada/bancada.ts","identifier","referencia","1"
"packages/ai/src/bancada/bancada.ts","identifier","resultado","1"
"packages/ai/src/bancada/bancada.ts","path","bancada","1"
"packages/ai/src/bancada/conjunto.ts","identifier","anexo","1"
"packages/ai/src/bancada/conjunto.ts","identifier","arquivo","1"
"packages/ai/src/bancada/conjunto.ts","identifier","bruto","1"
"packages/ai/src/bancada/conjunto.ts","identifier","conteudo","2"
"packages/ai/src/bancada/conjunto.ts","identifier","contexto","1"
"packages/ai/src/bancada/conjunto.ts","identifier","descricao","2"
"packages/ai/src/bancada/conjunto.ts","identifier","direcao","1"
"packages/ai/src/bancada/conjunto.ts","identifier","duracao","1"
"packages/ai/src/bancada/conjunto.ts","identifier","gabarito","2"
"packages/ai/src/bancada/conjunto.ts","identifier","grupo","1"
"packages/ai/src/bancada/conjunto.ts","identifier","grupos","1"
"packages/ai/src/bancada/conjunto.ts","identifier","ler","1"
"packages/ai/src/bancada/conjunto.ts","identifier","lido","1"
"packages/ai/src/bancada/conjunto.ts","identifier","maxima","2"
"packages/ai/src/bancada/conjunto.ts","identifier","mensagens","1"
"packages/ai/src/bancada/conjunto.ts","identifier","referencia","1"
"packages/ai/src/bancada/conjunto.ts","identifier","transcricao","1"
"packages/ai/src/bancada/conjunto.ts","identifier","valor","1"
"packages/ai/src/bancada/conjunto.ts","path","bancada","1"
"packages/ai/src/bancada/index.ts","path","bancada","1"
"packages/ai/src/bancada/workbench.test.ts","identifier","antes","1"
"packages/ai/src/bancada/workbench.test.ts","identifier","bancada","1"
"packages/ai/src/bancada/workbench.test.ts","identifier","confianca","1"
"packages/ai/src/bancada/workbench.test.ts","identifier","consumo","2"
"packages/ai/src/bancada/workbench.test.ts","identifier","conteudo","1"
"packages/ai/src/bancada/workbench.test.ts","identifier","direcao","1"
"packages/ai/src/bancada/workbench.test.ts","identifier","erro","1"
"packages/ai/src/bancada/workbench.test.ts","identifier","gabarito","1"
"packages/ai/src/bancada/workbench.test.ts","identifier","grupos","1"
"packages/ai/src/bancada/workbench.test.ts","identifier","justificativa","2"
"packages/ai/src/bancada/workbench.test.ts","identifier","ler","1"
"packages/ai/src/bancada/workbench.test.ts","identifier","maxima","1"
"packages/ai/src/bancada/workbench.test.ts","identifier","mensagens","1"
"packages/ai/src/bancada/workbench.test.ts","identifier","referencia","1"
"packages/ai/src/bancada/workbench.test.ts","identifier","troca","1"
"packages/ai/src/bancada/workbench.test.ts","path","bancada","1"
"packages/ai/src/bancada/workbench.test.ts","string-literal","bancada","1"
"packages/ai/src/bancada/workbench.test.ts","string-literal","cada","1"
"packages/ai/src/bancada/workbench.test.ts","string-literal","cheia","1"
"packages/ai/src/bancada/workbench.test.ts","string-literal","cita","1"
"packages/ai/src/bancada/workbench.test.ts","string-literal","denominador","1"
"packages/ai/src/bancada/workbench.test.ts","string-literal","desvio","2"
"packages/ai/src/bancada/workbench.test.ts","string-literal","estoura","1"
"packages/ai/src/bancada/workbench.test.ts","string-literal","gabarito","2"
"packages/ai/src/bancada/workbench.test.ts","string-literal","inexistente","1"
"packages/ai/src/bancada/workbench.test.ts","string-literal","quando","1"
"packages/ai/src/bancada/workbench.test.ts","string-literal","referencia","1"
"packages/ai/src/bancada/workbench.test.ts","string-literal","sai","1"
"packages/ai/src/bancada/workbench.test.ts","string-literal","todos","1"
"packages/ai/src/bancada/workbench.test.ts","string-literal","vira","1"
"packages/ai/src/bancada/workbench.test.ts","string-literal","zera","1"
"packages/ai/src/classification/classification.test.ts","identifier","categoria","10"
"packages/ai/src/classification/classification.test.ts","identifier","chamar","4"
"packages/ai/src/classification/classification.test.ts","identifier","confianca","4"
"packages/ai/src/classification/classification.test.ts","identifier","consumo","2"
"packages/ai/src/classification/classification.test.ts","identifier","conteudo","1"
"packages/ai/src/classification/classification.test.ts","identifier","dados","1"
"packages/ai/src/classification/classification.test.ts","identifier","intencao","4"
"packages/ai/src/classification/classification.test.ts","identifier","modelo","1"
"packages/ai/src/classification/classification.test.ts","identifier","normalizar","1"
"packages/ai/src/classification/classification.test.ts","identifier","saida","1"
"packages/ai/src/classification/classification.test.ts","identifier","sem","1"
"packages/ai/src/classification/classification.test.ts","identifier","sentimento","4"
"packages/ai/src/classification/classification.test.ts","identifier","subcategoria","7"
"packages/ai/src/classification/classification.test.ts","identifier","texto","1"
"packages/ai/src/classification/classification.test.ts","identifier","truncada","1"
"packages/ai/src/classification/classification.test.ts","identifier","usos","5"
"packages/ai/src/classification/classification.test.ts","string-literal","devolve","1"
"packages/ai/src/classification/classification.test.ts","string-literal","espaco","1"
"packages/ai/src/classification/classification.test.ts","string-literal","fora","1"
"packages/ai/src/classification/classification.test.ts","string-literal","nunca","1"
"packages/ai/src/classification/classification.test.ts","string-literal","pedido","1"
"packages/ai/src/classification/classification.test.ts","string-literal","vazia","1"
"packages/ai/src/classification/index.ts","identifier","categoria","5"
"packages/ai/src/classification/index.ts","identifier","chamar","2"
"packages/ai/src/classification/index.ts","identifier","confianca","3"
"packages/ai/src/classification/index.ts","identifier","consumo","4"
"packages/ai/src/classification/index.ts","identifier","escolhida","1"
"packages/ai/src/classification/index.ts","identifier","identificador","1"
"packages/ai/src/classification/index.ts","identifier","intencao","1"
"packages/ai/src/classification/index.ts","identifier","normalizar","1"
"packages/ai/src/classification/index.ts","identifier","padrao","1"
"packages/ai/src/classification/index.ts","identifier","sentimento","1"
"packages/ai/src/classification/index.ts","identifier","subcategoria","5"
"packages/ai/src/classification/index.ts","identifier","texto","2"
"packages/ai/src/classification/index.ts","identifier","truncada","1"
"packages/ai/src/cliente/cliente.test.ts","identifier","com","1"
"packages/ai/src/cliente/cliente.test.ts","identifier","sem","1"
"packages/ai/src/cliente/cliente.test.ts","identifier","tentativas","1"
"packages/ai/src/cliente/cliente.test.ts","identifier","vai","1"
"packages/ai/src/cliente/cliente.test.ts","identifier","vezes","4"
"packages/ai/src/cliente/cliente.test.ts","string-literal","cada","1"
"packages/ai/src/cliente/cliente.test.ts","string-literal","limite","1"
"packages/ai/src/cliente/cliente.test.ts","string-literal","quando","1"
"packages/ai/src/cliente/cliente.test.ts","string-literal","rodada","1"
"packages/ai/src/cliente/cliente.test.ts","string-literal","taxa","1"
"packages/ai/src/cliente/cliente.ts","identifier","bruto","1"
"packages/ai/src/cliente/cliente.ts","identifier","com","1"
"packages/ai/src/cliente/cliente.ts","identifier","consumo","3"
"packages/ai/src/cliente/cliente.ts","identifier","padrao","2"
"packages/ai/src/cliente/cliente.ts","identifier","pedido","4"
"packages/ai/src/cliente/cliente.ts","identifier","tentativas","2"
"packages/ai/src/cliente/cliente.ts","identifier","vai","1"
"packages/ai/src/cliente/cliente.ts","identifier","validado","1"
"packages/ai/src/cliente/errors.ts","identifier","bruto","1"
"packages/ai/src/consumo/consumption.test.ts","identifier","consumo","2"
"packages/ai/src/consumo/consumption.test.ts","identifier","custo","1"
"packages/ai/src/consumo/consumption.test.ts","identifier","entrada","1"
"packages/ai/src/consumo/consumption.test.ts","identifier","por","1"
"packages/ai/src/consumo/consumption.test.ts","identifier","saida","1"
"packages/ai/src/consumo/consumption.test.ts","identifier","soma","1"
"packages/ai/src/consumo/consumption.test.ts","path","consumo","1"
"packages/ai/src/consumo/consumption.test.ts","string-literal","arredonda","1"
"packages/ai/src/consumo/consumption.test.ts","string-literal","completo","1"
"packages/ai/src/consumo/consumption.test.ts","string-literal","consumo","2"
"packages/ai/src/consumo/consumption.test.ts","string-literal","custo","2"
"packages/ai/src/consumo/consumption.test.ts","string-literal","mede","1"
"packages/ai/src/consumo/consumption.test.ts","string-literal","monta","1"
"packages/ai/src/consumo/consumption.test.ts","string-literal","nao","1"
"packages/ai/src/consumo/consumption.test.ts","string-literal","para","1"
"packages/ai/src/consumo/consumption.test.ts","string-literal","sem","1"
"packages/ai/src/consumo/index.ts","identifier","consumo","3"
"packages/ai/src/consumo/index.ts","identifier","custo","4"
"packages/ai/src/consumo/index.ts","identifier","saida","4"
"packages/ai/src/consumo/index.ts","path","consumo","1"
"packages/ai/src/evaluation/evaluation.test.ts","identifier","chamar","6"
"packages/ai/src/evaluation/evaluation.test.ts","identifier","confianca","7"
"packages/ai/src/evaluation/evaluation.test.ts","identifier","consumo","2"
"packages/ai/src/evaluation/evaluation.test.ts","identifier","conteudo","2"
"packages/ai/src/evaluation/evaluation.test.ts","identifier","dados","1"
"packages/ai/src/evaluation/evaluation.test.ts","identifier","gravada","1"
"packages/ai/src/evaluation/evaluation.test.ts","identifier","justificativa","21"
"packages/ai/src/evaluation/evaluation.test.ts","identifier","maxima","1"
"packages/ai/src/evaluation/evaluation.test.ts","identifier","modelo","1"
"packages/ai/src/evaluation/evaluation.test.ts","identifier","saida","2"
"packages/ai/src/evaluation/evaluation.test.ts","identifier","soma","1"
"packages/ai/src/evaluation/evaluation.test.ts","string-literal","abaixo","1"
"packages/ai/src/evaluation/evaluation.test.ts","string-literal","antes","1"
"packages/ai/src/evaluation/evaluation.test.ts","string-literal","cheia","1"
"packages/ai/src/evaluation/evaluation.test.ts","string-literal","como","1"
"packages/ai/src/evaluation/evaluation.test.ts","string-literal","denominador","1"
"packages/ai/src/evaluation/evaluation.test.ts","string-literal","dos","1"
"packages/ai/src/evaluation/evaluation.test.ts","string-literal","duas","1"
"packages/ai/src/evaluation/evaluation.test.ts","string-literal","existe","1"
"packages/ai/src/evaluation/evaluation.test.ts","string-literal","grupo","1"
"packages/ai/src/evaluation/evaluation.test.ts","string-literal","maximo","1"
"packages/ai/src/evaluation/evaluation.test.ts","string-literal","nada","1"
"packages/ai/src/evaluation/evaluation.test.ts","string-literal","nao","5"
"packages/ai/src/evaluation/evaluation.test.ts","string-literal","pelo","1"
"packages/ai/src/evaluation/evaluation.test.ts","string-literal","pelos","1"
"packages/ai/src/evaluation/evaluation.test.ts","string-literal","pondera","1"
"packages/ai/src/evaluation/evaluation.test.ts","string-literal","pontos","1"
"packages/ai/src/evaluation/evaluation.test.ts","string-literal","quando","2"
"packages/ai/src/evaluation/evaluation.test.ts","string-literal","sai","3"
"packages/ai/src/evaluation/evaluation.test.ts","string-literal","soma","1"
"packages/ai/src/evaluation/evaluation.test.ts","string-literal","tambem","1"
"packages/ai/src/evaluation/evaluation.test.ts","string-literal","tudo","1"
"packages/ai/src/evaluation/evaluation.test.ts","string-literal","usa","1"
"packages/ai/src/evaluation/evaluation.test.ts","string-literal","vezes","2"
"packages/ai/src/evaluation/evaluation.test.ts","string-literal","zera","1"
"packages/ai/src/evaluation/evaluation.ts","comment","","1"
"packages/ai/src/evaluation/evaluation.ts","identifier","antes","1"
"packages/ai/src/evaluation/evaluation.ts","identifier","chamar","2"
"packages/ai/src/evaluation/evaluation.ts","identifier","confianca","2"
"packages/ai/src/evaluation/evaluation.ts","identifier","consumo","2"
"packages/ai/src/evaluation/evaluation.ts","identifier","identificador","1"
"packages/ai/src/evaluation/evaluation.ts","identifier","justificativa","2"
"packages/ai/src/evaluation/evaluation.ts","identifier","padrao","1"
"packages/ai/src/evaluation/evaluation.ts","identifier","texto","1"
"packages/ai/src/evaluation/evaluation.ts","identifier","truncada","1"
"packages/ai/src/evaluation/evaluation.ts","identifier","valor","1"
"packages/ai/src/evaluation/nota.ts","comment","","1"
"packages/ai/src/evaluation/nota.ts","identifier","antes","3"
"packages/ai/src/evaluation/nota.ts","identifier","bruto","1"
"packages/ai/src/evaluation/nota.ts","identifier","duas","1"
"packages/ai/src/evaluation/nota.ts","identifier","grupo","1"
"packages/ai/src/evaluation/nota.ts","identifier","justificativa","1"
"packages/ai/src/evaluation/nota.ts","identifier","pares","1"
"packages/ai/src/evaluation/nota.ts","identifier","pontos","2"
"packages/ai/src/evaluation/nota.ts","identifier","saida","1"
"packages/ai/src/evaluation/nota.ts","identifier","soma","1"
"packages/ai/src/evaluation/tipos.ts","comment","","1"
"packages/ai/src/evaluation/tipos.ts","identifier","antes","1"
"packages/ai/src/evaluation/tipos.ts","identifier","confianca","1"
"packages/ai/src/evaluation/tipos.ts","identifier","consumo","2"
"packages/ai/src/evaluation/tipos.ts","identifier","grupo","4"
"packages/ai/src/evaluation/tipos.ts","identifier","justificativa","2"
"packages/ai/src/evaluation/tipos.ts","identifier","maxima","1"
"packages/ai/src/evaluation/tipos.ts","identifier","pontos","1"
"packages/ai/src/evaluation/tipos.ts","literal-value","nao","1"
"packages/ai/src/prompts/classification.ts","comment","","1"
"packages/ai/src/prompts/classification.ts","identifier","aviso","1"
"packages/ai/src/prompts/classification.ts","identifier","categoria","1"
"packages/ai/src/prompts/classification.ts","identifier","subcategoria","1"
"packages/ai/src/prompts/classification.ts","identifier","truncada","1"
"packages/ai/src/prompts/classification.ts","identifier","usos","1"
"packages/ai/src/prompts/classification.ts","identifier","versao","1"
"packages/ai/src/prompts/evaluation.ts","comment","","1"
"packages/ai/src/prompts/evaluation.ts","identifier","aviso","1"
"packages/ai/src/prompts/evaluation.ts","identifier","grupo","2"
"packages/ai/src/prompts/evaluation.ts","identifier","truncada","1"
"packages/ai/src/prompts/evaluation.ts","identifier","versao","1"
"packages/ai/src/prompts/resumo.ts","identifier","aviso","1"
"packages/ai/src/prompts/resumo.ts","identifier","corte","1"
"packages/ai/src/prompts/resumo.ts","identifier","palavras","1"
"packages/ai/src/prompts/resumo.ts","identifier","regras","1"
"packages/ai/src/prompts/resumo.ts","identifier","resumo","1"
"packages/ai/src/prompts/resumo.ts","identifier","truncada","1"
"packages/ai/src/prompts/resumo.ts","identifier","versao","2"
"packages/ai/src/prompts/resumo.ts","path","resumo","1"
"packages/ai/src/prompts/tipos.ts","identifier","identificador","1"
"packages/ai/src/prompts/tipos.ts","identifier","texto","1"
"packages/ai/src/prompts/tipos.ts","identifier","versao","1"
"packages/ai/src/resumo/index.ts","identifier","chamar","2"
"packages/ai/src/resumo/index.ts","identifier","com","1"
"packages/ai/src/resumo/index.ts","identifier","consumo","4"
"packages/ai/src/resumo/index.ts","identifier","identificador","1"
"packages/ai/src/resumo/index.ts","identifier","padrao","1"
"packages/ai/src/resumo/index.ts","identifier","palavras","2"
"packages/ai/src/resumo/index.ts","identifier","resultado","1"
"packages/ai/src/resumo/index.ts","identifier","resumo","6"
"packages/ai/src/resumo/index.ts","identifier","texto","1"
"packages/ai/src/resumo/index.ts","identifier","truncada","1"
"packages/ai/src/resumo/index.ts","path","resumo","1"
"packages/ai/src/transcription/transcription.test.ts","identifier","conteudo","13"
"packages/ai/src/transcription/transcription.test.ts","identifier","parcial","1"
"packages/ai/src/transcription/transcription.test.ts","string-literal","espaco","1"
"packages/ai/src/transcription/transcription.test.ts","string-literal","existe","1"
"packages/ai/src/transcription/transcription.test.ts","string-literal","falou","1"
"packages/ai/src/transcription/transcription.test.ts","string-literal","interna","1"
"packages/ai/src/transcription/transcription.test.ts","string-literal","mais","1"
"packages/ai/src/transcription/transcription.test.ts","string-literal","nao","1"
"packages/ai/src/transcription/transcription.test.ts","string-literal","pesa","1"
"packages/ai/src/transcription/transcription.test.ts","string-literal","quando","1"
"packages/ai/src/transcription/transcription.test.ts","string-literal","quem","1"
"packages/ai/src/transcription/transcription.test.ts","string-literal","sai","1"
"packages/ai/src/transcription/transcription.test.ts","string-literal","sem","1"
"packages/ai/src/transcription/transcription.test.ts","string-literal","texto","1"
"packages/ai/src/transcription/transcription.test.ts","string-literal","usa","1"
"packages/ai/src/transcription/transcription.ts","comment","","1"
"packages/ai/src/transcription/transcription.ts","identifier","cabecalho","1"
"packages/ai/src/transcription/transcription.ts","identifier","conteudo","1"
"packages/ai/src/transcription/transcription.ts","identifier","cortar","1"
"packages/ai/src/transcription/transcription.ts","identifier","corte","1"
"packages/ai/src/transcription/transcription.ts","identifier","custo","2"
"packages/ai/src/transcription/transcription.ts","identifier","interna","1"
"packages/ai/src/transcription/transcription.ts","identifier","padrao","1"
"packages/ai/src/transcription/transcription.ts","identifier","sem","1"
"packages/ai/src/transcription/transcription.ts","identifier","soma","1"
"packages/ai/src/transcription/transcription.ts","identifier","texto","8"
"packages/ai/src/transcription/transcription.ts","identifier","truncada","3"
"packages/ai/src/transcription/transcription.ts","literal-value","atendente","1"
"packages/ai/src/transcription/transcription.ts","literal-value","contato","1"
"packages/ai/src/transcription/transcription.ts","literal-value","documento","1"
"packages/ai/src/transcription/transcription.ts","literal-value","entrada","1"
"packages/ai/src/transcription/transcription.ts","literal-value","imagem","1"
"packages/ai/src/transcription/transcription.ts","literal-value","interna","1"
"packages/ai/src/transcription/transcription.ts","literal-value","localizacao","1"
"packages/ai/src/transcription/transcription.ts","literal-value","saida","1"
"packages/ai/src/transcription/transcription.ts","literal-value","texto","1"
"packages/authentication/src/google.ts","comment","","1"
"packages/authentication/src/google.ts","identifier","autorizacao","1"
"packages/authentication/src/google.ts","identifier","chaves","2"
"packages/authentication/src/google.ts","identifier","codigo","1"
"packages/authentication/src/google.ts","identifier","desafio","4"
"packages/authentication/src/google.ts","identifier","dominios","1"
"packages/authentication/src/google.ts","identifier","emissor","3"
"packages/authentication/src/google.ts","identifier","externa","1"
"packages/authentication/src/google.ts","identifier","sujeito","3"
"packages/authentication/src/google.ts","identifier","uri","2"
"packages/authentication/src/google.ts","identifier","verificado","2"
"packages/authentication/src/google.ts","identifier","verificar","1"
"packages/authentication/src/google.ts","literal-value","com","4"
"packages/authentication/src/inbound.ts","comment","","4"
"packages/authentication/src/inbound.ts","identifier","acesso","3"
"packages/authentication/src/inbound.ts","identifier","agora","1"
"packages/authentication/src/inbound.ts","identifier","ativo","3"
"packages/authentication/src/inbound.ts","identifier","banco","11"
"packages/authentication/src/inbound.ts","identifier","codigo","1"
"packages/authentication/src/inbound.ts","identifier","com","1"
"packages/authentication/src/inbound.ts","identifier","contexto","6"
"packages/authentication/src/inbound.ts","identifier","emissor","2"
"packages/authentication/src/inbound.ts","identifier","encontrado","1"
"packages/authentication/src/inbound.ts","identifier","esta","1"
"packages/authentication/src/inbound.ts","identifier","externa","1"
"packages/authentication/src/inbound.ts","identifier","ligada","1"
"packages/authentication/src/inbound.ts","identifier","opcoes","2"
"packages/authentication/src/inbound.ts","identifier","politica","2"
"packages/authentication/src/inbound.ts","identifier","provedor","3"
"packages/authentication/src/inbound.ts","identifier","sujeito","2"
"packages/authentication/src/inbound.ts","identifier","usuario","8"
"packages/authentication/src/inbound.ts","literal-value","nao","1"
"packages/authentication/src/inbound.ts","literal-value","verificado","1"
"packages/authentication/src/inbound.ts","sql-name","verificado","1"
"packages/authentication/src/oidc.ts","comment","","4"
"packages/authentication/src/oidc.ts","identifier","chaves","4"
"packages/authentication/src/oidc.ts","identifier","desafio","4"
"packages/authentication/src/oidc.ts","identifier","emissor","5"
"packages/authentication/src/oidc.ts","identifier","entra","2"
"packages/authentication/src/oidc.ts","identifier","externa","1"
"packages/authentication/src/oidc.ts","identifier","provedor","4"
"packages/authentication/src/oidc.ts","identifier","provedores","1"
"packages/authentication/src/oidc.ts","identifier","sujeito","3"
"packages/authentication/src/oidc.ts","identifier","uri","4"
"packages/authentication/src/oidc.ts","identifier","verificado","2"
"packages/authentication/src/oidc.ts","identifier","verificar","1"
"packages/authentication/src/session.ts","comment","","3"
"packages/authentication/src/session.ts","identifier","agora","2"
"packages/authentication/src/session.ts","identifier","cru","1"
"packages/authentication/src/session.ts","identifier","esta","1"
"packages/authentication/src/session.ts","identifier","opcoes","2"
"packages/authentication/src/session.ts","identifier","origens","1"
"packages/authentication/src/session.ts","identifier","saida","1"
"packages/authentication/src/session.ts","string-literal","sessao","1"
"packages/authentication/tests/google.test.ts","identifier","desafio","5"
"packages/authentication/tests/google.test.ts","identifier","outra","1"
"packages/authentication/tests/google.test.ts","identifier","publica","7"
"packages/authentication/tests/google.test.ts","identifier","verificar","1"
"packages/authentication/tests/google.test.ts","string-literal","aceita","1"
"packages/authentication/tests/google.test.ts","string-literal","bem","1"
"packages/authentication/tests/google.test.ts","string-literal","com","3"
"packages/authentication/tests/google.test.ts","string-literal","devolve","1"
"packages/authentication/tests/google.test.ts","string-literal","diferente","1"
"packages/authentication/tests/google.test.ts","string-literal","emissor","1"
"packages/authentication/tests/google.test.ts","string-literal","foi","1"
"packages/authentication/tests/google.test.ts","string-literal","nao","1"
"packages/authentication/tests/google.test.ts","string-literal","outra","1"
"packages/authentication/tests/google.test.ts","string-literal","para","1"
"packages/authentication/tests/google.test.ts","string-literal","sujeito","1"
"packages/authentication/tests/google.test.ts","string-literal","volta","1"
"packages/authentication/tests/oidc.test.ts","identifier","desafio","4"
"packages/authentication/tests/oidc.test.ts","identifier","emissor","6"
"packages/authentication/tests/oidc.test.ts","identifier","entra","4"
"packages/authentication/tests/oidc.test.ts","identifier","outra","1"
"packages/authentication/tests/oidc.test.ts","identifier","provedor","2"
"packages/authentication/tests/oidc.test.ts","identifier","publica","10"
"packages/authentication/tests/oidc.test.ts","identifier","sujeito","1"
"packages/authentication/tests/oidc.test.ts","identifier","uri","2"
"packages/authentication/tests/oidc.test.ts","identifier","verificado","1"
"packages/authentication/tests/oidc.test.ts","identifier","verificar","1"
"packages/authentication/tests/oidc.test.ts","string-literal","aceita","2"
"packages/authentication/tests/oidc.test.ts","string-literal","bem","1"
"packages/authentication/tests/oidc.test.ts","string-literal","codigo","1"
"packages/authentication/tests/oidc.test.ts","string-literal","com","1"
"packages/authentication/tests/oidc.test.ts","string-literal","como","1"
"packages/authentication/tests/oidc.test.ts","string-literal","derivado","1"
"packages/authentication/tests/oidc.test.ts","string-literal","desafio","1"
"packages/authentication/tests/oidc.test.ts","string-literal","devolve","1"
"packages/authentication/tests/oidc.test.ts","string-literal","diferente","1"
"packages/authentication/tests/oidc.test.ts","string-literal","diretorio","2"
"packages/authentication/tests/oidc.test.ts","string-literal","emissor","3"
"packages/authentication/tests/oidc.test.ts","string-literal","entra","2"
"packages/authentication/tests/oidc.test.ts","string-literal","estavel","1"
"packages/authentication/tests/oidc.test.ts","string-literal","fecha","1"
"packages/authentication/tests/oidc.test.ts","string-literal","foi","1"
"packages/authentication/tests/oidc.test.ts","string-literal","mas","1"
"packages/authentication/tests/oidc.test.ts","string-literal","monta","1"
"packages/authentication/tests/oidc.test.ts","string-literal","nao","2"
"packages/authentication/tests/oidc.test.ts","string-literal","nunca","1"
"packages/authentication/tests/oidc.test.ts","string-literal","outra","1"
"packages/authentication/tests/oidc.test.ts","string-literal","para","1"
"packages/authentication/tests/oidc.test.ts","string-literal","sem","2"
"packages/authentication/tests/oidc.test.ts","string-literal","sujeito","2"
"packages/authentication/tests/oidc.test.ts","string-literal","troca","1"
"packages/authentication/tests/oidc.test.ts","string-literal","verificado","2"
"packages/authentication/tests/oidc.test.ts","string-literal","volta","1"
"packages/authentication/tests/session.test.ts","identifier","agora","2"
"packages/authentication/tests/session.test.ts","identifier","esta","1"
"packages/authentication/tests/session.test.ts","identifier","origens","1"
"packages/authentication/tests/session.test.ts","identifier","passado","1"
"packages/authentication/tests/session.test.ts","identifier","saida","1"
"packages/authentication/tests/session.test.ts","string-literal","com","1"
"packages/authentication/tests/session.test.ts","string-literal","dois","1"
"packages/authentication/tests/session.test.ts","string-literal","fala","1"
"packages/authentication/tests/session.test.ts","string-literal","fora","1"
"packages/authentication/tests/session.test.ts","string-literal","nao","1"
"packages/authentication/tests/session.test.ts","string-literal","nunca","1"
"packages/authentication/tests/session.test.ts","string-literal","sai","1"
"packages/authentication/tests/session.test.ts","string-literal","sem","1"
"packages/contracts/src/closure.ts","identifier","etiqueta","2"
"packages/contracts/src/desk.ts","comment","","2"
"packages/contracts/src/desk.ts","identifier","antigo","1"
"packages/contracts/src/desk.ts","identifier","aprovado","1"
"packages/contracts/src/desk.ts","identifier","atalho","1"
"packages/contracts/src/desk.ts","identifier","canal","2"
"packages/contracts/src/desk.ts","identifier","categoria","2"
"packages/contracts/src/desk.ts","identifier","colega","1"
"packages/contracts/src/desk.ts","identifier","colegas","1"
"packages/contracts/src/desk.ts","identifier","contato","4"
"packages/contracts/src/desk.ts","identifier","conteudo","1"
"packages/contracts/src/desk.ts","identifier","cor","1"
"packages/contracts/src/desk.ts","identifier","desde","3"
"packages/contracts/src/desk.ts","identifier","estado","4"
"packages/contracts/src/desk.ts","identifier","etiqueta","1"
"packages/contracts/src/desk.ts","identifier","etiquetas","2"
"packages/contracts/src/desk.ts","identifier","fila","3"
"packages/contracts/src/desk.ts","identifier","janela","1"
"packages/contracts/src/desk.ts","identifier","mensagem","1"
"packages/contracts/src/desk.ts","identifier","nao","1"
"packages/contracts/src/desk.ts","identifier","pausa","2"
"packages/contracts/src/desk.ts","identifier","primeira","2"
"packages/contracts/src/desk.ts","identifier","prioridade","2"
"packages/contracts/src/desk.ts","identifier","pronta","2"
"packages/contracts/src/desk.ts","identifier","resumo","2"
"packages/contracts/src/desk.ts","literal-value","autenticacao","1"
"packages/contracts/src/desk.ts","literal-value","entrada","1"
"packages/contracts/src/desk.ts","literal-value","pessoal","1"
"packages/contracts/src/desk.ts","literal-value","saida","1"
"packages/contracts/src/desk.ts","literal-value","utilidade","1"
"packages/contracts/src/eventos.ts","comment","","1"
"packages/contracts/src/eventos.ts","identifier","evento","1"
"packages/contracts/src/eventos.ts","identifier","quadro","1"
"packages/contracts/src/eventos.ts","literal-value","desconhecido","1"
"packages/contracts/src/eventos.ts","literal-value","permissao","1"
"packages/contracts/src/eventos.ts","literal-value","sem","1"
"packages/contracts/src/eventos.ts","literal-value","sessao","1"
"packages/contracts/src/eventos.ts","path","eventos","1"
"packages/contracts/src/management-flow.ts","comment","","7"
"packages/contracts/src/management-flow.ts","identifier","arquivada","1"
"packages/contracts/src/management-flow.ts","identifier","ativo","2"
"packages/contracts/src/management-flow.ts","identifier","atualizado","1"
"packages/contracts/src/management-flow.ts","identifier","blocos","1"
"packages/contracts/src/management-flow.ts","identifier","boas","1"
"packages/contracts/src/management-flow.ts","identifier","botao","1"
"packages/contracts/src/management-flow.ts","identifier","cabecalho","1"
"packages/contracts/src/management-flow.ts","identifier","canal","10"
"packages/contracts/src/management-flow.ts","identifier","categoria","2"
"packages/contracts/src/management-flow.ts","identifier","contato","1"
"packages/contracts/src/management-flow.ts","identifier","conteudo","1"
"packages/contracts/src/management-flow.ts","identifier","conversas","1"
"packages/contracts/src/management-flow.ts","identifier","custo","1"
"packages/contracts/src/management-flow.ts","identifier","desenho","3"
"packages/contracts/src/management-flow.ts","identifier","direcao","1"
"packages/contracts/src/management-flow.ts","identifier","erros","1"
"packages/contracts/src/management-flow.ts","identifier","estado","6"
"packages/contracts/src/management-flow.ts","identifier","expiracao","1"
"packages/contracts/src/management-flow.ts","identifier","idioma","2"
"packages/contracts/src/management-flow.ts","identifier","imagem","1"
"packages/contracts/src/management-flow.ts","identifier","mensagem","1"
"packages/contracts/src/management-flow.ts","identifier","modelos","2"
"packages/contracts/src/management-flow.ts","identifier","nao","2"
"packages/contracts/src/management-flow.ts","identifier","para","1"
"packages/contracts/src/management-flow.ts","identifier","persistente","3"
"packages/contracts/src/management-flow.ts","identifier","publicada","3"
"packages/contracts/src/management-flow.ts","identifier","resumo","1"
"packages/contracts/src/management-flow.ts","identifier","suportado","2"
"packages/contracts/src/management-flow.ts","identifier","texto","3"
"packages/contracts/src/management-flow.ts","identifier","variaveis","1"
"packages/contracts/src/management-flow.ts","identifier","versao","5"
"packages/contracts/src/management-flow.ts","literal-value","arquivada","1"
"packages/contracts/src/management-flow.ts","literal-value","padrao","1"
"packages/contracts/src/management-flow.ts","literal-value","publicada","2"
"packages/contracts/src/management-registrations.ts","comment","","1"
"packages/contracts/src/management-registrations.ts","identifier","atalho","3"
"packages/contracts/src/management-registrations.ts","identifier","ativa","12"
"packages/contracts/src/management-registrations.ts","identifier","ativo","3"
"packages/contracts/src/management-registrations.ts","identifier","campo","1"
"packages/contracts/src/management-registrations.ts","identifier","capacidade","2"
"packages/contracts/src/management-registrations.ts","identifier","categoria","3"
"packages/contracts/src/management-registrations.ts","identifier","combinador","2"
"packages/contracts/src/management-registrations.ts","identifier","como","2"
"packages/contracts/src/management-registrations.ts","identifier","condicao","2"
"packages/contracts/src/management-registrations.ts","identifier","condicoes","1"
"packages/contracts/src/management-registrations.ts","identifier","conta","2"
"packages/contracts/src/management-registrations.ts","identifier","cor","3"
"packages/contracts/src/management-registrations.ts","identifier","destino","1"
"packages/contracts/src/management-registrations.ts","identifier","duracao","2"
"packages/contracts/src/management-registrations.ts","identifier","escopo","10"
"packages/contracts/src/management-registrations.ts","identifier","faixa","1"
"packages/contracts/src/management-registrations.ts","identifier","fechado","2"
"packages/contracts/src/management-registrations.ts","identifier","fila","1"
"packages/contracts/src/management-registrations.ts","identifier","gravada","3"
"packages/contracts/src/management-registrations.ts","identifier","horario","5"
"packages/contracts/src/management-registrations.ts","identifier","operador","1"
"packages/contracts/src/management-registrations.ts","identifier","ordem","4"
"packages/contracts/src/management-registrations.ts","identifier","padrao","2"
"packages/contracts/src/management-registrations.ts","identifier","pausa","3"
"packages/contracts/src/management-registrations.ts","identifier","pedido","3"
"packages/contracts/src/management-registrations.ts","identifier","produtivo","2"
"packages/contracts/src/management-registrations.ts","identifier","pronta","2"
"packages/contracts/src/management-registrations.ts","identifier","regra","2"
"packages/contracts/src/management-registrations.ts","identifier","semana","2"
"packages/contracts/src/management-registrations.ts","identifier","sugerida","2"
"packages/contracts/src/management-registrations.ts","literal-value","diferente","1"
"packages/contracts/src/management-registrations.ts","literal-value","igual","1"
"packages/contracts/src/management-registrations.ts","literal-value","nao","1"
"packages/contracts/src/management-team.ts","identifier","fluxo","2"
"packages/contracts/src/management-team.ts","identifier","papel","2"
"packages/contracts/src/management-team.ts","identifier","permissoes","2"
"packages/contracts/src/management-team.ts","identifier","pode","1"
"packages/contracts/src/management-team.ts","literal-value","ler","1"
"packages/contracts/src/management-team.ts","literal-value","nenhum","1"
"packages/contracts/src/session.ts","comment","","2"
"packages/contracts/src/session.ts","identifier","codigo","1"
"packages/contracts/src/session.ts","identifier","concluido","1"
"packages/contracts/src/session.ts","identifier","para","1"
"packages/contracts/src/session.ts","identifier","plano","2"
"packages/contracts/src/session.ts","literal-value","nao","1"
"packages/contracts/src/session.ts","literal-value","operacao","1"
"packages/contracts/src/session.ts","literal-value","provedor","1"
"packages/contracts/src/session.ts","literal-value","senha","1"
"packages/contracts/src/session.ts","literal-value","verificado","1"
"packages/db/drizzle/0000_fundacao.sql","path","0000","1"
"packages/db/drizzle/0000_fundacao.sql","path","fundacao","1"
"packages/db/drizzle/0002_particoes.sql","path","0002","1"
"packages/db/drizzle/0002_particoes.sql","path","particoes","1"
"packages/db/drizzle/0003_chaves_cruzadas.sql","path","chaves","1"
"packages/db/drizzle/0004_canal_instagram.sql","path","0004","1"
"packages/db/drizzle/0004_canal_instagram.sql","path","canal","1"
"packages/db/drizzle/0005_mensagem_dados.sql","path","0005","1"
"packages/db/drizzle/0005_mensagem_dados.sql","path","dados","1"
"packages/db/drizzle/0005_mensagem_dados.sql","path","mensagem","1"
"packages/db/drizzle/0007_tenant_implantacao.sql","path","0007","1"
"packages/db/drizzle/0007_tenant_implantacao.sql","path","implantacao","1"
"packages/db/drizzle/0008_canal_roteamento.sql","path","0008","1"
"packages/db/drizzle/0008_canal_roteamento.sql","path","canal","1"
"packages/db/drizzle/0008_canal_roteamento.sql","path","roteamento","1"
"packages/db/drizzle/0010_convite.sql","path","0010","1"
"packages/db/drizzle/0010_convite.sql","path","convite","1"
"packages/db/drizzle/0012_espelho_twenty.sql","path","0012","1"
"packages/db/drizzle/0012_espelho_twenty.sql","path","espelho","1"
"packages/db/drizzle/0013_prioridade_cinco_degraus.sql","path","0013","1"
"packages/db/drizzle/0013_prioridade_cinco_degraus.sql","path","cinco","1"
"packages/db/drizzle/0013_prioridade_cinco_degraus.sql","path","degraus","1"
"packages/db/drizzle/0013_prioridade_cinco_degraus.sql","path","prioridade","1"
"packages/db/drizzle/0014_motor_de_fluxo.sql","path","0014","1"
"packages/db/drizzle/0014_motor_de_fluxo.sql","path","fluxo","1"
"packages/db/drizzle/0015_dicionario_twenty.sql","path","0015","1"
"packages/db/drizzle/0015_dicionario_twenty.sql","path","dicionario","1"
"packages/db/drizzle/0016_entrada_do_cliente.sql","path","0016","1"
"packages/db/drizzle/0016_entrada_do_cliente.sql","path","entrada","1"
"packages/db/drizzle/0017_conta_por_autosservico.sql","path","0017","1"
"packages/db/drizzle/0017_conta_por_autosservico.sql","path","autosservico","1"
"packages/db/drizzle/0017_conta_por_autosservico.sql","path","conta","1"
"packages/db/drizzle/0017_conta_por_autosservico.sql","path","por","1"
"packages/db/drizzle/0018_fluxo_e_roteador.sql","path","0018","1"
"packages/db/drizzle/0018_fluxo_e_roteador.sql","path","fluxo","1"
"packages/db/drizzle/0018_fluxo_e_roteador.sql","path","roteador","1"
"packages/db/drizzle/0019_permissoes_da_conta.sql","path","0019","1"
"packages/db/drizzle/0019_permissoes_da_conta.sql","path","conta","1"
"packages/db/drizzle/0019_permissoes_da_conta.sql","path","permissoes","1"
"packages/db/drizzle/0020_fluxo_imagem_e_short_name.sql","path","0020","1"
"packages/db/drizzle/0020_fluxo_imagem_e_short_name.sql","path","fluxo","1"
"packages/db/drizzle/0020_fluxo_imagem_e_short_name.sql","path","imagem","1"
"packages/db/drizzle/0021_papel_da_conta.sql","path","conta","1"
"packages/db/drizzle/0021_papel_da_conta.sql","path","papel","1"
"packages/db/drizzle/0022_fluxo_descricao.sql","path","0022","1"
"packages/db/drizzle/0022_fluxo_descricao.sql","path","descricao","1"
"packages/db/drizzle/0022_fluxo_descricao.sql","path","fluxo","1"
"packages/db/drizzle/0023_permissao_excluir_fluxo.sql","path","0023","1"
"packages/db/drizzle/0023_permissao_excluir_fluxo.sql","path","fluxo","1"
"packages/db/drizzle/0023_permissao_excluir_fluxo.sql","path","permissao","1"
"packages/db/drizzle/0024_roteador_servicos.sql","path","0024","1"
"packages/db/drizzle/0024_roteador_servicos.sql","path","roteador","1"
"packages/db/drizzle/0024_roteador_servicos.sql","path","servicos","1"
"packages/db/drizzle/0030_permissoes_cadastros_atendimento.sql","path","0030","1"
"packages/db/drizzle/0030_permissoes_cadastros_atendimento.sql","path","atendimento","1"
"packages/db/drizzle/0030_permissoes_cadastros_atendimento.sql","path","cadastros","1"
"packages/db/drizzle/0030_permissoes_cadastros_atendimento.sql","path","permissoes","1"
"packages/db/drizzle/0031_configuracao_do_fluxo.sql","path","0031","1"
"packages/db/drizzle/0031_configuracao_do_fluxo.sql","path","configuracao","1"
"packages/db/drizzle/0031_configuracao_do_fluxo.sql","path","fluxo","1"
"packages/db/drizzle/0032_integracoes_fluxo.sql","path","0032","1"
"packages/db/drizzle/0032_integracoes_fluxo.sql","path","fluxo","1"
"packages/db/drizzle/0032_integracoes_fluxo.sql","path","integracoes","1"
"packages/db/drizzle/0033_download_de_midia.sql","path","0033","1"
"packages/db/drizzle/0033_download_de_midia.sql","path","midia","1"
"packages/db/drizzle/0034_permissao_publicar_fluxo.sql","path","0034","1"
"packages/db/drizzle/0034_permissao_publicar_fluxo.sql","path","fluxo","1"
"packages/db/drizzle/0034_permissao_publicar_fluxo.sql","path","permissao","1"
"packages/db/drizzle/0035_equipe_do_fluxo.sql","path","0035","1"
"packages/db/drizzle/0035_equipe_do_fluxo.sql","path","equipe","1"
"packages/db/drizzle/0035_equipe_do_fluxo.sql","path","fluxo","1"
"packages/db/drizzle/0036_webhook_autenticacao_e_cabecalhos.sql","path","autenticacao","1"
"packages/db/drizzle/0036_webhook_autenticacao_e_cabecalhos.sql","path","cabecalhos","1"
"packages/db/drizzle/0039_certificado_mtls.sql","path","mtls","1"
"packages/db/drizzle/0040_indices_log_e_analise.sql","path","0040","1"
"packages/db/drizzle/0040_indices_log_e_analise.sql","path","analise","1"
"packages/db/drizzle/0040_indices_log_e_analise.sql","path","indices","1"
"packages/db/drizzle/0041_marcacao_de_conversa.sql","path","0041","1"
"packages/db/drizzle/0041_marcacao_de_conversa.sql","path","conversa","1"
"packages/db/drizzle/0041_marcacao_de_conversa.sql","path","marcacao","1"
"packages/db/drizzle/0042_palavra_proibida.sql","path","palavra","1"
"packages/db/drizzle/0042_palavra_proibida.sql","path","proibida","1"
"packages/db/drizzle/0043_canal_messenger.sql","path","0043","1"
"packages/db/drizzle/0043_canal_messenger.sql","path","canal","1"
"packages/db/drizzle/0044_certificado_mtls_arquivo.sql","path","0044","1"
"packages/db/drizzle/0044_certificado_mtls_arquivo.sql","path","arquivo","1"
"packages/db/drizzle/0044_certificado_mtls_arquivo.sql","path","mtls","1"
"packages/db/drizzle/0046_permissao_do_atendente.sql","path","0046","1"
"packages/db/drizzle/0046_permissao_do_atendente.sql","path","atendente","1"
"packages/db/drizzle/0046_permissao_do_atendente.sql","path","permissao","1"
"packages/db/drizzle/meta/0000_snapshot.json","path","0000","1"
"packages/db/drizzle/meta/0002_snapshot.json","path","0002","1"
"packages/db/drizzle/meta/0004_snapshot.json","path","0004","1"
"packages/db/drizzle/meta/0005_snapshot.json","path","0005","1"
"packages/db/drizzle/meta/0007_snapshot.json","path","0007","1"
"packages/db/drizzle/meta/0008_snapshot.json","path","0008","1"
"packages/db/drizzle/meta/0010_snapshot.json","path","0010","1"
"packages/db/drizzle/meta/0012_snapshot.json","path","0012","1"
"packages/db/package.json","package-script","gerar","2"
"packages/db/src/auditoria.ts","comment","","1"
"packages/db/src/auditoria.ts","identifier","antes","5"
"packages/db/src/auditoria.ts","identifier","chave","1"
"packages/db/src/auditoria.ts","identifier","depois","5"
"packages/db/src/auditoria.ts","identifier","evento","2"
"packages/db/src/auditoria.ts","identifier","nunca","1"
"packages/db/src/auditoria.ts","identifier","saida","1"
"packages/db/src/auditoria.ts","literal-value","alterou","1"
"packages/db/src/auditoria.ts","literal-value","ativou","1"
"packages/db/src/auditoria.ts","literal-value","criou","1"
"packages/db/src/auditoria.ts","literal-value","desativou","1"
"packages/db/src/auditoria.ts","literal-value","excluiu","1"
"packages/db/src/partitions.ts","identifier","ano","1"
"packages/db/src/partitions.ts","identifier","criadas","1"
"packages/db/src/partitions.ts","identifier","frente","1"
"packages/db/src/partitions.ts","identifier","referencia","2"
"packages/db/src/partitions.ts","identifier","tabelas","1"
"packages/db/src/partitions.ts","literal-value","atendimento","1"
"packages/db/src/partitions.ts","literal-value","evento","1"
"packages/db/src/partitions.ts","literal-value","mensagem","1"
"packages/db/src/partitions.ts","sql-name","criar","1"
"packages/db/src/partitions.ts","sql-name","particao","1"
"packages/db/src/schema/automation.ts","comment","","2"
"packages/db/src/schema/automation.ts","identifier","ativo","3"
"packages/db/src/schema/automation.ts","identifier","atualizado","2"
"packages/db/src/schema/automation.ts","identifier","bloco","1"
"packages/db/src/schema/automation.ts","identifier","cabecalhos","1"
"packages/db/src/schema/automation.ts","identifier","carimbos","1"
"packages/db/src/schema/automation.ts","identifier","codigo","4"
"packages/db/src/schema/automation.ts","identifier","contato","1"
"packages/db/src/schema/automation.ts","identifier","conteudo","1"
"packages/db/src/schema/automation.ts","identifier","contexto","2"
"packages/db/src/schema/automation.ts","identifier","descricao","2"
"packages/db/src/schema/automation.ts","identifier","desde","1"
"packages/db/src/schema/automation.ts","identifier","duracao","1"
"packages/db/src/schema/automation.ts","identifier","entrada","2"
"packages/db/src/schema/automation.ts","identifier","erro","2"
"packages/db/src/schema/automation.ts","identifier","estado","5"
"packages/db/src/schema/automation.ts","identifier","estados","1"
"packages/db/src/schema/automation.ts","identifier","evento","1"
"packages/db/src/schema/automation.ts","identifier","eventos","1"
"packages/db/src/schema/automation.ts","identifier","execucao","1"
"packages/db/src/schema/automation.ts","identifier","fluxo","1"
"packages/db/src/schema/automation.ts","identifier","gatilho","3"
"packages/db/src/schema/automation.ts","identifier","iniciada","2"
"packages/db/src/schema/automation.ts","identifier","ordem","1"
"packages/db/src/schema/automation.ts","identifier","pedido","1"
"packages/db/src/schema/automation.ts","identifier","persistente","1"
"packages/db/src/schema/automation.ts","identifier","publicada","1"
"packages/db/src/schema/automation.ts","identifier","roteador","1"
"packages/db/src/schema/automation.ts","identifier","saida","3"
"packages/db/src/schema/automation.ts","identifier","servico","1"
"packages/db/src/schema/automation.ts","identifier","tentativas","1"
"packages/db/src/schema/automation.ts","identifier","texto","1"
"packages/db/src/schema/automation.ts","identifier","versao","4"
"packages/db/src/schema/automation.ts","literal-value","arquivada","1"
"packages/db/src/schema/automation.ts","literal-value","arquivado","1"
"packages/db/src/schema/automation.ts","literal-value","avaliacao","1"
"packages/db/src/schema/automation.ts","literal-value","concluida","1"
"packages/db/src/schema/automation.ts","literal-value","condicao","1"
"packages/db/src/schema/automation.ts","literal-value","continuar","1"
"packages/db/src/schema/automation.ts","literal-value","criar","2"
"packages/db/src/schema/automation.ts","literal-value","evento","1"
"packages/db/src/schema/automation.ts","literal-value","externa","1"
"packages/db/src/schema/automation.ts","literal-value","falhou","2"
"packages/db/src/schema/automation.ts","literal-value","fila","1"
"packages/db/src/schema/automation.ts","literal-value","fluxo","1"
"packages/db/src/schema/automation.ts","literal-value","funcao","1"
"packages/db/src/schema/automation.ts","literal-value","ler","1"
"packages/db/src/schema/automation.ts","literal-value","mensagem","2"
"packages/db/src/schema/automation.ts","literal-value","nenhum","1"
"packages/db/src/schema/automation.ts","literal-value","nenhuma","1"
"packages/db/src/schema/automation.ts","literal-value","publicada","1"
"packages/db/src/schema/automation.ts","literal-value","repetir","1"
"packages/db/src/schema/automation.ts","literal-value","roteador","1"
"packages/db/src/schema/automation.ts","literal-value","transferencia","1"
"packages/db/src/schema/comum.ts","comment","","1"
"packages/db/src/schema/comum.ts","identifier","atualizado","2"
"packages/db/src/schema/comum.ts","identifier","carimbos","1"
"packages/db/src/schema/conversations.ts","identifier","atalho","1"
"packages/db/src/schema/conversations.ts","identifier","ativa","1"
"packages/db/src/schema/conversations.ts","identifier","ativo","2"
"packages/db/src/schema/conversations.ts","identifier","atualizado","1"
"packages/db/src/schema/conversations.ts","identifier","bloqueado","1"
"packages/db/src/schema/conversations.ts","identifier","cabecalho","1"
"packages/db/src/schema/conversations.ts","identifier","canal","2"
"packages/db/src/schema/conversations.ts","identifier","carimbos","1"
"packages/db/src/schema/conversations.ts","identifier","categoria","3"
"packages/db/src/schema/conversations.ts","identifier","contato","2"
"packages/db/src/schema/conversations.ts","identifier","conteudo","1"
"packages/db/src/schema/conversations.ts","identifier","conversa","4"
"packages/db/src/schema/conversations.ts","identifier","cor","2"
"packages/db/src/schema/conversations.ts","identifier","custo","1"
"packages/db/src/schema/conversations.ts","identifier","desde","2"
"packages/db/src/schema/conversations.ts","identifier","escopo","1"
"packages/db/src/schema/conversations.ts","identifier","estado","2"
"packages/db/src/schema/conversations.ts","identifier","etiqueta","3"
"packages/db/src/schema/conversations.ts","identifier","fila","1"
"packages/db/src/schema/conversations.ts","identifier","horario","1"
"packages/db/src/schema/conversations.ts","identifier","identificador","1"
"packages/db/src/schema/conversations.ts","identifier","idioma","1"
"packages/db/src/schema/conversations.ts","identifier","iniciada","1"
"packages/db/src/schema/conversations.ts","identifier","interna","1"
"packages/db/src/schema/conversations.ts","identifier","nao","1"
"packages/db/src/schema/conversations.ts","identifier","pausa","2"
"packages/db/src/schema/conversations.ts","identifier","por","1"
"packages/db/src/schema/conversations.ts","identifier","pronta","2"
"packages/db/src/schema/conversations.ts","identifier","provedor","1"
"packages/db/src/schema/conversations.ts","identifier","tentativas","2"
"packages/db/src/schema/conversations.ts","identifier","usuario","6"
"packages/db/src/schema/conversations.ts","literal-value","atendente","2"
"packages/db/src/schema/conversations.ts","literal-value","contato","3"
"packages/db/src/schema/conversations.ts","literal-value","conversa","1"
"packages/db/src/schema/conversations.ts","literal-value","documento","1"
"packages/db/src/schema/conversations.ts","literal-value","entrada","1"
"packages/db/src/schema/conversations.ts","literal-value","imagem","1"
"packages/db/src/schema/conversations.ts","literal-value","interna","1"
"packages/db/src/schema/conversations.ts","literal-value","invisivel","1"
"packages/db/src/schema/conversations.ts","literal-value","localizacao","1"
"packages/db/src/schema/conversations.ts","literal-value","pausa","1"
"packages/db/src/schema/conversations.ts","literal-value","pessoal","1"
"packages/db/src/schema/conversations.ts","literal-value","saida","1"
"packages/db/src/schema/conversations.ts","literal-value","texto","1"
"packages/db/src/schema/crm.ts","comment","","2"
"packages/db/src/schema/crm.ts","identifier","campo","1"
"packages/db/src/schema/crm.ts","identifier","carimbos","1"
"packages/db/src/schema/crm.ts","identifier","conta","2"
"packages/db/src/schema/crm.ts","identifier","desde","1"
"packages/db/src/schema/crm.ts","identifier","faixa","3"
"packages/db/src/schema/crm.ts","identifier","fechada","1"
"packages/db/src/schema/crm.ts","identifier","maximo","1"
"packages/db/src/schema/crm.ts","identifier","minimo","1"
"packages/db/src/schema/crm.ts","identifier","objetos","1"
"packages/db/src/schema/crm.ts","identifier","opcoes","1"
"packages/db/src/schema/crm.ts","identifier","pontos","1"
"packages/db/src/schema/crm.ts","identifier","publicada","1"
"packages/db/src/schema/crm.ts","identifier","regra","2"
"packages/db/src/schema/crm.ts","identifier","rejeitados","1"
"packages/db/src/schema/crm.ts","identifier","versao","4"
"packages/db/src/schema/deployment.ts","identifier","conteudo","1"
"packages/db/src/schema/deployment.ts","identifier","falhas","1"
"packages/db/src/schema/identity.ts","comment","","10"
"packages/db/src/schema/identity.ts","identifier","aceito","1"
"packages/db/src/schema/identity.ts","identifier","acesso","1"
"packages/db/src/schema/identity.ts","identifier","antes","1"
"packages/db/src/schema/identity.ts","identifier","ativada","1"
"packages/db/src/schema/identity.ts","identifier","ativo","2"
"packages/db/src/schema/identity.ts","identifier","carimbos","1"
"packages/db/src/schema/identity.ts","identifier","codigo","2"
"packages/db/src/schema/identity.ts","identifier","concedida","1"
"packages/db/src/schema/identity.ts","identifier","concluido","1"
"packages/db/src/schema/identity.ts","identifier","cor","1"
"packages/db/src/schema/identity.ts","identifier","depois","1"
"packages/db/src/schema/identity.ts","identifier","descricao","2"
"packages/db/src/schema/identity.ts","identifier","emissor","2"
"packages/db/src/schema/identity.ts","identifier","equipe","2"
"packages/db/src/schema/identity.ts","identifier","escopo","2"
"packages/db/src/schema/identity.ts","identifier","estado","1"
"packages/db/src/schema/identity.ts","identifier","estados","1"
"packages/db/src/schema/identity.ts","identifier","funcionarios","1"
"packages/db/src/schema/identity.ts","identifier","grupo","1"
"packages/db/src/schema/identity.ts","identifier","idioma","1"
"packages/db/src/schema/identity.ts","identifier","limites","2"
"packages/db/src/schema/identity.ts","identifier","operacao","1"
"packages/db/src/schema/identity.ts","identifier","optin","1"
"packages/db/src/schema/identity.ts","identifier","papel","2"
"packages/db/src/schema/identity.ts","identifier","permissao","1"
"packages/db/src/schema/identity.ts","identifier","plano","4"
"packages/db/src/schema/identity.ts","identifier","politica","1"
"packages/db/src/schema/identity.ts","identifier","politicas","1"
"packages/db/src/schema/identity.ts","identifier","provedor","2"
"packages/db/src/schema/identity.ts","identifier","provedores","1"
"packages/db/src/schema/identity.ts","identifier","revogada","1"
"packages/db/src/schema/identity.ts","identifier","senha","1"
"packages/db/src/schema/identity.ts","identifier","sujeito","1"
"packages/db/src/schema/identity.ts","identifier","testada","1"
"packages/db/src/schema/identity.ts","identifier","usuario","5"
"packages/db/src/schema/identity.ts","identifier","verificado","1"
"packages/db/src/schema/identity.ts","literal-value","atendimento","1"
"packages/db/src/schema/identity.ts","literal-value","ativa","1"
"packages/db/src/schema/identity.ts","literal-value","chave","1"
"packages/db/src/schema/identity.ts","literal-value","conta","1"
"packages/db/src/schema/identity.ts","literal-value","desligado","1"
"packages/db/src/schema/identity.ts","literal-value","entra","1"
"packages/db/src/schema/identity.ts","literal-value","membro","1"
"packages/db/src/schema/identity.ts","literal-value","opcional","1"
"packages/db/src/schema/identity.ts","literal-value","operacao","1"
"packages/db/src/schema/identity.ts","literal-value","senha","1"
"packages/db/src/schema/identity.ts","literal-value","testada","1"
"packages/db/src/schema/identity.ts","literal-value","usuario","1"
"packages/db/src/schema/management.ts","identifier","alertado","1"
"packages/db/src/schema/management.ts","identifier","alvos","1"
"packages/db/src/schema/management.ts","identifier","ativa","3"
"packages/db/src/schema/management.ts","identifier","ativo","1"
"packages/db/src/schema/management.ts","identifier","campo","1"
"packages/db/src/schema/management.ts","identifier","carimbos","1"
"packages/db/src/schema/management.ts","identifier","combinador","1"
"packages/db/src/schema/management.ts","identifier","comentario","1"
"packages/db/src/schema/management.ts","identifier","conversa","3"
"packages/db/src/schema/management.ts","identifier","diaria","1"
"packages/db/src/schema/management.ts","identifier","escopo","2"
"packages/db/src/schema/management.ts","identifier","escritos","1"
"packages/db/src/schema/management.ts","identifier","esforco","1"
"packages/db/src/schema/management.ts","identifier","estados","1"
"packages/db/src/schema/management.ts","identifier","estourado","1"
"packages/db/src/schema/management.ts","identifier","faixa","1"
"packages/db/src/schema/management.ts","identifier","fechado","1"
"packages/db/src/schema/management.ts","identifier","horario","3"
"packages/db/src/schema/management.ts","identifier","lidos","1"
"packages/db/src/schema/management.ts","identifier","metrica","1"
"packages/db/src/schema/management.ts","identifier","operador","1"
"packages/db/src/schema/management.ts","identifier","palavra","1"
"packages/db/src/schema/management.ts","identifier","pesquisa","4"
"packages/db/src/schema/management.ts","identifier","proibida","1"
"packages/db/src/schema/management.ts","identifier","pronta","1"
"packages/db/src/schema/management.ts","identifier","regra","3"
"packages/db/src/schema/management.ts","identifier","semana","1"
"packages/db/src/schema/management.ts","identifier","termo","1"
"packages/db/src/schema/management.ts","identifier","usuario","1"
"packages/db/src/schema/management.ts","literal-value","alertado","1"
"packages/db/src/schema/management.ts","literal-value","cumprido","1"
"packages/db/src/schema/management.ts","literal-value","equipe","1"
"packages/db/src/schema/management.ts","literal-value","estourado","1"
"packages/db/src/schema/management.ts","literal-value","etiqueta","1"
"packages/db/src/schema/management.ts","literal-value","fila","2"
"packages/db/src/schema/management.ts","literal-value","nps","1"
"packages/db/src/schema/management.ts","literal-value","primeira","1"
"packages/db/src/schema/management.ts","literal-value","resolucao","1"
"packages/db/src/schema/quality-review.ts","identifier","ativo","2"
"packages/db/src/schema/quality-review.ts","identifier","atualizado","1"
"packages/db/src/schema/quality-review.ts","identifier","avaliacao","2"
"packages/db/src/schema/quality-review.ts","identifier","avaliada","1"
"packages/db/src/schema/quality-review.ts","identifier","avaliado","1"
"packages/db/src/schema/quality-review.ts","identifier","carimbos","1"
"packages/db/src/schema/quality-review.ts","identifier","categoria","2"
"packages/db/src/schema/quality-review.ts","identifier","conceito","1"
"packages/db/src/schema/quality-review.ts","identifier","confianca","2"
"packages/db/src/schema/quality-review.ts","identifier","consumo","1"
"packages/db/src/schema/quality-review.ts","identifier","conversa","2"
"packages/db/src/schema/quality-review.ts","identifier","custo","1"
"packages/db/src/schema/quality-review.ts","identifier","desvio","1"
"packages/db/src/schema/quality-review.ts","identifier","estado","2"
"packages/db/src/schema/quality-review.ts","identifier","estados","1"
"packages/db/src/schema/quality-review.ts","identifier","grupo","2"
"packages/db/src/schema/quality-review.ts","identifier","justificativa","1"
"packages/db/src/schema/quality-review.ts","identifier","lido","1"
"packages/db/src/schema/quality-review.ts","identifier","maxima","1"
"packages/db/src/schema/quality-review.ts","identifier","modelo","1"
"packages/db/src/schema/quality-review.ts","identifier","ordem","2"
"packages/db/src/schema/quality-review.ts","identifier","periodo","2"
"packages/db/src/schema/quality-review.ts","identifier","plano","2"
"packages/db/src/schema/quality-review.ts","identifier","pontos","1"
"packages/db/src/schema/quality-review.ts","identifier","resumo","1"
"packages/db/src/schema/quality-review.ts","identifier","revisada","1"
"packages/db/src/schema/quality-review.ts","identifier","saida","1"
"packages/db/src/schema/quality-review.ts","identifier","subcategoria","1"
"packages/db/src/schema/quality-review.ts","identifier","texto","1"
"packages/db/src/schema/quality-review.ts","identifier","versao","2"
"packages/db/src/schema/quality-review.ts","literal-value","aceita","1"
"packages/db/src/schema/quality-review.ts","literal-value","andamento","1"
"packages/db/src/schema/quality-review.ts","literal-value","concluida","1"
"packages/db/src/schema/quality-review.ts","literal-value","concluido","1"
"packages/db/src/schema/quality-review.ts","literal-value","recusada","1"
"packages/db/src/schema/quality-review.ts","literal-value","revisada","1"
"packages/db/src/secret.ts","comment","","3"
"packages/db/src/secret.ts","identifier","campo","2"
"packages/db/src/secret.ts","identifier","chave","1"
"packages/db/src/secret.ts","identifier","chaveiro","3"
"packages/db/src/secret.ts","identifier","chaves","3"
"packages/db/src/secret.ts","identifier","cifra","1"
"packages/db/src/secret.ts","identifier","cifrado","1"
"packages/db/src/secret.ts","identifier","cifrar","2"
"packages/db/src/secret.ts","identifier","corte","1"
"packages/db/src/secret.ts","identifier","cru","1"
"packages/db/src/secret.ts","identifier","decifra","1"
"packages/db/src/secret.ts","identifier","esta","1"
"packages/db/src/secret.ts","identifier","saida","2"
"packages/db/src/secret.ts","identifier","texto","1"
"packages/db/src/secret.ts","identifier","valor","1"
"packages/db/src/secret.ts","literal-value","acesso","1"
"packages/db/src/secret.ts","literal-value","senha","1"
"packages/db/src/secret.ts","literal-value","verificacao","1"
"packages/db/src/seed.ts","comment","","6"
"packages/db/src/seed.ts","identifier","capacidade","4"
"packages/db/src/seed.ts","identifier","codigo","6"
"packages/db/src/seed.ts","identifier","cor","4"
"packages/db/src/seed.ts","identifier","descricao","9"
"packages/db/src/seed.ts","identifier","escopo","2"
"packages/db/src/seed.ts","identifier","gestor","1"
"packages/db/src/seed.ts","identifier","grupo","1"
"packages/db/src/seed.ts","identifier","ordem","4"
"packages/db/src/seed.ts","identifier","padrao","4"
"packages/db/src/seed.ts","identifier","permissoes","8"
"packages/db/src/seed.ts","identifier","resultado","2"
"packages/db/src/seed.ts","identifier","todos","1"
"packages/db/src/seed.ts","literal-value","acesso","4"
"packages/db/src/seed.ts","literal-value","administracao","7"
"packages/db/src/seed.ts","literal-value","administrador","1"
"packages/db/src/seed.ts","literal-value","agendar","1"
"packages/db/src/seed.ts","literal-value","apenas","1"
"packages/db/src/seed.ts","literal-value","atendente","4"
"packages/db/src/seed.ts","literal-value","atendimento","6"
"packages/db/src/seed.ts","literal-value","ativar","1"
"packages/db/src/seed.ts","literal-value","automacao","15"
"packages/db/src/seed.ts","literal-value","avaliacao","5"
"packages/db/src/seed.ts","literal-value","calibracao","1"
"packages/db/src/seed.ts","literal-value","canal","1"
"packages/db/src/seed.ts","literal-value","chave","1"
"packages/db/src/seed.ts","literal-value","configuracoes","2"
"packages/db/src/seed.ts","literal-value","configurar","3"
"packages/db/src/seed.ts","literal-value","consulta","3"
"packages/db/src/seed.ts","literal-value","consumo","1"
"packages/db/src/seed.ts","literal-value","conta","13"
"packages/db/src/seed.ts","literal-value","contato","4"
"packages/db/src/seed.ts","literal-value","contatos","1"
"packages/db/src/seed.ts","literal-value","contestacao","3"
"packages/db/src/seed.ts","literal-value","contrato","11"
"packages/db/src/seed.ts","literal-value","conversa","11"
"packages/db/src/seed.ts","literal-value","conversas","2"
"packages/db/src/seed.ts","literal-value","criar","11"
"packages/db/src/seed.ts","literal-value","dados","1"
"packages/db/src/seed.ts","literal-value","das","1"
"packages/db/src/seed.ts","literal-value","desativar","3"
"packages/db/src/seed.ts","literal-value","equipe","1"
"packages/db/src/seed.ts","literal-value","esforco","1"
"packages/db/src/seed.ts","literal-value","espaco","2"
"packages/db/src/seed.ts","literal-value","etiqueta","1"
"packages/db/src/seed.ts","literal-value","etiquetar","1"
"packages/db/src/seed.ts","literal-value","exportacao","1"
"packages/db/src/seed.ts","literal-value","faixas","1"
"packages/db/src/seed.ts","literal-value","faturamento","1"
"packages/db/src/seed.ts","literal-value","feriado","1"
"packages/db/src/seed.ts","literal-value","fila","4"
"packages/db/src/seed.ts","literal-value","filas","2"
"packages/db/src/seed.ts","literal-value","financeiro","1"
"packages/db/src/seed.ts","literal-value","fluxo","9"
"packages/db/src/seed.ts","literal-value","foto","1"
"packages/db/src/seed.ts","literal-value","gerenciar","17"
"packages/db/src/seed.ts","literal-value","gestao","9"
"packages/db/src/seed.ts","literal-value","gestor","1"
"packages/db/src/seed.ts","literal-value","grafico","4"
"packages/db/src/seed.ts","literal-value","grupo","1"
"packages/db/src/seed.ts","literal-value","grupos","2"
"packages/db/src/seed.ts","literal-value","horario","1"
"packages/db/src/seed.ts","literal-value","identidade","1"
"packages/db/src/seed.ts","literal-value","importar","1"
"packages/db/src/seed.ts","literal-value","informacoes","1"
"packages/db/src/seed.ts","literal-value","integracao","3"
"packages/db/src/seed.ts","literal-value","interna","1"
"packages/db/src/seed.ts","literal-value","ler","7"
"packages/db/src/seed.ts","literal-value","mas","1"
"packages/db/src/seed.ts","literal-value","membro","1"
"packages/db/src/seed.ts","literal-value","membros","4"
"packages/db/src/seed.ts","literal-value","monitoramento","1"
"packages/db/src/seed.ts","literal-value","monitoria","8"
"packages/db/src/seed.ts","literal-value","nao","1"
"packages/db/src/seed.ts","literal-value","oportunidade","2"
"packages/db/src/seed.ts","literal-value","outra","1"
"packages/db/src/seed.ts","literal-value","painel","2"
"packages/db/src/seed.ts","literal-value","papel","2"
"packages/db/src/seed.ts","literal-value","para","1"
"packages/db/src/seed.ts","literal-value","pausa","1"
"packages/db/src/seed.ts","literal-value","pedido","1"
"packages/db/src/seed.ts","literal-value","pela","1"
"packages/db/src/seed.ts","literal-value","permissao","1"
"packages/db/src/seed.ts","literal-value","plano","3"
"packages/db/src/seed.ts","literal-value","por","1"
"packages/db/src/seed.ts","literal-value","prioridade","1"
"packages/db/src/seed.ts","literal-value","pronta","1"
"packages/db/src/seed.ts","literal-value","propria","1"
"packages/db/src/seed.ts","literal-value","qualidade","1"
"packages/db/src/seed.ts","literal-value","quem","1"
"packages/db/src/seed.ts","literal-value","regra","1"
"packages/db/src/seed.ts","literal-value","regras","2"
"packages/db/src/seed.ts","literal-value","relatorio","4"
"packages/db/src/seed.ts","literal-value","relatorios","1"
"packages/db/src/seed.ts","literal-value","resumo","2"
"packages/db/src/seed.ts","literal-value","revisar","1"
"packages/db/src/seed.ts","literal-value","saida","1"
"packages/db/src/seed.ts","literal-value","sugerida","1"
"packages/db/src/seed.ts","literal-value","suporte","1"
"packages/db/src/seed.ts","literal-value","tempo","1"
"packages/db/src/seed.ts","literal-value","todo","1"
"packages/db/src/seed.ts","literal-value","todos","1"
"packages/db/src/seed.ts","literal-value","trocar","1"
"packages/db/src/seed.ts","literal-value","usuario","1"
"packages/db/src/seed.ts","literal-value","versao","1"
"packages/db/src/seed.ts","sql-name","administrador","1"
"packages/db/src/seed.ts","sql-name","automacao","1"
"packages/db/src/seed.ts","sql-name","codigo","1"
"packages/db/src/seed.ts","sql-name","conta","1"
"packages/db/src/seed.ts","sql-name","escopo","1"
"packages/db/src/seed.ts","sql-name","fluxo","1"
"packages/db/src/seed.ts","sql-name","membros","1"
"packages/db/src/seed.ts","sql-name","papel","1"
"packages/db/src/seed.ts","sql-name","permissao","1"
"packages/db/src/seed.ts","sql-name","usuario","1"
"packages/db/src/seed-demo.ts","comment","","2"
"packages/db/src/seed-demo.ts","identifier","agora","1"
"packages/db/src/seed-demo.ts","identifier","antiga","1"
"packages/db/src/seed-demo.ts","identifier","atalho","9"
"packages/db/src/seed-demo.ts","identifier","atalhos","1"
"packages/db/src/seed-demo.ts","identifier","atendente","1"
"packages/db/src/seed-demo.ts","identifier","canal","3"
"packages/db/src/seed-demo.ts","identifier","categoria","14"
"packages/db/src/seed-demo.ts","identifier","cidade","1"
"packages/db/src/seed-demo.ts","identifier","contato","3"
"packages/db/src/seed-demo.ts","identifier","conteudo","1"
"packages/db/src/seed-demo.ts","identifier","conversa","9"
"packages/db/src/seed-demo.ts","identifier","cor","9"
"packages/db/src/seed-demo.ts","identifier","desde","1"
"packages/db/src/seed-demo.ts","identifier","encerramento","1"
"packages/db/src/seed-demo.ts","identifier","escopo","2"
"packages/db/src/seed-demo.ts","identifier","estado","3"
"packages/db/src/seed-demo.ts","identifier","etiqueta","9"
"packages/db/src/seed-demo.ts","identifier","etiquetas","1"
"packages/db/src/seed-demo.ts","identifier","fala","1"
"packages/db/src/seed-demo.ts","identifier","fila","1"
"packages/db/src/seed-demo.ts","identifier","interna","1"
"packages/db/src/seed-demo.ts","identifier","janela","1"
"packages/db/src/seed-demo.ts","identifier","mensagem","2"
"packages/db/src/seed-demo.ts","identifier","nomes","2"
"packages/db/src/seed-demo.ts","identifier","papel","1"
"packages/db/src/seed-demo.ts","identifier","pausa","2"
"packages/db/src/seed-demo.ts","identifier","plano","2"
"packages/db/src/seed-demo.ts","identifier","por","1"
"packages/db/src/seed-demo.ts","identifier","primeira","1"
"packages/db/src/seed-demo.ts","identifier","prioridade","1"
"packages/db/src/seed-demo.ts","identifier","pronta","2"
"packages/db/src/seed-demo.ts","identifier","resultado","1"
"packages/db/src/seed-demo.ts","identifier","resumo","3"
"packages/db/src/seed-demo.ts","identifier","subcategoria","3"
"packages/db/src/seed-demo.ts","identifier","suporte","1"
"packages/db/src/seed-demo.ts","identifier","texto","18"
"packages/db/src/seed-demo.ts","identifier","usuario","4"
"packages/db/src/seed-demo.ts","literal-value","atendente","2"
"packages/db/src/seed-demo.ts","literal-value","atendimento","2"
"packages/db/src/seed-demo.ts","literal-value","baixa","1"
"packages/db/src/seed-demo.ts","literal-value","contato","2"
"packages/db/src/seed-demo.ts","literal-value","documento","1"
"packages/db/src/seed-demo.ts","literal-value","entrada","1"
"packages/db/src/seed-demo.ts","literal-value","enviada","1"
"packages/db/src/seed-demo.ts","literal-value","falhou","1"
"packages/db/src/seed-demo.ts","literal-value","saida","1"
"packages/db/src/seed-demo.ts","literal-value","texto","1"
"packages/db/src/tenant.ts","identifier","com","1"
"packages/db/src/tenant.ts","identifier","resultado","1"
"packages/db/tests/ajuda.ts","identifier","falhou","1"
"packages/db/tests/ajuda.ts","identifier","fechada","1"
"packages/db/tests/ajuda.ts","identifier","resultado","1"
"packages/db/tests/ajuda.ts","sql-name","fila","1"
"packages/db/tests/auditoria.test.ts","comment","","1"
"packages/db/tests/auditoria.test.ts","identifier","acesso","1"
"packages/db/tests/auditoria.test.ts","identifier","antes","1"
"packages/db/tests/auditoria.test.ts","identifier","ativa","2"
"packages/db/tests/auditoria.test.ts","identifier","capacidade","4"
"packages/db/tests/auditoria.test.ts","identifier","cor","3"
"packages/db/tests/auditoria.test.ts","identifier","depois","5"
"packages/db/tests/auditoria.test.ts","identifier","iniciada","1"
"packages/db/tests/auditoria.test.ts","identifier","quando","1"
"packages/db/tests/auditoria.test.ts","string-literal","ausencia","1"
"packages/db/tests/auditoria.test.ts","string-literal","campo","1"
"packages/db/tests/auditoria.test.ts","string-literal","como","1"
"packages/db/tests/auditoria.test.ts","string-literal","grava","1"
"packages/db/tests/auditoria.test.ts","string-literal","igual","1"
"packages/db/tests/auditoria.test.ts","string-literal","mesma","1"
"packages/db/tests/auditoria.test.ts","string-literal","mudou","1"
"packages/db/tests/auditoria.test.ts","string-literal","nao","3"
"packages/db/tests/auditoria.test.ts","string-literal","nasce","1"
"packages/db/tests/auditoria.test.ts","string-literal","para","1"
"packages/db/tests/auditoria.test.ts","string-literal","sao","1"
"packages/db/tests/auditoria.test.ts","string-literal","texto","1"
"packages/db/tests/auditoria.test.ts","string-literal","vira","2"
"packages/db/tests/rls.test.ts","identifier","bypassrls","1"
"packages/db/tests/rls.test.ts","identifier","com","1"
"packages/db/tests/rls.test.ts","identifier","depois","1"
"packages/db/tests/rls.test.ts","identifier","falhou","1"
"packages/db/tests/rls.test.ts","identifier","fechada","1"
"packages/db/tests/rls.test.ts","identifier","politica","1"
"packages/db/tests/rls.test.ts","identifier","proprias","1"
"packages/db/tests/rls.test.ts","identifier","tabelas","1"
"packages/db/tests/rls.test.ts","sql-name","bypassrls","1"
"packages/db/tests/rls.test.ts","sql-name","criar","1"
"packages/db/tests/rls.test.ts","sql-name","fila","10"
"packages/db/tests/rls.test.ts","sql-name","isolado","2"
"packages/db/tests/rls.test.ts","sql-name","mensagem","1"
"packages/db/tests/rls.test.ts","sql-name","particao","1"
"packages/db/tests/rls.test.ts","sql-name","proprias","1"
"packages/db/tests/rls.test.ts","sql-name","qual","1"
"packages/db/tests/rls.test.ts","sql-name","sem","1"
"packages/db/tests/rls.test.ts","sql-name","tabelas","1"
"packages/db/tests/rls.test.ts","string-literal","com","1"
"packages/db/tests/rls.test.ts","string-literal","enxerga","1"
"packages/db/tests/rls.test.ts","string-literal","ligada","1"
"packages/db/tests/rls.test.ts","string-literal","nao","1"
"packages/db/tests/rls.test.ts","string-literal","nenhuma","1"
"packages/db/tests/rls.test.ts","string-literal","politica","1"
"packages/db/tests/rls.test.ts","string-literal","toda","1"
"packages/db/tests/secret.test.ts","identifier","acesso","3"
"packages/db/tests/secret.test.ts","identifier","antigo","1"
"packages/db/tests/secret.test.ts","identifier","cifrada","1"
"packages/db/tests/secret.test.ts","identifier","cifrado","1"
"packages/db/tests/secret.test.ts","identifier","cifrar","2"
"packages/db/tests/secret.test.ts","identifier","depois","1"
"packages/db/tests/secret.test.ts","identifier","duas","1"
"packages/db/tests/secret.test.ts","identifier","esta","1"
"packages/db/tests/secret.test.ts","identifier","legado","1"
"packages/db/tests/secret.test.ts","identifier","versao","1"
"packages/db/tests/secret.test.ts","string-literal","campos","1"
"packages/db/tests/secret.test.ts","string-literal","cifrados","1"
"packages/db/tests/secret.test.ts","string-literal","diferentes","1"
"packages/db/tests/secret.test.ts","string-literal","dois","1"
"packages/db/tests/secret.test.ts","string-literal","nao","1"
"packages/db/tests/secret.test.ts","string-literal","para","1"
"packages/db/tests/secret.test.ts","string-literal","resto","1"
"packages/db/tests/secret.test.ts","string-literal","sao","2"
"packages/db/tests/secret.test.ts","string-literal","texto","2"
"packages/db/tests/secret.test.ts","string-literal","vai","1"
"packages/db/tests/secret.test.ts","string-literal","volta","1"
"packages/db/tests/seed.test.ts","identifier","administrador","1"
"packages/db/tests/seed.test.ts","identifier","gestor","1"
"packages/db/tests/seed.test.ts","identifier","nada","1"
"packages/db/tests/seed.test.ts","identifier","sem","1"
"packages/db/tests/seed.test.ts","sql-name","atendimento","1"
"packages/db/tests/seed.test.ts","sql-name","conta","3"
"packages/db/tests/seed.test.ts","sql-name","escopo","4"
"packages/db/tests/seed.test.ts","sql-name","papel","4"
"packages/db/tests/seed.test.ts","sql-name","semente","1"
"packages/db/tests/seed.test.ts","sql-name","slice","1"
"packages/db/tests/seed.test.ts","sql-name","usuario","5"
"packages/realtime/src/index.ts","comment","","1"
"packages/realtime/src/index.ts","identifier","agora","1"
"packages/realtime/src/index.ts","identifier","evento","3"
"packages/realtime/src/index.ts","identifier","fechado","1"
"packages/realtime/src/index.ts","identifier","minimo","1"
"packages/realtime/src/index.ts","identifier","quadro","1"
"packages/realtime/tests/realtime.test.ts","identifier","criados","1"
"packages/realtime/tests/realtime.test.ts","identifier","estados","1"
"packages/realtime/tests/realtime.test.ts","identifier","evento","12"
"packages/realtime/tests/realtime.test.ts","identifier","fechado","1"
"packages/realtime/tests/realtime.test.ts","identifier","ligacao","10"
"packages/realtime/tests/realtime.test.ts","identifier","minimo","1"
"packages/realtime/tests/realtime.test.ts","identifier","primeiro","1"
"packages/realtime/tests/realtime.test.ts","identifier","sem","1"
"packages/realtime/tests/realtime.test.ts","identifier","vezes","1"
"packages/realtime/tests/realtime.test.ts","string-literal","aguenta","1"
"packages/realtime/tests/realtime.test.ts","string-literal","avisa","1"
"packages/realtime/tests/realtime.test.ts","string-literal","cada","1"
"packages/realtime/tests/realtime.test.ts","string-literal","depois","1"
"packages/realtime/tests/realtime.test.ts","string-literal","ele","1"
"packages/realtime/tests/realtime.test.ts","string-literal","entra","1"
"packages/realtime/tests/realtime.test.ts","string-literal","ilegivel","1"
"packages/realtime/tests/realtime.test.ts","string-literal","junta","1"
"packages/realtime/tests/realtime.test.ts","string-literal","mais","1"
"packages/realtime/tests/realtime.test.ts","string-literal","nao","2"
"packages/realtime/tests/realtime.test.ts","string-literal","nem","1"
"packages/realtime/tests/realtime.test.ts","string-literal","reconecta","2"
"packages/realtime/tests/realtime.test.ts","string-literal","sem","2"
"packages/realtime/tests/realtime.test.ts","string-literal","subscribe","1"
"packages/realtime/tests/realtime.test.ts","string-literal","tambem","1"
"packages/realtime/tests/realtime.test.ts","string-literal","toda","1"
"packages/realtime/tests/realtime.test.ts","string-literal","volta","1"
"packages/storage/src/disco.ts","comment","","1"
"packages/storage/src/disco.ts","identifier","chave","3"
"packages/storage/src/disco.ts","identifier","ler","1"
"packages/storage/src/disco.ts","identifier","lido","1"
"packages/storage/src/disco.ts","path","disco","1"
"packages/storage/src/limites.ts","comment","","3"
"packages/storage/src/limites.ts","identifier","aceito","2"
"packages/storage/src/limites.ts","literal-value","documento","1"
"packages/storage/src/limites.ts","literal-value","imagem","1"
"packages/storage/src/limites.ts","path","limites","1"
"packages/storage/src/porta.ts","comment","","1"
"packages/storage/src/porta.ts","identifier","agora","2"
"packages/storage/src/porta.ts","identifier","anexo","1"
"packages/storage/src/porta.ts","identifier","ano","1"
"packages/storage/src/porta.ts","identifier","assinado","1"
"packages/storage/src/porta.ts","identifier","assinatura","3"
"packages/storage/src/porta.ts","identifier","chave","3"
"packages/storage/src/porta.ts","identifier","extensao","1"
"packages/storage/src/porta.ts","identifier","ler","1"
"packages/storage/src/porta.ts","identifier","lido","1"
"packages/storage/src/porta.ts","identifier","ponto","1"
"packages/storage/src/porta.ts","identifier","segredo","1"
"packages/storage/src/porta.ts","path","porta","1"
"packages/storage/src/tipo-real.ts","comment","","1"
"packages/storage/src/tipo-real.ts","identifier","assinatura","2"
"packages/storage/src/tipo-real.ts","identifier","dados","1"
"packages/storage/src/tipo-real.ts","identifier","para","1"
"packages/storage/src/tipo-real.ts","identifier","servir","1"
"packages/storage/tests/storage.test.ts","identifier","aceito","1"
"packages/storage/tests/storage.test.ts","identifier","assinatura","1"
"packages/storage/tests/storage.test.ts","identifier","lido","1"
"packages/storage/tests/storage.test.ts","identifier","para","1"
"packages/storage/tests/storage.test.ts","identifier","servir","1"
"packages/storage/tests/storage.test.ts","string-literal","aceita","1"
"packages/storage/tests/storage.test.ts","string-literal","assinatura","1"
"packages/storage/tests/storage.test.ts","string-literal","com","1"
"packages/storage/tests/storage.test.ts","string-literal","deles","1"
"packages/storage/tests/storage.test.ts","string-literal","depois","1"
"packages/storage/tests/storage.test.ts","string-literal","disco","1"
"packages/storage/tests/storage.test.ts","string-literal","duas","1"
"packages/storage/tests/storage.test.ts","string-literal","estoura","1"
"packages/storage/tests/storage.test.ts","string-literal","estourar","1"
"packages/storage/tests/storage.test.ts","string-literal","extensao","1"
"packages/storage/tests/storage.test.ts","string-literal","fora","1"
"packages/storage/tests/storage.test.ts","string-literal","limites","1"
"packages/storage/tests/storage.test.ts","string-literal","nao","4"
"packages/storage/tests/storage.test.ts","string-literal","nem","1"
"packages/storage/tests/storage.test.ts","string-literal","numeros","1"
"packages/storage/tests/storage.test.ts","string-literal","nunca","1"
"packages/storage/tests/storage.test.ts","string-literal","pela","1"
"packages/storage/tests/storage.test.ts","string-literal","pelos","1"
"packages/storage/tests/storage.test.ts","string-literal","quando","1"
"packages/storage/tests/storage.test.ts","string-literal","resto","1"
"packages/storage/tests/storage.test.ts","string-literal","sem","1"
"packages/ui/assets/pipe-symbol.svg","path","symbol","1"
"packages/ui/assets/pipe-symbol-mono.svg","path","symbol","1"
"packages/ui/src/components/closure-ticket.tsx","identifier","etiqueta","3"
"packages/ui/src/components/closure-ticket.tsx","identifier","etiquetas","2"
"packages/ui/src/components/closure-ticket.tsx","identifier","evento","3"
"packages/ui/src/components/closure-ticket.tsx","identifier","marcada","1"
"packages/ui/src/components/closure-ticket.tsx","identifier","pode","1"
"packages/ui/src/components/notice-closure.tsx","identifier","evento","1"
"packages/ui/src/components/notice-closure.tsx","identifier","texto","1"
"packages/ui/src/components/primitivos.tsx","identifier","botao","5"
"packages/ui/src/components/primitivos.tsx","identifier","campo","1"
"packages/ui/src/components/primitivos.tsx","identifier","etiqueta","3"
"packages/ui/src/components/primitivos.tsx","identifier","resto","4"
"packages/ui/src/components/primitivos.tsx","literal-value","erro","1"
"packages/ui/src/components/primitivos.tsx","literal-value","padrao","1"
"packages/ui/src/components/primitivos.tsx","string-literal","cabecalho","2"
"packages/ui/src/components/structure.tsx","comment","","2"
"packages/ui/src/components/structure.tsx","identifier","ativo","1"
"packages/ui/src/components/structure.tsx","identifier","cabecalho","2"
"packages/ui/src/components/structure.tsx","identifier","esta","1"
"packages/ui/src/components/structure.tsx","identifier","padrao","1"
"packages/ui/src/components/structure.tsx","identifier","resto","1"
"packages/ui/src/components/structure.tsx","string-literal","conteudo","2"
"packages/ui/src/components/tabela.tsx","identifier","colunas","2"
"packages/ui/src/estilos.css","css-class","marcada","1"
"packages/ui/src/estilos.css","css-custom-property","campo","4"
"packages/ui/src/estilos.css","css-custom-property","conteudo","3"
"packages/ui/src/estilos/base.css","comment","","8"
"packages/ui/src/estilos/base.css","css-class","cabecalho","4"
"packages/ui/src/estilos/base.css","css-class","campo","3"
"packages/ui/src/estilos/base.css","css-class","conteudo","3"
"packages/ui/src/estilos/base.css","css-class","erro","1"
"packages/ui/src/estilos/base.css","css-class","etiqueta","16"
"packages/ui/src/estilos/base.css","css-class","fill","4"
"packages/ui/src/estilos/base.css","css-custom-property","conteudo","32"
"packages/ui/src/estilos/base.css","css-custom-property","curta","1"
"packages/ui/src/estilos/base.css","css-custom-property","espaco","2"
"packages/ui/src/estilos/base.css","css-custom-property","fundo","4"
"packages/ui/src/estilos/base.css","css-custom-property","grafico","1"
"packages/ui/src/estilos/base.css","css-custom-property","sombra","1"
"packages/ui/src/estilos/tokens.css","comment","","6"
"packages/ui/src/estilos/tokens.css","css-class","com","1"
"packages/ui/src/estilos/tokens.css","css-custom-property","conteudo","32"
"packages/ui/src/estilos/tokens.css","css-custom-property","curta","1"
"packages/ui/src/estilos/tokens.css","css-custom-property","escuro","3"
"packages/ui/src/estilos/tokens.css","css-custom-property","espaco","1"
"packages/ui/src/estilos/tokens.css","css-custom-property","fundo","12"
"packages/ui/src/estilos/tokens.css","css-custom-property","grafico","17"
"packages/ui/src/estilos/tokens.css","css-custom-property","sobre","3"
"packages/ui/src/estilos/tokens.css","css-custom-property","sombra","6"
"packages/ui/src/estilos/tokens.css","css-custom-property","tinta","8"
"packages/ui/src/estilos/tokens.css","css-custom-property","traco","1"
"packages/ui/src/estilos/tokens.css","data-attr","escuro","2"
"packages/ui/src/icones.tsx","comment","","1"
"packages/ui/src/icones.tsx","identifier","baixo","1"
"packages/ui/src/icones.tsx","identifier","balao","1"
"packages/ui/src/icones.tsx","identifier","busca","1"
"packages/ui/src/icones.tsx","identifier","calendario","1"
"packages/ui/src/icones.tsx","identifier","chave","1"
"packages/ui/src/icones.tsx","identifier","engrenagem","1"
"packages/ui/src/icones.tsx","identifier","esquerda","1"
"packages/ui/src/icones.tsx","identifier","fila","1"
"packages/ui/src/icones.tsx","identifier","filtro","1"
"packages/ui/src/icones.tsx","identifier","historico","1"
"packages/ui/src/icones.tsx","identifier","mais","1"
"packages/ui/src/icones.tsx","identifier","painel","1"
"packages/ui/src/icones.tsx","identifier","resto","2"
"packages/ui/src/illustrations.tsx","comment","","3"
"packages/ui/src/illustrations.tsx","identifier","busca","2"
"packages/ui/src/illustrations.tsx","identifier","concluido","2"
"packages/ui/src/illustrations.tsx","identifier","erro","2"
"packages/ui/src/illustrations.tsx","identifier","resto","1"
"packages/ui/src/illustrations.tsx","identifier","traco","1"
"packages/ui/src/illustrations.tsx","identifier","vazio","2"
"packages/ui/src/illustrations.tsx","literal-value","busca","1"
"packages/ui/src/illustrations.tsx","literal-value","concluido","1"
"packages/ui/src/illustrations.tsx","literal-value","erro","1"
"packages/ui/src/illustrations.tsx","literal-value","vazio","1"
"packages/ui/src/index.ts","comment","","1"
"packages/ui/src/rules-closure.ts","identifier","cor","1"
"packages/ui/src/rules-closure.ts","identifier","etiqueta","1"
"packages/ui/src/rules-closure.ts","identifier","etiquetas","1"
"packages/ui/src/tema.ts","comment","","2"
"packages/ui/src/tema.ts","identifier","baixa","1"
"packages/ui/src/tema.ts","identifier","conteudo","6"
"packages/ui/src/tema.ts","identifier","cor","1"
"packages/ui/src/tema.ts","identifier","densidade","1"
"packages/ui/src/tema.ts","identifier","duracao","1"
"packages/ui/src/tema.ts","identifier","erro","1"
"packages/ui/src/tema.ts","identifier","espaco","2"
"packages/ui/src/tema.ts","identifier","estado","1"
"packages/ui/src/tema.ts","identifier","fundo","4"
"packages/ui/src/tema.ts","identifier","grafico","1"
"packages/ui/src/tema.ts","identifier","padrao","2"
"packages/ui/src/tema.ts","identifier","sombra","1"
"packages/ui/src/tema.ts","identifier","traco","1"
"packages/ui/src/tema.ts","identifier","trilho","1"
"packages/ui/src/tema.ts","literal-value","conteudo","8"
"packages/ui/src/tema.ts","literal-value","fundo","3"
"packages/ui/src/tema.ts","literal-value","grafico","5"
"packages/ui/src/tema.ts","literal-value","sombra","2"
"packages/ui/verificar-tokens.mjs","comment","","1"
"packages/ui/verificar-tokens.mjs","identifier","estado","1"
"packages/ui/verificar-tokens.mjs","identifier","faltando","1"
"packages/ui/verificar-tokens.mjs","identifier","grafico","1"
"packages/ui/verificar-tokens.mjs","identifier","padrao","1"
"packages/ui/verificar-tokens.mjs","path","verificar","1"
"pnpm-workspace.yaml","comment","","2"
"scripts/foto.mjs","comment","","3"
"scripts/foto.mjs","identifier","pares","1"
"scripts/foto.mjs","identifier","saida","1"
"scripts/foto.mjs","path","foto","1"
"tools/std/apply-comments.ts","identifier","std","1"
"tools/std/apply-comments.ts","path","std","1"
"tools/std/apply-fixup.mjs","path","std","1"
"tools/std/check-map.ts","identifier","controlador","1"
"tools/std/check-map.ts","identifier","erro","1"
"tools/std/check-map.ts","identifier","filtro","1"
"tools/std/check-map.ts","identifier","guarda","1"
"tools/std/check-map.ts","identifier","servico","1"
"tools/std/check-map.ts","path","std","1"
"tools/std/classify-jsonb.test.ts","identifier","std","1"
"tools/std/classify-jsonb.test.ts","path","std","1"
"tools/std/classify-jsonb.ts","identifier","std","1"
"tools/std/classify-jsonb.ts","path","std","1"
"tools/std/codex-prompt.ts","identifier","dir","4"
"tools/std/codex-prompt.ts","identifier","std","1"
"tools/std/codex-prompt.ts","path","std","1"
"tools/std/codex-run.sh","identifier","cnica","1"
"tools/std/codex-run.sh","identifier","linguagem","1"
"tools/std/codex-run.sh","identifier","navega","1"
"tools/std/codex-run.sh","identifier","padronizar","1"
"tools/std/codex-run.sh","identifier","phases","1"
"tools/std/codex-run.sh","identifier","planning","1"
"tools/std/codex-run.sh","identifier","renderiza","1"
"tools/std/codex-run.sh","identifier","std","3"
"tools/std/codex-run.sh","path","std","1"
"tools/std/ddl-snapshot.sh","identifier","cnica","1"
"tools/std/ddl-snapshot.sh","identifier","dir","6"
"tools/std/ddl-snapshot.sh","identifier","linguagem","1"
"tools/std/ddl-snapshot.sh","identifier","navega","1"
"tools/std/ddl-snapshot.sh","identifier","padronizar","1"
"tools/std/ddl-snapshot.sh","identifier","phases","1"
"tools/std/ddl-snapshot.sh","identifier","planning","1"
"tools/std/ddl-snapshot.sh","identifier","renderiza","1"
"tools/std/ddl-snapshot.sh","identifier","std","3"
"tools/std/ddl-snapshot.sh","path","std","1"
"tools/std/drafting.ts","comment","","4"
"tools/std/drafting.ts","identifier","bruto","1"
"tools/std/drafting.ts","identifier","chave","1"
"tools/std/drafting.ts","identifier","padrao","2"
"tools/std/drafting.ts","identifier","saida","2"
"tools/std/drafting.ts","identifier","valor","1"
"tools/std/drafting.ts","path","std","1"
"tools/std/dump-jsonb-fixtures.sh","identifier","antes","2"
"tools/std/dump-jsonb-fixtures.sh","identifier","bloco","2"
"tools/std/dump-jsonb-fixtures.sh","identifier","condicao","2"
"tools/std/dump-jsonb-fixtures.sh","identifier","conteudo","2"
"tools/std/dump-jsonb-fixtures.sh","identifier","contexto","2"
"tools/std/dump-jsonb-fixtures.sh","identifier","depois","2"
"tools/std/dump-jsonb-fixtures.sh","identifier","desc","2"
"tools/std/dump-jsonb-fixtures.sh","identifier","entrada","2"
"tools/std/dump-jsonb-fixtures.sh","identifier","execucao","3"
"tools/std/dump-jsonb-fixtures.sh","identifier","fluxo","2"
"tools/std/dump-jsonb-fixtures.sh","identifier","iniciada","1"
"tools/std/dump-jsonb-fixtures.sh","identifier","mensagem","1"
"tools/std/dump-jsonb-fixtures.sh","identifier","posicao","2"
"tools/std/dump-jsonb-fixtures.sh","identifier","saida","2"
"tools/std/dump-jsonb-fixtures.sh","identifier","std","1"
"tools/std/dump-jsonb-fixtures.sh","identifier","transicao","1"
"tools/std/dump-jsonb-fixtures.sh","identifier","variaveis","2"
"tools/std/dump-jsonb-fixtures.sh","identifier","versao","1"
"tools/std/dump-jsonb-fixtures.sh","path","std","1"
"tools/std/engine.test.ts","identifier","dir","22"
"tools/std/engine.test.ts","identifier","move","1"
"tools/std/engine.test.ts","identifier","std","1"
"tools/std/engine.test.ts","path","std","1"
"tools/std/engine.test.ts","string-literal","move","2"
"tools/std/engine.test.ts","string-literal","symbol","1"
"tools/std/en-words.txt","path","std","1"
"tools/std/gate.sh","identifier","cnica","1"
"tools/std/gate.sh","identifier","dir","5"
"tools/std/gate.sh","identifier","linguagem","1"
"tools/std/gate.sh","identifier","navega","1"
"tools/std/gate.sh","identifier","padronizar","1"
"tools/std/gate.sh","identifier","phases","1"
"tools/std/gate.sh","identifier","planning","1"
"tools/std/gate.sh","identifier","ponte","1"
"tools/std/gate.sh","identifier","renderiza","1"
"tools/std/gate.sh","identifier","shift","1"
"tools/std/gate.sh","identifier","slice","1"
"tools/std/gate.sh","identifier","std","18"
"tools/std/gate.sh","path","std","1"
"tools/std/gate.test.sh","identifier","shift","1"
"tools/std/gate.test.sh","identifier","slice","3"
"tools/std/gate.test.sh","identifier","std","7"
"tools/std/gate.test.sh","path","std","1"
"tools/std/gerar-fixtures-jsonb.ts","comment","","5"
"tools/std/gerar-fixtures-jsonb.ts","identifier","arquivos","1"
"tools/std/gerar-fixtures-jsonb.ts","identifier","gerar","1"
"tools/std/gerar-fixtures-jsonb.ts","path","gerar","1"
"tools/std/gerar-fixtures-jsonb.ts","path","std","1"
"tools/std/inventory.test.ts","path","std","1"
"tools/std/inventory.test.ts","string-literal","captura","1"
"tools/std/inventory.test.ts","string-literal","comentario","1"
"tools/std/inventory.test.ts","string-literal","nomes","1"
"tools/std/inventory.test.ts","string-literal","proximos","1"
"tools/std/inventory.test.ts","string-literal","sao","1"
"tools/std/inventory.test.ts","string-literal","sem","1"
"tools/std/inventory.ts","identifier","dir","4"
"tools/std/inventory.ts","identifier","slice","2"
"tools/std/inventory.ts","path","std","1"
"tools/std/jsonb-keys.test.ts","identifier","cabecalhos","1"
"tools/std/jsonb-keys.test.ts","identifier","chaves","2"
"tools/std/jsonb-keys.test.ts","identifier","nomes","3"
"tools/std/jsonb-keys.test.ts","identifier","pedido","1"
"tools/std/jsonb-keys.test.ts","identifier","texto","1"
"tools/std/jsonb-keys.test.ts","path","std","1"
"tools/std/jsonb-keys.test.ts","string-literal","abaixo","1"
"tools/std/jsonb-keys.test.ts","string-literal","acesso","1"
"tools/std/jsonb-keys.test.ts","string-literal","chaves","1"
"tools/std/jsonb-keys.test.ts","string-literal","com","1"
"tools/std/jsonb-keys.test.ts","string-literal","dele","1"
"tools/std/jsonb-keys.test.ts","string-literal","esta","1"
"tools/std/jsonb-keys.test.ts","string-literal","junta","1"
"tools/std/jsonb-keys.test.ts","string-literal","propriedade","1"
"tools/std/jsonb-keys.ts","comment","","7"
"tools/std/jsonb-keys.ts","identifier","arquivo","1"
"tools/std/jsonb-keys.ts","identifier","arquivos","1"
"tools/std/jsonb-keys.ts","identifier","campo","1"
"tools/std/jsonb-keys.ts","identifier","chave","3"
"tools/std/jsonb-keys.ts","identifier","chaves","5"
"tools/std/jsonb-keys.ts","identifier","codigo","4"
"tools/std/jsonb-keys.ts","identifier","entrada","1"
"tools/std/jsonb-keys.ts","identifier","falhas","1"
"tools/std/jsonb-keys.ts","identifier","nomes","2"
"tools/std/jsonb-keys.ts","identifier","saida","1"
"tools/std/jsonb-keys.ts","identifier","texto","1"
"tools/std/jsonb-keys.ts","identifier","todos","1"
"tools/std/jsonb-keys.ts","path","std","1"
"tools/std/jsonb-reach.test.ts","path","std","1"
"tools/std/jsonb-reach.test.ts","string-literal","alcanca","1"
"tools/std/jsonb-reach.test.ts","string-literal","chaves","1"
"tools/std/jsonb-reach.test.ts","string-literal","nao","1"
"tools/std/lib/csv.ts","path","std","1"
"tools/std/lib/jsonb-reach.ts","identifier","acoes","2"
"tools/std/lib/jsonb-reach.ts","identifier","entrada","4"
"tools/std/lib/jsonb-reach.ts","identifier","estado","2"
"tools/std/lib/jsonb-reach.ts","identifier","fluxo","2"
"tools/std/lib/jsonb-reach.ts","identifier","mensagem","2"
"tools/std/lib/jsonb-reach.ts","identifier","pedido","2"
"tools/std/lib/jsonb-reach.ts","identifier","saida","4"
"tools/std/lib/jsonb-reach.ts","identifier","symbol","2"
"tools/std/lib/jsonb-reach.ts","path","std","1"
"tools/std/lib/map.ts","identifier","dir","2"
"tools/std/lib/map.ts","literal-value","slice","1"
"tools/std/lib/map.ts","path","std","1"
"tools/std/lib/project.ts","identifier","dir","3"
"tools/std/lib/project.ts","path","std","1"
"tools/std/map-comment-identifiers.ts","identifier","std","1"
"tools/std/map-comment-identifiers.ts","path","std","1"
"tools/std/map-tools.test.ts","identifier","dir","1"
"tools/std/map-tools.test.ts","identifier","merge","1"
"tools/std/map-tools.test.ts","identifier","slice","1"
"tools/std/map-tools.test.ts","identifier","std","2"
"tools/std/map-tools.test.ts","path","std","1"
"tools/std/map-tools.test.ts","string-literal","bem","1"
"tools/std/map-tools.test.ts","string-literal","comentario","1"
"tools/std/map-tools.test.ts","string-literal","merge","1"
"tools/std/map-tools.test.ts","string-literal","move","2"
"tools/std/map-tools.test.ts","string-literal","symbol","2"
"tools/std/merge-proposals.ts","identifier","merge","1"
"tools/std/merge-proposals.ts","identifier","std","1"
"tools/std/merge-proposals.ts","path","merge","1"
"tools/std/merge-proposals.ts","path","std","1"
"tools/std/move-files.ts","comment","","3"
"tools/std/move-files.ts","identifier","dir","5"
"tools/std/move-files.ts","identifier","move","9"
"tools/std/move-files.ts","path","move","1"
"tools/std/move-files.ts","path","std","1"
"tools/std/nav-contract.test.cjs","path","std","1"
"tools/std/persisted-01-08.test.ts","identifier","std","1"
"tools/std/persisted-01-08.test.ts","path","std","1"
"tools/std/persisted-01-08.test.ts","string-literal","codigo","1"
"tools/std/persisted-01-08.test.ts","string-literal","erro","1"
"tools/std/persisted-01-08.test.ts","string-literal","mensagem","1"
"tools/std/pt-detect.test.ts","path","std","1"
"tools/std/pt-detect.test.ts","string-literal","aceita","1"
"tools/std/pt-detect.test.ts","string-literal","permanece","2"
"tools/std/pt-detect.test.ts","string-literal","sem","1"
"tools/std/pt-detect.test.ts","string-literal","separa","1"
"tools/std/pt-detect.test.ts","string-literal","texto","1"
"tools/std/pt-detect.ts","path","std","1"
"tools/std/pt-lexicon.txt","path","std","1"
"tools/std/rename-css.ts","identifier","dir","3"
"tools/std/rename-css.ts","path","std","1"
"tools/std/rename-symbols.ts","identifier","dir","2"
"tools/std/rename-symbols.ts","path","std","1"
"tools/std/repair-typecheck.ts","identifier","dir","1"
"tools/std/repair-typecheck.ts","identifier","symbol","3"
"tools/std/repair-typecheck.ts","path","std","1"
"tools/std/rewrite-literals.ts","identifier","dir","2"
"tools/std/rewrite-literals.ts","path","std","1"
"tools/std/route-match.test.ts","path","std","1"
"tools/std/route-match.test.ts","string-literal","symbol","1"
"tools/std/route-match.ts","identifier","symbol","1"
"tools/std/route-match.ts","path","std","1"
"tools/std/scan-pt.ts","identifier","dir","1"
"tools/std/scan-pt.ts","identifier","std","1"
"tools/std/scan-pt.ts","path","std","1"
"tools/std/scan-retranslated-literals.mjs","identifier","std","1"
"tools/std/scan-retranslated-literals.mjs","path","std","1"
"tools/std/schemas/comment-triage.schema.json","path","std","1"
"tools/std/schemas/glossary-terms.schema.json","path","std","1"
"tools/std/schemas/map-rows.schema.json","path","std","1"
"tools/std/schemas/nav-classification.schema.json","path","std","1"
"tools/std/test-counts.test.ts","path","std","1"
"tools/std/test-counts.test.ts","string-literal","aprovado","1"
"tools/std/test-counts.test.ts","string-literal","arquivo","1"
"tools/std/test-counts.test.ts","string-literal","chave","1"
"tools/std/test-counts.test.ts","string-literal","com","1"
"tools/std/test-counts.test.ts","string-literal","contagem","1"
"tools/std/test-counts.test.ts","string-literal","excecao","2"
"tools/std/test-counts.test.ts","string-literal","falhas","2"
"tools/std/test-counts.test.ts","string-literal","mas","1"
"tools/std/test-counts.test.ts","string-literal","nao","1"
"tools/std/test-counts.test.ts","string-literal","por","1"
"tools/std/test-counts.test.ts","string-literal","prefixos","1"
"tools/std/test-counts.test.ts","string-literal","remocoes","1"
"tools/std/test-counts.test.ts","string-literal","testes","1"
"tools/std/test-counts.ts","path","std","1"
