id,scope,slice,kind,old,new,declared_at,consumers,persisted,category,decision_ref,status,owner,notes
api-symbol-8b30b526,api,2,symbol,dominio,domain,apps/api/src/provisionar.ts:197,476,no,,,proposed,codex1,
api-test-title-54d57820,api,2,test-title,"webhook, entrada e saída","webhook, inbound and output",apps/api/tests/instagram.test.ts:212,0,no,,,proposed,codex1,
api-ts-local-ad2eefeb,api,2,ts-local,usuarios,users,apps/api/tests/cadastros-atendimento.test.ts:45,36,no,,,proposed,codex1,
api-ts-local-56639dea,api,2,ts-local,subirMidia,upMedia,apps/api/src/dominio/whatsapp/modelos.ts:415,3,no,,,proposed,codex1,
api-ts-local-90b3ad8f,api,2,ts-local,fecharBanco,closeDatabase,apps/api/tests/canais.test.ts:17,35,no,,,proposed,codex1,
api-symbol-03817f7b,api,2,symbol,criarMotivoDePausa,createReasonOfPause,apps/api/tests/desk-acoes.test.ts:78,4,no,,,proposed,codex1,
api-ts-prop-016c267a,api,2,ts-prop,autenticacao,authentication,apps/api/src/dominio/gestao/comunicacao.ts:36,181,no,,,proposed,codex1,
api-file-5eb1f490,api,2,file,contas.ts,accounts.ts,apps/api/src/controladores/contas.ts,2,no,,,proposed,codex1,
api-ts-prop-b5393030,api,2,ts-prop,autenticacao,authentication,apps/api/tests/integracoes.test.ts:505,181,no,,,proposed,codex1,
api-ts-prop-6c6830fa,api,2,ts-prop,duracaoSugeridaMin,durationSuggestedMin,apps/api/src/dominio/gestao/cadastros.ts:1539,34,no,,,proposed,codex1,
api-symbol-82560a68,api,2,symbol,sessaoAtendente,sessionAgent,apps/api/tests/etiquetas.test.ts:35,82,no,,,proposed,codex1,
api-error-code-311d4d4a,api,2,error-code,boas_vindas_mensagem,welcome_vindas_message,apps/api/src/dominio/gestao/configuracao-do-fluxo.ts:119,1,unknown,,,proposed,codex1,
api-endpoint-ab142271,api,2,endpoint,/v1/gestao/fluxos/:*/analise/mensagens-ativas,/v1/management/flows/:id/analytics/messages-active,apps/api/src/controladores/gestao-analise.ts:140,0,no,,,proposed,codex1,
api-literal-value-b52f5cf6,api,2,literal-value,fila,queue,apps/api/src/dominio/gestao/atendimento.ts:107,993,unknown,,,proposed,codex1,
api-symbol-f8fc41cb,api,2,symbol,opcoes,options,apps/api/src/dominio/whatsapp/modelos.ts:376,157,no,,,proposed,codex1,
api-symbol-17139958,api,2,symbol,GuardaChaveApi,ApiKeyGuard,apps/api/src/autenticacao.ts:171,5,no,,D-05,proposed,sonnet,
api-symbol-04c4afd0,api,2,symbol,variaveisPadrao,variablesDefault,apps/api/tests/gerar-fixtures-jsonb.helper.ts:357,2,no,,,proposed,codex1,
api-ts-local-267609b5,api,2,ts-local,execucaoRows,executionRows,apps/api/tests/gerar-fixtures-jsonb.helper.ts:105,2,no,,,proposed,codex1,
api-ts-local-1e37579b,api,2,ts-local,paginaId,pageId,apps/api/src/dominio/messenger/cliente-graph.ts:11,35,no,,,proposed,codex1,
api-test-title-01823466,api,2,test-title,"grava objetos e campos no formato do Twenty, casando por name","writes objects and fields in format of Twenty, casando by name",apps/api/tests/dicionario-crm.test.ts:175,0,no,,,proposed,codex1,
api-ts-prop-f0f3b412,api,2,ts-prop,roteador,router,apps/api/src/dominio/fluxo.ts:75,387,no,,,proposed,codex1,
api-ts-prop-fa0becc7,api,2,ts-prop,fluxo_id,flowId,apps/api/src/controladores/canais.ts:137,65,no,,,proposed,codex1,
api-symbol-df604d49,api,2,symbol,regraFilaViva,ruleQueueViva,apps/api/src/dominio/gestao/cadastros.ts:922,4,no,,,proposed,codex1,
api-ts-local-27f5b5c8,api,2,ts-local,payloadDeMensagem,payloadOfMessage,apps/api/tests/builder-por-fluxo.test.ts:18,20,no,,,proposed,codex1,
api-ts-prop-b1651b5d,api,2,ts-prop,fataisReprovados,fatalRejecteds,apps/api/src/dominio/gestao/monitoria.ts:269,9,no,,,proposed,codex1,
api-ts-local-96d3b7d7,api,2,ts-local,canalId,channelId,apps/api/src/controladores/webhooks-whatsapp.ts:28,387,no,,,proposed,codex1,
api-symbol-a638fd37,api,2,symbol,porFila,byQueue,apps/api/src/dominio/gestao/cadastros.ts:134,10,no,,,proposed,codex1,
api-symbol-e2a9d5b2,api,2,symbol,classificarEstado,classificarState,apps/api/src/dominio/fluxo.ts:988,4,no,,,proposed,codex1,
api-ts-local-ff9421cd,api,2,ts-local,requisicao,request,apps/api/src/controladores/sso.ts:115,450,no,,,proposed,codex1,
api-symbol-8fe276c8,api,2,symbol,ControladorDesk,DeskController,apps/api/src/controladores/desk.ts:67,3,no,,D-05,proposed,sonnet,
api-ts-prop-390f2421,api,2,ts-prop,atendente_nome,agentName,apps/api/src/dominio/desk/consultas.ts:435,10,no,,,proposed,codex1,
api-symbol-0bcaf518,api,2,symbol,erro,error,apps/api/src/dominio/whatsapp/cliente-graph.ts:275,1478,no,,,proposed,codex1,
api-symbol-3b3b840a,api,2,symbol,ErroPipe,PipeError,apps/api/src/erros.ts:13,243,no,,D-05,proposed,sonnet,
api-symbol-313043b5,api,2,symbol,contatos,contacts,apps/api/tests/mensagens-ativas.test.ts:247,438,no,,,proposed,codex1,
api-symbol-97618351,api,2,symbol,PedidoDeCadastroEmbutido,RequestOfRegistrationEmbutido,apps/api/src/dominio/whatsapp/cadastro-embutido.ts:29,2,no,,,proposed,codex1,
api-ts-prop-84cc5c43,api,2,ts-prop,arquivo_cifrado,fileEncrypted,apps/api/tests/contrato.test.ts:443,9,no,,,proposed,codex1,
api-error-code-86be0bc8,api,2,error-code,canal_sem_credencial,channel_without_credential,apps/api/src/dominio/messenger/canal.ts:39,6,unknown,,,proposed,codex1,
api-ts-local-9267cd24,api,2,ts-local,semear,seed,apps/api/tests/instagram.test.ts:15,55,no,,,proposed,codex1,
api-symbol-d971bf98,api,2,symbol,excluirModelo,deleteTemplate,apps/api/src/controladores/canais.ts:250,4,no,,,proposed,codex1,
api-ts-local-ddcd9547,api,2,ts-local,requisicao,request,apps/api/src/controladores/mensagens-ativas.ts:49,450,no,,,proposed,codex1,
api-test-title-f35c93e4,api,2,test-title,recusa transição inválida — encerrar o que já está encerrado,refuses transition invalid — close o that already this encerrado,apps/api/tests/conversa-eventos.test.ts:168,0,no,,,proposed,codex1,
api-symbol-bdedcb70,api,2,symbol,verificarDaConta,checkOfAccount,apps/api/src/controladores/webhooks-whatsapp.ts:100,1,no,,,proposed,codex1,
api-error-code-a99d5432,api,2,error-code,contato_telefone_invalido,contact_phone_invalid,apps/api/src/controladores/catalogo.ts:193,2,unknown,,,proposed,codex1,
api-ts-prop-92954c7c,api,2,wire-key,destino_url,destinationUrl,apps/api/src/dominio/rastreador-de-cliques.ts:134,4,no,,D-09,proposed,codex1,
api-ts-local-7f481c89,api,2,ts-local,atendenteId,agentId,apps/api/src/dominio/desk/acoes.ts:102,217,no,,,proposed,codex1,
api-symbol-47b942af,api,2,symbol,ContatoDaLista,ContactOfList,apps/api/src/dominio/desk/consultas.ts:504,11,no,,,proposed,codex1,
api-test-title-74295893,api,2,test-title,"escopo de fila vence o de tenant, mesmo cadastrado depois","scope of queue expires o of tenant, same registered after",apps/api/tests/prioridade.test.ts:45,0,no,,,proposed,codex1,
api-test-title-5eb7cb5c,api,2,test-title,o atendente responde pela API e a mensagem nasce pendente no outbox,o agent responde by API and a message is created pending in outbox,apps/api/tests/ponta-a-ponta.test.ts:163,0,no,,,proposed,codex1,
api-ts-local-bba5abaf,api,2,ts-local,sincronizarContato,syncContact,apps/api/tests/twenty.test.ts:21,8,no,,,proposed,codex1,
api-ts-local-917fcba7,api,2,ts-local,usuarioId,userId,apps/api/tests/importacao.test.ts:261,604,no,,,proposed,codex1,
api-metric-95dd604a,api,2,metric,pipe_fila_profundidade,pipe_queue_depth,apps/api/src/metricas.ts:53,10,no,,D-38,proposed,sonnet,
api-symbol-878a67d7,api,2,symbol,porAlvo,byTarget,apps/api/src/dominio/gestao/sla-motor.ts:73,1,no,,,proposed,codex1,
api-symbol-622b836d,api,2,symbol,canais,channels,apps/api/src/dominio/gestao/cabecalho.ts:20,243,no,,,proposed,codex1,
api-ts-prop-750751e2,api,2,ts-prop,estado,state,apps/api/src/dominio/status-atendente.ts:32,1269,no,,,proposed,codex1,
api-ts-local-d06097c4,api,2,ts-local,requisicao,request,apps/api/src/controladores/gestao-builder.ts:41,450,no,,,proposed,codex1,
api-ts-local-06a6b660,api,2,ts-local,chave,key,apps/api/src/webhooks-saida.ts:137,1153,no,,,proposed,codex1,
api-test-title-14c837e7,api,2,test-title,"exige `etiqueta_id`, e recusa etiqueta de escopo contato numa conversa","exige `label_id`, and refuses label of scope contact numa conversation",apps/api/tests/etiquetas.test.ts:247,0,no,,,proposed,codex1,
api-endpoint-d9e36b61,api,2,endpoint,/v1/gestao/regras/prioridade/:*,/v1/management/rules/priority/:id,apps/api/src/controladores/gestao-cadastros.ts:429,0,no,,,proposed,codex1,
api-ts-prop-56c04491,api,2,ts-prop,destino,destination,apps/api/src/dominio/rastreador-de-cliques.ts:39,303,no,,,proposed,codex1,
api-literal-value-58ff5374,api,2,literal-value,documento,document,apps/api/src/dominio/gestao/comunicacao.ts:46,217,unknown,,,proposed,codex1,
api-symbol-11322048,api,2,symbol,mensagemSaidaId,messageOutputId,apps/api/tests/ponta-a-ponta.test.ts:110,11,no,,,proposed,codex1,
api-endpoint-7d79ad05,api,2,endpoint,/v1/gestao/atendentes/permissoes,/v1/management/agents/permissions,apps/api/src/controladores/gestao-cadastros.ts:461,0,no,,,proposed,codex1,
api-ts-prop-b9260ba3,api,2,ts-prop,conversasSemAtendente,conversationsWithoutAgent,apps/api/src/dominio/gestao/esforco.ts:51,3,no,,,proposed,codex1,
api-symbol-c4f962c0,api,2,symbol,editarFluxo,editarFlow,apps/api/src/dominio/gestao/ciclo-de-vida-do-fluxo.ts:239,4,no,,,proposed,codex1,
api-test-title-05004ebf,api,2,test-title,leva o convite no desafio: é assim que a volta do Google sabe de que cliente é,leva o invitation in challenge: and assim that a returns of Google sabe of that customer and,apps/api/tests/convites.test.ts:388,0,no,,,proposed,codex1,
api-ts-prop-875ded09,api,2,ts-prop,fluxoId,flowId,apps/api/tests/canal-do-fluxo.test.ts:213,504,no,,,proposed,codex1,
api-error-code-0cc5691c,api,2,error-code,canal_inativo,channel_inactive,apps/api/src/controladores/webhooks-messenger.ts:5,7,unknown,,,proposed,codex1,
api-test-title-bd3af01c,api,2,test-title,identifica a Página de forma determinística e confere o segredo,identifies a page of forma determinística and confere o secret,apps/api/tests/messenger.test.ts:25,0,no,,,proposed,codex1,
api-ts-local-968a0c56,api,2,ts-local,permissoes,permissions,apps/api/tests/palavras-proibidas.test.ts:53,149,no,,,proposed,codex1,
api-symbol-a495cef8,api,2,symbol,fila,queue,apps/api/tests/ajuda.ts:57,993,no,,,proposed,codex1,
api-ts-prop-68c4fde4,api,2,ts-prop,fluxoId,flowId,apps/api/src/dominio/rastreador-de-cliques.ts:28,504,no,,,proposed,codex1,
api-symbol-f0d297f0,api,2,symbol,usuarioComEmail,userWithEmail,apps/api/src/controladores/sso.ts:238,2,no,,,proposed,codex1,
api-symbol-c04abe44,api,2,symbol,RequisicaoAutenticada,RequestAutenticada,apps/api/src/autenticacao.ts:50,33,no,,,proposed,codex1,
api-symbol-d798aa06,api,2,symbol,noBanco,inDatabase,apps/api/tests/builder-por-fluxo.test.ts:368,7,no,,,proposed,codex1,
api-test-title-5bc0a2fe,api,2,test-title,sair da pausa para online fecha a pausa anterior — sem isso o relatório soma o minuto duas vezes,sair of pause for online closes a pause anterior — without that o report sums o minuto two times,apps/api/tests/desk-acoes.test.ts:165,0,no,,,proposed,codex1,
api-ts-local-afd72fd0,api,2,ts-local,alteracoes,changes,apps/api/src/dominio/whatsapp/canal.ts:90,4,no,,,proposed,codex1,
api-symbol-4b901f3d,api,2,symbol,PreviaDaConversaNoMonitoramento,PreviaOfConversationInMonitoring,apps/api/src/dominio/gestao/monitoramento.ts:171,2,no,,,proposed,codex1,
api-symbol-a1289d78,api,2,symbol,erros,errors,apps/api/src/dominio/gestao/builder-do-fluxo.ts:506,110,no,,,proposed,codex1,
api-file-111adba6,api,2,file,gestao-equipe.ts,controllers/management-team.ts,apps/api/src/controladores/gestao-equipe.ts,1,no,,,proposed,codex1,
api-test-title-6af6aaab,api,2,test-title,"formato da pergunta segue a régua da origem: até 3 botões, até 10 lista, senão texto","format of pergunta follows a régua of origin: until 3 buttons, until 10 list, senão text",apps/api/tests/canais.test.ts:939,0,no,,,proposed,codex1,
api-ts-local-3f8a6d90,api,2,ts-local,fluxoId,flowId,apps/api/src/dominio/fluxo.ts:672,504,no,,,proposed,codex1,
api-ts-local-5f34c6bf,api,2,ts-local,contatoId,contactId,apps/api/src/controladores/gestao-fluxo.ts:376,226,no,,,proposed,codex1,
api-symbol-9c795fe6,api,2,symbol,canalId,channelId,apps/api/tests/instagram.test.ts:213,387,no,,,proposed,codex1,
api-ts-local-be6b4f7a,api,2,ts-local,migrar,migrate,apps/api/tests/midia-recebida.test.ts:14,52,no,,,proposed,codex1,
api-symbol-c46076f8,api,2,symbol,descobrirEntrada,discoverInbound,apps/api/src/dominio/sso.ts:343,16,no,,,proposed,codex1,
api-symbol-fc5c4a8f,api,2,symbol,naFila,inQueue,apps/api/tests/desk-acoes.test.ts:413,17,no,,,proposed,codex1,
api-dir-f9884b83,api,2,dir,apps/api/src/controladores,apps/api/src/controllers,apps/api/src/controladores,0,no,,,proposed,codex1,
api-symbol-e8841664,api,2,symbol,lerConvite,lerInvitation,apps/api/src/dominio/convites.ts:290,6,no,,,proposed,codex1,
api-ts-prop-f38ddbb2,api,2,ts-prop,roteadorId,routerId,apps/api/src/dominio/roteador.ts:130,52,no,,,proposed,codex1,
api-symbol-432aa1f2,api,2,symbol,mensagens,messages,apps/api/tests/ponta-a-ponta.test.ts:272,363,no,,,proposed,codex1,
api-symbol-678a15c3,api,2,symbol,ordem,order,apps/api/src/controladores/conversas.ts:174,517,no,,,proposed,codex1,
api-ts-prop-7cb62f5e,api,2,ts-prop,contato,contact,apps/api/src/dominio/gestao/prioridade-motor.ts:87,1026,no,,,proposed,codex1,
api-ts-prop-be737ab2,api,2,ts-prop,atendente_id,agentId,apps/api/src/dominio/desk/marcacoes.ts:49,68,no,,,proposed,codex1,
api-symbol-38db11f6,api,2,symbol,cookieDoAtendente,cookieOfAgent,apps/api/tests/envio-sessao.test.ts:30,11,no,,,proposed,codex1,
api-endpoint-e3f0be52,api,2,endpoint,/v1/desk/fila,/v1/desk/queue,apps/api/src/controladores/desk.ts:72,0,no,,,proposed,codex1,
api-ts-prop-92a1dabe,api,2,ts-prop,canais,channels,apps/api/src/controladores/canais.ts:46,243,no,,,proposed,codex1,
api-symbol-63b134f6,api,2,symbol,novaConversa,newConversation,apps/api/tests/transferencia.test.ts:71,49,no,,,proposed,codex1,
api-metric-87eff7d9,api,2,metric,pipe_fila_idade_item_mais_velho_segundos,pipe_queue_oldest_item_age_seconds,apps/api/src/metricas.ts:54,7,no,,D-38,proposed,sonnet,
api-symbol-e0f7e89b,api,2,symbol,excluirRegraPrioridade,deleteRulePriority,apps/api/src/dominio/gestao/regras-prioridade.ts:287,2,no,,,proposed,codex1,
api-test-title-27455b77,api,2,test-title,agregação diária,aggregation diária,apps/api/tests/ponta-a-ponta.test.ts:364,0,no,,,proposed,codex1,
api-ts-local-4e87a014,api,2,ts-local,contatoId,contactId,apps/api/src/controladores/crm.ts:67,226,no,,,proposed,codex1,
api-symbol-67e028ea,api,2,symbol,ResultadoEntregaWebhook,ResultDeliveryWebhook,apps/api/src/webhooks-saida.ts:191,4,no,,,proposed,codex1,
api-ts-local-6765b75c,api,2,ts-local,usuarioId,userId,apps/api/src/dominio/gestao/permissoes-do-atendente.ts:67,604,no,,,proposed,codex1,
api-test-title-81018c3b,api,2,test-title,exclui de verdade (204) e registra no log,deletes of truth (204) and logs in log,apps/api/tests/cadastros-atendimento.test.ts:274,0,no,,,proposed,codex1,
api-endpoint-59764ccb,api,2,endpoint,/v1/gestao/contrato/membros/excluir,/v1/management/contract/members/delete,apps/api/src/controladores/gestao-conta.ts:131,0,no,,,proposed,codex1,
api-endpoint-ed7e9caf,api,2,endpoint,/v1/gestao/fluxos/:*/builder/versoes/:*/restaurar,/v1/management/flows/:id/builder/versions/:version/restore,apps/api/src/controladores/gestao-builder.ts:92,0,no,,,proposed,codex1,
api-symbol-b72a7844,api,2,symbol,consumirDicionarioCrm,consumeDictionaryCrm,apps/api/src/filas.ts:433,3,no,,,proposed,codex1,
api-symbol-5a64db0f,api,2,symbol,semearCatalogo,seedCatalog,apps/api/tests/permissoes-do-atendente.test.ts:61,2,no,,,proposed,codex1,
api-literal-value-818e9b90,api,2,literal-value,VIDEO,KEEP,apps/api/src/dominio/whatsapp/modelos.ts:73,7,unknown,,,proposed,codex1,
api-symbol-c9f5edd7,api,2,symbol,naoRoteador,notRouter,apps/api/tests/roteador.test.ts:242,2,no,,,proposed,codex1,
api-symbol-2adc52e9,api,2,symbol,dominio,domain,apps/api/src/controladores/entrar.ts:54,476,no,,,proposed,codex1,
api-symbol-abf0357a,api,2,symbol,abrirSessao,openSession,apps/api/tests/entrada.test.ts:82,91,no,,,proposed,codex1,
api-endpoint-a02a323b,api,2,endpoint,/v1/sso/estado,/v1/sso/state,apps/api/src/controladores/sso.ts:78,0,no,,,proposed,codex1,
api-symbol-3ba84a62,api,2,symbol,canal,channel,apps/api/src/filas.ts:509,970,no,,,proposed,codex1,
api-ts-prop-7bcd9e72,api,2,ts-prop,filaId,queueId,apps/api/src/dominio/gestao/atendimento.ts:81,170,no,,,proposed,codex1,
api-file-df116c8f,api,2,file,entrada-telefone.test.ts,inbound-phone.test.ts,apps/api/tests/entrada-telefone.test.ts,3,no,,,proposed,codex1,
api-error-code-f5afb0dd,api,2,error-code,filtro_invalido,filter_invalid,apps/api/src/controladores/conversas.ts:408,1,unknown,,,proposed,codex1,
api-ts-local-fe40b015,api,2,ts-local,emAtendimento,inAttendance,apps/api/src/dominio/mensagem-ativa.ts:146,9,no,,,proposed,codex1,
api-ts-prop-cb14ff21,api,2,ts-prop,porPagina,byPage,apps/api/src/dominio/gestao-fluxo.ts:455,23,no,,,proposed,codex1,
api-symbol-4198de56,api,2,symbol,permissoes,permissions,apps/api/src/controladores/gestao-conta.ts:114,149,no,,,proposed,codex1,
api-symbol-b784de17,api,2,symbol,dados,data,apps/api/src/controladores/gestao-operacao.ts:144,669,no,,,proposed,codex1,
api-ts-prop-9ca64bbf,api,2,ts-prop,documento,document,apps/api/src/dominio/gestao/comunicacao.ts:54,217,no,,,proposed,codex1,
api-symbol-d550efee,api,2,symbol,fluxoDoBuilder,flowOfBuilder,apps/api/src/dominio/gestao/builder-do-fluxo.ts:85,6,no,,,proposed,codex1,
api-symbol-f5b66c7b,api,2,symbol,outroAtendenteId,otherAgentId,apps/api/tests/transferencia.test.ts:32,21,no,,,proposed,codex1,
api-symbol-9ebfd2e0,api,2,symbol,ControladorCanaisInstagram,InstagramChannelsController,apps/api/src/controladores/canais-instagram.ts:16,5,no,,D-05,proposed,sonnet,
api-ts-local-1e6fa191,api,2,ts-local,gravarPreferencias,writePreferences,apps/api/tests/canais.test.ts:37,9,no,,,proposed,codex1,
api-symbol-3666b132,api,2,symbol,criarConversaAtribuida,createConversationAssigned,apps/api/tests/desk-acoes.test.ts:102,13,no,,,proposed,codex1,
api-ts-local-08a52c6c,api,2,ts-local,encerrarConversa,closeConversation,apps/api/tests/fluxo.test.ts:16,11,no,,,proposed,codex1,
api-symbol-f43fc367,api,2,symbol,canalDoTenant,channelOfTenant,apps/api/src/tempo-real.ts:40,9,no,,,proposed,codex1,
api-test-title-200b0e85,api,2,test-title,entrega o evento do PRÓPRIO tenant,delivery o event of own tenant,apps/api/tests/tempo-real.test.ts:205,0,no,,,proposed,codex1,
api-test-title-18114aae,api,2,test-title,sem regra.gerenciar é 403,without rule.manage and 403,apps/api/tests/cadastros-atendimento.test.ts:780,0,no,,,proposed,codex1,
api-ts-local-ac624754,api,2,ts-local,filtro,filter,apps/api/src/dominio/gestao-analise.ts:464,231,no,,,proposed,codex1,
api-endpoint-new-wh-wa-get,api,2,endpoint,/webhooks/whatsapp,KEEP,apps/api/src/controladores/webhooks-whatsapp.ts:100,0,no,,D-15,proposed,sonnet,
api-symbol-ab0cb2c0,api,2,symbol,requisicao,request,apps/api/tests/instagram.test.ts:62,450,no,,,proposed,codex1,
api-endpoint-5f7e52be,api,2,endpoint,/v1/conversas/:*/transferir,/v1/conversations/:id/transfer,apps/api/src/controladores/conversas.ts:343,0,no,,,proposed,codex1,
api-symbol-63973420,api,2,symbol,etiquetasDaConversa,labelsOfConversation,apps/api/tests/etiquetas.test.ts:129,10,no,,,proposed,codex1,
api-ts-prop-194f95d4,api,2,ts-prop,dados,data,apps/api/src/dominio/eventos.ts:18,669,no,,,proposed,codex1,
api-symbol-6d7d2811,api,2,symbol,daFila,ofQueue,apps/api/src/dominio/gestao/sla-motor.ts:64,15,no,,,proposed,codex1,
api-ts-local-749297c9,api,2,ts-local,conversaId,conversationId,apps/api/src/dominio/etiquetas.ts:135,523,no,,,proposed,codex1,
api-ts-prop-411da8ca,api,2,ts-prop,espera_fila,waitQueue,apps/api/src/dominio/desk/metricas.ts:61,8,no,,,proposed,codex1,
api-symbol-a63874cf,api,2,symbol,Escopo,Scope,apps/api/src/autenticacao.ts:35,17,no,,,proposed,codex1,
api-symbol-71bab133,api,2,symbol,PedidoDePreferencias,RequestOfPreferences,apps/api/src/dominio/whatsapp/preferencias.ts:44,8,no,,,proposed,codex1,
api-symbol-3a7a2c09,api,2,symbol,chave,key,apps/api/src/dominio/mensagem-ativa.ts:135,1153,no,,,proposed,codex1,
api-ts-local-18809dd3,api,2,ts-local,escopo,scope,apps/api/tests/etiquetas.test.ts:100,227,no,,,proposed,codex1,
api-symbol-70060320,api,2,symbol,valor,value,apps/api/src/dominio/gestao/acoes/regras.ts:290,1656,no,,,proposed,codex1,
api-symbol-29c8eca0,api,2,symbol,conta,account,apps/api/src/controladores/minha-conta.ts:179,808,no,,,proposed,codex1,
api-symbol-39412cc0,api,2,symbol,usuarioCom,userWith,apps/api/tests/importacao.test.ts:42,3,no,,,proposed,codex1,
api-ts-prop-e77c220b,api,2,ts-prop,posicao,position,apps/api/tests/gerar-fixtures-jsonb.helper.ts:87,84,no,,,proposed,codex1,
api-symbol-8a3b4d2a,api,2,symbol,membro,member,apps/api/tests/contrato.test.ts:194,59,no,,,proposed,codex1,
api-symbol-1370877d,api,2,symbol,autorizacao,authorization,apps/api/src/webhooks-saida.ts:268,11,no,,,proposed,codex1,
api-error-code-d6d5124e,api,2,error-code,conversa_de_outro_atendente,conversation_of_other_agent,apps/api/src/dominio/etiquetas.ts:117,5,unknown,,,proposed,codex1,
api-symbol-d10f4d4d,api,2,symbol,CartaoAtendentes,CardAgents,apps/api/src/dominio/gestao/monitoramento.ts:105,5,no,,,proposed,codex1,
api-ts-local-dac14850,api,2,ts-local,valor,value,apps/api/src/dominio/gestao-fluxo.ts:404,1656,no,,,proposed,codex1,
api-ts-local-d10fb13d,api,2,ts-local,chaveDoConflito,keyOfConflito,apps/api/src/dominio/dicionario-crm.ts:363,1,no,,,proposed,codex1,
api-test-title-e2eace94,api,2,test-title,"traduz PSID, postback e mídia, mas ignora echo","traduz PSID, postback and media, but ignora echo",apps/api/tests/messenger.test.ts:31,0,no,,,proposed,codex1,
api-ts-local-1a53461e,api,2,ts-local,escopoId,scopeId,apps/api/src/dominio/gestao/regras-sla.ts:121,74,no,,,proposed,codex1,
api-literal-value-59c9a125,api,2,literal-value,mensagem,message,apps/api/src/dominio/gestao/regra-fila.ts:50,1267,unknown,,,proposed,codex1,
api-ts-local-bef11467,api,2,ts-local,regrasVencedorasPorAlvo,rulesWinningByTarget,apps/api/tests/sla-motor.test.ts:12,8,no,,,proposed,codex1,
api-test-title-a5250696,api,2,test-title,recusa (409) data que colide com outra exceção do mesmo horário,refuses (409) data that colide with other exception of same schedule,apps/api/tests/cadastros-atendimento.test.ts:1047,0,no,,,proposed,codex1,
api-ts-local-6feffdd3,api,2,ts-local,fluxoId,flowId,apps/api/tests/canal-do-fluxo.test.ts:144,504,no,,,proposed,codex1,
api-ts-local-c41c3031,api,2,ts-local,valor,value,apps/api/src/metricas.ts:124,1656,no,,,proposed,codex1,
api-literal-value-6055b8a6,api,2,literal-value,ja_em_atendimento,already_in_attendance,apps/api/src/dominio/mensagem-ativa.ts:153,4,unknown,,,proposed,codex1,
api-symbol-62c2ca20,api,2,symbol,conversas,conversations,apps/api/src/dominio/gestao/atendimento.ts:236,540,no,,,proposed,codex1,
api-job-name-a00b3b83,api,2,job-name,varredura-sla,sweep-sla,apps/api/src/filas.ts:401,4,unknown,,D-10,proposed,sonnet,
api-test-title-892d8d3c,api,2,test-title,ativar/desativar registra a ação certa; excluir apaga a linha de verdade,activate/deactivate logs a ação correct; delete deletes a line of truth,apps/api/tests/integracoes.test.ts:392,0,no,,,proposed,codex1,
api-test-title-7eaee677,api,2,test-title,"state inválido — ausente, forjado, de outra sessão ou vencido — nada chega à Meta","state invalid — missing, forjado, of other session or expired — nothing arrives à Meta",apps/api/tests/canais.test.ts:174,0,no,,,proposed,codex1,
api-symbol-2992a3d6,api,2,symbol,roteador,router,apps/api/src/dominio/fluxo.ts:102,387,no,,,proposed,codex1,
api-symbol-10133c01,api,2,symbol,desligarCanalDoFluxo,disconnectChannelOfFlow,apps/api/src/dominio/gestao/canal-do-fluxo.ts:208,6,no,,,proposed,codex1,
api-symbol-c449c12a,api,2,symbol,CHAVE_QUALQUER_CREDENCIAL,KEY_ANY_CREDENTIAL,apps/api/src/sessao.ts:49,8,no,,,proposed,codex1,
api-endpoint-7d99b268,api,2,endpoint,/v1/gestao/fluxos/:*/contatos/:*,/v1/management/flows/:id/contacts/:contactId,apps/api/src/controladores/gestao-fluxo.ts:371,0,no,,,proposed,codex1,
api-ts-prop-848fa0a8,api,2,ts-prop,destino,destination,apps/api/src/controladores/rastreador-de-cliques.ts:37,303,no,,,proposed,codex1,
api-symbol-4f3de99e,api,2,symbol,semEscopo,withoutScope,apps/api/tests/growth.test.ts:273,8,no,,,proposed,codex1,
api-ts-prop-173fda0b,api,2,ts-prop,estado_entrega,stateDelivery,apps/api/src/controladores/conversas.ts:62,61,no,,,proposed,codex1,
api-ts-local-d3e3d19b,api,2,ts-local,_codificacao,encoding,apps/api/tests/contrato.test.ts:599,1,no,,,proposed,codex1,
api-symbol-67a6cc39,api,2,symbol,conflitoDeNomeDeFila,conflitoOfNameOfQueue,apps/api/src/dominio/gestao/cadastros.ts:1256,3,no,,,proposed,codex1,
api-ts-prop-c09a20c8,api,2,ts-prop,condicao,condition,apps/api/tests/prioridade.test.ts:116,123,no,,,proposed,codex1,
api-ts-prop-33b0099c,api,2,ts-prop,variaveis,variables,apps/api/tests/gerar-fixtures-jsonb.helper.ts:361,134,no,,,proposed,codex1,
api-symbol-297e9cdf,api,2,symbol,primeiro,first,apps/api/tests/email.test.ts:250,258,no,,,proposed,codex1,
api-symbol-661566ab,api,2,symbol,PreferenciasDoCanal,PreferencesOfChannel,apps/api/src/dominio/whatsapp/preferencias.ts:26,18,no,,,proposed,codex1,
api-ts-prop-742ad250,api,2,ts-prop,estadoEntrega,stateDelivery,apps/api/src/dominio/envio.ts:431,14,no,,,proposed,codex1,
api-ts-local-d0e8b4f4,api,2,ts-local,subirApi,upApi,apps/api/tests/contrato.test.ts:19,114,no,,,proposed,codex1,
api-symbol-e8e6f318,api,2,symbol,editarFila,editarQueue,apps/api/src/controladores/gestao-cadastros.ts:182,10,no,,,proposed,codex1,
api-ts-local-276085ea,api,2,ts-local,erro,error,apps/api/src/dominio/dominios.ts:114,1478,no,,,proposed,codex1,
api-symbol-14460c19,api,2,symbol,autenticacaoEntrada,authenticationInbound,apps/api/src/dominio/gestao/integracoes.ts:669,5,no,,,proposed,codex1,
api-ts-local-ffa0594b,api,2,ts-local,alteracoes,changes,apps/api/src/dominio/instagram/canal.ts:104,4,no,,,proposed,codex1,
api-symbol-bfa6be60,api,2,symbol,carregarCanaisWhatsapp,loadChannelsWhatsapp,apps/api/src/dominio/gestao/comunicacao.ts:166,1,no,,,proposed,codex1,
api-ts-prop-72dccdc8,api,2,ts-prop,membros,members,apps/api/src/dominio/gestao/passos-da-implantacao.ts:25,128,no,,,proposed,codex1,
api-ts-local-bd4bfbb8,api,2,ts-local,fecharBanco,closeDatabase,apps/api/tests/midia-recebida.test.ts:14,35,no,,,proposed,codex1,
api-symbol-04114a84,api,2,symbol,CaixaDoCanal,CaixaOfChannel,apps/api/src/dominio/gestao/configuracoes.ts:181,4,no,,,proposed,codex1,
api-ts-prop-cac84430,api,2,wire-key,execucao_id,executionId,apps/api/src/dominio/fluxo.ts:531,11,no,,D-09,proposed,codex1,
api-ts-local-7fed5d84,api,2,ts-local,chaveId,keyId,apps/api/src/dominio/gestao/integracoes.ts:226,26,no,,,proposed,codex1,
api-ts-local-f57dbfdb,api,2,ts-local,fluxoId,flowId,apps/api/src/controladores/conexao-no-fluxo.ts:39,504,no,,,proposed,codex1,
api-symbol-1ec9dffc,api,2,symbol,implantacao,deployment,apps/api/src/controladores/gestao-conta.ts:164,14,no,,,proposed,codex1,
api-ts-local-644ec625,api,2,ts-local,ordem,order,apps/api/tests/cadastros-atendimento.test.ts:585,517,no,,,proposed,codex1,
api-ts-prop-7dce9d54,api,2,ts-prop,conversaId,conversationId,apps/api/src/dominio/gestao/monitoramento.ts:281,523,no,,,proposed,codex1,
api-ts-prop-bc2dbbf6,api,2,ts-prop,filaDestinoAtiva,queueDestinationActive,apps/api/src/dominio/gestao/cadastros.ts:704,4,no,,,proposed,codex1,
api-ts-local-fff6b629,api,2,ts-local,subirApi,upApi,apps/api/tests/roteador.test.ts:14,114,no,,,proposed,codex1,
api-ts-local-c4ca7fef,api,2,ts-local,segredos,secrets,apps/api/src/dominio/instagram/cliente-graph.ts:108,20,no,,,proposed,codex1,
api-literal-value-627a8a01,api,2,literal-value,conversa.responder,KEEP,apps/api/tests/entrada.test.ts:57,15,unknown,,,proposed,codex1,
api-symbol-4c86af85,api,2,symbol,esforcoSeg,effortSeg,apps/api/src/dominio/gestao/esforco.ts:145,18,no,,,proposed,codex1,
api-ts-local-97bc8d16,api,2,ts-local,iteracoes,iterations,apps/api/src/dominio/gestao/pfx.ts:201,10,no,,,proposed,codex1,
api-ts-prop-e238e8e2,api,2,ts-prop,canal_id,channelId,apps/api/src/dominio/envio.ts:92,94,no,,,proposed,codex1,
api-symbol-28089b3e,api,2,symbol,conta,account,apps/api/src/controladores/contas.ts:35,808,no,,,proposed,codex1,
api-ts-prop-748163a5,api,2,ts-prop,valor,value,apps/api/src/webhooks-saida.ts:72,1656,unknown,,,proposed,codex1,jsonb:webhookSaida.cabecalhos
api-literal-value-9ef612fc,api,2,literal-value,sem_convite,without_invitation,apps/api/tests/entrada.test.ts:251,15,unknown,,,proposed,codex1,
api-symbol-ab58ddc9,api,2,symbol,imagemDosBytes,imageOfBytes,apps/api/src/dominio/gestao/ciclo-de-vida-do-fluxo.ts:145,3,no,,,proposed,codex1,
api-file-aecff8f4,api,2,file,preferencias.ts,preferences.ts,apps/api/src/dominio/whatsapp/preferencias.ts,3,no,,,proposed,codex1,
api-symbol-8fea300a,api,2,symbol,ControladorEtiquetasDoContato,ContactLabelsController,apps/api/src/controladores/etiquetas.ts:98,3,no,,D-05,proposed,sonnet,
api-error-code-21ee8ef0,api,2,error-code,mensagem_nao_falhou,message_not_failed,apps/api/src/dominio/envio.ts:442,2,unknown,,,proposed,codex1,
api-ts-local-bef2a809,api,2,ts-local,filaId,queueId,apps/api/src/dominio/gestao/cadastros.ts:1457,170,no,,,proposed,codex1,
api-symbol-dcbf717c,api,2,symbol,permissoes,permissions,apps/api/tests/monitoramento-conversas.test.ts:95,149,no,,,proposed,codex1,
api-ts-prop-180e586f,api,2,ts-prop,urlNotificacoes,urlNotifications,apps/api/tests/integracoes.test.ts:279,10,no,,,proposed,codex1,
api-ts-prop-915c1fdc,api,2,ts-prop,canal_tipo,channelType,apps/api/src/dominio/envio.ts:93,35,no,,,proposed,codex1,
api-ts-local-28c8a3b8,api,2,ts-local,servicoId,serviceId,apps/api/src/controladores/gestao-fluxo.ts:471,22,no,,,proposed,codex1,
api-symbol-af6b1ae7,api,2,symbol,GERENCIAR_CHAVE,MANAGE_KEY,apps/api/src/dominio/gestao/integracoes.ts:50,4,no,,,proposed,codex1,
api-symbol-4aba4f0e,api,2,symbol,sessao,session,apps/api/src/dominio/whatsapp/cliente-graph.ts:461,382,no,,,proposed,codex1,
api-ts-prop-6567e54a,api,2,ts-prop,usuarioId,userId,apps/api/src/controladores/gestao-cadastros.ts:212,604,no,,,proposed,codex1,
api-ts-local-e17a6d98,api,2,ts-local,identidade,identity,apps/api/src/dominio/gestao-fluxo.ts:140,93,no,,,proposed,codex1,
api-symbol-2ffb1ef7,api,2,symbol,modelo,template,apps/api/src/dominio/whatsapp/modelos.ts:488,361,no,,,proposed,codex1,
api-ts-prop-cca43879,api,2,ts-prop,erro,error,apps/api/tests/growth.test.ts:105,1478,no,,,proposed,codex1,
api-ts-local-9d6a14cb,api,2,ts-local,valor,value,apps/api/src/controladores/gestao-equipe.ts:41,1656,no,,,proposed,codex1,
api-ts-prop-6aa2e732,api,2,ts-prop,atendente_nome,agentName,apps/api/src/controladores/conversas.ts:47,10,no,,,proposed,codex1,
api-error-code-0176cb86,api,2,error-code,etiqueta_de_outro_escopo,label_of_other_scope,apps/api/src/dominio/etiquetas.ts:81,3,unknown,,,proposed,codex1,
api-ts-local-ab34fb56,api,2,ts-local,atendenteId,agentId,apps/api/tests/transferencia.test.ts:72,217,no,,,proposed,codex1,
api-symbol-c7ec434e,api,2,symbol,sessao,session,apps/api/src/controladores/entrar.ts:377,382,no,,,proposed,codex1,
api-symbol-0dc71e20,api,2,symbol,EtiquetaDoContato,LabelOfContact,apps/api/src/dominio/etiquetas.ts:208,5,no,,,proposed,codex1,
api-symbol-bb77c34d,api,2,symbol,opcoes,options,apps/api/src/controladores/entrar.ts:126,157,no,,,proposed,codex1,
api-ts-local-093fdc35,api,2,ts-local,subirApi,upApi,apps/api/tests/desk-acoes.test.ts:13,114,no,,,proposed,codex1,
api-ts-local-fd90f79d,api,2,ts-local,criarConvite,createInvitation,apps/api/tests/convites.test.ts:19,14,no,,,proposed,codex1,
api-symbol-cd388539,api,2,symbol,usuarioId,userId,apps/api/tests/contrato.test.ts:100,604,no,,,proposed,codex1,
api-ts-local-c14da0bc,api,2,ts-local,sessao,session,apps/api/tests/builder-por-fluxo.test.ts:113,382,no,,,proposed,codex1,
api-ts-local-fe08d33e,api,2,ts-local,filaDestinoId,queueDestinationId,apps/api/tests/cadastros-atendimento.test.ts:585,33,no,,,proposed,codex1,
api-test-title-9870f4f5,api,2,test-title,"com --verificar, confere o TXT e o domínio já nasce valendo","with --check, confere o TXT and o domain already is created valendo",apps/api/tests/convites.test.ts:592,0,no,,,proposed,codex1,
api-ts-local-dfadf68a,api,2,ts-local,papelId,roleId,apps/api/src/dominio/gestao/contrato.ts:236,121,no,,,proposed,codex1,
api-ts-prop-a751961c,api,2,ts-prop,filas,queues,apps/api/src/dominio/gestao/historico.ts:57,297,no,,,proposed,codex1,
api-ts-prop-2e175733,api,2,ts-prop,naFila,inQueue,apps/api/src/dominio/gestao/monitoramento.ts:138,17,no,,,proposed,codex1,
api-file-d7a45067,api,2,file,permissoes-do-atendente.test.ts,permissions-of-agent.test.ts,apps/api/tests/permissoes-do-atendente.test.ts,0,no,,,proposed,codex1,
api-ts-local-0fe93b0b,api,2,ts-local,fracao,fraction,apps/api/src/dominio/gestao/formato.ts:37,39,no,,,proposed,codex1,
api-literal-value-201ab54a,api,2,literal-value,usuario_inativo,user_inactive,apps/api/tests/entrada.test.ts:252,9,unknown,,,proposed,codex1,
api-ts-prop-0d761f8c,api,2,ts-prop,contato_id,contactId,apps/api/src/dominio/entrada.ts:429,113,no,,,proposed,codex1,
api-ts-prop-34ca31ff,api,2,ts-prop,atendente_id,agentId,apps/api/tests/fluxo.test.ts:87,68,no,,,proposed,codex1,
api-ts-local-3af9975d,api,2,ts-local,criarToken,createToken,apps/api/tests/desk-acoes.test.ts:12,68,no,,,proposed,codex1,
api-symbol-9251d487,api,2,symbol,passoDosContatos,passoOfContacts,apps/api/src/dominio/gestao/passos-da-implantacao.ts:61,2,no,,,proposed,codex1,
api-symbol-567e55a9,api,2,symbol,sessao,session,apps/api/src/controladores/gestao-cadastros.ts:104,382,no,,,proposed,codex1,
api-ts-prop-0cb36549,api,2,ts-prop,erro,error,apps/api/tests/mensagens-ativas.test.ts:252,1478,no,,,proposed,codex1,
api-symbol-050659fb,api,2,symbol,PfxDeTeste,PfxOfTest,apps/api/tests/ajuda-pfx.ts:145,2,no,,,proposed,codex1,
api-symbol-213668ec,api,2,symbol,modelosLocais,templatesLocations,apps/api/tests/canais.test.ts:570,5,no,,,proposed,codex1,
api-symbol-9595a3d1,api,2,symbol,emAtendimento,inAttendance,apps/api/src/dominio/gestao/monitoramento.ts:526,9,no,,,proposed,codex1,
api-symbol-ace850a5,api,2,symbol,ResultadoEntrada,ResultInbound,apps/api/src/dominio/entrada.ts:98,3,no,,,proposed,codex1,
api-ts-prop-47aae0ce,api,2,ts-prop,conversaAtendida,conversationAtendida,apps/api/src/dominio/gestao/passos-da-implantacao.ts:35,5,no,,,proposed,codex1,
api-test-title-1bf17025,api,2,test-title,guarda o arquivo e devolve link assinado,guard o file and returns link signed,apps/api/tests/anexos.test.ts:68,0,no,,,proposed,codex1,
api-ts-local-6f15323c,api,2,ts-local,dados,data,apps/api/src/dominio/gestao/pfx.ts:71,669,no,,,proposed,codex1,
api-ts-local-e02a8768,api,2,ts-local,atendenteId,agentId,apps/api/tests/conversa-eventos.test.ts:75,217,no,,,proposed,codex1,
api-symbol-afdc3c3f,api,2,symbol,ExcecaoGravada,ExceptionWritten,apps/api/src/dominio/gestao/cadastros.ts:544,3,no,,,proposed,codex1,
api-endpoint-67d6d9fb,api,2,endpoint,/v1/gestao/fluxos/:*/builder/publicar,/v1/management/flows/:id/builder/publish,apps/api/src/controladores/gestao-builder.ts:65,0,no,,,proposed,codex1,
api-symbol-a0663fec,api,2,symbol,RespostaDoRelatorioDeAtendimento,ResponseOfReportOfAttendance,apps/api/src/controladores/gestao-operacao.ts:97,4,no,,,proposed,codex1,
api-ts-prop-241a0cd0,api,2,ts-prop,tempoDeResposta,timeOfResponse,apps/api/src/dominio/gestao/monitoramento.ts:117,9,no,,,proposed,codex1,
api-symbol-d8242e3d,api,2,symbol,textoParaOCanal,textForOChannel,apps/api/src/dominio/fluxo.ts:893,3,no,,,proposed,codex1,
api-ts-local-5e6bc6be,api,2,ts-local,contagem,count,apps/api/src/dominio/gestao/satisfacao.ts:99,134,no,,,proposed,codex1,
api-ts-local-4f16d9ab,api,2,ts-local,valor,value,apps/api/src/controladores/gestao-fluxo.ts:93,1656,no,,,proposed,codex1,
api-ts-local-202e26aa,api,2,ts-local,resolverCanal,resolverChannel,apps/api/tests/email.test.ts:18,25,no,,,proposed,codex1,
api-ts-prop-e767bbc0,api,2,ts-prop,usuarioIds,userIds,apps/api/src/dominio/gestao/permissoes-do-atendente.ts:180,7,no,,,proposed,codex1,
api-test-title-a769cfae,api,2,test-title,aceita E.164 brasileiro com 10 e 11 dígitos nacionais,accepts and.164 brazilian with 10 and 11 digits national,apps/api/tests/mensagens-ativas.test.ts:75,0,no,,,proposed,codex1,
api-symbol-83445437,api,2,symbol,contatoId,contactId,apps/api/tests/transferencia.test.ts:31,226,no,,,proposed,codex1,
api-ts-prop-e9803eab,api,2,ts-prop,usuarioId,userId,apps/api/tests/convites.test.ts:296,604,no,,,proposed,codex1,
api-symbol-9ca9a5c5,api,2,symbol,escopoConferido,scopeConferido,apps/api/src/dominio/gestao/regras-sla.ts:117,6,no,,,proposed,codex1,
api-symbol-be08316a,api,2,symbol,agendarVarreduraDownloadMidia,scheduleSweepDownloadMedia,apps/api/src/filas.ts:279,4,no,,,proposed,codex1,
api-ts-prop-39ed68ec,api,2,ts-prop,fila_nome,queueName,apps/api/src/dominio/desk/consultas.ts:144,15,no,,,proposed,codex1,
api-symbol-7cc43bf2,api,2,symbol,janela,window,apps/api/src/controladores/gestao-operacao.ts:143,260,no,,,proposed,codex1,
api-dir-57237a6b,api,2,dir,apps/api/src/dominio,apps/api/src/domain,apps/api/src/dominio,0,no,,,proposed,codex1,
api-test-title-f29e302c,api,2,test-title,sem pausa.gerenciar é 403,without pause.manage and 403,apps/api/tests/cadastros-atendimento.test.ts:547,0,no,,,proposed,codex1,
api-error-code-720193aa,api,2,error-code,atalho_obrigatorio,shortcut_required,apps/api/src/dominio/gestao/comunicacao.ts:202,1,unknown,,,proposed,codex1,
api-symbol-88de4479,api,2,symbol,salvarIdentidade,saveIdentity,apps/api/src/dominio/gestao/acoes/configuracoes.ts:52,6,no,,,proposed,codex1,
api-symbol-17eeb17b,api,2,symbol,SEGREDO,SECRET,apps/api/tests/instagram.test.ts:37,18,no,,,proposed,codex1,
api-symbol-81596dd0,api,2,symbol,LinhaPorAtendente,LineByAgent,apps/api/src/dominio/gestao/monitoria.ts:87,5,no,,,proposed,codex1,
api-symbol-1136ef9e,api,2,symbol,iteracoes,iterations,apps/api/src/dominio/gestao/pfx.ts:254,10,no,,,proposed,codex1,
api-endpoint-8f2629c0,api,2,endpoint,/v1/atendentes/status,/v1/agents/status,apps/api/src/controladores/catalogo.ts:339,0,no,,,proposed,codex1,
api-test-title-e2be6569,api,2,test-title,quem não tem usuario.gerenciar não mexe na permissão de ninguém — nem na própria,who not has user.manage not mexe in permission of nobody — nor in own,apps/api/tests/permissoes-do-atendente.test.ts:309,0,no,,,proposed,codex1,
api-ts-prop-ceae1451,api,2,ts-prop,contato_id,contactId,apps/api/tests/roteador.test.ts:528,113,no,,,proposed,codex1,
api-symbol-8f15bf20,api,2,symbol,PedidoDeLoteDeAnexos,RequestOfLoteOfAttachments,apps/api/src/dominio/envio.ts:307,2,no,,,proposed,codex1,
api-test-title-78ac9950,api,2,test-title,NUNCA entrega evento de outro tenant,Never delivery event of other tenant,apps/api/tests/tempo-real.test.ts:218,0,no,,,proposed,codex1,
api-symbol-02a79fb4,api,2,symbol,abrirSessao,openSession,apps/api/tests/roteador.test.ts:66,91,no,,,proposed,codex1,
api-symbol-509513d0,api,2,symbol,AtendenteDaFila,AgentOfQueue,apps/api/src/dominio/gestao/cadastros.ts:69,6,no,,,proposed,codex1,
api-symbol-11178034,api,2,symbol,fluxoPublicadoDoCanal,flowPublishedOfChannel,apps/api/src/dominio/fluxo.ts:91,10,no,,,proposed,codex1,
api-symbol-f24b6f2c,api,2,symbol,FluxoGravado,FlowWritten,apps/api/src/dominio/gestao/ciclo-de-vida-do-fluxo.ts:87,8,no,,,proposed,codex1,
api-symbol-dcd8db16,api,2,symbol,chave,key,apps/api/src/dominio/fluxo.ts:368,1153,no,,,proposed,codex1,
api-ts-prop-c8e1b5e1,api,2,ts-prop,erro_codigo,errorCode,apps/api/tests/ponta-a-ponta.test.ts:325,29,no,,,proposed,codex1,
api-ts-prop-66ff44ec,api,2,ts-prop,ordem,order,apps/api/src/dominio/gestao/regra-fila.ts:100,517,no,,,proposed,codex1,
api-symbol-3bcafe73,api,2,symbol,ControladorDominios,DomainsController,apps/api/src/controladores/convites.ts:114,3,no,,D-05,proposed,sonnet,
api-ts-local-69bd7bce,api,2,ts-local,usuarioId,userId,apps/api/src/controladores/gestao-equipe.ts:112,604,no,,,proposed,codex1,
api-ts-prop-b0acb62f,api,2,ts-prop,primeira_resposta_em,firstResponseAt,apps/api/tests/mensagens-ativas.test.ts:155,27,no,,,proposed,codex1,
api-symbol-e72c8b0f,api,2,symbol,RegraDeFila,RuleOfQueue,apps/api/src/dominio/gestao/regra-fila.ts:97,21,no,,,proposed,codex1,
api-ts-prop-31a2732b,api,2,ts-prop,fila,queue,apps/api/src/dominio/gestao/cadastros.ts:711,993,no,,,proposed,codex1,
api-ts-prop-a8dbec7d,api,2,ts-prop,estado,state,apps/api/tests/sla-motor.test.ts:113,1269,no,,,proposed,codex1,
api-test-title-c5098b57,api,2,test-title,elevar_prioridade sobe um degrau e muda a ordem da fila de espera,elevar_priority sobe um degrau and changes a order of queue of wait,apps/api/tests/sla-motor.test.ts:266,0,no,,,proposed,codex1,
api-file-25b42025,api,2,file,canal-do-fluxo.test.ts,channel-of-flow.test.ts,apps/api/tests/canal-do-fluxo.test.ts,3,no,,,proposed,codex1,
api-symbol-ebd5d431,api,2,symbol,chave,key,apps/api/src/dominio/gestao/permissoes-do-atendente.ts:155,1153,no,,,proposed,codex1,
api-ts-local-688195b7,api,2,ts-local,requisicao,request,apps/api/src/controladores/operacao.ts:29,450,no,,,proposed,codex1,
api-symbol-bdfa7b16,api,2,symbol,canalId,channelId,apps/api/src/dominio/gestao/canal-do-fluxo.ts:116,387,no,,,proposed,codex1,
api-literal-value-a1fc0025,api,2,literal-value,imagem,image,apps/api/src/dominio/gestao/comunicacao.ts:46,218,unknown,,,proposed,codex1,
api-symbol-609adf96,api,2,symbol,ligarCanalDeEventos,connectChannelOfEvents,apps/api/src/eventos-ws.ts:67,3,no,,,proposed,codex1,
api-error-code-c8850ef6,api,2,error-code,data_em_uso,data_in_use,apps/api/src/dominio/gestao/cadastros.ts:635,2,unknown,,,proposed,codex1,
api-ts-local-fbc2d617,api,2,ts-local,chaveiroDoAmbiente,keyringOfAmbiente,apps/api/tests/twenty.test.ts:11,27,no,,,proposed,codex1,
api-error-code-f70c4b28,api,2,error-code,conta_ausente,account_missing,apps/api/src/dominio/whatsapp/criacao-de-canal.ts:58,1,unknown,,,proposed,codex1,
api-symbol-d202db42,api,2,symbol,busca,search,apps/api/src/dominio/gestao/servicos-do-roteador.ts:104,420,no,,,proposed,codex1,
api-symbol-2366ec21,api,2,symbol,vazio,empty,apps/api/tests/palavras-proibidas.test.ts:246,290,no,,,proposed,codex1,
api-symbol-0c9e246e,api,2,symbol,RegraPrioridadeParaMotor,RulePriorityForEngine,apps/api/src/dominio/gestao/prioridade-motor.ts:35,5,no,,,proposed,codex1,
api-symbol-d56475a3,api,2,symbol,dicionario,dictionary,apps/api/src/controladores/crm.ts:43,10,no,,,proposed,codex1,
api-test-title-e3dbc139,api,2,test-title,"humano ganha: na fila e depois com o atendente, o bot fica calado","human ganha: in queue and after with o agent, o bot stays calado",apps/api/tests/fluxo.test.ts:196,0,no,,,proposed,codex1,
api-ts-prop-71df804c,api,2,ts-prop,contato_nome,contactName,apps/api/src/controladores/conversas.ts:49,16,no,,,proposed,codex1,
api-ts-prop-29fb42ef,api,2,ts-prop,canais,channels,apps/api/src/controladores/canais-instagram.ts:20,243,no,,,proposed,codex1,
api-error-code-fa2d017f,api,2,error-code,prazo_invalido,deadline_invalid,apps/api/src/dominio/gestao/regras-sla.ts:88,2,unknown,,,proposed,codex1,
api-error-code-9db75655,api,2,error-code,configuracao_invalida,configuration_invalid,apps/api/src/dominio/instagram/canal.ts:65,9,unknown,,,proposed,codex1,
api-symbol-6648420f,api,2,symbol,CanalWhatsAppVisivel,ChannelWhatsAppVisible,apps/api/src/dominio/canais.ts:24,23,no,,,proposed,codex1,
api-ts-prop-52bde764,api,2,ts-prop,filasComAtendente,queuesWithAgent,apps/api/src/dominio/gestao/passos-da-implantacao.ts:27,6,no,,,proposed,codex1,
api-file-6be73a7c,api,2,file,prioridade.test.ts,priority.test.ts,apps/api/tests/prioridade.test.ts,0,no,,,proposed,codex1,
api-symbol-583c9064,api,2,symbol,excecaoViva,exceptionViva,apps/api/src/dominio/gestao/cadastros.ts:554,3,no,,,proposed,codex1,
api-symbol-533b6b91,api,2,symbol,AutenticacaoWebhookVisivel,AuthenticationWebhookVisible,apps/api/src/dominio/gestao/integracoes.ts:323,3,no,,,proposed,codex1,
api-error-code-da2a3ffe,api,2,error-code,waba_ausente,waba_missing,apps/api/src/dominio/whatsapp/configuracao-de-webhook.ts:74,5,unknown,,,proposed,codex1,
api-error-code-29fa63f8,api,2,error-code,servico_chatbot,service_chatbot,apps/api/src/dominio/gestao/servicos-do-roteador.ts:147,3,unknown,,,proposed,codex1,
api-symbol-1139f526,api,2,symbol,fluxoComProcessHttp,flowWithProcessHttp,apps/api/tests/gerar-fixtures-jsonb.helper.ts:147,2,no,,,proposed,codex1,
api-test-title-b03c186d,api,2,test-title,herda a prioridade e NÃO herda a primeira resposta,inherits a priority and not inherits a first response,apps/api/tests/transferencia.test.ts:172,0,no,,,proposed,codex1,
api-ts-prop-3389f2bd,api,2,ts-prop,escopo,scope,apps/api/src/dominio/gestao/configuracoes.ts:130,227,no,,,proposed,codex1,
api-symbol-2c2084b9,api,2,symbol,LinhaAtendente,LineAgent,apps/api/src/dominio/distribuicao.ts:17,5,no,,,proposed,codex1,
api-ts-prop-f778bcbc,api,2,ts-prop,canalId,channelId,apps/api/src/dominio/whatsapp/cadastro-embutido.ts:37,387,no,,,proposed,codex1,
api-ts-local-f7744e64,api,2,ts-local,estado,state,apps/api/tests/conversa-eventos.test.ts:74,1269,no,,,proposed,codex1,
api-symbol-b9c12167,api,2,symbol,novoFluxo,newFlow,apps/api/tests/canal-do-fluxo.test.ts:91,45,no,,,proposed,codex1,
api-test-title-ad3d515e,api,2,test-title,só editar fluxo não basta para GRAVAR a conexão: pede automacao.integracao.gerenciar,only editar flow not basta for write a connection: pede automation.integration.manage,apps/api/tests/integracoes.test.ts:327,0,no,,,proposed,codex1,
api-ts-prop-b88a4dac,api,2,ts-prop,imagem,image,apps/api/src/controladores/gestao-fluxo.ts:116,218,no,,,proposed,codex1,
api-ts-prop-ea192698,api,2,ts-prop,duracao_sugerida_min,durationSuggestedMin,apps/api/src/dominio/desk/consultas.ts:329,5,no,,,proposed,codex1,
api-symbol-f09132b5,api,2,symbol,LIMITE_DIARIO_POR_CONTATO,LIMIT_DIARIO_BY_CONTACT,apps/api/src/dominio/mensagem-ativa.ts:34,5,no,,,proposed,codex1,
api-ts-prop-1a5cbcf9,api,2,ts-prop,direcao,direction,apps/api/src/dominio/gestao/monitoramento.ts:177,175,no,,,proposed,codex1,
api-symbol-04f4d124,api,2,symbol,escopoFora,scopeOutside,apps/api/tests/cadastros-atendimento.test.ts:772,1,no,,,proposed,codex1,
api-ts-local-8026a0bd,api,2,ts-local,chave,key,apps/api/src/dominio/gestao/atendimento.ts:125,1153,no,,,proposed,codex1,
api-ts-prop-ca4f7485,api,2,ts-prop,escopos,scopes,apps/api/src/autenticacao.ts:110,40,no,,,proposed,codex1,
api-symbol-78124fc8,api,2,symbol,salvarEtiquetasDeEncerramento,saveLabelsOfClosure,apps/api/src/dominio/gestao/acoes/configuracoes.ts:141,6,no,,,proposed,codex1,
api-symbol-9e894389,api,2,symbol,listagem,listing,apps/api/tests/cadastros-atendimento.test.ts:1122,34,no,,,proposed,codex1,
api-test-title-bd87e297,api,2,test-title,"sem chave, não há CRM","without key, not há CRM",apps/api/tests/twenty.test.ts:188,0,no,,,proposed,codex1,
api-ts-prop-ff367f5a,api,2,ts-prop,acessoAosModelos,accessToTemplates,apps/api/src/dominio/whatsapp/validacao-da-configuracao-manual.ts:26,2,no,,,proposed,codex1,
api-symbol-c7e4225e,api,2,symbol,sessao,session,apps/api/tests/monitoramento-conversas.test.ts:51,382,no,,,proposed,codex1,
api-symbol-829e4683,api,2,symbol,consumidorEntrada,consumerInbound,apps/api/src/filas.ts:497,5,no,,,proposed,codex1,
api-symbol-11c00354,api,2,symbol,criarRegraSla,createRuleSla,apps/api/tests/sla-motor.test.ts:75,28,no,,,proposed,codex1,
api-symbol-c287752e,api,2,symbol,contatoId,contactId,apps/api/tests/envio-sessao.test.ts:32,226,no,,,proposed,codex1,
api-symbol-9ed48fdd,api,2,symbol,disposicao,layout,apps/api/src/controladores/anexos.ts:85,2,no,,,proposed,codex1,
api-test-title-ecd6594c,api,2,test-title,"atendente de outro tenant é 404, e id que não é uuid também","agent of other tenant and 404, and id that not and uuid also",apps/api/tests/permissoes-do-atendente.test.ts:226,0,no,,,proposed,codex1,
api-symbol-1160fcd6,api,2,symbol,outraFilaId,otherQueueId,apps/api/tests/transferencia.test.ts:33,14,no,,,proposed,codex1,
api-ts-local-2783da21,api,2,ts-local,usuarioId,userId,apps/api/tests/cadastros-atendimento.test.ts:77,604,no,,,proposed,codex1,
api-test-title-bba5c223,api,2,test-title,dispara para a lista e devolve o resultado POR contato,dispara for a list and returns o result by contact,apps/api/tests/mensagens-ativas.test.ts:89,0,no,,,proposed,codex1,
api-ts-prop-c7717c79,api,2,ts-prop,erro,error,apps/api/tests/permissoes-do-atendente.test.ts:130,1478,no,,,proposed,codex1,
api-ts-local-52931a7a,api,2,ts-local,canalId,channelId,apps/api/src/dominio/entrada.ts:408,387,no,,,proposed,codex1,
api-ts-local-b8596fe0,api,2,ts-local,contexto,context,apps/api/src/dominio/convites.ts:328,300,no,,,proposed,codex1,
api-file-5d6f5e69,api,2,file,envio-sessao.test.ts,envio-session.test.ts,apps/api/tests/envio-sessao.test.ts,1,no,,,proposed,codex1,
api-symbol-a552fa7f,api,2,symbol,consumirEntrada,consumeInbound,apps/api/src/filas.ts:504,3,no,,,proposed,codex1,
api-endpoint-1c118938,api,2,endpoint,/v1/contatos/:*/etiquetas,/v1/contacts/:id/labels,apps/api/src/controladores/etiquetas.ts:100,0,no,,,proposed,codex1,
api-ts-local-1151f588,api,2,ts-local,valor,value,apps/api/tests/ajuda-pfx.ts:69,1656,no,,,proposed,codex1,
api-ts-prop-4b76a16e,api,2,wire-key,obrigatoria_no_encerramento,requiredInClosure,apps/api/src/dominio/etiquetas.ts:49,13,no,,D-09,proposed,codex1,
api-ts-local-efb6065f,api,2,ts-local,criarBanco,createDatabase,apps/api/tests/importacao.test.ts:12,49,no,,,proposed,codex1,
api-symbol-97ae441c,api,2,symbol,ligarCanalAoFluxo,connectChannelToFlow,apps/api/src/dominio/gestao/canal-do-fluxo.ts:152,8,no,,,proposed,codex1,
api-symbol-802cc922,api,2,symbol,MidiaDaMeta,MediaOfMeta,apps/api/src/dominio/entrada.ts:74,6,no,,,proposed,codex1,
api-ts-prop-bcc68bac,api,2,ts-prop,fluxo,flow,apps/api/src/dominio/fluxo.ts:136,1172,no,,,proposed,codex1,
api-symbol-efdf29a4,api,2,symbol,ContextoDePrioridade,ContextOfPriority,apps/api/src/dominio/gestao/prioridade-motor.ts:84,4,no,,,proposed,codex1,
api-symbol-93f9c105,api,2,symbol,CONECTAR_CANAL,CONNECT_CHANNEL,apps/api/src/dominio/gestao/canal-do-fluxo.ts:38,5,no,,,proposed,codex1,
api-ts-local-99da7fe8,api,2,ts-local,fluxo,flow,apps/api/tests/equipe-do-fluxo.test.ts:143,1172,no,,,proposed,codex1,
api-ts-prop-84f665fb,api,2,ts-prop,atendente_id,agentId,apps/api/tests/desk-acoes.test.ts:269,68,no,,,proposed,codex1,
api-error-code-f2cd5c5b,api,2,error-code,conversa_encerrada,conversation_closed,apps/api/src/dominio/etiquetas.ts:110,3,unknown,,,proposed,codex1,
api-ts-local-bf41540f,api,2,symbol,ControladorContas,AccountsController,apps/api/tests/contas.test.ts:10,5,no,,,proposed,sonnet,
api-ts-prop-9611768c,api,2,ts-prop,filaId,queueId,apps/api/src/dominio/fluxo.ts:182,170,no,,,proposed,codex1,
api-error-code-22ff9a22,api,2,error-code,mesmo_destino,same_destination,apps/api/src/dominio/conversa.ts:354,2,unknown,,,proposed,codex1,
api-symbol-073cc3cf,api,2,symbol,subir,up,apps/api/src/controladores/anexos.ts:26,71,no,,,proposed,codex1,
api-test-title-8ea821fc,api,2,test-title,"regra de escopo fila vence a de escopo tenant, no MESMO alvo","rule of scope queue expires a of scope tenant, in same target",apps/api/tests/sla-motor.test.ts:145,0,no,,,proposed,codex1,
api-ts-local-1a2dd3f4,api,2,ts-local,criarToken,createToken,apps/api/tests/transferencia.test.ts:11,68,no,,,proposed,codex1,
api-symbol-988f5975,api,2,symbol,carregarContato,loadContact,apps/api/src/dominio/gestao-fluxo.ts:40,20,no,,,proposed,codex1,
api-ts-local-29e4319c,api,2,ts-local,importarFluxoDaBlip,importFlowOfBlip,apps/api/tests/canal-do-fluxo.test.ts:20,16,no,,,proposed,codex1,
api-ts-local-aa20e63f,api,2,ts-local,canal,channel,apps/api/src/dominio/whatsapp/desmontagem-de-webhook.ts:20,970,no,,,proposed,codex1,
api-file-f9eb9843,api,2,file,equipe-do-fluxo.test.ts,team-of-flow.test.ts,apps/api/tests/equipe-do-fluxo.test.ts,0,no,,,proposed,codex1,
api-symbol-844c3bf0,api,2,symbol,EstadoPill,StatePill,apps/api/src/dominio/gestao/sla.ts:30,4,no,,,proposed,codex1,
api-symbol-84943d1f,api,2,symbol,ativasDoAtendente,activeOfAgent,apps/api/tests/desk-acoes.test.ts:309,4,no,,,proposed,codex1,
api-symbol-c098f83e,api,2,symbol,canal,channel,apps/api/tests/email.test.ts:282,970,no,,,proposed,codex1,
api-ts-local-6fb54920,api,2,ts-local,usuarioId,userId,apps/api/src/controladores/importacoes.ts:82,604,no,,,proposed,codex1,
api-symbol-8a660cd5,api,2,symbol,esquecerCanal,esquecerChannel,apps/api/src/banco.ts:145,23,no,,,proposed,codex1,
api-symbol-bb23094b,api,2,symbol,EDITAR_FLUXO,EDITAR_FLOW,apps/api/src/dominio/gestao/ciclo-de-vida-do-fluxo.ts:67,16,no,,,proposed,codex1,
api-symbol-6c7c8a77,api,2,symbol,anexoId,attachmentId,apps/api/src/dominio/entrada.ts:253,70,no,,,proposed,codex1,
api-ts-local-8aea73c2,api,2,ts-local,exigirPermissaoNoFluxo,exigirPermissionInFlow,apps/api/tests/equipe-do-fluxo.test.ts:16,31,no,,,proposed,codex1,
api-ts-local-e71214db,api,2,ts-local,subirApi,upApi,apps/api/tests/canal-do-fluxo.test.ts:18,114,no,,,proposed,codex1,
api-ts-local-18d2c04e,api,2,ts-local,escopo,scope,apps/api/src/dominio/etiquetas.ts:42,227,no,,,proposed,codex1,
api-symbol-8e227007,api,2,symbol,Janela,Window,apps/api/src/dominio/gestao/janela.ts:6,34,no,,,proposed,codex1,
api-ts-local-45cf77ce,api,2,ts-local,fluxoId,flowId,apps/api/src/dominio/gestao/canal-do-fluxo.ts:102,504,no,,,proposed,codex1,
api-symbol-27072db3,api,2,symbol,dados,data,apps/api/src/dominio/gestao/monitoramento.ts:293,669,no,,,proposed,codex1,
api-ts-local-18530a0b,api,2,ts-local,contatoId,contactId,apps/api/src/dominio/etiquetas.ts:216,226,no,,,proposed,codex1,
api-ts-prop-a2de8e49,api,2,ts-prop,contatoId,contactId,apps/api/src/dominio/roteador.ts:131,226,no,,,proposed,codex1,
api-ts-local-1012b407,api,2,ts-local,posicaoRows,positionRows,apps/api/tests/gerar-fixtures-jsonb.helper.ts:245,2,no,,,proposed,codex1,
api-symbol-c6290ea8,api,2,symbol,PedidoDeEdicaoDeRespostaPronta,RequestOfEditOfResponseReady,apps/api/src/dominio/gestao/comunicacao.ts:190,3,no,,,proposed,codex1,
api-symbol-af436ceb,api,2,symbol,gravarRegraFila,writeRuleQueue,apps/api/src/dominio/gestao/cadastros.ts:797,5,no,,,proposed,codex1,
api-test-title-6e00a4c2,api,2,test-title,membro de outro tenant não é achado,member of other tenant not and achado,apps/api/tests/contrato.test.ts:283,0,no,,,proposed,codex1,
api-symbol-30d4958b,api,2,symbol,erro,error,apps/api/tests/instagram.test.ts:183,1478,no,,,proposed,codex1,
api-symbol-ba70c684,api,2,symbol,salvarPermissoesDoAtendente,savePermissionsOfAgent,apps/api/src/controladores/gestao-cadastros.ts:478,1,no,,,proposed,codex1,
api-ts-prop-62244f37,api,2,ts-prop,atendentes,agents,apps/api/src/dominio/gestao/monitoramento.ts:160,309,no,,,proposed,codex1,
api-symbol-ffd3b91a,api,2,symbol,chave,key,apps/api/src/dominio/gestao/integracoes.ts:422,1153,no,,,proposed,codex1,
api-ts-local-256ec740,api,2,ts-local,primeiro,first,apps/api/src/dominio/instagram/entrada.ts:98,258,no,,,proposed,codex1,
api-symbol-7e311a60,api,2,symbol,executarConfiguracaoManual,executarConfigurationManual,apps/api/src/dominio/whatsapp/configuracao-manual.ts:39,10,no,,,proposed,codex1,
api-test-title-405ac2b2,api,2,test-title,"a foto é lida pelos bytes: PNG entra, rótulo mentindo é engolido e o fluxo nasce sem foto","a photo and lida by bytes: PNG enters, label mentindo and engolido and o flow is created without photo",apps/api/tests/ciclo-de-vida-do-fluxo.test.ts:290,0,no,,,proposed,codex1,
api-ts-local-eb4b3de3,api,2,ts-local,lerCanalMessenger,lerChannelMessenger,apps/api/tests/messenger.test.ts:17,8,no,,,proposed,codex1,
api-endpoint-af5c4216,api,2,endpoint,/v1/gestao/fluxos/:*,/v1/management/flows/:id,apps/api/src/controladores/gestao-fluxo.ts:177,0,no,,,proposed,codex1,
api-symbol-67285065,api,2,symbol,LinhaAnexo,LineAttachment,apps/api/src/dominio/midia.ts:68,12,no,,,proposed,codex1,
api-literal-value-b65a937a,api,2,literal-value,fila,queue,apps/api/src/dominio/gestao/passos-da-implantacao.ts:40,993,unknown,,,proposed,codex1,
api-error-code-015db452,api,2,error-code,order_by_invalido,order_by_invalid,apps/api/src/paginacao.ts:82,1,unknown,,,proposed,codex1,
api-ts-local-fb77e52f,api,2,ts-local,estado,state,apps/api/src/dominio/gestao/builder-do-fluxo.ts:160,1269,no,,,proposed,codex1,
api-file-cdfe2e68,api,2,file,sessao.ts,api/src/session.ts,apps/api/src/sessao.ts,20,no,,,proposed,codex1,
api-error-code-0e2f070d,api,2,error-code,ja_e_membro,already_member,apps/api/src/dominio/convites.ts:158,3,unknown,,,proposed,sonnet,
api-symbol-0b986c1f,api,2,symbol,CanalMessenger,ChannelMessenger,apps/api/src/dominio/messenger/canal.ts:11,3,no,,,proposed,codex1,
api-symbol-9eee69ea,api,2,symbol,EscopoPrioridade,ScopePriority,apps/api/src/dominio/gestao/regras-prioridade.ts:47,3,no,,,proposed,codex1,
api-symbol-117dae57,api,2,symbol,filaEspelhoCrm,queueMirrorCrm,apps/api/src/filas.ts:54,6,no,,,proposed,codex1,
api-test-title-da373829,api,2,test-title,"encerrado o atendimento, a próxima mensagem volta ao fluxo no bloco que o atendimento aponta","encerrado o attendance, a próxima message returns to flow in block that o attendance points",apps/api/tests/fluxo.test.ts:213,0,no,,,proposed,codex1,
api-symbol-89b2a57e,api,2,symbol,conversa,conversation,apps/api/tests/analise.test.ts:102,1270,no,,,proposed,codex1,
api-symbol-2304c1bb,api,2,symbol,criarFluxo,createFlow,apps/api/tests/chave-de-fluxo.test.ts:87,15,no,,,proposed,codex1,
api-symbol-836607bf,api,2,symbol,normalizarDominio,normalizeDomain,apps/api/src/dominio/dominios.ts:41,6,no,,,proposed,codex1,
api-literal-value-2aed2f00,api,2,literal-value,dentro,inside,apps/api/src/dominio/gestao/sla.ts:30,495,unknown,,,proposed,codex1,
api-symbol-3b5580c6,api,2,symbol,ControladorWebhookInstagram,InstagramWebhookController,apps/api/src/controladores/webhooks-instagram.ts:21,3,no,,D-05,proposed,sonnet,
api-symbol-72d5a60d,api,2,symbol,criarWebhookSemPermissao,createWebhookWithoutPermission,apps/api/src/dominio/gestao/integracoes.ts:944,2,no,,,proposed,codex1,
api-literal-value-0fb137e1,api,2,literal-value,encerramento,closure,apps/api/tests/sla-motor.test.ts:175,69,unknown,,,proposed,codex1,
api-symbol-870f0c88,api,2,symbol,sessaoPublicador,sessionPublicador,apps/api/tests/builder-por-fluxo.test.ts:44,13,no,,,proposed,codex1,
api-ts-local-e0304ce1,api,2,ts-local,fluxoId,flowId,apps/api/src/dominio/gestao-fluxo.ts:112,504,no,,,proposed,codex1,
api-test-title-9f4905f3,api,2,test-title,não concede por atendente o que é de gestão,not concede by agent o that and of management,apps/api/tests/permissoes-do-atendente.test.ts:212,0,no,,,proposed,codex1,
api-ts-prop-da14a92a,api,2,ts-prop,estado_entrega,stateDelivery,apps/api/tests/ponta-a-ponta.test.ts:174,61,no,,,proposed,codex1,
api-ts-local-bced1b98,api,2,symbol,ControladorCanais,ChannelsController,apps/api/tests/canais.test.ts:42,5,no,,,proposed,sonnet,
api-symbol-eefe5147,api,2,symbol,urlDeErro,urlOfError,apps/api/src/controladores/entrar.ts:86,10,no,,,proposed,codex1,
api-symbol-903ceb32,api,2,symbol,testeValido,testValid,apps/api/src/dominio/sso.ts:245,2,no,,,proposed,codex1,
api-symbol-522b2dfe,api,2,symbol,execucaoId,executionId,apps/api/tests/analise.test.ts:114,21,no,,,proposed,codex1,
api-symbol-7da0be2c,api,2,symbol,roteadorId,routerId,apps/api/tests/canal-do-fluxo.test.ts:426,52,no,,,proposed,codex1,
api-symbol-156915ce,api,2,symbol,listarCanaisInstagram,listarChannelsInstagram,apps/api/src/dominio/instagram/canal.ts:141,3,no,,,proposed,codex1,
api-ts-local-47df093a,api,2,ts-local,conversaId,conversationId,apps/api/src/dominio/assumir.ts:24,523,no,,,proposed,codex1,
api-ts-prop-6de53520,api,2,ts-prop,fluxos,flows,apps/api/src/dominio/gestao/contrato.ts:30,276,no,,,proposed,codex1,
api-file-ff32bed5,api,2,file,integracoes.ts,integrations.ts,apps/api/src/dominio/gestao/integracoes.ts,13,no,,,proposed,codex1,
api-ts-prop-8b836971,api,2,ts-prop,ativa,active,apps/api/src/dominio/gestao/regras-prioridade.ts:147,340,no,,,proposed,codex1,
api-test-title-1538f5c0,api,2,test-title,responde ao desafio de inscrição da Meta,responde to challenge of subscription of Meta,apps/api/tests/ponta-a-ponta.test.ts:83,0,no,,,proposed,codex1,
api-symbol-dd431860,api,2,symbol,CanalDeEventos,ChannelOfEvents,apps/api/src/eventos-ws.ts:63,2,no,,,proposed,codex1,
api-ts-prop-fa8df0ce,api,2,ts-prop,filaPadrao,queueDefault,apps/api/src/dominio/gestao/configuracoes.ts:184,3,no,,,proposed,codex1,
api-ts-prop-31cf368f,api,2,ts-prop,capacidadePadrao,capacityDefault,apps/api/src/dominio/gestao/configuracoes.ts:57,37,no,,,proposed,codex1,
api-ts-prop-970f6d48,api,2,ts-prop,obrigatoriaNoEncerramento,requiredInClosure,apps/api/src/dominio/gestao/configuracoes.ts:131,20,no,,,proposed,codex1,
api-symbol-15512532,api,2,symbol,semSessao,withoutSession,apps/api/tests/palavras-proibidas.test.ts:263,8,no,,,proposed,codex1,
api-ts-prop-de608672,api,2,ts-prop,primeiraRespostaEm,firstResponseAt,apps/api/tests/sla-motor.test.ts:56,26,no,,,proposed,codex1,
api-ts-local-15092e35,api,2,ts-local,usuarios,users,apps/api/tests/ciclo-de-vida-do-fluxo.test.ts:54,36,no,,,proposed,codex1,
api-test-title-13635d44,api,2,test-title,reenviar mensagem em falha,resend message em fails,apps/api/tests/envio-sessao.test.ts:195,0,no,,,proposed,codex1,
api-test-title-f0265d05,api,2,test-title,"aplica com `contato.editar`, lista, remove e audita","aplica with `contact.editar`, list, remove and audita",apps/api/tests/etiquetas.test.ts:328,0,no,,,proposed,codex1,
api-error-code-34e28e27,api,2,error-code,numero_ausente,number_missing,apps/api/src/dominio/whatsapp/configuracao-de-webhook.ts:76,2,unknown,,,proposed,codex1,
api-symbol-b06e331f,api,2,symbol,configDoBanco,configOfDatabase,apps/api/tests/canais.test.ts:94,4,no,,,proposed,codex1,
api-test-title-69747ad8,api,2,test-title,"apaga o callback, solta o número, desassina a WABA do último canal e NÃO apaga a conversa","deletes o callback, solta o number, desassina a WABA of last channel and not deletes a conversation",apps/api/tests/canais.test.ts:1006,0,no,,,proposed,codex1,
api-ts-local-25ffcd36,api,2,ts-local,posicao,position,apps/api/tests/canal-do-fluxo.test.ts:454,84,no,,,proposed,codex1,
api-symbol-5111c1c9,api,2,symbol,PedidoDeEdicaoDeContato,RequestOfEditOfContact,apps/api/src/controladores/gestao-fluxo.ts:130,2,no,,,proposed,codex1,
api-ts-prop-d51a9773,api,2,ts-prop,fila,queue,apps/api/src/filas.ts:526,993,no,,,proposed,codex1,
api-ts-local-d84aa31e,api,2,ts-local,usuarioIds,userIds,apps/api/tests/permissoes-do-atendente.test.ts:141,7,no,,,proposed,codex1,
api-test-title-f2470eeb,api,2,test-title,mantém o cálculo legado dos demais relatórios ao atravessar DST,mantém o cálculo legacy of excessive reports to atravessar DST,apps/api/tests/historico.test.ts:72,0,no,,,proposed,codex1,
api-symbol-f027b6ac,api,2,symbol,vazio,empty,apps/api/tests/ciclo-de-vida-do-fluxo.test.ts:345,290,no,,,proposed,codex1,
api-ts-local-2caf7cc8,api,2,ts-local,conversaId,conversationId,apps/api/tests/desk-acoes.test.ts:381,523,no,,,proposed,codex1,
api-ts-local-29eb5299,api,2,ts-local,criarConvite,createInvitation,apps/api/tests/email.test.ts:16,14,no,,,proposed,codex1,
api-symbol-1481af60,api,2,symbol,consumirDownloadMidia,consumeDownloadMedia,apps/api/src/filas.ts:251,3,no,,,proposed,codex1,
api-ts-prop-f1f2bd79,api,2,ts-prop,estadoEntrega,stateDelivery,apps/api/src/dominio/mensagem-ativa.ts:316,14,no,,,proposed,codex1,
api-ts-prop-43248b65,api,2,ts-prop,estado,state,apps/api/src/dominio/desk/consultas.ts:138,1269,no,,,proposed,codex1,
api-ts-local-c8eab2dd,api,2,ts-local,sessao,session,apps/api/tests/roteador.test.ts:97,382,no,,,proposed,codex1,
api-symbol-825e8dca,api,2,symbol,mensagem,message,apps/api/src/dominio/messenger/entrada.ts:14,1267,no,,,proposed,codex1,
api-ts-local-0c2b728a,api,2,symbol,ErroPipe,PipeError,apps/api/tests/canais.test.ts:21,243,no,,,proposed,sonnet,
api-ts-local-b79dfff5,api,2,ts-local,contatoId,contactId,apps/api/src/dominio/roteador.ts:65,226,no,,,proposed,codex1,
api-ts-local-40ef0e6d,api,2,ts-local,blocoPorCodigo,blockByCode,apps/api/src/dominio/fluxo.ts:295,12,no,,,proposed,codex1,
infra-file-560388dc,infra,4,file,packages-autenticacao.csv,map/packages-authentication.csv,.planning/phases/01-padronizar-linguagem-t-cnica-navega-o-e-renderiza-o/std/map/packages-autenticacao.csv,6,no,,,proposed,codex1,
infra-dir-42f78476,infra,4,dir,infra/terraform/ambientes/producao,infra/terraform/ambientes/production,infra/terraform/ambientes/producao,0,no,,,proposed,codex1,
infra-ts-prop-240a13ec,infra,4,ts-prop,keys,KEEP,/node_modules/typescript/lib/lib.es2015.iterable.d.ts:2,0,unknown,,D-09,proposed,sonnet,jsonb:templateMensagem.variaveis
infra-file-81d038d3,infra,4,file,restaurar-teste.sh,restore-test.sh,infra/compose/backup/restaurar-teste.sh,2,no,,,proposed,codex1,
infra-ts-local-24146956,infra,4,ts-local,chave,key,tools/std/gerar-fixtures-jsonb.ts:65,1153,no,,,proposed,codex1,
infra-file-aecf4b04,infra,4,file,2026-09-23-atendimento-blip-fidelity.md,KEEP,docs/superpowers/plans/2026-09-23-atendimento-blip-fidelity.md,1,no,,,proposed,codex1,
infra-symbol-ec10c458,infra,4,symbol,fluxo,flow,tools/std/route-match.ts:486,1172,no,,,proposed,codex1,
infra-ts-local-931af05c,infra,4,ts-local,chave,key,tools/std/jsonb-keys.ts:151,1153,no,,,proposed,codex1,
infra-literal-value-074df66f,infra,4,literal-value,packages-autenticacao,packages-authentication,tools/std/inventory.ts:30,22,unknown,,,proposed,codex1,
infra-symbol-e9d3bf8f,infra,4,symbol,EntradaDoManifesto,InboundOfManifesto,tools/std/jsonb-keys.ts:25,4,no,,,proposed,codex1,
infra-ts-prop-4b4ff4b4,infra,4,ts-prop,copyWithin,KEEP,/node_modules/typescript/lib/lib.es2015.core.d.ts:1,0,unknown,,D-09,proposed,sonnet,jsonb:templateMensagem.variaveis
infra-test-title-45c41d1e,infra,1,test-title,collectKeys sem doc nem chave nenhuma devolve vazio,collectKeys without doc nor key no returns empty,tools/std/jsonb-keys.test.ts:23,0,no,,,proposed,codex1,
infra-file-896a37d1,infra,4,file,2026-09-12-ponte-lime-6ee45ecb.json,KEEP,.planning/intel/classifications/2026-09-12-ponte-lime-6ee45ecb.json,0,no,,,proposed,codex1,
infra-ts-local-e7c84253,infra,4,ts-local,arquivo,file,tools/std/jsonb-keys.ts:170,462,no,,,proposed,codex1,
packages-armazenamento-test-title-263357b0,packages-armazenamento,1,test-title,recusa assinatura de OUTRO anexo — nada de trocar o id na URL,refuses signature of other attachment — nothing of exchange o id in URL,packages/armazenamento/tests/armazenamento.test.ts:138,0,no,,,proposed,codex1,
packages-armazenamento-symbol-ee2ed949,packages-armazenamento,1,symbol,VALIDADE_LINK_MS,VALIDITY_LINK_MS,packages/armazenamento/src/limites.ts:41,4,no,,,proposed,codex1,
packages-armazenamento-ts-local-3373c750,packages-armazenamento,1,ts-local,erro,error,packages/armazenamento/src/disco.ts:50,1478,no,,,proposed,codex1,
packages-armazenamento-test-title-dc9da8ad,packages-armazenamento,1,test-title,aceita a assinatura certa dentro da validade,accepts a signature correct inside of validity,packages/armazenamento/tests/armazenamento.test.ts:126,0,no,,,proposed,codex1,
packages-armazenamento-test-title-3c3d2b0a,packages-armazenamento,1,test-title,recusa validade esticada na mão,refuses validity esticada in mão,packages/armazenamento/tests/armazenamento.test.ts:144,0,no,,,proposed,codex1,
packages-autenticacao-ts-local-f0fb8661,packages-autenticacao,1,ts-local,usuarioId,userId,packages/autenticacao/src/entrada.ts:291,604,no,,,proposed,codex1,
packages-autenticacao-ts-local-5cd26655,packages-autenticacao,1,ts-local,duracaoMs,durationMs,packages/autenticacao/src/sessao.ts:28,6,no,,,proposed,codex1,
packages-autenticacao-ts-prop-aeb031a0,packages-autenticacao,1,ts-prop,usuarioId,userId,packages/autenticacao/src/entrada.ts:57,604,no,,,proposed,codex1,
packages-autenticacao-file-cc61ebc0,packages-autenticacao,1,file,sessao.ts,src/session.ts,packages/autenticacao/src/sessao.ts,20,no,,,proposed,codex1,
packages-autenticacao-symbol-3d554534,packages-autenticacao,1,symbol,urlDeAutorizacaoOidc,urlOfAuthorizationOidc,packages/autenticacao/src/oidc.ts:123,6,no,,,proposed,codex1,
packages-autenticacao-symbol-8a5397aa,packages-autenticacao,1,symbol,DocumentoDeDescoberta,DocumentOfDiscovery,packages/autenticacao/src/oidc.ts:60,3,no,,,proposed,codex1,
packages-autenticacao-symbol-1ee67bb0,packages-autenticacao,1,symbol,documento,document,packages/autenticacao/src/oidc.ts:87,217,no,,,proposed,codex1,
packages-autenticacao-ts-local-506b1218,packages-autenticacao,1,ts-local,contexto,context,packages/autenticacao/src/entrada.ts:112,300,no,,,proposed,codex1,
packages-autenticacao-symbol-3e2ff432,packages-autenticacao,1,symbol,criarToken,createToken,packages/autenticacao/src/sessao.ts:28,68,no,,,proposed,codex1,
packages-autenticacao-ts-prop-9be585fd,packages-autenticacao,1,ts-prop,usuarioId,userId,packages/autenticacao/src/sessao.ts:126,604,no,,,proposed,codex1,
packages-contracts-symbol-62663120,packages-contracts,1,symbol,PedidoDeEdicaoDeRegraSla,RequestOfEditOfRuleSla,packages/contracts/src/gestao-cadastros.ts:145,5,no,,,proposed,codex1,
packages-contracts-symbol-510e2716,packages-contracts,1,symbol,PedidoDeFila,RequestOfQueue,packages/contracts/src/gestao-cadastros.ts:15,3,no,,,proposed,codex1,
packages-contracts-literal-value-05b9776c,packages-contracts,1,literal-value,nenhum,no,packages/contracts/src/gestao-equipe.ts:13,293,unknown,,,proposed,codex1,
packages-contracts-symbol-0f55c2c9,packages-contracts,1,symbol,ContatoListado,ContactListado,packages/contracts/src/gestao-fluxo.ts:73,6,no,,,proposed,codex1,
packages-contracts-ts-prop-ca0dc320,packages-contracts,1,ts-prop,erros,errors,packages/contracts/src/gestao-fluxo.ts:367,110,no,,,proposed,codex1,
packages-contracts-symbol-b3ba1790,packages-contracts,1,symbol,MetricasDoAtendente,MetricsOfAgent,packages/contracts/src/desk.ts:261,5,no,,,proposed,codex1,
packages-contracts-symbol-10a47073,packages-contracts,1,symbol,PedidoDeRegraPrioridade,RequestOfRulePriority,packages/contracts/src/gestao-cadastros.ts:202,3,no,,,proposed,codex1,
packages-contracts-symbol-d1786036,packages-contracts,1,symbol,ConversaDaLista,ConversationOfList,packages/contracts/src/desk.ts:26,24,no,,,proposed,codex1,
packages-contracts-ts-prop-55ded6a7,packages-contracts,1,ts-prop,canalNumero,channelNumber,packages/contracts/src/gestao-fluxo.ts:28,4,no,,,proposed,codex1,
packages-contracts-literal-value-5823a5bb,packages-contracts,1,literal-value,personalizado,custom,packages/contracts/src/gestao-equipe.ts:16,57,unknown,,,proposed,codex1,
packages-contracts-symbol-11175a75,packages-contracts,1,symbol,RespostaDasMetricas,ResponseOfMetrics,packages/contracts/src/desk.ts:275,5,no,,,proposed,codex1,
packages-contracts-file-11ea4239,packages-contracts,1,file,gestao-equipe.ts,management-team.ts,packages/contracts/src/gestao-equipe.ts,1,no,,,proposed,codex1,
packages-contracts-symbol-2768a5cc,packages-contracts,1,symbol,ErroDaApi,ApiError,packages/contracts/src/sessao.ts:68,43,no,,D-05,proposed,sonnet,
packages-contracts-literal-value-1809bbfb,packages-contracts,1,literal-value,publicada,published,packages/contracts/src/gestao-fluxo.ts:335,67,unknown,,,proposed,codex1,
packages-contracts-symbol-8c08df8d,packages-contracts,1,symbol,MensagemDoHistorico,MessageOfHistory,packages/contracts/src/gestao-fluxo.ts:97,2,no,,,proposed,codex1,
packages-contracts-literal-value-f843e7e5,packages-contracts,1,literal-value,escrever,KEEP,packages/contracts/src/gestao-equipe.ts:13,133,unknown,,,proposed,codex1,
packages-contracts-symbol-043e9220,packages-contracts,1,symbol,EstadoDaVersao,StateOfVersion,packages/contracts/src/gestao-fluxo.ts:335,5,no,,,proposed,codex1,
packages-contracts-ts-prop-3a93e781,packages-contracts,1,ts-prop,esperaNaFilaSeg,waitInQueueSeg,packages/contracts/src/desk.ts:250,2,no,,,proposed,codex1,
packages-contracts-ts-prop-34c41b66,packages-contracts,1,ts-prop,encerradaPorNome,closedByName,packages/contracts/src/desk.ts:217,2,no,,,proposed,codex1,
packages-contracts-ts-prop-7e8181be,packages-contracts,1,ts-prop,obrigatoriaNoEncerramento,requiredInClosure,packages/contracts/src/desk.ts:69,20,no,,,proposed,codex1,
packages-contracts-symbol-c81f7634,packages-contracts,1,symbol,PedidoDeEdicaoDeMotivoPausa,RequestOfEditOfReasonPause,packages/contracts/src/gestao-cadastros.ts:58,3,no,,,proposed,codex1,
packages-contracts-ts-prop-ccf1c2f5,packages-contracts,1,ts-prop,erroCodigo,errorCode,packages/contracts/src/desk.ts:137,18,no,,,proposed,codex1,
packages-db-ts-prop-0e6d88d7,packages-db,1,ts-prop,onErro,onError,packages/db/src/schema/automacao.ts:470,1,no,,,proposed,codex1,sql=on_erro
packages-db-wire-key-934e75d8,packages-db,1,wire-key,horarioNome,scheduleName,,,no,,D-09,proposed,sonnet,
packages-db-wire-key-e1d39e17,packages-db,1,wire-key,obrigatoriaNoEncerramento,requiredInClosure,,apps/api/src/dominio/gestao/configuracoes.ts,no,,D-09,proposed,sonnet,
packages-db-file-3d94a989,packages-db,1,file,automacao.ts,automation.ts,packages/db/src/schema/automacao.ts,10,no,,,proposed,codex1,
packages-db-file-f9368209,packages-db,1,file,0019_permissoes_da_conta.sql,KEEP,packages/db/drizzle/0019_permissoes_da_conta.sql,0,no,,,proposed,codex1,
packages-db-ts-prop-928658a2,packages-db,1,ts-prop,deFilaId,ofQueueId,packages/db/src/schema/conversas.ts:434,1,no,,,proposed,codex1,sql=de_fila_id
packages-db-literal-value-0b557bf0,packages-db,1,literal-value,papel.gerenciar,KEEP,packages/db/src/semente.ts:100,2,unknown,,,proposed,codex1,
packages-db-file-94faaf05,packages-db,1,file,segredo.ts,secret.ts,packages/db/src/segredo.ts,17,no,,,proposed,codex1,
packages-db-symbol-1889ed8e,packages-db,1,symbol,TIPOS_EVENTO_ATENDIMENTO,TYPES_EVENT_ATTENDANCE,packages/db/src/schema/comum.ts:66,3,no,,,proposed,codex1,
packages-db-file-ff883d49,packages-db,1,file,0013_prioridade_cinco_degraus.sql,KEEP,packages/db/drizzle/0013_prioridade_cinco_degraus.sql,0,no,,,proposed,codex1,
packages-db-wire-key-718d4935,packages-db,1,wire-key,filaDestinoId,queueDestinationId,,apps/api/src/dominio/gestao/acoes/regras.ts;apps/api/src/dominio/gestao/cadastros.ts;apps/api/src/dominio/gestao/regra-fila.ts,no,,D-09,proposed,sonnet,
packages-db-wire-key-623aeb8c,packages-db,1,wire-key,hora,hour,,apps/api/src/dominio/gestao/monitoramento.ts,no,,D-09,proposed,sonnet,
packages-db-wire-key-e5548a78,packages-db,1,wire-key,desde,since,,apps/api/src/controladores/catalogo.ts;apps/api/src/controladores/rastreador-de-cliques.ts;apps/api/src/dominio/desk/consultas.ts;apps/api/src/dominio/rastreador-de-cliques.ts;apps/api/tests/desk-acoes.test.ts;packages/db/src/schema/automacao.ts;packages/db/src/schema/conversas.ts,no,,D-45,proposed,sonnet,
packages-db-wire-key-1d17ed4a,packages-db,1,wire-key,versao,version,,apps/api/src/controladores/gestao-builder.ts;apps/api/src/dominio/fluxo.ts;apps/api/src/dominio/gestao/builder-do-fluxo.ts;apps/api/src/dominio/roteador.ts;apps/api/tests/builder-por-fluxo.test.ts;apps/api/tests/entrada.test.ts;apps/api/tests/saude.test.ts;packages/db/src/schema/automacao.ts;packages/db/src/schema/crm.ts;packages/db/src/schema/monitoria.ts,no,,D-09,proposed,sonnet,
packages-db-wire-key-a4ee49ac,packages-db,1,wire-key,sujeito,subject,,apps/api/src/controladores/sso.ts;apps/api/src/dominio/convites.ts;apps/api/src/dominio/gestao/certificados.ts;apps/api/tests/convites.test.ts;packages/db/src/schema/identidade.ts,no,,D-09,proposed,sonnet,
packages-db-symbol-27c036bd,packages-db,1,symbol,eventoAtendimento,eventAttendance,packages/db/src/schema/gestao.ts:40,7,no,,,proposed,codex1,
packages-db-wire-key-18c9fb73,packages-db,1,wire-key,expiracaoMin,expirationMin,,apps/api/src/dominio/gestao/servicos-do-roteador.ts;packages/db/src/schema/automacao.ts,no,,D-09,proposed,sonnet,
packages-db-symbol-69fdff9b,packages-db,1,symbol,ESTADOS_ENTREGA,STATES_DELIVERY,packages/db/src/schema/comum.ts:44,4,no,,,proposed,codex1,
packages-db-literal-value-b2739966,packages-db,1,literal-value,entrada,inbound,packages/db/src/schema/conversas.ts:319,473,unknown,,,proposed,codex1,
packages-db-literal-value-c5d8eb8b,packages-db,1,literal-value,criar_avaliacao,create_evaluation,packages/db/src/schema/automacao.ts:450,1,unknown,,,proposed,codex1,
packages-db-wire-key-cfbb91e7,packages-db,1,wire-key,fuso,KEEP,,apps/api/src/controladores/minha-conta.ts;apps/api/src/dominio/gestao/acoes/configuracoes.ts;apps/api/src/dominio/gestao/acoes/regras.ts;apps/api/src/dominio/gestao/cadastros.ts;apps/api/src/dominio/gestao/configuracoes.ts;apps/api/src/dominio/gestao/contrato.ts;apps/api/src/dominio/gestao/janela.ts;apps/api/src/dominio/gestao-fluxo.ts;apps/workers/src/agregacao.ts;packages/db/src/schema/gestao.ts;packages/db/src/schema/identidade.ts,no,,D-09,proposed,sonnet,
packages-db-symbol-84a1622d,packages-db,1,symbol,papelPermissao,rolePermission,packages/db/src/schema/identidade.ts:213,10,no,,,proposed,codex1,
packages-db-wire-key-658467b6,packages-db,1,wire-key,importacoes,imports,,,no,,D-09,proposed,sonnet,
packages-db-wire-key-88c2f74b,packages-db,1,wire-key,abertas,opens,,apps/api/tests/monitoramento-conversas.test.ts,no,,D-09,proposed,sonnet,
packages-db-wire-key-a17c9aaa,packages-db,1,wire-key,data,KEEP,,apps/api/src/controladores/catalogo.ts;apps/api/src/controladores/conversas.ts;apps/api/src/dominio/gestao/acoes/regras.ts;apps/api/src/dominio/gestao/cadastros.ts;apps/api/src/dominio/gestao/pfx.ts;apps/api/src/dominio/gestao-analise.ts;apps/api/src/dominio/mtls.ts;apps/api/src/dominio/twenty.ts;apps/api/src/dominio/whatsapp/cliente-graph.ts;apps/api/src/dominio/whatsapp/validacao-da-configuracao-manual.ts;apps/api/src/filas.ts;apps/api/tests/ajuda-pfx.ts;apps/api/tests/analise.test.ts;apps/api/tests/chave-de-fluxo.test.ts;apps/api/tests/dicionario-crm.test.ts;apps/api/tests/fixtures/jsonb/manifest.json;apps/api/tests/growth.test.ts;apps/api/tests/mensagens-ativas.test.ts;apps/api/tests/ponta-a-ponta.test.ts;apps/workers/src/main.ts;packages/db/src/schema/crm.ts;packages/db/src/schema/gestao.ts;packages/db/src/semente-demo.ts,no,,D-09,proposed,sonnet,
packages-db-ts-prop-f14b09d5,packages-db,1,ts-prop,twentyChave,twentyKey,packages/db/src/schema/identidade.ts:115,2,no,,,proposed,codex1,sql=twenty_chave
packages-db-ts-prop-57eaee66,packages-db,1,ts-prop,ordem,order,packages/db/src/schema/conversas.ts:91,517,no,,,proposed,codex1,sql=ordem
packages-db-wire-key-d3852a03,packages-db,1,wire-key,etiquetas,labels,,apps/api/src/dominio/gestao/historico.ts;apps/api/src/dominio/gestao/monitoramento.ts;apps/api/tests/etiquetas.test.ts,no,,D-09,proposed,sonnet,
packages-db-symbol-9d3db7d1,packages-db,1,symbol,roteadorServico,routerService,packages/db/src/schema/automacao.ts:146,8,no,,,proposed,codex1,
packages-db-wire-key-87ea5dfc,packages-db,1,wire-key,id,KEEP,,apps/api/src/autenticacao.ts;apps/api/src/banco.ts;apps/api/src/controladores/anexos.ts;apps/api/src/controladores/canais-instagram.ts;apps/api/src/controladores/canais-messenger.ts;apps/api/src/controladores/canais.ts;apps/api/src/controladores/catalogo.ts;apps/api/src/controladores/conversas.ts;apps/api/src/controladores/convites.ts;apps/api/src/controladores/desk.ts;apps/api/src/controladores/entrar.ts;apps/api/src/controladores/etiquetas.ts;apps/api/src/controladores/gestao-analise.ts;apps/api/src/controladores/gestao-builder.ts;apps/api/src/controladores/gestao-cadastros.ts;apps/api/src/controladores/gestao-conta.ts;apps/api/src/controladores/gestao-equipe.ts;apps/api/src/controladores/gestao-fluxo.ts;apps/api/src/controladores/gestao-integracoes.ts;apps/api/src/controladores/gestao-operacao.ts;apps/api/src/controladores/importacoes.ts;apps/api/src/controladores/minha-conta.ts;apps/api/src/controladores/sso.ts;apps/api/src/controladores/webhooks-whatsapp.ts;apps/api/src/dominio/anexo.ts;apps/api/src/dominio/canais.ts;apps/api/src/dominio/conversa.ts;apps/api/src/dominio/convites.ts;apps/api/src/dominio/desk/acoes.ts;apps/api/src/dominio/desk/consultas.ts;apps/api/src/dominio/dicionario-crm.ts;apps/api/src/dominio/distribuicao.ts;apps/api/src/dominio/dominios.ts;apps/api/src/dominio/entrada.ts;apps/api/src/dominio/envio.ts;apps/api/src/dominio/espelho-crm.ts;apps/api/src/dominio/etiquetas.ts;apps/api/src/dominio/fluxo.ts;apps/api/src/dominio/gestao/acoes/atendentes.ts;apps/api/src/dominio/gestao/acoes/comunicacao.ts;apps/api/src/dominio/gestao/acoes/configuracoes.ts;apps/api/src/dominio/gestao/acoes/regras.ts;apps/api/src/dominio/gestao/atendimento.ts;apps/api/src/dominio/gestao/builder-do-fluxo.ts;apps/api/src/dominio/gestao/cabecalho.ts;apps/api/src/dominio/gestao/cadastros.ts;apps/api/src/dominio/gestao/canal-do-fluxo.ts;apps/api/src/dominio/gestao/certificados.ts;apps/api/src/dominio/gestao/ciclo-de-vida-do-fluxo.ts;apps/api/src/dominio/gestao/comunicacao.ts;apps/api/src/dominio/gestao/configuracao-do-fluxo.ts;apps/api/src/dominio/gestao/configuracoes.ts;apps/api/src/dominio/gestao/contrato.ts;apps/api/src/dominio/gestao/equipe-do-fluxo.ts;apps/api/src/dominio/gestao/esforco.ts;apps/api/src/dominio/gestao/historico.ts;apps/api/src/dominio/gestao/implantacao.ts;apps/api/src/dominio/gestao/integracoes.ts;apps/api/src/dominio/gestao/monitoramento.ts;apps/api/src/dominio/gestao/monitoria.ts;apps/api/src/dominio/gestao/palavras-proibidas.ts;apps/api/src/dominio/gestao/passos-da-implantacao.ts;apps/api/src/dominio/gestao/permissoes-do-atendente.ts;apps/api/src/dominio/gestao/prioridade-motor.ts;apps/api/src/dominio/gestao/regra-fila.ts;apps/api/src/dominio/gestao/regras-prioridade.ts;apps/api/src/dominio/gestao/regras-sla.ts;apps/api/src/dominio/gestao/satisfacao.ts;apps/api/src/dominio/gestao/servicos-do-roteador.ts;apps/api/src/dominio/gestao/sla-motor.ts;apps/api/src/dominio/gestao/sla.ts;apps/api/src/dominio/gestao-analise.ts;apps/api/src/dominio/gestao-fluxo.ts;apps/api/src/dominio/importacao-de-contatos.ts;apps/api/src/dominio/instagram/canal.ts;apps/api/src/dominio/instagram/cliente-graph.ts;apps/api/src/dominio/instagram/entrada.ts;apps/api/src/dominio/instagram/renovacao.ts;apps/api/src/dominio/mensagem-ativa.ts;apps/api/src/dominio/messenger/canal.ts;apps/api/src/dominio/messenger/cliente-graph.ts;apps/api/src/dominio/messenger/entrada.ts;apps/api/src/dominio/midia.ts;apps/api/src/dominio/mtls.ts;apps/api/src/dominio/rastreador-de-cliques.ts;apps/api/src/dominio/roteador.ts;apps/api/src/dominio/sso.ts;apps/api/src/dominio/twenty.ts;apps/api/src/dominio/whatsapp/cadastro-embutido.ts;apps/api/src/dominio/whatsapp/canal.ts;apps/api/src/dominio/whatsapp/cliente-graph.ts;apps/api/src/dominio/whatsapp/configuracao-de-webhook.ts;apps/api/src/dominio/whatsapp/configuracao-manual.ts;apps/api/src/dominio/whatsapp/criacao-de-canal.ts;apps/api/src/dominio/whatsapp/desmontagem-de-webhook.ts;apps/api/src/dominio/whatsapp/eventos-de-modelo.ts;apps/api/src/dominio/whatsapp/info-do-numero.ts;apps/api/src/dominio/whatsapp/modelos.ts;apps/api/src/dominio/whatsapp/perfil.ts;apps/api/src/dominio/whatsapp/preferencias.ts;apps/api/src/dominio/whatsapp/reautorizacao.ts;apps/api/src/dominio/whatsapp/saude.ts;apps/api/src/dominio/whatsapp/validacao-da-configuracao-manual.ts;apps/api/src/filas.ts;apps/api/src/paginacao.ts;apps/api/src/provisionar.ts;apps/api/src/webhooks-saida.ts;apps/api/tests/ajuda.ts;apps/api/tests/analise.test.ts;apps/api/tests/anexos-multiplos.test.ts;apps/api/tests/builder-por-fluxo.test.ts;apps/api/tests/cadastros-atendimento.test.ts;apps/api/tests/canais.test.ts;apps/api/tests/canal-do-fluxo.test.ts;apps/api/tests/chave-de-fluxo.test.ts;apps/api/tests/ciclo-de-vida-do-fluxo.test.ts;apps/api/tests/configuracao-do-fluxo.test.ts;apps/api/tests/contas.test.ts;apps/api/tests/contatos-editar.test.ts;apps/api/tests/contrato.test.ts;apps/api/tests/conversa-eventos.test.ts;apps/api/tests/convites.test.ts;apps/api/tests/desk-acoes.test.ts;apps/api/tests/email.test.ts;apps/api/tests/entrada-telefone.test.ts;apps/api/tests/entrada.test.ts;apps/api/tests/envio-sessao.test.ts;apps/api/tests/equipe-do-fluxo.test.ts;apps/api/tests/etiquetas.test.ts;apps/api/tests/fluxo.test.ts;apps/api/tests/gerar-fixtures-jsonb.helper.ts;apps/api/tests/growth.test.ts;apps/api/tests/importacao.test.ts;apps/api/tests/instagram.test.ts;apps/api/tests/integracoes.test.ts;apps/api/tests/jsonb-compat.test.ts;apps/api/tests/mensagens-ativas.test.ts;apps/api/tests/messenger.test.ts;apps/api/tests/midia-recebida.test.ts;apps/api/tests/monitoramento-conversas.test.ts;apps/api/tests/palavras-proibidas.test.ts;apps/api/tests/permissoes-do-atendente.test.ts;apps/api/tests/ponta-a-ponta.test.ts;apps/api/tests/prioridade.test.ts;apps/api/tests/roteador.test.ts;apps/api/tests/sla-motor.test.ts;apps/api/tests/sso.test.ts;apps/api/tests/tempo-real.test.ts;apps/api/tests/transferencia.test.ts;apps/api/tests/twenty.test.ts;apps/workers/src/agregacao.ts;apps/workers/src/entrega.ts;apps/workers/src/gerenciador-de-contatos.ts;apps/workers/src/importacao-de-contatos.ts;apps/workers/src/whatsapp/duble.ts;apps/workers/src/whatsapp/real.ts;packages/db/src/auditoria.ts;packages/db/src/schema/automacao.ts;packages/db/src/schema/comum.ts;packages/db/src/schema/conversas.ts;packages/db/src/schema/crm.ts;packages/db/src/schema/gestao.ts;packages/db/src/schema/identidade.ts;packages/db/src/schema/implantacao.ts;packages/db/src/schema/monitoria.ts;packages/db/src/semente-demo.ts;packages/db/src/semente.ts,no,,D-09,proposed,sonnet,
packages-db-symbol-f9cac309,packages-db,1,symbol,ESCOPOS_PAPEL,SCOPES_ROLE,packages/db/src/schema/identidade.ts:175,3,no,,,proposed,codex1,
packages-db-symbol-c8ffbc41,packages-db,1,symbol,nomeParticao,namePartition,packages/db/src/particoes.ts:24,2,no,,,proposed,codex1,
packages-db-symbol-3cbc934b,packages-db,1,symbol,DO_ATENDENTE,OF_AGENT,packages/db/src/semente.ts:119,2,no,,,proposed,codex1,
packages-db-file-da26e653,packages-db,1,file,0017_conta_por_autosservico.sql,KEEP,packages/db/drizzle/0017_conta_por_autosservico.sql,0,no,,,proposed,codex1,
packages-db-wire-key-564ee811,packages-db,1,wire-key,grupoNome,groupName,,apps/api/src/dominio/gestao/monitoria.ts,no,,D-09,proposed,sonnet,
packages-db-literal-value-8265368c,packages-db,1,literal-value,primeira_resposta,first_response,packages/db/src/schema/comum.ts:72,49,unknown,,,proposed,codex1,
packages-db-wire-key-00ceee5b,packages-db,1,wire-key,contato,contact,,apps/api/src/controladores/catalogo.ts;apps/api/src/controladores/desk.ts;apps/api/src/controladores/etiquetas.ts;apps/api/src/controladores/gestao-fluxo.ts;apps/api/src/dominio/entrada.ts;apps/api/src/dominio/espelho-crm.ts;apps/api/src/dominio/etiquetas.ts;apps/api/src/dominio/gestao/monitoramento.ts;apps/api/src/dominio/gestao/monitoria.ts;apps/api/src/dominio/gestao/sla-motor.ts;apps/api/src/dominio/gestao-analise.ts;apps/api/src/dominio/gestao-fluxo.ts;apps/api/tests/analise.test.ts;apps/api/tests/anexos-multiplos.test.ts;apps/api/tests/canal-do-fluxo.test.ts;apps/api/tests/contatos-editar.test.ts;apps/api/tests/envio-sessao.test.ts;apps/api/tests/etiquetas.test.ts;apps/api/tests/gerar-fixtures-jsonb.helper.ts;apps/api/tests/jsonb-compat.test.ts;apps/api/tests/palavras-proibidas.test.ts;apps/api/tests/ponta-a-ponta.test.ts;apps/api/tests/transferencia.test.ts;packages/db/src/schema/conversas.ts;packages/db/src/schema/crm.ts;packages/db/src/semente-demo.ts;packages/db/src/semente.ts,no,,D-09,proposed,sonnet,
packages-db-symbol-33acfb7b,packages-db,1,symbol,ResultadoSementeDemo,ResultSeedDemo,packages/db/src/semente-demo.ts:95,2,no,,,proposed,codex1,
packages-db-wire-key-e1eb573f,packages-db,1,wire-key,respostaProntaId,responseReadyId,,apps/api/src/dominio/envio.ts;apps/api/src/dominio/gestao/esforco.ts;packages/db/src/semente-demo.ts,no,,D-09,proposed,sonnet,
packages-db-ts-prop-c55b3202,packages-db,1,ts-prop,chaveRelatorio,keyReport,packages/db/src/schema/crm.ts:332,1,no,,,proposed,codex1,sql=chave_relatorio
packages-db-wire-key-44487854,packages-db,1,wire-key,janela_horas,windowHours,,apps/api/tests/mensagens-ativas.test.ts,no,,D-45,proposed,sonnet,
packages-db-wire-key-b737daec,packages-db,1,wire-key,confiancaIa,confidenceAi,,apps/api/src/dominio/gestao/monitoria.ts,no,,D-09,proposed,sonnet,
packages-db-symbol-9137cbf4,packages-db,1,symbol,ESCOPOS_REGRA,SCOPES_RULE,packages/db/src/schema/gestao.ts:178,4,no,,,proposed,codex1,
packages-db-wire-key-382063ac,packages-db,1,wire-key,numeroId,numberId,,apps/api/src/controladores/webhooks-whatsapp.ts;apps/api/src/dominio/gestao-fluxo.ts;apps/api/src/dominio/whatsapp/cadastro-embutido.ts;apps/api/src/dominio/whatsapp/canal.ts;apps/api/src/dominio/whatsapp/configuracao-manual.ts;apps/api/src/dominio/whatsapp/criacao-de-canal.ts;apps/api/src/dominio/whatsapp/perfil.ts;apps/api/src/dominio/whatsapp/reautorizacao.ts;apps/api/src/dominio/whatsapp/saude.ts;apps/api/src/dominio/whatsapp/validacao-da-configuracao-manual.ts;apps/api/tests/canais.test.ts;packages/db/src/schema/conversas.ts,no,,D-09,proposed,sonnet,
packages-db-ts-prop-245dab75,packages-db,1,ts-prop,fechamentoPrevisto,closingExpected,packages/db/src/schema/crm.ts:262,15,no,,,proposed,codex1,sql=fechamento_previsto
packages-db-ts-prop-69b6b1dd,packages-db,1,ts-prop,execucaoId,executionId,packages/db/src/schema/automacao.ts:361,21,no,,,proposed,codex1,sql=execucao_id
packages-db-symbol-f71f2c8c,packages-db,1,symbol,conversasAntigas,conversationsOld,packages/db/src/semente-demo.ts:122,1,no,,,proposed,codex1,
packages-db-ts-prop-4e3477c9,packages-db,1,ts-prop,mensagens,messages,packages/db/src/semente-demo.ts:99,363,no,,,proposed,codex1,
packages-db-literal-value-9c5ac42e,packages-db,1,literal-value,em_atendimento,in_attendance,packages/db/src/schema/comum.ts:40,66,unknown,,,proposed,codex1,
packages-db-symbol-cbe317a5,packages-db,1,symbol,horarioAtendimento,scheduleAttendance,packages/db/src/schema/gestao.ts:279,11,no,,,proposed,codex1,
packages-db-symbol-c8b302a9,packages-db,1,symbol,ORIGENS_IMPORTACAO,ORIGINS_IMPORT,packages/db/src/schema/crm.ts:307,2,no,,,proposed,codex1,
packages-db-ts-prop-401df005,packages-db,1,ts-prop,avaliacaoId,evaluationId,packages/db/src/schema/monitoria.ts:135,3,no,,,proposed,codex1,sql=avaliacao_id
packages-db-literal-value-5e4c0424,packages-db,1,literal-value,condicao,condition,packages/db/src/schema/automacao.ts:252,123,unknown,,,proposed,codex1,
packages-db-literal-value-9a468a70,packages-db,1,literal-value,conversa,conversation,packages/db/src/schema/conversas.ts:484,1270,unknown,,,proposed,codex1,
packages-db-symbol-27466cde,packages-db,1,symbol,calibracaoItem,calibrationItem,packages/db/src/schema/monitoria.ts:183,1,no,,,proposed,codex1,
packages-db-ts-prop-8fdc4c57,packages-db,1,ts-prop,direcao,direction,packages/db/src/schema/conversas.ts:345,175,no,,,proposed,codex1,sql=direcao
packages-db-wire-key-c50cfe63,packages-db,1,wire-key,lida_em,lidaAt,,apps/api/src/controladores/conversas.ts;apps/api/src/dominio/desk/consultas.ts;apps/api/tests/ponta-a-ponta.test.ts;packages/db/src/schema/conversas.ts,no,,D-45,proposed,sonnet,
packages-db-wire-key-be4a24b2,packages-db,1,wire-key,shortName,KEEP,,apps/api/src/dominio/gestao/ciclo-de-vida-do-fluxo.ts;apps/api/src/dominio/gestao/regras-de-nome.ts;apps/api/src/dominio/gestao/servicos-do-roteador.ts;apps/api/src/dominio/gestao-fluxo.ts,no,,D-09,proposed,sonnet,
packages-db-wire-key-d7d88964,packages-db,1,wire-key,plano,plan,,apps/api/src/controladores/entrar.ts;apps/api/src/controladores/minha-conta.ts;apps/api/src/dominio/gestao/acoes/regras.ts;apps/api/src/dominio/gestao/cadastros.ts;apps/api/src/dominio/gestao/configuracoes.ts;apps/api/src/dominio/gestao/regra-fila.ts;apps/api/src/provisionar.ts;apps/api/tests/convites.test.ts;apps/api/tests/entrada.test.ts;apps/workers/tests/telefone-e-csv.test.ts;packages/db/src/schema/identidade.ts,no,,D-09,proposed,sonnet,
packages-db-ts-prop-702ae768,packages-db,1,ts-prop,valorTexto,valueText,packages/db/src/schema/crm.ts:174,10,no,,,proposed,codex1,sql=valor_texto
packages-db-wire-key-ffbab168,packages-db,1,wire-key,enviadas,KEEP,,apps/api/src/dominio/gestao/satisfacao.ts;apps/api/src/dominio/gestao-analise.ts;apps/api/tests/analise.test.ts;apps/api/tests/mensagens-ativas.test.ts,no,,D-45,proposed,sonnet,
packages-db-symbol-0ace7616,packages-db,1,symbol,classificacaoConversa,classificationConversation,packages/db/src/schema/monitoria.ts:249,16,no,,,proposed,codex1,
packages-db-wire-key-8dd7ace4,packages-db,1,wire-key,janela_expira_em,windowExpiresAt,,apps/api/src/controladores/conversas.ts;apps/api/src/dominio/conversa.ts;apps/api/src/dominio/desk/consultas.ts;apps/api/src/dominio/envio.ts;apps/api/tests/mensagens-ativas.test.ts;apps/api/tests/ponta-a-ponta.test.ts;apps/api/tests/transferencia.test.ts;packages/db/src/schema/conversas.ts,no,,D-45,proposed,sonnet,
packages-db-file-99b5a24f,packages-db,1,file,0041_marcacao_de_conversa.sql,KEEP,packages/db/drizzle/0041_marcacao_de_conversa.sql,0,no,,,proposed,codex1,
packages-db-ts-prop-26142c1e,packages-db,1,ts-prop,ativa,active,packages/db/src/schema/conversas.ts:226,340,no,,,proposed,codex1,sql=ativa
packages-db-ts-local-f10c0b1e,packages-db,1,ts-local,valor,value,packages/db/src/tenant.ts:17,1656,no,,,proposed,codex1,
packages-db-ts-prop-7f3d7ff5,packages-db,1,ts-prop,capacidadePadrao,capacityDefault,packages/db/src/schema/conversas.ts:90,37,no,,,proposed,codex1,sql=capacidade_padrao
packages-db-file-498ae927,packages-db,1,file,0014_motor_de_fluxo.sql,KEEP,packages/db/drizzle/0014_motor_de_fluxo.sql,0,no,,,proposed,codex1,
packages-db-ts-prop-2f528a91,packages-db,1,ts-prop,deUsuarioId,ofUserId,packages/db/src/schema/conversas.ts:432,2,no,,,proposed,codex1,sql=de_usuario_id
packages-db-wire-key-4a12bfa6,packages-db,1,wire-key,grupoOrdem,groupOrder,,,no,,D-09,proposed,sonnet,
packages-db-ts-prop-9eeebc51,packages-db,1,ts-prop,valorNum,valueNumber,packages/db/src/schema/crm.ts:175,8,no,,,proposed,codex1,sql=valor_num
packages-db-file-1d9f9fc9,packages-db,1,file,0024_roteador_servicos.sql,KEEP,packages/db/drizzle/0024_roteador_servicos.sql,0,no,,,proposed,codex1,
packages-db-literal-value-8356e83a,packages-db,1,literal-value,oportunidade,opportunity,packages/db/src/schema/crm.ts:341,69,unknown,,,proposed,codex1,
packages-db-literal-value-cfd011e2,packages-db,1,literal-value,regra.gerenciar,KEEP,packages/db/src/semente.ts:43,17,unknown,,,proposed,codex1,
packages-db-literal-value-72444814,packages-db,1,literal-value,contato,contact,packages/db/src/semente.ts:28,1026,unknown,,,proposed,codex1,
packages-db-ts-prop-91d2c998,packages-db,1,ts-prop,atendimentoSeg,attendanceSeg,packages/db/src/schema/gestao.ts:85,10,no,,,proposed,codex1,sql=atendimento_seg
packages-db-ts-local-3f41176e,packages-db,1,ts-local,chaveiro,keyring,packages/db/src/segredo.ts:103,80,no,,,proposed,codex1,
packages-db-file-e971e20e,packages-db,1,file,migrar.ts,migrate.ts,packages/db/src/migrar.ts,2,no,,,proposed,codex1,
packages-db-wire-key-0276afa6,packages-db,1,wire-key,categoria,category,,apps/api/src/dominio/envio.ts;apps/api/src/dominio/gestao/acoes/comunicacao.ts;apps/api/src/dominio/gestao/comunicacao.ts;apps/api/src/dominio/gestao/monitoria.ts;apps/api/src/dominio/gestao-fluxo.ts;apps/api/src/dominio/whatsapp/modelos.ts;apps/api/src/dominio/whatsapp/perfil.ts;apps/api/tests/canais.test.ts;apps/api/tests/email.test.ts;packages/db/src/schema/conversas.ts;packages/db/src/schema/monitoria.ts,no,,D-09,proposed,sonnet,
packages-db-ts-prop-85d54fc5,packages-db,1,ts-prop,tokenVerificacao,tokenVerification,packages/db/src/schema/identidade.ts:408,1,no,,,proposed,codex1,sql=token_verificacao
packages-db-wire-key-64510630,packages-db,1,wire-key,revogadaEm,revokedAt,,apps/api/src/dominio/gestao/integracoes.ts,no,,D-09,proposed,sonnet,
packages-db-wire-key-a88b7dcd,packages-db,1,wire-key,email,KEEP,,apps/api/src/controladores/catalogo.ts;apps/api/src/controladores/contas.ts;apps/api/src/controladores/convites.ts;apps/api/src/controladores/crm.ts;apps/api/src/controladores/entrar.ts;apps/api/src/controladores/minha-conta.ts;apps/api/src/controladores/sso.ts;apps/api/src/dominio/construtor-de-conta.ts;apps/api/src/dominio/convites.ts;apps/api/src/dominio/desk/consultas.ts;apps/api/src/dominio/email.ts;apps/api/src/dominio/espelho-crm.ts;apps/api/src/dominio/fluxo.ts;apps/api/src/dominio/gestao/cadastros.ts;apps/api/src/dominio/gestao/contrato.ts;apps/api/src/dominio/gestao/equipe-do-fluxo.ts;apps/api/src/dominio/gestao/permissoes-do-atendente.ts;apps/api/src/dominio/gestao/regra-fila.ts;apps/api/src/dominio/gestao-fluxo.ts;apps/api/src/dominio/twenty.ts;apps/api/src/dominio/whatsapp/eventos-de-modelo.ts;apps/api/src/dominio/whatsapp/perfil.ts;apps/api/tests/canais.test.ts;apps/api/tests/contas.test.ts;apps/api/tests/contatos-editar.test.ts;apps/api/tests/contrato.test.ts;apps/api/tests/convites.test.ts;apps/api/tests/email.test.ts;apps/api/tests/equipe-do-fluxo.test.ts;apps/api/tests/importacao.test.ts;apps/workers/src/gerenciador-de-contatos.ts;apps/workers/src/importacao-de-contatos.ts;apps/workers/tests/telefone-e-csv.test.ts;packages/db/src/schema/comum.ts;packages/db/src/schema/conversas.ts;packages/db/src/schema/crm.ts;packages/db/src/schema/identidade.ts;packages/db/src/semente-demo.ts;packages/contracts/src/desk.ts,no,,D-09,proposed,sonnet,
packages-db-literal-value-1cdc26ec,packages-db,1,literal-value,contato,contact,packages/db/src/schema/conversas.ts:262,1026,unknown,,,proposed,codex1,
packages-db-symbol-c9bddb99,packages-db,1,symbol,ESTADOS_FLUXO_VERSAO,STATES_FLOW_VERSION,packages/db/src/schema/automacao.ts:221,2,no,,,proposed,codex1,
packages-db-symbol-695691aa,packages-db,1,symbol,ESTADOS_EXECUCAO,STATES_EXECUTION,packages/db/src/schema/automacao.ts:313,3,no,,,proposed,codex1,
packages-db-ts-local-903e6a1b,packages-db,1,ts-local,descricao,description,packages/db/src/semente.ts:320,299,no,,,proposed,codex1,
packages-db-literal-value-d9983d01,packages-db,1,literal-value,automacao.integracao.gerenciar,KEEP,packages/db/src/semente.ts:194,11,unknown,,,proposed,codex1,
packages-db-symbol-6d375c5a,packages-db,1,symbol,canalWhatsId,channelWhatsId,packages/db/src/semente-demo.ts:236,6,no,,,proposed,codex1,
packages-db-literal-value-2b33e8b3,packages-db,1,literal-value,excluiu,KEEP,packages/db/src/auditoria.ts:44,0,unknown,,D-09,proposed,sonnet,jsonb:logAuditoria.antes;jsonb:logAuditoria.depois
packages-db-ts-prop-2af8ab52,packages-db,1,ts-prop,cidade,city,packages/db/src/schema/identidade.ts:126,27,no,,,proposed,codex1,sql=cidade
packages-db-literal-value-ef0b8711,packages-db,1,literal-value,enviar_mensagem,send_message,packages/db/src/schema/automacao.ts:446,1,unknown,,,proposed,codex1,
packages-tempo-real-test-title-d5722a93,packages-tempo-real,1,test-title,troca http por ws e https por wss,swap http by ws and https by wss,packages/tempo-real/tests/tempo-real.test.ts:55,0,no,,,proposed,codex1,
packages-tempo-real-file-403647e2,packages-tempo-real,1,file,tempo-real.test.ts,time-real.test.ts,packages/tempo-real/tests/tempo-real.test.ts,0,no,,,proposed,codex1,
packages-tempo-real-test-title-a94205f6,packages-tempo-real,1,test-title,a URL do canal,a URL of channel,packages/tempo-real/tests/tempo-real.test.ts:54,0,no,,,proposed,codex1,
packages-tempo-real-test-title-2eb5bfe6,packages-tempo-real,1,test-title,zera o backoff depois de uma ligação que deu certo,resets o backoff after of uma connection that gave correct,packages/tempo-real/tests/tempo-real.test.ts:174,0,no,,,proposed,codex1,
workers-test-title-7dbc5ab6,workers,2,test-title,monta os componentes sem mídia,assembles os components without media,apps/workers/tests/whatsapp.test.ts:78,0,no,,,proposed,codex1,
workers-ts-local-d4eda634,workers,2,ts-local,midia,media,apps/workers/src/whatsapp/midia.ts:103,31,no,,,proposed,codex1,
workers-symbol-7deb6384,workers,2,symbol,ComponenteCloudApi,ComponentCloudApi,apps/workers/src/whatsapp/template.ts:52,3,no,,,proposed,codex1,
workers-test-title-ffc627c3,workers,2,test-title,telefone digitado por gente → E.164 (acréscimo do Pipe),phone typed by people → and.164 (addition of Pipe),apps/workers/tests/telefone-e-csv.test.ts:41,0,no,,,proposed,codex1,
workers-symbol-be96a263,workers,2,symbol,grupos,groups,apps/workers/src/agregacao.ts:226,85,no,,,proposed,codex1,
workers-ts-local-e3db1d19,workers,2,ts-local,tokenAcesso,tokenAccess,apps/workers/src/instagram.ts:65,75,no,,,proposed,codex1,
workers-symbol-9b9e8db6,workers,2,symbol,CredenciaisInstagram,CredentialsInstagram,apps/workers/src/instagram.ts:15,2,no,,,proposed,codex1,
workers-file-86ed81a1,workers,2,file,gerenciador-de-contatos.ts,manager-of-contacts.ts,apps/workers/src/gerenciador-de-contatos.ts,1,no,,,proposed,codex1,
workers-literal-value-7d3fe858,workers,2,literal-value,imagem,image,apps/workers/tests/whatsapp.test.ts:15,218,unknown,,,proposed,codex1,
workers-symbol-28a4eadc,workers,2,symbol,FILA_AGREGACAO,QUEUE_AGGREGATION,apps/workers/src/filas.ts:13,4,no,,,proposed,codex1,
workers-test-title-3d3b42b3,workers,2,test-title,decifra o token do canal antes de mandar para a Meta,decrypts o token of channel before of mandar for a Meta,apps/workers/tests/credenciais.test.ts:11,0,no,,,proposed,codex1,
workers-symbol-efd01e86,workers,2,symbol,formato,format,apps/workers/src/whatsapp/interativo.ts:58,270,no,,,proposed,codex1,
workers-ts-prop-4f49567d,workers,2,ts-prop,credenciais,credentials,apps/workers/src/instagram.ts:30,34,no,,,proposed,codex1,
workers-ts-local-6e041c73,workers,2,ts-local,chave,key,apps/workers/src/entrega.ts:421,1153,no,,,proposed,codex1,
workers-symbol-889725f8,workers,2,symbol,deslocamento,offset,apps/workers/src/whatsapp/template.ts:24,34,no,,,proposed,codex1,
workers-ts-prop-d02a7c24,workers,2,ts-prop,nomeArquivo,nameFile,apps/workers/src/whatsapp/cliente.ts:35,5,no,,,proposed,codex1,
workers-symbol-779cb4c8,workers,2,symbol,montarContato,assembleContact,apps/workers/src/gerenciador-de-contatos.ts:121,3,no,,,proposed,codex1,
workers-job-name-ceacb869,workers,2,job-name,varredura-outbox,sweep-outbox,apps/workers/src/main.ts:68,8,unknown,,D-10,proposed,sonnet,
workers-literal-value-a6dfd4b9,workers,2,literal-value,documento,document,apps/workers/src/whatsapp/midia.ts:15,217,unknown,,,proposed,codex1,
workers-test-title-74100d89,workers,2,test-title,o mapa de posições mostra onde cada variável vai,o mapa of positions mostra where each variable goes,apps/workers/tests/whatsapp.test.ts:67,0,no,,,proposed,codex1,
workers-file-cf4c6514,workers,2,file,filas.ts,queues.ts,apps/workers/src/filas.ts,32,no,,,proposed,codex1,
workers-ts-prop-b38e64da,workers,2,ts-prop,estado,state,apps/workers/src/importacao-de-contatos.ts:83,1269,no,,,proposed,codex1,
workers-ts-prop-6e17cf74,workers,2,ts-prop,erroTexto,errorText,apps/workers/src/entrega.ts:72,10,no,,,proposed,codex1,
workers-ts-local-efea9ebd,workers,2,ts-local,erro,error,apps/workers/src/entrega.ts:186,1478,no,,,proposed,codex1,
workers-ts-prop-66289599,workers,2,ts-prop,anexo_nome,attachmentName,apps/workers/src/entrega.ts:65,2,no,,,proposed,codex1,
