file,line,kind,token,snippet,category,exception_ref
apps/crm/seed/seed-crm.ts,4,identifier,faixa,"import { calcularScore, type Expressao, type FaixaScore, type RegraScore } from '@pipe/core';",,
apps/crm/seed/seed-crm.ts,4,identifier,regra,"import { calcularScore, type Expressao, type FaixaScore, type RegraScore } from '@pipe/core';",,
apps/crm/seed/seed-crm.ts,13,identifier,etiqueta,"etiqueta,",,
apps/crm/seed/seed-crm.ts,14,identifier,faixa,"faixaScore,",,
apps/crm/seed/seed-crm.ts,18,identifier,versao,"formularioVersao,",,
apps/crm/seed/seed-crm.ts,21,identifier,regra,"regraScore,",,
apps/crm/seed/seed-crm.ts,69,identifier,entre,"const entre = (min: number, max: number) => min + rnd() * (max - min);",,
apps/crm/seed/seed-crm.ts,77,identifier,regra,const VERSAO_REGRA = 4;,,
apps/crm/seed/seed-crm.ts,77,identifier,versao,const VERSAO_REGRA = 4;,,
apps/crm/seed/seed-crm.ts,79,identifier,origens,const ORIGENS = [,,
apps/crm/seed/seed-crm.ts,82,literal-value,indicacao,"'Indicação',",,
apps/crm/seed/seed-crm.ts,91,identifier,indicacao,"Indicação: null,",,
apps/crm/seed/seed-crm.ts,107,identifier,dominio,"{ nome: 'Almeida Participações', dominio: 'almeidapar.com.br' },",,
apps/crm/seed/seed-crm.ts,107,literal-value,com,"{ nome: 'Almeida Participações', dominio: 'almeidapar.com.br' },",,
apps/crm/seed/seed-crm.ts,107,literal-value,participacoes,"{ nome: 'Almeida Participações', dominio: 'almeidapar.com.br' },",,
apps/crm/seed/seed-crm.ts,108,identifier,dominio,"{ nome: 'Barreto Engenharia', dominio: 'barretoeng.com.br' },",,
apps/crm/seed/seed-crm.ts,108,literal-value,com,"{ nome: 'Barreto Engenharia', dominio: 'barretoeng.com.br' },",,
apps/crm/seed/seed-crm.ts,109,identifier,dominio,"{ nome: 'Clínica Vida Plena', dominio: 'vidaplena.med.br' },",,
apps/crm/seed/seed-crm.ts,109,literal-value,vida,"{ nome: 'Clínica Vida Plena', dominio: 'vidaplena.med.br' },",,
apps/crm/seed/seed-crm.ts,110,identifier,dominio,"{ nome: 'Coelho Transportes', dominio: 'coelhotransportes.com.br' },",,
apps/crm/seed/seed-crm.ts,110,literal-value,com,"{ nome: 'Coelho Transportes', dominio: 'coelhotransportes.com.br' },",,
apps/crm/seed/seed-crm.ts,111,identifier,dominio,"{ nome: 'Cordeiro Alimentos', dominio: 'cordeiroalimentos.com.br' },",,
apps/crm/seed/seed-crm.ts,111,literal-value,alimentos,"{ nome: 'Cordeiro Alimentos', dominio: 'cordeiroalimentos.com.br' },",,
apps/crm/seed/seed-crm.ts,111,literal-value,com,"{ nome: 'Cordeiro Alimentos', dominio: 'cordeiroalimentos.com.br' },",,
apps/crm/seed/seed-crm.ts,111,literal-value,cordeiro,"{ nome: 'Cordeiro Alimentos', dominio: 'cordeiroalimentos.com.br' },",,
apps/crm/seed/seed-crm.ts,111,literal-value,cordeiroalimentos,"{ nome: 'Cordeiro Alimentos', dominio: 'cordeiroalimentos.com.br' },",,
apps/crm/seed/seed-crm.ts,112,identifier,dominio,"{ nome: 'Faria Contabilidade', dominio: 'fariacontabil.com.br' },",,
apps/crm/seed/seed-crm.ts,112,literal-value,com,"{ nome: 'Faria Contabilidade', dominio: 'fariacontabil.com.br' },",,
apps/crm/seed/seed-crm.ts,112,literal-value,contabilidade,"{ nome: 'Faria Contabilidade', dominio: 'fariacontabil.com.br' },",,
apps/crm/seed/seed-crm.ts,113,identifier,dominio,"{ nome: 'Matos Comércio de Peças', dominio: 'matospecas.com.br' },",,
apps/crm/seed/seed-crm.ts,113,literal-value,com,"{ nome: 'Matos Comércio de Peças', dominio: 'matospecas.com.br' },",,
apps/crm/seed/seed-crm.ts,114,identifier,dominio,"{ nome: 'Moura Agro', dominio: 'mouraagro.com.br' },",,
apps/crm/seed/seed-crm.ts,114,literal-value,com,"{ nome: 'Moura Agro', dominio: 'mouraagro.com.br' },",,
apps/crm/seed/seed-crm.ts,115,identifier,dominio,"{ nome: 'Muniz Consultoria', dominio: 'munizconsult.com.br' },",,
apps/crm/seed/seed-crm.ts,115,literal-value,com,"{ nome: 'Muniz Consultoria', dominio: 'munizconsult.com.br' },",,
apps/crm/seed/seed-crm.ts,116,identifier,dominio,"{ nome: 'Nunes Tecnologia', dominio: 'nunestec.com.br' },",,
apps/crm/seed/seed-crm.ts,116,literal-value,com,"{ nome: 'Nunes Tecnologia', dominio: 'nunestec.com.br' },",,
apps/crm/seed/seed-crm.ts,117,identifier,dominio,"{ nome: 'Prates Imóveis', dominio: 'pratesimoveis.com.br' },",,
apps/crm/seed/seed-crm.ts,117,literal-value,com,"{ nome: 'Prates Imóveis', dominio: 'pratesimoveis.com.br' },",,
apps/crm/seed/seed-crm.ts,118,identifier,dominio,"{ nome: 'Rezende Educação', dominio: 'rezendeeducacao.com.br' },",,
apps/crm/seed/seed-crm.ts,118,literal-value,com,"{ nome: 'Rezende Educação', dominio: 'rezendeeducacao.com.br' },",,
apps/crm/seed/seed-crm.ts,118,literal-value,educacao,"{ nome: 'Rezende Educação', dominio: 'rezendeeducacao.com.br' },",,
apps/crm/seed/seed-crm.ts,118,literal-value,rezendeeducacao,"{ nome: 'Rezende Educação', dominio: 'rezendeeducacao.com.br' },",,
apps/crm/seed/seed-crm.ts,119,identifier,dominio,"{ nome: 'Ribeiro Logística', dominio: 'ribeirolog.com.br' },",,
apps/crm/seed/seed-crm.ts,119,literal-value,com,"{ nome: 'Ribeiro Logística', dominio: 'ribeirolog.com.br' },",,
apps/crm/seed/seed-crm.ts,119,literal-value,ribeiro,"{ nome: 'Ribeiro Logística', dominio: 'ribeirolog.com.br' },",,
apps/crm/seed/seed-crm.ts,120,identifier,dominio,"{ nome: 'Salgado Indústria', dominio: 'salgadoind.com.br' },",,
apps/crm/seed/seed-crm.ts,120,literal-value,com,"{ nome: 'Salgado Indústria', dominio: 'salgadoind.com.br' },",,
apps/crm/seed/seed-crm.ts,129,literal-value,fechamento,"const FASES = ['Novo', 'Qualificado', 'Reunião', 'Proposta', 'Fechamento'] as const;",,
apps/crm/seed/seed-crm.ts,135,identifier,fechamento,"Fechamento: 85,",,
apps/crm/seed/seed-crm.ts,142,identifier,pontos,const REGRAS: { nome: string; pontos: number; condition: Expressao }[] = [,,
apps/crm/seed/seed-crm.ts,142,identifier,regras,const REGRAS: { nome: string; pontos: number; condition: Expressao }[] = [,,
apps/crm/seed/seed-crm.ts,145,identifier,pontos,"pontos: 30,",,
apps/crm/seed/seed-crm.ts,146,identifier,campo,"condition: { campo: 'patrimonio', operador: 'maior_igual', valor: 500_000 },",,
apps/crm/seed/seed-crm.ts,146,identifier,operador,"condition: { campo: 'patrimonio', operador: 'maior_igual', valor: 500_000 },",,
apps/crm/seed/seed-crm.ts,146,identifier,valor,"condition: { campo: 'patrimonio', operador: 'maior_igual', valor: 500_000 },",,
apps/crm/seed/seed-crm.ts,150,identifier,pontos,"pontos: 22,",,
apps/crm/seed/seed-crm.ts,152,identifier,combinador,"combinador: 'e',",,
apps/crm/seed/seed-crm.ts,153,identifier,condicoes,condicoes: [,,
apps/crm/seed/seed-crm.ts,154,identifier,campo,"{ campo: 'patrimonio', operador: 'maior_igual', valor: 250_000 },",,
apps/crm/seed/seed-crm.ts,154,identifier,operador,"{ campo: 'patrimonio', operador: 'maior_igual', valor: 250_000 },",,
apps/crm/seed/seed-crm.ts,154,identifier,valor,"{ campo: 'patrimonio', operador: 'maior_igual', valor: 250_000 },",,
apps/crm/seed/seed-crm.ts,155,identifier,campo,"{ campo: 'patrimonio', operador: 'menor', valor: 500_000 },",,
apps/crm/seed/seed-crm.ts,155,identifier,operador,"{ campo: 'patrimonio', operador: 'menor', valor: 500_000 },",,
apps/crm/seed/seed-crm.ts,155,identifier,valor,"{ campo: 'patrimonio', operador: 'menor', valor: 500_000 },",,
apps/crm/seed/seed-crm.ts,161,identifier,pontos,"pontos: 18,",,
apps/crm/seed/seed-crm.ts,162,identifier,campo,"condition: { campo: 'diagnostico_completo', operador: 'igual', valor: true },",,
apps/crm/seed/seed-crm.ts,162,identifier,operador,"condition: { campo: 'diagnostico_completo', operador: 'igual', valor: true },",,
apps/crm/seed/seed-crm.ts,162,identifier,valor,"condition: { campo: 'diagnostico_completo', operador: 'igual', valor: true },",,
apps/crm/seed/seed-crm.ts,166,identifier,pontos,"pontos: 14,",,
apps/crm/seed/seed-crm.ts,167,identifier,campo,"condition: { campo: 'origem', operador: 'igual', valor: 'Indicação' },",,
apps/crm/seed/seed-crm.ts,167,identifier,operador,"condition: { campo: 'origem', operador: 'igual', valor: 'Indicação' },",,
apps/crm/seed/seed-crm.ts,167,identifier,valor,"condition: { campo: 'origem', operador: 'igual', valor: 'Indicação' },",,
apps/crm/seed/seed-crm.ts,171,identifier,pontos,"pontos: 12,",,
apps/crm/seed/seed-crm.ts,172,identifier,campo,"condition: { campo: 'interesse_plano', operador: 'igual', valor: 'anual' },",,
apps/crm/seed/seed-crm.ts,172,identifier,operador,"condition: { campo: 'interesse_plano', operador: 'igual', valor: 'anual' },",,
apps/crm/seed/seed-crm.ts,172,identifier,valor,"condition: { campo: 'interesse_plano', operador: 'igual', valor: 'anual' },",,
apps/crm/seed/seed-crm.ts,176,identifier,pontos,"pontos: 10,",,
apps/crm/seed/seed-crm.ts,178,identifier,campo,"campo: 'origem',",,
apps/crm/seed/seed-crm.ts,179,identifier,operador,"operador: 'em',",,
apps/crm/seed/seed-crm.ts,180,identifier,valor,"valor: ['Anúncio Meta', 'Anúncio Google'],",,
apps/crm/seed/seed-crm.ts,185,identifier,pontos,"pontos: 8,",,
apps/crm/seed/seed-crm.ts,187,identifier,combinador,"combinador: 'e',",,
apps/crm/seed/seed-crm.ts,188,identifier,condicoes,condicoes: [,,
apps/crm/seed/seed-crm.ts,189,identifier,campo,"{ campo: 'idade', operador: 'maior_igual', valor: 35 },",,
apps/crm/seed/seed-crm.ts,189,identifier,operador,"{ campo: 'idade', operador: 'maior_igual', valor: 35 },",,
apps/crm/seed/seed-crm.ts,189,identifier,valor,"{ campo: 'idade', operador: 'maior_igual', valor: 35 },",,
apps/crm/seed/seed-crm.ts,190,identifier,campo,"{ campo: 'idade', operador: 'menor_igual', valor: 50 },",,
apps/crm/seed/seed-crm.ts,190,identifier,operador,"{ campo: 'idade', operador: 'menor_igual', valor: 50 },",,
apps/crm/seed/seed-crm.ts,190,identifier,valor,"{ campo: 'idade', operador: 'menor_igual', valor: 50 },",,
apps/crm/seed/seed-crm.ts,196,identifier,pontos,"pontos: 5,",,
apps/crm/seed/seed-crm.ts,197,identifier,campo,"condition: { campo: 'whatsapp_confirmado', operador: 'igual', valor: true },",,
apps/crm/seed/seed-crm.ts,197,identifier,operador,"condition: { campo: 'whatsapp_confirmado', operador: 'igual', valor: true },",,
apps/crm/seed/seed-crm.ts,197,identifier,valor,"condition: { campo: 'whatsapp_confirmado', operador: 'igual', valor: true },",,
apps/crm/seed/seed-crm.ts,201,identifier,pontos,"pontos: -6,",,
apps/crm/seed/seed-crm.ts,202,identifier,campo,"condition: { campo: 'respondeu_campanha_julho', operador: 'igual', valor: false },",,
apps/crm/seed/seed-crm.ts,202,identifier,operador,"condition: { campo: 'respondeu_campanha_julho', operador: 'igual', valor: false },",,
apps/crm/seed/seed-crm.ts,202,identifier,valor,"condition: { campo: 'respondeu_campanha_julho', operador: 'igual', valor: false },",,
apps/crm/seed/seed-crm.ts,206,identifier,pontos,"pontos: -4,",,
apps/crm/seed/seed-crm.ts,207,identifier,campo,"condition: { campo: 'origem', operador: 'igual', valor: 'Importado RD' },",,
apps/crm/seed/seed-crm.ts,207,identifier,operador,"condition: { campo: 'origem', operador: 'igual', valor: 'Importado RD' },",,
apps/crm/seed/seed-crm.ts,207,identifier,valor,"condition: { campo: 'origem', operador: 'igual', valor: 'Importado RD' },",,
apps/crm/seed/seed-crm.ts,211,identifier,faixas,const FAIXAS: { nome: string; minimo: number; maximo: number; queue: string | null; estrategia: string }[] =,,
apps/crm/seed/seed-crm.ts,211,identifier,maximo,const FAIXAS: { nome: string; minimo: number; maximo: number; queue: string | null; estrategia: string }[] =,,
apps/crm/seed/seed-crm.ts,211,identifier,minimo,const FAIXAS: { nome: string; minimo: number; maximo: number; queue: string | null; estrategia: string }[] =,,
apps/crm/seed/seed-crm.ts,213,identifier,maximo,"{ nome: 'Nutrição', minimo: 0, maximo: 39, queue: null, estrategia: 'nenhuma' },",,
apps/crm/seed/seed-crm.ts,213,identifier,minimo,"{ nome: 'Nutrição', minimo: 0, maximo: 39, queue: null, estrategia: 'nenhuma' },",,
apps/crm/seed/seed-crm.ts,214,identifier,maximo,"{ nome: 'Comercial', minimo: 40, maximo: 59, queue: 'Comercial', estrategia: 'rodizio' },",,
apps/crm/seed/seed-crm.ts,214,identifier,minimo,"{ nome: 'Comercial', minimo: 40, maximo: 59, queue: 'Comercial', estrategia: 'rodizio' },",,
apps/crm/seed/seed-crm.ts,215,identifier,maximo,"{ nome: 'Closer', minimo: 60, maximo: 100, queue: 'Closer', estrategia: 'menor_carga' },",,
apps/crm/seed/seed-crm.ts,215,identifier,minimo,"{ nome: 'Closer', minimo: 60, maximo: 100, queue: 'Closer', estrategia: 'menor_carga' },",,
apps/crm/seed/seed-crm.ts,219,identifier,faixas,"const FAIXAS_MOTOR: FaixaScore[] = FAIXAS.map((f, i) => ({",,
apps/crm/seed/seed-crm.ts,221,identifier,minimo,"minimo: f.minimo,",,
apps/crm/seed/seed-crm.ts,222,identifier,maximo,"maximo: i === FAIXAS.length - 1 ? null : f.maximo,",,
apps/crm/seed/seed-crm.ts,227,identifier,codigo,"codigo: 'patrimonio_faixa',",,
apps/crm/seed/seed-crm.ts,227,literal-value,faixa,"codigo: 'patrimonio_faixa',",,
apps/crm/seed/seed-crm.ts,229,literal-value,selecao,"tipo: 'selecao_unica',",,
apps/crm/seed/seed-crm.ts,234,identifier,codigo,"codigo: 'objetivo',",,
apps/crm/seed/seed-crm.ts,236,literal-value,selecao,"tipo: 'selecao_unica',",,
apps/crm/seed/seed-crm.ts,241,identifier,codigo,"codigo: 'ja_investe',",,
apps/crm/seed/seed-crm.ts,248,identifier,codigo,"codigo: 'renda_mensal',",,
apps/crm/seed/seed-crm.ts,255,identifier,codigo,"codigo: 'horizonte',",,
apps/crm/seed/seed-crm.ts,256,literal-value,investimento,"rotulo: 'Horizonte de investimento',",,
apps/crm/seed/seed-crm.ts,257,literal-value,selecao,"tipo: 'selecao_unica',",,
apps/crm/seed/seed-crm.ts,258,literal-value,mais,"options: ['Menos de 2 anos', '2 a 5 anos', 'Mais de 5 anos'],",,
apps/crm/seed/seed-crm.ts,258,literal-value,menos,"options: ['Menos de 2 anos', '2 a 5 anos', 'Mais de 5 anos'],",,
apps/crm/seed/seed-crm.ts,267,identifier,codigo,"codigo: 'perfil_risco',",,
apps/crm/seed/seed-crm.ts,267,literal-value,perfil,"codigo: 'perfil_risco',",,
apps/crm/seed/seed-crm.ts,267,literal-value,risco,"codigo: 'perfil_risco',",,
apps/crm/seed/seed-crm.ts,268,literal-value,perfil,"rotulo: 'Perfil de risco',",,
apps/crm/seed/seed-crm.ts,268,literal-value,risco,"rotulo: 'Perfil de risco',",,
apps/crm/seed/seed-crm.ts,269,literal-value,selecao,"tipo: 'selecao_unica',",,
apps/crm/seed/seed-crm.ts,274,identifier,codigo,"codigo: 'aporte_mensal',",,
apps/crm/seed/seed-crm.ts,282,identifier,plano,const PERGUNTAS_PLANO = [,,
apps/crm/seed/seed-crm.ts,284,identifier,codigo,"codigo: 'plano',",,
apps/crm/seed/seed-crm.ts,284,literal-value,plano,"codigo: 'plano',",,
apps/crm/seed/seed-crm.ts,285,literal-value,interesse,"rotulo: 'Plano de interesse',",,
apps/crm/seed/seed-crm.ts,285,literal-value,plano,"rotulo: 'Plano de interesse',",,
apps/crm/seed/seed-crm.ts,286,literal-value,selecao,"tipo: 'selecao_unica',",,
apps/crm/seed/seed-crm.ts,287,literal-value,ainda,"options: ['Mensal', 'Anual', 'Ainda não sei'],",,
apps/crm/seed/seed-crm.ts,287,literal-value,nao,"options: ['Mensal', 'Anual', 'Ainda não sei'],",,
apps/crm/seed/seed-crm.ts,291,identifier,codigo,"codigo: 'inicio_previsto',",,
apps/crm/seed/seed-crm.ts,298,identifier,codigo,"codigo: 'observacao',",,
apps/crm/seed/seed-crm.ts,298,literal-value,observacao,"codigo: 'observacao',",,
apps/crm/seed/seed-crm.ts,299,literal-value,acompanhamento,"rotulo: 'O que você espera do acompanhamento?',",,
apps/crm/seed/seed-crm.ts,300,literal-value,texto,"tipo: 'texto_longo',",,
apps/crm/seed/seed-crm.ts,306,identifier,etiquetas,const ETIQUETAS_CRM = [,,
apps/crm/seed/seed-crm.ts,307,identifier,cor,"{ nome: 'Perfil investidor', cor: '#4A5D23' },",,
apps/crm/seed/seed-crm.ts,307,literal-value,perfil,"{ nome: 'Perfil investidor', cor: '#4A5D23' },",,
apps/crm/seed/seed-crm.ts,308,identifier,cor,"{ nome: 'Alto ticket', cor: '#9A7420' },",,
apps/crm/seed/seed-crm.ts,309,identifier,cor,"{ nome: 'Recompra', cor: '#2E4A5D' },",,
apps/crm/seed/seed-crm.ts,310,identifier,cor,"{ nome: 'Frio', cor: '#7A7970' },",,
apps/crm/seed/seed-crm.ts,313,identifier,notas,const NOTAS = [,,
apps/crm/seed/seed-crm.ts,314,literal-value,depois,"'Pediu para retomar depois do fechamento do mês.',",,
apps/crm/seed/seed-crm.ts,314,literal-value,fechamento,"'Pediu para retomar depois do fechamento do mês.',",,
apps/crm/seed/seed-crm.ts,314,literal-value,para,"'Pediu para retomar depois do fechamento do mês.',",,
apps/crm/seed/seed-crm.ts,315,literal-value,antes,"'Quer entender a diferença entre o plano mensal e o anual antes de decidir.',",,
apps/crm/seed/seed-crm.ts,315,literal-value,entre,"'Quer entender a diferença entre o plano mensal e o anual antes de decidir.',",,
apps/crm/seed/seed-crm.ts,315,literal-value,plano,"'Quer entender a diferença entre o plano mensal e o anual antes de decidir.',",,
apps/crm/seed/seed-crm.ts,315,literal-value,quer,"'Quer entender a diferença entre o plano mensal e o anual antes de decidir.',",,
apps/crm/seed/seed-crm.ts,316,literal-value,banco,"'Já tem assessor no banco e está insatisfeito com a rentabilidade.',",,
apps/crm/seed/seed-crm.ts,316,literal-value,com,"'Já tem assessor no banco e está insatisfeito com a rentabilidade.',",,
apps/crm/seed/seed-crm.ts,316,literal-value,esta,"'Já tem assessor no banco e está insatisfeito com a rentabilidade.',",,
apps/crm/seed/seed-crm.ts,316,literal-value,rentabilidade,"'Já tem assessor no banco e está insatisfeito com a rentabilidade.',",,
apps/crm/seed/seed-crm.ts,317,literal-value,horario,"'Preferiu conversar por WhatsApp, não atende ligação em horário comercial.',",,
apps/crm/seed/seed-crm.ts,317,literal-value,ligacao,"'Preferiu conversar por WhatsApp, não atende ligação em horário comercial.',",,
apps/crm/seed/seed-crm.ts,317,literal-value,nao,"'Preferiu conversar por WhatsApp, não atende ligação em horário comercial.',",,
apps/crm/seed/seed-crm.ts,317,literal-value,por,"'Preferiu conversar por WhatsApp, não atende ligação em horário comercial.',",,
apps/crm/seed/seed-crm.ts,318,literal-value,conversa,"'Achou o valor alto na primeira conversa; vale mostrar o caso do plano anual.',",,
apps/crm/seed/seed-crm.ts,318,literal-value,plano,"'Achou o valor alto na primeira conversa; vale mostrar o caso do plano anual.',",,
apps/crm/seed/seed-crm.ts,318,literal-value,primeira,"'Achou o valor alto na primeira conversa; vale mostrar o caso do plano anual.',",,
apps/crm/seed/seed-crm.ts,318,literal-value,valor,"'Achou o valor alto na primeira conversa; vale mostrar o caso do plano anual.',",,
apps/crm/seed/seed-crm.ts,319,literal-value,quer,"'Vai receber a rescisão em outubro e quer planejar o aporte.',",,
apps/crm/seed/seed-crm.ts,319,literal-value,receber,"'Vai receber a rescisão em outubro e quer planejar o aporte.',",,
apps/crm/seed/seed-crm.ts,319,literal-value,vai,"'Vai receber a rescisão em outubro e quer planejar o aporte.',",,
apps/crm/seed/seed-crm.ts,320,literal-value,decisao,"'Sócio da empresa entra na decisão; pediu proposta por e-mail.',",,
apps/crm/seed/seed-crm.ts,320,literal-value,entra,"'Sócio da empresa entra na decisão; pediu proposta por e-mail.',",,
apps/crm/seed/seed-crm.ts,320,literal-value,por,"'Sócio da empresa entra na decisão; pediu proposta por e-mail.',",,
apps/crm/seed/seed-crm.ts,324,literal-value,administracao,'Cliente perguntou sobre taxa de administração e prazo de resgate. Atendente explicou as duas coisas e enviou a lâmina. ,,
apps/crm/seed/seed-crm.ts,324,literal-value,atendente,'Cliente perguntou sobre taxa de administração e prazo de resgate. Atendente explicou as duas coisas e enviou a lâmina. ,,
apps/crm/seed/seed-crm.ts,324,literal-value,duas,'Cliente perguntou sobre taxa de administração e prazo de resgate. Atendente explicou as duas coisas e enviou a lâmina. ,,
apps/crm/seed/seed-crm.ts,324,literal-value,ficou,'Cliente perguntou sobre taxa de administração e prazo de resgate. Atendente explicou as duas coisas e enviou a lâmina. ,,
apps/crm/seed/seed-crm.ts,324,literal-value,sobre,'Cliente perguntou sobre taxa de administração e prazo de resgate. Atendente explicou as duas coisas e enviou a lâmina. ,,
apps/crm/seed/seed-crm.ts,324,literal-value,taxa,'Cliente perguntou sobre taxa de administração e prazo de resgate. Atendente explicou as duas coisas e enviou a lâmina. ,,
apps/crm/seed/seed-crm.ts,325,literal-value,atendente,"'Pedido de simulação para aporte de R$ 30 mil. Atendente registrou o pedido e prometeu retorno em 24h.',",,
apps/crm/seed/seed-crm.ts,325,literal-value,para,"'Pedido de simulação para aporte de R$ 30 mil. Atendente registrou o pedido e prometeu retorno em 24h.',",,
apps/crm/seed/seed-crm.ts,325,literal-value,pedido,"'Pedido de simulação para aporte de R$ 30 mil. Atendente registrou o pedido e prometeu retorno em 24h.',",,
apps/crm/seed/seed-crm.ts,325,literal-value,retorno,"'Pedido de simulação para aporte de R$ 30 mil. Atendente registrou o pedido e prometeu retorno em 24h.',",,
apps/crm/seed/seed-crm.ts,325,literal-value,simulacao,"'Pedido de simulação para aporte de R$ 30 mil. Atendente registrou o pedido e prometeu retorno em 24h.',",,
apps/crm/seed/seed-crm.ts,326,literal-value,atendente,"'Reclamação sobre demora no cadastro. Atendente checou com o back-office e informou o novo prazo. Cliente aceitou.',",,
apps/crm/seed/seed-crm.ts,326,literal-value,cadastro,"'Reclamação sobre demora no cadastro. Atendente checou com o back-office e informou o novo prazo. Cliente aceitou.',",,
apps/crm/seed/seed-crm.ts,326,literal-value,com,"'Reclamação sobre demora no cadastro. Atendente checou com o back-office e informou o novo prazo. Cliente aceitou.',",,
apps/crm/seed/seed-crm.ts,326,literal-value,reclamacao,"'Reclamação sobre demora no cadastro. Atendente checou com o back-office e informou o novo prazo. Cliente aceitou.',",,
apps/crm/seed/seed-crm.ts,326,literal-value,sobre,"'Reclamação sobre demora no cadastro. Atendente checou com o back-office e informou o novo prazo. Cliente aceitou.',",,
apps/crm/seed/seed-crm.ts,327,literal-value,carteira,"'Cliente queria cancelar; ao entender a carência, decidiu manter e pediu revisão da carteira.',",,
apps/crm/seed/seed-crm.ts,328,literal-value,atendente,"'Dúvida sobre a portabilidade de previdência. Atendente enviou o passo a passo e agendou uma call.',",,
apps/crm/seed/seed-crm.ts,328,literal-value,portabilidade,"'Dúvida sobre a portabilidade de previdência. Atendente enviou o passo a passo e agendou uma call.',",,
apps/crm/seed/seed-crm.ts,328,literal-value,sobre,"'Dúvida sobre a portabilidade de previdência. Atendente enviou o passo a passo e agendou uma call.',",,
apps/crm/seed/seed-crm.ts,331,literal-value,cadastro,"const CATEGORIAS = ['Dúvida de produto', 'Cadastro', 'Financeiro', 'Retenção', 'Suporte'] as const;",,
apps/crm/seed/seed-crm.ts,331,literal-value,financeiro,"const CATEGORIAS = ['Dúvida de produto', 'Cadastro', 'Financeiro', 'Retenção', 'Suporte'] as const;",,
apps/crm/seed/seed-crm.ts,331,literal-value,retencao,"const CATEGORIAS = ['Dúvida de produto', 'Cadastro', 'Financeiro', 'Retenção', 'Suporte'] as const;",,
apps/crm/seed/seed-crm.ts,331,literal-value,suporte,"const CATEGORIAS = ['Dúvida de produto', 'Cadastro', 'Financeiro', 'Retenção', 'Suporte'] as const;",,
apps/crm/seed/seed-crm.ts,371,identifier,agora,const agora = new Date();,,
apps/crm/seed/seed-crm.ts,381,identifier,regra,const idsRegra = REGRAS.map((r) => idDe(`regra:${VERSAO_REGRA}:${r.nome}`));,,
apps/crm/seed/seed-crm.ts,382,identifier,faixa,const idsFaixa = FAIXAS.map((f) => idDe(`faixa:${VERSAO_REGRA}:${f.nome}`));,,
apps/crm/seed/seed-crm.ts,383,identifier,etiqueta,const idsEtiqueta = ETIQUETAS_CRM.map((e) => idDe(`etiqueta:${e.nome}`));,,
apps/crm/seed/seed-crm.ts,429,identifier,pontos,"pontos: r.pontos,",,
apps/crm/seed/seed-crm.ts,440,identifier,minimo,"minimo: f.minimo,",,
apps/crm/seed/seed-crm.ts,441,identifier,maximo,"maximo: f.maximo,",,
apps/crm/seed/seed-crm.ts,454,identifier,cor,"cor: e.cor,",,
apps/crm/seed/seed-crm.ts,455,identifier,escopo,"escopo: 'contato',",,
apps/crm/seed/seed-crm.ts,463,identifier,plano,const idPlano = idDe('formulario:plano');,,
apps/crm/seed/seed-crm.ts,477,identifier,versao,"{ id: idDe('versao:diagnostico:1'), formularioId: idDiagnostico, versao: 1, dias: 120 },",,
apps/crm/seed/seed-crm.ts,478,identifier,versao,"{ id: idDe('versao:diagnostico:2'), formularioId: idDiagnostico, versao: 2, dias: 30 },",,
apps/crm/seed/seed-crm.ts,479,identifier,versao,"{ id: idDe('versao:plano:1'), formularioId: idPlano, versao: 1, dias: 90 },",,
apps/crm/seed/seed-crm.ts,488,identifier,publicada,"publicadaEm: new Date(agora.getTime() - dias(v.dias)),",,
apps/crm/seed/seed-crm.ts,492,identifier,codigo,"const questionsByVersion = new Map<string, { id: string; codigo: string; tipo: string }[]>();",,
apps/crm/seed/seed-crm.ts,496,identifier,versao,"versaoId: string,",,
apps/crm/seed/seed-crm.ts,498,identifier,codigo,"lista: readonly { codigo: string; rotulo: string; tipo: string; options: readonly string[]; obrigatoria: boolean }[],",,
apps/crm/seed/seed-crm.ts,500,identifier,codigo,const registradas: { id: string; codigo: string; tipo: string }[] = [];,,
apps/crm/seed/seed-crm.ts,506,identifier,versao,"versaoId,",,
apps/crm/seed/seed-crm.ts,514,identifier,codigo,"registradas.push({ id, codigo: p.codigo, tipo: p.tipo });",,
apps/crm/seed/seed-crm.ts,527,identifier,regras,const regrasMotor: RegraScore[] = REGRAS.map((r) => ({,,
apps/crm/seed/seed-crm.ts,530,identifier,versao,"versao: VERSAO_REGRA,",,
apps/crm/seed/seed-crm.ts,531,identifier,pontos,"pontos: r.pontos,",,
apps/crm/seed/seed-crm.ts,565,identifier,completo,const diagnosticoCompleto = sorteio(0.72);,,
apps/crm/seed/seed-crm.ts,566,identifier,interesse,const interessePlano = sorteio(0.65) ? (sorteio(0.7) ? 'anual' : 'mensal') : null;,,
apps/crm/seed/seed-crm.ts,566,identifier,plano,const interessePlano = sorteio(0.65) ? (sorteio(0.7) ? 'anual' : 'mensal') : null;,,
apps/crm/seed/seed-crm.ts,574,identifier,completo,"diagnostico_completo: diagnosticoCompleto,",,
apps/crm/seed/seed-crm.ts,575,identifier,interesse,"interesse_plano: interessePlano,",,
apps/crm/seed/seed-crm.ts,575,identifier,plano,"interesse_plano: interessePlano,",,
apps/crm/seed/seed-crm.ts,584,identifier,resultado,const resultado = pontuado,,
apps/crm/seed/seed-crm.ts,586,identifier,faixas,"faixas: FAIXAS_MOTOR,",,
apps/crm/seed/seed-crm.ts,587,identifier,limites,"limites: { minimo: 0, maximo: 100 },",,
apps/crm/seed/seed-crm.ts,587,identifier,maximo,"limites: { minimo: 0, maximo: 100 },",,
apps/crm/seed/seed-crm.ts,587,identifier,minimo,"limites: { minimo: 0, maximo: 100 },",,
apps/crm/seed/seed-crm.ts,588,identifier,regra,"versaoRegra: VERSAO_REGRA,",,
apps/crm/seed/seed-crm.ts,588,identifier,versao,"versaoRegra: VERSAO_REGRA,",,
apps/crm/seed/seed-crm.ts,594,identifier,desde,const faseDesde = new Date(,,
apps/crm/seed/seed-crm.ts,597,identifier,corte,const acimaDoCorte = (resultado?.value ?? 0) >= 60;,,
apps/crm/seed/seed-crm.ts,628,identifier,conta,"contaId: accountId,",,
apps/crm/seed/seed-crm.ts,641,identifier,desde,"faseDesde,",,
apps/crm/seed/seed-crm.ts,644,identifier,faixa,"faixaAtual: resultado?.faixa ?? null,",,
apps/crm/seed/seed-crm.ts,647,identifier,faixa,faixa_patrimonio:,,
apps/crm/seed/seed-crm.ts,667,identifier,regra,"versaoRegra: resultado.versaoRegra,",,
apps/crm/seed/seed-crm.ts,667,identifier,versao,"versaoRegra: resultado.versaoRegra,",,
apps/crm/seed/seed-crm.ts,669,identifier,faixa,"faixa: resultado.faixa,",,
apps/crm/seed/seed-crm.ts,678,identifier,usa,const usaV2 = criadoEm.getTime() > agora.getTime() - dias(30);,,
apps/crm/seed/seed-crm.ts,679,identifier,versao,const versaoDiag = usaV2 ? versions[1]! : versions[0]!;,,
apps/crm/seed/seed-crm.ts,694,identifier,versao,"versaoId: versaoDiag.id,",,
apps/crm/seed/seed-crm.ts,702,identifier,plano,const versaoPlano = versions[2]!;,,
apps/crm/seed/seed-crm.ts,702,identifier,versao,const versaoPlano = versions[2]!;,,
apps/crm/seed/seed-crm.ts,703,identifier,plano,const perguntasPlano = questionsByVersion.get(versaoPlano.id) ?? [];,,
apps/crm/seed/seed-crm.ts,704,identifier,plano,"const emPlano = new Date(respondidoEm.getTime() + 1000 * entire(600, 86_400));",,
apps/crm/seed/seed-crm.ts,708,identifier,texto,? { valorTexto: interessePlano === 'anual' ? 'Anual' : 'Mensal' },,
apps/crm/seed/seed-crm.ts,708,identifier,valor,? { valorTexto: interessePlano === 'anual' ? 'Anual' : 'Mensal' },,
apps/crm/seed/seed-crm.ts,710,identifier,valor,"? { valorData: new Date(agora.getTime() + dias(entire(7, 90))) }",,
apps/crm/seed/seed-crm.ts,711,identifier,texto,: { valorTexto: escolher(NOTAS) };,,
apps/crm/seed/seed-crm.ts,711,identifier,valor,: { valorTexto: escolher(NOTAS) };,,
apps/crm/seed/seed-crm.ts,716,identifier,versao,"versaoId: versaoPlano.id,",,
apps/crm/seed/seed-crm.ts,729,identifier,contato,"contatoId: c.id,",,
apps/crm/seed/seed-crm.ts,730,identifier,etiqueta,"etiquetaId: idDe('etiqueta:Alto ticket'),",,
apps/crm/seed/seed-crm.ts,737,identifier,contato,"contatoId: c.id,",,
apps/crm/seed/seed-crm.ts,738,identifier,etiqueta,"etiquetaId: idDe('etiqueta:Perfil investidor'),",,
apps/crm/seed/seed-crm.ts,745,identifier,contato,"contatoId: c.id,",,
apps/crm/seed/seed-crm.ts,746,identifier,etiqueta,"etiquetaId: idDe('etiqueta:Frio'),",,
apps/crm/seed/seed-crm.ts,768,literal-value,ligacao,"const tipo = escolher(['ligacao', 'email', 'reuniao', 'nota', 'tarefa'] as const);",,
apps/crm/seed/seed-crm.ts,832,identifier,fechada,"const fechadaEm = new Date(agora.getTime() - dias(entre(0, 24)));",,
apps/crm/seed/seed-crm.ts,843,identifier,fechada,"fechadaEm,",,
apps/crm/seed/seed-crm.ts,879,identifier,contato,".select({ id: conversation.id, contatoId: conversation.contatoId, encerradaEm: conversation.encerradaEm })",,
apps/crm/seed/seed-crm.ts,891,sql-name,desc,.orderBy(sql`${conversation.encerradaEm} desc`),,
apps/crm/seed/seed-crm.ts,902,identifier,conversa,"conversaId: cv.id,",,
apps/crm/seed/seed-crm.ts,903,identifier,categoria,"categoria: escolher(CATEGORIAS),",,
apps/crm/seed/seed-crm.ts,904,identifier,resumo,"resumo: escolher(SUMMARIES_ATTENDANCE),",,
apps/crm/seed/seed-crm.ts,906,identifier,confianca,"confianca: '0.8600',",,
apps/crm/seed/seed-crm.ts,917,identifier,com,"comScore: linhasScore.length,",,
apps/crm/seed/seed-crm.ts,919,identifier,oportunidades,"oportunidades: rowsOpportunity.length,",,
apps/crm/seed/seed-crm.ts,920,identifier,atividades,"atividades: rowsActivity.length,",,
apps/crm/seed/seed-crm.ts,921,identifier,regras,"regras: REGRAS.length,",,
apps/crm/seed/seed-crm.ts,922,identifier,contas,"contas: ACCOUNTS.length,",,
apps/crm/seed/seed-crm.ts,923,identifier,resumos,"resumos: rowsClassification.length,",,
apps/crm/seed/seed-crm.ts,940,identifier,codigo,"codigo: string,",,
apps/crm/seed/seed-crm.ts,941,identifier,perfil,"perfil: { patrimonio: number; age: number },",,
apps/crm/src/app/accounts/[id]/page.tsx,3,identifier,etiqueta,"import { Etiqueta, Tabela, type Column } from '@pipe/ui';",,
apps/crm/src/app/accounts/[id]/page.tsx,6,identifier,campo,"Campo,",,
apps/crm/src/app/accounts/[id]/page.tsx,18,identifier,desde,"import { data, desde, money, document, numero } from '../../../lib/format';",,
apps/crm/src/app/accounts/[id]/page.tsx,38,literal-value,oportunidades,"{ key: 'oportunidades', rotulo: 'Oportunidades' },",,
apps/crm/src/app/accounts/[id]/page.tsx,39,literal-value,contatos,"{ key: 'contatos', rotulo: 'Contatos' },",,
apps/crm/src/app/accounts/[id]/page.tsx,147,identifier,crua,const { aba: abaCrua } = await searchParams;,,
apps/crm/src/app/accounts/[id]/page.tsx,164,string-literal,campos,"<div className=""campos"">",,
apps/crm/src/app/accounts/[id]/page.tsx,183,string-literal,campos,"<div className=""campos"">",,
apps/crm/src/app/accounts/page.tsx,2,identifier,campo,"import { Campo, Etiqueta, EmptyState, Tabela, type Column } from '@pipe/ui';",,
apps/crm/src/app/accounts/page.tsx,2,identifier,etiqueta,"import { Campo, Etiqueta, EmptyState, Tabela, type Column } from '@pipe/ui';",,
apps/crm/src/app/accounts/page.tsx,3,identifier,limite,"import { listAccounts, LIMITE_LISTA, type AccountRow } from '../../lib/accounts';",,
apps/crm/src/app/accounts/page.tsx,15,identifier,colunas,const COLUNAS: readonly Column<AccountRow>[] = [,,
apps/crm/src/app/accounts/page.tsx,55,string-literal,cabecalho,"<div className=""p-cabecalho"">",,
apps/crm/src/app/actions-search.ts,4,identifier,resultado,import type { Resultado } from '../lib/search';,,
apps/crm/src/app/actions-search.ts,17,identifier,termo,export async function buscarGlobal(termo: string): Promise<Resultado[]> {,,
apps/crm/src/app/contacts/[id]/page.tsx,3,identifier,etiqueta,import { Etiqueta } from '@pipe/ui';,,
apps/crm/src/app/contacts/[id]/page.tsx,6,identifier,campo,"Campo,",,
apps/crm/src/app/contacts/[id]/page.tsx,14,identifier,desde,"import { data, dataHora, desde, document, numero } from '../../../lib/format';",,
apps/crm/src/app/contacts/[id]/page.tsx,29,identifier,fila,"na_fila: 'Na fila',",,
apps/crm/src/app/contacts/[id]/page.tsx,31,identifier,atendimento,"em_atendimento: 'Em atendimento',",,
apps/crm/src/app/contacts/[id]/page.tsx,37,literal-value,conversas,"{ key: 'conversas', rotulo: 'Conversas' },",,
apps/crm/src/app/contacts/[id]/page.tsx,95,identifier,crua,const { aba: abaCrua } = await searchParams;,,
apps/crm/src/app/contacts/[id]/page.tsx,112,string-literal,campos,"<div className=""campos"">",,
apps/crm/src/app/contacts/[id]/page.tsx,159,string-literal,quando,"<span className=""quando"">{dataHora(c.criadaEm, fuso)}</span>",,
apps/crm/src/app/contacts/[id]/page.tsx,164,string-literal,quem,"{c.queue ? <span className=""quem""> · {c.queue}</span> : null}",,
apps/crm/src/app/contacts/[id]/page.tsx,165,string-literal,quem,"{c.agent ? <span className=""quem""> · {c.agent}</span> : null}",,
apps/crm/src/app/contacts/[id]/page.tsx,167,string-literal,quem,"<span className=""quem""> · {LABEL_STATE[c.state] ?? c.state}</span>",,
apps/crm/src/app/contacts/[id]/page.tsx,170,string-literal,resumo,"{c.resumo ? <div className=""resumo"">{c.resumo}</div> : null}",,
apps/crm/src/app/contacts/[id]/page.tsx,188,string-literal,campos,"<div className=""campos"">",,
apps/crm/src/app/contacts/page.tsx,2,identifier,campo,"import { Campo, Etiqueta, EmptyState, Tabela, type Column } from '@pipe/ui';",,
apps/crm/src/app/contacts/page.tsx,2,identifier,etiqueta,"import { Campo, Etiqueta, EmptyState, Tabela, type Column } from '@pipe/ui';",,
apps/crm/src/app/contacts/page.tsx,4,identifier,limite,"import { listContacts, LIMITE_LISTA, type ContactRow } from '../../lib/contacts';",,
apps/crm/src/app/contacts/page.tsx,5,identifier,desde,"import { desde, numero } from '../../lib/format';",,
apps/crm/src/app/contacts/page.tsx,18,identifier,agora,"function colunas(fuso: string, agora: Date): readonly Column<ContactRow>[] {",,
apps/crm/src/app/contacts/page.tsx,18,identifier,colunas,"function colunas(fuso: string, agora: Date): readonly Column<ContactRow>[] {",,
apps/crm/src/app/contacts/page.tsx,68,identifier,agora,const agora = new Date();,,
apps/crm/src/app/contacts/page.tsx,72,string-literal,cabecalho,"<div className=""p-cabecalho"">",,
apps/crm/src/app/global.css,5,css-class,cabecalho,"*    Tokens, resets and primitives (.btn, .etiqueta, .card, .tblwrap, .tblhead, .tabs, table/th/td, .iconbtn, .vazio, .l",,
apps/crm/src/app/global.css,5,css-class,etiqueta,"*    Tokens, resets and primitives (.btn, .etiqueta, .card, .tblwrap, .tblhead, .tabs, table/th/td, .iconbtn, .vazio, .l",,
apps/crm/src/app/global.css,5,css-class,vazio,"*    Tokens, resets and primitives (.btn, .etiqueta, .card, .tblwrap, .tblhead, .tabs, table/th/td, .iconbtn, .vazio, .l",,
apps/crm/src/app/global.css,18,css-class,bloco,"*    The package's `.tblwrap` gives the box (border, radius, clipping, surface). What's missing is the header divider, a",,
apps/crm/src/app/global.css,45,css-custom-property,conteudo,color: var(--p-conteudo-fantasma);,,
apps/crm/src/app/global.css,72,css-class,fill,.bar-row .fill {,,
apps/crm/src/app/global.css,75,css-custom-property,grafico,background: var(--p-grafico-1);,,
apps/crm/src/app/global.css,83,css-custom-property,conteudo,color: var(--p-conteudo);,,
apps/crm/src/app/global.css,99,css-class,conteudo,"*    The height ceiling is the only arbitrary number in this sheet: 19rem is the chrome above the board (app bar, title,",,
apps/crm/src/app/global.css,155,css-custom-property,conteudo,color: var(--p-conteudo);,,
apps/crm/src/app/global.css,162,css-custom-property,conteudo,color: var(--p-conteudo-fantasma);,,
apps/crm/src/app/global.css,170,css-class,vazia,.lane-vazia {,,
apps/crm/src/app/global.css,173,css-custom-property,conteudo,color: var(--p-conteudo-fantasma);,,
apps/crm/src/app/global.css,200,css-custom-property,conteudo,color: var(--p-conteudo);,,
apps/crm/src/app/global.css,207,css-custom-property,conteudo,color: var(--p-conteudo);,,
apps/crm/src/app/global.css,212,css-custom-property,conteudo,color: var(--p-conteudo-fantasma);,,
apps/crm/src/app/global.css,270,css-custom-property,conteudo,color: var(--p-conteudo-desabilitado);,,
apps/crm/src/app/global.css,277,css-custom-property,conteudo,color: var(--p-conteudo-fantasma);,,
apps/crm/src/app/global.css,291,css-custom-property,conteudo,color: var(--p-sucesso-conteudo);,,
apps/crm/src/app/global.css,316,css-custom-property,curta,line-height: var(--p-altura-linha-curta);,,
apps/crm/src/app/global.css,317,css-custom-property,conteudo,color: var(--p-conteudo);,,
apps/crm/src/app/global.css,335,css-class,campos,.campos {,,
apps/crm/src/app/global.css,340,css-class,campos,.campos > div {,,
apps/crm/src/app/global.css,349,css-class,campos,.campos > div:last-child {,,
apps/crm/src/app/global.css,356,css-class,campos,.campos .k {,,
apps/crm/src/app/global.css,358,css-custom-property,conteudo,color: var(--p-conteudo-fantasma);,,
apps/crm/src/app/global.css,364,css-class,campos,.campos .v {,,
apps/crm/src/app/global.css,365,css-custom-property,conteudo,color: var(--p-conteudo);,,
apps/crm/src/app/global.css,422,css-class,sem,.inline .ver.sem {,,
apps/crm/src/app/global.css,423,css-custom-property,conteudo,color: var(--p-conteudo-fantasma);,,
apps/crm/src/app/global.css,433,css-custom-property,conteudo,color: var(--p-conteudo-fantasma);,,
apps/crm/src/app/global.css,437,css-class,campos,".campos > div:hover .inline .lapis,",,
apps/crm/src/app/global.css,486,css-custom-property,conteudo,color: var(--p-conteudo);,,
apps/crm/src/app/global.css,500,css-class,etiquetas,.etiquetas {,,
apps/crm/src/app/global.css,508,css-class,versao,.form-versao {,,
apps/crm/src/app/global.css,512,css-class,versao,.form-versao:last-child {,,
apps/crm/src/app/global.css,516,css-class,versao,.form-versao > .cab {,,
apps/crm/src/app/global.css,525,css-class,versao,.form-versao > .cab b {,,
apps/crm/src/app/global.css,533,css-custom-property,conteudo,color: var(--p-conteudo-fantasma);,,
apps/crm/src/app/global.css,539,css-custom-property,conteudo,color: var(--p-conteudo-fantasma);,,
apps/crm/src/app/global.css,544,css-custom-property,conteudo,color: var(--p-conteudo);,,
apps/crm/src/app/global.css,551,css-class,resumo,.resumo {,,
apps/crm/src/app/global.css,558,css-class,resumo,.resumo > div {,,
apps/crm/src/app/global.css,565,css-class,resumo,.resumo b {,,
apps/crm/src/app/global.css,571,css-custom-property,curta,line-height: var(--p-altura-linha-curta);,,
apps/crm/src/app/global.css,574,css-class,resumo,.resumo span {,,
apps/crm/src/app/global.css,576,css-custom-property,conteudo,color: var(--p-conteudo-fantasma);,,
apps/crm/src/app/global.css,579,css-class,resumo,.resumo .var {,,
apps/crm/src/app/global.css,582,css-custom-property,conteudo,color: var(--p-conteudo-desabilitado);,,
apps/crm/src/app/global.css,593,css-class,etapa,.etapa {,,
apps/crm/src/app/global.css,600,css-class,etapa,.etapa .nome {,,
apps/crm/src/app/global.css,602,css-custom-property,conteudo,color: var(--p-conteudo);,,
apps/crm/src/app/global.css,605,css-class,etapa,.etapa .track {,,
apps/crm/src/app/global.css,613,css-class,etapa,.etapa .fill {,,
apps/crm/src/app/global.css,613,css-class,fill,.etapa .fill {,,
apps/crm/src/app/global.css,616,css-custom-property,grafico,background: var(--p-grafico-1);,,
apps/crm/src/app/global.css,620,css-class,etapa,".etapa .value,",,
apps/crm/src/app/global.css,621,css-class,etapa,.etapa .qtd {,,
apps/crm/src/app/global.css,628,css-class,etapa,.etapa .value {,,
apps/crm/src/app/global.css,629,css-custom-property,conteudo,color: var(--p-conteudo);,,
apps/crm/src/app/global.css,632,css-class,etapa,.etapa .qtd {,,
apps/crm/src/app/global.css,633,css-custom-property,conteudo,color: var(--p-conteudo-fantasma);,,
apps/crm/src/app/global.css,638,css-class,apoio,.apoio {,,
apps/crm/src/app/global.css,650,css-class,campo,"* The grouping selector's label. Its own name, not `.campo`: `.campo` is the package's input primitive, and using it on ",,
apps/crm/src/app/global.css,657,css-custom-property,conteudo,color: var(--p-conteudo-fantasma);,,
apps/crm/src/app/global.css,661,css-class,grupo,tr.grupo th {,,
apps/crm/src/app/global.css,668,css-custom-property,conteudo,color: var(--p-conteudo);,,
apps/crm/src/app/global.css,678,css-custom-property,conteudo,color: var(--p-conteudo-fantasma);,,
apps/crm/src/app/global.css,692,css-custom-property,conteudo,color: var(--p-conteudo);,,
apps/crm/src/app/global.css,715,css-class,campos,"*    `.barra` is the only shape drawn here — the structure reuses `table`, `td` and `.campos`, which already have the ri",,
apps/crm/src/app/global.css,725,css-class,esqueleto,.esqueleto td {,,
apps/crm/src/app/global.css,746,css-class,vazio,*    The button inside the state block. Without this it inherits `align-items:center` from `.vazio` and stretches to ful,,
apps/crm/src/app/global.css,799,css-custom-property,conteudo,color: var(--p-conteudo);,,
apps/crm/src/app/global.css,813,css-custom-property,conteudo,color: var(--p-conteudo);,,
apps/crm/src/app/global.css,897,css-class,marcada,.listing tbody tr.marcada td {,,
apps/crm/src/app/global.css,911,css-class,marcada,.listing tbody tr.marcada.focada td {,,
apps/crm/src/app/global.css,932,css-custom-property,sombra,box-shadow: var(--p-sombra-2);,,
apps/crm/src/app/global.css,947,css-class,recado,.recado {,,
apps/crm/src/app/global.css,951,css-custom-property,conteudo,color: var(--p-sucesso-conteudo);,,
apps/crm/src/app/global.css,952,css-custom-property,fundo,background: var(--p-sucesso-fundo);,,
apps/crm/src/app/global.css,968,css-custom-property,conteudo,color: var(--p-conteudo-fantasma);,,
apps/crm/src/app/global.css,1009,css-custom-property,sombra,box-shadow: var(--p-sombra-2);,,
apps/crm/src/app/global.css,1042,css-custom-property,conteudo,color: var(--p-conteudo-desabilitado);,,
apps/crm/src/app/global.css,1051,css-custom-property,conteudo,color: var(--p-conteudo);,,
apps/crm/src/app/global.css,1093,css-class,colunas,.colunas {,,
apps/crm/src/app/global.css,1110,css-custom-property,sombra,box-shadow: var(--p-sombra-2);,,
apps/crm/src/app/global.css,1132,css-custom-property,conteudo,color: var(--p-conteudo);,,
apps/crm/src/app/global.css,1150,css-custom-property,conteudo,color: var(--p-conteudo-fantasma);,,
apps/crm/src/app/global.css,1157,css-class,oculta,.columns-panel li.oculta .rot {,,
apps/crm/src/app/global.css,1158,css-custom-property,conteudo,color: var(--p-conteudo-fantasma);,,
apps/crm/src/app/global.css,1164,css-custom-property,conteudo,color: var(--p-conteudo-fantasma);,,
apps/crm/src/app/global.css,1190,css-custom-property,conteudo,color: var(--p-conteudo-desabilitado);,,
apps/crm/src/app/global.css,1241,css-custom-property,conteudo,color: var(--p-conteudo-fantasma);,,
apps/crm/src/app/global.css,1246,css-custom-property,conteudo,color: var(--p-conteudo);,,
apps/crm/src/app/global.css,1250,css-custom-property,conteudo,color: var(--p-conteudo-fantasma);,,
apps/crm/src/app/global.css,1258,css-custom-property,curta,line-height: var(--p-altura-linha-curta);,,
apps/crm/src/app/global.css,1264,css-custom-property,conteudo,color: var(--p-conteudo-fantasma);,,
apps/crm/src/app/global.css,1288,css-custom-property,espaco,letter-spacing: var(--p-rotulo-espaco);,,
apps/crm/src/app/global.css,1290,css-custom-property,conteudo,color: var(--p-conteudo-fantasma);,,
apps/crm/src/app/global.css,1296,css-custom-property,conteudo,color: var(--p-conteudo);,,
apps/crm/src/app/global.css,1320,css-custom-property,conteudo,color: var(--p-conteudo-fantasma);,,
apps/crm/src/app/global.css,1358,css-custom-property,conteudo,border-right: 1.5px solid var(--p-conteudo-fantasma);,,
apps/crm/src/app/global.css,1359,css-custom-property,conteudo,border-bottom: 1.5px solid var(--p-conteudo-fantasma);,,
apps/crm/src/app/global.css,1392,css-custom-property,conteudo,color: var(--p-conteudo-fantasma);,,
apps/crm/src/app/global.css,1431,css-custom-property,conteudo,color: var(--p-conteudo-fantasma);,,
apps/crm/src/app/global.css,1437,css-class,fio,.time .fio {,,
apps/crm/src/app/global.css,1462,css-custom-property,conteudo,color: var(--p-conteudo);,,
apps/crm/src/app/global.css,1465,css-class,quem,.time .quem {,,
apps/crm/src/app/global.css,1467,css-custom-property,conteudo,color: var(--p-conteudo-fantasma);,,
apps/crm/src/app/global.css,1473,css-class,quando,.time .quando {,,
apps/crm/src/app/global.css,1476,css-custom-property,conteudo,color: var(--p-conteudo-fantasma);,,
apps/crm/src/app/global.css,1482,css-class,resumo,.time .resumo {,,
apps/crm/src/app/global.css,1485,css-custom-property,conteudo,color: var(--p-conteudo-desabilitado);,,
apps/crm/src/app/global.css,1598,css-custom-property,conteudo,color: var(--p-conteudo-fantasma);,,
apps/crm/src/app/global.css,1600,css-custom-property,espaco,letter-spacing: var(--p-rotulo-espaco);,,
apps/crm/src/app/global.css,1615,css-custom-property,conteudo,color: var(--p-conteudo-desabilitado);,,
apps/crm/src/app/global.css,1622,css-custom-property,conteudo,color: var(--p-conteudo-fantasma);,,
apps/crm/src/app/global.css,1627,css-custom-property,conteudo,color: var(--p-conteudo);,,
apps/crm/src/app/global.css,1632,css-custom-property,conteudo,color: var(--p-conteudo);,,
apps/crm/src/app/global.css,1646,css-custom-property,conteudo,color: var(--p-conteudo-fantasma);,,
apps/crm/src/app/global.css,1655,css-custom-property,conteudo,color: var(--p-conteudo-fantasma);,,
apps/crm/src/app/global.css,1662,css-custom-property,conteudo,color: var(--p-conteudo);,,
apps/crm/src/app/global.css,1673,css-class,conteudo,.c-conteudo {,,
apps/crm/src/app/global.css,1700,css-custom-property,conteudo,color: var(--p-conteudo-fantasma);,,
apps/crm/src/app/global.css,1709,css-class,cmd,.c-cmd-veu {,,
apps/crm/src/app/global.css,1718,css-class,cmd,.c-cmd {,,
apps/crm/src/app/global.css,1730,css-custom-property,sombra,box-shadow: var(--p-sombra-2);,,
apps/crm/src/app/global.css,1733,css-class,campo,.c-cmd-campo {,,
apps/crm/src/app/global.css,1733,css-class,cmd,.c-cmd-campo {,,
apps/crm/src/app/global.css,1740,css-custom-property,conteudo,color: var(--p-conteudo-fantasma);,,
apps/crm/src/app/global.css,1743,css-class,campo,.c-cmd-campo input {,,
apps/crm/src/app/global.css,1743,css-class,cmd,.c-cmd-campo input {,,
apps/crm/src/app/global.css,1748,css-custom-property,conteudo,color: var(--p-conteudo);,,
apps/crm/src/app/global.css,1754,css-class,campo,.c-cmd-campo input::placeholder {,,
apps/crm/src/app/global.css,1754,css-class,cmd,.c-cmd-campo input::placeholder {,,
apps/crm/src/app/global.css,1755,css-custom-property,conteudo,color: var(--p-conteudo-fantasma);,,
apps/crm/src/app/global.css,1761,css-class,cmd,".c-cmd kbd,",,
apps/crm/src/app/global.css,1769,css-custom-property,conteudo,color: var(--p-conteudo-fantasma);,,
apps/crm/src/app/global.css,1772,css-class,cmd,.c-cmd-lista {,,
apps/crm/src/app/global.css,1778,css-class,cmd,.c-cmd-dica {,,
apps/crm/src/app/global.css,1778,css-class,dica,.c-cmd-dica {,,
apps/crm/src/app/global.css,1783,css-custom-property,conteudo,color: var(--p-conteudo-fantasma);,,
apps/crm/src/app/global.css,1786,css-class,cmd,.c-cmd-grupo {,,
apps/crm/src/app/global.css,1786,css-class,grupo,.c-cmd-grupo {,,
apps/crm/src/app/global.css,1790,css-custom-property,conteudo,color: var(--p-conteudo-fantasma);,,
apps/crm/src/app/global.css,1792,css-custom-property,espaco,letter-spacing: var(--p-rotulo-espaco);,,
apps/crm/src/app/global.css,1798,css-class,cmd,.c-cmd-item {,,
apps/crm/src/app/global.css,1808,css-custom-property,conteudo,color: var(--p-conteudo);,,
apps/crm/src/app/global.css,1814,css-class,cmd,.c-cmd-item b {,,
apps/crm/src/app/global.css,1819,css-class,cmd,.c-cmd-item span {,,
apps/crm/src/app/global.css,1821,css-custom-property,conteudo,color: var(--p-conteudo-fantasma);,,
apps/crm/src/app/global.css,1827,css-class,cmd,.c-cmd-atual {,,
apps/crm/src/app/global.css,1839,css-class,conteudo,".c-conteudo .etiqueta,",,
apps/crm/src/app/global.css,1839,css-class,etiqueta,".c-conteudo .etiqueta,",,
apps/crm/src/app/global.css,1840,css-class,conteudo,.c-conteudo .pill {,,
apps/crm/src/app/global.css,1852,css-class,conteudo,.c-conteudo .board-head {,,
apps/crm/src/app/global.css,1858,css-class,conteudo,.c-conteudo .board-head h2 {,,
apps/crm/src/app/global.css,1867,css-class,conteudo,.c-conteudo .listing .sel {,,
apps/crm/src/app/global.css,1874,css-class,conteudo,.c-conteudo .tblwrap {,,
apps/crm/src/app/global.css,1880,css-class,conteudo,".c-conteudo .listing td,",,
apps/crm/src/app/global.css,1881,css-class,conteudo,.c-conteudo .listing th {,,
apps/crm/src/app/global.css,1900,css-custom-property,fundo,background: var(--p-fundo);,,
apps/crm/src/app/global.css,1916,css-custom-property,sombra,box-shadow: var(--p-sombra-1);,,
apps/crm/src/app/global.css,1923,css-custom-property,conteudo,color: var(--p-conteudo);,,
apps/crm/src/app/global.css,1935,css-custom-property,curta,line-height: var(--p-altura-linha-curta);,,
apps/crm/src/app/global.css,1936,css-custom-property,conteudo,color: var(--p-conteudo);,,
apps/crm/src/app/global.css,1943,css-custom-property,conteudo,color: var(--p-conteudo-claro);,,
apps/crm/src/app/global.css,1954,css-custom-property,fundo,background: var(--p-alerta-fundo);,,
apps/crm/src/app/global.css,1957,css-custom-property,conteudo,color: var(--p-alerta-conteudo);,,
apps/crm/src/app/global.css,1964,css-custom-property,curta,line-height: var(--p-altura-linha-curta);,,
apps/crm/src/app/global.css,1985,css-custom-property,conteudo,color: var(--p-conteudo-fantasma);,,
apps/crm/src/app/global.css,2005,css-custom-property,espaco,letter-spacing: var(--p-rotulo-espaco);,,
apps/crm/src/app/global.css,2006,css-custom-property,conteudo,color: var(--p-conteudo-claro);,,
apps/crm/src/app/global.css,2013,css-custom-property,conteudo,color: var(--p-conteudo-fantasma);,,
apps/crm/src/app/global.css,2030,css-custom-property,conteudo,color: var(--p-conteudo-fantasma);,,
apps/crm/src/app/global.css,2036,css-custom-property,conteudo,color: var(--p-conteudo);,,
apps/crm/src/app/global.css,2045,css-custom-property,conteudo,color: var(--p-conteudo-fantasma);,,
apps/crm/src/app/global.css,2060,css-custom-property,conteudo,color: var(--p-conteudo);,,
apps/crm/src/app/global.css,2065,css-custom-property,conteudo,color: var(--p-conteudo-claro);,,
apps/crm/src/app/layout.tsx,42,string-literal,com,"<link rel=""preconnect"" href=""https://fonts.googleapis.com"" />",,
apps/crm/src/app/layout.tsx,43,string-literal,com,"<link rel=""preconnect"" href=""https://fonts.gstatic.com"" crossOrigin="""" />",,
apps/crm/src/app/layout.tsx,46,string-literal,com,"href=""https://fonts.googleapis.com/css2?family=IBM+Plex+Mono:wght@400;500;600&family=IBM+Plex+Sans:wght@400;450;500;600&",,
apps/crm/src/app/leads/[id]/loading.tsx,1,identifier,campos,"import { LoadingNotice, EsqueletoDeCampos } from '../../../components/esqueleto';",,
apps/crm/src/app/leads/[id]/loading.tsx,1,identifier,esqueleto,"import { LoadingNotice, EsqueletoDeCampos } from '../../../components/esqueleto';",,
apps/crm/src/app/leads/[id]/page.tsx,3,identifier,etiqueta,import { Etiqueta } from '@pipe/ui';,,
apps/crm/src/app/leads/[id]/page.tsx,7,identifier,campo,"Campo,",,
apps/crm/src/app/leads/[id]/page.tsx,16,identifier,proprietarios,"listarProprietarios,",,
apps/crm/src/app/leads/[id]/page.tsx,20,identifier,desde,"import { data, dataHora, desde, document, numero, pontos } from '../../../lib/format';",,
apps/crm/src/app/leads/[id]/page.tsx,20,identifier,pontos,"import { data, dataHora, desde, document, numero, pontos } from '../../../lib/format';",,
apps/crm/src/app/leads/[id]/page.tsx,53,literal-value,tempo,"{ key: 'tempo', rotulo: 'Linha do tempo' },",,
apps/crm/src/app/leads/[id]/page.tsx,125,identifier,crua,const { aba: abaCrua } = await searchParams;,,
apps/crm/src/app/leads/[id]/page.tsx,134,identifier,proprietarios,const proprietarios = await listarProprietarios();,,
apps/crm/src/app/leads/[id]/page.tsx,135,identifier,agora,const agora = new Date();,,
apps/crm/src/app/leads/[id]/page.tsx,146,identifier,tempo,"tempo: ficha.timeRow.length,",,
apps/crm/src/app/leads/[id]/page.tsx,173,string-literal,campos,"<div className=""campos"">",,
apps/crm/src/app/leads/[id]/page.tsx,217,string-literal,etiquetas,"<div className=""etiquetas"">",,
apps/crm/src/app/leads/[id]/page.tsx,324,string-literal,versao,"<div className=""form-versao"" key={`${f.formulario}-${f.versao}`}>",,
apps/crm/src/app/leads/[id]/page.tsx,332,string-literal,campos,"<div className=""campos"">",,
apps/crm/src/app/leads/actions.ts,6,identifier,campo,"atualizarCampoDoLead,",,
apps/crm/src/app/leads/actions.ts,8,identifier,proprietarios,"listarProprietarios,",,
apps/crm/src/app/leads/actions.ts,10,identifier,campo,"import { campoValido, normalizar, recusar } from '../../lib/campos-editaveis';",,
apps/crm/src/app/leads/actions.ts,10,identifier,normalizar,"import { campoValido, normalizar, recusar } from '../../lib/campos-editaveis';",,
apps/crm/src/app/leads/actions.ts,67,identifier,campo,export interface ResultadoCampo {,,
apps/crm/src/app/leads/actions.ts,67,identifier,resultado,export interface ResultadoCampo {,,
apps/crm/src/app/leads/actions.ts,90,identifier,campo,export async function salvarCampoDoLead(,,
apps/crm/src/app/leads/actions.ts,92,identifier,campo,"campo: string,",,
apps/crm/src/app/leads/actions.ts,93,identifier,bruto,"bruto: string,",,
apps/crm/src/app/leads/loading.tsx,1,identifier,esqueleto,"import { LoadingNotice, EsqueletoDeTabela } from '../../components/esqueleto';",,
apps/crm/src/app/leads/loading.tsx,13,string-literal,cabecalho,"<div className=""p-cabecalho"">",,
apps/crm/src/app/leads/page.tsx,2,identifier,campo,"import { Campo, Seletor } from '@pipe/ui';",,
apps/crm/src/app/leads/page.tsx,17,identifier,limite,"LIMITE_LISTA,",,
apps/crm/src/app/leads/page.tsx,18,identifier,proprietarios,"listarProprietarios,",,
apps/crm/src/app/leads/page.tsx,32,identifier,dir,dir?: string;,,
apps/crm/src/app/leads/page.tsx,59,identifier,proprietarios,const proprietarios = await listarProprietarios();,,
apps/crm/src/app/leads/page.tsx,77,string-literal,cabecalho,"<div className=""p-cabecalho"">",,
apps/crm/src/app/leads/page.tsx,141,identifier,proximos,"href={(proximos) => `/leads?${query({}, proximos)}`}",,
apps/crm/src/app/loading.tsx,1,identifier,esqueleto,"import { LoadingNotice, EsqueletoDeTabela } from '../components/esqueleto';",,
apps/crm/src/app/login/actions.ts,7,identifier,interno,"caminhoInterno,",,
apps/crm/src/app/login/actions.ts,25,identifier,continuar,export async function continuar(data: FormData): Promise<void> {,,
apps/crm/src/app/login/actions.ts,37,identifier,volta,"const volta = new URLSearchParams({ method: inbound.metodo, email });",,
apps/crm/src/app/login/page.tsx,4,identifier,interno,"import { caminhoInterno, inboundWithGoogleUrl } from '../../lib/session';",,
apps/crm/src/app/login/page.tsx,5,identifier,continuar,import { continuar } from './actions';,,
apps/crm/src/app/login/page.tsx,40,identifier,recusas,"const RECUSAS: Record<RefusesOfInbound, { titulo: string; saida: string }> = {",,
apps/crm/src/app/login/page.tsx,40,identifier,saida,"const RECUSAS: Record<RefusesOfInbound, { titulo: string; saida: string }> = {",,
apps/crm/src/app/login/page.tsx,43,identifier,saida,saida:,,
apps/crm/src/app/login/page.tsx,48,identifier,saida,saida:,,
apps/crm/src/app/login/page.tsx,53,identifier,saida,saida:,,
apps/crm/src/app/login/page.tsx,58,identifier,saida,saida:,,
apps/crm/src/app/login/page.tsx,61,identifier,nao,email_nao_verificado: {,,
apps/crm/src/app/login/page.tsx,61,identifier,verificado,email_nao_verificado: {,,
apps/crm/src/app/login/page.tsx,63,identifier,saida,saida:,,
apps/crm/src/app/login/page.tsx,68,identifier,saida,saida:,,
apps/crm/src/app/login/page.tsx,71,identifier,provedor,falha_no_provedor: {,,
apps/crm/src/app/login/page.tsx,73,identifier,saida,saida:,,
apps/crm/src/app/login/page.tsx,86,identifier,saida,"const AVISOS: Record<string, { titulo: string; saida: string }> = {",,
apps/crm/src/app/login/page.tsx,89,identifier,saida,"saida: 'Use o botão ""Entrar com Google"" aqui em cima, com o seu e-mail corporativo.',",,
apps/crm/src/app/login/page.tsx,91,identifier,invalido,invalido: {,,
apps/crm/src/app/login/page.tsx,93,identifier,saida,"saida: 'Faltou o ""@"" ou o domínio. Confira e tente de novo.',",,
apps/crm/src/app/login/page.tsx,97,identifier,saida,"saida: 'Tente de novo em instantes, ou entre direto com o Google.',",,
apps/crm/src/app/login/page.tsx,101,identifier,codigo,function ehRecusa(codigo: string | undefined): codigo is RefusesOfInbound {,,
apps/crm/src/app/login/page.tsx,120,identifier,aviso,const aviso = recusa ? null : (AVISOS[parametros.metodo ?? ''] ?? null);,,
apps/crm/src/app/login/page.tsx,163,string-literal,campo,"className=""campo""",,
apps/crm/src/app/not-found.tsx,11,identifier,encontrado,export default function NaoEncontrado() {,,
apps/crm/src/app/not-found.tsx,11,identifier,nao,export default function NaoEncontrado() {,,
apps/crm/src/app/opportunities/[id]/page.tsx,3,identifier,etiqueta,"import { Etiqueta, Tabela, type Column } from '@pipe/ui';",,
apps/crm/src/app/opportunities/[id]/page.tsx,4,identifier,campo,"import { AbasDaFicha, Campo, Destaque, Section } from '../../../components/ficha';",,
apps/crm/src/app/opportunities/[id]/page.tsx,12,identifier,desde,"import { data, desde, money, numero } from '../../../lib/format';",,
apps/crm/src/app/opportunities/[id]/page.tsx,34,literal-value,historico,"{ key: 'historico', rotulo: 'Histórico' },",,
apps/crm/src/app/opportunities/[id]/page.tsx,35,literal-value,conta,"{ key: 'conta', rotulo: 'Na conta' },",,
apps/crm/src/app/opportunities/[id]/page.tsx,44,identifier,colunas,"function colunasIrmas(hoje: Date, fuso: string): readonly Column<OpportunityRow>[] {",,
apps/crm/src/app/opportunities/[id]/page.tsx,151,identifier,crua,const { aba: abaCrua } = await searchParams;,,
apps/crm/src/app/opportunities/[id]/page.tsx,168,string-literal,campos,"<div className=""campos"">",,
apps/crm/src/app/opportunities/[id]/page.tsx,210,string-literal,campos,"<div className=""campos"">",,
apps/crm/src/app/opportunities/actions.ts,4,identifier,para,"import { faseValida, moverParaFase } from '../../lib/funil';",,
apps/crm/src/app/opportunities/actions.ts,13,identifier,move,"export async function moveOpportunity(id: string, fase: string): Promise<void> {",,
apps/crm/src/app/opportunities/loading.tsx,11,identifier,quadro,export default function CarregandoQuadro() {,,
apps/crm/src/app/opportunities/loading.tsx,14,string-literal,cabecalho,"<div className=""p-cabecalho"">",,
apps/crm/src/app/opportunities/page.tsx,2,identifier,campo,"import { Campo, Etiqueta, EmptyState, Tabela, type Column } from '@pipe/ui';",,
apps/crm/src/app/opportunities/page.tsx,2,identifier,etiqueta,"import { Campo, Etiqueta, EmptyState, Tabela, type Column } from '@pipe/ui';",,
apps/crm/src/app/opportunities/page.tsx,3,identifier,quadro,"import { QuadroFunil, type CardView } from '../../components/quadro-funil';",,
apps/crm/src/app/opportunities/page.tsx,8,identifier,limite,"LIMITE_LISTA,",,
apps/crm/src/app/opportunities/page.tsx,36,literal-value,quadro,type Vista = 'quadro' | 'tabela';,,
apps/crm/src/app/opportunities/page.tsx,42,identifier,colunas,"function colunasDaTabela(hoje: Date, fuso: string): readonly Column<OpportunityRow>[] {",,
apps/crm/src/app/opportunities/page.tsx,105,string-literal,cabecalho,"<div className=""p-cabecalho"">",,
apps/crm/src/app/opportunities/page.tsx,119,string-literal,resumo,"<div className=""resumo"">",,
apps/crm/src/app/opportunities/page.tsx,158,identifier,quadro,function QuadroDoFunil({ funil }: { funil: Awaited<ReturnType<typeof carregarFunil>> }) {,,
apps/crm/src/app/opportunities/page.tsx,177,identifier,vencido,diasVencido:,,
apps/crm/src/app/page.tsx,2,identifier,etiqueta,import { Etiqueta } from '@pipe/ui';,,
apps/crm/src/app/page.tsx,6,identifier,percentual,"import { money, moneyShort, numero, percentual } from '../lib/format';",,
apps/crm/src/app/page.tsx,35,identifier,origens,const origens = await leadsByOrigin(mes);,,
apps/crm/src/app/page.tsx,43,identifier,taxa,const taxa = ind.leadsNoMes > 0 ? ind.qualificadosNoMes / ind.leadsNoMes : null;,,
apps/crm/src/app/page.tsx,49,string-literal,cabecalho,"<div className=""p-cabecalho"">",,
apps/crm/src/app/page.tsx,59,string-literal,resumo,"<div className=""resumo"">",,
apps/crm/src/app/page.tsx,108,string-literal,etapa,"<div className=""etapa"" key={c.fase}>",,
apps/crm/src/app/page.tsx,112,string-literal,fill,"className=""fill""",,
apps/crm/src/app/page.tsx,129,string-literal,apoio,"<div className=""apoio"">",,
apps/crm/src/app/page.tsx,144,string-literal,fill,"className=""fill""",,
apps/crm/src/app/page.tsx,165,string-literal,campos,"<div className=""campos"">",,
apps/crm/src/app/settings/actions.ts,14,identifier,ativo,"definirAtivoDoWebhook,",,
apps/crm/src/app/settings/actions.ts,16,identifier,campo,"excluirCampoPersonalizado,",,
apps/crm/src/app/settings/actions.ts,19,identifier,campo,"renomearCampoPersonalizado,",,
apps/crm/src/app/settings/actions.ts,21,identifier,espaco,"salvarEspaco,",,
apps/crm/src/app/settings/actions.ts,22,identifier,perfil,"salvarPerfil,",,
apps/crm/src/app/settings/actions.ts,25,identifier,codigo,"import { ehUuid, sugerirCodigo, type Resultado } from '../../lib/settings-comum';",,
apps/crm/src/app/settings/actions.ts,25,identifier,resultado,"import { ehUuid, sugerirCodigo, type Resultado } from '../../lib/settings-comum';",,
apps/crm/src/app/settings/actions.ts,48,identifier,campo,"function texto(data: FormData, campo: string): string {",,
apps/crm/src/app/settings/actions.ts,48,identifier,texto,"function texto(data: FormData, campo: string): string {",,
apps/crm/src/app/settings/actions.ts,53,identifier,campo,"function lista(data: FormData, campo: string): string[] {",,
apps/crm/src/app/settings/actions.ts,57,identifier,campo,"function id(data: FormData, campo: string): string | null {",,
apps/crm/src/app/settings/actions.ts,62,identifier,desconhecido,"const DESCONHECIDO: Resultado = { ok: false, error: 'Não reconheço este registro.' };",,
apps/crm/src/app/settings/actions.ts,70,identifier,perfil,"export const acaoSalvarPerfil: Acao = async (_anterior, data) => {",,
apps/crm/src/app/settings/actions.ts,71,identifier,resultado,"const resultado = await salvarPerfil(await atorAtual(), {",,
apps/crm/src/app/settings/actions.ts,81,identifier,espaco,"export const acaoSalvarEspaco: Acao = async (_anterior, data) => {",,
apps/crm/src/app/settings/actions.ts,82,identifier,resultado,"const resultado = await salvarEspaco(await atorAtual(), {",,
apps/crm/src/app/settings/actions.ts,97,identifier,resultado,"const resultado = await convidar(await atorAtual(), { email: texto(data, 'email'), roleId });",,
apps/crm/src/app/settings/actions.ts,106,identifier,resultado,"const resultado = await cancelInvitation(await atorAtual(), invitationId);",,
apps/crm/src/app/settings/actions.ts,116,identifier,resultado,"const resultado = await setRole(await atorAtual(), userId, roleId);",,
apps/crm/src/app/settings/actions.ts,125,identifier,resultado,const resultado = await memberSetActive(,,
apps/crm/src/app/settings/actions.ts,137,identifier,resultado,"const resultado = await createRole(await atorAtual(), {",,
apps/crm/src/app/settings/actions.ts,149,identifier,resultado,const resultado = await roleSavePermissions(,,
apps/crm/src/app/settings/actions.ts,162,identifier,resultado,"const resultado = await deleteRole(await atorAtual(), roleId);",,
apps/crm/src/app/settings/actions.ts,177,identifier,codigo,"const codigo = texto(data, 'codigo').trim() || sugerirCodigo(rotulo);",,
apps/crm/src/app/settings/actions.ts,179,identifier,resultado,"const resultado = await createFieldCustom(await atorAtual(), {",,
apps/crm/src/app/settings/actions.ts,180,identifier,codigo,"codigo,",,
apps/crm/src/app/settings/actions.ts,189,identifier,campo,"export const acaoRenomearCampo: Acao = async (_anterior, data) => {",,
apps/crm/src/app/settings/actions.ts,190,identifier,campo,"const campoId = id(data, 'id');",,
apps/crm/src/app/settings/actions.ts,193,identifier,resultado,"const resultado = await renomearCampoPersonalizado(await atorAtual(), campoId, {",,
apps/crm/src/app/settings/actions.ts,201,identifier,campo,"export const acaoExcluirCampo: Acao = async (_anterior, data) => {",,
apps/crm/src/app/settings/actions.ts,202,identifier,campo,"const campoId = id(data, 'id');",,
apps/crm/src/app/settings/actions.ts,205,identifier,resultado,"const resultado = await excluirCampoPersonalizado(await atorAtual(), campoId);",,
apps/crm/src/app/settings/actions.ts,213,identifier,resultado,"const resultado = await createKey(await atorAtual(), {",,
apps/crm/src/app/settings/actions.ts,225,identifier,resultado,"const resultado = await revokeKey(await atorAtual(), keyId);",,
apps/crm/src/app/settings/actions.ts,231,identifier,resultado,"const resultado = await createWebhook(await atorAtual(), {",,
apps/crm/src/app/settings/actions.ts,233,identifier,eventos,"eventos: lista(data, 'evento'),",,
apps/crm/src/app/settings/actions.ts,243,identifier,resultado,const resultado = await definirAtivoDoWebhook(,,
apps/crm/src/app/settings/actions.ts,256,identifier,resultado,"const resultado = await excluirWebhook(await atorAtual(), webhookId);",,
apps/crm/src/app/settings/api/page.tsx,1,identifier,botao,"import { Botao, Campo, Etiqueta, Tabela, type Column } from '@pipe/ui';",,
apps/crm/src/app/settings/api/page.tsx,1,identifier,campo,"import { Botao, Campo, Etiqueta, Tabela, type Column } from '@pipe/ui';",,
apps/crm/src/app/settings/api/page.tsx,1,identifier,etiqueta,"import { Botao, Campo, Etiqueta, Tabela, type Column } from '@pipe/ui';",,
apps/crm/src/app/settings/api/page.tsx,8,identifier,chaves,"import { lerEspaco, listarChaves, listarWebhooks } from '../../../lib/settings-data';",,
apps/crm/src/app/settings/api/page.tsx,8,identifier,espaco,"import { lerEspaco, listarChaves, listarWebhooks } from '../../../lib/settings-data';",,
apps/crm/src/app/settings/api/page.tsx,8,identifier,ler,"import { lerEspaco, listarChaves, listarWebhooks } from '../../../lib/settings-data';",,
apps/crm/src/app/settings/api/page.tsx,11,identifier,eventos,"CATALOGO_DE_EVENTOS,",,
apps/crm/src/app/settings/api/page.tsx,13,identifier,saida,"type WebhookDeSaida,",,
apps/crm/src/app/settings/api/page.tsx,52,identifier,chaves,function colunasDeChaves(fuso: string): readonly Column<ApiKey>[] {,,
apps/crm/src/app/settings/api/page.tsx,52,identifier,colunas,function colunasDeChaves(fuso: string): readonly Column<ApiKey>[] {,,
apps/crm/src/app/settings/api/page.tsx,104,identifier,colunas,function colunasDeWebhooks(fuso: string): readonly Column<WebhookDeSaida>[] {,,
apps/crm/src/app/settings/api/page.tsx,122,string-literal,entregas,"<span className=""cfg-entregas"">",,
apps/crm/src/app/settings/api/page.tsx,144,string-literal,entregas,"<span className=""cfg-entregas"">",,
apps/crm/src/app/settings/api/page.tsx,147,identifier,ativo,"campos={{ id: w.id, ativo: w.ativo ? 'nao' : 'sim' }}",,
apps/crm/src/app/settings/api/page.tsx,167,identifier,espaco,const espaco = await lerEspaco();,,
apps/crm/src/app/settings/api/page.tsx,168,identifier,chaves,const chaves = await listarChaves();,,
apps/crm/src/app/settings/api/page.tsx,195,string-literal,campo,"<label className=""cfg-campo"">",,
apps/crm/src/app/settings/api/page.tsx,232,string-literal,campo,"<label className=""cfg-campo"">",,
apps/crm/src/app/settings/api/page.tsx,248,identifier,evento,{CATALOGO_DE_EVENTOS.map((evento) => (,,
apps/crm/src/app/settings/fields/page.tsx,1,identifier,botao,"import { Botao, Campo, Etiqueta, Seletor, Tabela, type Column } from '@pipe/ui';",,
apps/crm/src/app/settings/fields/page.tsx,1,identifier,campo,"import { Botao, Campo, Etiqueta, Seletor, Tabela, type Column } from '@pipe/ui';",,
apps/crm/src/app/settings/fields/page.tsx,1,identifier,etiqueta,"import { Botao, Campo, Etiqueta, Seletor, Tabela, type Column } from '@pipe/ui';",,
apps/crm/src/app/settings/fields/page.tsx,8,identifier,campos,import { listarCamposPersonalizados } from '../../../lib/settings-data';,,
apps/crm/src/app/settings/fields/page.tsx,9,identifier,campo,"import { TIPOS_DE_CAMPO, type CampoPersonalizado } from '../../../lib/settings-comum';",,
apps/crm/src/app/settings/fields/page.tsx,11,identifier,campo,"import { actionCreateField, acaoExcluirCampo, acaoRenomearCampo } from '../actions';",,
apps/crm/src/app/settings/fields/page.tsx,45,identifier,colunas,const COLUNAS: readonly Column<CampoPersonalizado>[] = [,,
apps/crm/src/app/settings/fields/page.tsx,52,string-literal,oculto,"<span className=""cfg-oculto"">Rótulo de {c.codigo}</span>",,
apps/crm/src/app/settings/fields/page.tsx,56,string-literal,oculto,"<span className=""cfg-oculto"">Descrição de {c.codigo}</span>",,
apps/crm/src/app/settings/fields/page.tsx,94,identifier,campos,const campos = await listarCamposPersonalizados();,,
apps/crm/src/app/settings/fields/page.tsx,122,string-literal,campo,"<label className=""cfg-campo"">",,
apps/crm/src/app/settings/fields/page.tsx,126,string-literal,campo,"<label className=""cfg-campo"">",,
apps/crm/src/app/settings/fields/page.tsx,136,string-literal,campo,"<label className=""cfg-campo"">",,
apps/crm/src/app/settings/fields/page.tsx,147,string-literal,campo,"<label className=""cfg-campo"">",,
apps/crm/src/app/settings/members/page.tsx,1,identifier,botao,"import { Avatar, Botao, Campo, Etiqueta, Seletor, Tabela, type Column } from '@pipe/ui';",,
apps/crm/src/app/settings/members/page.tsx,1,identifier,campo,"import { Avatar, Botao, Campo, Etiqueta, Seletor, Tabela, type Column } from '@pipe/ui';",,
apps/crm/src/app/settings/members/page.tsx,1,identifier,etiqueta,"import { Avatar, Botao, Campo, Etiqueta, Seletor, Tabela, type Column } from '@pipe/ui';",,
apps/crm/src/app/settings/members/page.tsx,5,identifier,espaco,"lerEspaco,",,
apps/crm/src/app/settings/members/page.tsx,5,identifier,ler,"lerEspaco,",,
apps/crm/src/app/settings/members/page.tsx,6,identifier,convites,"listarConvitesPendentes,",,
apps/crm/src/app/settings/members/page.tsx,12,identifier,desde,"import { dataHora, desde } from '../../../lib/format';",,
apps/crm/src/app/settings/members/page.tsx,37,identifier,colunas,"function colunasDaEquipe(euId: string, papeis: RoleSummary[], fuso: string): readonly Column<Member>[] {",,
apps/crm/src/app/settings/members/page.tsx,37,identifier,equipe,"function colunasDaEquipe(euId: string, papeis: RoleSummary[], fuso: string): readonly Column<Member>[] {",,
apps/crm/src/app/settings/members/page.tsx,56,identifier,usuario,<FormularioDeLinha acao={actionSetRole} campos={{ usuarioId: m.id }}>,,
apps/crm/src/app/settings/members/page.tsx,58,string-literal,oculto,"<span className=""cfg-oculto"">Papel de {m.nome}</span>",,
apps/crm/src/app/settings/members/page.tsx,88,identifier,ativo,"campos={{ usuarioId: m.id, ativo: m.ativo ? 'nao' : 'sim' }}",,
apps/crm/src/app/settings/members/page.tsx,88,identifier,usuario,"campos={{ usuarioId: m.id, ativo: m.ativo ? 'nao' : 'sim' }}",,
apps/crm/src/app/settings/members/page.tsx,104,identifier,colunas,function colunasDeConvites(fuso: string): readonly Column<InvitationPending>[] {,,
apps/crm/src/app/settings/members/page.tsx,104,identifier,convites,function colunasDeConvites(fuso: string): readonly Column<InvitationPending>[] {,,
apps/crm/src/app/settings/members/page.tsx,136,identifier,espaco,const espaco = await lerEspaco();,,
apps/crm/src/app/settings/members/page.tsx,139,identifier,convites,const convites = await listarConvitesPendentes();,,
apps/crm/src/app/settings/members/page.tsx,152,string-literal,campo,"<label className=""cfg-campo"">",,
apps/crm/src/app/settings/members/page.tsx,163,string-literal,campo,"<label className=""cfg-campo"">",,
apps/crm/src/app/settings/page.tsx,18,string-literal,cabecalho,"<div className=""cfg-cabecalho"">",,
apps/crm/src/app/settings/page.tsx,25,identifier,grupo,{GROUPS.map((grupo) => (,,
apps/crm/src/app/settings/page.tsx,26,string-literal,grupo,"<section className=""cfg-grupo"" key={grupo.rotulo} aria-labelledby={`g-${grupo.rotulo}`}>",,
apps/crm/src/app/settings/profile/page.tsx,2,identifier,campo,"import { Avatar, Campo, Etiqueta } from '@pipe/ui';",,
apps/crm/src/app/settings/profile/page.tsx,2,identifier,etiqueta,"import { Avatar, Campo, Etiqueta } from '@pipe/ui';",,
apps/crm/src/app/settings/profile/page.tsx,6,identifier,espaco,"import { lerEspaco, userCurrent } from '../../../lib/settings-data';",,
apps/crm/src/app/settings/profile/page.tsx,6,identifier,ler,"import { lerEspaco, userCurrent } from '../../../lib/settings-data';",,
apps/crm/src/app/settings/profile/page.tsx,8,identifier,perfil,import { acaoSalvarPerfil } from '../actions';,,
apps/crm/src/app/settings/profile/page.tsx,36,identifier,espaco,const espaco = await lerEspaco();,,
apps/crm/src/app/settings/profile/page.tsx,48,string-literal,campo,"<label className=""cfg-campo"">",,
apps/crm/src/app/settings/profile/page.tsx,59,string-literal,campo,"<label className=""cfg-campo"">",,
apps/crm/src/app/settings/roles/[id]/page.tsx,3,identifier,etiqueta,"import { Etiqueta, Icone } from '@pipe/ui';",,
apps/crm/src/app/settings/roles/[id]/page.tsx,35,identifier,grupo,"const NOME_DO_GRUPO: Record<string, string> = {",,
apps/crm/src/app/settings/roles/[id]/page.tsx,36,identifier,conversa,"conversa: 'Conversa',",,
apps/crm/src/app/settings/roles/[id]/page.tsx,37,identifier,contato,"contato: 'Contato',",,
apps/crm/src/app/settings/roles/[id]/page.tsx,39,identifier,gestao,"gestao: 'Gestão',",,
apps/crm/src/app/settings/roles/[id]/page.tsx,40,identifier,monitoria,"monitoria: 'Monitoria',",,
apps/crm/src/app/settings/roles/[id]/page.tsx,41,identifier,automacao,"automacao: 'Automação',",,
apps/crm/src/app/settings/roles/[id]/page.tsx,42,identifier,administracao,"administracao: 'Administração',",,
apps/crm/src/app/settings/roles/[id]/page.tsx,67,string-literal,cabecalho,"<div className=""cfg-cabecalho"">",,
apps/crm/src/app/settings/roles/[id]/page.tsx,97,identifier,grupo,"{agrupar(catalogo).map(([grupo, itens]) => (",,
apps/crm/src/app/settings/roles/page.tsx,2,identifier,campo,"import { Campo, Etiqueta, Tabela, type Column } from '@pipe/ui';",,
apps/crm/src/app/settings/roles/page.tsx,2,identifier,etiqueta,"import { Campo, Etiqueta, Tabela, type Column } from '@pipe/ui';",,
apps/crm/src/app/settings/roles/page.tsx,27,identifier,colunas,const COLUNAS: readonly Column<RoleSummary>[] = [,,
apps/crm/src/app/settings/roles/page.tsx,82,string-literal,campo,"<label className=""cfg-campo"">",,
apps/crm/src/app/settings/roles/page.tsx,86,string-literal,campo,"<label className=""cfg-campo"">",,
apps/crm/src/app/settings/score-rules/page.tsx,1,identifier,etiqueta,"import { Etiqueta, Tabela, type Column } from '@pipe/ui';",,
apps/crm/src/app/settings/score-rules/page.tsx,2,identifier,regra,"import { conditionInText, listarRegras, type LinhaRegra } from '../../../lib/regras';",,
apps/crm/src/app/settings/score-rules/page.tsx,2,identifier,regras,"import { conditionInText, listarRegras, type LinhaRegra } from '../../../lib/regras';",,
apps/crm/src/app/settings/score-rules/page.tsx,3,identifier,pontos,"import { numero, pontos } from '../../../lib/format';",,
apps/crm/src/app/settings/score-rules/page.tsx,18,identifier,colunas,const COLUNAS: readonly Column<LinhaRegra>[] = [,,
apps/crm/src/app/settings/score-rules/page.tsx,37,identifier,regras,const regras = await listarRegras();,,
apps/crm/src/app/settings/score-rules/page.tsx,42,string-literal,cabecalho,"<div className=""p-cabecalho"">",,
apps/crm/src/app/settings/score-rules/page.tsx,57,identifier,versao,versions.map((versao) => {,,
apps/crm/src/app/settings/score-rules/page.tsx,58,identifier,versao,const daVersao = regras.filter((r) => r.versao === versao);,,
apps/crm/src/app/settings/score-rules/page.tsx,59,identifier,soma,const somaPositiva = daVersao,,
apps/crm/src/app/settings/score-rules/page.tsx,62,identifier,soma,const somaNegativa = daVersao,,
apps/crm/src/app/settings/settings.css,16,css-custom-property,campo,"*    One measurement is ours, not theirs: `--c-campo` at 420px. Twenty lets the field take the full 760px width, and a 7",,
apps/crm/src/app/settings/settings.css,21,css-custom-property,conteudo,--c-conteudo: 760px;,,
apps/crm/src/app/settings/settings.css,22,css-custom-property,campo,--c-campo: 420px;,,
apps/crm/src/app/settings/settings.css,28,css-custom-property,conteudo,max-width: var(--c-conteudo);,,
apps/crm/src/app/settings/settings.css,35,css-class,cabecalho,.cfg-cabecalho {,,
apps/crm/src/app/settings/settings.css,41,css-class,cabecalho,.cfg-cabecalho h2 {,,
apps/crm/src/app/settings/settings.css,51,css-class,cabecalho,.cfg-cabecalho p {,,
apps/crm/src/app/settings/settings.css,68,css-custom-property,conteudo,color: var(--p-conteudo-fantasma);,,
apps/crm/src/app/settings/settings.css,73,css-custom-property,conteudo,color: var(--p-conteudo);,,
apps/crm/src/app/settings/settings.css,79,css-class,grupo,.cfg-grupo {,,
apps/crm/src/app/settings/settings.css,85,css-class,grupo,.cfg-grupo > .lbl {,,
apps/crm/src/app/settings/settings.css,89,css-custom-property,espaco,letter-spacing: var(--p-rotulo-espaco);,,
apps/crm/src/app/settings/settings.css,91,css-custom-property,conteudo,color: var(--p-conteudo-fantasma);,,
apps/crm/src/app/settings/settings.css,113,css-custom-property,conteudo,color: var(--p-conteudo);,,
apps/crm/src/app/settings/settings.css,151,css-custom-property,fundo,background: var(--p-info-fundo);,,
apps/crm/src/app/settings/settings.css,152,css-custom-property,conteudo,color: var(--p-info-conteudo);,,
apps/crm/src/app/settings/settings.css,173,css-class,campo,.cfg-form-linha > .cfg-campo {,,
apps/crm/src/app/settings/settings.css,184,css-class,campo,.cfg-campo {,,
apps/crm/src/app/settings/settings.css,188,css-custom-property,campo,max-width: var(--c-campo);,,
apps/crm/src/app/settings/settings.css,192,css-class,campo,.cfg-campo > span:first-child {,,
apps/crm/src/app/settings/settings.css,195,css-custom-property,conteudo,color: var(--p-conteudo-desabilitado);,,
apps/crm/src/app/settings/settings.css,198,css-class,campo,.cfg-campo > .sub {,,
apps/crm/src/app/settings/settings.css,208,css-class,campo,.cfg-avatar > .cfg-campo {,,
apps/crm/src/app/settings/settings.css,214,css-class,aviso,.cfg-aviso {,,
apps/crm/src/app/settings/settings.css,220,css-class,aviso,.cfg-aviso.error {,,
apps/crm/src/app/settings/settings.css,226,css-class,aviso,.cfg-aviso.ok {,,
apps/crm/src/app/settings/settings.css,227,css-custom-property,fundo,background: var(--p-sucesso-fundo);,,
apps/crm/src/app/settings/settings.css,228,css-custom-property,conteudo,color: var(--p-sucesso-conteudo);,,
apps/crm/src/app/settings/settings.css,243,css-custom-property,fundo,background: var(--p-alerta-fundo);,,
apps/crm/src/app/settings/settings.css,244,css-custom-property,conteudo,color: var(--p-alerta-conteudo);,,
apps/crm/src/app/settings/settings.css,256,css-class,confirmar,.cfg-confirmar {,,
apps/crm/src/app/settings/settings.css,274,css-class,aviso,.cfg-linha-form .cfg-aviso {,,
apps/crm/src/app/settings/settings.css,299,css-custom-property,conteudo,color: var(--p-conteudo-desabilitado);,,
apps/crm/src/app/settings/settings.css,327,css-custom-property,conteudo,color: var(--p-conteudo-desabilitado);,,
apps/crm/src/app/settings/settings.css,378,css-custom-property,conteudo,color: var(--p-conteudo-fantasma);,,
apps/crm/src/app/settings/settings.css,408,css-custom-property,conteudo,color: var(--p-conteudo-fantasma);,,
apps/crm/src/app/settings/settings.css,420,css-class,dominios,".cfg-dominios,",,
apps/crm/src/app/settings/settings.css,430,css-class,dominios,.cfg-dominios li {,,
apps/crm/src/app/settings/settings.css,451,css-class,entregas,.cfg-entregas {,,
apps/crm/src/app/settings/settings.css,463,css-custom-property,conteudo,color: var(--p-conteudo);,,
apps/crm/src/app/settings/settings.css,470,css-class,oculto,.cfg-oculto {,,
apps/crm/src/app/settings/tiers/page.tsx,1,identifier,etiqueta,"import { Etiqueta, Tabela, type Column } from '@pipe/ui';",,
apps/crm/src/app/settings/tiers/page.tsx,2,identifier,faixa,"import { listarFaixas, type LinhaFaixa } from '../../../lib/regras';",,
apps/crm/src/app/settings/tiers/page.tsx,2,identifier,faixas,"import { listarFaixas, type LinhaFaixa } from '../../../lib/regras';",,
apps/crm/src/app/settings/tiers/page.tsx,9,identifier,menor,"menor_carga: 'menor carga',",,
apps/crm/src/app/settings/tiers/page.tsx,11,identifier,nenhuma,"nenhuma: 'nenhuma',",,
apps/crm/src/app/settings/tiers/page.tsx,14,identifier,colunas,const COLUNAS: readonly Column<LinhaFaixa>[] = [,,
apps/crm/src/app/settings/tiers/page.tsx,29,identifier,faixas,const faixas = await listarFaixas();,,
apps/crm/src/app/settings/tiers/page.tsx,33,string-literal,cabecalho,"<div className=""p-cabecalho"">",,
apps/crm/src/app/settings/workspace/page.tsx,1,identifier,campo,"import { Campo, Etiqueta, Seletor } from '@pipe/ui';",,
apps/crm/src/app/settings/workspace/page.tsx,1,identifier,etiqueta,"import { Campo, Etiqueta, Seletor } from '@pipe/ui';",,
apps/crm/src/app/settings/workspace/page.tsx,4,identifier,espaco,import { lerEspaco } from '../../../lib/settings-data';,,
apps/crm/src/app/settings/workspace/page.tsx,4,identifier,ler,import { lerEspaco } from '../../../lib/settings-data';,,
apps/crm/src/app/settings/workspace/page.tsx,6,identifier,espaco,import { acaoSalvarEspaco } from '../actions';,,
apps/crm/src/app/settings/workspace/page.tsx,21,identifier,fusos,function fusosConhecidos(atual: string): string[] {,,
apps/crm/src/app/settings/workspace/page.tsx,23,identifier,todos,const todos = Intl.supportedValuesOf('timeZone');,,
apps/crm/src/app/settings/workspace/page.tsx,32,identifier,operacao,"operacao: 'Operação',",,
apps/crm/src/app/settings/workspace/page.tsx,51,identifier,espaco,const espaco = await lerEspaco();,,
apps/crm/src/app/settings/workspace/page.tsx,52,identifier,fusos,const fusos = fusosConhecidos(espaco.fuso);,,
apps/crm/src/app/settings/workspace/page.tsx,62,string-literal,campo,"<label className=""cfg-campo"">",,
apps/crm/src/app/settings/workspace/page.tsx,67,string-literal,campo,"<label className=""cfg-campo"">",,
apps/crm/src/app/settings/workspace/page.tsx,81,string-literal,campo,"<label className=""cfg-campo"">",,
apps/crm/src/app/settings/workspace/page.tsx,134,string-literal,dominios,"<ul className=""cfg-dominios"">",,
apps/crm/src/components/celula-inline.tsx,4,identifier,campo,import { salvarCampoDoLead } from '../app/leads/actions';,,
apps/crm/src/components/celula-inline.tsx,5,identifier,campos,"import { CAMPOS_EDITAVEIS, normalizar, recusar, type KeyField } from '../lib/campos-editaveis';",,
apps/crm/src/components/celula-inline.tsx,5,identifier,normalizar,"import { CAMPOS_EDITAVEIS, normalizar, recusar, type KeyField } from '../lib/campos-editaveis';",,
apps/crm/src/components/celula-inline.tsx,41,identifier,campo,campo: KeyField;,,
apps/crm/src/components/celula-inline.tsx,56,identifier,texto,pintar?: (texto: string) => ReactNode;,,
apps/crm/src/components/celula-inline.tsx,59,identifier,campo,"export function CelulaInline({ leadId, campo, value, options = [], empty, pintar }: Props) {",,
apps/crm/src/components/celula-inline.tsx,60,identifier,maximo,"const { rotulo, tipo, maximo } = CAMPOS_EDITAVEIS[campo];",,
apps/crm/src/components/celula-inline.tsx,66,identifier,campo,const campoRef = useRef<HTMLInputElement | HTMLSelectElement | null>(null);,,
apps/crm/src/components/celula-inline.tsx,88,identifier,texto,const texto = tipo === 'selecao' ? rotuloDe(gravado) : gravado;,,
apps/crm/src/components/celula-inline.tsx,103,identifier,bruto,function gravar(bruto: string) {,,
apps/crm/src/components/colunas.tsx,1,path,colunas,apps/crm/src/components/colunas.tsx,,
apps/crm/src/components/colunas.tsx,38,identifier,ocultas,ocultas: string[];,,
apps/crm/src/components/colunas.tsx,41,identifier,arranjo,export interface Arranjo {,,
apps/crm/src/components/colunas.tsx,45,identifier,ocultas,ocultas: string[];,,
apps/crm/src/components/colunas.tsx,48,identifier,ocultas,"const VAZIA: Config = { order: [], ocultas: [] };",,
apps/crm/src/components/colunas.tsx,48,identifier,vazia,"const VAZIA: Config = { order: [], ocultas: [] };",,
apps/crm/src/components/colunas.tsx,59,identifier,chaves,"export function arranjar(chaves: readonly string[], cfg: Config, fixa: string): Arranjo {",,
apps/crm/src/components/colunas.tsx,60,identifier,existe,const existe = new Set(chaves);,,
apps/crm/src/components/colunas.tsx,61,identifier,moveis,const moveis = chaves.filter((c) => c !== fixa);,,
apps/crm/src/components/colunas.tsx,65,identifier,escondida,const escondida = new Set(cfg.ocultas.filter((c) => existe.has(c) && c !== fixa));,,
apps/crm/src/components/colunas.tsx,69,identifier,ocultas,"ocultas: todas.filter((c) => escondida.has(c)),",,
apps/crm/src/components/colunas.tsx,82,identifier,arranjo,"export function moverVisivel(arranjo: Arranjo, de: number, para: number): string[] {",,
apps/crm/src/components/colunas.tsx,82,identifier,para,"export function moverVisivel(arranjo: Arranjo, de: number, para: number): string[] {",,
apps/crm/src/components/colunas.tsx,84,identifier,referencia,const referencia = arranjo.visiveis[para];,,
apps/crm/src/components/colunas.tsx,86,identifier,cheia,const cheia = arranjo.todas.filter((c) => c !== alvo);,,
apps/crm/src/components/colunas.tsx,87,identifier,onde,const onde = cheia.indexOf(referencia);,,
apps/crm/src/components/colunas.tsx,92,identifier,ler,function ler(key: string): Config {,,
apps/crm/src/components/colunas.tsx,94,identifier,cru,const cru = localStorage.getItem(key);,,
apps/crm/src/components/colunas.tsx,96,identifier,lido,const lido: unknown = JSON.parse(cru);,,
apps/crm/src/components/colunas.tsx,98,identifier,ocultas,"const { order, ocultas } = lido as Partial<Config>;",,
apps/crm/src/components/colunas.tsx,101,identifier,ocultas,"ocultas: Array.isArray(ocultas) ? ocultas.filter((c) => typeof c === 'string') : [],",,
apps/crm/src/components/colunas.tsx,117,identifier,chaves,"export function useColunas(storageKey: string, chaves: readonly string[], fixa: string) {",,
apps/crm/src/components/colunas.tsx,117,identifier,colunas,"export function useColunas(storageKey: string, chaves: readonly string[], fixa: string) {",,
apps/crm/src/components/colunas.tsx,126,identifier,assinatura,const assinatura = chaves.join(' ');,,
apps/crm/src/components/colunas.tsx,127,identifier,arranjo,const arranjo = useMemo(,,
apps/crm/src/components/colunas.tsx,147,identifier,ocultas,"guardar({ order: arranjo.todas, ocultas: [...cfg.ocultas, column] }),",,
apps/crm/src/components/colunas.tsx,149,identifier,ocultas,"guardar({ order: arranjo.todas, ocultas: cfg.ocultas.filter((c) => c !== column) }),",,
apps/crm/src/components/colunas.tsx,150,identifier,para,"mover: (de: number, para: number) =>",,
apps/crm/src/components/colunas.tsx,151,identifier,ocultas,"guardar({ order: moverVisivel(arranjo, de, para), ocultas: cfg.ocultas }),",,
apps/crm/src/components/colunas.tsx,157,identifier,restaurar,restaurar: () => {,,
apps/crm/src/components/colunas.tsx,172,identifier,ocultas,ocultas: string[];,,
apps/crm/src/components/colunas.tsx,175,identifier,para,"aoMover: (de: number, para: number) => void;",,
apps/crm/src/components/colunas.tsx,184,identifier,colunas,export function ControleDeColunas({,,
apps/crm/src/components/colunas.tsx,188,identifier,ocultas,"ocultas,",,
apps/crm/src/components/colunas.tsx,196,identifier,sobre,"const [sobre, setSobre] = useState<number | null>(null);",,
apps/crm/src/components/colunas.tsx,201,identifier,fora,function fora(e: PointerEvent) {,,
apps/crm/src/components/colunas.tsx,215,identifier,soltar,function soltar(destination: number) {,,
apps/crm/src/components/colunas.tsx,222,string-literal,colunas,"<div className=""colunas"" ref={caixa}>",,
apps/crm/src/components/colunas.tsx,309,string-literal,oculta,"<li key={column} className=""oculta"">",,
apps/crm/src/components/esqueleto.tsx,1,path,esqueleto,apps/crm/src/components/esqueleto.tsx,,
apps/crm/src/components/esqueleto.tsx,21,identifier,esqueleto,export function EsqueletoDeTabela({,,
apps/crm/src/components/esqueleto.tsx,22,identifier,colunas,"colunas,",,
apps/crm/src/components/esqueleto.tsx,25,identifier,colunas,colunas: number;,,
apps/crm/src/components/esqueleto.tsx,30,string-literal,esqueleto,"<table className=""esqueleto"">",,
apps/crm/src/components/esqueleto.tsx,51,identifier,campos,export function EsqueletoDeCampos({ linhas = 6 }: { linhas?: number }) {,,
apps/crm/src/components/esqueleto.tsx,51,identifier,esqueleto,export function EsqueletoDeCampos({ linhas = 6 }: { linhas?: number }) {,,
apps/crm/src/components/esqueleto.tsx,53,string-literal,campos,"<div className=""campos"" aria-hidden=""true"">",,
apps/crm/src/components/ficha.tsx,25,identifier,campo,"export function Campo({ k, v }: { k: string; v: ReactNode }) {",,
apps/crm/src/components/ficha.tsx,60,identifier,campo,export interface CampoPrincipal {,,
apps/crm/src/components/ficha.tsx,78,identifier,etiquetas,"etiquetas,",,
apps/crm/src/components/ficha.tsx,85,identifier,etiquetas,etiquetas?: ReactNode;,,
apps/crm/src/components/ficha.tsx,181,identifier,pares,const pares = Object.entries(atributos);,,
apps/crm/src/components/ficha.tsx,187,string-literal,campos,"<div className=""campos"">",,
apps/crm/src/components/filters.tsx,42,identifier,proximos,href: (proximos: SFilter) => string;,,
apps/crm/src/components/filters.tsx,44,identifier,ativos,const ativos = FILTRAVEIS.filter((f) => filters[f.key] !== undefined);,,
apps/crm/src/components/filters.tsx,85,identifier,este,const semEste = { ...filters };,,
apps/crm/src/components/filters.tsx,85,identifier,sem,const semEste = { ...filters };,,
apps/crm/src/components/icones-crm.tsx,19,identifier,balao,balao:,,
apps/crm/src/components/icones-crm.tsx,29,identifier,colunas,"colunas: 'M4 6a2 2 0 0 1 2 -2h12a2 2 0 0 1 2 2v12a2 2 0 0 1 -2 2h-12a2 2 0 0 1 -2 -2zM12 4v16',",,
apps/crm/src/components/icones-crm.tsx,36,literal-value,fechado,'olho-fechado':,,
apps/crm/src/components/icones-crm.tsx,45,identifier,resto,...resto,,
apps/crm/src/components/linha-of-time.tsx,4,identifier,desde,"import { desde, dataHora } from '../lib/format';",,
apps/crm/src/components/linha-of-time.tsx,40,identifier,ligacao,"Ligação: 'telefone',",,
apps/crm/src/components/linha-of-time.tsx,43,identifier,conversa,"Conversa: 'balao',",,
apps/crm/src/components/linha-of-time.tsx,44,identifier,atendimento,"Atendimento: 'balao',",,
apps/crm/src/components/linha-of-time.tsx,51,identifier,evento,function IconeDoEvento({ tipo }: { tipo: string }) {,,
apps/crm/src/components/linha-of-time.tsx,77,identifier,ano,const groups: { ano: number; mes: string; itens: TimeItemRow[] }[] = [];,,
apps/crm/src/components/linha-of-time.tsx,86,identifier,ano,const ano = Number(partes.find((p) => p.type === 'year')?.value ?? '0');,,
apps/crm/src/components/linha-of-time.tsx,90,identifier,ano,"else groups.push({ ano, mes, itens: [item] });",,
apps/crm/src/components/linha-of-time.tsx,93,identifier,ano,let anoAnterior: number | null = null;,,
apps/crm/src/components/linha-of-time.tsx,95,identifier,ano,const mostrarAno = g.ano !== anoAnterior;,,
apps/crm/src/components/linha-of-time.tsx,105,identifier,agora,"agora,",,
apps/crm/src/components/linha-of-time.tsx,109,identifier,agora,agora: Date;,,
apps/crm/src/components/linha-of-time.tsx,133,string-literal,fio,"{i < mes.itens.length - 1 ? <span className=""fio"" /> : null}",,
apps/crm/src/components/linha-of-time.tsx,138,string-literal,quem,"{item.autor ? <span className=""quem"">por {item.autor}</span> : null}",,
apps/crm/src/components/linha-of-time.tsx,140,string-literal,quando,"className=""quando""",,
apps/crm/src/components/linha-of-time.tsx,147,string-literal,resumo,"{item.corpo ? <p className=""resumo"">{item.corpo}</p> : null}",,
apps/crm/src/components/lista-de-leads.tsx,6,identifier,etiqueta,"import { Etiqueta, EmptyState } from '@pipe/ui';",,
apps/crm/src/components/lista-de-leads.tsx,18,identifier,grupo,"type Grupo,",,
apps/crm/src/components/lista-de-leads.tsx,23,identifier,desde,"import { desde, numero } from '../lib/format';",,
apps/crm/src/components/lista-de-leads.tsx,25,identifier,colunas,"import { ControleDeColunas, useColunas } from './colunas';",,
apps/crm/src/components/lista-de-leads.tsx,64,identifier,campo,function ehCampoDeTexto(alvo: EventTarget | null): boolean {,,
apps/crm/src/components/lista-de-leads.tsx,64,identifier,texto,function ehCampoDeTexto(alvo: EventTarget | null): boolean {,,
apps/crm/src/components/lista-de-leads.tsx,103,identifier,colunas,const COLUNAS: readonly ColumnLead[] = [,,
apps/crm/src/components/lista-de-leads.tsx,211,identifier,agora,agora: Date;,,
apps/crm/src/components/lista-de-leads.tsx,218,identifier,proprietarios,proprietarios: Proprietario[];,,
apps/crm/src/components/lista-de-leads.tsx,226,identifier,agora,"agora,",,
apps/crm/src/components/lista-de-leads.tsx,233,identifier,proprietarios,"proprietarios,",,
apps/crm/src/components/lista-de-leads.tsx,239,identifier,recado,"const [recado, setRecado] = useState<string | null>(null);",,
apps/crm/src/components/lista-de-leads.tsx,260,identifier,arranjo,const arranjo = useColunas(,,
apps/crm/src/components/lista-de-leads.tsx,269,identifier,colunas,const colunas = useMemo(() => {,,
apps/crm/src/components/lista-de-leads.tsx,276,identifier,todos,"const todos = useMemo(() => groups.flatMap((g) => g.linhas), [groups]);",,
apps/crm/src/components/lista-de-leads.tsx,282,identifier,todos,const todosMarcados = todos.length > 0 && marcados.size === todos.length;,,
apps/crm/src/components/lista-de-leads.tsx,359,identifier,com,"function alternar(id: string, indice: number, comShift: boolean) {",,
apps/crm/src/components/lista-de-leads.tsx,359,identifier,shift,"function alternar(id: string, indice: number, comShift: boolean) {",,
apps/crm/src/components/lista-de-leads.tsx,382,identifier,todos,function alternarTodos() {,,
apps/crm/src/components/lista-de-leads.tsx,416,identifier,dir,"if (order !== key) return endereco({ order: key, dir: directionInitial(key) });",,
apps/crm/src/components/lista-de-leads.tsx,418,identifier,dir,"return endereco({ ordem: key, dir: direction === 'asc' ? 'desc' : 'asc' });",,
apps/crm/src/components/lista-de-leads.tsx,418,identifier,ordem,"return endereco({ ordem: key, dir: direction === 'asc' ? 'desc' : 'asc' });",,
apps/crm/src/components/lista-de-leads.tsx,420,identifier,dir,"return endereco({ ordem: null, dir: null });",,
apps/crm/src/components/lista-de-leads.tsx,420,identifier,ordem,"return endereco({ ordem: null, dir: null });",,
apps/crm/src/components/lista-de-leads.tsx,423,identifier,feito,"function executar(acao: () => Promise<{ mudadas: number; pedidas: number }>, feito: string) {",,
apps/crm/src/components/lista-de-leads.tsx,496,string-literal,recado,"<p className=""recado"" role=""status"">",,
apps/crm/src/components/lista-de-leads.tsx,584,identifier,grupo,{groups.map((grupo) => (,,
apps/crm/src/components/lista-de-leads.tsx,587,string-literal,grupo,"<tr className=""grupo"">",,
apps/crm/src/components/lista-de-leads.tsx,664,identifier,quantos,"quantos,",,
apps/crm/src/components/lista-de-leads.tsx,665,identifier,proprietarios,"proprietarios,",,
apps/crm/src/components/lista-de-leads.tsx,671,identifier,quantos,quantos: number;,,
apps/crm/src/components/lista-de-leads.tsx,672,identifier,proprietarios,proprietarios: Proprietario[];,,
apps/crm/src/components/lista-de-leads.tsx,724,identifier,texto,const texto =,,
apps/crm/src/components/menu-de-comando.tsx,6,identifier,resultado,"import { ROTULO_DO_TIPO, type Resultado, type TipoDeResultado } from '../lib/search-tipos';",,
apps/crm/src/components/menu-de-comando.tsx,38,identifier,termo,"const [termo, setTermo] = useState('');",,
apps/crm/src/components/menu-de-comando.tsx,42,identifier,campo,const campo = useRef<HTMLInputElement>(null);,,
apps/crm/src/components/menu-de-comando.tsx,44,identifier,pedido,const pedido = useRef(0);,,
apps/crm/src/components/menu-de-comando.tsx,56,identifier,evento,function aoTeclar(evento: KeyboardEvent) {,,
apps/crm/src/components/menu-de-comando.tsx,59,identifier,estava,setAberto((estava) => !estava);,,
apps/crm/src/components/menu-de-comando.tsx,105,identifier,resultado,(resultado: Resultado) => {,,
apps/crm/src/components/menu-de-comando.tsx,112,identifier,campo,function aoTeclarNoCampo(evento: React.KeyboardEvent) {,,
apps/crm/src/components/menu-de-comando.tsx,112,identifier,evento,function aoTeclarNoCampo(evento: React.KeyboardEvent) {,,
apps/crm/src/components/menu-de-comando.tsx,145,string-literal,cmd,"<div className=""c-cmd-veu"" onClick={fechar} aria-hidden=""true"" />",,
apps/crm/src/components/menu-de-comando.tsx,147,string-literal,cmd,"<div className=""c-cmd"" role=""dialog"" aria-modal=""true"" aria-label=""Buscar"">",,
apps/crm/src/components/menu-de-comando.tsx,148,string-literal,campo,"<div className=""c-cmd-campo"">",,
apps/crm/src/components/menu-de-comando.tsx,148,string-literal,cmd,"<div className=""c-cmd-campo"">",,
apps/crm/src/components/menu-de-comando.tsx,161,string-literal,cmd,"<div className=""c-cmd-lista"">",,
apps/crm/src/components/menu-de-comando.tsx,163,string-literal,cmd,"<p className=""c-cmd-dica"">",,
apps/crm/src/components/menu-de-comando.tsx,163,string-literal,dica,"<p className=""c-cmd-dica"">",,
apps/crm/src/components/menu-de-comando.tsx,168,string-literal,cmd,"<p className=""c-cmd-dica"">Buscando…</p>",,
apps/crm/src/components/menu-de-comando.tsx,168,string-literal,dica,"<p className=""c-cmd-dica"">Buscando…</p>",,
apps/crm/src/components/menu-de-comando.tsx,170,string-literal,cmd,"<p className=""c-cmd-dica"">Nada encontrado para “{termo.trim()}”.</p>",,
apps/crm/src/components/menu-de-comando.tsx,170,string-literal,dica,"<p className=""c-cmd-dica"">Nada encontrado para “{termo.trim()}”.</p>",,
apps/crm/src/components/menu-de-comando.tsx,174,string-literal,cmd,"<div className=""c-cmd-grupo"">{ROTULO_DO_TIPO[tipo]}</div>",,
apps/crm/src/components/menu-de-comando.tsx,174,string-literal,grupo,"<div className=""c-cmd-grupo"">{ROTULO_DO_TIPO[tipo]}</div>",,
apps/crm/src/components/quadro-funil.tsx,1,path,quadro,apps/crm/src/components/quadro-funil.tsx,,
apps/crm/src/components/quadro-funil.tsx,5,identifier,move,import { moveOpportunity } from '../app/opportunities/actions';,,
apps/crm/src/components/quadro-funil.tsx,6,identifier,etiqueta,"import { Etiqueta, Seletor } from '@pipe/ui';",,
apps/crm/src/components/quadro-funil.tsx,47,identifier,vencido,diasVencido: number | null;,,
apps/crm/src/components/quadro-funil.tsx,55,identifier,quadro,"export function QuadroFunil({ fases, cards }: Props) {",,
apps/crm/src/components/quadro-funil.tsx,60,identifier,visao,"const [visao, moverOtimista] = useOptimistic(",,
apps/crm/src/components/quadro-funil.tsx,110,string-literal,vazia,"<p className=""lane-vazia"">Nada nesta fase.</p>",,
apps/crm/src/components/redimensionar.ts,25,identifier,maxima,const MAXIMA = 640;,,
apps/crm/src/components/redimensionar.ts,31,identifier,ler,function ler(key: string): Larguras {,,
apps/crm/src/components/redimensionar.ts,33,identifier,cru,const cru = localStorage.getItem(key);,,
apps/crm/src/components/redimensionar.ts,35,identifier,lido,const lido: unknown = JSON.parse(cru);,,
apps/crm/src/components/redimensionar.ts,108,identifier,evento,return (evento: PointerEvent) => {,,
apps/crm/src/components/redimensionar.ts,116,identifier,evento,function aoMover(evento: PointerEvent) {,,
apps/crm/src/components/redimensionar.ts,122,identifier,soltar,function aoSoltar() {,,
apps/crm/src/components/redimensionar.ts,133,identifier,evento,return (evento: React.KeyboardEvent) => {,,
apps/crm/src/components/redimensionar.ts,147,identifier,resto,const resto = Object.fromEntries(,,
apps/crm/src/components/redimensionar.ts,159,identifier,soltar,"aoSoltar,",,
apps/crm/src/components/redimensionar.ts,163,identifier,maxima,"MAXIMA,",,
apps/crm/src/components/settings/cabecalho.tsx,1,path,cabecalho,apps/crm/src/components/settings/cabecalho.tsx,,
apps/crm/src/components/settings/cabecalho.tsx,131,string-literal,cabecalho,"<div className=""cfg-cabecalho"">",,
apps/crm/src/components/settings/formulario.tsx,5,identifier,botao,import { Botao } from '@pipe/ui';,,
apps/crm/src/components/settings/formulario.tsx,6,identifier,resultado,import type { Resultado } from '../../lib/settings-comum';,,
apps/crm/src/components/settings/formulario.tsx,31,identifier,botao,"botao,",,
apps/crm/src/components/settings/formulario.tsx,32,identifier,botao,"rotuloBotao = 'Salvar',",,
apps/crm/src/components/settings/formulario.tsx,38,identifier,botao,botao?: ReactNode;,,
apps/crm/src/components/settings/formulario.tsx,39,identifier,botao,rotuloBotao?: string;,,
apps/crm/src/components/settings/formulario.tsx,42,identifier,resultado,"const [resultado, enviar] = useActionState(acao, null);",,
apps/crm/src/components/settings/formulario.tsx,70,identifier,campos,"campos,",,
apps/crm/src/components/settings/formulario.tsx,74,identifier,campos,"campos: Record<string, string>;",,
apps/crm/src/components/settings/formulario.tsx,77,identifier,resultado,"const [resultado, enviar] = useActionState(acao, null);",,
apps/crm/src/components/settings/formulario.tsx,86,string-literal,aviso,"<span className=""cfg-aviso error"" role=""alert"">",,
apps/crm/src/components/settings/formulario.tsx,95,identifier,botao,export function BotaoDeEnvio({,,
apps/crm/src/components/settings/formulario.tsx,100,literal-value,padrao,variante?: 'padrao' | 'primario' | 'perigo';,,
apps/crm/src/components/settings/formulario.tsx,121,identifier,confirmar,"rotuloConfirmar = 'Confirmar',",,
apps/crm/src/components/settings/formulario.tsx,125,identifier,confirmar,rotuloConfirmar?: string;,,
apps/crm/src/components/settings/formulario.tsx,139,string-literal,confirmar,"<span className=""cfg-confirmar"">",,
apps/crm/src/components/settings/formulario.tsx,157,identifier,resultado,function Resposta({ resultado }: { resultado: Resultado | null }) {,,
apps/crm/src/components/settings/formulario.tsx,162,string-literal,aviso,"<span className=""cfg-aviso error"" role=""alert"">",,
apps/crm/src/components/settings/formulario.tsx,171,string-literal,aviso,"<span className=""cfg-aviso ok"" role=""status"">",,
apps/crm/src/components/settings/formulario.tsx,187,identifier,copiado,"const [copiado, setCopiado] = useState(false);",,
apps/crm/src/components/settings/formulario.tsx,188,identifier,campo,const idCampo = useId();,,
apps/crm/src/components/settings/formulario.tsx,194,string-literal,campo,"<input id={idCampo} className=""campo mono"" readOnly value={value} />",,
apps/crm/src/components/settings/seletor-de-tema.tsx,31,identifier,texto,"const ROTULOS: Record<Tema, { texto: string; icone: 'sol' | 'lua' | 'engrenagem' }> = {",,
apps/crm/src/components/settings/seletor-de-tema.tsx,31,literal-value,engrenagem,"const ROTULOS: Record<Tema, { texto: string; icone: 'sol' | 'lua' | 'engrenagem' }> = {",,
apps/crm/src/components/settings/seletor-de-tema.tsx,32,identifier,texto,"sistema: { texto: 'Do sistema', icone: 'engrenagem' },",,
apps/crm/src/components/settings/seletor-de-tema.tsx,33,identifier,texto,"claro: { texto: 'Claro', icone: 'sol' },",,
apps/crm/src/components/settings/seletor-de-tema.tsx,34,identifier,escuro,"escuro: { texto: 'Escuro', icone: 'lua' },",,
apps/crm/src/components/settings/seletor-de-tema.tsx,34,identifier,texto,"escuro: { texto: 'Escuro', icone: 'lua' },",,
apps/crm/src/components/structure-crm.tsx,9,identifier,ativo,"estaAtivo,",,
apps/crm/src/components/structure-crm.tsx,9,identifier,esta,"estaAtivo,",,
apps/crm/src/components/structure-crm.tsx,68,identifier,publico,const PUBLICO = /^\/(login|invite)(\/|$)/;,,
apps/crm/src/components/structure-crm.tsx,97,string-literal,conteudo,"<main className=""c-conteudo"">{children}</main>",,
apps/crm/src/components/views-salvas.tsx,27,identifier,visao,interface Visao {,,
apps/crm/src/components/views-salvas.tsx,32,identifier,ler,function ler(): Visao[] {,,
apps/crm/src/components/views-salvas.tsx,34,identifier,cru,const cru = localStorage.getItem(KEY);,,
apps/crm/src/components/views-salvas.tsx,36,identifier,lido,const lido: unknown = JSON.parse(cru);,,
apps/crm/src/components/views-salvas.tsx,95,identifier,escolhida,const escolhida = views.find((v) => v.nome === e.target.value);,,
apps/crm/src/lib/accounts.ts,1,identifier,asc,"import { and, asc, desc, eq, isNull, sql } from 'drizzle-orm';",,
apps/crm/src/lib/accounts.ts,1,identifier,desc,"import { and, asc, desc, eq, isNull, sql } from 'drizzle-orm';",,
apps/crm/src/lib/accounts.ts,3,identifier,para,"import { consultar, paraData, paraNumero } from './database';",,
apps/crm/src/lib/accounts.ts,20,identifier,limite,export const LIMITE_LISTA = 200;,,
apps/crm/src/lib/accounts.ts,36,identifier,termo,const termo = search.trim();,,
apps/crm/src/lib/accounts.ts,60,identifier,conta,".select({ contaId: contact.accountId, n: sql<number>`count(*)::int` })",,
apps/crm/src/lib/accounts.ts,66,identifier,conta,".select({ contaId: lead.contaId, n: sql<number>`count(*)::int` })",,
apps/crm/src/lib/accounts.ts,73,identifier,conta,"contaId: opportunity.accountId,",,
apps/crm/src/lib/accounts.ts,75,identifier,valor,"valor: sql<string>`coalesce(sum(${opportunity.value}), 0)`,",,
apps/crm/src/lib/accounts.ts,107,identifier,faixa,faixa: string | null;,,
apps/crm/src/lib/accounts.ts,118,identifier,fechada,fechadaEm: Date | null;,,
apps/crm/src/lib/accounts.ts,139,identifier,cabeca,const [cabeca] = await tx,,
apps/crm/src/lib/accounts.ts,169,identifier,faixa,"faixa: lead.faixaAtual,",,
apps/crm/src/lib/accounts.ts,185,identifier,fechada,"fechadaEm: opportunity.fechadaEm,",,
apps/crm/src/lib/accounts.ts,202,identifier,fechada,"fechadaEm: paraData(o.fechadaEm),",,
apps/crm/src/lib/campos-editaveis.ts,1,path,campos,apps/crm/src/lib/campos-editaveis.ts,,
apps/crm/src/lib/campos-editaveis.ts,16,identifier,campo,export type TipoCampo = 'texto' | 'selecao';,,
apps/crm/src/lib/campos-editaveis.ts,16,literal-value,texto,export type TipoCampo = 'texto' | 'selecao';,,
apps/crm/src/lib/campos-editaveis.ts,18,identifier,campo,export interface CampoEditavel {,,
apps/crm/src/lib/campos-editaveis.ts,22,identifier,maximo,maximo: number;,,
apps/crm/src/lib/campos-editaveis.ts,25,identifier,campos,export const CAMPOS_EDITAVEIS = {,,
apps/crm/src/lib/campos-editaveis.ts,26,identifier,maximo,"email: { rotulo: 'E-mail', tipo: 'texto', maximo: 254 },",,
apps/crm/src/lib/campos-editaveis.ts,26,literal-value,texto,"email: { rotulo: 'E-mail', tipo: 'texto', maximo: 254 },",,
apps/crm/src/lib/campos-editaveis.ts,27,identifier,maximo,"telefone: { rotulo: 'Telefone', tipo: 'texto', maximo: 32 },",,
apps/crm/src/lib/campos-editaveis.ts,27,literal-value,texto,"telefone: { rotulo: 'Telefone', tipo: 'texto', maximo: 32 },",,
apps/crm/src/lib/campos-editaveis.ts,28,identifier,maximo,"origem: { rotulo: 'Origem', tipo: 'texto', maximo: 120 },",,
apps/crm/src/lib/campos-editaveis.ts,28,literal-value,texto,"origem: { rotulo: 'Origem', tipo: 'texto', maximo: 120 },",,
apps/crm/src/lib/campos-editaveis.ts,29,identifier,maximo,"campanha: { rotulo: 'Campanha', tipo: 'texto', maximo: 120 },",,
apps/crm/src/lib/campos-editaveis.ts,29,literal-value,texto,"campanha: { rotulo: 'Campanha', tipo: 'texto', maximo: 120 },",,
apps/crm/src/lib/campos-editaveis.ts,31,identifier,maximo,"proprietario: { rotulo: 'Proprietário', tipo: 'selecao', maximo: 36 },",,
apps/crm/src/lib/campos-editaveis.ts,36,identifier,chaves,const CHAVES: readonly string[] = Object.keys(CAMPOS_EDITAVEIS);,,
apps/crm/src/lib/campos-editaveis.ts,38,identifier,campo,export function campoValido(value: string): value is KeyField {,,
apps/crm/src/lib/campos-editaveis.ts,43,identifier,normalizar,export function normalizar(value: string): string | null {,,
apps/crm/src/lib/campos-editaveis.ts,58,identifier,campo,"export function recusar(campo: KeyField, value: string | null): string | null {",,
apps/crm/src/lib/contacts.ts,1,identifier,asc,"import { and, asc, desc, eq, inArray, isNull, sql } from 'drizzle-orm';",,
apps/crm/src/lib/contacts.ts,1,identifier,desc,"import { and, asc, desc, eq, inArray, isNull, sql } from 'drizzle-orm';",,
apps/crm/src/lib/contacts.ts,11,identifier,para,"import { consultar, paraData } from './database';",,
apps/crm/src/lib/contacts.ts,27,identifier,limite,export const LIMITE_LISTA = 200;,,
apps/crm/src/lib/contacts.ts,37,identifier,faixa,faixa: string | null;,,
apps/crm/src/lib/contacts.ts,44,identifier,termo,const termo = search.trim();,,
apps/crm/src/lib/contacts.ts,61,identifier,faixa,"faixa: lead.faixaAtual,",,
apps/crm/src/lib/contacts.ts,76,identifier,contato,"contatoId: conversation.contatoId,",,
apps/crm/src/lib/contacts.ts,105,identifier,categoria,categoria: string | null;,,
apps/crm/src/lib/contacts.ts,106,identifier,resumo,resumo: string | null;,,
apps/crm/src/lib/contacts.ts,126,identifier,faixa,faixa: string | null;,,
apps/crm/src/lib/contacts.ts,134,identifier,cabeca,const [cabeca] = await tx,,
apps/crm/src/lib/contacts.ts,149,identifier,faixa,"faixa: lead.faixaAtual,",,
apps/crm/src/lib/contacts.ts,168,identifier,categoria,"categoria: classificationConversation.categoria,",,
apps/crm/src/lib/contacts.ts,169,identifier,resumo,"resumo: classificationConversation.resumo,",,
apps/crm/src/lib/database.ts,5,identifier,com,"import { createDatabase, comTenant, type Ator, type DatabasePipe, type TransactionPipe } from '@pipe/db';",,
apps/crm/src/lib/database.ts,27,identifier,com,const globalComPool = globalThis as unknown as {,,
apps/crm/src/lib/database.ts,138,identifier,para,export function paraData(value: unknown): Date | null {,,
apps/crm/src/lib/database.ts,149,identifier,para,export function paraNumero(value: unknown): number | null {,,
apps/crm/src/lib/format.ts,11,identifier,percentual,export function percentual(fraction: number | null | undefined): string {,,
apps/crm/src/lib/format.ts,55,identifier,agora,"export function desde(instante: Date | null | undefined, fuso: string, agora = new Date()): string {",,
apps/crm/src/lib/format.ts,55,identifier,desde,"export function desde(instante: Date | null | undefined, fuso: string, agora = new Date()): string {",,
apps/crm/src/lib/format.ts,75,identifier,cru,"const cru = value.replace(/[^0-9A-Za-z]/g, '');",,
apps/crm/src/lib/format.ts,82,identifier,pontos,export function pontos(value: number): string {,,
apps/crm/src/lib/funil.ts,1,identifier,asc,"import { and, asc, desc, eq, isNotNull, isNull, sql } from 'drizzle-orm';",,
apps/crm/src/lib/funil.ts,1,identifier,desc,"import { and, asc, desc, eq, isNotNull, isNull, sql } from 'drizzle-orm';",,
apps/crm/src/lib/funil.ts,3,identifier,para,"import { consultar, paraData, paraNumero } from './database';",,
apps/crm/src/lib/funil.ts,14,literal-value,fechamento,"export const FASES = ['Novo', 'Qualificado', 'Reunião', 'Proposta', 'Fechamento'] as const;",,
apps/crm/src/lib/funil.ts,41,identifier,colunas,colunas: ColumnFunnel[];,,
apps/crm/src/lib/funil.ts,42,identifier,geral,totalGeral: number;,,
apps/crm/src/lib/funil.ts,44,identifier,geral,ponderadoGeral: number;,,
apps/crm/src/lib/funil.ts,53,identifier,valor,"valor: opportunity.value,",,
apps/crm/src/lib/funil.ts,54,identifier,probabilidade,"probabilidade: opportunity.probability,",,
apps/crm/src/lib/funil.ts,56,identifier,fechamento,"fechamentoPrevisto: opportunity.closingExpected,",,
apps/crm/src/lib/funil.ts,58,identifier,conta,"contaNome: account.name,",,
apps/crm/src/lib/funil.ts,70,identifier,colunas,const colunas: ColumnFunnel[] = FASES.map((fase) => ({,,
apps/crm/src/lib/funil.ts,76,identifier,geral,let ponderadoGeral = 0;,,
apps/crm/src/lib/funil.ts,99,identifier,colunas,"colunas,",,
apps/crm/src/lib/funil.ts,100,identifier,geral,"totalGeral: colunas.reduce((s, c) => s + c.total, 0),",,
apps/crm/src/lib/funil.ts,102,identifier,geral,"ponderadoGeral,",,
apps/crm/src/lib/funil.ts,116,identifier,fechamento,"Fechamento: 85,",,
apps/crm/src/lib/funil.ts,135,identifier,chave,"{ chave: 'abertas', rotulo: 'Abertas' },",,
apps/crm/src/lib/funil.ts,136,identifier,chave,"{ chave: 'ganhas', rotulo: 'Ganhas' },",,
apps/crm/src/lib/funil.ts,137,identifier,chave,"{ chave: 'perdidas', rotulo: 'Perdidas' },",,
apps/crm/src/lib/funil.ts,138,identifier,chave,"{ chave: 'todas', rotulo: 'Todas' },",,
apps/crm/src/lib/funil.ts,148,identifier,limite,export const LIMITE_LISTA = 200;,,
apps/crm/src/lib/funil.ts,161,identifier,fechada,fechadaEm: Date | null;,,
apps/crm/src/lib/funil.ts,165,identifier,slice,function situationSlice(situation: Situation) {,,
apps/crm/src/lib/funil.ts,178,identifier,termo,const termo = search.trim();,,
apps/crm/src/lib/funil.ts,196,identifier,fechada,"fechadaEm: opportunity.fechadaEm,",,
apps/crm/src/lib/funil.ts,212,identifier,fechada,"fechadaEm: paraData(o.fechadaEm),",,
apps/crm/src/lib/funil.ts,223,identifier,faixa,faixa: string | null;,,
apps/crm/src/lib/funil.ts,232,identifier,cabeca,const [cabeca] = await tx,,
apps/crm/src/lib/funil.ts,239,identifier,contato,"contatoId: lead.contactId,",,
apps/crm/src/lib/funil.ts,241,identifier,faixa,"faixa: lead.faixaAtual,",,
apps/crm/src/lib/funil.ts,248,identifier,fechada,"fechadaEm: opportunity.fechadaEm,",,
apps/crm/src/lib/funil.ts,277,identifier,fechada,"fechadaEm: opportunity.fechadaEm,",,
apps/crm/src/lib/funil.ts,295,identifier,fechada,"fechadaEm: paraData(cabeca.fechadaEm),",,
apps/crm/src/lib/funil.ts,301,identifier,fechada,"fechadaEm: paraData(o.fechadaEm),",,
apps/crm/src/lib/funil.ts,308,identifier,para,"export async function moverParaFase(opportunityId: string, fase: Fase): Promise<void> {",,
apps/crm/src/lib/funil.ts,315,identifier,atualizado,"atualizadoEm: sql`now()`,",,
apps/crm/src/lib/leads-visao.ts,1,path,visao,apps/crm/src/lib/leads-visao.ts,,
apps/crm/src/lib/leads-visao.ts,37,identifier,chave,"{ chave: 'todos', rotulo: 'Todos' },",,
apps/crm/src/lib/leads-visao.ts,37,literal-value,todos,"{ chave: 'todos', rotulo: 'Todos' },",,
apps/crm/src/lib/leads-visao.ts,38,identifier,chave,"{ chave: 'novos', rotulo: 'Novos' },",,
apps/crm/src/lib/leads-visao.ts,39,identifier,chave,"{ chave: 'qualificados', rotulo: 'Qualificados' },",,
apps/crm/src/lib/leads-visao.ts,40,identifier,chave,"{ chave: 'sem-proprietario', rotulo: 'Sem proprietário' },",,
apps/crm/src/lib/leads-visao.ts,40,literal-value,sem,"{ chave: 'sem-proprietario', rotulo: 'Sem proprietário' },",,
apps/crm/src/lib/leads-visao.ts,41,identifier,chave,"{ chave: 'parados', rotulo: 'Parados há 7 dias' },",,
apps/crm/src/lib/leads-visao.ts,42,identifier,chave,"{ chave: 'desqualificados', rotulo: 'Desqualificados' },",,
apps/crm/src/lib/leads-visao.ts,52,identifier,limite,export const LIMITE_LISTA = 200;,,
apps/crm/src/lib/leads-visao.ts,59,identifier,faixa,faixa: string | null;,,
apps/crm/src/lib/leads-visao.ts,82,identifier,chave,"{ chave: 'nenhum', rotulo: 'Sem agrupamento' },",,
apps/crm/src/lib/leads-visao.ts,82,literal-value,nenhum,"{ chave: 'nenhum', rotulo: 'Sem agrupamento' },",,
apps/crm/src/lib/leads-visao.ts,83,identifier,chave,"{ chave: 'proprietario', rotulo: 'Proprietário' },",,
apps/crm/src/lib/leads-visao.ts,84,identifier,chave,"{ chave: 'origem', rotulo: 'Origem' },",,
apps/crm/src/lib/leads-visao.ts,85,identifier,chave,"{ chave: 'fase', rotulo: 'Fase' },",,
apps/crm/src/lib/leads-visao.ts,86,identifier,chave,"{ chave: 'faixa', rotulo: 'Faixa de score' },",,
apps/crm/src/lib/leads-visao.ts,86,literal-value,faixa,"{ chave: 'faixa', rotulo: 'Faixa de score' },",,
apps/crm/src/lib/leads-visao.ts,107,identifier,grupo,export interface Grupo {,,
apps/crm/src/lib/leads-visao.ts,132,identifier,dela,".map(([titulo, dela]) => ({ titulo, linhas: dela }))",,
apps/crm/src/lib/leads-visao.ts,159,literal-value,faixa,"'faixa',",,
apps/crm/src/lib/leads-visao.ts,165,literal-value,nenhuma,export type Order = (typeof ORDENAVEIS)[number] | 'nenhuma';,,
apps/crm/src/lib/leads-visao.ts,166,literal-value,asc,export type Direction = 'asc' | 'desc';,,
apps/crm/src/lib/leads-visao.ts,166,literal-value,desc,export type Direction = 'asc' | 'desc';,,
apps/crm/src/lib/leads-visao.ts,199,literal-value,faixa,"{ key: 'faixa', rotulo: 'Faixa de score' },",,
apps/crm/src/lib/leads-visao.ts,225,identifier,saida,const saida: SFilter = {};,,
apps/crm/src/lib/leads-visao.ts,231,identifier,texto,const texto = Array.isArray(value) ? value[0] : value;,,
apps/crm/src/lib/leads.ts,1,identifier,desc,"import { and, desc, eq, inArray, isNull, lt, sql } from 'drizzle-orm';",,
apps/crm/src/lib/leads.ts,11,identifier,etiqueta,"etiqueta,",,
apps/crm/src/lib/leads.ts,12,identifier,faixa,"faixaScore,",,
apps/crm/src/lib/leads.ts,16,identifier,versao,"formularioVersao,",,
apps/crm/src/lib/leads.ts,18,identifier,regra,"regraScore,",,
apps/crm/src/lib/leads.ts,24,identifier,para,"import { atorDoCrm, consultar, paraData, paraNumero, tenantId } from './database';",,
apps/crm/src/lib/leads.ts,79,identifier,limite,"import { filterValid, LIMITE_LISTA, LABEL_ACTIVITY, WITHOUT_VALUE } from './leads-visao';",,
apps/crm/src/lib/leads.ts,93,identifier,fila,".select({ nome: faixaScore.name, versao: faixaScore.version, fila: queue.nome })",,
apps/crm/src/lib/leads.ts,93,identifier,versao,".select({ nome: faixaScore.name, versao: faixaScore.version, fila: queue.nome })",,
apps/crm/src/lib/leads.ts,112,identifier,faixa,"faixa: lead.faixaAtual,",,
apps/crm/src/lib/leads.ts,144,sql-name,asc,"crescente ? sql`${column} asc nulls last` : sql`${column} desc nulls last`,",,
apps/crm/src/lib/leads.ts,144,sql-name,desc,"crescente ? sql`${column} asc nulls last` : sql`${column} desc nulls last`,",,
apps/crm/src/lib/leads.ts,195,identifier,faixa,const faixa = await distintos(lead.faixaAtual);,,
apps/crm/src/lib/leads.ts,205,identifier,faixa,"return { origem, faixa, fase, proprietario: donos.map((d) => d.v) };",,
apps/crm/src/lib/leads.ts,233,identifier,todos,"todos: undefined,",,
apps/crm/src/lib/leads.ts,244,identifier,termo,const termo = search.trim();,,
apps/crm/src/lib/leads.ts,256,identifier,cru,const cru = await tx,,
apps/crm/src/lib/leads.ts,262,identifier,faixa,"faixa: lead.faixaAtual,",,
apps/crm/src/lib/leads.ts,269,identifier,desde,"faseDesde: lead.faseDesde,",,
apps/crm/src/lib/leads.ts,279,identifier,ultimas,const ultimas = await lastActivityByLead(,,
apps/crm/src/lib/leads.ts,285,identifier,todos,"todos: sql<number>`count(*)::int`,",,
apps/crm/src/lib/leads.ts,288,identifier,sem,"semProprietario: sql<number>`count(*) filter (where ${lead.proprietarioId} is null)::int`,",,
apps/crm/src/lib/leads.ts,296,identifier,agora,const agora = Date.now();,,
apps/crm/src/lib/leads.ts,299,identifier,desde,const desdeFase = paraData(l.faseDesde);,,
apps/crm/src/lib/leads.ts,306,identifier,faixa,"faixa: l.faixa,",,
apps/crm/src/lib/leads.ts,321,identifier,todos,"todos: count?.todos ?? 0,",,
apps/crm/src/lib/leads.ts,359,identifier,regra,export interface RegraExplicada extends ItemExplanation {,,
apps/crm/src/lib/leads.ts,365,identifier,faixa,faixa: string | null;,,
apps/crm/src/lib/leads.ts,366,identifier,regra,versaoRegra: number;,,
apps/crm/src/lib/leads.ts,366,identifier,versao,versaoRegra: number;,,
apps/crm/src/lib/leads.ts,371,identifier,corte,corte: number | null;,,
apps/crm/src/lib/leads.ts,382,identifier,versao,versao: number;,,
apps/crm/src/lib/leads.ts,410,identifier,desde,faseDesde: Date | null;,,
apps/crm/src/lib/leads.ts,416,identifier,cor,etiquetas: { nome: string; cor: string | null }[];,,
apps/crm/src/lib/leads.ts,416,identifier,etiquetas,etiquetas: { nome: string; cor: string | null }[];,,
apps/crm/src/lib/leads.ts,422,identifier,texto,function textoDaResposta(r: {,,
apps/crm/src/lib/leads.ts,447,identifier,cabeca,const [cabeca] = await tx,,
apps/crm/src/lib/leads.ts,450,identifier,contato,"contatoId: lead.contactId,",,
apps/crm/src/lib/leads.ts,463,identifier,desde,"faseDesde: lead.faseDesde,",,
apps/crm/src/lib/leads.ts,477,identifier,etiquetas,const etiquetas = cabeca.contatoId,,
apps/crm/src/lib/leads.ts,479,identifier,cor,".select({ nome: etiqueta.nome, cor: etiqueta.cor })",,
apps/crm/src/lib/leads.ts,490,identifier,desde,const desdeFase = paraData(cabeca.faseDesde);,,
apps/crm/src/lib/leads.ts,506,identifier,desde,"faseDesde: desdeFase,",,
apps/crm/src/lib/leads.ts,511,identifier,etiquetas,"etiquetas,",,
apps/crm/src/lib/leads.ts,534,identifier,valor,"valor: scoreLead.value,",,
apps/crm/src/lib/leads.ts,535,identifier,faixa,"faixa: scoreLead.faixa,",,
apps/crm/src/lib/leads.ts,536,identifier,regra,"versaoRegra: scoreLead.versaoRegra,",,
apps/crm/src/lib/leads.ts,536,identifier,versao,"versaoRegra: scoreLead.versaoRegra,",,
apps/crm/src/lib/leads.ts,537,identifier,explicacao,"explicacao: scoreLead.explanation,",,
apps/crm/src/lib/leads.ts,550,identifier,nomes,"const nomes = new Map<string, string>();",,
apps/crm/src/lib/leads.ts,552,identifier,regras,const regras = await tx,,
apps/crm/src/lib/leads.ts,560,identifier,corte,let corte: number | null = null;,,
apps/crm/src/lib/leads.ts,563,identifier,fila,".select({ fila: queue.nome, minimo: faixaScore.minimo })",,
apps/crm/src/lib/leads.ts,563,identifier,minimo,".select({ fila: queue.nome, minimo: faixaScore.minimo })",,
apps/crm/src/lib/leads.ts,574,identifier,faixa,"faixa: linha.faixa,",,
apps/crm/src/lib/leads.ts,575,identifier,regra,"versaoRegra: linha.versaoRegra,",,
apps/crm/src/lib/leads.ts,575,identifier,versao,"versaoRegra: linha.versaoRegra,",,
apps/crm/src/lib/leads.ts,579,identifier,corte,"corte,",,
apps/crm/src/lib/leads.ts,594,identifier,versao,"versao: formularioVersao.version,",,
apps/crm/src/lib/leads.ts,595,identifier,versao,"versaoId: formularioVersao.id,",,
apps/crm/src/lib/leads.ts,597,identifier,ordem,"ordem: formularioPergunta.order,",,
apps/crm/src/lib/leads.ts,613,identifier,blocos,"const blocos = new Map<string, BlockResponses>();",,
apps/crm/src/lib/leads.ts,619,identifier,versao,"versao: l.versao,",,
apps/crm/src/lib/leads.ts,650,identifier,resumo,"resumo: activity.summary,",,
apps/crm/src/lib/leads.ts,676,identifier,atendente,"atendente: user.nome,",,
apps/crm/src/lib/leads.ts,677,identifier,fila,"filaNome: queue.nome,",,
apps/crm/src/lib/leads.ts,678,identifier,resumo,"resumo: classificationConversation.resumo,",,
apps/crm/src/lib/leads.ts,679,identifier,categoria,"categoria: classificationConversation.categoria,",,
apps/crm/src/lib/leads.ts,709,identifier,proprietarios,export async function listarProprietarios(): Promise<Proprietario[]> {,,
apps/crm/src/lib/leads.ts,734,identifier,atualizado,".set({ proprietarioId, atualizadoEm: sql`now()` })",,
apps/crm/src/lib/leads.ts,757,identifier,atualizado,"atualizadoEm: sql`now()`,",,
apps/crm/src/lib/leads.ts,800,identifier,campo,export async function atualizarCampoDoLead(,,
apps/crm/src/lib/leads.ts,802,identifier,campo,"campo: KeyField,",,
apps/crm/src/lib/leads.ts,809,identifier,antes,const [antes] = await tx,,
apps/crm/src/lib/leads.ts,828,identifier,atualizado,".set({ ...mudanca, atualizadoEm: sql`now()` })",,
apps/crm/src/lib/leads.ts,838,identifier,contato,.select({ contatoId: lead.contactId }),,
apps/crm/src/lib/leads.ts,844,identifier,antes,const [antes] = await tx,,
apps/crm/src/lib/leads.ts,854,identifier,atualizado,".set({ ...mudanca, atualizadoEm: sql`now()` })",,
apps/crm/src/lib/leads.ts,879,identifier,antes,"antes: Record<string, unknown>,",,
apps/crm/src/lib/leads.ts,880,identifier,depois,"depois: Record<string, unknown>,",,
apps/crm/src/lib/leads.ts,882,identifier,mudou,"const mudou = diferenca(antes, depois);",,
apps/crm/src/lib/leads.ts,889,identifier,antes,"antes: mudou.antes,",,
apps/crm/src/lib/leads.ts,890,identifier,depois,"depois: mudou.depois,",,
apps/crm/src/lib/panel.ts,19,identifier,fechado,fechadoNoMes: number;,,
apps/crm/src/lib/panel.ts,20,identifier,fechado,fechadoNoMesAnterior: number;,,
apps/crm/src/lib/panel.ts,34,identifier,antes,const [leadsAntes] = await tx,,
apps/crm/src/lib/panel.ts,48,identifier,valor,"valor: sql<string>`coalesce(sum(${opportunity.value}), 0)`,",,
apps/crm/src/lib/panel.ts,63,identifier,antes,const [fechadasAntes] = await tx,,
apps/crm/src/lib/panel.ts,85,identifier,fechado,"fechadoNoMes: num(fechadas?.ganho),",,
apps/crm/src/lib/panel.ts,86,identifier,fechado,"fechadoNoMesAnterior: num(fechadasAntes?.ganho),",,
apps/crm/src/lib/panel.ts,100,sql-name,desc,.orderBy(sql`count(*) desc`);,,
apps/crm/src/lib/panel.ts,117,sql-name,desc,.orderBy(sql`count(*) desc`);,,
apps/crm/src/lib/regras.ts,1,identifier,asc,"import { asc, desc, eq, sql } from 'drizzle-orm';",,
apps/crm/src/lib/regras.ts,1,identifier,desc,"import { asc, desc, eq, sql } from 'drizzle-orm';",,
apps/crm/src/lib/regras.ts,1,path,regras,apps/crm/src/lib/regras.ts,,
apps/crm/src/lib/regras.ts,3,identifier,faixa,"import { faixaScore, queue, regraScore, scoreLead } from '@pipe/db/schema';",,
apps/crm/src/lib/regras.ts,3,identifier,regra,"import { faixaScore, queue, regraScore, scoreLead } from '@pipe/db/schema';",,
apps/crm/src/lib/regras.ts,13,identifier,regra,export interface LinhaRegra {,,
apps/crm/src/lib/regras.ts,16,identifier,versao,versao: number;,,
apps/crm/src/lib/regras.ts,17,identifier,pontos,pontos: number;,,
apps/crm/src/lib/regras.ts,24,identifier,faixa,export interface LinhaFaixa {,,
apps/crm/src/lib/regras.ts,26,identifier,versao,versao: number;,,
apps/crm/src/lib/regras.ts,27,identifier,minimo,minimo: number;,,
apps/crm/src/lib/regras.ts,28,identifier,maximo,maximo: number;,,
apps/crm/src/lib/regras.ts,34,identifier,regras,export async function listarRegras(): Promise<LinhaRegra[]> {,,
apps/crm/src/lib/regras.ts,36,identifier,regras,const regras = await tx,,
apps/crm/src/lib/regras.ts,40,identifier,versao,"versao: regraScore.version,",,
apps/crm/src/lib/regras.ts,41,identifier,pontos,"pontos: regraScore.pontos,",,
apps/crm/src/lib/regras.ts,54,identifier,regra,const count = await tx.execute<{ regra: string; n: number }>(sql`,,
apps/crm/src/lib/regras.ts,54,literal-value,regra,const count = await tx.execute<{ regra: string; n: number }>(sql`,,
apps/crm/src/lib/regras.ts,54,sql-name,desc,const count = await tx.execute<{ regra: string; n: number }>(sql`,,
apps/crm/src/lib/regras.ts,54,sql-name,regra,const count = await tx.execute<{ regra: string; n: number }>(sql`,,
apps/crm/src/lib/regras.ts,78,identifier,faixas,export async function listarFaixas(): Promise<LinhaFaixa[]> {,,
apps/crm/src/lib/regras.ts,80,identifier,faixas,const faixas = await tx,,
apps/crm/src/lib/regras.ts,83,identifier,versao,"versao: faixaScore.version,",,
apps/crm/src/lib/regras.ts,84,identifier,minimo,"minimo: faixaScore.minimo,",,
apps/crm/src/lib/regras.ts,85,identifier,maximo,"maximo: faixaScore.maximo,",,
apps/crm/src/lib/regras.ts,94,identifier,faixa,".select({ faixa: scoreLead.faixa, n: sql<number>`count(distinct ${scoreLead.leadId})::int` })",,
apps/crm/src/lib/regras.ts,105,identifier,operador,"const ROTULO_OPERADOR: Record<string, string> = {",,
apps/crm/src/lib/regras.ts,106,identifier,igual,"igual: 'é',",,
apps/crm/src/lib/regras.ts,107,identifier,diferente,"diferente: 'não é',",,
apps/crm/src/lib/regras.ts,109,identifier,nao,"nao_contem: 'não contém',",,
apps/crm/src/lib/regras.ts,111,identifier,igual,"maior_igual: '≥',",,
apps/crm/src/lib/regras.ts,112,identifier,menor,"menor: '<',",,
apps/crm/src/lib/regras.ts,113,identifier,igual,"menor_igual: '≤',",,
apps/crm/src/lib/regras.ts,113,identifier,menor,"menor_igual: '≤',",,
apps/crm/src/lib/regras.ts,115,identifier,nao,"nao_em: 'não está em',",,
apps/crm/src/lib/regras.ts,116,identifier,existe,"existe: 'está preenchido',",,
apps/crm/src/lib/regras.ts,117,identifier,existe,"nao_existe: 'está vazio',",,
apps/crm/src/lib/regras.ts,117,identifier,nao,"nao_existe: 'está vazio',",,
apps/crm/src/lib/regras.ts,127,identifier,operador,const operador = ROTULO_OPERADOR[expressao.operador] ?? expressao.operador;,,
apps/crm/src/lib/search-tipos.ts,12,identifier,resultado,export type TipoDeResultado = 'lead' | 'oportunidade' | 'conta' | 'contato';,,
apps/crm/src/lib/search-tipos.ts,12,literal-value,conta,export type TipoDeResultado = 'lead' | 'oportunidade' | 'conta' | 'contato';,,
apps/crm/src/lib/search-tipos.ts,12,literal-value,contato,export type TipoDeResultado = 'lead' | 'oportunidade' | 'conta' | 'contato';,,
apps/crm/src/lib/search-tipos.ts,12,literal-value,oportunidade,export type TipoDeResultado = 'lead' | 'oportunidade' | 'conta' | 'contato';,,
apps/crm/src/lib/search-tipos.ts,14,identifier,resultado,export interface Resultado {,,
apps/crm/src/lib/search-tipos.ts,26,identifier,oportunidade,"oportunidade: 'Oportunidades',",,
apps/crm/src/lib/search-tipos.ts,27,identifier,conta,"conta: 'Contas',",,
apps/crm/src/lib/search-tipos.ts,28,identifier,contato,"contato: 'Contatos',",,
apps/crm/src/lib/search.ts,4,identifier,resultado,import type { Resultado } from './search-tipos';,,
apps/crm/src/lib/search.ts,28,identifier,termo,export async function buscar(termo: string): Promise<Resultado[]> {,,
apps/crm/src/lib/search.ts,33,identifier,padrao,const padrao = `%${limpo}%`;,,
apps/crm/src/lib/search.ts,60,identifier,dominio,".select({ id: account.id, nome: account.name, dominio: account.domain })",,
apps/crm/src/lib/search.ts,80,literal-value,oportunidade,"tipo: 'oportunidade' as const,",,
apps/crm/src/lib/search.ts,87,literal-value,conta,"tipo: 'conta' as const,",,
apps/crm/src/lib/search.ts,94,literal-value,contato,"tipo: 'contato' as const,",,
apps/crm/src/lib/session.ts,36,identifier,publica,"const URL_API_PUBLICA = (process.env['PIPE_URL_API_PUBLICA'] ?? URL_API).replace(/\/$/, '');",,
apps/crm/src/lib/session.ts,64,literal-value,invalido,metodo: 'sso' | 'google' | 'invalido' | 'falha';,,
apps/crm/src/lib/session.ts,66,identifier,para,irPara?: string;,,
apps/crm/src/lib/session.ts,152,string-literal,convites,"const resposta = await fetch(`${URL_API}/v1/convites/${encodeURIComponent(token)}`, {",,
apps/crm/src/lib/session.ts,165,identifier,interno,export function caminhoInterno(destination: string | undefined | null): string {,,
apps/crm/src/lib/settings-comum.ts,25,literal-value,escuro,"export const TEMAS = ['sistema', 'claro', 'escuro'] as const;",,
apps/crm/src/lib/settings-comum.ts,43,identifier,bruto,export function normalizar(bruto: string | null | undefined): string | null {,,
apps/crm/src/lib/settings-comum.ts,43,identifier,normalizar,export function normalizar(bruto: string | null | undefined): string | null {,,
apps/crm/src/lib/settings-comum.ts,58,identifier,bruto,export function normalizarEmail(bruto: string | null | undefined): string | null {,,
apps/crm/src/lib/settings-comum.ts,58,identifier,normalizar,export function normalizarEmail(bruto: string | null | undefined): string | null {,,
apps/crm/src/lib/settings-comum.ts,111,identifier,campo,export const TIPOS_DE_CAMPO = [,,
apps/crm/src/lib/settings-comum.ts,112,identifier,codigo,"{ codigo: 'texto', rotulo: 'Texto' },",,
apps/crm/src/lib/settings-comum.ts,112,literal-value,texto,"{ codigo: 'texto', rotulo: 'Texto' },",,
apps/crm/src/lib/settings-comum.ts,113,identifier,codigo,"{ codigo: 'numero', rotulo: 'Número' },",,
apps/crm/src/lib/settings-comum.ts,114,identifier,codigo,"{ codigo: 'data', rotulo: 'Data' },",,
apps/crm/src/lib/settings-comum.ts,115,identifier,codigo,"{ codigo: 'booleano', rotulo: 'Sim ou não' },",,
apps/crm/src/lib/settings-comum.ts,116,identifier,codigo,"{ codigo: 'selecao', rotulo: 'Seleção' },",,
apps/crm/src/lib/settings-comum.ts,116,literal-value,selecao,"{ codigo: 'selecao', rotulo: 'Seleção' },",,
apps/crm/src/lib/settings-comum.ts,119,identifier,campo,export type TipoDeCampo = (typeof TIPOS_DE_CAMPO)[number]['codigo'];,,
apps/crm/src/lib/settings-comum.ts,121,identifier,campo,export function tipoDeCampoValido(value: unknown): value is TipoDeCampo {,,
apps/crm/src/lib/settings-comum.ts,125,identifier,campo,"const CODIGO_DE_CAMPO = /^[a-z][a-z0-9_]{1,39}$/;",,
apps/crm/src/lib/settings-comum.ts,125,identifier,codigo,"const CODIGO_DE_CAMPO = /^[a-z][a-z0-9_]{1,39}$/;",,
apps/crm/src/lib/settings-comum.ts,136,identifier,codigo,export function sugerirCodigo(rotulo: string): string {,,
apps/crm/src/lib/settings-comum.ts,137,identifier,sem,const sem = rotulo,,
apps/crm/src/lib/settings-comum.ts,143,identifier,bem,const comecaBem = /^[a-z]/.test(sem) ? sem : `campo_${sem}`;,,
apps/crm/src/lib/settings-comum.ts,147,identifier,campo,export function recusarCodigoDeCampo(value: string | null): string | null {,,
apps/crm/src/lib/settings-comum.ts,147,identifier,codigo,export function recusarCodigoDeCampo(value: string | null): string | null {,,
apps/crm/src/lib/settings-comum.ts,166,identifier,codigo,"{ codigo: 'conversas:ler', rotulo: 'Ler conversas' },",,
apps/crm/src/lib/settings-comum.ts,166,literal-value,conversas,"{ codigo: 'conversas:ler', rotulo: 'Ler conversas' },",,
apps/crm/src/lib/settings-comum.ts,166,literal-value,ler,"{ codigo: 'conversas:ler', rotulo: 'Ler conversas' },",,
apps/crm/src/lib/settings-comum.ts,167,identifier,codigo,"{ codigo: 'conversas:escrever', rotulo: 'Criar e alterar conversa' },",,
apps/crm/src/lib/settings-comum.ts,167,literal-value,conversas,"{ codigo: 'conversas:escrever', rotulo: 'Criar e alterar conversa' },",,
apps/crm/src/lib/settings-comum.ts,168,identifier,codigo,"{ codigo: 'mensagens:ler', rotulo: 'Ler mensagens' },",,
apps/crm/src/lib/settings-comum.ts,168,literal-value,ler,"{ codigo: 'mensagens:ler', rotulo: 'Ler mensagens' },",,
apps/crm/src/lib/settings-comum.ts,168,literal-value,mensagens,"{ codigo: 'mensagens:ler', rotulo: 'Ler mensagens' },",,
apps/crm/src/lib/settings-comum.ts,169,identifier,codigo,"{ codigo: 'mensagens:escrever', rotulo: 'Enviar mensagem' },",,
apps/crm/src/lib/settings-comum.ts,169,literal-value,mensagens,"{ codigo: 'mensagens:escrever', rotulo: 'Enviar mensagem' },",,
apps/crm/src/lib/settings-comum.ts,170,identifier,codigo,"{ codigo: 'contatos:ler', rotulo: 'Ler contatos' },",,
apps/crm/src/lib/settings-comum.ts,170,literal-value,contatos,"{ codigo: 'contatos:ler', rotulo: 'Ler contatos' },",,
apps/crm/src/lib/settings-comum.ts,170,literal-value,ler,"{ codigo: 'contatos:ler', rotulo: 'Ler contatos' },",,
apps/crm/src/lib/settings-comum.ts,171,identifier,codigo,"{ codigo: 'contatos:escrever', rotulo: 'Criar e alterar contato' },",,
apps/crm/src/lib/settings-comum.ts,171,literal-value,contatos,"{ codigo: 'contatos:escrever', rotulo: 'Criar e alterar contato' },",,
apps/crm/src/lib/settings-comum.ts,172,identifier,codigo,"{ codigo: 'filas:ler', rotulo: 'Ler filas' },",,
apps/crm/src/lib/settings-comum.ts,172,literal-value,filas,"{ codigo: 'filas:ler', rotulo: 'Ler filas' },",,
apps/crm/src/lib/settings-comum.ts,172,literal-value,ler,"{ codigo: 'filas:ler', rotulo: 'Ler filas' },",,
apps/crm/src/lib/settings-comum.ts,173,identifier,codigo,"{ codigo: 'atendentes:ler', rotulo: 'Ler atendentes' },",,
apps/crm/src/lib/settings-comum.ts,173,literal-value,atendentes,"{ codigo: 'atendentes:ler', rotulo: 'Ler atendentes' },",,
apps/crm/src/lib/settings-comum.ts,173,literal-value,ler,"{ codigo: 'atendentes:ler', rotulo: 'Ler atendentes' },",,
apps/crm/src/lib/settings-comum.ts,174,identifier,codigo,"{ codigo: 'webhooks:escrever', rotulo: 'Gerenciar webhooks' },",,
apps/crm/src/lib/settings-comum.ts,177,identifier,codigos,export function scopesValid(codigos: readonly string[]): string[] {,,
apps/crm/src/lib/settings-comum.ts,189,identifier,eventos,export const CATALOGO_DE_EVENTOS = [,,
apps/crm/src/lib/settings-comum.ts,190,literal-value,conversa,"'conversa.criada',",,
apps/crm/src/lib/settings-comum.ts,191,literal-value,conversa,"'conversa.estado_alterado',",,
apps/crm/src/lib/settings-comum.ts,191,literal-value,estado,"'conversa.estado_alterado',",,
apps/crm/src/lib/settings-comum.ts,192,literal-value,conversa,"'conversa.atribuida',",,
apps/crm/src/lib/settings-comum.ts,193,literal-value,conversa,"'conversa.encerrada',",,
apps/crm/src/lib/settings-comum.ts,194,literal-value,mensagem,"'mensagem.criada',",,
apps/crm/src/lib/settings-comum.ts,195,literal-value,entrega,"'mensagem.estado_entrega_alterado',",,
apps/crm/src/lib/settings-comum.ts,195,literal-value,estado,"'mensagem.estado_entrega_alterado',",,
apps/crm/src/lib/settings-comum.ts,195,literal-value,mensagem,"'mensagem.estado_entrega_alterado',",,
apps/crm/src/lib/settings-comum.ts,196,literal-value,contato,"'contato.criado',",,
apps/crm/src/lib/settings-comum.ts,197,literal-value,modelo,"'modelo.recategorizado',",,
apps/crm/src/lib/settings-comum.ts,197,literal-value,recategorizado,"'modelo.recategorizado',",,
apps/crm/src/lib/settings-comum.ts,202,identifier,eventos,export function eventosValidos(eventos: readonly string[]): string[] {,,
apps/crm/src/lib/settings-comum.ts,225,identifier,perfil,export interface Perfil {,,
apps/crm/src/lib/settings-comum.ts,234,identifier,espaco,export interface Espaco {,,
apps/crm/src/lib/settings-comum.ts,239,identifier,idioma,idioma: string;,,
apps/crm/src/lib/settings-comum.ts,241,identifier,plano,plano: string;,,
apps/crm/src/lib/settings-comum.ts,244,identifier,dominios,dominios: { domain: string; verificado: boolean }[];,,
apps/crm/src/lib/settings-comum.ts,244,identifier,verificado,dominios: { domain: string; verificado: boolean }[];,,
apps/crm/src/lib/settings-comum.ts,251,identifier,ativo,ativo: boolean;,,
apps/crm/src/lib/settings-comum.ts,275,identifier,codigo,codigo: string;,,
apps/crm/src/lib/settings-comum.ts,277,identifier,grupo,grupo: string;,,
apps/crm/src/lib/settings-comum.ts,285,identifier,campo,export interface CampoPersonalizado {,,
apps/crm/src/lib/settings-comum.ts,287,identifier,codigo,codigo: string;,,
apps/crm/src/lib/settings-comum.ts,306,identifier,revogada,revogadaEm: Date | null;,,
apps/crm/src/lib/settings-comum.ts,309,identifier,saida,export interface WebhookDeSaida {,,
apps/crm/src/lib/settings-comum.ts,312,identifier,eventos,eventos: string[];,,
apps/crm/src/lib/settings-comum.ts,313,identifier,ativo,ativo: boolean;,,
apps/crm/src/lib/settings-comum.ts,315,identifier,entregas,entregas: { pendentes: number; falhas: number };,,
apps/crm/src/lib/settings-comum.ts,315,identifier,falhas,entregas: { pendentes: number; falhas: number };,,
apps/crm/src/lib/settings-comum.ts,319,identifier,resultado,export interface Resultado {,,
apps/crm/src/lib/settings-data.ts,3,identifier,asc,"import { and, asc, eq, isNull, sql } from 'drizzle-orm';",,
apps/crm/src/lib/settings-data.ts,5,identifier,cifrar,"cifrar,",,
apps/crm/src/lib/settings-data.ts,23,identifier,saida,"webhookSaida,",,
apps/crm/src/lib/settings-data.ts,25,identifier,para,"import { consultar, paraData, tenantId } from './database';",,
apps/crm/src/lib/settings-data.ts,28,identifier,eventos,"eventosValidos,",,
apps/crm/src/lib/settings-data.ts,30,identifier,normalizar,"normalizar,",,
apps/crm/src/lib/settings-data.ts,31,identifier,normalizar,"normalizarEmail,",,
apps/crm/src/lib/settings-data.ts,32,identifier,campo,"recusarCodigoDeCampo,",,
apps/crm/src/lib/settings-data.ts,32,identifier,codigo,"recusarCodigoDeCampo,",,
apps/crm/src/lib/settings-data.ts,36,identifier,campo,"tipoDeCampoValido,",,
apps/crm/src/lib/settings-data.ts,37,identifier,campo,"type CampoPersonalizado,",,
apps/crm/src/lib/settings-data.ts,40,identifier,espaco,"type Espaco,",,
apps/crm/src/lib/settings-data.ts,43,identifier,perfil,"type Perfil,",,
apps/crm/src/lib/settings-data.ts,45,identifier,resultado,"type Resultado,",,
apps/crm/src/lib/settings-data.ts,47,identifier,saida,"type WebhookDeSaida,",,
apps/crm/src/lib/settings-data.ts,131,identifier,perfil,export async function salvarPerfil(,,
apps/crm/src/lib/settings-data.ts,145,identifier,antes,const [antes] = await tx,,
apps/crm/src/lib/settings-data.ts,151,identifier,depois,"const depois = { nome: nome!, avatarUrl };",,
apps/crm/src/lib/settings-data.ts,152,identifier,atualizado,"await tx.update(user).set({ ...depois, atualizadoEm: new Date() }).where(eq(user.id, id));",,
apps/crm/src/lib/settings-data.ts,166,identifier,espaco,export async function lerEspaco(): Promise<Espaco> {,,
apps/crm/src/lib/settings-data.ts,166,identifier,ler,export async function lerEspaco(): Promise<Espaco> {,,
apps/crm/src/lib/settings-data.ts,174,identifier,idioma,"idioma: tenant.idioma,",,
apps/crm/src/lib/settings-data.ts,176,identifier,plano,"plano: tenant.plano,",,
apps/crm/src/lib/settings-data.ts,188,identifier,dominios,const dominios = await tx,,
apps/crm/src/lib/settings-data.ts,189,identifier,dominio,".select({ dominio: domainTenant.domain, verificadoEm: domainTenant.verificadoEm })",,
apps/crm/src/lib/settings-data.ts,189,identifier,verificado,".select({ dominio: domainTenant.domain, verificadoEm: domainTenant.verificadoEm })",,
apps/crm/src/lib/settings-data.ts,196,identifier,dominios,"dominios: dominios.map((d) => ({ domain: d.dominio, verificado: d.verificadoEm !== null })),",,
apps/crm/src/lib/settings-data.ts,196,identifier,verificado,"dominios: dominios.map((d) => ({ domain: d.dominio, verificado: d.verificadoEm !== null })),",,
apps/crm/src/lib/settings-data.ts,201,identifier,espaco,export async function salvarEspaco(,,
apps/crm/src/lib/settings-data.ts,214,identifier,antes,const [antes] = await tx,,
apps/crm/src/lib/settings-data.ts,220,identifier,depois,"const depois = { nome: nome!, logoUrl, fuso };",,
apps/crm/src/lib/settings-data.ts,223,identifier,atualizado,".set({ ...depois, atualizadoEm: new Date() })",,
apps/crm/src/lib/settings-data.ts,245,identifier,ativo,"ativo: user.ativo,",,
apps/crm/src/lib/settings-data.ts,268,identifier,convites,export async function listarConvitesPendentes(): Promise<InvitationPending[]> {,,
apps/crm/src/lib/settings-data.ts,276,sql-name,desc,}>(sql`,,
apps/crm/src/lib/settings-data.ts,356,identifier,erro,"if (!alvo) return { ok: false, erro: 'Este papel não existe nesta conta.' };",,
apps/crm/src/lib/settings-data.ts,362,identifier,erro,"if (jaDentro) return { ok: false, erro: `${email} já tem acesso a esta conta.` };",,
apps/crm/src/lib/settings-data.ts,375,identifier,papel,"papelId: alvo.id,",,
apps/crm/src/lib/settings-data.ts,387,identifier,depois,"depois: { email, papel: alvo.nome },",,
apps/crm/src/lib/settings-data.ts,387,identifier,papel,"depois: { email, papel: alvo.nome },",,
apps/crm/src/lib/settings-data.ts,390,identifier,segredo,"return { ok: true, segredo: invitationUrl(novo.token) };",,
apps/crm/src/lib/settings-data.ts,396,identifier,antes,const [antes] = await tx,,
apps/crm/src/lib/settings-data.ts,404,identifier,atualizado,".set({ expiraEm: new Date(), atualizadoEm: new Date() })",,
apps/crm/src/lib/settings-data.ts,411,identifier,antes,"antes: { email: antes.email },",,
apps/crm/src/lib/settings-data.ts,444,identifier,antigos,const antigos = await tx,,
apps/crm/src/lib/settings-data.ts,453,identifier,papel,".values({ tenantId: tenantIdAtual, userId: userIdTarget, papelId: novo.id });",,
apps/crm/src/lib/settings-data.ts,460,identifier,antes,"antes: { papeis: antigos.map((p) => p.nome) },",,
apps/crm/src/lib/settings-data.ts,461,identifier,depois,"depois: { papeis: [novo.nome] },",,
apps/crm/src/lib/settings-data.ts,478,identifier,ativo,"ativo: boolean,",,
apps/crm/src/lib/settings-data.ts,485,identifier,antes,const [antes] = await tx,,
apps/crm/src/lib/settings-data.ts,486,identifier,ativo,".select({ ativo: user.ativo, nome: user.nome })",,
apps/crm/src/lib/settings-data.ts,494,identifier,ativo,".set({ ativo, atualizadoEm: new Date() })",,
apps/crm/src/lib/settings-data.ts,494,identifier,atualizado,".set({ ativo, atualizadoEm: new Date() })",,
apps/crm/src/lib/settings-data.ts,501,identifier,antes,"antes: { ativo: antes.ativo },",,
apps/crm/src/lib/settings-data.ts,501,identifier,ativo,"antes: { ativo: antes.ativo },",,
apps/crm/src/lib/settings-data.ts,502,identifier,ativo,"depois: { ativo },",,
apps/crm/src/lib/settings-data.ts,502,identifier,depois,"depois: { ativo },",,
apps/crm/src/lib/settings-data.ts,515,identifier,descricao,descricao: string | null;,,
apps/crm/src/lib/settings-data.ts,517,identifier,permissoes,permissoes: number;,,
apps/crm/src/lib/settings-data.ts,518,identifier,membros,membros: number;,,
apps/crm/src/lib/settings-data.ts,519,sql-name,membros,}>(sql`,,
apps/crm/src/lib/settings-data.ts,542,identifier,codigo,"codigo: permission.codigo,",,
apps/crm/src/lib/settings-data.ts,544,identifier,grupo,"grupo: permission.grupo,",,
apps/crm/src/lib/settings-data.ts,565,identifier,codigo,.select({ codigo: rolePermission.permissionCode }),,
apps/crm/src/lib/settings-data.ts,595,identifier,existe,"const [existe] = await tx.select({ id: role.id }).from(role).where(eq(role.nome, nome!));",,
apps/crm/src/lib/settings-data.ts,609,identifier,depois,"depois: { nome, description },",,
apps/crm/src/lib/settings-data.ts,628,identifier,codigos,"codigos: string[],",,
apps/crm/src/lib/settings-data.ts,640,identifier,codigo,const catalogo = await tx.select({ codigo: permission.codigo }).from(permission);,,
apps/crm/src/lib/settings-data.ts,645,identifier,codigo,.select({ codigo: rolePermission.permissionCode }),,
apps/crm/src/lib/settings-data.ts,657,identifier,codigo,pedidas.map((codigo) => ({,,
apps/crm/src/lib/settings-data.ts,670,identifier,antes,"antes: { removidas: sairam },",,
apps/crm/src/lib/settings-data.ts,671,identifier,depois,"depois: { concedidas: entraram },",,
apps/crm/src/lib/settings-data.ts,680,identifier,descricao,".select({ nome: role.nome, descricao: role.description, deSistema: role.deSistema })",,
apps/crm/src/lib/settings-data.ts,686,identifier,com,const [comGente] = await tx,,
apps/crm/src/lib/settings-data.ts,686,identifier,gente,const [comGente] = await tx,,
apps/crm/src/lib/settings-data.ts,703,identifier,antes,"antes: { nome: alvo.nome, descricao: alvo.descricao },",,
apps/crm/src/lib/settings-data.ts,703,identifier,descricao,"antes: { nome: alvo.nome, descricao: alvo.descricao },",,
apps/crm/src/lib/settings-data.ts,714,identifier,campos,export async function listarCamposPersonalizados(): Promise<CampoPersonalizado[]> {,,
apps/crm/src/lib/settings-data.ts,716,identifier,campos,const campos = await tx,,
apps/crm/src/lib/settings-data.ts,719,identifier,codigo,"codigo: dictionaryField.codigo,",,
apps/crm/src/lib/settings-data.ts,745,identifier,codigo,"data: { codigo: string; rotulo: string; tipo: string; description: string | null },",,
apps/crm/src/lib/settings-data.ts,747,identifier,codigo,const codigo = normalizar(data.codigo)?.toLowerCase() ?? null;,,
apps/crm/src/lib/settings-data.ts,754,identifier,existe,const [existe] = await tx,,
apps/crm/src/lib/settings-data.ts,767,identifier,codigo,"objetoCodigo: OBJETO_LEAD,",,
apps/crm/src/lib/settings-data.ts,768,identifier,codigo,"codigo: codigo!,",,
apps/crm/src/lib/settings-data.ts,771,identifier,descricao,"descricao: description,",,
apps/crm/src/lib/settings-data.ts,782,identifier,codigo,"depois: { codigo, rotulo, tipo: data.tipo, description },",,
apps/crm/src/lib/settings-data.ts,782,identifier,depois,"depois: { codigo, rotulo, tipo: data.tipo, description },",,
apps/crm/src/lib/settings-data.ts,796,identifier,campo,export async function renomearCampoPersonalizado(,,
apps/crm/src/lib/settings-data.ts,806,identifier,antes,const [antes] = await tx,,
apps/crm/src/lib/settings-data.ts,807,identifier,descricao,".select({ rotulo: dictionaryField.rotulo, descricao: dictionaryField.descricao })",,
apps/crm/src/lib/settings-data.ts,812,identifier,depois,"const depois = { rotulo: rotulo!, descricao: normalizar(data.description) };",,
apps/crm/src/lib/settings-data.ts,812,identifier,descricao,"const depois = { rotulo: rotulo!, descricao: normalizar(data.description) };",,
apps/crm/src/lib/settings-data.ts,832,identifier,campo,"export async function excluirCampoPersonalizado(ator: Ator, id: string): Promise<Resultado> {",,
apps/crm/src/lib/settings-data.ts,834,identifier,antes,const [antes] = await tx,,
apps/crm/src/lib/settings-data.ts,836,identifier,codigo,"codigo: dictionaryField.codigo,",,
apps/crm/src/lib/settings-data.ts,850,identifier,antes,"antes,",,
apps/crm/src/lib/settings-data.ts,858,identifier,chaves,export async function listarChaves(): Promise<ApiKey[]> {,,
apps/crm/src/lib/settings-data.ts,869,identifier,revogada,"revogadaEm: keyApi.revogadaEm,",,
apps/crm/src/lib/settings-data.ts,879,identifier,revogada,"revogadaEm: paraData(l.revogadaEm),",,
apps/crm/src/lib/settings-data.ts,926,identifier,depois,"depois: { nome, prefix, scopes },",,
apps/crm/src/lib/settings-data.ts,929,identifier,segredo,"return { ok: true, segredo: `pipe_${prefix}_${secret}` };",,
apps/crm/src/lib/settings-data.ts,935,identifier,antes,const [antes] = await tx,,
apps/crm/src/lib/settings-data.ts,936,identifier,revogada,".select({ nome: keyApi.nome, revogadaEm: keyApi.revogadaEm })",,
apps/crm/src/lib/settings-data.ts,944,identifier,atualizado,".set({ revogadaEm: new Date(), atualizadoEm: new Date() })",,
apps/crm/src/lib/settings-data.ts,944,identifier,revogada,".set({ revogadaEm: new Date(), atualizadoEm: new Date() })",,
apps/crm/src/lib/settings-data.ts,951,identifier,antes,"antes: { nome: antes.nome, revogada: false },",,
apps/crm/src/lib/settings-data.ts,951,identifier,revogada,"antes: { nome: antes.nome, revogada: false },",,
apps/crm/src/lib/settings-data.ts,952,identifier,depois,"depois: { revogada: true },",,
apps/crm/src/lib/settings-data.ts,952,identifier,revogada,"depois: { revogada: true },",,
apps/crm/src/lib/settings-data.ts,965,identifier,eventos,eventos: string[];,,
apps/crm/src/lib/settings-data.ts,966,identifier,ativo,ativo: boolean;,,
apps/crm/src/lib/settings-data.ts,969,identifier,falhas,falhas: number;,,
apps/crm/src/lib/settings-data.ts,970,literal-value,falhou,}>(sql`,,
apps/crm/src/lib/settings-data.ts,970,sql-name,desc,}>(sql`,,
apps/crm/src/lib/settings-data.ts,970,sql-name,falhas,}>(sql`,,
apps/crm/src/lib/settings-data.ts,982,identifier,eventos,"eventos: r.eventos ?? [],",,
apps/crm/src/lib/settings-data.ts,983,identifier,ativo,"ativo: r.ativo,",,
apps/crm/src/lib/settings-data.ts,985,identifier,entregas,"entregas: { pendentes: Number(r.pendentes), falhas: Number(r.falhas) },",,
apps/crm/src/lib/settings-data.ts,985,identifier,falhas,"entregas: { pendentes: Number(r.pendentes), falhas: Number(r.falhas) },",,
apps/crm/src/lib/settings-data.ts,1001,identifier,eventos,"data: { url: string; eventos: string[] },",,
apps/crm/src/lib/settings-data.ts,1007,identifier,eventos,const eventos = eventosValidos(data.eventos);,,
apps/crm/src/lib/settings-data.ts,1011,identifier,cifrado,let cifrado: string;,,
apps/crm/src/lib/settings-data.ts,1024,identifier,eventos,".values({ tenantId: tenantIdAtual, url: url!, eventos, secret: cifrado })",,
apps/crm/src/lib/settings-data.ts,1032,identifier,depois,"depois: { url, eventos },",,
apps/crm/src/lib/settings-data.ts,1032,identifier,eventos,"depois: { url, eventos },",,
apps/crm/src/lib/settings-data.ts,1039,identifier,ativo,export async function definirAtivoDoWebhook(,,
apps/crm/src/lib/settings-data.ts,1042,identifier,ativo,"ativo: boolean,",,
apps/crm/src/lib/settings-data.ts,1045,identifier,antes,const [antes] = await tx,,
apps/crm/src/lib/settings-data.ts,1046,identifier,ativo,".select({ url: webhookSaida.url, ativo: webhookSaida.ativo })",,
apps/crm/src/lib/settings-data.ts,1054,identifier,ativo,".set({ ativo, atualizadoEm: new Date() })",,
apps/crm/src/lib/settings-data.ts,1054,identifier,atualizado,".set({ ativo, atualizadoEm: new Date() })",,
apps/crm/src/lib/settings-data.ts,1061,identifier,antes,"antes: { url: antes.url, ativo: antes.ativo },",,
apps/crm/src/lib/settings-data.ts,1061,identifier,ativo,"antes: { url: antes.url, ativo: antes.ativo },",,
apps/crm/src/lib/settings-data.ts,1062,identifier,ativo,"depois: { ativo },",,
apps/crm/src/lib/settings-data.ts,1062,identifier,depois,"depois: { ativo },",,
apps/crm/src/lib/settings-data.ts,1070,identifier,antes,const [antes] = await tx,,
apps/crm/src/lib/settings-data.ts,1071,identifier,eventos,".select({ url: webhookSaida.url, eventos: webhookSaida.eventos })",,
apps/crm/src/lib/settings-data.ts,1082,identifier,antes,"antes: { url: antes.url, eventos: antes.eventos },",,
apps/crm/src/lib/settings-data.ts,1082,identifier,eventos,"antes: { url: antes.url, eventos: antes.eventos },",,
apps/crm/src/middleware.ts,17,identifier,publico,const PUBLICO = /^\/(login|invite)(\/|$)/;,,
apps/crm/tests/campos-editaveis.test.ts,1,path,campos,apps/crm/tests/campos-editaveis.test.ts,,
apps/crm/tests/campos-editaveis.test.ts,4,identifier,campos,"CAMPOS_EDITAVEIS,",,
apps/crm/tests/campos-editaveis.test.ts,5,identifier,campo,"campoValido,",,
apps/crm/tests/campos-editaveis.test.ts,6,identifier,normalizar,"normalizar,",,
apps/crm/tests/campos-editaveis.test.ts,23,string-literal,aceita,"test('a lista branca só aceita o que está no catálogo', () => {",,
apps/crm/tests/campos-editaveis.test.ts,23,string-literal,esta,"test('a lista branca só aceita o que está no catálogo', () => {",,
apps/crm/tests/campos-editaveis.test.ts,27,identifier,fora,"for (const fora of ['status', 'score_atual', 'tenant_id', 'excluido_em', 'toString', '']) {",,
apps/crm/tests/campos-editaveis.test.ts,32,string-literal,branco,"test('branco vira nulo, e espaço nas pontas some', () => {",,
apps/crm/tests/campos-editaveis.test.ts,32,string-literal,espaco,"test('branco vira nulo, e espaço nas pontas some', () => {",,
apps/crm/tests/campos-editaveis.test.ts,32,string-literal,nulo,"test('branco vira nulo, e espaço nas pontas some', () => {",,
apps/crm/tests/campos-editaveis.test.ts,32,string-literal,vira,"test('branco vira nulo, e espaço nas pontas some', () => {",,
apps/crm/tests/campos-editaveis.test.ts,39,identifier,campo,for (const campo of Object.keys(CAMPOS_EDITAVEIS)) {,,
apps/crm/tests/colunas.test.ts,1,path,colunas,apps/crm/tests/colunas.test.ts,,
apps/crm/tests/colunas.test.ts,18,identifier,chaves,"const CHAVES = ['lead', 'origem', 'score', 'faixa', 'proprietario'];",,
apps/crm/tests/colunas.test.ts,19,identifier,ocultas,"const LIMPA: Config = { order: [], ocultas: [] };",,
apps/crm/tests/colunas.test.ts,29,identifier,ocultas,"const a = arranjar(CHAVES, { order: ['lead'], ocultas: ['lead', 'score'] }, 'lead');",,
apps/crm/tests/colunas.test.ts,38,identifier,ocultas,"const guardada: Config = { order: ['score', 'origem'], ocultas: [] };",,
apps/crm/tests/colunas.test.ts,45,identifier,ocultas,"const guardada: Config = { order: ['score', 'origem', 'faixa'], ocultas: ['faixa'] };",,
apps/crm/tests/colunas.test.ts,53,identifier,ocultas,"const guardada: Config = { order: ['origem', 'score', 'faixa'], ocultas: ['score'] };",,
apps/crm/tests/colunas.test.ts,54,identifier,escondida,"const escondida = arranjar(CHAVES, guardada, 'lead');",,
apps/crm/tests/colunas.test.ts,57,identifier,ocultas,"const mostrada = arranjar(CHAVES, { order: escondida.todas, ocultas: [] }, 'lead');",,
apps/crm/tests/colunas.test.ts,74,identifier,ocultas,"const a = arranjar(CHAVES, { order: [], ocultas: ['score'] }, 'lead');",,
apps/crm/tests/colunas.test.ts,81,string-literal,existe,"test('mover para o próprio lugar, ou para índice que não existe, não muda nada', () => {",,
apps/crm/tests/colunas.test.ts,81,string-literal,muda,"test('mover para o próprio lugar, ou para índice que não existe, não muda nada', () => {",,
apps/crm/tests/colunas.test.ts,81,string-literal,nada,"test('mover para o próprio lugar, ou para índice que não existe, não muda nada', () => {",,
apps/crm/tests/colunas.test.ts,81,string-literal,nao,"test('mover para o próprio lugar, ou para índice que não existe, não muda nada', () => {",,
apps/crm/tests/colunas.test.ts,81,string-literal,para,"test('mover para o próprio lugar, ou para índice que não existe, não muda nada', () => {",,
apps/crm/tests/colunas.test.ts,81,string-literal,proprio,"test('mover para o próprio lugar, ou para índice que não existe, não muda nada', () => {",,
apps/crm/tests/filters.test.ts,25,string-literal,colunas,"test('só as colunas do catálogo filtram', () => {",,
apps/crm/tests/filters.test.ts,28,identifier,fora,"for (const fora of ['score', 'dias', 'tenant_id', 'lead', 'toString', '']) {",,
apps/crm/tests/filters.test.ts,34,identifier,lido,const lido = readFilters({,,
apps/crm/tests/settings-comum.test.ts,7,identifier,eventos,"CATALOGO_DE_EVENTOS,",,
apps/crm/tests/settings-comum.test.ts,10,identifier,eventos,"eventosValidos,",,
apps/crm/tests/settings-comum.test.ts,12,identifier,normalizar,"normalizar,",,
apps/crm/tests/settings-comum.test.ts,13,identifier,normalizar,"normalizarEmail,",,
apps/crm/tests/settings-comum.test.ts,14,identifier,campo,"recusarCodigoDeCampo,",,
apps/crm/tests/settings-comum.test.ts,14,identifier,codigo,"recusarCodigoDeCampo,",,
apps/crm/tests/settings-comum.test.ts,18,identifier,codigo,"sugerirCodigo,",,
apps/crm/tests/settings-comum.test.ts,20,identifier,campo,"tipoDeCampoValido,",,
apps/crm/tests/settings-comum.test.ts,36,string-literal,mais,"test('tema: só os três, e nada mais', () => {",,
apps/crm/tests/settings-comum.test.ts,36,string-literal,nada,"test('tema: só os três, e nada mais', () => {",,
apps/crm/tests/settings-comum.test.ts,36,string-literal,tres,"test('tema: só os três, e nada mais', () => {",,
apps/crm/tests/settings-comum.test.ts,43,string-literal,branco,"test('branco vira nulo, e espaço nas pontas some', () => {",,
apps/crm/tests/settings-comum.test.ts,43,string-literal,espaco,"test('branco vira nulo, e espaço nas pontas some', () => {",,
apps/crm/tests/settings-comum.test.ts,43,string-literal,nulo,"test('branco vira nulo, e espaço nas pontas some', () => {",,
apps/crm/tests/settings-comum.test.ts,43,string-literal,vira,"test('branco vira nulo, e espaço nas pontas some', () => {",,
apps/crm/tests/settings-comum.test.ts,59,string-literal,com,"test('nome obrigatório, com teto', () => {",,
apps/crm/tests/settings-comum.test.ts,67,string-literal,aceita,"test('webhook exige https; logo aceita http mas nunca javascript:', () => {",,
apps/crm/tests/settings-comum.test.ts,67,string-literal,mas,"test('webhook exige https; logo aceita http mas nunca javascript:', () => {",,
apps/crm/tests/settings-comum.test.ts,67,string-literal,nunca,"test('webhook exige https; logo aceita http mas nunca javascript:', () => {",,
apps/crm/tests/settings-comum.test.ts,154,string-literal,divergiu,"test('o catálogo de eventos não divergiu de apps/api', () => {",,
apps/crm/tests/settings-comum.test.ts,154,string-literal,eventos,"test('o catálogo de eventos não divergiu de apps/api', () => {",,
apps/crm/tests/settings-comum.test.ts,154,string-literal,nao,"test('o catálogo de eventos não divergiu de apps/api', () => {",,
apps/site/assets/pipe-symbol-mono.svg,1,path,symbol,apps/site/assets/pipe-symbol-mono.svg,,
apps/site/assets/pipe-symbol.svg,1,path,symbol,apps/site/assets/pipe-symbol.svg,,
apps/site/assets/site.css,204,css-class,center,.head--center { margin-inline: auto; text-align: center; },,
apps/site/assets/site.css,204,css-custom-property,center,.head--center { margin-inline: auto; text-align: center; },,
apps/site/assets/site.css,215,css-class,center,.head--center p { margin-inline: auto; },,
apps/site/assets/site.css,215,css-custom-property,center,.head--center p { margin-inline: auto; },,
apps/site/assets/site.css,302,css-class,escuro,.so-escuro { display: none; },,
apps/site/assets/site.css,304,css-class,escuro,":root[data-theme=""dark""] .so-escuro { display: block; }",,
apps/site/assets/site.css,737,css-class,good,.score .good { color: #a7d9bd; },,
apps/site/assets/site.css,1430,css-class,exemplo,.exemplo { border: 1px solid var(--line); border-radius: var(--r-md); background: var(--card); overflow: hidden; },,
apps/site/assets/site.css,1431,css-class,exemplo,.exemplo__cap { padding: 16px 20px; background: var(--bg-soft); border-bottom: 1px solid var(--line); font-size: .9375re,,
apps/site/assets/site.css,1432,css-class,exemplo,.exemplo dl { margin: 0; },,
apps/site/assets/site.css,1433,css-class,exemplo,.exemplo dl > div { display: flex; align-items: baseline; justify-content: space-between; gap: 16px; padding: 10px 20px;,,
apps/site/assets/site.css,1434,css-class,exemplo,.exemplo dt { font-size: .875rem; color: var(--ink-2); },,
apps/site/assets/site.css,1435,css-class,exemplo,.exemplo dd { margin: 0; font-size: .9375rem; font-weight: 600; font-variant-numeric: tabular-nums; text-align: right; f,,
apps/site/assets/site.css,1436,css-class,exemplo,.exemplo dl > div.is-hi dt { color: var(--ink); font-weight: 600; },,
apps/site/assets/site.css,1437,css-class,exemplo,.exemplo dl > div.is-hi dd { color: var(--moss); font-size: 1.0625rem; },,
apps/site/assets/site.css,1438,css-class,exemplo,.exemplo__end { padding: 16px 20px; border-top: 1px solid var(--line); font-size: .9375rem; line-height: 1.65; color: va,,
apps/site/assets/site.css,1468,css-class,risco,".cover--risco { background: linear-gradient(140deg, #1c120e 0%, #5b2418 52%, #b03e2a 100%); }",,
apps/site/assets/site.css,1468,css-custom-property,risco,".cover--risco { background: linear-gradient(140deg, #1c120e 0%, #5b2418 52%, #b03e2a 100%); }",,
apps/site/assets/site.css,1469,css-class,modelos,".cover--modelos { background: linear-gradient(140deg, #16190f 0%, #33401c 52%, #6d8437 100%); }",,
apps/site/assets/site.css,1469,css-custom-property,modelos,".cover--modelos { background: linear-gradient(140deg, #16190f 0%, #33401c 52%, #6d8437 100%); }",,
apps/site/assets/site.css,1678,css-class,exemplo,".prose .note, .prose .tbl-wrap, .prose .steps, .prose .exemplo { margin-top: 26px; }",,
apps/site/assets/site.css,1808,css-class,medida,.gira__medida { visibility: hidden; },,
apps/site/assets/site.css,2016,css-class,quem,.depo__quem { display: flex; align-items: center; gap: 11px; margin-top: auto; },,
apps/site/assets/site.css,2029,css-class,quem,.depo__quem b { display: block; font-size: .875rem; font-weight: 600; color: var(--ink); },,
apps/site/assets/site.css,2030,css-class,quem,.depo__quem span { display: block; font-size: .75rem; color: var(--ink-3); },,
apps/site/assets/site.js,41,identifier,palavras,"var palavras = gira.querySelectorAll(""[data-gira] b"");",,
apps/site/assets/site.js,82,identifier,alvos,"var alvos = document.querySelectorAll("".scroll-reveal"");",,
apps/site/assets/site.js,85,identifier,entradas,var obs = new IntersectionObserver(function (entradas) {,,
apps/site/assets/site.js,107,identifier,feito,var feito = window.scrollY - inicio;,,
apps/site/assets/site.js,108,identifier,pct,var pct = total > 0 ? (feito / total) * 100 : 0;,,
apps/site/assets/site.js,120,identifier,titulos,var titulos = [];,,
apps/site/assets/site.js,128,identifier,ativar,var ativar = function (id) {,,
apps/site/assets/site.js,132,identifier,entradas,var espiao = new IntersectionObserver(function (entradas) {,,
apps/site/assets/site.js,148,identifier,texto,"var texto = btn.getAttribute(""data-copy-text"");",,
apps/site/assets/site.js,154,identifier,pronto,var pronto = function () {,,
apps/site/assets/site.js,201,identifier,categoria,"var categoria = """";",,
apps/site/assets/site.js,203,identifier,normalizar,var normalizar = function (s) {,,
apps/site/assets/site.js,213,identifier,texto,"var texto = normalizar(li.getAttribute(""data-search"") || li.textContent);",,
docs/lp/plano-conteudo.md,1,path,conteudo,docs/lp/plano-conteudo.md,,
docs/lp/plano-conteudo.md,1,path,plano,docs/lp/plano-conteudo.md,,
docs/mockup/pipe-telas.html,1,path,telas,docs/mockup/pipe-telas.html,,
docs/specs/2026-09-05-comercial.md,1,path,2026,docs/specs/2026-09-05-comercial.md,,
docs/specs/2026-09-05-design-system.md,1,path,2026,docs/specs/2026-09-05-design-system.md,,
docs/specs/2026-09-05-desk-requisitos.md,1,path,2026,docs/specs/2026-09-05-desk-requisitos.md,,
docs/specs/2026-09-05-infraestrutura.md,1,path,2026,docs/specs/2026-09-05-infraestrutura.md,,
docs/specs/2026-09-05-metricas-atendimento.md,1,path,2026,docs/specs/2026-09-05-metricas-atendimento.md,,
docs/specs/2026-09-05-metricas-atendimento.md,1,path,atendimento,docs/specs/2026-09-05-metricas-atendimento.md,,
docs/specs/2026-09-05-metricas-atendimento.md,1,path,metricas,docs/specs/2026-09-05-metricas-atendimento.md,,
docs/specs/2026-09-05-modelo-de-dados.md,1,path,2026,docs/specs/2026-09-05-modelo-de-dados.md,,
docs/specs/2026-09-05-modelo-de-dados.md,1,path,dados,docs/specs/2026-09-05-modelo-de-dados.md,,
docs/specs/2026-09-05-modelo-de-dados.md,1,path,modelo,docs/specs/2026-09-05-modelo-de-dados.md,,
docs/specs/2026-09-05-o-que-falta.md,1,path,2026,docs/specs/2026-09-05-o-que-falta.md,,
docs/specs/2026-09-05-pipe-design.md,1,path,2026,docs/specs/2026-09-05-pipe-design.md,,
docs/specs/2026-09-06-mensagem-ativa-e-janelas.md,1,path,2026,docs/specs/2026-09-06-mensagem-ativa-e-janelas.md,,
docs/specs/2026-09-06-mensagem-ativa-e-janelas.md,1,path,ativa,docs/specs/2026-09-06-mensagem-ativa-e-janelas.md,,
docs/specs/2026-09-06-mensagem-ativa-e-janelas.md,1,path,janelas,docs/specs/2026-09-06-mensagem-ativa-e-janelas.md,,
docs/specs/2026-09-06-mensagem-ativa-e-janelas.md,1,path,mensagem,docs/specs/2026-09-06-mensagem-ativa-e-janelas.md,,
docs/specs/2026-09-07-arquitetura-de-front.md,1,path,2026,docs/specs/2026-09-07-arquitetura-de-front.md,,
docs/specs/2026-09-07-crm-tinta-nossa.md,1,path,2026,docs/specs/2026-09-07-crm-tinta-nossa.md,,
docs/specs/2026-09-07-crm-tinta-nossa.md,1,path,tinta,docs/specs/2026-09-07-crm-tinta-nossa.md,,
docs/specs/2026-09-07-fork-do-twenty.md,1,path,2026,docs/specs/2026-09-07-fork-do-twenty.md,,
docs/specs/2026-09-07-implantacao.md,1,path,2026,docs/specs/2026-09-07-implantacao.md,,
docs/specs/2026-09-07-implantacao.md,1,path,implantacao,docs/specs/2026-09-07-implantacao.md,,
docs/specs/2026-09-07-integracao-twenty.md,1,path,2026,docs/specs/2026-09-07-integracao-twenty.md,,
docs/specs/2026-09-07-integracao-twenty.md,1,path,integracao,docs/specs/2026-09-07-integracao-twenty.md,,
docs/specs/2026-09-07-preco.md,1,path,2026,docs/specs/2026-09-07-preco.md,,
docs/specs/2026-09-07-storage-de-anexos.md,1,path,2026,docs/specs/2026-09-07-storage-de-anexos.md,,
docs/specs/2026-09-07-storage-de-anexos.md,1,path,anexos,docs/specs/2026-09-07-storage-de-anexos.md,,
docs/specs/2026-09-07-webhook-por-cliente.md,1,path,2026,docs/specs/2026-09-07-webhook-por-cliente.md,,
docs/specs/2026-09-07-webhook-por-cliente.md,1,path,por,docs/specs/2026-09-07-webhook-por-cliente.md,,
docs/specs/2026-09-09-desk-visual-pipe-design.md,1,path,2026,docs/specs/2026-09-09-desk-visual-pipe-design.md,,
docs/specs/2026-09-12-ponte-lime.md,1,path,2026,docs/specs/2026-09-12-ponte-lime.md,,
docs/specs/2026-09-12-ponte-lime.md,1,path,lime,docs/specs/2026-09-12-ponte-lime.md,,
docs/specs/2026-09-12-ponte-lime.md,1,path,ponte,docs/specs/2026-09-12-ponte-lime.md,,
docs/specs/2026-09-29-tenant-subdomains.md,1,path,2026,docs/specs/2026-09-29-tenant-subdomains.md,,
docs/superpowers/plans/2026-09-09-desk-visual-pipe.md,1,path,2026,docs/superpowers/plans/2026-09-09-desk-visual-pipe.md,,
docs/superpowers/plans/2026-09-23-atendimento-blip-fidelity.md,1,path,2026,docs/superpowers/plans/2026-09-23-atendimento-blip-fidelity.md,,
docs/superpowers/plans/2026-09-23-atendimento-blip-fidelity.md,1,path,atendimento,docs/superpowers/plans/2026-09-23-atendimento-blip-fidelity.md,,
docs/superpowers/plans/2026-09-23-atendimento-blip-fidelity.md,1,path,fidelity,docs/superpowers/plans/2026-09-23-atendimento-blip-fidelity.md,,
scripts/dev-tenant-smoke.sh,12,identifier,contas,"[[ ""${PIPE_DOMINIO_CONTAS:-}"" == lvh.me && ""${PIPE_COOKIE_DOMINIO:-}"" == .lvh.me && ""${PIPE_PORTA_PUBLICA:-}"" == 3110 ]]",,
scripts/dev-tenant-smoke.sh,12,identifier,dominio,"[[ ""${PIPE_DOMINIO_CONTAS:-}"" == lvh.me && ""${PIPE_COOKIE_DOMINIO:-}"" == .lvh.me && ""${PIPE_PORTA_PUBLICA:-}"" == 3110 ]]",,
scripts/dev-tenant-smoke.sh,12,identifier,porta,"[[ ""${PIPE_DOMINIO_CONTAS:-}"" == lvh.me && ""${PIPE_COOKIE_DOMINIO:-}"" == .lvh.me && ""${PIPE_PORTA_PUBLICA:-}"" == 3110 ]]",,
scripts/dev-tenant-smoke.sh,12,identifier,publica,"[[ ""${PIPE_DOMINIO_CONTAS:-}"" == lvh.me && ""${PIPE_COOKIE_DOMINIO:-}"" == .lvh.me && ""${PIPE_PORTA_PUBLICA:-}"" == 3110 ]]",,
scripts/dev-tenant-smoke.sh,13,identifier,para,echo 'Configure .env para lvh.me conforme docs/tenant-subdomains-dev.md.' >&2; exit 1;,,
scripts/dev-tenant-smoke.sh,38,identifier,exemplo,"email=""${SMOKE_EMAIL_ALFA:-alfa@exemplo.test}""",,
scripts/dev-tenant-smoke.sh,44,identifier,ausente,echo 'Usuário alfa ausente. Provisione alfa e beta conforme docs/tenant-subdomains-dev.md.' >&2,,
scripts/dev-tenant-smoke.sh,44,identifier,usuario,echo 'Usuário alfa ausente. Provisione alfa e beta conforme docs/tenant-subdomains-dev.md.' >&2,,
scripts/dev-tenant-smoke.sh,48,identifier,nao,echo 'Login não redirecionou para alfa.' >&2; exit 1;,,
scripts/dev-tenant-smoke.sh,48,identifier,para,echo 'Login não redirecionou para alfa.' >&2; exit 1;,,
scripts/dev-tenant-smoke.sh,50,identifier,para,echo 'OK: login central redirecionou para alfa',,
scripts/dev-tenant-smoke.sh,55,identifier,gestao,"[[ ""$status"" == 200 ]] || { echo ""Gestão alfa: esperado 200, veio $status"" >&2; exit 1; }",,
scripts/dev-tenant-smoke.sh,56,identifier,gestao,echo 'OK: Gestão alfa pelo proxy Vite',,
scripts/dev-tenant-smoke.sh,56,identifier,pelo,echo 'OK: Gestão alfa pelo proxy Vite',,
scripts/dev-tenant-smoke.sh,62,identifier,pelo,echo 'OK: Desk alfa pelo proxy Vite',,
scripts/dev-tenant-smoke.sh,68,identifier,recusou,echo 'OK: host beta recusou cookie de alfa (403)',,
scripts/foto.mjs,1,path,foto,scripts/foto.mjs,,
scripts/foto.mjs,10,identifier,saida,"const [url, saida, cookie, largura = '1280', altura = '780'] = process.argv.slice(2);",,
scripts/foto.mjs,21,identifier,pares,"const pares = process.env.LOCAL.split(',').map((p) => p.split('='));",,
tools/std/apply-comments.ts,1,path,std,tools/std/apply-comments.ts,,
tools/std/apply-comments.ts,91,identifier,std,const std = path.dirname(target);,,
tools/std/apply-fixup.mjs,1,path,std,tools/std/apply-fixup.mjs,,
tools/std/check-map.ts,1,path,std,tools/std/check-map.ts,,
tools/std/check-map.ts,118,identifier,controlador,"const suffix = Object.entries({ Controlador: 'Controller', Servico: 'Service', Guarda: 'Guard', Erro: 'Error', Filtro: '",,
tools/std/check-map.ts,118,identifier,erro,"const suffix = Object.entries({ Controlador: 'Controller', Servico: 'Service', Guarda: 'Guard', Erro: 'Error', Filtro: '",,
tools/std/check-map.ts,118,identifier,filtro,"const suffix = Object.entries({ Controlador: 'Controller', Servico: 'Service', Guarda: 'Guard', Erro: 'Error', Filtro: '",,
tools/std/check-map.ts,118,identifier,guarda,"const suffix = Object.entries({ Controlador: 'Controller', Servico: 'Service', Guarda: 'Guard', Erro: 'Error', Filtro: '",,
tools/std/check-map.ts,118,identifier,servico,"const suffix = Object.entries({ Controlador: 'Controller', Servico: 'Service', Guarda: 'Guard', Erro: 'Error', Filtro: '",,
tools/std/classify-jsonb.test.ts,1,path,std,tools/std/classify-jsonb.test.ts,,
tools/std/classify-jsonb.test.ts,7,identifier,std,const STD = '.planning/phases/01-padronizar-linguagem-t-cnica-navega-o-e-renderiza-o/std';,,
tools/std/classify-jsonb.ts,1,path,std,tools/std/classify-jsonb.ts,,
tools/std/classify-jsonb.ts,7,identifier,std,const STD = '.planning/phases/01-padronizar-linguagem-t-cnica-navega-o-e-renderiza-o/std';,,
tools/std/classify-worklists.ts,1,path,std,tools/std/classify-worklists.ts,,
tools/std/codex-prompt.ts,1,path,std,tools/std/codex-prompt.ts,,
tools/std/codex-prompt.ts,11,identifier,dir,outDir: string;,,
tools/std/codex-prompt.ts,46,identifier,dir,const outDir = values.get('--out-dir');,,
tools/std/codex-prompt.ts,49,identifier,dir,"return { template, rows, filters, chunk, outDir };",,
tools/std/codex-prompt.ts,97,identifier,std,"const std = path.join(root, '.planning/phases/01-padronizar-linguagem-t-cnica-navega-o-e-renderiza-o/std');",,
tools/std/codex-prompt.ts,98,identifier,dir,"const mapDir = path.join(std, 'map');",,
tools/std/codex-run.sh,1,path,std,tools/std/codex-run.sh,,
tools/std/codex-run.sh,5,identifier,std,"echo ""usage: tools/std/codex-run.sh <account 1|2> <schema.json> <prompt.md> <out.json> [job]"" >&2",,
tools/std/codex-run.sh,56,identifier,cnica,"STD=""$REPO/.planning/phases/01-padronizar-linguagem-t-cnica-navega-o-e-renderiza-o/std""",,
tools/std/codex-run.sh,56,identifier,linguagem,"STD=""$REPO/.planning/phases/01-padronizar-linguagem-t-cnica-navega-o-e-renderiza-o/std""",,
tools/std/codex-run.sh,56,identifier,navega,"STD=""$REPO/.planning/phases/01-padronizar-linguagem-t-cnica-navega-o-e-renderiza-o/std""",,
tools/std/codex-run.sh,56,identifier,padronizar,"STD=""$REPO/.planning/phases/01-padronizar-linguagem-t-cnica-navega-o-e-renderiza-o/std""",,
tools/std/codex-run.sh,56,identifier,phases,"STD=""$REPO/.planning/phases/01-padronizar-linguagem-t-cnica-navega-o-e-renderiza-o/std""",,
tools/std/codex-run.sh,56,identifier,planning,"STD=""$REPO/.planning/phases/01-padronizar-linguagem-t-cnica-navega-o-e-renderiza-o/std""",,
tools/std/codex-run.sh,56,identifier,renderiza,"STD=""$REPO/.planning/phases/01-padronizar-linguagem-t-cnica-navega-o-e-renderiza-o/std""",,
tools/std/codex-run.sh,56,identifier,std,"STD=""$REPO/.planning/phases/01-padronizar-linguagem-t-cnica-navega-o-e-renderiza-o/std""",,
tools/std/codex-run.sh,57,identifier,std,"LOG=""$STD/reports/codex-log-$ACCOUNT-$JOB.csv""",,
tools/std/ddl-snapshot.sh,1,path,std,tools/std/ddl-snapshot.sh,,
tools/std/ddl-snapshot.sh,5,identifier,cnica,"STD_DIR=""$REPO_ROOT/.planning/phases/01-padronizar-linguagem-t-cnica-navega-o-e-renderiza-o/std""",,
tools/std/ddl-snapshot.sh,5,identifier,dir,"STD_DIR=""$REPO_ROOT/.planning/phases/01-padronizar-linguagem-t-cnica-navega-o-e-renderiza-o/std""",,
tools/std/ddl-snapshot.sh,5,identifier,linguagem,"STD_DIR=""$REPO_ROOT/.planning/phases/01-padronizar-linguagem-t-cnica-navega-o-e-renderiza-o/std""",,
tools/std/ddl-snapshot.sh,5,identifier,navega,"STD_DIR=""$REPO_ROOT/.planning/phases/01-padronizar-linguagem-t-cnica-navega-o-e-renderiza-o/std""",,
tools/std/ddl-snapshot.sh,5,identifier,padronizar,"STD_DIR=""$REPO_ROOT/.planning/phases/01-padronizar-linguagem-t-cnica-navega-o-e-renderiza-o/std""",,
tools/std/ddl-snapshot.sh,5,identifier,phases,"STD_DIR=""$REPO_ROOT/.planning/phases/01-padronizar-linguagem-t-cnica-navega-o-e-renderiza-o/std""",,
tools/std/ddl-snapshot.sh,5,identifier,planning,"STD_DIR=""$REPO_ROOT/.planning/phases/01-padronizar-linguagem-t-cnica-navega-o-e-renderiza-o/std""",,
tools/std/ddl-snapshot.sh,5,identifier,renderiza,"STD_DIR=""$REPO_ROOT/.planning/phases/01-padronizar-linguagem-t-cnica-navega-o-e-renderiza-o/std""",,
tools/std/ddl-snapshot.sh,5,identifier,std,"STD_DIR=""$REPO_ROOT/.planning/phases/01-padronizar-linguagem-t-cnica-navega-o-e-renderiza-o/std""",,
tools/std/ddl-snapshot.sh,6,identifier,dir,"BASELINE=""$STD_DIR/ddl-before.sql""",,
tools/std/ddl-snapshot.sh,6,identifier,std,"BASELINE=""$STD_DIR/ddl-before.sql""",,
tools/std/ddl-snapshot.sh,16,identifier,dir,"mkdir -p ""$STD_DIR""",,
tools/std/ddl-snapshot.sh,16,identifier,std,"mkdir -p ""$STD_DIR""",,
tools/std/ddl-snapshot.sh,20,identifier,dir,"scratch_dir=""$(mktemp -d)""",,
tools/std/ddl-snapshot.sh,21,identifier,dir,"current=""$scratch_dir/current.sql""",,
tools/std/ddl-snapshot.sh,22,identifier,dir,"trap 'rm -f -- ""$current""; rmdir -- ""$scratch_dir""' EXIT",,
tools/std/drafting.ts,1,path,std,tools/std/drafting.ts,,
tools/std/drafting.ts,16,identifier,padrao,const PADRAO_EMAIL = /^[^\s@]+@[^\s@]+\.[^\s@]+$/;,,
tools/std/drafting.ts,18,identifier,padrao,"const PADRAO_TELEFONE = /^\+?\d{8,15}$/;",,
tools/std/drafting.ts,38,identifier,saida,"const saida: Record<string, unknown> = {};",,
tools/std/drafting.ts,61,identifier,bruto,"const bruto = readFileSync(0, 'utf8').trim();",,
tools/std/drafting.ts,63,identifier,saida,const saida = registros.map((registro) => {,,
tools/std/drafting.ts,65,identifier,chave,"for (const [chave, valor] of Object.entries(registro)) {",,
tools/std/drafting.ts,65,identifier,valor,"for (const [chave, valor] of Object.entries(registro)) {",,
tools/std/dump-jsonb-fixtures.sh,1,path,std,tools/std/dump-jsonb-fixtures.sh,,
tools/std/dump-jsonb-fixtures.sh,21,identifier,std,"REDIGIR=""$RAIZ/tools/std/drafting.ts""",,
tools/std/dump-jsonb-fixtures.sh,38,identifier,desc,"sql=""with maiores as (select ($expr) as doc from $table where $where order by length(($expr)::text) desc limit 3), recen",,
tools/std/dump-jsonb-fixtures.sh,40,identifier,desc,"sql=""with maiores as (select ($expr) as doc from $table where $where order by length(($expr)::text) desc limit 5) select",,
tools/std/dump-jsonb-fixtures.sh,47,identifier,fluxo,dump fluxo_versao \,,
tools/std/dump-jsonb-fixtures.sh,47,identifier,versao,dump fluxo_versao \,,
tools/std/dump-jsonb-fixtures.sh,53,identifier,bloco,dump bloco \,,
tools/std/dump-jsonb-fixtures.sh,54,identifier,conteudo,"""jsonb_build_object('id', id, 'value', conteudo)"" \",,
tools/std/dump-jsonb-fixtures.sh,55,identifier,conteudo,"""conteudo <> '{}'::jsonb"" \",,
tools/std/dump-jsonb-fixtures.sh,59,identifier,bloco,dump bloco \,,
tools/std/dump-jsonb-fixtures.sh,60,identifier,posicao,"""jsonb_build_object('id', id, 'value', posicao)"" \",,
tools/std/dump-jsonb-fixtures.sh,61,identifier,posicao,"""posicao <> '{}'::jsonb"" \",,
tools/std/dump-jsonb-fixtures.sh,65,identifier,transicao,dump transicao \,,
tools/std/dump-jsonb-fixtures.sh,66,identifier,condicao,"""jsonb_build_object('id', id, 'value', condicao)"" \",,
tools/std/dump-jsonb-fixtures.sh,67,identifier,condicao,"""condicao <> '{}'::jsonb"" \",,
tools/std/dump-jsonb-fixtures.sh,72,identifier,execucao,dump execucao_fluxo \,,
tools/std/dump-jsonb-fixtures.sh,72,identifier,fluxo,dump execucao_fluxo \,,
tools/std/dump-jsonb-fixtures.sh,73,identifier,contexto,"""jsonb_build_object('id', id, 'value', contexto)"" \",,
tools/std/dump-jsonb-fixtures.sh,74,identifier,contexto,"""contexto <> '{}'::jsonb"" \",,
tools/std/dump-jsonb-fixtures.sh,75,identifier,iniciada,iniciada_em \,,
tools/std/dump-jsonb-fixtures.sh,78,identifier,execucao,dump execucao_passo \,,
tools/std/dump-jsonb-fixtures.sh,79,identifier,entrada,"""jsonb_build_object('id', id, 'value', entrada)"" \",,
tools/std/dump-jsonb-fixtures.sh,80,identifier,entrada,"""entrada is not null"" \",,
tools/std/dump-jsonb-fixtures.sh,84,identifier,execucao,dump execucao_passo \,,
tools/std/dump-jsonb-fixtures.sh,85,identifier,saida,"""jsonb_build_object('id', id, 'value', saida)"" \",,
tools/std/dump-jsonb-fixtures.sh,86,identifier,saida,"""saida is not null"" \",,
tools/std/dump-jsonb-fixtures.sh,101,identifier,antes,"""jsonb_build_object('id', id, 'antes', antes, 'depois', depois)"" \",,
tools/std/dump-jsonb-fixtures.sh,101,identifier,depois,"""jsonb_build_object('id', id, 'antes', antes, 'depois', depois)"" \",,
tools/std/dump-jsonb-fixtures.sh,102,identifier,antes,"""antes is not null or depois is not null"" \",,
tools/std/dump-jsonb-fixtures.sh,102,identifier,depois,"""antes is not null or depois is not null"" \",,
tools/std/dump-jsonb-fixtures.sh,123,identifier,mensagem,dump template_mensagem \,,
tools/std/dump-jsonb-fixtures.sh,124,identifier,variaveis,"""jsonb_build_object('id', id, 'value', variaveis)"" \",,
tools/std/dump-jsonb-fixtures.sh,125,identifier,variaveis,"""variaveis <> '[]'::jsonb"" \",,
tools/std/en-words.txt,1,path,std,tools/std/en-words.txt,,
tools/std/engine.test.ts,1,path,std,tools/std/engine.test.ts,,
tools/std/engine.test.ts,11,identifier,move,import { moveFiles } from './move-files.ts';,,
tools/std/engine.test.ts,14,identifier,dir,const stdDir = path.dirname(fileURLToPath(import.meta.url));,,
tools/std/engine.test.ts,14,identifier,std,const stdDir = path.dirname(fileURLToPath(import.meta.url));,,
tools/std/engine.test.ts,15,identifier,dir,"const fixtureDir = path.join(stdDir, 'fixtures/mini');",,
tools/std/engine.test.ts,30,string-literal,symbol,"test('renames a symbol across static, type, re-export, shorthand and typeof import uses', () => {",,
tools/std/engine.test.ts,32,identifier,dir,"const result = renameSymbols({ root, mapDir: path.join(root, 'map'), log() {} });",,
tools/std/engine.test.ts,51,identifier,dir,"renameSymbols({ root, mapDir: path.join(root, 'map'), log() {} });",,
tools/std/engine.test.ts,121,identifier,dir,"mapDir: path.join(root, 'map'),",,
tools/std/engine.test.ts,159,identifier,dir,"moveFiles({ root, mapDir: path.join(root, 'map'), ids: ['MOVE-001'], log() {} });",,
tools/std/engine.test.ts,178,string-literal,move,"test('move-files dry-run and ids selection make no changes', () => {",,
tools/std/engine.test.ts,183,identifier,dir,"mapDir: path.join(root, 'map'),",,
tools/std/engine.test.ts,198,identifier,dir,"mapDir: path.join(root, 'map'),",,
tools/std/engine.test.ts,219,identifier,dir,"rewriteLiterals({ root, mapDir: path.join(root, 'map'), ids: ['LIT-002'], log() {} });",,
tools/std/engine.test.ts,231,identifier,dir,"const mapDir = path.join(root, 'map');",,
tools/std/engine.test.ts,246,identifier,dir,"const preview = rewriteLiterals({ root, mapDir, ids, dryRun: true, log() {} });",,
tools/std/engine.test.ts,247,identifier,dir,"const applied = rewriteLiterals({ root, mapDir, ids, log() {} });",,
tools/std/engine.test.ts,258,identifier,dir,"const mapDir = path.join(root, 'map');",,
tools/std/engine.test.ts,260,identifier,dir,"const first = rewriteLiterals({ root, mapDir, ids: ['LIT-007'], log() {} });",,
tools/std/engine.test.ts,276,identifier,dir,"root, mapDir, ids: ['LIT-007'], status: ['applied'], dryRun: true, log() {},",,
tools/std/engine.test.ts,284,identifier,dir,"rewriteLiterals({ root, mapDir: path.join(root, 'map'), ids: ['LIT-003', 'LIT-004'], log() {} });",,
tools/std/engine.test.ts,293,identifier,dir,"rewriteLiterals({ root, mapDir: path.join(root, 'map'), ids: ['LIT-005'], log() {} });",,
tools/std/engine.test.ts,302,identifier,dir,"rewriteLiterals({ root, mapDir: path.join(root, 'map'), ids: ['LIT-006'], log() {} });",,
tools/std/engine.test.ts,312,string-literal,move,"test('non-approved status requires dry-run for move and literal tools', () => {",,
tools/std/engine.test.ts,315,identifier,dir,"() => moveFiles({ root, mapDir: path.join(root, 'map'), status: ['proposed'] }),",,
tools/std/engine.test.ts,319,identifier,dir,"() => rewriteLiterals({ root, mapDir: path.join(root, 'map'), status: ['proposed'] }),",,
tools/std/engine.test.ts,323,identifier,dir,"moveFiles({ root, mapDir: path.join(root, 'map'), status: ['proposed'], dryRun: true }),",,
tools/std/engine.test.ts,326,identifier,dir,"rewriteLiterals({ root, mapDir: path.join(root, 'map'), status: ['proposed'], dryRun: true }),",,
tools/std/gate.sh,1,path,std,tools/std/gate.sh,,
tools/std/gate.sh,6,identifier,cnica,std='.planning/phases/01-padronizar-linguagem-t-cnica-navega-o-e-renderiza-o/std',,
tools/std/gate.sh,6,identifier,linguagem,std='.planning/phases/01-padronizar-linguagem-t-cnica-navega-o-e-renderiza-o/std',,
tools/std/gate.sh,6,identifier,navega,std='.planning/phases/01-padronizar-linguagem-t-cnica-navega-o-e-renderiza-o/std',,
tools/std/gate.sh,6,identifier,padronizar,std='.planning/phases/01-padronizar-linguagem-t-cnica-navega-o-e-renderiza-o/std',,
tools/std/gate.sh,6,identifier,phases,std='.planning/phases/01-padronizar-linguagem-t-cnica-navega-o-e-renderiza-o/std',,
tools/std/gate.sh,6,identifier,planning,std='.planning/phases/01-padronizar-linguagem-t-cnica-navega-o-e-renderiza-o/std',,
tools/std/gate.sh,6,identifier,renderiza,std='.planning/phases/01-padronizar-linguagem-t-cnica-navega-o-e-renderiza-o/std',,
tools/std/gate.sh,6,identifier,std,std='.planning/phases/01-padronizar-linguagem-t-cnica-navega-o-e-renderiza-o/std',,
tools/std/gate.sh,7,identifier,std,"reports=""$std/reports""",,
tools/std/gate.sh,12,identifier,std,"scratch=""$(mktemp -d ""$root/.std-gate.XXXXXX"")"" || exit 2",,
tools/std/gate.sh,21,identifier,shift,"local title=""$1""; shift",,
tools/std/gate.sh,49,identifier,std,"node tools/std/test-counts.ts --check-flaky --log ""$test_log"" --map ""$std/map"" || { cat ""$test_log""; return 1; }",,
tools/std/gate.sh,52,identifier,std,"api_package=""$(node tools/std/test-counts.ts --api-package --map ""$std/map"")"" || return 1",,
tools/std/gate.sh,55,identifier,std,"done < <(node tools/std/test-counts.ts --list-flaky --map ""$std/map"")",,
tools/std/gate.sh,63,identifier,std,"if [[ -f ""$scratch/flaky-verified"" ]]; then args+=(--accept-flaky --map ""$std/map""); fi",,
tools/std/gate.sh,64,identifier,std,"if [[ ""$label"" == baseline ]]; then args+=(--baseline-md ""$std/baseline.md""); fi",,
tools/std/gate.sh,65,identifier,std,"if [[ ""$label"" != baseline ]]; then args+=(--compare ""$reports/baseline-test-counts.json"" --map ""$std/map""); fi",,
tools/std/gate.sh,66,identifier,std,"node tools/std/test-counts.ts ""${args[@]}""",,
tools/std/gate.sh,69,identifier,std,run ddl bash tools/std/ddl-snapshot.sh check,,
tools/std/gate.sh,71,identifier,std,"local args=(--emit ""$reports/$label-routes.json"" --consumers ""$reports/$label-route-consumers.csv"" --allow ""$std/route-d",,
tools/std/gate.sh,72,identifier,std,"if [[ ""$label"" != baseline ]]; then args+=(--compare ""$reports/baseline-routes.json"" --map ""$std/map""); fi",,
tools/std/gate.sh,73,identifier,std,"node tools/std/route-match.ts ""${args[@]}""",,
tools/std/gate.sh,77,identifier,std,"local args=(--out ""$reports/$label-scan.csv"" --summary ""$reports/$label-scan-summary.md"" --map ""$std/map"")",,
tools/std/gate.sh,79,identifier,std,"node tools/std/scan-pt.ts ""${args[@]}"" || return 1",,
tools/std/gate.sh,95,identifier,slice,"case ""$label"" in baseline|slice-0) echo ""re-baselined: lexicon $lexicon"" ;; *) echo 'lexicon changed outside gate 2'; re",,
tools/std/gate.sh,102,identifier,dir,local dirs=() app app_dir dir,,
tools/std/gate.sh,103,identifier,ponte,for app in api workers ponte; do,,
tools/std/gate.sh,104,identifier,dir,"app_dir=""$(node tools/std/test-counts.ts --resolve-path ""apps/$app"" --map ""$std/map"")"" || return 1",,
tools/std/gate.sh,104,identifier,std,"app_dir=""$(node tools/std/test-counts.ts --resolve-path ""apps/$app"" --map ""$std/map"")"" || return 1",,
tools/std/gate.sh,105,identifier,dir,"dirs+=(""$app_dir/src"" ""$app_dir/tests"")",,
tools/std/gate.sh,107,identifier,dir,"for dir in packages/*/src; do [[ ""$dir"" == packages/ui/src ]] || dirs+=(""$dir""); done",,
tools/std/gate.sh,108,identifier,dir,"for dir in ""${dirs[@]}""; do [[ -d ""$dir"" ]] || { echo ""missing source dir: $dir""; return 1; }; done",,
tools/std/gate.sh,110,identifier,std,"node tools/std/js-specifiers.ts ""${dirs[@]}"" > ""$scratch/js-specifiers.txt"" || return 1",,
tools/std/gate.sh,118,identifier,std,run jsonb-keys node tools/std/jsonb-keys.ts --check,,
tools/std/gate.test.sh,1,path,std,tools/std/gate.test.sh,,
tools/std/gate.test.sh,4,identifier,std,"scratch=""$(mktemp -d ""$PWD/.std-gate-test.XXXXXX"")""",,
tools/std/gate.test.sh,8,identifier,std,"eval ""$(sed -n '/^clean_outputs() {/,/^}/p' tools/std/gate.sh)""",,
tools/std/gate.test.sh,9,identifier,std,"eval ""$(sed -n '/^scan_trend() {/,/^}/p' tools/std/gate.sh)""",,
tools/std/gate.test.sh,12,identifier,std,printf 'stale\n' > apps/api/dist/.std-stale-test,,
tools/std/gate.test.sh,14,identifier,std,test ! -e apps/api/dist/.std-stale-test,,
tools/std/gate.test.sh,19,identifier,std,"std=""$scratch/std""",,
tools/std/gate.test.sh,20,identifier,std,"mkdir -p ""$reports"" ""$std""",,
tools/std/gate.test.sh,27,identifier,shift,shift,,
tools/std/gate.test.sh,32,identifier,slice,label=slice-1 TEST_LEXICON=changed TEST_COUNT=1,,
tools/std/gate.test.sh,34,identifier,slice,label=slice-1 TEST_LEXICON=original TEST_COUNT=11,,
tools/std/gate.test.sh,36,identifier,slice,label=slice-1 TEST_LEXICON=original TEST_COUNT=10,,
tools/std/gate.test.sh,43,identifier,slice,label=slice-1 TEST_LEXICON=original TEST_COUNT=10,,
tools/std/gate.test.sh,45,identifier,slice,label=slice-1 TEST_LEXICON=original TEST_COUNT=11,,
tools/std/gerar-fixtures-jsonb.ts,1,path,gerar,tools/std/gerar-fixtures-jsonb.ts,,
tools/std/gerar-fixtures-jsonb.ts,1,path,std,tools/std/gerar-fixtures-jsonb.ts,,
tools/std/gerar-fixtures-jsonb.ts,58,identifier,gerar,const { gerarRegistros } = await import('../../apps/api/tests/gerar-fixtures-jsonb.helper.js');,,
tools/std/gerar-fixtures-jsonb.ts,60,identifier,arquivos,const arquivos = await gerarRegistros();,,
tools/std/inventory.test.ts,1,path,std,tools/std/inventory.test.ts,,
tools/std/inventory.test.ts,32,string-literal,sao,"test('ids sao estaveis', () => {",,
tools/std/inventory.test.ts,37,string-literal,comentario,"test('extrai comentario PT e ignora diretiva lint', () => {",,
tools/std/inventory.test.ts,59,string-literal,captura,"test('captura nomes tecnicos em constantes e agendadores sem casar nomes proximos', () => {",,
tools/std/inventory.test.ts,59,string-literal,nomes,"test('captura nomes tecnicos em constantes e agendadores sem casar nomes proximos', () => {",,
tools/std/inventory.test.ts,59,string-literal,proximos,"test('captura nomes tecnicos em constantes e agendadores sem casar nomes proximos', () => {",,
tools/std/inventory.test.ts,59,string-literal,sem,"test('captura nomes tecnicos em constantes e agendadores sem casar nomes proximos', () => {",,
tools/std/inventory.ts,1,path,std,tools/std/inventory.ts,,
tools/std/inventory.ts,54,identifier,slice,"function sliceOf(scope: string, kind: string): string {",,
tools/std/inventory.ts,65,identifier,slice,"id: `${scope}-${kind}-${sha(old + declaredAt)}`, scope, slice: sliceOf(scope, kind), kind, old, new: '',",,
tools/std/inventory.ts,201,identifier,dir,"const result: string[] = []; const walk = (dir: string): void => { for (const entry of fs.readdirSync(dir, { withFileTyp",,
tools/std/inventory.ts,210,identifier,dir,let dir = path.posix.dirname(slash(file)); while (dir !== '.' && dir !== '/' && dir) { dirs.add(dir); dir = path.posix.d,,
tools/std/inventory.ts,212,identifier,dir,"for (const dir of dirs) { const item = row(scopeOf(dir), 'dir', dir, dir); if (item) rows.push(item); }",,
tools/std/inventory.ts,360,identifier,dir,"const dir = path.join(out, 'map'); fs.mkdirSync(dir, { recursive: true });",,
tools/std/js-specifiers.test.ts,1,path,std,tools/std/js-specifiers.test.ts,,
tools/std/js-specifiers.ts,1,path,std,tools/std/js-specifiers.ts,,
tools/std/jsonb-keys.test.ts,1,path,std,tools/std/jsonb-keys.test.ts,,
tools/std/jsonb-keys.test.ts,6,string-literal,chaves,"test('collectKeys junta chaves aninhadas e desce em array', () => {",,
tools/std/jsonb-keys.test.ts,6,string-literal,junta,"test('collectKeys junta chaves aninhadas e desce em array', () => {",,
tools/std/jsonb-keys.test.ts,13,identifier,chaves,"const chaves = collectKeys(doc, ['$.vars.*']).sort();",,
tools/std/jsonb-keys.test.ts,17,string-literal,abaixo,"test('collectKeys com caminho opaco aninhado só some com o que está abaixo dele', () => {",,
tools/std/jsonb-keys.test.ts,17,string-literal,com,"test('collectKeys com caminho opaco aninhado só some com o que está abaixo dele', () => {",,
tools/std/jsonb-keys.test.ts,17,string-literal,dele,"test('collectKeys com caminho opaco aninhado só some com o que está abaixo dele', () => {",,
tools/std/jsonb-keys.test.ts,17,string-literal,esta,"test('collectKeys com caminho opaco aninhado só some com o que está abaixo dele', () => {",,
tools/std/jsonb-keys.test.ts,18,identifier,cabecalhos,"const doc = { cabecalhos: { 'x-custom': 'v' }, pedido: { url: 'https://x' } };",,
tools/std/jsonb-keys.test.ts,18,identifier,pedido,"const doc = { cabecalhos: { 'x-custom': 'v' }, pedido: { url: 'https://x' } };",,
tools/std/jsonb-keys.test.ts,19,identifier,chaves,"const chaves = collectKeys(doc, ['$.cabecalhos.*']).sort();",,
tools/std/jsonb-keys.test.ts,29,identifier,texto,function fonte(texto: string): ts.SourceFile {,,
tools/std/jsonb-keys.test.ts,34,identifier,nomes,const nomes = codePropertyNames(,,
tools/std/jsonb-keys.test.ts,46,identifier,nomes,const nomes = codePropertyNames(,,
tools/std/jsonb-keys.test.ts,58,string-literal,acesso,"test('`codePropertyNames` finds acesso.propriedade and acesso[\'indice\']', () => {",,
tools/std/jsonb-keys.test.ts,58,string-literal,propriedade,"test('`codePropertyNames` finds acesso.propriedade and acesso[\'indice\']', () => {",,
tools/std/jsonb-keys.test.ts,59,identifier,nomes,const nomes = codePropertyNames(,,
tools/std/jsonb-keys.ts,1,path,std,tools/std/jsonb-keys.ts,,
tools/std/jsonb-keys.ts,44,identifier,chaves,const chaves = new Set<string>();,,
tools/std/jsonb-keys.ts,53,identifier,chave,"for (const [chave, filho] of Object.entries(value as Record<string, unknown>)) {",,
tools/std/jsonb-keys.ts,73,identifier,nomes,const nomes = new Set<string>();,,
tools/std/jsonb-keys.ts,116,identifier,arquivos,function arquivosDeCodigo(): string[] {,,
tools/std/jsonb-keys.ts,116,identifier,codigo,function arquivosDeCodigo(): string[] {,,
tools/std/jsonb-keys.ts,117,identifier,saida,"const saida = execFileSync('git', ['ls-files', '--', 'apps', 'packages'], {",,
tools/std/jsonb-keys.ts,131,identifier,codigo,function nomesDoCodigoAtual(): Set<string> {,,
tools/std/jsonb-keys.ts,131,identifier,nomes,function nomesDoCodigoAtual(): Set<string> {,,
tools/std/jsonb-keys.ts,132,identifier,todos,const todos = new Set<string>();,,
tools/std/jsonb-keys.ts,134,identifier,texto,"const texto = readFileSync(join(RAIZ, caminho), 'utf8');",,
tools/std/jsonb-keys.ts,145,identifier,chaves,function chavesDaFixture(inbound: InboundOfManifest): string[] {,,
tools/std/jsonb-keys.ts,148,identifier,campo,const campo = inbound.field ?? 'value';,,
tools/std/jsonb-keys.ts,149,identifier,chaves,const chaves = new Set<string>();,,
tools/std/jsonb-keys.ts,158,identifier,codigo,const codigo = nomesDoCodigoAtual();,,
tools/std/jsonb-keys.ts,164,identifier,entrada,for (const entrada of manifesto) {,,
tools/std/jsonb-keys.ts,165,identifier,chaves,const chaves = keysByFile.get(entrada.file) ?? new Set<string>();,,
tools/std/jsonb-keys.ts,166,identifier,chave,for (const chave of chavesDaFixture(entrada)) chaves.add(chave);,,
tools/std/jsonb-keys.ts,170,identifier,chaves,"for (const [file, chaves] of keysByFile) {",,
tools/std/jsonb-keys.ts,191,identifier,codigo,const codigo = nomesDoCodigoAtual();,,
tools/std/jsonb-keys.ts,192,identifier,falhas,const falhas: string[] = [];,,
tools/std/jsonb-keys.ts,193,identifier,arquivo,"for (const [arquivo, { present }] of Object.entries(baseline)) {",,
tools/std/jsonb-keys.ts,194,identifier,chave,for (const chave of present) {,,
tools/std/jsonb-reach.test.ts,1,path,std,tools/std/jsonb-reach.test.ts,,
tools/std/jsonb-reach.test.ts,14,string-literal,alcanca,"test('insert values alcanca arrays, unions, Record e wrappers', () => {",,
tools/std/jsonb-reach.test.ts,29,string-literal,chaves,"test('tipo somente em memoria nao e alcancado e chaves de Record nao viram props', () => {",,
tools/std/jsonb-reach.test.ts,29,string-literal,nao,"test('tipo somente em memoria nao e alcancado e chaves de Record nao viram props', () => {",,
tools/std/lib/csv.ts,1,path,std,tools/std/lib/csv.ts,,
tools/std/lib/jsonb-reach.ts,1,path,std,tools/std/lib/jsonb-reach.ts,,
tools/std/lib/jsonb-reach.ts,90,identifier,symbol,const symbolName = type.getSymbol()?.getName() ?? '';,,
tools/std/lib/jsonb-reach.ts,94,identifier,symbol,for (const symbol of type.getProperties()) {,,
tools/std/lib/jsonb-reach.ts,156,identifier,entrada,"FluxoBlip: ['bloco.conteudo'], Acao: ['bloco.conteudo'], Entrada: ['bloco.conteudo'], Saida: ['bloco.conteudo'], Estado:",,
tools/std/lib/jsonb-reach.ts,156,identifier,estado,"FluxoBlip: ['bloco.conteudo'], Acao: ['bloco.conteudo'], Entrada: ['bloco.conteudo'], Saida: ['bloco.conteudo'], Estado:",,
tools/std/lib/jsonb-reach.ts,156,identifier,fluxo,"FluxoBlip: ['bloco.conteudo'], Acao: ['bloco.conteudo'], Entrada: ['bloco.conteudo'], Saida: ['bloco.conteudo'], Estado:",,
tools/std/lib/jsonb-reach.ts,156,identifier,saida,"FluxoBlip: ['bloco.conteudo'], Acao: ['bloco.conteudo'], Entrada: ['bloco.conteudo'], Saida: ['bloco.conteudo'], Estado:",,
tools/std/lib/jsonb-reach.ts,157,identifier,entrada,"MensagemDeEntrada: ['execucaoPasso.entrada', 'processHttpExecucao.entrada'], MensagemDeSaida: ['execucaoPasso.saida'],",,
tools/std/lib/jsonb-reach.ts,157,identifier,mensagem,"MensagemDeEntrada: ['execucaoPasso.entrada', 'processHttpExecucao.entrada'], MensagemDeSaida: ['execucaoPasso.saida'],",,
tools/std/lib/jsonb-reach.ts,157,identifier,saida,"MensagemDeEntrada: ['execucaoPasso.entrada', 'processHttpExecucao.entrada'], MensagemDeSaida: ['execucaoPasso.saida'],",,
tools/std/lib/jsonb-reach.ts,158,identifier,pedido,"PedidoDeHttp: ['processHttpExecucao.pedido'], RespostaDeHttp: ['processHttpExecucao.resposta'], CursorDeProcessHttp: ['p",,
tools/std/lib/jsonb-reach.ts,159,identifier,acoes,"ListaDeAcoesSuspensa: ['processHttpExecucao.contexto'],",,
tools/std/lib/jsonb-reach.ts,162,identifier,entrada,"FluxoBlip: 'packages/core/src/fluxo/modelos.ts', Acao: 'packages/core/src/fluxo/modelos.ts', Entrada: 'packages/core/src",,
tools/std/lib/jsonb-reach.ts,162,identifier,estado,"FluxoBlip: 'packages/core/src/fluxo/modelos.ts', Acao: 'packages/core/src/fluxo/modelos.ts', Entrada: 'packages/core/src",,
tools/std/lib/jsonb-reach.ts,162,identifier,fluxo,"FluxoBlip: 'packages/core/src/fluxo/modelos.ts', Acao: 'packages/core/src/fluxo/modelos.ts', Entrada: 'packages/core/src",,
tools/std/lib/jsonb-reach.ts,162,identifier,saida,"FluxoBlip: 'packages/core/src/fluxo/modelos.ts', Acao: 'packages/core/src/fluxo/modelos.ts', Entrada: 'packages/core/src",,
tools/std/lib/jsonb-reach.ts,163,identifier,acoes,"MensagemDeEntrada: 'packages/core/src/fluxo/contexto.ts', MensagemDeSaida: 'packages/core/src/fluxo/contexto.ts', Pedido",,
tools/std/lib/jsonb-reach.ts,163,identifier,entrada,"MensagemDeEntrada: 'packages/core/src/fluxo/contexto.ts', MensagemDeSaida: 'packages/core/src/fluxo/contexto.ts', Pedido",,
tools/std/lib/jsonb-reach.ts,163,identifier,mensagem,"MensagemDeEntrada: 'packages/core/src/fluxo/contexto.ts', MensagemDeSaida: 'packages/core/src/fluxo/contexto.ts', Pedido",,
tools/std/lib/jsonb-reach.ts,163,identifier,pedido,"MensagemDeEntrada: 'packages/core/src/fluxo/contexto.ts', MensagemDeSaida: 'packages/core/src/fluxo/contexto.ts', Pedido",,
tools/std/lib/jsonb-reach.ts,163,identifier,saida,"MensagemDeEntrada: 'packages/core/src/fluxo/contexto.ts', MensagemDeSaida: 'packages/core/src/fluxo/contexto.ts', Pedido",,
tools/std/lib/map.ts,1,path,std,tools/std/lib/map.ts,,
tools/std/lib/map.ts,6,literal-value,slice,"'id', 'scope', 'slice', 'kind', 'old', 'new', 'declared_at', 'consumers',",,
tools/std/lib/map.ts,27,identifier,dir,"export function readMap(dir: string, filter: MapFilter = {}): MapRow[] {",,
tools/std/lib/map.ts,49,identifier,dir,"export function writeMap(dir: string, changedRows: MapRow[]): void {",,
tools/std/lib/project.ts,1,path,std,tools/std/lib/project.ts,,
tools/std/lib/project.ts,17,identifier,dir,"function sourceTarget(workspaceDir: string, target: string | undefined): string {",,
tools/std/lib/project.ts,29,identifier,dir,"const groupDir = path.join(root, group);",,
tools/std/lib/project.ts,33,identifier,dir,"const workspaceDir = path.join(groupDir, entry.name);",,
tools/std/map-comment-identifiers.test.ts,1,path,std,tools/std/map-comment-identifiers.test.ts,,
tools/std/map-comment-identifiers.test.ts,13,identifier,dir,"const fixtureDir = path.join(here, 'fixtures/comment-identifiers');",,
tools/std/map-comment-identifiers.test.ts,18,identifier,slice,"slice: '2',",,
tools/std/map-comment-identifiers.test.ts,35,identifier,std,"const std = path.join(root, 'std');",,
tools/std/map-comment-identifiers.test.ts,36,identifier,dir,"const mapDir = path.join(std, 'map');",,
tools/std/map-comment-identifiers.test.ts,72,identifier,dir,"return { root, mapDir };",,
tools/std/map-comment-identifiers.test.ts,79,identifier,dir,"const { root, mapDir } = setup();",,
tools/std/map-comment-identifiers.test.ts,85,identifier,dir,"mapDir,",,
tools/std/map-comment-identifiers.test.ts,99,identifier,dir,"const { root, mapDir } = setup();",,
tools/std/map-comment-identifiers.test.ts,101,identifier,dir,"const first = mapCommentIdentifiers({ root, mapDir, write: true, log() {} });",,
tools/std/map-comment-identifiers.test.ts,122,identifier,dir,"const second = mapCommentIdentifiers({ root, mapDir, write: true, log() {} });",,
tools/std/map-comment-identifiers.test.ts,127,identifier,dir,"const { root, mapDir } = setup();",,
tools/std/map-comment-identifiers.test.ts,129,identifier,dir,"const result = mapCommentIdentifiers({ root, mapDir, scopes: ['css'], dryRun: true, log() {} });",,
tools/std/map-comment-identifiers.test.ts,136,identifier,dir,"() => mapCommentIdentifiers({ root, mapDir, write: true, dryRun: true, log() {} }),",,
tools/std/map-comment-identifiers.ts,1,path,std,tools/std/map-comment-identifiers.ts,,
tools/std/map-comment-identifiers.ts,29,identifier,dir,mapDir: string;,,
tools/std/map-comment-identifiers.ts,94,identifier,std,function protectedValues(std: string): Set<string> {,,
tools/std/map-comment-identifiers.ts,205,identifier,std,const std = path.dirname(path.resolve(options.mapDir));,,
tools/std/map-comment-identifiers.ts,353,identifier,dir,"mapDir: value('--map'),",,
tools/std/map-tools.test.ts,1,path,std,tools/std/map-tools.test.ts,,
tools/std/map-tools.test.ts,9,identifier,merge,import { mergeProposals } from './merge-proposals.ts';,,
tools/std/map-tools.test.ts,20,identifier,std,"const std = path.join(root, 'std'); const map = path.join(std, 'map'); const comments = path.join(std, 'comments');",,
tools/std/map-tools.test.ts,22,identifier,std,"return { root, std, map, comments };",,
tools/std/map-tools.test.ts,25,identifier,slice,"return { id, scope: 'api', slice: '1', kind: 'symbol', old: 'ControladorAnexos', new: 'AttachmentsController', declared_",,
tools/std/map-tools.test.ts,33,identifier,dir,"function commentsFile(dir: string, rows: ReturnType<typeof commentRow>[]) { const file = path.join(dir, 'api.csv'); fs.w",,
tools/std/map-tools.test.ts,36,string-literal,move,"test('approved map rows survive later proposals; persisted rows move to owner/job file', () => {",,
tools/std/map-tools.test.ts,46,string-literal,merge,"test('map merge requires job and persisted-only keeps candidate status', () => {",,
tools/std/map-tools.test.ts,99,string-literal,symbol,test('symbol/ts-local/ts-prop rows repeating the same old->new pair in one file are not flagged (only different old coll,,
tools/std/map-tools.test.ts,142,string-literal,symbol,"test('symbol constants keep UPPER_SNAKE casing', () => {",,
tools/std/map-tools.test.ts,155,string-literal,move,"test('STATE requires an approved decision and route parameter positions cannot move', () => {",,
tools/std/map-tools.test.ts,169,string-literal,bem,"test('CSS class BEM double-dash modifiers pass casing; triple-dash and uppercase still fail', () => {",,
tools/std/map-tools.test.ts,214,string-literal,comentario,"assert.ok(new RegExp(exceptions[1][1]).test('// Comentario original')); assert.match(exceptions[1][4], /\/\/ Comentario ",,
tools/std/merge-proposals.ts,1,path,merge,tools/std/merge-proposals.ts,,
tools/std/merge-proposals.ts,1,path,std,tools/std/merge-proposals.ts,,
tools/std/merge-proposals.ts,33,identifier,merge,export function mergeProposals(options: { input: string; target: string; owner: string; job?: string; persistedOnly?: bo,,
tools/std/merge-proposals.ts,52,identifier,std,const std = path.dirname(target);,,
tools/std/move-files.ts,1,path,move,tools/std/move-files.ts,,
tools/std/move-files.ts,1,path,std,tools/std/move-files.ts,,
tools/std/move-files.ts,12,identifier,move,export interface MoveFilesOptions {,,
tools/std/move-files.ts,14,identifier,dir,mapDir: string;,,
tools/std/move-files.ts,23,identifier,move,export interface MoveFilesResult {,,
tools/std/move-files.ts,28,identifier,move,interface Move {,,
tools/std/move-files.ts,54,identifier,move,"for (const move of [...moves].sort((a, b) => b.oldPath.length - a.oldPath.length)) {",,
tools/std/move-files.ts,62,identifier,move,function rowMove(row: MapRow): Move {,,
tools/std/move-files.ts,248,identifier,move,for (const move of moves) {,,
tools/std/move-files.ts,287,identifier,move,for (const move of moves) {,,
tools/std/move-files.ts,307,identifier,dir,"function writeLeftovers(root: string, mapDir: string, moves: Move[], movedFiles: string[]): string {",,
tools/std/move-files.ts,314,identifier,move,for (const move of moves) {,,
tools/std/move-files.ts,330,identifier,move,export function moveFiles(options: MoveFilesOptions): MoveFilesResult {,,
tools/std/move-files.ts,358,identifier,dir,"const aDir = ['dir', 'package', 'app'].includes(a.row.kind) ? 0 : 1;",,
tools/std/move-files.ts,359,identifier,dir,"const bDir = ['dir', 'package', 'app'].includes(b.row.kind) ? 0 : 1;",,
tools/std/move-files.ts,394,identifier,dir,"mapDir: values.get('map')!,",,
tools/std/nav-contract.test.cjs,1,path,std,tools/std/nav-contract.test.cjs,,
tools/std/persisted-01-08.test.ts,1,path,std,tools/std/persisted-01-08.test.ts,,
tools/std/persisted-01-08.test.ts,7,identifier,std,const std = '.planning/phases/01-padronizar-linguagem-t-cnica-navega-o-e-renderiza-o/std';,,
tools/std/persisted-01-08.test.ts,27,string-literal,codigo,"test('Keep codes stored in `erro_codigo` and `ultimo_erro` while renaming an isolated HTTP error', () => {",,
tools/std/persisted-01-08.test.ts,27,string-literal,erro,"test('Keep codes stored in `erro_codigo` and `ultimo_erro` while renaming an isolated HTTP error', () => {",,
tools/std/persisted-01-08.test.ts,30,string-literal,mensagem,codes.add('mensagem_sumiu');,,
tools/std/pt-detect.test.ts,1,path,std,tools/std/pt-detect.test.ts,,
tools/std/pt-detect.test.ts,12,string-literal,separa,"test('splitIdentifier separa camelCase e delimitadores tecnicos', () => {",,
tools/std/pt-detect.test.ts,20,string-literal,texto,"test('stripDiacritics normaliza texto em portugues', () => {",,
tools/std/pt-detect.test.ts,51,string-literal,permanece,"test(""isPtToken('use', extra) permanece falso em mapa candidato"", () => {",,
tools/std/pt-detect.test.ts,56,string-literal,permanece,"test(""isPtToken('get', extra) permanece falso em mapa candidato"", () => {",,
tools/std/pt-detect.test.ts,61,string-literal,aceita,"test('isPtToken aceita lexico extra sem superar EN_ALLOW', () => {",,
tools/std/pt-detect.test.ts,61,string-literal,sem,"test('isPtToken aceita lexico extra sem superar EN_ALLOW', () => {",,
tools/std/pt-detect.ts,1,path,std,tools/std/pt-detect.ts,,
tools/std/pt-lexicon.txt,1,path,std,tools/std/pt-lexicon.txt,,
tools/std/rename-css.test.ts,1,path,std,tools/std/rename-css.test.ts,,
tools/std/rename-css.test.ts,12,identifier,dir,const stdDir = path.dirname(fileURLToPath(import.meta.url));,,
tools/std/rename-css.test.ts,12,identifier,std,const stdDir = path.dirname(fileURLToPath(import.meta.url));,,
tools/std/rename-css.test.ts,13,identifier,dir,"const fixtureDir = path.join(stdDir, 'fixtures/css-mini');",,
tools/std/rename-css.test.ts,28,identifier,dir,"renameCss({ root, mapDir: path.join(root, 'map'), log() {} });",,
tools/std/rename-css.test.ts,37,identifier,dir,"renameCss({ root, mapDir: path.join(root, 'map'), log() {} });",,
tools/std/rename-css.test.ts,49,identifier,dir,"renameCss({ root, mapDir: path.join(root, 'map'), log() {} });",,
tools/std/rename-css.test.ts,58,string-literal,estado,"test('dynamic template construction (`dk-${estado}`) is reported and left untouched', () => {",,
tools/std/rename-css.test.ts,60,identifier,dir,"const result = renameCss({ root, mapDir: path.join(root, 'map'), log() {} });",,
tools/std/rename-css.test.ts,70,identifier,dir,"renameCss({ root, mapDir: path.join(root, 'map'), log() {} });",,
tools/std/rename-css.test.ts,78,identifier,dir,"renameCss({ root, mapDir: path.join(root, 'map'), log() {} });",,
tools/std/rename-css.test.ts,85,identifier,dir,"renameCss({ root, mapDir: path.join(root, 'map'), log() {} });",,
tools/std/rename-css.test.ts,98,identifier,dir,"const mapDir = path.join(root, 'map');",,
tools/std/rename-css.test.ts,99,identifier,dir,"renameCss({ root, mapDir, log() {} });",,
tools/std/rename-css.test.ts,113,identifier,dir,"const result = renameCss({ root, mapDir, log() {} });",,
tools/std/rename-css.test.ts,122,identifier,dir,"const mapDir = path.join(root, 'map');",,
tools/std/rename-css.test.ts,128,identifier,dir,"const result = renameCss({ root, mapDir, dryRun: true, log() {} });",,
tools/std/rename-css.test.ts,138,identifier,dir,"const result = renameCss({ root, mapDir: path.join(root, 'map'), log() {} });",,
tools/std/rename-css.ts,1,path,std,tools/std/rename-css.ts,,
tools/std/rename-css.ts,14,identifier,dir,mapDir: string;,,
tools/std/rename-css.ts,560,identifier,dir,"const reportsDir = path.join(path.dirname(options.mapDir), 'reports');",,
tools/std/rename-css.ts,610,identifier,dir,"mapDir: values.get('map')!,",,
tools/std/rename-symbols.ts,1,path,std,tools/std/rename-symbols.ts,,
tools/std/rename-symbols.ts,12,identifier,dir,mapDir: string;,,
tools/std/rename-symbols.ts,103,identifier,dir,"root: values.get('root') ?? '.', mapDir: values.get('map')!, scopes: list(values.get('scopes')),",,
tools/std/repair-typecheck.ts,1,path,std,tools/std/repair-typecheck.ts,,
tools/std/repair-typecheck.ts,8,identifier,dir,"const mapDir = path.resolve(process.argv[3] ?? path.join(root, '.planning/phases/01-padronizar-linguagem-t-cnica-navega-",,
tools/std/repair-typecheck.ts,72,identifier,symbol,const matches = candidates.filter(name => available.some(symbol => symbol.name === name));,,
tools/std/repair-typecheck.ts,111,identifier,symbol,const moduleSymbol = checker.getSymbolAtLocation(declaration.moduleSpecifier);,,
tools/std/repair-typecheck.ts,112,identifier,symbol,const exports = moduleSymbol ? new Set(checker.getExportsOfModule(moduleSymbol).map(symbol => symbol.name)) : new Set<st,,
tools/std/rewrite-literals.ts,1,path,std,tools/std/rewrite-literals.ts,,
tools/std/rewrite-literals.ts,33,identifier,dir,mapDir: string;,,
tools/std/rewrite-literals.ts,685,identifier,dir,"mapDir: values.get('map')!,",,
tools/std/route-match.test.ts,1,path,std,tools/std/route-match.test.ts,,
tools/std/route-match.test.ts,118,string-literal,symbol,"test('compareRoutes translates only applied endpoint and symbol rows and detects guard loss', () => {",,
tools/std/route-match.ts,1,path,std,tools/std/route-match.ts,,
tools/std/route-match.ts,547,identifier,symbol,const symbolRenames = new Map(,,
tools/std/route-match.ts,1110,identifier,dir,const frontSourceFiles = fronts.flatMap((dir) =>,,
tools/std/runtime-contracts.test.ts,1,path,std,tools/std/runtime-contracts.test.ts,,
tools/std/runtime-contracts.test.ts,49,string-literal,estado,"test('data-attr fixture: JSX data-estado vs CSS [data-state] -> one data-attr finding', () => {",,
tools/std/runtime-contracts.test.ts,57,string-literal,cartao,"test('css-class fixture: className=""cartao"" vs .card {} -> one css-class finding', () => {",,
tools/std/runtime-contracts.ts,1,path,std,tools/std/runtime-contracts.ts,,
tools/std/runtime-contracts.ts,84,identifier,dir,"function filterRowsSinceRev(mapDir: string, rows: MapRow[], sinceRev: string, cwd: string): MapRow[] {",,
tools/std/runtime-contracts.ts,100,identifier,dir,"mapDir: string,",,
tools/std/runtime-contracts.ts,499,identifier,dir,const mapDir = String(args.get('--map'));,,
tools/std/scan-pt.test.ts,1,path,std,tools/std/scan-pt.test.ts,,
tools/std/scan-pt.test.ts,16,identifier,dir,"const dir = mkdtempSync(path.join(root, 'tools/std/fixtures/scan-'));",,
tools/std/scan-pt.ts,1,path,std,tools/std/scan-pt.ts,,
tools/std/scan-pt.ts,8,identifier,std,const STD = '.planning/phases/01-padronizar-linguagem-t-cnica-navega-o-e-renderiza-o/std';,,
tools/std/scan-pt.ts,257,identifier,dir,function loadMap(dir: string | undefined): CsvRow[] {,,
tools/std/scan-retranslated-literals.mjs,1,path,std,tools/std/scan-retranslated-literals.mjs,,
tools/std/scan-retranslated-literals.mjs,11,identifier,std,"const std = path.join(root, '.planning/phases/01-padronizar-linguagem-t-cnica-navega-o-e-renderiza-o/std');",,
tools/std/schemas/comment-triage.schema.json,1,path,std,tools/std/schemas/comment-triage.schema.json,,
tools/std/schemas/glossary-terms.schema.json,1,path,std,tools/std/schemas/glossary-terms.schema.json,,
tools/std/schemas/map-rows.schema.json,1,path,std,tools/std/schemas/map-rows.schema.json,,
tools/std/schemas/nav-classification.schema.json,1,path,std,tools/std/schemas/nav-classification.schema.json,,
tools/std/std11-candidates.ts,1,path,std,tools/std/std11-candidates.ts,,
tools/std/std11-candidates.ts,7,identifier,std,const std = '.planning/phases/01-padronizar-linguagem-t-cnica-navega-o-e-renderiza-o/std';,,
tools/std/test-counts.test.ts,1,path,std,tools/std/test-counts.test.ts,,
tools/std/test-counts.test.ts,6,string-literal,arquivo,"test('lê Vitest e node:test com prefixos Turbo e falhas por arquivo', () => {",,
tools/std/test-counts.test.ts,6,string-literal,com,"test('lê Vitest e node:test com prefixos Turbo e falhas por arquivo', () => {",,
tools/std/test-counts.test.ts,6,string-literal,falhas,"test('lê Vitest e node:test com prefixos Turbo e falhas por arquivo', () => {",,
tools/std/test-counts.test.ts,6,string-literal,por,"test('lê Vitest e node:test com prefixos Turbo e falhas por arquivo', () => {",,
tools/std/test-counts.test.ts,6,string-literal,prefixos,"test('lê Vitest e node:test com prefixos Turbo e falhas por arquivo', () => {",,
tools/std/test-counts.test.ts,18,string-literal,contagem,"test('baseline em Markdown impede contagem zero em pacote node:test', () => {",,
tools/std/test-counts.test.ts,24,string-literal,aprovado,"test('pacote aprovado mas não aplicado não traduz a chave da baseline', () => {",,
tools/std/test-counts.test.ts,24,string-literal,chave,"test('pacote aprovado mas não aplicado não traduz a chave da baseline', () => {",,
tools/std/test-counts.test.ts,24,string-literal,mas,"test('pacote aprovado mas não aplicado não traduz a chave da baseline', () => {",,
tools/std/test-counts.test.ts,24,string-literal,nao,"test('pacote aprovado mas não aplicado não traduz a chave da baseline', () => {",,
tools/std/test-counts.test.ts,32,string-literal,excecao,"test('zero testes, falhas e remoções acima da exceção impedem PASS', () => {",,
tools/std/test-counts.test.ts,32,string-literal,falhas,"test('zero testes, falhas e remoções acima da exceção impedem PASS', () => {",,
tools/std/test-counts.test.ts,32,string-literal,remocoes,"test('zero testes, falhas e remoções acima da exceção impedem PASS', () => {",,
tools/std/test-counts.test.ts,32,string-literal,testes,"test('zero testes, falhas e remoções acima da exceção impedem PASS', () => {",,
tools/std/test-counts.test.ts,40,string-literal,excecao,"test('exceção de flaky rejeita nome parecido e mesmo nome em outro pacote', () => {",,
tools/std/test-counts.ts,1,path,std,tools/std/test-counts.ts,,
