file,line,kind,token,snippet,category,exception_ref
apps/api/src/authentication.ts,36,identifier,escopos,escopos: string[];,,
apps/api/src/authentication.ts,54,identifier,escopos,export const KeyOrSession = (...escopos: Scope[]) =>,,
apps/api/src/authentication.ts,71,identifier,requisicao,export function atorDe(requisicao: RequestAuthenticated & RequestWithSession): Ator {,,
apps/api/src/authentication.ts,94,identifier,fluxo,fluxo_id: string | null;,,
apps/api/src/authentication.ts,96,identifier,escopos,escopos: string[] | null;,,
apps/api/src/authentication.ts,97,identifier,expirada,expirada: boolean;,,
apps/api/src/authentication.ts,98,identifier,revogada,revogada: boolean;,,
apps/api/src/authentication.ts,104,identifier,requisicao,export function flowOfRoute(requisicao: Request): string | null {,,
apps/api/src/authentication.ts,107,identifier,padrao,const padrao = (requisicao.route as { path?: string } | undefined)?.path ?? '';,,
apps/api/src/authentication.ts,154,identifier,qualquer,const qualquer = this.reflector.getAllAndOverride<boolean | undefined>(,,
apps/api/src/authentication.ts,167,identifier,permitido,const permitido = exigidos.every(,,
apps/api/src/authentication.ts,171,identifier,faltando,const faltando = exigidos.find(,,
apps/api/src/authentication.ts,172,identifier,escopo,"(escopo) => !key.escopos.includes('*') && !key.escopos.includes(escopo),",,
apps/api/src/authentication.ts,184,identifier,cabecalho,export async function autenticar(cabecalho: string | undefined): Promise<ContextOfKey> {,,
apps/api/src/authentication.ts,192,sql-name,expirada,const { rows } = await databaseOwner().execute<LineKey>(sql`,,
apps/api/src/authentication.ts,216,identifier,escopos,"escopos: linha.escopos ?? [],",,
apps/api/src/authentication.ts,221,identifier,segredo,export function hashOfSecret(segredo: string): string {,,
apps/api/src/controllers/attachments.ts,56,identifier,assinatura,"@Query('signature') assinatura: string | undefined,",,
apps/api/src/controllers/attachments.ts,59,identifier,anexo,const anexo = await readAttachmentSigned(,,
apps/api/src/controllers/catalogo.ts,15,identifier,ler,"lerCursor,",,
apps/api/src/controllers/catalogo.ts,16,identifier,ler,"lerLimite,",,
apps/api/src/controllers/catalogo.ts,16,identifier,limite,"lerLimite,",,
apps/api/src/controllers/catalogo.ts,22,identifier,igual,"import { igualEmLista, juntar } from './conversations.js';",,
apps/api/src/controllers/catalogo.ts,66,identifier,requisicao,"@Req() requisicao: RequestAuthenticated,",,
apps/api/src/controllers/catalogo.ts,67,identifier,consulta,"@Query() consulta: Record<string, string | undefined>,",,
apps/api/src/controllers/catalogo.ts,70,identifier,limite,const limite = lerLimite(consulta['limit']);,,
apps/api/src/controllers/catalogo.ts,72,identifier,ordem,"const ordem = readSorting(consulta['order_by'], ['criado_em'], {",,
apps/api/src/controllers/catalogo.ts,73,identifier,campo,"campo: 'criado_em',",,
apps/api/src/controllers/catalogo.ts,77,identifier,filtros,const filtros: SQL[] = [sql`excluido_em is null`];,,
apps/api/src/controllers/catalogo.ts,96,identifier,pagina,"const pagina = assemblePage(linhas, limite, (l) => ({",,
apps/api/src/controllers/catalogo.ts,126,identifier,requisicao,"@Req() requisicao: RequestAuthenticated,",,
apps/api/src/controllers/catalogo.ts,170,identifier,requisicao,"@Req() requisicao: RequestWithSession,",,
apps/api/src/controllers/catalogo.ts,221,identifier,gravados,const { rows: gravados } = await tx.execute<LineContact>(sql`,,
apps/api/src/controllers/catalogo.ts,243,identifier,documento,"documento: atual.document,",,
apps/api/src/controllers/catalogo.ts,249,identifier,documento,"documento: gravado.document,",,
apps/api/src/controllers/catalogo.ts,258,identifier,antes,"antes: atributos !== undefined ? { ...mudanca.antes, atributos: atual.atributos } : mudanca.antes,",,
apps/api/src/controllers/catalogo.ts,259,identifier,depois,"depois: atributos !== undefined ? { ...mudanca.depois, atributos: gravado.atributos } : mudanca.depois,",,
apps/api/src/controllers/catalogo.ts,272,identifier,requisicao,"@Req() requisicao: RequestAuthenticated,",,
apps/api/src/controllers/catalogo.ts,276,identifier,limite,const limite = lerLimite(query['limit']);,,
apps/api/src/controllers/catalogo.ts,279,identifier,campo,"campo: 'nome',",,
apps/api/src/controllers/catalogo.ts,296,literal-value,atendimento,}>(sql`,,
apps/api/src/controllers/catalogo.ts,296,literal-value,fila,}>(sql`,,
apps/api/src/controllers/catalogo.ts,318,identifier,cor,"cor: l.color,",,
apps/api/src/controllers/catalogo.ts,319,identifier,ordem,"ordem: l.order,",,
apps/api/src/controllers/catalogo.ts,320,identifier,ativa,"ativa: l.active,",,
apps/api/src/controllers/catalogo.ts,321,identifier,capacidade,"capacidade_padrao: l.capacityDefault,",,
apps/api/src/controllers/catalogo.ts,321,identifier,padrao,"capacidade_padrao: l.capacityDefault,",,
apps/api/src/controllers/catalogo.ts,338,identifier,requisicao,"@Req() requisicao: RequestAuthenticated & RequestWithSession,",,
apps/api/src/controllers/catalogo.ts,339,identifier,pausa,"@Body() corpo: { state?: string; motivo_pausa_id?: string; userId?: string },",,
apps/api/src/controllers/catalogo.ts,358,identifier,pausa,"motivoPausaId: corpo.motivo_pausa_id ?? null,",,
apps/api/src/controllers/catalogo.ts,360,identifier,estado,"return { usuario_id: alvo, estado: r.state };",,
apps/api/src/controllers/catalogo.ts,360,identifier,usuario,"return { usuario_id: alvo, estado: r.state };",,
apps/api/src/controllers/catalogo.ts,366,identifier,requisicao,"@Req() requisicao: RequestAuthenticated,",,
apps/api/src/controllers/catalogo.ts,367,identifier,consulta,"@Query() consulta: Record<string, string | undefined>,",,
apps/api/src/controllers/catalogo.ts,370,identifier,limite,const limite = lerLimite(consulta['limit']);,,
apps/api/src/controllers/catalogo.ts,372,identifier,campo,"const ordem = readSorting(consulta['order_by'], ['nome'], { campo: 'nome', direction: 'asc' });",,
apps/api/src/controllers/catalogo.ts,372,identifier,ordem,"const ordem = readSorting(consulta['order_by'], ['nome'], { campo: 'nome', direction: 'asc' });",,
apps/api/src/controllers/catalogo.ts,374,identifier,filtros,const filtros: SQL[] = [sql`u.ativo`];,,
apps/api/src/controllers/catalogo.ts,399,identifier,ativas,ativas: string;,,
apps/api/src/controllers/catalogo.ts,400,sql-name,ativas,}>(sql`,,
apps/api/src/controllers/catalogo.ts,414,identifier,pagina,"const pagina = assemblePage(linhas, limite, (l) => ({ value: l.name, id: l.id }));",,
apps/api/src/controllers/catalogo.ts,420,identifier,estado,"estado: l.state,",,
apps/api/src/controllers/catalogo.ts,421,identifier,desde,"desde: iso(l.since),",,
apps/api/src/controllers/catalogo.ts,435,identifier,documento,"documento: linha.document,",,
apps/api/src/controllers/catalogo.ts,436,identifier,bloqueado,"bloqueado: linha.blocked,",,
apps/api/src/controllers/channels-instagram.ts,3,identifier,desconectar,"import { conectarInstagramManual, desconectarInstagram, listChannelsInstagram } from '../domain/instagram/channel.js';",,
apps/api/src/controllers/channels-instagram.ts,7,identifier,permitido,"import { flowIdOfBody, connectToFlow, permitidoConectar } from './connection-in-flow.js';",,
apps/api/src/controllers/channels-instagram.ts,27,identifier,requisicao,"@Req() requisicao: RequestWithSession,",,
apps/api/src/controllers/channels-instagram.ts,30,identifier,sessao,const sessao = sessionOf(requisicao);,,
apps/api/src/controllers/channels-instagram.ts,33,identifier,feito,const feito = await conectarInstagramManual({,,
apps/api/src/controllers/channels-instagram.ts,46,identifier,desconectar,async desconectar(,,
apps/api/src/controllers/channels-instagram.ts,47,identifier,requisicao,"@Req() requisicao: RequestWithSession,",,
apps/api/src/controllers/channels-instagram.ts,50,identifier,sessao,const sessao = sessionOf(requisicao);,,
apps/api/src/controllers/channels-instagram.ts,56,identifier,permitido,"function permitido(tenantId: string, userId: string): Promise<void> {",,
apps/api/src/controllers/channels-messenger.ts,2,identifier,desconectar,"import { noTenant } from '../database.js'; import { conectarMessengerManual, desconectarMessenger, listChannelsMessenger",,
apps/api/src/controllers/channels-messenger.ts,3,identifier,permitido,"import { flowIdOfBody, connectToFlow, permitidoConectar } from './connection-in-flow.js';",,
apps/api/src/controllers/channels-messenger.ts,8,identifier,desconectar,"@Delete(':id') @WithSession() async desconectar(@Req() r: RequestWithSession,@Param('id') id:string) { const s=sessionOf",,
apps/api/src/controllers/channels-messenger.ts,10,identifier,permitido,"function permitido(t:string,u:string){return noTenant(t,tx=>requirePermission(tx,u,'canal.gerenciar'));}",,
apps/api/src/controllers/channels.ts,3,identifier,desconectar,"import { desconectarWhatsApp, readChannelVisible, listChannelsWhatsApp } from '../domain/channels.js';",,
apps/api/src/controllers/channels.ts,7,identifier,versao,"import { modoDaConexao, versaoDaApi } from '../domain/whatsapp/cliente-graph.js';",,
apps/api/src/controllers/channels.ts,10,identifier,modelos,"import { createTemplateInMeta, deleteTemplateInMeta, sincronizarModelos } from '../domain/whatsapp/modelos.js';",,
apps/api/src/controllers/channels.ts,15,identifier,pedido,"import type { PedidoDePerfil, PerfilVisivel } from '../domain/whatsapp/perfil.js';",,
apps/api/src/controllers/channels.ts,15,identifier,perfil,"import type { PedidoDePerfil, PerfilVisivel } from '../domain/whatsapp/perfil.js';",,
apps/api/src/controllers/channels.ts,21,identifier,permitido,"permitidoConectar,",,
apps/api/src/controllers/channels.ts,22,identifier,permitido,"permitidoReconectar,",,
apps/api/src/controllers/channels.ts,22,identifier,reconectar,"permitidoReconectar,",,
apps/api/src/controllers/channels.ts,33,identifier,requisicao,async listar(@Req() requisicao: RequestWithSession): Promise<{ channels: ChannelWhatsAppVisible[] }> {,,
apps/api/src/controllers/channels.ts,34,identifier,sessao,const sessao = sessionOf(requisicao);,,
apps/api/src/controllers/channels.ts,45,identifier,requisicao,"async iniciar(@Req() requisicao: RequestWithSession): Promise<Record<string, string>> {",,
apps/api/src/controllers/channels.ts,46,identifier,sessao,const sessao = sessionOf(requisicao);,,
apps/api/src/controllers/channels.ts,52,identifier,versao,"versao: versaoDaApi(),",,
apps/api/src/controllers/channels.ts,64,identifier,requisicao,"@Req() requisicao: RequestWithSession,",,
apps/api/src/controllers/channels.ts,72,identifier,canal,canal_id?: string;,,
apps/api/src/controllers/channels.ts,74,identifier,fluxo,fluxo_id?: string;,,
apps/api/src/controllers/channels.ts,77,identifier,sessao,const sessao = sessionOf(requisicao);,,
apps/api/src/controllers/channels.ts,79,identifier,fluxo,const fluxoId = corpo.canal_id ? undefined : flowIdOfBody({ flowId: corpo.fluxo_id });,,
apps/api/src/controllers/channels.ts,135,identifier,feito,const feito = await runConfigurationManual({,,
apps/api/src/controllers/channels.ts,158,identifier,perfil,"async perfil(@Req() requisicao: RequestWithSession, @Param('id') id: string): Promise<PerfilVisivel> {",,
apps/api/src/controllers/channels.ts,158,identifier,requisicao,"async perfil(@Req() requisicao: RequestWithSession, @Param('id') id: string): Promise<PerfilVisivel> {",,
apps/api/src/controllers/channels.ts,159,identifier,sessao,const sessao = sessionOf(requisicao);,,
apps/api/src/controllers/channels.ts,166,identifier,perfil,async gravarPerfil(,,
apps/api/src/controllers/channels.ts,167,identifier,requisicao,"@Req() requisicao: RequestWithSession,",,
apps/api/src/controllers/channels.ts,171,identifier,sessao,const sessao = sessionOf(requisicao);,,
apps/api/src/controllers/channels.ts,180,identifier,requisicao,"@Req() requisicao: RequestWithSession,",,
apps/api/src/controllers/channels.ts,183,identifier,sessao,const sessao = sessionOf(requisicao);,,
apps/api/src/controllers/channels.ts,191,identifier,requisicao,"@Req() requisicao: RequestWithSession,",,
apps/api/src/controllers/channels.ts,195,identifier,sessao,const sessao = sessionOf(requisicao);,,
apps/api/src/controllers/channels.ts,204,identifier,modelos,async sincronizarModelos(,,
apps/api/src/controllers/channels.ts,205,identifier,requisicao,"@Req() requisicao: RequestWithSession,",,
apps/api/src/controllers/channels.ts,208,identifier,sessao,const sessao = sessionOf(requisicao);,,
apps/api/src/controllers/channels.ts,218,identifier,requisicao,"@Req() requisicao: RequestWithSession,",,
apps/api/src/controllers/channels.ts,222,identifier,sessao,const sessao = sessionOf(requisicao);,,
apps/api/src/controllers/channels.ts,231,identifier,requisicao,"@Req() requisicao: RequestWithSession,",,
apps/api/src/controllers/channels.ts,235,identifier,sessao,const sessao = sessionOf(requisicao);,,
apps/api/src/controllers/channels.ts,243,identifier,desconectar,async desconectar(,,
apps/api/src/controllers/channels.ts,244,identifier,requisicao,"@Req() requisicao: RequestWithSession,",,
apps/api/src/controllers/channels.ts,247,identifier,sessao,const sessao = sessionOf(requisicao);,,
apps/api/src/controllers/channels.ts,253,identifier,codigo,"function permitido(tenantId: string, userId: string, codigo: string): Promise<void> {",,
apps/api/src/controllers/channels.ts,253,identifier,permitido,"function permitido(tenantId: string, userId: string, codigo: string): Promise<void> {",,
apps/api/src/controllers/connection-in-flow.ts,5,identifier,pode,"conferirQuePodeLigar,",,
apps/api/src/controllers/connection-in-flow.ts,18,identifier,bruto,const bruto = corpo?.flowId;,,
apps/api/src/controllers/connection-in-flow.ts,27,identifier,permitido,export function permitidoConectar(,,
apps/api/src/controllers/connection-in-flow.ts,41,identifier,permitido,export function permitidoReconectar(,,
apps/api/src/controllers/connection-in-flow.ts,41,identifier,reconectar,export function permitidoReconectar(,,
apps/api/src/controllers/connection-in-flow.ts,43,identifier,usuario,"usuarioId: string,",,
apps/api/src/controllers/connection-in-flow.ts,44,identifier,fluxo,"fluxoId: string | undefined,",,
apps/api/src/controllers/connection-in-flow.ts,56,identifier,usuario,"usuarioId: string,",,
apps/api/src/controllers/connection-in-flow.ts,57,identifier,fluxo,"fluxoId: string,",,
apps/api/src/controllers/connection-in-flow.ts,58,identifier,canal,"canalId: string,",,
apps/api/src/controllers/conversations.ts,15,identifier,ler,"lerCursor,",,
apps/api/src/controllers/conversations.ts,16,identifier,ler,"lerLimite,",,
apps/api/src/controllers/conversations.ts,16,identifier,limite,"lerLimite,",,
apps/api/src/controllers/conversations.ts,27,identifier,estados,"const ESTADOS = ['na_fila', 'atribuida', 'em_atendimento', 'em_espera', 'encerrada'];",,
apps/api/src/controllers/conversations.ts,42,identifier,atendente,atendente_id: string | null;,,
apps/api/src/controllers/conversations.ts,69,identifier,texto,texto?: string;,,
apps/api/src/controllers/conversations.ts,76,identifier,pronta,resposta_pronta_id?: string;,,
apps/api/src/controllers/conversations.ts,84,identifier,requisicao,"@Req() requisicao: RequestAuthenticated,",,
apps/api/src/controllers/conversations.ts,85,identifier,consulta,"@Query() consulta: Record<string, string | undefined>,",,
apps/api/src/controllers/conversations.ts,88,identifier,limite,const limite = lerLimite(consulta['limit']);,,
apps/api/src/controllers/conversations.ts,90,identifier,ordem,"const ordem = readSorting(consulta['order_by'], ['criada_em', 'ultima_mensagem_em'], {",,
apps/api/src/controllers/conversations.ts,91,identifier,campo,"campo: 'criada_em',",,
apps/api/src/controllers/conversations.ts,163,identifier,requisicao,"@Req() requisicao: RequestAuthenticated,",,
apps/api/src/controllers/conversations.ts,168,identifier,limite,const limite = lerLimite(query['limit']);,,
apps/api/src/controllers/conversations.ts,171,identifier,campo,"campo: 'criada_em',",,
apps/api/src/controllers/conversations.ts,175,identifier,filtros,const filtros: SQL[] = [sql`conversa_id = ${id}::uuid`];,,
apps/api/src/controllers/conversations.ts,208,identifier,pagina,"const pagina = assemblePage(linhas, limite, (linha) => ({",,
apps/api/src/controllers/conversations.ts,222,identifier,requisicao,"@Req() requisicao: RequestAuthenticated & RequestWithSession,",,
apps/api/src/controllers/conversations.ts,231,identifier,atribuicao,"exigirAtribuicao: ator.viaSession,",,
apps/api/src/controllers/conversations.ts,233,identifier,texto,"texto: corpo.texto ?? null,",,
apps/api/src/controllers/conversations.ts,256,identifier,requisicao,"@Req() requisicao: RequestAuthenticated & RequestWithSession,",,
apps/api/src/controllers/conversations.ts,258,identifier,texto,"@Body() corpo: { attachmentIds?: unknown; texto?: string; agentId?: string },",,
apps/api/src/controllers/conversations.ts,273,identifier,texto,"texto: corpo.texto ?? null,",,
apps/api/src/controllers/conversations.ts,292,identifier,requisicao,"@Req() requisicao: RequestAuthenticated & RequestWithSession,",,
apps/api/src/controllers/conversations.ts,303,identifier,etiqueta,"{ conversationId: id, etiquetaIds: corpo.etiqueta_ids ?? (corpo.etiqueta_id ? [corpo.etiqueta_id] : undefined) },",,
apps/api/src/controllers/conversations.ts,314,identifier,requisicao,"@Req() requisicao: RequestAuthenticated & RequestWithSession,",,
apps/api/src/controllers/conversations.ts,319,identifier,entrega,"return { id: r.id, estado_entrega: r.stateDelivery };",,
apps/api/src/controllers/conversations.ts,319,identifier,estado,"return { id: r.id, estado_entrega: r.stateDelivery };",,
apps/api/src/controllers/conversations.ts,328,identifier,requisicao,"@Req() requisicao: RequestAuthenticated & RequestWithSession,",,
apps/api/src/controllers/conversations.ts,357,identifier,requisicao,"@Req() requisicao: RequestAuthenticated & RequestWithSession,",,
apps/api/src/controllers/conversations.ts,384,identifier,bruto,"export function igualEmLista(column: string, bruto: string, permitidos: readonly string[]): SQL {",,
apps/api/src/controllers/conversations.ts,384,identifier,igual,"export function igualEmLista(column: string, bruto: string, permitidos: readonly string[]): SQL {",,
apps/api/src/controllers/conversations.ts,389,identifier,invalido,const invalido = values.find((v) => !permitidos.includes(v));,,
apps/api/src/controllers/conversations.ts,415,identifier,primeira,"primeira_resposta_em: iso(linha.firstResponseAt),",,
apps/api/src/controllers/conversations.ts,417,identifier,mensagem,"ultima_mensagem_em: iso(linha.lastMessageAt),",,
apps/api/src/controllers/conversations.ts,420,identifier,canal,"canal_type: linha.channelType,",,
apps/api/src/controllers/convites.ts,1,path,convites,apps/api/src/controllers/convites.ts,,
apps/api/src/controllers/convites.ts,13,string-literal,convites,@Controller('v1/convites'),,
apps/api/src/controllers/convites.ts,20,identifier,requisicao,"@Req() requisicao: RequestWithSession,",,
apps/api/src/controllers/convites.ts,23,identifier,sessao,const sessao = sessionOf(requisicao);,,
apps/api/src/controllers/convites.ts,30,identifier,por,"criadoPor: sessao.userId,",,
apps/api/src/controllers/convites.ts,49,identifier,requisicao,"@Req() requisicao: RequestWithSession,",,
apps/api/src/controllers/convites.ts,52,identifier,sessao,const sessao = sessionOf(requisicao);,,
apps/api/src/controllers/convites.ts,55,identifier,convite,"const convite = await resendInvitation(sessao.tenantId, id, sessao.userId);",,
apps/api/src/controllers/convites.ts,70,identifier,convite,const convite = await readInvitation(token);,,
apps/api/src/controllers/convites.ts,85,identifier,aceito,const aceito = await acceptInvitation(token);,,
apps/api/src/controllers/convites.ts,96,string-literal,dominios,@Controller('v1/dominios'),,
apps/api/src/controllers/convites.ts,119,string-literal,verificar,@Post(':id/verificar'),,
apps/api/src/controllers/convites.ts,122,identifier,verificar,async verificar(,,
apps/api/src/controllers/convites.ts,123,identifier,requisicao,"@Req() requisicao: RequestWithSession,",,
apps/api/src/controllers/convites.ts,126,identifier,sessao,const sessao = sessionOf(requisicao);,,
apps/api/src/controllers/convites.ts,129,identifier,verificado,"const verificado = await checkDomain(sessao.tenantId, id);",,
apps/api/src/controllers/convites.ts,141,identifier,codigo,"function permitido(tenantId: string, userId: string, codigo: string): Promise<void> {",,
apps/api/src/controllers/convites.ts,141,identifier,permitido,"function permitido(tenantId: string, userId: string, codigo: string): Promise<void> {",,
apps/api/src/controllers/crm.ts,5,identifier,ler,"import { configDoTenant, lerFicha, linkDaPessoa } from '../domain/twenty.js';",,
apps/api/src/controllers/crm.ts,36,identifier,objetos,"const objetos = await noTenant(session.tenantId, readDictionary);",,
apps/api/src/controllers/crm.ts,37,identifier,campos,"return { objetos: objetos.map(({ codigo, campos, ...objeto }) => ({",,
apps/api/src/controllers/crm.ts,37,identifier,codigo,"return { objetos: objetos.map(({ codigo, campos, ...objeto }) => ({",,
apps/api/src/controllers/crm.ts,37,identifier,objetos,"return { objetos: objetos.map(({ codigo, campos, ...objeto }) => ({",,
apps/api/src/controllers/crm.ts,40,identifier,campo,"campos: campos.map(({ codigo: fieldCode, ...campo }) => ({ ...campo, code: fieldCode })),",,
apps/api/src/controllers/crm.ts,40,identifier,campos,"campos: campos.map(({ codigo: fieldCode, ...campo }) => ({ ...campo, code: fieldCode })),",,
apps/api/src/controllers/crm.ts,49,identifier,requisicao,"@Req() requisicao: RequestWithSession,",,
apps/api/src/controllers/crm.ts,50,identifier,enfileirado,): Promise<{ enfileirado: boolean }> {,,
apps/api/src/controllers/crm.ts,51,identifier,sessao,const sessao = sessionOf(requisicao);,,
apps/api/src/controllers/crm.ts,52,identifier,enfileirado,return { enfileirado: await enqueueDictionaryCrm({ tenantId: sessao.tenantId }) };,,
apps/api/src/controllers/crm.ts,58,identifier,requisicao,"@Req() requisicao: RequestWithSession,",,
apps/api/src/controllers/crm.ts,61,identifier,sessao,const sessao = sessionOf(requisicao);,,
apps/api/src/controllers/crm.ts,63,identifier,preparo,"const preparo = await noTenant(sessao.tenantId, async (tx) => {",,
apps/api/src/controllers/desk.ts,16,identifier,acoes,import * as acoesDesk from '../domain/desk/actions.js';,,
apps/api/src/controllers/desk.ts,17,identifier,marcacoes,import * as marcacoes from '../domain/desk/taggings.js';,,
apps/api/src/controllers/desk.ts,19,identifier,campos,"import { Campos, type CamposCrus, type Resultado } from '../domain/management/actions/campos.js';",,
apps/api/src/controllers/desk.ts,19,identifier,resultado,"import { Campos, type CamposCrus, type Resultado } from '../domain/management/actions/campos.js';",,
apps/api/src/controllers/desk.ts,34,identifier,inatividade,"cairPorInatividade: acoesDesk.failByInactivity,",,
apps/api/src/controllers/desk.ts,34,identifier,por,"cairPorInatividade: acoesDesk.failByInactivity,",,
apps/api/src/controllers/desk.ts,35,identifier,interna,"salvarNotaInterna: acoesDesk.salvarNotaInterna,",,
apps/api/src/controllers/desk.ts,37,identifier,massa,"transferirEmMassa: acoesDesk.transferInBulk,",,
apps/api/src/controllers/desk.ts,40,identifier,nao,"marcarNaoLida: marcacoes.marcarNaoLida,",,
apps/api/src/controllers/desk.ts,46,identifier,nada,function dataOuNada(value: string | undefined): Date | null {,,
apps/api/src/controllers/desk.ts,59,identifier,requisicao,queue(@Req() requisicao: RequestWithSession): Promise<QueueOfDesk> {,,
apps/api/src/controllers/desk.ts,60,identifier,sessao,const sessao = sessionOf(requisicao);,,
apps/api/src/controllers/desk.ts,68,identifier,etiquetas,"etiquetas: await consultas.listarEtiquetas(tx),",,
apps/api/src/controllers/desk.ts,69,identifier,colegas,"colegas: await consultas.listarColegas(tx, sessao.userId),",,
apps/api/src/controllers/desk.ts,78,identifier,requisicao,"@Req() requisicao: RequestWithSession,",,
apps/api/src/controllers/desk.ts,81,identifier,sessao,const sessao = sessionOf(requisicao);,,
apps/api/src/controllers/desk.ts,83,identifier,conversa,"const conversa = await consultas.loadConversation(tx, id, sessao.userId);",,
apps/api/src/controllers/desk.ts,115,identifier,requisicao,"@Req() requisicao: RequestWithSession,",,
apps/api/src/controllers/desk.ts,118,identifier,sessao,const sessao = sessionOf(requisicao);,,
apps/api/src/controllers/desk.ts,128,identifier,requisicao,"@Req() requisicao: RequestWithSession,",,
apps/api/src/controllers/desk.ts,131,identifier,sessao,const sessao = sessionOf(requisicao);,,
apps/api/src/controllers/desk.ts,133,identifier,contato,"const contato = await consultas.loadContact(tx, id);",,
apps/api/src/controllers/desk.ts,143,identifier,requisicao,"@Req() requisicao: RequestWithSession,",,
apps/api/src/controllers/desk.ts,145,identifier,sessao,const sessao = sessionOf(requisicao);,,
apps/api/src/controllers/desk.ts,154,identifier,requisicao,"ticket(@Req() requisicao: RequestWithSession, @Param('id') id: string): Promise<TicketDoDesk> {",,
apps/api/src/controllers/desk.ts,155,identifier,sessao,const sessao = sessionOf(requisicao);,,
apps/api/src/controllers/desk.ts,162,identifier,etiquetas,"etiquetas: await consultas.listLabelsOfConversation(tx, ticket.id),",,
apps/api/src/controllers/desk.ts,174,identifier,requisicao,"@Req() requisicao: RequestWithSession,",,
apps/api/src/controllers/desk.ts,175,identifier,bruto,"@Query('inicio') inicioBruto?: string,",,
apps/api/src/controllers/desk.ts,176,identifier,bruto,"@Query('fim') fimBruto?: string,",,
apps/api/src/controllers/desk.ts,178,identifier,sessao,const sessao = sessionOf(requisicao);,,
apps/api/src/controllers/desk.ts,179,identifier,agora,const agora = new Date();,,
apps/api/src/controllers/desk.ts,206,identifier,requisicao,"@Req() requisicao: RequestWithSession,",,
apps/api/src/controllers/desk.ts,208,identifier,campos,"@Body() corpo: { campos?: CamposCrus },",,
apps/api/src/controllers/desk.ts,210,identifier,sessao,const sessao = sessionOf(requisicao);,,
apps/api/src/controllers/desk.ts,213,identifier,campos,const campos = new Campos(corpo?.campos ?? {});,,
apps/api/src/controllers/etiquetas.ts,1,path,etiquetas,apps/api/src/controllers/etiquetas.ts,,
apps/api/src/controllers/etiquetas.ts,13,identifier,etiquetas,"listarEtiquetasDoTenant,",,
apps/api/src/controllers/etiquetas.ts,15,identifier,etiqueta,"import type { LabelOfContact, EtiquetaDoTenant } from '../domain/etiquetas.js';",,
apps/api/src/controllers/etiquetas.ts,22,identifier,etiqueta,interface CorpoDeEtiqueta {,,
apps/api/src/controllers/etiquetas.ts,23,identifier,etiqueta,etiqueta_id?: string;,,
apps/api/src/controllers/etiquetas.ts,26,identifier,etiqueta,function etiquetaIdDe(corpo: CorpoDeEtiqueta | undefined): string {,,
apps/api/src/controllers/etiquetas.ts,34,string-literal,etiquetas,@Controller('v1/etiquetas'),,
apps/api/src/controllers/etiquetas.ts,40,identifier,requisicao,"@Req() requisicao: RequestWithSession,",,
apps/api/src/controllers/etiquetas.ts,42,identifier,etiquetas,): Promise<{ etiquetas: EtiquetaDoTenant[] }> {,,
apps/api/src/controllers/etiquetas.ts,48,identifier,etiquetas,"etiquetas: await listarEtiquetasDoTenant(tx, scope ?? null),",,
apps/api/src/controllers/etiquetas.ts,59,identifier,requisicao,"@Req() requisicao: RequestAuthenticated & RequestWithSession,",,
apps/api/src/controllers/etiquetas.ts,69,identifier,etiqueta,"return { etiqueta_id: r.etiquetaId, nome: r.name, aplicada: r.aplicada };",,
apps/api/src/controllers/etiquetas.ts,76,identifier,requisicao,"@Req() requisicao: RequestAuthenticated & RequestWithSession,",,
apps/api/src/controllers/etiquetas.ts,78,identifier,etiqueta,"@Param('labelId') etiquetaId: string,",,
apps/api/src/controllers/etiquetas.ts,97,identifier,etiquetas,): Promise<{ etiquetas: LabelOfContact[] }> {,,
apps/api/src/controllers/etiquetas.ts,100,identifier,etiquetas,"etiquetas: await listLabelsOfContact(tx, id),",,
apps/api/src/controllers/etiquetas.ts,108,identifier,requisicao,"@Req() requisicao: RequestAuthenticated & RequestWithSession,",,
apps/api/src/controllers/etiquetas.ts,114,identifier,etiqueta,"return { etiqueta_id: r.etiquetaId, nome: r.name, aplicada: r.aplicada };",,
apps/api/src/controllers/etiquetas.ts,121,identifier,requisicao,"@Req() requisicao: RequestAuthenticated & RequestWithSession,",,
apps/api/src/controllers/etiquetas.ts,123,identifier,etiqueta,"@Param('labelId') etiquetaId: string,",,
apps/api/src/controllers/imports.ts,6,identifier,falhas,"lerFalhas,",,
apps/api/src/controllers/imports.ts,6,identifier,ler,"lerFalhas,",,
apps/api/src/controllers/imports.ts,39,identifier,requisicao,async listar(@Req() requisicao: RequestWithSession): Promise<{ imports: ImportVisible[] }> {,,
apps/api/src/controllers/imports.ts,40,identifier,sessao,const sessao = sessionOf(requisicao);,,
apps/api/src/controllers/imports.ts,47,identifier,ler,async ler(,,
apps/api/src/controllers/imports.ts,48,identifier,requisicao,"@Req() requisicao: RequestWithSession,",,
apps/api/src/controllers/imports.ts,51,identifier,sessao,const sessao = sessionOf(requisicao);,,
apps/api/src/controllers/imports.ts,59,identifier,falhas,async falhas(,,
apps/api/src/controllers/imports.ts,60,identifier,requisicao,"@Req() requisicao: RequestWithSession,",,
apps/api/src/controllers/imports.ts,64,identifier,sessao,const sessao = sessionOf(requisicao);,,
apps/api/src/controllers/imports.ts,74,identifier,permitido,"function permitido(tenantId: string, userId: string): Promise<void> {",,
apps/api/src/controllers/login.ts,8,identifier,saida,"cookieDeSaida,",,
apps/api/src/controllers/login.ts,15,identifier,origens,"origensPermitidas,",,
apps/api/src/controllers/login.ts,17,identifier,sessao,"sair as encerrarSessao,",,
apps/api/src/controllers/login.ts,21,identifier,desafio,"import type { DesafioDeLogin, OptionsOfCookie, PessoaDoGoogle } from '@pipe/authentication';",,
apps/api/src/controllers/login.ts,22,identifier,plano,"import type { Eu, OriginOfSession, Plano, RefusesOfInbound } from '@pipe/contracts';",,
apps/api/src/controllers/login.ts,32,identifier,ler,"import { WithSession, lerCookies, sessionCookie, sessionOf, tokenOfSession } from '../session.js';",,
apps/api/src/controllers/login.ts,49,identifier,desafio,export const COOKIE_DESAFIO = 'pipe_challenge';,,
apps/api/src/controllers/login.ts,50,identifier,desafio,const DESAFIO_SEGUNDOS = 300;,,
apps/api/src/controllers/login.ts,56,identifier,desafio,const CAMINHO_DESAFIO = '/v1/auth';,,
apps/api/src/controllers/login.ts,79,identifier,codigo,"export function urlOfError(codigo: RefusesOfInbound, origem?: string): string {",,
apps/api/src/controllers/login.ts,100,identifier,interno,const interno =,,
apps/api/src/controllers/login.ts,144,identifier,desafio,export function cookieDoDesafio(desafio: ChallengeWithInvitation | null): string {,,
apps/api/src/controllers/login.ts,165,identifier,desafio,export function lerDesafio(request: Request): ChallengeWithInvitation | null {,,
apps/api/src/controllers/login.ts,165,identifier,ler,export function lerDesafio(request: Request): ChallengeWithInvitation | null {,,
apps/api/src/controllers/login.ts,169,identifier,cru,"for (const cru of lerCookies(request.header('cookie'), COOKIE_DESAFIO)) {",,
apps/api/src/controllers/login.ts,183,identifier,codigo,export function codigoDaRecusa(error: unknown): RefusesOfInbound {,,
apps/api/src/controllers/login.ts,203,identifier,campo,"export function textoDaQuery(requisicao: Request, campo: string): string | undefined {",,
apps/api/src/controllers/login.ts,203,identifier,requisicao,"export function textoDaQuery(requisicao: Request, campo: string): string | undefined {",,
apps/api/src/controllers/login.ts,203,identifier,texto,"export function textoDaQuery(requisicao: Request, campo: string): string | undefined {",,
apps/api/src/controllers/login.ts,204,identifier,valor,const valor = requisicao.query[campo];,,
apps/api/src/controllers/login.ts,209,identifier,requisicao,export function origemDaQuery(requisicao: Request): string | undefined {,,
apps/api/src/controllers/login.ts,210,identifier,crua,"const crua = textoDaQuery(requisicao, 'origin');",,
apps/api/src/controllers/login.ts,222,identifier,aceito,"const aceito = await acceptInvitation(token, pessoa, context);",,
apps/api/src/controllers/login.ts,233,identifier,requisicao,"async dev(@Req() requisicao: Request, @Res() resposta: Response): Promise<void> {",,
apps/api/src/controllers/login.ts,254,literal-value,senha,await databaseOwner().execute(sql`,,
apps/api/src/controllers/login.ts,274,identifier,requisicao,"ir(@Req() requisicao: Request, @Res() resposta: Response): void {",,
apps/api/src/controllers/login.ts,286,identifier,desafio,const desafio: ChallengeWithInvitation = {,,
apps/api/src/controllers/login.ts,298,identifier,requisicao,"async callback(@Req() requisicao: Request, @Res() resposta: Response): Promise<void> {",,
apps/api/src/controllers/login.ts,300,identifier,desafio,const apagarDesafio = cookieDoDesafio(null);,,
apps/api/src/controllers/login.ts,301,identifier,desafio,const desafio = lerDesafio(requisicao);,,
apps/api/src/controllers/login.ts,338,identifier,quem,? (quem) =>,,
apps/api/src/controllers/login.ts,341,identifier,usuario,"usuarioId: account.userId,",,
apps/api/src/controllers/login.ts,352,identifier,erro,} catch (erro) {,,
apps/api/src/controllers/login.ts,353,identifier,codigo,const codigo = codigoDaRecusa(erro);,,
apps/api/src/controllers/login.ts,362,identifier,requisicao,"async sair(@Req() requisicao: Request, @Res() resposta: Response): Promise<void> {",,
apps/api/src/controllers/login.ts,379,identifier,concluido,onboarding_concluido_em: Date | string | null;,,
apps/api/src/controllers/login.ts,387,identifier,requisicao,async eu(@Req() requisicao: RequestWithSession): Promise<Eu> {,,
apps/api/src/controllers/login.ts,390,identifier,encontrado,"const encontrado = await noTenant(session.tenantId, async (tx) => {",,
apps/api/src/controllers/login.ts,433,identifier,permissoes,"return { user, permissoes: permissions.map((p) => p.code) };",,
apps/api/src/controllers/login.ts,440,identifier,permissoes,"const { user, permissoes } = encontrado;",,
apps/api/src/controllers/login.ts,452,identifier,plano,"plano: user.plan as Plano,",,
apps/api/src/controllers/login.ts,453,identifier,concluido,"onboardingConcluido: user.onboarding_concluido_em !== null,",,
apps/api/src/controllers/management-account.ts,27,identifier,mtls,"type CertificadoMtls,",,
apps/api/src/controllers/management-account.ts,28,identifier,pedido,"type PedidoDeCertificado,",,
apps/api/src/controllers/management-account.ts,49,literal-value,convite,type: 'usuario' | 'convite';,,
apps/api/src/controllers/management-account.ts,49,literal-value,usuario,type: 'usuario' | 'convite';,,
apps/api/src/controllers/management-account.ts,54,identifier,alvos,function lerAlvos(values: readonly string[] | undefined): TargetOfMember[] {,,
apps/api/src/controllers/management-account.ts,54,identifier,ler,function lerAlvos(values: readonly string[] | undefined): TargetOfMember[] {,,
apps/api/src/controllers/management-account.ts,55,identifier,lidos,const lidos: TargetOfMember[] = [];,,
apps/api/src/controllers/management-account.ts,56,identifier,cru,for (const cru of values ?? []) {,,
apps/api/src/controllers/management-account.ts,57,identifier,corte,const corte = cru.indexOf(':');,,
apps/api/src/controllers/management-account.ts,66,identifier,resultado,export interface ResultadoSimples {,,
apps/api/src/controllers/management-account.ts,66,identifier,simples,export interface ResultadoSimples {,,
apps/api/src/controllers/management-account.ts,78,identifier,requisicao,resumo(@Req() requisicao: RequestWithSession): Promise<SummaryOfContract> {,,
apps/api/src/controllers/management-account.ts,78,identifier,resumo,resumo(@Req() requisicao: RequestWithSession): Promise<SummaryOfContract> {,,
apps/api/src/controllers/management-account.ts,79,identifier,sessao,const sessao = sessionOf(requisicao);,,
apps/api/src/controllers/management-account.ts,86,identifier,requisicao,"@Req() requisicao: RequestWithSession,",,
apps/api/src/controllers/management-account.ts,88,identifier,sessao,const sessao = sessionOf(requisicao);,,
apps/api/src/controllers/management-account.ts,90,identifier,permissoes,"const permissoes = await permissionsOf(tx, sessao.userId);",,
apps/api/src/controllers/management-account.ts,101,identifier,alvos,"@Body() corpo: { roleId?: string; alvos?: string[] },",,
apps/api/src/controllers/management-account.ts,106,identifier,alvos,const alvos = lerAlvos(corpo?.alvos);,,
apps/api/src/controllers/management-account.ts,130,identifier,requisicao,"@Req() requisicao: RequestWithSession,",,
apps/api/src/controllers/management-account.ts,131,identifier,alvos,"@Body() corpo: { alvos?: string[] },",,
apps/api/src/controllers/management-account.ts,133,identifier,sessao,const sessao = sessionOf(requisicao);,,
apps/api/src/controllers/management-account.ts,134,identifier,alvos,const alvos = lerAlvos(corpo?.alvos);,,
apps/api/src/controllers/management-account.ts,143,identifier,permissoes,"const permissoes = await permissionsOf(tx, sessao.userId);",,
apps/api/src/controllers/management-account.ts,162,identifier,requisicao,deployment(@Req() requisicao: RequestWithSession): Promise<Deployment> {,,
apps/api/src/controllers/management-account.ts,163,identifier,sessao,const sessao = sessionOf(requisicao);,,
apps/api/src/controllers/management-account.ts,172,identifier,requisicao,async certificados(@Req() requisicao: RequestWithSession): Promise<CertificadoMtls[]> {,,
apps/api/src/controllers/management-account.ts,173,identifier,sessao,const sessao = sessionOf(requisicao);,,
apps/api/src/controllers/management-account.ts,175,identifier,permissoes,"const permissoes = await permissionsOf(tx, sessao.userId);",,
apps/api/src/controllers/management-account.ts,185,identifier,requisicao,"@Req() requisicao: RequestWithSession,",,
apps/api/src/controllers/management-account.ts,188,identifier,sessao,const sessao = sessionOf(requisicao);,,
apps/api/src/controllers/management-account.ts,190,identifier,permissoes,"const permissoes = await permissionsOf(tx, sessao.userId);",,
apps/api/src/controllers/management-account.ts,201,identifier,requisicao,"@Req() requisicao: RequestWithSession,",,
apps/api/src/controllers/management-account.ts,204,identifier,sessao,const sessao = sessionOf(requisicao);,,
apps/api/src/controllers/management-account.ts,206,identifier,permissoes,"const permissoes = await permissionsOf(tx, sessao.userId);",,
apps/api/src/controllers/management-account.ts,219,identifier,requisicao,"@Req() requisicao: RequestWithSession,",,
apps/api/src/controllers/management-account.ts,223,identifier,sessao,const sessao = sessionOf(requisicao);,,
apps/api/src/controllers/management-account.ts,225,identifier,permissoes,"const permissoes = await permissionsOf(tx, sessao.userId);",,
apps/api/src/controllers/management-analytics.ts,8,identifier,intervalo,"type Intervalo,",,
apps/api/src/controllers/management-analytics.ts,10,identifier,jornada,"type ArestaDaJornada,",,
apps/api/src/controllers/management-analytics.ts,12,identifier,geral,"type VisaoGeral,",,
apps/api/src/controllers/management-analytics.ts,12,identifier,visao,"type VisaoGeral,",,
apps/api/src/controllers/management-analytics.ts,19,identifier,ler,"import { lerCursor, lerLimite, type Page } from '../pagination.js';",,
apps/api/src/controllers/management-analytics.ts,19,identifier,limite,"import { lerCursor, lerLimite, type Page } from '../pagination.js';",,
apps/api/src/controllers/management-analytics.ts,23,identifier,jornada,"carregarJornada,",,
apps/api/src/controllers/management-analytics.ts,28,identifier,geral,"carregarVisaoGeral,",,
apps/api/src/controllers/management-analytics.ts,28,identifier,visao,"carregarVisaoGeral,",,
apps/api/src/controllers/management-analytics.ts,55,identifier,padrao,"padraoDe: string,",,
apps/api/src/controllers/management-analytics.ts,56,identifier,padrao,"padraoAte: string,",,
apps/api/src/controllers/management-analytics.ts,64,identifier,intervalo,intervalo: Intervalo;,,
apps/api/src/controllers/management-analytics.ts,67,identifier,nomes,lista: { type: 'interacao' | 'rejeicao'; nomes: string[] } | null;,,
apps/api/src/controllers/management-analytics.ts,67,literal-value,interacao,lista: { type: 'interacao' | 'rejeicao'; nomes: string[] } | null;,,
apps/api/src/controllers/management-analytics.ts,67,literal-value,rejeicao,lista: { type: 'interacao' | 'rejeicao'; nomes: string[] } | null;,,
apps/api/src/controllers/management-analytics.ts,71,identifier,periodo,periodo: Period;,,
apps/api/src/controllers/management-analytics.ts,72,identifier,intervalo,intervalo: Intervalo;,,
apps/api/src/controllers/management-analytics.ts,75,identifier,limite,limite: string;,,
apps/api/src/controllers/management-analytics.ts,77,identifier,dados,dados: ActiveMessagesData;,,
apps/api/src/controllers/management-analytics.ts,80,identifier,geral,export interface RespostaDaVisaoGeral {,,
apps/api/src/controllers/management-analytics.ts,80,identifier,visao,export interface RespostaDaVisaoGeral {,,
apps/api/src/controllers/management-analytics.ts,81,identifier,dados,dados: VisaoGeral;,,
apps/api/src/controllers/management-analytics.ts,86,identifier,jornada,export interface RespostaDaJornada {,,
apps/api/src/controllers/management-analytics.ts,118,identifier,intervalo,"let intervalo = periodInterval(period, hoje, { de, ate, limiteDias: 90 });",,
apps/api/src/controllers/management-analytics.ts,118,identifier,limite,"let intervalo = periodInterval(period, hoje, { de, ate, limiteDias: 90 });",,
apps/api/src/controllers/management-analytics.ts,123,literal-value,interacao,const tipo: 'interacao' | 'rejeicao' | null =,,
apps/api/src/controllers/management-analytics.ts,123,literal-value,rejeicao,const tipo: 'interacao' | 'rejeicao' | null =,,
apps/api/src/controllers/management-analytics.ts,127,identifier,nomes,"const nomes = tipo ? await loadListOfContacts(tx, id, intervalo, fuso, tipo) : null;",,
apps/api/src/controllers/management-analytics.ts,128,identifier,nomes,"const lista: RespostaDoDashboard['lista'] = tipo && nomes ? { type: tipo, nomes } : null;",,
apps/api/src/controllers/management-analytics.ts,129,identifier,intervalo,"return { period, intervalo, hoje, data, lista };",,
apps/api/src/controllers/management-analytics.ts,138,identifier,requisicao,"@Req() requisicao: RequestWithSession,",,
apps/api/src/controllers/management-analytics.ts,140,identifier,pedido,"@Query('periodo') periodoPedido?: string,",,
apps/api/src/controllers/management-analytics.ts,140,identifier,periodo,"@Query('periodo') periodoPedido?: string,",,
apps/api/src/controllers/management-analytics.ts,143,identifier,pedido,"@Query('template') templatePedido?: string,",,
apps/api/src/controllers/management-analytics.ts,145,identifier,sessao,const sessao = sessionOf(requisicao);,,
apps/api/src/controllers/management-analytics.ts,150,identifier,periodo,let periodo = readPeriod(periodoPedido);,,
apps/api/src/controllers/management-analytics.ts,151,identifier,intervalo,"let intervalo = periodInterval(periodo, hoje, { de, ate, limiteDias: 186 });",,
apps/api/src/controllers/management-analytics.ts,151,identifier,limite,"let intervalo = periodInterval(periodo, hoje, { de, ate, limiteDias: 186 });",,
apps/api/src/controllers/management-analytics.ts,157,identifier,dados,"const dados = await loadMessagesActive(tx, id, intervalo, template);",,
apps/api/src/controllers/management-analytics.ts,158,identifier,dados,"return { periodo, intervalo, hoje, limite: somarDias(hoje, -186), template, dados };",,
apps/api/src/controllers/management-analytics.ts,158,identifier,intervalo,"return { periodo, intervalo, hoje, limite: somarDias(hoje, -186), template, dados };",,
apps/api/src/controllers/management-analytics.ts,158,identifier,limite,"return { periodo, intervalo, hoje, limite: somarDias(hoje, -186), template, dados };",,
apps/api/src/controllers/management-analytics.ts,158,identifier,periodo,"return { periodo, intervalo, hoje, limite: somarDias(hoje, -186), template, dados };",,
apps/api/src/controllers/management-analytics.ts,164,identifier,geral,async visaoGeral(,,
apps/api/src/controllers/management-analytics.ts,164,identifier,visao,async visaoGeral(,,
apps/api/src/controllers/management-analytics.ts,165,identifier,requisicao,"@Req() requisicao: RequestWithSession,",,
apps/api/src/controllers/management-analytics.ts,167,identifier,pedido,"@Query('from') dePedido?: string,",,
apps/api/src/controllers/management-analytics.ts,168,identifier,pedido,"@Query('to') atePedido?: string,",,
apps/api/src/controllers/management-analytics.ts,170,identifier,sessao,const sessao = sessionOf(requisicao);,,
apps/api/src/controllers/management-analytics.ts,176,identifier,dados,"const dados = await carregarVisaoGeral(tx, id, await windowOfDates(tx, fuso, de, ate), fuso);",,
apps/api/src/controllers/management-analytics.ts,177,identifier,dados,"return { dados, de, ate };",,
apps/api/src/controllers/management-analytics.ts,183,identifier,jornada,async jornada(,,
apps/api/src/controllers/management-analytics.ts,184,identifier,requisicao,"@Req() requisicao: RequestWithSession,",,
apps/api/src/controllers/management-analytics.ts,186,identifier,pedido,"@Query('from') dePedido?: string,",,
apps/api/src/controllers/management-analytics.ts,187,identifier,pedido,"@Query('to') atePedido?: string,",,
apps/api/src/controllers/management-analytics.ts,189,identifier,sessao,const sessao = sessionOf(requisicao);,,
apps/api/src/controllers/management-analytics.ts,214,identifier,requisicao,"@Req() requisicao: RequestWithSession,",,
apps/api/src/controllers/management-analytics.ts,217,identifier,sessao,const sessao = sessionOf(requisicao);,,
apps/api/src/controllers/management-analytics.ts,231,identifier,requisicao,"@Req() requisicao: RequestWithSession,",,
apps/api/src/controllers/management-analytics.ts,238,identifier,bruto,"@Query('cursor') cursorBruto?: string,",,
apps/api/src/controllers/management-analytics.ts,239,identifier,bruto,"@Query('limit') limiteBruto?: string,",,
apps/api/src/controllers/management-analytics.ts,239,identifier,limite,"@Query('limit') limiteBruto?: string,",,
apps/api/src/controllers/management-analytics.ts,241,identifier,sessao,const sessao = sessionOf(requisicao);,,
apps/api/src/controllers/management-analytics.ts,243,identifier,limite,const limite = lerLimite(limiteBruto);,,
apps/api/src/controllers/management-analytics.ts,248,identifier,contato,"const contato = await loadContact(tx, sessao.tenantId, id);",,
apps/api/src/controllers/management-builder.ts,4,identifier,desenho,"DesenhoDoBuilder,",,
apps/api/src/controllers/management-builder.ts,7,identifier,publicada,"VersaoPublicada,",,
apps/api/src/controllers/management-builder.ts,7,identifier,versao,"VersaoPublicada,",,
apps/api/src/controllers/management-builder.ts,37,identifier,sessao,const sessao = sessionOf(request);,,
apps/api/src/controllers/management-builder.ts,47,identifier,requisicao,"@Req() requisicao: RequestWithSession,",,
apps/api/src/controllers/management-builder.ts,51,identifier,sessao,const sessao = sessionOf(requisicao);,,
apps/api/src/controllers/management-builder.ts,62,identifier,requisicao,"@Req() requisicao: RequestWithSession,",,
apps/api/src/controllers/management-builder.ts,65,identifier,sessao,const sessao = sessionOf(requisicao);,,
apps/api/src/controllers/management-builder.ts,75,identifier,requisicao,"@Req() requisicao: RequestWithSession,",,
apps/api/src/controllers/management-builder.ts,78,identifier,sessao,const sessao = sessionOf(requisicao);,,
apps/api/src/controllers/management-builder.ts,88,identifier,requisicao,"@Req() requisicao: RequestWithSession,",,
apps/api/src/controllers/management-builder.ts,90,identifier,versao,"@Param('version') versao: string,",,
apps/api/src/controllers/management-builder.ts,92,identifier,sessao,const sessao = sessionOf(requisicao);,,
apps/api/src/controllers/management-builder.ts,104,identifier,requisicao,"@Req() requisicao: RequestWithSession,",,
apps/api/src/controllers/management-builder.ts,106,identifier,versao,"@Param('version') versao: string,",,
apps/api/src/controllers/management-builder.ts,125,identifier,requisicao,"@Req() requisicao: RequestWithSession,",,
apps/api/src/controllers/management-builder.ts,129,identifier,sessao,const sessao = sessionOf(requisicao);,,
apps/api/src/controllers/management-builder.ts,140,identifier,requisicao,"@Req() requisicao: RequestWithSession,",,
apps/api/src/controllers/management-builder.ts,143,identifier,sessao,const sessao = sessionOf(requisicao);,,
apps/api/src/controllers/management-flow.ts,30,identifier,boas,"carregarBoasVindas,",,
apps/api/src/controllers/management-flow.ts,31,identifier,persistente,"carregarMenuPersistente,",,
apps/api/src/controllers/management-flow.ts,32,identifier,boas,"salvarBoasVindas,",,
apps/api/src/controllers/management-flow.ts,33,identifier,persistente,"salvarMenuPersistente,",,
apps/api/src/controllers/management-flow.ts,35,identifier,recados,import type { RecadosDoNome } from '../domain/management/regras-de-nome.js';,,
apps/api/src/controllers/management-flow.ts,37,identifier,servicos,"carregarServicos,",,
apps/api/src/controllers/management-flow.ts,62,identifier,modelos,"carregarModelos,",,
apps/api/src/controllers/management-flow.ts,130,literal-value,fluxo,type: 'fluxo' | 'roteador';,,
apps/api/src/controllers/management-flow.ts,130,literal-value,roteador,type: 'fluxo' | 'roteador';,,
apps/api/src/controllers/management-flow.ts,133,identifier,recados,recados: RecadosDoNome & { nomeEmUso: string; withoutPermission: string };,,
apps/api/src/controllers/management-flow.ts,147,identifier,imagem,imagem?: string | null;,,
apps/api/src/controllers/management-flow.ts,163,identifier,recados,const recados = corpo?.recados;,,
apps/api/src/controllers/management-flow.ts,165,identifier,frases,"const frases: Record<string, string | undefined> = {",,
apps/api/src/controllers/management-flow.ts,180,identifier,frase,const frase = error instanceof PipeError ? frases[error.codigo] : undefined;,,
apps/api/src/controllers/management-flow.ts,190,identifier,requisicao,"@Req() requisicao: RequestWithSession,",,
apps/api/src/controllers/management-flow.ts,194,identifier,sessao,const sessao = sessionOf(requisicao);,,
apps/api/src/controllers/management-flow.ts,206,identifier,imagem,"imagem: image === null || typeof image === 'string' ? image : undefined,",,
apps/api/src/controllers/management-flow.ts,215,identifier,requisicao,"async excluir(@Req() requisicao: RequestWithSession, @Param('id') id: string): Promise<void> {",,
apps/api/src/controllers/management-flow.ts,216,identifier,sessao,const sessao = sessionOf(requisicao);,,
apps/api/src/controllers/management-flow.ts,227,identifier,requisicao,"@Req() requisicao: RequestWithSession,",,
apps/api/src/controllers/management-flow.ts,232,identifier,sessao,const sessao = sessionOf(requisicao);,,
apps/api/src/controllers/management-flow.ts,253,identifier,requisicao,"@Req() requisicao: RequestWithSession,",,
apps/api/src/controllers/management-flow.ts,256,identifier,sessao,const sessao = sessionOf(requisicao);,,
apps/api/src/controllers/management-flow.ts,258,identifier,resultado,"const resultado = await noTenant(sessao.tenantId, async (tx) => {",,
apps/api/src/controllers/management-flow.ts,259,identifier,contato,"const contato = await loadContactByShortName(tx, sessao.tenantId, shortName);",,
apps/api/src/controllers/management-flow.ts,270,identifier,requisicao,"@Req() requisicao: RequestWithSession,",,
apps/api/src/controllers/management-flow.ts,273,identifier,sessao,const sessao = sessionOf(requisicao);,,
apps/api/src/controllers/management-flow.ts,275,identifier,resultado,"const resultado = await noTenant(sessao.tenantId, async (tx) => {",,
apps/api/src/controllers/management-flow.ts,276,identifier,contato,"const contato = await loadContact(tx, sessao.tenantId, id);",,
apps/api/src/controllers/management-flow.ts,290,identifier,requisicao,"@Req() requisicao: RequestWithSession,",,
apps/api/src/controllers/management-flow.ts,293,identifier,sessao,const sessao = sessionOf(requisicao);,,
apps/api/src/controllers/management-flow.ts,302,identifier,requisicao,"@Req() requisicao: RequestWithSession,",,
apps/api/src/controllers/management-flow.ts,306,identifier,sessao,const sessao = sessionOf(requisicao);,,
apps/api/src/controllers/management-flow.ts,323,identifier,requisicao,"@Req() requisicao: RequestWithSession,",,
apps/api/src/controllers/management-flow.ts,327,identifier,sessao,const sessao = sessionOf(requisicao);,,
apps/api/src/controllers/management-flow.ts,338,identifier,boas,async boasVindas(,,
apps/api/src/controllers/management-flow.ts,339,identifier,requisicao,"@Req() requisicao: RequestWithSession,",,
apps/api/src/controllers/management-flow.ts,342,identifier,sessao,const sessao = sessionOf(requisicao);,,
apps/api/src/controllers/management-flow.ts,349,identifier,boas,async salvarBoasVindasRota(,,
apps/api/src/controllers/management-flow.ts,350,identifier,requisicao,"@Req() requisicao: RequestWithSession,",,
apps/api/src/controllers/management-flow.ts,352,identifier,botao,"@Body() corpo: { active?: boolean; message?: string; textoBotao?: string },",,
apps/api/src/controllers/management-flow.ts,352,identifier,texto,"@Body() corpo: { active?: boolean; message?: string; textoBotao?: string },",,
apps/api/src/controllers/management-flow.ts,354,identifier,sessao,const sessao = sessionOf(requisicao);,,
apps/api/src/controllers/management-flow.ts,360,identifier,botao,"textoBotao: typeof corpo?.textoBotao === 'string' ? corpo.textoBotao : undefined,",,
apps/api/src/controllers/management-flow.ts,360,identifier,texto,"textoBotao: typeof corpo?.textoBotao === 'string' ? corpo.textoBotao : undefined,",,
apps/api/src/controllers/management-flow.ts,368,identifier,persistente,async menuPersistente(,,
apps/api/src/controllers/management-flow.ts,369,identifier,requisicao,"@Req() requisicao: RequestWithSession,",,
apps/api/src/controllers/management-flow.ts,372,identifier,sessao,const sessao = sessionOf(requisicao);,,
apps/api/src/controllers/management-flow.ts,379,identifier,persistente,async salvarMenuPersistenteRota(,,
apps/api/src/controllers/management-flow.ts,380,identifier,requisicao,"@Req() requisicao: RequestWithSession,",,
apps/api/src/controllers/management-flow.ts,382,identifier,texto,"@Body() corpo: { itens?: { texto?: string; link?: string }[] },",,
apps/api/src/controllers/management-flow.ts,384,identifier,sessao,const sessao = sessionOf(requisicao);,,
apps/api/src/controllers/management-flow.ts,395,identifier,requisicao,"@Req() requisicao: RequestWithSession,",,
apps/api/src/controllers/management-flow.ts,398,identifier,sessao,const sessao = sessionOf(requisicao);,,
apps/api/src/controllers/management-flow.ts,406,identifier,requisicao,"@Req() requisicao: RequestWithSession,",,
apps/api/src/controllers/management-flow.ts,411,identifier,sessao,const sessao = sessionOf(requisicao);,,
apps/api/src/controllers/management-flow.ts,430,identifier,requisicao,"@Req() requisicao: RequestWithSession,",,
apps/api/src/controllers/management-flow.ts,432,identifier,busca,"@Query('search') busca?: string,",,
apps/api/src/controllers/management-flow.ts,434,identifier,sessao,const sessao = sessionOf(requisicao);,,
apps/api/src/controllers/management-flow.ts,445,identifier,requisicao,"@Req() requisicao: RequestWithSession,",,
apps/api/src/controllers/management-flow.ts,448,identifier,sessao,const sessao = sessionOf(requisicao);,,
apps/api/src/controllers/management-flow.ts,456,identifier,requisicao,"@Req() requisicao: RequestWithSession,",,
apps/api/src/controllers/management-flow.ts,458,identifier,modelos,): Promise<{ channelId: string | null; modelos: TemplateListed[] }> {,,
apps/api/src/controllers/management-flow.ts,459,identifier,sessao,const sessao = sessionOf(requisicao);,,
apps/api/src/controllers/management-flow.ts,462,identifier,canal,"const canalId = await loadChannelOfFlow(tx, sessao.tenantId, id);",,
apps/api/src/controllers/management-flow.ts,463,identifier,modelos,"const modelos = canalId ? await carregarModelos(tx, canalId) : [];",,
apps/api/src/controllers/management-flow.ts,464,identifier,modelos,"return { channelId: canalId, modelos };",,
apps/api/src/controllers/management-flow.ts,471,identifier,servicos,async servicos(,,
apps/api/src/controllers/management-flow.ts,472,identifier,requisicao,"@Req() requisicao: RequestWithSession,",,
apps/api/src/controllers/management-flow.ts,475,identifier,sessao,const sessao = sessionOf(requisicao);,,
apps/api/src/controllers/management-flow.ts,487,identifier,requisicao,"@Req() requisicao: RequestWithSession,",,
apps/api/src/controllers/management-flow.ts,491,identifier,sessao,const sessao = sessionOf(requisicao);,,
apps/api/src/controllers/management-flow.ts,501,identifier,requisicao,"@Req() requisicao: RequestWithSession,",,
apps/api/src/controllers/management-flow.ts,506,identifier,sessao,const sessao = sessionOf(requisicao);,,
apps/api/src/controllers/management-flow.ts,518,identifier,requisicao,"@Req() requisicao: RequestWithSession,",,
apps/api/src/controllers/management-flow.ts,520,identifier,servico,"@Param('serviceId') servicoId: string,",,
apps/api/src/controllers/management-flow.ts,522,identifier,sessao,const sessao = sessionOf(requisicao);,,
apps/api/src/controllers/management-flow.ts,538,identifier,requisicao,"@Req() requisicao: RequestWithSession,",,
apps/api/src/controllers/management-flow.ts,541,identifier,sessao,const sessao = sessionOf(requisicao);,,
apps/api/src/controllers/management-flow.ts,551,identifier,requisicao,"@Req() requisicao: RequestWithSession,",,
apps/api/src/controllers/management-flow.ts,555,identifier,sessao,const sessao = sessionOf(requisicao);,,
apps/api/src/controllers/management-flow.ts,565,identifier,requisicao,"@Req() requisicao: RequestWithSession,",,
apps/api/src/controllers/management-flow.ts,570,identifier,sessao,const sessao = sessionOf(requisicao);,,
apps/api/src/controllers/management-flow.ts,582,identifier,requisicao,"@Req() requisicao: RequestWithSession,",,
apps/api/src/controllers/management-flow.ts,586,identifier,sessao,const sessao = sessionOf(requisicao);,,
apps/api/src/controllers/management-flow.ts,601,identifier,requisicao,"@Req() requisicao: RequestWithSession,",,
apps/api/src/controllers/management-flow.ts,604,identifier,sessao,const sessao = sessionOf(requisicao);,,
apps/api/src/controllers/management-flow.ts,614,identifier,requisicao,"@Req() requisicao: RequestWithSession,",,
apps/api/src/controllers/management-flow.ts,618,identifier,sessao,const sessao = sessionOf(requisicao);,,
apps/api/src/controllers/management-flow.ts,628,identifier,requisicao,"@Req() requisicao: RequestWithSession,",,
apps/api/src/controllers/management-flow.ts,633,identifier,sessao,const sessao = sessionOf(requisicao);,,
apps/api/src/controllers/management-flow.ts,645,identifier,requisicao,"@Req() requisicao: RequestWithSession,",,
apps/api/src/controllers/management-flow.ts,649,identifier,sessao,const sessao = sessionOf(requisicao);,,
apps/api/src/controllers/management-integrations.ts,16,identifier,testar,"testarWebhook,",,
apps/api/src/controllers/management-integrations.ts,22,identifier,pedido,"PedidoDeConexao,",,
apps/api/src/controllers/management-integrations.ts,24,identifier,pedido,"PedidoDeWebhook,",,
apps/api/src/controllers/management-integrations.ts,26,identifier,saida,"WebhookDeSaida,",,
apps/api/src/controllers/management-integrations.ts,27,identifier,saida,"WebhookDeSaidaCriado,",,
apps/api/src/controllers/management-integrations.ts,51,identifier,eventos,eventos?: unknown;,,
apps/api/src/controllers/management-integrations.ts,54,identifier,cabecalhos,cabecalhos?: unknown;,,
apps/api/src/controllers/management-integrations.ts,63,identifier,chaves,async chaves(,,
apps/api/src/controllers/management-integrations.ts,64,identifier,requisicao,"@Req() requisicao: RequestWithSession,",,
apps/api/src/controllers/management-integrations.ts,67,identifier,sessao,const sessao = sessionOf(requisicao);,,
apps/api/src/controllers/management-integrations.ts,77,identifier,requisicao,"@Req() requisicao: RequestWithSession,",,
apps/api/src/controllers/management-integrations.ts,81,identifier,sessao,const sessao = sessionOf(requisicao);,,
apps/api/src/controllers/management-integrations.ts,111,identifier,requisicao,"@Req() requisicao: RequestWithSession,",,
apps/api/src/controllers/management-integrations.ts,114,identifier,sessao,const sessao = sessionOf(requisicao);,,
apps/api/src/controllers/management-integrations.ts,124,identifier,requisicao,"@Req() requisicao: RequestWithSession,",,
apps/api/src/controllers/management-integrations.ts,128,identifier,sessao,const sessao = sessionOf(requisicao);,,
apps/api/src/controllers/management-integrations.ts,130,identifier,pedido,const pedido: PedidoDeConexao = {};,,
apps/api/src/controllers/management-integrations.ts,146,identifier,requisicao,async webhooks(@Req() requisicao: RequestWithSession): Promise<WebhookDeSaida[]> {,,
apps/api/src/controllers/management-integrations.ts,147,identifier,sessao,const sessao = sessionOf(requisicao);,,
apps/api/src/controllers/management-integrations.ts,154,identifier,requisicao,"@Req() requisicao: RequestWithSession,",,
apps/api/src/controllers/management-integrations.ts,157,identifier,sessao,const sessao = sessionOf(requisicao);,,
apps/api/src/controllers/management-integrations.ts,158,identifier,pedido,const pedido: PedidoDeWebhook = {,,
apps/api/src/controllers/management-integrations.ts,160,identifier,eventos,"eventos: Array.isArray(corpo?.eventos) ? (corpo.eventos as unknown[]).map(String) : [],",,
apps/api/src/controllers/management-integrations.ts,161,identifier,autenticacao,"autenticacao: corpo?.authentication,",,
apps/api/src/controllers/management-integrations.ts,162,identifier,cabecalhos,"cabecalhos: corpo?.cabecalhos,",,
apps/api/src/controllers/management-integrations.ts,172,identifier,requisicao,"@Req() requisicao: RequestWithSession,",,
apps/api/src/controllers/management-integrations.ts,176,identifier,sessao,const sessao = sessionOf(requisicao);,,
apps/api/src/controllers/management-integrations.ts,178,identifier,pedido,const pedido: RequestOfEditOfWebhook = {};,,
apps/api/src/controllers/management-integrations.ts,193,identifier,requisicao,"@Req() requisicao: RequestWithSession,",,
apps/api/src/controllers/management-integrations.ts,196,identifier,sessao,const sessao = sessionOf(requisicao);,,
apps/api/src/controllers/management-integrations.ts,206,identifier,testar,async testarWebhook(,,
apps/api/src/controllers/management-integrations.ts,207,identifier,requisicao,"@Req() requisicao: RequestWithSession,",,
apps/api/src/controllers/management-integrations.ts,210,identifier,sessao,const sessao = sessionOf(requisicao);,,
apps/api/src/controllers/management-operations.ts,7,identifier,cabecalho,"import { carregarCabecalho, type HeaderOfManagement } from '../domain/management/cabecalho.js';",,
apps/api/src/controllers/management-operations.ts,40,identifier,nada,const uuidOuNada = (v?: string) => (v && UUID.test(v) ? v : undefined);,,
apps/api/src/controllers/management-operations.ts,43,identifier,nada,const dataOuNada = (v?: string) => (v && DATA.test(v) ? v : undefined);,,
apps/api/src/controllers/management-operations.ts,65,identifier,janela,): Promise<{ de: string; ate: string; janela: { start: Date; end: Date } }> {,,
apps/api/src/controllers/management-operations.ts,72,identifier,janela,"return { de: deFinal, ate: ateFinal, janela: await windowOfDates(tx, fuso, deFinal, ateFinal) };",,
apps/api/src/controllers/management-operations.ts,78,identifier,janela,janela: { start: Date; end: Date };,,
apps/api/src/controllers/management-operations.ts,103,identifier,relatorio,relatorio: T;,,
apps/api/src/controllers/management-operations.ts,119,identifier,cabecalho,async cabecalho(@Req() request: RequestWithSession): Promise<HeaderOfManagement> {,,
apps/api/src/controllers/management-operations.ts,130,identifier,requisicao,"@Req() requisicao: RequestWithSession,",,
apps/api/src/controllers/management-operations.ts,134,identifier,sessao,const sessao = sessionOf(requisicao);,,
apps/api/src/controllers/management-operations.ts,142,identifier,janela,"return { fuso, janela: window, data };",,
apps/api/src/controllers/management-operations.ts,148,identifier,requisicao,"async previewOfConversation(@Req() requisicao: RequestWithSession, @Param('id') id: string) {",,
apps/api/src/controllers/management-operations.ts,149,identifier,sessao,const sessao = sessionOf(requisicao);,,
apps/api/src/controllers/management-operations.ts,163,identifier,requisicao,"@Req() requisicao: RequestWithSession,",,
apps/api/src/controllers/management-operations.ts,165,identifier,texto,"@Body() corpo: { texto?: string },",,
apps/api/src/controllers/management-operations.ts,167,identifier,sessao,const sessao = sessionOf(requisicao);,,
apps/api/src/controllers/management-operations.ts,178,identifier,requisicao,"@Req() requisicao: RequestWithSession,",,
apps/api/src/controllers/management-operations.ts,182,identifier,sessao,const sessao = sessionOf(requisicao);,,
apps/api/src/controllers/management-operations.ts,187,identifier,resultado,const resultado = await transferConversation(,,
apps/api/src/controllers/management-operations.ts,193,identifier,depois,"depois: { acao: 'transferiu_no_monitoramento', para: resultado.forConversationId },",,
apps/api/src/controllers/management-operations.ts,193,identifier,para,"depois: { acao: 'transferiu_no_monitoramento', para: resultado.forConversationId },",,
apps/api/src/controllers/management-operations.ts,202,identifier,requisicao,"@Req() requisicao: RequestWithSession,",,
apps/api/src/controllers/management-operations.ts,206,identifier,sessao,const sessao = sessionOf(requisicao);,,
apps/api/src/controllers/management-operations.ts,211,identifier,resultado,const resultado = await closeConversation(,,
apps/api/src/controllers/management-operations.ts,213,identifier,etiqueta,"{ conversationId: id, etiquetaIds: corpo?.etiqueta_ids ?? (corpo?.etiqueta_id ? [corpo.etiqueta_id] : undefined) },",,
apps/api/src/controllers/management-operations.ts,217,identifier,depois,"depois: { acao: 'finalizou_no_monitoramento' },",,
apps/api/src/controllers/management-operations.ts,226,identifier,requisicao,"@Req() requisicao: RequestWithSession,",,
apps/api/src/controllers/management-operations.ts,227,identifier,fila,"@Query('queue') fila?: string,",,
apps/api/src/controllers/management-operations.ts,228,identifier,atendente,"@Query('agent') atendente?: string,",,
apps/api/src/controllers/management-operations.ts,229,identifier,etiqueta,"@Query('etiqueta') etiqueta?: string,",,
apps/api/src/controllers/management-operations.ts,233,identifier,sessao,const sessao = sessionOf(requisicao);,,
apps/api/src/controllers/management-operations.ts,250,identifier,requisicao,"@Req() requisicao: RequestWithSession,",,
apps/api/src/controllers/management-operations.ts,251,identifier,fila,"@Query('queue') fila?: string,",,
apps/api/src/controllers/management-operations.ts,252,identifier,atendente,"@Query('agent') atendente?: string,",,
apps/api/src/controllers/management-operations.ts,256,identifier,sessao,const sessao = sessionOf(requisicao);,,
apps/api/src/controllers/management-operations.ts,272,identifier,requisicao,"@Req() requisicao: RequestWithSession,",,
apps/api/src/controllers/management-operations.ts,276,identifier,sessao,const sessao = sessionOf(requisicao);,,
apps/api/src/controllers/management-operations.ts,280,identifier,relatorio,"return { fuso, de: p.de, ate: p.ate, relatorio: await loadEffort(tx, p.window) };",,
apps/api/src/controllers/management-operations.ts,287,identifier,requisicao,"@Req() requisicao: RequestWithSession,",,
apps/api/src/controllers/management-operations.ts,291,identifier,sessao,const sessao = sessionOf(requisicao);,,
apps/api/src/controllers/management-operations.ts,296,identifier,relatorio,"return { fuso, de: p.de, ate: p.ate, relatorio: await loadSatisfaction(tx, p.window) };",,
apps/api/src/controllers/management-operations.ts,303,identifier,requisicao,"@Req() requisicao: RequestWithSession,",,
apps/api/src/controllers/management-operations.ts,304,identifier,atendente,"@Query('agent') atendente?: string,",,
apps/api/src/controllers/management-operations.ts,309,identifier,sessao,const sessao = sessionOf(requisicao);,,
apps/api/src/controllers/management-operations.ts,325,identifier,requisicao,"@Req() requisicao: RequestWithSession,",,
apps/api/src/controllers/management-operations.ts,328,identifier,sessao,const sessao = sessionOf(requisicao);,,
apps/api/src/controllers/management-registrations.ts,19,identifier,nada,import { uuidOuNada } from '../domain/management/format.js';,,
apps/api/src/controllers/management-registrations.ts,20,identifier,cadastros,import * as cadastros from '../domain/management/registrations.js';,,
apps/api/src/controllers/management-registrations.ts,21,identifier,comunicacao,import * as comunicacao from '../domain/management/communication.js';,,
apps/api/src/controllers/management-registrations.ts,22,identifier,configuracoes,import * as configuracoes from '../domain/management/settings.js';,,
apps/api/src/controllers/management-registrations.ts,23,identifier,palavras,import * as palavrasProibidas from '../domain/management/palavras-proibidas.js';,,
apps/api/src/controllers/management-registrations.ts,23,identifier,proibidas,import * as palavrasProibidas from '../domain/management/palavras-proibidas.js';,,
apps/api/src/controllers/management-registrations.ts,24,identifier,regras,import * as regrasSla from '../domain/management/regras-sla.js';,,
apps/api/src/controllers/management-registrations.ts,25,identifier,prioridade,import * as regrasPrioridade from '../domain/management/rules-priority.js';,,
apps/api/src/controllers/management-registrations.ts,25,identifier,regras,import * as regrasPrioridade from '../domain/management/rules-priority.js';,,
apps/api/src/controllers/management-registrations.ts,26,identifier,atendente,import * as permissoesDoAtendente from '../domain/management/permissions-of-agent.js';,,
apps/api/src/controllers/management-registrations.ts,26,identifier,permissoes,import * as permissoesDoAtendente from '../domain/management/permissions-of-agent.js';,,
apps/api/src/controllers/management-registrations.ts,27,identifier,acoes,import * as acoesRegras from '../domain/management/actions/regras.js';,,
apps/api/src/controllers/management-registrations.ts,27,identifier,regras,import * as acoesRegras from '../domain/management/actions/regras.js';,,
apps/api/src/controllers/management-registrations.ts,28,identifier,acoes,import * as acoesAtendentes from '../domain/management/actions/agents.js';,,
apps/api/src/controllers/management-registrations.ts,28,identifier,atendentes,import * as acoesAtendentes from '../domain/management/actions/agents.js';,,
apps/api/src/controllers/management-registrations.ts,29,identifier,acoes,import * as acoesComunicacao from '../domain/management/actions/communication.js';,,
apps/api/src/controllers/management-registrations.ts,29,identifier,comunicacao,import * as acoesComunicacao from '../domain/management/actions/communication.js';,,
apps/api/src/controllers/management-registrations.ts,30,identifier,acoes,import * as acoesConfiguracoes from '../domain/management/actions/settings.js';,,
apps/api/src/controllers/management-registrations.ts,30,identifier,configuracoes,import * as acoesConfiguracoes from '../domain/management/actions/settings.js';,,
apps/api/src/controllers/management-registrations.ts,31,identifier,campos,"import { Campos, type CamposCrus, type Resultado } from '../domain/management/actions/campos.js';",,
apps/api/src/controllers/management-registrations.ts,31,identifier,resultado,"import { Campos, type CamposCrus, type Resultado } from '../domain/management/actions/campos.js';",,
apps/api/src/controllers/management-registrations.ts,47,identifier,horario,"salvarHorario: acoesRegras.salvarHorario,",,
apps/api/src/controllers/management-registrations.ts,48,identifier,faixa,"salvarFaixa: acoesRegras.salvarFaixa,",,
apps/api/src/controllers/management-registrations.ts,49,identifier,excecao,"salvarExcecao: acoesRegras.saveException,",,
apps/api/src/controllers/management-registrations.ts,50,identifier,fila,"salvarRegraFila: acoesRegras.saveRuleQueue,",,
apps/api/src/controllers/management-registrations.ts,50,identifier,regra,"salvarRegraFila: acoesRegras.saveRuleQueue,",,
apps/api/src/controllers/management-registrations.ts,51,identifier,fila,"alternarRegraFila: acoesRegras.toggleRuleQueue,",,
apps/api/src/controllers/management-registrations.ts,51,identifier,regra,"alternarRegraFila: acoesRegras.toggleRuleQueue,",,
apps/api/src/controllers/management-registrations.ts,52,identifier,fila,"salvarFila: acoesAtendentes.saveQueue,",,
apps/api/src/controllers/management-registrations.ts,53,identifier,pausa,"salvarMotivoPausa: acoesAtendentes.salvarMotivoPausa,",,
apps/api/src/controllers/management-registrations.ts,54,identifier,pronta,"salvarRespostaPronta: acoesComunicacao.salvarRespostaPronta,",,
apps/api/src/controllers/management-registrations.ts,55,identifier,modelo,"salvarModelo: acoesComunicacao.saveTemplate,",,
apps/api/src/controllers/management-registrations.ts,56,identifier,identidade,"salvarIdentidade: acoesConfiguracoes.saveIdentity,",,
apps/api/src/controllers/management-registrations.ts,57,identifier,pesquisa,"salvarPesquisa: acoesConfiguracoes.salvarPesquisa,",,
apps/api/src/controllers/management-registrations.ts,58,identifier,encerramento,"salvarEtiquetasDeEncerramento: acoesConfiguracoes.saveLabelsOfClosure,",,
apps/api/src/controllers/management-registrations.ts,58,identifier,etiquetas,"salvarEtiquetasDeEncerramento: acoesConfiguracoes.saveLabelsOfClosure,",,
apps/api/src/controllers/management-registrations.ts,67,identifier,requisicao,rulesOfAttendance(@Req() requisicao: RequestWithSession) {,,
apps/api/src/controllers/management-registrations.ts,68,identifier,sessao,const sessao = sessionOf(requisicao);,,
apps/api/src/controllers/management-registrations.ts,74,identifier,horarios,horarios(@Req() requisicao: RequestWithSession) {,,
apps/api/src/controllers/management-registrations.ts,74,identifier,requisicao,horarios(@Req() requisicao: RequestWithSession) {,,
apps/api/src/controllers/management-registrations.ts,75,identifier,sessao,const sessao = sessionOf(requisicao);,,
apps/api/src/controllers/management-registrations.ts,84,identifier,requisicao,agents(@Req() requisicao: RequestWithSession) {,,
apps/api/src/controllers/management-registrations.ts,85,identifier,sessao,const sessao = sessionOf(requisicao);,,
apps/api/src/controllers/management-registrations.ts,98,identifier,pausas,pausas(@Req() requisicao: RequestWithSession) {,,
apps/api/src/controllers/management-registrations.ts,98,identifier,requisicao,pausas(@Req() requisicao: RequestWithSession) {,,
apps/api/src/controllers/management-registrations.ts,99,identifier,sessao,const sessao = sessionOf(requisicao);,,
apps/api/src/controllers/management-registrations.ts,105,identifier,modelos,modelos(@Req() requisicao: RequestWithSession) {,,
apps/api/src/controllers/management-registrations.ts,105,identifier,requisicao,modelos(@Req() requisicao: RequestWithSession) {,,
apps/api/src/controllers/management-registrations.ts,106,identifier,sessao,const sessao = sessionOf(requisicao);,,
apps/api/src/controllers/management-registrations.ts,109,identifier,modelos,"modelos: await comunicacao.carregarModelos(tx),",,
apps/api/src/controllers/management-registrations.ts,116,identifier,prontas,respostasProntas(@Req() requisicao: RequestWithSession) {,,
apps/api/src/controllers/management-registrations.ts,116,identifier,requisicao,respostasProntas(@Req() requisicao: RequestWithSession) {,,
apps/api/src/controllers/management-registrations.ts,117,identifier,sessao,const sessao = sessionOf(requisicao);,,
apps/api/src/controllers/management-registrations.ts,123,identifier,requisicao,channels(@Req() requisicao: RequestWithSession) {,,
apps/api/src/controllers/management-registrations.ts,124,identifier,sessao,const sessao = sessionOf(requisicao);,,
apps/api/src/controllers/management-registrations.ts,130,identifier,regras,regrasDeSla(@Req() requisicao: RequestWithSession) {,,
apps/api/src/controllers/management-registrations.ts,130,identifier,requisicao,regrasDeSla(@Req() requisicao: RequestWithSession) {,,
apps/api/src/controllers/management-registrations.ts,131,identifier,sessao,const sessao = sessionOf(requisicao);,,
apps/api/src/controllers/management-registrations.ts,137,identifier,requisicao,data(@Req() requisicao: RequestWithSession) {,,
apps/api/src/controllers/management-registrations.ts,138,identifier,sessao,const sessao = sessionOf(requisicao);,,
apps/api/src/controllers/management-registrations.ts,144,identifier,requisicao,general(@Req() requisicao: RequestWithSession) {,,
apps/api/src/controllers/management-registrations.ts,145,identifier,sessao,const sessao = sessionOf(requisicao);,,
apps/api/src/controllers/management-registrations.ts,151,identifier,requisicao,rulesOfPriority(@Req() requisicao: RequestWithSession) {,,
apps/api/src/controllers/management-registrations.ts,152,identifier,sessao,const sessao = sessionOf(requisicao);,,
apps/api/src/controllers/management-registrations.ts,161,identifier,requisicao,"@Req() requisicao: RequestWithSession,",,
apps/api/src/controllers/management-registrations.ts,164,identifier,sessao,const sessao = sessionOf(requisicao);,,
apps/api/src/controllers/management-registrations.ts,173,identifier,requisicao,"@Req() requisicao: RequestWithSession,",,
apps/api/src/controllers/management-registrations.ts,177,identifier,sessao,const sessao = sessionOf(requisicao);,,
apps/api/src/controllers/management-registrations.ts,187,identifier,requisicao,"async deleteQueue(@Req() requisicao: RequestWithSession, @Param('id') id: string): Promise<void> {",,
apps/api/src/controllers/management-registrations.ts,188,identifier,sessao,const sessao = sessionOf(requisicao);,,
apps/api/src/controllers/management-registrations.ts,198,identifier,requisicao,"@Req() requisicao: RequestWithSession,",,
apps/api/src/controllers/management-registrations.ts,202,identifier,sessao,const sessao = sessionOf(requisicao);,,
apps/api/src/controllers/management-registrations.ts,222,identifier,requisicao,"@Req() requisicao: RequestWithSession,",,
apps/api/src/controllers/management-registrations.ts,226,identifier,sessao,const sessao = sessionOf(requisicao);,,
apps/api/src/controllers/management-registrations.ts,239,identifier,requisicao,"@Req() requisicao: RequestWithSession,",,
apps/api/src/controllers/management-registrations.ts,243,identifier,sessao,const sessao = sessionOf(requisicao);,,
apps/api/src/controllers/management-registrations.ts,253,identifier,requisicao,"async deleteRuleQueue(@Req() requisicao: RequestWithSession, @Param('id') id: string): Promise<void> {",,
apps/api/src/controllers/management-registrations.ts,254,identifier,sessao,const sessao = sessionOf(requisicao);,,
apps/api/src/controllers/management-registrations.ts,265,identifier,faixa,async editarFaixaHorario(,,
apps/api/src/controllers/management-registrations.ts,265,identifier,horario,async editarFaixaHorario(,,
apps/api/src/controllers/management-registrations.ts,266,identifier,requisicao,"@Req() requisicao: RequestWithSession,",,
apps/api/src/controllers/management-registrations.ts,270,identifier,sessao,const sessao = sessionOf(requisicao);,,
apps/api/src/controllers/management-registrations.ts,280,identifier,faixa,"async excluirFaixaHorario(@Req() requisicao: RequestWithSession, @Param('id') id: string): Promise<void> {",,
apps/api/src/controllers/management-registrations.ts,280,identifier,horario,"async excluirFaixaHorario(@Req() requisicao: RequestWithSession, @Param('id') id: string): Promise<void> {",,
apps/api/src/controllers/management-registrations.ts,280,identifier,requisicao,"async excluirFaixaHorario(@Req() requisicao: RequestWithSession, @Param('id') id: string): Promise<void> {",,
apps/api/src/controllers/management-registrations.ts,281,identifier,sessao,const sessao = sessionOf(requisicao);,,
apps/api/src/controllers/management-registrations.ts,291,identifier,requisicao,"@Req() requisicao: RequestWithSession,",,
apps/api/src/controllers/management-registrations.ts,295,identifier,sessao,const sessao = sessionOf(requisicao);,,
apps/api/src/controllers/management-registrations.ts,305,identifier,requisicao,"async deleteExceptionSchedule(@Req() requisicao: RequestWithSession, @Param('id') id: string): Promise<void> {",,
apps/api/src/controllers/management-registrations.ts,306,identifier,sessao,const sessao = sessionOf(requisicao);,,
apps/api/src/controllers/management-registrations.ts,318,identifier,requisicao,"@Req() requisicao: RequestWithSession,",,
apps/api/src/controllers/management-registrations.ts,321,identifier,sessao,const sessao = sessionOf(requisicao);,,
apps/api/src/controllers/management-registrations.ts,329,identifier,regra,async editarRegraSla(,,
apps/api/src/controllers/management-registrations.ts,330,identifier,requisicao,"@Req() requisicao: RequestWithSession,",,
apps/api/src/controllers/management-registrations.ts,334,identifier,sessao,const sessao = sessionOf(requisicao);,,
apps/api/src/controllers/management-registrations.ts,344,identifier,regra,"async excluirRegraSla(@Req() requisicao: RequestWithSession, @Param('id') id: string): Promise<void> {",,
apps/api/src/controllers/management-registrations.ts,344,identifier,requisicao,"async excluirRegraSla(@Req() requisicao: RequestWithSession, @Param('id') id: string): Promise<void> {",,
apps/api/src/controllers/management-registrations.ts,345,identifier,sessao,const sessao = sessionOf(requisicao);,,
apps/api/src/controllers/management-registrations.ts,356,identifier,palavras,listarPalavrasProibidas(@Req() requisicao: RequestWithSession) {,,
apps/api/src/controllers/management-registrations.ts,356,identifier,proibidas,listarPalavrasProibidas(@Req() requisicao: RequestWithSession) {,,
apps/api/src/controllers/management-registrations.ts,356,identifier,requisicao,listarPalavrasProibidas(@Req() requisicao: RequestWithSession) {,,
apps/api/src/controllers/management-registrations.ts,357,identifier,sessao,const sessao = sessionOf(requisicao);,,
apps/api/src/controllers/management-registrations.ts,366,identifier,requisicao,"@Req() requisicao: RequestWithSession,",,
apps/api/src/controllers/management-registrations.ts,369,identifier,sessao,const sessao = sessionOf(requisicao);,,
apps/api/src/controllers/management-registrations.ts,377,identifier,palavra,async editarPalavraProibida(,,
apps/api/src/controllers/management-registrations.ts,377,identifier,proibida,async editarPalavraProibida(,,
apps/api/src/controllers/management-registrations.ts,378,identifier,requisicao,"@Req() requisicao: RequestWithSession,",,
apps/api/src/controllers/management-registrations.ts,382,identifier,sessao,const sessao = sessionOf(requisicao);,,
apps/api/src/controllers/management-registrations.ts,392,identifier,palavra,async excluirPalavraProibida(,,
apps/api/src/controllers/management-registrations.ts,392,identifier,proibida,async excluirPalavraProibida(,,
apps/api/src/controllers/management-registrations.ts,393,identifier,requisicao,"@Req() requisicao: RequestWithSession,",,
apps/api/src/controllers/management-registrations.ts,396,identifier,sessao,const sessao = sessionOf(requisicao);,,
apps/api/src/controllers/management-registrations.ts,408,identifier,requisicao,"@Req() requisicao: RequestWithSession,",,
apps/api/src/controllers/management-registrations.ts,411,identifier,sessao,const sessao = sessionOf(requisicao);,,
apps/api/src/controllers/management-registrations.ts,420,identifier,requisicao,"@Req() requisicao: RequestWithSession,",,
apps/api/src/controllers/management-registrations.ts,424,identifier,sessao,const sessao = sessionOf(requisicao);,,
apps/api/src/controllers/management-registrations.ts,434,identifier,requisicao,"async deleteRulePriority(@Req() requisicao: RequestWithSession, @Param('id') id: string): Promise<void> {",,
apps/api/src/controllers/management-registrations.ts,435,identifier,sessao,const sessao = sessionOf(requisicao);,,
apps/api/src/controllers/management-registrations.ts,449,identifier,requisicao,"@Req() requisicao: RequestWithSession,",,
apps/api/src/controllers/management-registrations.ts,452,identifier,sessao,const sessao = sessionOf(requisicao);,,
apps/api/src/controllers/management-registrations.ts,466,identifier,requisicao,"@Req() requisicao: RequestWithSession,",,
apps/api/src/controllers/management-registrations.ts,469,identifier,sessao,const sessao = sessionOf(requisicao);,,
apps/api/src/controllers/management-registrations.ts,481,identifier,requisicao,"@Req() requisicao: RequestWithSession,",,
apps/api/src/controllers/management-registrations.ts,484,identifier,sessao,const sessao = sessionOf(requisicao);,,
apps/api/src/controllers/management-registrations.ts,492,identifier,pronta,async editarRespostaPronta(,,
apps/api/src/controllers/management-registrations.ts,493,identifier,requisicao,"@Req() requisicao: RequestWithSession,",,
apps/api/src/controllers/management-registrations.ts,497,identifier,sessao,const sessao = sessionOf(requisicao);,,
apps/api/src/controllers/management-registrations.ts,507,identifier,pronta,async excluirRespostaPronta(,,
apps/api/src/controllers/management-registrations.ts,508,identifier,requisicao,"@Req() requisicao: RequestWithSession,",,
apps/api/src/controllers/management-registrations.ts,511,identifier,sessao,const sessao = sessionOf(requisicao);,,
apps/api/src/controllers/management-registrations.ts,523,identifier,requisicao,"@Req() requisicao: RequestWithSession,",,
apps/api/src/controllers/management-registrations.ts,526,identifier,sessao,const sessao = sessionOf(requisicao);,,
apps/api/src/controllers/management-registrations.ts,534,identifier,pausa,async editarMotivoPausa(,,
apps/api/src/controllers/management-registrations.ts,535,identifier,requisicao,"@Req() requisicao: RequestWithSession,",,
apps/api/src/controllers/management-registrations.ts,539,identifier,sessao,const sessao = sessionOf(requisicao);,,
apps/api/src/controllers/management-registrations.ts,549,identifier,pausa,async excluirMotivoPausa(,,
apps/api/src/controllers/management-registrations.ts,550,identifier,requisicao,"@Req() requisicao: RequestWithSession,",,
apps/api/src/controllers/management-registrations.ts,553,identifier,sessao,const sessao = sessionOf(requisicao);,,
apps/api/src/controllers/management-registrations.ts,567,identifier,requisicao,"@Req() requisicao: RequestWithSession,",,
apps/api/src/controllers/management-registrations.ts,569,identifier,campos,"@Body() corpo: { campos?: CamposCrus },",,
apps/api/src/controllers/management-registrations.ts,571,identifier,sessao,const sessao = sessionOf(requisicao);,,
apps/api/src/controllers/management-registrations.ts,575,identifier,campos,const campos = new Campos(corpo?.campos ?? {});,,
apps/api/src/controllers/management-team.ts,15,identifier,equipe,"listarEquipe,",,
apps/api/src/controllers/management-team.ts,38,identifier,requisicao,"@Req() requisicao: RequestWithSession,",,
apps/api/src/controllers/management-team.ts,41,identifier,sessao,const sessao = sessionOf(requisicao);,,
apps/api/src/controllers/management-team.ts,51,identifier,minhas,async minhas(,,
apps/api/src/controllers/management-team.ts,52,identifier,requisicao,"@Req() requisicao: RequestWithSession,",,
apps/api/src/controllers/management-team.ts,55,identifier,sessao,const sessao = sessionOf(requisicao);,,
apps/api/src/controllers/management-team.ts,66,identifier,requisicao,"@Req() requisicao: RequestWithSession,",,
apps/api/src/controllers/management-team.ts,70,identifier,sessao,const sessao = sessionOf(requisicao);,,
apps/api/src/controllers/management-team.ts,80,identifier,requisicao,"@Req() requisicao: RequestWithSession,",,
apps/api/src/controllers/management-team.ts,82,identifier,usuario,"@Param('userId') usuarioId: string,",,
apps/api/src/controllers/management-team.ts,85,identifier,sessao,const sessao = sessionOf(requisicao);,,
apps/api/src/controllers/messages-active.ts,31,identifier,limites,"limites(): Record<string, unknown> {",,
apps/api/src/controllers/messages-active.ts,53,identifier,conversa,"conversa_id: l.conversationId,",,
apps/api/src/controllers/messages-active.ts,54,identifier,contato,"contato_id: l.contactId,",,
apps/api/src/controllers/messages-active.ts,55,identifier,contato,"contato_nome: l.contactName,",,
apps/api/src/controllers/messages-active.ts,58,identifier,entrega,"estado_entrega: l.stateDelivery,",,
apps/api/src/controllers/messages-active.ts,58,identifier,estado,"estado_entrega: l.stateDelivery,",,
apps/api/src/controllers/messages-active.ts,59,identifier,codigo,"erro_codigo: l.errorCode,",,
apps/api/src/controllers/messages-active.ts,59,identifier,erro,"erro_codigo: l.errorCode,",,
apps/api/src/controllers/messages-active.ts,69,identifier,requisicao,"@Req() requisicao: RequestAuthenticated & RequestWithSession,",,
apps/api/src/controllers/messages-active.ts,85,identifier,destinos,const destinos: DestinationOfTrigger[] = (corpo.contacts ?? []).map((c) => ({,,
apps/api/src/controllers/messages-active.ts,86,identifier,contato,"contatoId: c.contactId ?? null,",,
apps/api/src/controllers/messages-active.ts,102,identifier,destinos,"destinos,",,
apps/api/src/controllers/messages-active.ts,109,identifier,recusadas,"recusadas: resultados.filter((r) => !r.enviada).length,",,
apps/api/src/controllers/messages-active.ts,112,identifier,contato,"contato_id: r.contatoId,",,
apps/api/src/controllers/messages-active.ts,113,identifier,enviada,"enviada: r.enviada,",,
apps/api/src/controllers/messages-active.ts,114,identifier,mensagem,"mensagem_id: r.mensagemId ?? null,",,
apps/api/src/controllers/messages-active.ts,115,identifier,conversa,"conversa_id: r.conversationId ?? null,",,
apps/api/src/controllers/my-account.ts,18,identifier,faixas,const FAIXAS_DE_FUNCIONARIOS = [,,
apps/api/src/controllers/my-account.ts,18,identifier,funcionarios,const FAIXAS_DE_FUNCIONARIOS = [,,
apps/api/src/controllers/my-account.ts,25,literal-value,mais,"'mais de 10.000',",,
apps/api/src/controllers/my-account.ts,29,identifier,idiomas,"const IDIOMAS = ['pt-BR', 'en-US', 'es-ES'] as const;",,
apps/api/src/controllers/my-account.ts,34,identifier,fusos,const FUSOS = [,,
apps/api/src/controllers/my-account.ts,35,literal-value,sao,"'America/Sao_Paulo',",,
apps/api/src/controllers/my-account.ts,41,literal-value,campo,"'America/Campo_Grande',",,
apps/api/src/controllers/my-account.ts,41,literal-value,grande,"'America/Campo_Grande',",,
apps/api/src/controllers/my-account.ts,43,literal-value,velho,"'America/Porto_Velho',",,
apps/api/src/controllers/my-account.ts,45,literal-value,branco,"'America/Rio_Branco',",,
apps/api/src/controllers/my-account.ts,60,identifier,optin,optinWhatsapp: boolean;,,
apps/api/src/controllers/my-account.ts,64,identifier,idioma,idioma: string;,,
apps/api/src/controllers/my-account.ts,67,identifier,concluido,onboardingConcluidoEm: string | null;,,
apps/api/src/controllers/my-account.ts,68,identifier,faixas,faixasDeFuncionarios: readonly string[];,,
apps/api/src/controllers/my-account.ts,68,identifier,funcionarios,faixasDeFuncionarios: readonly string[];,,
apps/api/src/controllers/my-account.ts,69,identifier,idiomas,idiomas: readonly string[];,,
apps/api/src/controllers/my-account.ts,70,identifier,fusos,fusos: readonly string[];,,
apps/api/src/controllers/my-account.ts,84,identifier,optin,optin_whatsapp: boolean;,,
apps/api/src/controllers/my-account.ts,85,identifier,idioma,idioma: string;,,
apps/api/src/controllers/my-account.ts,87,identifier,concluido,onboarding_concluido_em: Date | string | null;,,
apps/api/src/controllers/my-account.ts,91,identifier,concluido,const concluido = linha.onboarding_concluido_em;,,
apps/api/src/controllers/my-account.ts,103,identifier,optin,"optinWhatsapp: linha.optin_whatsapp,",,
apps/api/src/controllers/my-account.ts,104,identifier,idioma,"idioma: linha.idioma,",,
apps/api/src/controllers/my-account.ts,106,identifier,concluido,"onboardingConcluidoEm: concluido ? new Date(concluido).toISOString() : null,",,
apps/api/src/controllers/my-account.ts,107,identifier,faixas,"faixasDeFuncionarios: FAIXAS_DE_FUNCIONARIOS,",,
apps/api/src/controllers/my-account.ts,107,identifier,funcionarios,"faixasDeFuncionarios: FAIXAS_DE_FUNCIONARIOS,",,
apps/api/src/controllers/my-account.ts,108,identifier,idiomas,"idiomas: IDIOMAS,",,
apps/api/src/controllers/my-account.ts,109,identifier,fusos,"fusos: FUSOS,",,
apps/api/src/controllers/my-account.ts,131,identifier,codigo,"codigo: string,",,
apps/api/src/controllers/my-account.ts,132,identifier,recado,"recado: string,",,
apps/api/src/controllers/my-account.ts,141,identifier,limite,"function texto(valor: unknown, limite: number): string | null {",,
apps/api/src/controllers/my-account.ts,141,identifier,texto,"function texto(valor: unknown, limite: number): string | null {",,
apps/api/src/controllers/my-account.ts,141,identifier,valor,"function texto(valor: unknown, limite: number): string | null {",,
apps/api/src/controllers/my-account.ts,175,identifier,requisicao,"@Req() requisicao: RequestWithSession,",,
apps/api/src/controllers/my-account.ts,178,identifier,sessao,const sessao = sessionOf(requisicao);,,
apps/api/src/controllers/my-account.ts,181,identifier,funcionarios,"const funcionarios = texto(corpo['funcionarios'], 40);",,
apps/api/src/controllers/my-account.ts,192,identifier,idioma,"const idioma = escolha(corpo['idioma'], IDIOMAS, 'idioma_invalido', 'Idioma não suportado.');",,
apps/api/src/controllers/my-account.ts,226,identifier,minhas,async minhas(@Req() requisicao: RequestWithSession): Promise<AccountInList[]> {,,
apps/api/src/controllers/my-account.ts,226,identifier,requisicao,async minhas(@Req() requisicao: RequestWithSession): Promise<AccountInList[]> {,,
apps/api/src/controllers/my-account.ts,227,identifier,sessao,const sessao = sessionOf(requisicao);,,
apps/api/src/controllers/my-account.ts,235,identifier,concluido,onboarding_concluido_em: Date | string | null;,,
apps/api/src/controllers/my-account.ts,266,identifier,requisicao,"@Req() requisicao: RequestWithSession,",,
apps/api/src/controllers/my-account.ts,270,identifier,sessao,const sessao = sessionOf(requisicao);,,
apps/api/src/controllers/operations.ts,6,identifier,verificar,import { verificarSaude } from '../saude.js';,,
apps/api/src/controllers/operations.ts,26,identifier,interna,export function ehRedeInterna(ip: string | undefined): boolean {,,
apps/api/src/controllers/operations.ts,49,identifier,requisicao,"async metrics(@Req() requisicao: Request, @Res() resposta: Response): Promise<void> {",,
apps/api/src/controllers/rastreador-de-cliques.ts,24,identifier,desde,"function periodOfQuery(desde: string | undefined, ate: string | undefined): PeriodOfCount {",,
apps/api/src/controllers/rastreador-de-cliques.ts,45,identifier,desde,"@Query('desde') desde: string | undefined,",,
apps/api/src/controllers/rastreador-de-cliques.ts,60,identifier,requisicao,"@Req() requisicao: RequestWithSession,",,
apps/api/src/controllers/rastreador-de-cliques.ts,61,identifier,fluxo,"@Param('flowId') fluxoId: string,",,
apps/api/src/controllers/rastreador-de-cliques.ts,64,identifier,sessao,const sessao = sessionOf(requisicao);,,
apps/api/src/controllers/redirect.ts,11,string-literal,codigo,@Get(':codigo'),,
apps/api/src/controllers/redirect.ts,13,identifier,codigo,"@Param('codigo') codigo: string,",,
apps/api/src/controllers/redirect.ts,29,identifier,requisicao,function enderecoDoCliente(requisicao: Request): string {,,
apps/api/src/controllers/sso.ts,18,identifier,codigo,"codigoDaRecusa,",,
apps/api/src/controllers/sso.ts,19,identifier,desafio,"cookieDoDesafio,",,
apps/api/src/controllers/sso.ts,22,identifier,desafio,"lerDesafio,",,
apps/api/src/controllers/sso.ts,22,identifier,ler,"lerDesafio,",,
apps/api/src/controllers/sso.ts,25,identifier,texto,"textoDaQuery,",,
apps/api/src/controllers/sso.ts,34,identifier,ler,"lerConexao,",,
apps/api/src/controllers/sso.ts,35,identifier,testada,"marcarTestada,",,
apps/api/src/controllers/sso.ts,59,identifier,requisicao,"async ver(@Req() requisicao: RequestWithSession): Promise<Record<string, unknown>> {",,
apps/api/src/controllers/sso.ts,60,identifier,sessao,const sessao = sessionOf(requisicao);,,
apps/api/src/controllers/sso.ts,70,identifier,requisicao,"@Req() requisicao: RequestWithSession,",,
apps/api/src/controllers/sso.ts,73,identifier,sessao,const sessao = sessionOf(requisicao);,,
apps/api/src/controllers/sso.ts,85,identifier,requisicao,"@Req() requisicao: RequestWithSession,",,
apps/api/src/controllers/sso.ts,88,identifier,sessao,const sessao = sessionOf(requisicao);,,
apps/api/src/controllers/sso.ts,108,string-literal,testar,@Get('sso/testar'),,
apps/api/src/controllers/sso.ts,110,identifier,testar,"async testar(@Req() request: RequestWithSession, @Res() resposta: Response): Promise<void> {",,
apps/api/src/controllers/sso.ts,120,identifier,desafio,const desafio: ChallengeWithInvitation = {,,
apps/api/src/controllers/sso.ts,135,identifier,requisicao,"async callback(@Req() requisicao: Request, @Res() resposta: Response): Promise<void> {",,
apps/api/src/controllers/sso.ts,137,identifier,desafio,const apagarDesafio = cookieDoDesafio(null);,,
apps/api/src/controllers/sso.ts,138,identifier,desafio,const desafio = lerDesafio(requisicao);,,
apps/api/src/controllers/sso.ts,146,identifier,fluxo,"const fluxo = await connectionForFlow(desafio.tenantId, { requireActive: !desafio.test });",,
apps/api/src/controllers/sso.ts,170,identifier,aviso,aviso: pessoa.emailVerificado,,
apps/api/src/controllers/sso.ts,192,identifier,codigo,const codigo = codigoDaRecusa(error);,,
apps/api/src/controllers/sso.ts,197,identifier,codigo,"resposta.status(200).json({ result: 'falhou', codigo, motivo: message(error) });",,
apps/api/src/controllers/sso.ts,210,identifier,requisicao,"@Req() requisicao: Request,",,
apps/api/src/controllers/sso.ts,216,identifier,fluxo,"const fluxo = await connectionForFlow(tenantId, { requireActive: true });",,
apps/api/src/controllers/sso.ts,218,identifier,desafio,const desafio: ChallengeWithInvitation = {,,
apps/api/src/controllers/sso.ts,226,identifier,erro,} catch (erro) {,,
apps/api/src/controllers/sso.ts,233,identifier,erro,function message(erro: unknown): string {,,
apps/api/src/controllers/sso.ts,247,identifier,para,"function paraJson(conexao: Awaited<ReturnType<typeof lerConexao>>): Record<string, unknown> {",,
apps/api/src/controllers/sso.ts,251,identifier,provedor,"provedor: conexao.provider,",,
apps/api/src/controllers/sso.ts,252,identifier,emissor,"emissor: conexao.issuer,",,
apps/api/src/controllers/sso.ts,254,identifier,estado,"estado: conexao.state,",,
apps/api/src/controllers/sso.ts,255,identifier,politica,"politica: conexao.policy,",,
apps/api/src/controllers/sso.ts,263,identifier,codigo,"function permitido(tenantId: string, userId: string, codigo: string): Promise<void> {",,
apps/api/src/controllers/sso.ts,263,identifier,permitido,"function permitido(tenantId: string, userId: string, codigo: string): Promise<void> {",,
apps/api/src/controllers/webhooks-instagram.ts,8,identifier,assinatura,import { assinaturaConfere } from './webhooks-whatsapp.js';,,
apps/api/src/controllers/webhooks-instagram.ts,16,string-literal,canal,@Get(':canalId'),,
apps/api/src/controllers/webhooks-instagram.ts,17,identifier,verificar,async verificar(,,
apps/api/src/controllers/webhooks-instagram.ts,21,identifier,desafio,"@Query('hub.challenge') desafio: string | undefined,",,
apps/api/src/controllers/webhooks-instagram.ts,32,string-literal,canal,@Post(':canalId'),,
apps/api/src/controllers/webhooks-instagram.ts,34,identifier,receber,async receber(,,
apps/api/src/controllers/webhooks-instagram.ts,35,identifier,canal,"@Param('canalId') canalId: string,",,
apps/api/src/controllers/webhooks-instagram.ts,38,identifier,canal,const canal = await channelOfInstagram(canalId);,,
apps/api/src/controllers/webhooks-instagram.ts,61,identifier,canal,async function channelOfInstagram(canalId: string): Promise<ChannelResolved> {,,
apps/api/src/controllers/webhooks-instagram.ts,62,identifier,canal,const canal = /^[0-9a-f-]{36}$/i.test(canalId) ? await resolveChannel(canalId) : null;,,
apps/api/src/controllers/webhooks-messenger.ts,2,identifier,assinatura,import { secretChecks } from '@pipe/db'; import type { Response } from 'express'; import { resolveChannel } from '../dat,,
apps/api/src/controllers/webhooks-messenger.ts,4,identifier,desafio,"@Get(':canalId') async verificar(@Param('canalId') id:string,@Query('hub.mode') modo:string|undefined,@Query('hub.verify",,
apps/api/src/controllers/webhooks-messenger.ts,4,identifier,verificar,"@Get(':canalId') async verificar(@Param('canalId') id:string,@Query('hub.mode') modo:string|undefined,@Query('hub.verify",,
apps/api/src/controllers/webhooks-messenger.ts,4,string-literal,canal,"@Get(':canalId') async verificar(@Param('canalId') id:string,@Query('hub.mode') modo:string|undefined,@Query('hub.verify",,
apps/api/src/controllers/webhooks-messenger.ts,5,identifier,receber,"@Post(':canalId') @HttpCode(200) async receber(@Param('canalId') id:string,@Req() r:RequestWithBodyRaw):Promise<{recebid",,
apps/api/src/controllers/webhooks-messenger.ts,5,string-literal,canal,"@Post(':canalId') @HttpCode(200) async receber(@Param('canalId') id:string,@Req() r:RequestWithBodyRaw):Promise<{recebid",,
apps/api/src/controllers/webhooks-whatsapp.ts,9,identifier,cru,export type RequestWithBodyRaw = Request & { corpoCru?: Buffer };,,
apps/api/src/controllers/webhooks-whatsapp.ts,17,string-literal,canal,@Get(':canalId'),,
apps/api/src/controllers/webhooks-whatsapp.ts,18,identifier,verificar,async verificar(,,
apps/api/src/controllers/webhooks-whatsapp.ts,22,identifier,desafio,"@Query('hub.challenge') desafio: string | undefined,",,
apps/api/src/controllers/webhooks-whatsapp.ts,25,identifier,canal,const canal = await resolveChannel(channelId);,,
apps/api/src/controllers/webhooks-whatsapp.ts,36,string-literal,canal,@Post(':canalId'),,
apps/api/src/controllers/webhooks-whatsapp.ts,38,identifier,receber,async receber(,,
apps/api/src/controllers/webhooks-whatsapp.ts,39,identifier,canal,"@Param('canalId') canalId: string,",,
apps/api/src/controllers/webhooks-whatsapp.ts,40,identifier,requisicao,"@Req() requisicao: RequestWithBodyRaw,",,
apps/api/src/controllers/webhooks-whatsapp.ts,42,identifier,canal,const canal = await resolveChannel(canalId);,,
apps/api/src/controllers/webhooks-whatsapp.ts,46,identifier,segredo,const segredo = String(canal.config['appSecret'] ?? process.env['WHATSAPP_APP_SECRET'] ?? '');,,
apps/api/src/controllers/webhooks-whatsapp.ts,79,identifier,desafio,"@Query('hub.challenge') desafio: string | undefined,",,
apps/api/src/controllers/webhooks-whatsapp.ts,131,identifier,entradas,export function identificarEntradas(corpo: unknown): InboundIdentified[] {,,
apps/api/src/controllers/webhooks-whatsapp.ts,135,identifier,entrada,return raiz.entry.map((entrada) => {,,
apps/api/src/controllers/webhooks-whatsapp.ts,151,identifier,assinatura,export function assinaturaConfere(,,
apps/api/src/controllers/webhooks-whatsapp.ts,154,identifier,cabecalho,"cabecalho: string | undefined,",,
apps/api/src/controllers/webhooks-whatsapp.ts,162,identifier,igual,"function igual(a: string, b: string): boolean {",,
apps/api/src/database.ts,2,identifier,com,"import { createDatabase, comTenant, keyringOfEnvironment, decifrarConfig } from '@pipe/db';",,
apps/api/src/database.ts,56,identifier,canal,export async function resolveChannel(canalId: string): Promise<ChannelResolved | null> {,,
apps/api/src/database.ts,64,identifier,ativo,ativo: boolean;,,
apps/api/src/database.ts,97,identifier,ativo,ativo: boolean;,,
apps/api/src/database.ts,99,sql-name,desc,}>(sql`,,
apps/api/src/errors.ts,9,identifier,codigo,readonly codigo: string;,,
apps/api/src/errors.ts,15,identifier,codigo,"codigo: string,",,
apps/api/src/errors.ts,26,identifier,codigo,"static request(codigo: string, mensagem: string, detalhe?: Record<string, unknown>): PipeError {",,
apps/api/src/errors.ts,26,identifier,mensagem,"static request(codigo: string, mensagem: string, detalhe?: Record<string, unknown>): PipeError {",,
apps/api/src/errors.ts,30,identifier,autorizado,static naoAutorizado(mensagem = 'Chave de API ausente ou inválida.'): PipeError {,,
apps/api/src/errors.ts,30,identifier,mensagem,static naoAutorizado(mensagem = 'Chave de API ausente ou inválida.'): PipeError {,,
apps/api/src/errors.ts,30,identifier,nao,static naoAutorizado(mensagem = 'Chave de API ausente ou inválida.'): PipeError {,,
apps/api/src/errors.ts,39,identifier,codigo,static withoutPermission(codigo: string): PipeError {,,
apps/api/src/errors.ts,45,identifier,encontrado,static naoEncontrado(oQue: string): PipeError {,,
apps/api/src/errors.ts,45,identifier,nao,static naoEncontrado(oQue: string): PipeError {,,
apps/api/src/errors.ts,49,identifier,codigo,"static conflito(codigo: string, mensagem: string, detalhe?: Record<string, unknown>): PipeError {",,
apps/api/src/errors.ts,49,identifier,mensagem,"static conflito(codigo: string, mensagem: string, detalhe?: Record<string, unknown>): PipeError {",,
apps/api/src/eventos-ws.ts,1,path,eventos,apps/api/src/eventos-ws.ts,,
apps/api/src/eventos-ws.ts,5,identifier,origens,"import { hashDoToken, origemPermitida, origensPermitidas, readTenantHostConfig, resolveSession } from '@pipe/authenticat",,
apps/api/src/eventos-ws.ts,7,identifier,evento,"import type { Assunto, EventoDoServidor, Subscription, QuadroDeControle } from '@pipe/contracts';",,
apps/api/src/eventos-ws.ts,7,identifier,quadro,"import type { Assunto, EventoDoServidor, Subscription, QuadroDeControle } from '@pipe/contracts';",,
apps/api/src/eventos-ws.ts,9,identifier,ler,"import { lerCookie, SESSION_COOKIE_NAME } from './session.js';",,
apps/api/src/eventos-ws.ts,19,identifier,intervalo,const INTERVALO_PING_MS = Number(process.env['PIPE_WS_PING_MS'] ?? 15_000);,,
apps/api/src/eventos-ws.ts,25,identifier,sem,const MAX_PINGS_SEM_RESPOSTA = Number(process.env['PIPE_WS_MAX_PINGS'] ?? 1);,,
apps/api/src/eventos-ws.ts,49,identifier,cabeca,"const toUp = (request: IncomingMessage, socket: Duplex, cabeca: Buffer): void => {",,
apps/api/src/eventos-ws.ts,96,identifier,sem,let semResposta = 0;,,
apps/api/src/eventos-ws.ts,113,identifier,pronto,const pronto = new Promise<void>((resolve) => {,,
apps/api/src/eventos-ws.ts,117,identifier,cru,"ws.on('message', (cru) => {",,
apps/api/src/eventos-ws.ts,118,identifier,pedido,let pedido: Subscription;,,
apps/api/src/eventos-ws.ts,147,identifier,evento,"entregar: (evento) => enviar(ws, evento),",,
apps/api/src/import-flow.ts,13,identifier,arquivo,"arquivo: { type: 'string' },",,
apps/api/src/import-flow.ts,15,identifier,canal,"canal: { type: 'string' },",,
apps/api/src/import-flow.ts,48,identifier,relatorio,"console.log(JSON.stringify({ relatorio: importReport(flow), validation }, null, 2));",,
apps/api/src/import-flow.ts,51,identifier,resultado,"const resultado = await noTenant(tenantId, (tx) =>",,
apps/api/src/main.ts,6,identifier,sinal,"for (const sinal of ['SIGINT', 'SIGTERM'] as const) {",,
apps/api/src/metrics.ts,34,identifier,contador,interface Contador {,,
apps/api/src/metrics.ts,45,identifier,soma,soma: number;,,
apps/api/src/metrics.ts,75,identifier,valor,"export function watch(nome: string, rotulos: Rotulos, valor: number): void {",,
apps/api/src/metrics.ts,79,identifier,soma,"histograma = { name: nome, rotulos, baldes: BALDES_SEGUNDOS.map(() => 0), soma: 0, count: 0 };",,
apps/api/src/metrics.ts,94,identifier,requisicao,"requisicao: Request,",,
apps/api/src/metrics.ts,122,identifier,valor,"function serie(nome: string, rotulos: Rotulos, valor: number): string {",,
apps/api/src/metrics.ts,123,identifier,pares,"const pares = Object.entries(rotulos).map(([k, v]) => `${k}=""${escapar(v)}""`);",,
apps/api/src/metrics.ts,127,identifier,cabecalho,"function cabecalho(nome: string, tipo: string): string {",,
apps/api/src/metrics.ts,134,identifier,texto,let texto = '';,,
apps/api/src/metrics.ts,139,identifier,fila,"for (const f of queues) texto += serie('pipe_queue_depth', { fila: f.queue }, f.depth);",,
apps/api/src/metrics.ts,142,identifier,fila,"texto += serie('pipe_queue_oldest_item_age_seconds', { fila: f.queue }, f.ageSeconds);",,
apps/api/src/metrics.ts,156,identifier,texto,let texto = '';,,
apps/api/src/pagination.ts,9,identifier,limite,export const LIMITE_PADRAO = 50;,,
apps/api/src/pagination.ts,9,identifier,padrao,export const LIMITE_PADRAO = 50;,,
apps/api/src/pagination.ts,10,identifier,limite,export const LIMITE_TETO = 100;,,
apps/api/src/pagination.ts,28,identifier,bruto,export function lerLimite(bruto: unknown): number {,,
apps/api/src/pagination.ts,28,identifier,ler,export function lerLimite(bruto: unknown): number {,,
apps/api/src/pagination.ts,28,identifier,limite,export function lerLimite(bruto: unknown): number {,,
apps/api/src/pagination.ts,42,identifier,bruto,export function lerCursor(bruto: unknown): Cursor | null {,,
apps/api/src/pagination.ts,42,identifier,ler,export function lerCursor(bruto: unknown): Cursor | null {,,
apps/api/src/pagination.ts,53,literal-value,asc,export type Direction = 'asc' | 'desc';,,
apps/api/src/pagination.ts,53,literal-value,desc,export type Direction = 'asc' | 'desc';,,
apps/api/src/pagination.ts,56,identifier,campo,campo: string;,,
apps/api/src/pagination.ts,64,identifier,bruto,"bruto: unknown,",,
apps/api/src/pagination.ts,66,identifier,padrao,"padrao: Sorting,",,
apps/api/src/pagination.ts,69,identifier,texto,const texto = String(bruto).trim();,,
apps/api/src/pagination.ts,77,identifier,campo,"return { campo: casado[1], direction: (casado[2]?.toLowerCase() as Direction) ?? 'desc' };",,
apps/api/src/pagination.ts,86,identifier,direcao,"direcao: Direction,",,
apps/api/src/pagination.ts,95,identifier,coluna,"export function orderSql(expressao: string, direction: Direction, colunaId = 'id'): SQL {",,
apps/api/src/pagination.ts,104,identifier,limite,"limite: number,",,
apps/api/src/pagination.ts,107,identifier,mais,const temMais = linhas.length > limite;,,
apps/api/src/provision.ts,6,identifier,limites,"import { LIMITES_DO_PLANO, PLANOS } from '@pipe/db/schema';",,
apps/api/src/provision.ts,6,identifier,plano,"import { LIMITES_DO_PLANO, PLANOS } from '@pipe/db/schema';",,
apps/api/src/provision.ts,7,identifier,plano,import type { Plano } from '@pipe/db/schema';,,
apps/api/src/provision.ts,21,identifier,padrao,const MOTIVOS_PAUSA_PADRAO = [,,
apps/api/src/provision.ts,21,identifier,pausa,const MOTIVOS_PAUSA_PADRAO = [,,
apps/api/src/provision.ts,22,identifier,como,"{ nome: 'Almoço', duracaoSugeridaMin: 60, contaComoProdutivo: false },",,
apps/api/src/provision.ts,22,identifier,conta,"{ nome: 'Almoço', duracaoSugeridaMin: 60, contaComoProdutivo: false },",,
apps/api/src/provision.ts,22,identifier,duracao,"{ nome: 'Almoço', duracaoSugeridaMin: 60, contaComoProdutivo: false },",,
apps/api/src/provision.ts,22,identifier,produtivo,"{ nome: 'Almoço', duracaoSugeridaMin: 60, contaComoProdutivo: false },",,
apps/api/src/provision.ts,22,identifier,sugerida,"{ nome: 'Almoço', duracaoSugeridaMin: 60, contaComoProdutivo: false },",,
apps/api/src/provision.ts,23,identifier,como,"{ nome: 'Intervalo', duracaoSugeridaMin: 15, contaComoProdutivo: false },",,
apps/api/src/provision.ts,23,identifier,conta,"{ nome: 'Intervalo', duracaoSugeridaMin: 15, contaComoProdutivo: false },",,
apps/api/src/provision.ts,23,identifier,duracao,"{ nome: 'Intervalo', duracaoSugeridaMin: 15, contaComoProdutivo: false },",,
apps/api/src/provision.ts,23,identifier,produtivo,"{ nome: 'Intervalo', duracaoSugeridaMin: 15, contaComoProdutivo: false },",,
apps/api/src/provision.ts,23,identifier,sugerida,"{ nome: 'Intervalo', duracaoSugeridaMin: 15, contaComoProdutivo: false },",,
apps/api/src/provision.ts,23,literal-value,intervalo,"{ nome: 'Intervalo', duracaoSugeridaMin: 15, contaComoProdutivo: false },",,
apps/api/src/provision.ts,24,identifier,como,"{ nome: 'Banheiro', duracaoSugeridaMin: 5, contaComoProdutivo: false },",,
apps/api/src/provision.ts,24,identifier,conta,"{ nome: 'Banheiro', duracaoSugeridaMin: 5, contaComoProdutivo: false },",,
apps/api/src/provision.ts,24,identifier,duracao,"{ nome: 'Banheiro', duracaoSugeridaMin: 5, contaComoProdutivo: false },",,
apps/api/src/provision.ts,24,identifier,produtivo,"{ nome: 'Banheiro', duracaoSugeridaMin: 5, contaComoProdutivo: false },",,
apps/api/src/provision.ts,24,identifier,sugerida,"{ nome: 'Banheiro', duracaoSugeridaMin: 5, contaComoProdutivo: false },",,
apps/api/src/provision.ts,24,literal-value,banheiro,"{ nome: 'Banheiro', duracaoSugeridaMin: 5, contaComoProdutivo: false },",,
apps/api/src/provision.ts,25,identifier,como,"{ nome: 'Reunião', duracaoSugeridaMin: 30, contaComoProdutivo: true },",,
apps/api/src/provision.ts,25,identifier,conta,"{ nome: 'Reunião', duracaoSugeridaMin: 30, contaComoProdutivo: true },",,
apps/api/src/provision.ts,25,identifier,duracao,"{ nome: 'Reunião', duracaoSugeridaMin: 30, contaComoProdutivo: true },",,
apps/api/src/provision.ts,25,identifier,produtivo,"{ nome: 'Reunião', duracaoSugeridaMin: 30, contaComoProdutivo: true },",,
apps/api/src/provision.ts,25,identifier,sugerida,"{ nome: 'Reunião', duracaoSugeridaMin: 30, contaComoProdutivo: true },",,
apps/api/src/provision.ts,26,identifier,como,"{ nome: 'Treinamento', duracaoSugeridaMin: 60, contaComoProdutivo: true },",,
apps/api/src/provision.ts,26,identifier,conta,"{ nome: 'Treinamento', duracaoSugeridaMin: 60, contaComoProdutivo: true },",,
apps/api/src/provision.ts,26,identifier,duracao,"{ nome: 'Treinamento', duracaoSugeridaMin: 60, contaComoProdutivo: true },",,
apps/api/src/provision.ts,26,identifier,produtivo,"{ nome: 'Treinamento', duracaoSugeridaMin: 60, contaComoProdutivo: true },",,
apps/api/src/provision.ts,26,identifier,sugerida,"{ nome: 'Treinamento', duracaoSugeridaMin: 60, contaComoProdutivo: true },",,
apps/api/src/provision.ts,26,literal-value,treinamento,"{ nome: 'Treinamento', duracaoSugeridaMin: 60, contaComoProdutivo: true },",,
apps/api/src/provision.ts,39,identifier,verificar,verificar?: boolean | undefined;,,
apps/api/src/provision.ts,48,identifier,provisionado,export interface ClienteProvisionado {,,
apps/api/src/provision.ts,57,identifier,pausa,motivosDePausa: number;,,
apps/api/src/provision.ts,62,identifier,verificado,verificado: boolean;,,
apps/api/src/provision.ts,68,identifier,pedido,"pedido: RequestOfProvisioning,",,
apps/api/src/provision.ts,93,identifier,plano,const plano = pedido.plan as Plano;,,
apps/api/src/provision.ts,117,identifier,semeado,"const semeado = await seed(dono, { name: nome, slug });",,
apps/api/src/provision.ts,144,literal-value,administrador,await tx.execute(sql`,,
apps/api/src/provision.ts,155,identifier,verificado,let verificado = domain ? domain.verificadoEm !== null : false;,,
apps/api/src/provision.ts,170,identifier,pausa,"motivosDePausa: MOTIVOS_PAUSA_PADRAO.length,",,
apps/api/src/provision.ts,172,identifier,verificado,"? { id: domain.id, domain: domain.domain, verificado, registro: domain.registro }",,
apps/api/src/provision.ts,181,identifier,limites,const limites = LIMITES_DO_PLANO[cliente.plan];,,
apps/api/src/provision.ts,241,identifier,plano,"plano: { type: 'string', default: 'essencial' },",,
apps/api/src/provision.ts,243,identifier,dominio,"dominio: { type: 'string' },",,
apps/api/src/provision.ts,244,identifier,verificar,"verificar: { type: 'boolean', default: false },",,
apps/api/src/provision.ts,249,identifier,campo,"const faltando = (['nome', 'slug', 'admin'] as const).filter((campo) => !values[campo]);",,
apps/api/src/provision.ts,249,identifier,faltando,"const faltando = (['nome', 'slug', 'admin'] as const).filter((campo) => !values[campo]);",,
apps/api/src/provision.ts,263,identifier,verificar,"verificar: values.verificar,",,
apps/api/src/queues.ts,23,identifier,sem,"import { SEM_CRM, syncDictionary, tenantsOfDictionary } from './domain/dictionary-crm.js';",,
apps/api/src/queues.ts,50,identifier,consumidor,let consumidorProcessHttp: Worker<JobProcessHttp> | null = null;,,
apps/api/src/queues.ts,67,identifier,canal,const canal = await resolveChannel(channelId);,,
apps/api/src/queues.ts,72,string-literal,entrada,"await queueInbound.add('entrada', { channelId, payload }, { removeOnComplete: 1_000 });",,
apps/api/src/queues.ts,77,identifier,continuar,const continuar = (ids: string[]) => {,,
apps/api/src/queues.ts,85,string-literal,chamar,"await queueProcessHttp.add('chamar', job, {",,
apps/api/src/queues.ts,92,identifier,consumir,export function consumirProcessHttp(): void {,,
apps/api/src/queues.ts,113,identifier,rodando,let rodando = false;,,
apps/api/src/queues.ts,146,identifier,limite,const limiteMs = Number(process.env['PIPE_PROCESS_HTTP_TIMEOUT_MS'] ?? 120_000);,,
apps/api/src/queues.ts,158,string-literal,entrega,"await queueDelivery.add('entrega', job, { removeOnComplete: 1_000 });",,
apps/api/src/queues.ts,234,identifier,erro,} catch (erro) {,,
apps/api/src/queues.ts,255,identifier,dados,const dados = job.data as JobMedia;,,
apps/api/src/queues.ts,274,identifier,rodando,let rodando = false;,,
apps/api/src/queues.ts,281,identifier,erro,} catch (erro) {,,
apps/api/src/queues.ts,312,identifier,erro,} catch (erro) {,,
apps/api/src/queues.ts,317,identifier,consumidor,let consumidorSla: Worker | null = null;,,
apps/api/src/queues.ts,333,identifier,dados,const dados = job.data as JobSla;,,
apps/api/src/queues.ts,351,identifier,rodando,let rodando = false;,,
apps/api/src/queues.ts,360,identifier,erro,} catch (erro) {,,
apps/api/src/queues.ts,405,identifier,com,"const { comCrm, semCrm } = await tenantsOfDictionary();",,
apps/api/src/queues.ts,405,identifier,sem,"const { comCrm, semCrm } = await tenantsOfDictionary();",,
apps/api/src/queues.ts,420,identifier,erro,"consumerDictionaryCrm.on('failed', (job, erro) => {",,
apps/api/src/queues.ts,441,identifier,consumidor,let consumidorInstagramToken: Worker | null = null;,,
apps/api/src/queues.ts,501,identifier,agora,const agora = Date.now();,,
apps/api/src/queues.ts,502,identifier,alvos,"const alvos: [string, Queue][] = [",,
apps/api/src/queues.ts,517,identifier,esperando,"const [esperando, adiados, maisVelho] = await Promise.all([",,
apps/api/src/queues.ts,517,identifier,mais,"const [esperando, adiados, maisVelho] = await Promise.all([",,
apps/api/src/queues.ts,517,identifier,velho,"const [esperando, adiados, maisVelho] = await Promise.all([",,
apps/api/src/queues.ts,589,string-literal,importar,"await queueImport.add('importar', job, { removeOnComplete: 1_000, removeOnFail: 1_000 });",,
apps/api/src/realtime.ts,3,identifier,evento,"import type { Assunto, EventoDoServidor } from '@pipe/contracts';",,
apps/api/src/realtime.ts,10,identifier,evento,export interface EventoPublicado extends EventoDoServidor {,,
apps/api/src/realtime.ts,19,identifier,evento,entregar: (evento: EventoDoServidor) => void;,,
apps/api/src/realtime.ts,45,identifier,evento,let evento: EventoPublicado;,,
apps/api/src/realtime.ts,57,identifier,evento,"function entregarNoProcesso(tenantId: string, evento: EventoPublicado): void {",,
apps/api/src/realtime.ts,58,identifier,conexoes,const conexoes = byTenant.get(tenantId);,,
apps/api/src/realtime.ts,78,identifier,evento,"export async function publicar(tenantId: string, evento: EventoPublicado): Promise<void> {",,
apps/api/src/realtime.ts,87,identifier,evento,"export function evento(assunto: Assunto, id?: string, userId?: string): EventoPublicado {",,
apps/api/src/saude.ts,15,identifier,versao,export const VERSAO = process.env['PIPE_VERSAO'] ?? '0.1.0';,,
apps/api/src/saude.ts,48,identifier,verificar,export async function verificarSaude(): Promise<Saude> {,,
apps/api/src/saude.ts,64,identifier,cru,"const cru = await readFile(path.join(PASTA_MIGRATIONS, 'meta', '_journal.json'), 'utf8');",,
apps/api/src/saude.ts,65,identifier,diario,const diario = JSON.parse(cru) as { entries?: unknown[] };,,
apps/api/src/servidor.ts,7,identifier,origens,"import { origemPermitida, origensPermitidas } from '@pipe/authentication';",,
apps/api/src/servidor.ts,26,identifier,consumir,"consumirProcessHttp,",,
apps/api/src/servidor.ts,107,identifier,cru,(request as Request & { corpoCru?: Buffer }).corpoCru = Buffer.from(corpo);,,
apps/api/src/servidor.ts,123,identifier,porta,export async function upApi(porta = Number(process.env['PORT'] ?? 3000)): Promise<ApiNoAr> {,,
apps/api/src/session.ts,39,identifier,requisicao,export function sessionOf(requisicao: RequestWithSession): SessionActive {,,
apps/api/src/session.ts,51,identifier,cabecalho,"export function lerCookie(cabecalho: string | undefined, nome: string): string | undefined {",,
apps/api/src/session.ts,51,identifier,ler,"export function lerCookie(cabecalho: string | undefined, nome: string): string | undefined {",,
apps/api/src/session.ts,58,identifier,cabecalho,"export function lerCookies(cabecalho: string | undefined, nome: string): string[] {",,
apps/api/src/session.ts,58,identifier,ler,"export function lerCookies(cabecalho: string | undefined, nome: string): string[] {",,
apps/api/src/session.ts,62,identifier,igual,const igual = parte.indexOf('=');,,
apps/api/src/session.ts,70,identifier,requisicao,export function tokenOfSession(requisicao: Request): string | undefined {,,
apps/api/src/session.ts,80,identifier,codigo,"codigo: string,",,
apps/api/src/session.ts,113,identifier,qualquer,const qualquer = this.reflector.getAllAndOverride<boolean | undefined>(,,
apps/api/src/webhooks-saida.ts,1,path,saida,apps/api/src/webhooks-saida.ts,,
apps/api/src/webhooks-saida.ts,3,identifier,cifrado,"import { decifrar, estaCifrado } from '@pipe/db';",,
apps/api/src/webhooks-saida.ts,3,identifier,esta,"import { decifrar, estaCifrado } from '@pipe/db';",,
apps/api/src/webhooks-saida.ts,7,identifier,chamar,import { chamarComMtls } from './domain/mtls.js';,,
apps/api/src/webhooks-saida.ts,7,identifier,com,import { chamarComMtls } from './domain/mtls.js';,,
apps/api/src/webhooks-saida.ts,7,identifier,mtls,import { chamarComMtls } from './domain/mtls.js';,,
apps/api/src/webhooks-saida.ts,19,identifier,eventos,export const EVENTOS = [,,
apps/api/src/webhooks-saida.ts,34,identifier,evento,export type EventoWebhook = (typeof EVENTOS)[number];,,
apps/api/src/webhooks-saida.ts,36,identifier,tentativas,export const MAX_TENTATIVAS_WEBHOOK = Number(process.env['PIPE_WEBHOOK_MAX_TENTATIVAS'] ?? 5);,,
apps/api/src/webhooks-saida.ts,51,identifier,cabecalhos,export const CABECALHOS_RESERVADOS = [,,
apps/api/src/webhooks-saida.ts,59,identifier,cabecalho,export interface CabecalhoCustomizado {,,
apps/api/src/webhooks-saida.ts,68,identifier,senha,senha?: string | null;,,
apps/api/src/webhooks-saida.ts,114,identifier,cabecalhos,export function cabecalhosDeSaida(params: {,,
apps/api/src/webhooks-saida.ts,114,identifier,saida,export function cabecalhosDeSaida(params: {,,
apps/api/src/webhooks-saida.ts,121,identifier,cabecalhos,"const cabecalhos: Record<string, string> = {};",,
apps/api/src/webhooks-saida.ts,144,identifier,evento,"evento: EventoWebhook,",,
apps/api/src/webhooks-saida.ts,182,identifier,tentativas,tentativas: number;,,
apps/api/src/webhooks-saida.ts,189,identifier,cabecalhos,cabecalhos: CabecalhoCustomizado[] | null;,,
apps/api/src/webhooks-saida.ts,236,identifier,tentativas,const tentativas = linha.tentativas + 1;,,
apps/api/src/webhooks-saida.ts,240,identifier,cabecalhos,const cabecalhos = cabecalhosDeSaida({,,
apps/api/src/webhooks-saida.ts,250,identifier,senha,"senha: decryptSecretOfWebhook(linha.authenticationPassword),",,
apps/api/src/webhooks-saida.ts,302,identifier,plano,export function drenarEmSegundoPlano(tenantId: string): void {,,
apps/bridge/src/actions.ts,17,identifier,assumir,"export async function assumir(session: Session, conversationId: string): Promise<void> {",,
apps/bridge/src/actions.ts,25,identifier,assumir,export async function assumirProximo(session: Session): Promise<string | null> {,,
apps/bridge/src/actions.ts,27,literal-value,fila,const { rows } = await tx.execute<{ id: string }>(sql`,,
apps/bridge/src/actions.ts,52,literal-value,atendimento,const { rows } = await tx.execute<{ id: string }>(sql`,,
apps/bridge/src/actions.ts,52,literal-value,fila,const { rows } = await tx.execute<{ id: string }>(sql`,,
apps/bridge/src/actions.ts,52,sql-name,desc,const { rows } = await tx.execute<{ id: string }>(sql`,,
apps/bridge/src/actions.ts,67,identifier,texto,"texto: string,",,
apps/bridge/src/actions.ts,73,identifier,texto,"texto,",,
apps/bridge/src/actions.ts,102,identifier,nomes,"nomes: string[] = [],",,
apps/bridge/src/actions.ts,104,identifier,etiqueta,"const etiquetaId = await noTenant(session.tenantId, async (tx) => {",,
apps/bridge/src/actions.ts,113,literal-value,conversa,"sql`select id from etiqueta where escopo = 'conversa' order by criado_em limit 1`,",,
apps/bridge/src/actions.ts,117,literal-value,conversa,const { rows: criada } = await tx.execute<{ id: string }>(sql`,,
apps/bridge/src/actions.ts,125,identifier,etiqueta,"await closeConversation(ator(session, true), { conversationId, etiquetaIds: [etiquetaId] });",,
apps/bridge/src/builder.ts,28,literal-value,arquivado,const { rows } = await tx.execute<{ id: string }>(sql`,,
apps/bridge/src/builder.ts,28,literal-value,fluxo,const { rows } = await tx.execute<{ id: string }>(sql`,,
apps/bridge/src/builder.ts,40,literal-value,arquivado,const { rows: existentes } = await tx.execute<{ id: string }>(sql`,,
apps/bridge/src/builder.ts,40,literal-value,fluxo,const { rows: existentes } = await tx.execute<{ id: string }>(sql`,,
apps/bridge/src/builder.ts,47,identifier,criados,const { rows: criados } = await tx.execute<{ id: string }>(sql`,,
apps/bridge/src/builder.ts,47,literal-value,fluxo,const { rows: criados } = await tx.execute<{ id: string }>(sql`,,
apps/bridge/src/builder.ts,77,identifier,versao,versaoId: string;,,
apps/bridge/src/builder.ts,78,identifier,versao,versao: number;,,
apps/bridge/src/builder.ts,80,identifier,nao,"naoSuportado: Record<string, number>;",,
apps/bridge/src/builder.ts,80,identifier,suportado,"naoSuportado: Record<string, number>;",,
apps/bridge/src/builder.ts,97,identifier,fluxo,"fluxo: mapa,",,
apps/bridge/src/builder.ts,98,identifier,globais,"globais: global ?? {},",,
apps/bridge/src/builder.ts,104,identifier,versao,"versaoId: rascunho.versao.id,",,
apps/bridge/src/builder.ts,105,identifier,versao,"versao: rascunho.versao.versao,",,
apps/bridge/src/builder.ts,107,identifier,nao,"naoSuportado: rascunho.naoSuportado,",,
apps/bridge/src/builder.ts,107,identifier,suportado,"naoSuportado: rascunho.naoSuportado,",,
apps/bridge/src/builder.ts,111,identifier,publicada,"const publicada = await publicarRascunho(tx, session.tenantId, session.userId, flowId);",,
apps/bridge/src/builder.ts,113,identifier,versao,"versaoId: publicada.versao.id,",,
apps/bridge/src/builder.ts,114,identifier,versao,"versao: publicada.versao.versao,",,
apps/bridge/src/builder.ts,116,identifier,nao,"naoSuportado: rascunho.naoSuportado,",,
apps/bridge/src/builder.ts,116,identifier,suportado,"naoSuportado: rascunho.naoSuportado,",,
apps/bridge/src/database.ts,1,identifier,com,"import { createDatabase, comTenant, closeDatabase as fecharPool } from '@pipe/db';",,
apps/bridge/src/lime.ts,1,path,lime,apps/bridge/src/lime.ts,,
apps/bridge/src/lime.ts,10,identifier,lime,export interface ComandoLime {,,
apps/bridge/src/lime.ts,12,literal-value,merge,method: 'get' | 'set' | 'merge' | 'delete' | 'subscribe' | 'unsubscribe' | 'observe';,,
apps/bridge/src/lime.ts,12,literal-value,observe,method: 'get' | 'set' | 'merge' | 'delete' | 'subscribe' | 'unsubscribe' | 'observe';,,
apps/bridge/src/lime.ts,12,literal-value,subscribe,method: 'get' | 'set' | 'merge' | 'delete' | 'subscribe' | 'unsubscribe' | 'observe';,,
apps/bridge/src/lime.ts,12,literal-value,unsubscribe,method: 'get' | 'set' | 'merge' | 'delete' | 'subscribe' | 'unsubscribe' | 'observe';,,
apps/bridge/src/lime.ts,14,identifier,uri,uri: string;,,
apps/bridge/src/lime.ts,19,identifier,lime,export interface RespostaLime {,,
apps/bridge/src/lime.ts,51,identifier,ausente,export function ausente(): RespostaLime {,,
apps/bridge/src/lime.ts,55,identifier,codigo,"export function falha(codigo: number, description: string): RespostaLime {",,
apps/bridge/src/lime.ts,60,identifier,uri,export function partirUri(uri: string): { caminho: string; query: URLSearchParams } {,,
apps/bridge/src/lime.ts,61,identifier,sem,"const semEsquema = String(uri ?? '').replace(/^lime:\/\/[^/]*/, '');",,
apps/bridge/src/lime.ts,62,identifier,corte,const corte = semEsquema.indexOf('?');,,
apps/bridge/src/main.ts,6,identifier,sinal,"for (const sinal of ['SIGINT', 'SIGTERM'] as const) {",,
apps/bridge/src/rotas.ts,3,identifier,ausente,"import { ausente, collection, falha, ok, partirUri, TYPE_DOCUMENT, TIPO_TICKET } from './lime.js';",,
apps/bridge/src/rotas.ts,3,identifier,uri,"import { ausente, collection, falha, ok, partirUri, TYPE_DOCUMENT, TIPO_TICKET } from './lime.js';",,
apps/bridge/src/rotas.ts,4,identifier,lime,"import type { ComandoLime, RespostaLime } from './lime.js';",,
apps/bridge/src/rotas.ts,5,identifier,como,"import { asAccount, asDocuments, comoTicket, comoTime } from './translation.js';",,
apps/bridge/src/rotas.ts,9,identifier,assumir,"assumirProximo,",,
apps/bridge/src/rotas.ts,31,identifier,cmd,cmd: ComandoLime;,,
apps/bridge/src/rotas.ts,39,identifier,colunas,const COLUNAS = `,,
apps/bridge/src/rotas.ts,63,identifier,limite,"async function conversationsOpen(session: Session, limite = 100): Promise<ConversationRow[]> {",,
apps/bridge/src/rotas.ts,65,sql-name,desc,const { rows } = await tx.execute<ConversationRow>(sql`,,
apps/bridge/src/rotas.ts,79,identifier,agora,const ROTA_AGORA = new RegExp('^[/]now');,,
apps/bridge/src/rotas.ts,86,identifier,ativos,const ROTA_TICKETS_ATIVOS = new RegExp('^[/]tickets[/]active');,,
apps/bridge/src/rotas.ts,97,identifier,assumir,const ROTA_ASSUMIR = new RegExp('^[/]tickets[/]claim');,,
apps/bridge/src/rotas.ts,128,identifier,cmd,"async ({ session, path, cmd }) => {",,
apps/bridge/src/rotas.ts,138,identifier,cmd,"async ({ session, cmd }) => {",,
apps/bridge/src/rotas.ts,151,identifier,cmd,"async ({ session, path, cmd }) => {",,
apps/bridge/src/rotas.ts,165,identifier,cmd,"async ({ session, cmd }) => {",,
apps/bridge/src/rotas.ts,166,identifier,para,const r = (cmd.resource ?? {}) as { conversationId?: string; para?: string; texto?: string };,,
apps/bridge/src/rotas.ts,166,identifier,texto,const r = (cmd.resource ?? {}) as { conversationId?: string; para?: string; texto?: string };,,
apps/bridge/src/rotas.ts,195,identifier,existe,const { rows: admin } = await tx.execute<{ existe: number }>(sql`,,
apps/bridge/src/rotas.ts,195,literal-value,administrador,const { rows: admin } = await tx.execute<{ existe: number }>(sql`,,
apps/bridge/src/rotas.ts,195,sql-name,existe,const { rows: admin } = await tx.execute<{ existe: number }>(sql`,,
apps/bridge/src/rotas.ts,202,identifier,estado,"estado: state[0]?.state ?? 'offline',",,
apps/bridge/src/rotas.ts,203,identifier,filas,"filas: queues.map((f) => f.nome),",,
apps/bridge/src/rotas.ts,204,identifier,administrador,"ehAdministrador: admin.length > 0,",,
apps/bridge/src/rotas.ts,214,identifier,administrador,"ehAdministrador: data.ehAdministrador,",,
apps/bridge/src/rotas.ts,228,identifier,minhas,const minhas = linhas.filter((l) => l.agentId === session.userId);,,
apps/bridge/src/rotas.ts,283,identifier,minhas,const minhas = linhas.filter((l) => l.agentId === session.userId);,,
apps/bridge/src/rotas.ts,317,identifier,cmd,"async ({ session, cmd }) => {",,
apps/bridge/src/rotas.ts,325,identifier,versao,"versao: r.versao,",,
apps/bridge/src/rotas.ts,326,identifier,nao,"naoSuportado: r.naoSuportado,",,
apps/bridge/src/rotas.ts,326,identifier,suportado,"naoSuportado: r.naoSuportado,",,
apps/bridge/src/rotas.ts,327,identifier,erro,"erroDeValidacao: r.validationError,",,
apps/bridge/src/rotas.ts,327,identifier,validacao,"erroDeValidacao: r.validationError,",,
apps/bridge/src/rotas.ts,334,identifier,cmd,"async ({ session, cmd }) => {",,
apps/bridge/src/rotas.ts,348,identifier,cmd,"async ({ session, cmd }) => {",,
apps/bridge/src/rotas.ts,358,identifier,erro,"if (r.validationError) return ok({ publicado: false, erro: r.validationError });",,
apps/bridge/src/rotas.ts,359,identifier,versao,"return ok({ publicado: r.publicado, versao: r.versao });",,
apps/bridge/src/rotas.ts,368,identifier,cmd,"export async function despachar(cmd: ComandoLime, session: Session): Promise<RespostaLime | null> {",,
apps/bridge/src/rotas.ts,370,identifier,metodos,"for (const [padrao, manipulador, metodos] of rotas) {",,
apps/bridge/src/rotas.ts,370,identifier,padrao,"for (const [padrao, manipulador, metodos] of rotas) {",,
apps/bridge/src/rotas.ts,373,identifier,cmd,"return manipulador({ session, path: caminho, query, cmd });",,
apps/bridge/src/servidor.ts,8,identifier,lime,import type { ComandoLime } from './lime.js';,,
apps/bridge/src/servidor.ts,42,identifier,porta,porta: number;,,
apps/bridge/src/servidor.ts,46,identifier,porta,export async function startBridge(porta = Number(process.env['PORT'] ?? 3020)): Promise<BridgeInAr> {,,
apps/bridge/src/servidor.ts,54,identifier,origens,"const origens = (process.env['PIPE_PONTE_ORIGENS'] ?? 'http://127.0.0.1:8787,http://127.0.0.1:8790')",,
apps/bridge/src/servidor.ts,71,identifier,atendente,"res.json({ ok: true, tenant: session.tenantId, atendente: session.email });",,
apps/bridge/src/servidor.ts,78,identifier,cmd,const cmd = req.body as ComandoLime;,,
apps/bridge/src/servidor.ts,92,identifier,texto,const texto = error instanceof Error ? error.message : String(error);,,
apps/bridge/src/servidor.ts,102,identifier,porta,const portaReal = typeof endereco === 'object' && endereco ? endereco.port : porta;,,
apps/bridge/src/servidor.ts,106,identifier,porta,"porta: portaReal,",,
apps/bridge/src/translation.ts,9,identifier,fila,"na_fila: 'Waiting',",,
apps/bridge/src/translation.ts,11,identifier,atendimento,"em_atendimento: 'Open',",,
apps/bridge/src/translation.ts,18,identifier,entrada,"entrada: 'received',",,
apps/bridge/src/translation.ts,19,identifier,saida,"saida: 'sent',",,
apps/bridge/src/translation.ts,24,identifier,texto,"texto: 'text/plain',",,
apps/bridge/src/translation.ts,25,identifier,imagem,"imagem: 'image/jpeg',",,
apps/bridge/src/translation.ts,28,identifier,documento,"documento: 'application/pdf',",,
apps/bridge/src/translation.ts,29,identifier,localizacao,"localizacao: 'application/vnd.lime.location+json',",,
apps/bridge/src/translation.ts,35,identifier,pausa,"pausa: 'Pause',",,
apps/bridge/src/translation.ts,36,identifier,invisivel,"invisivel: 'Invisible',",,
apps/bridge/src/translation.ts,58,identifier,nao,nao_lidas?: number;,,
apps/bridge/src/translation.ts,68,identifier,conteudo,conteudo: string | null;,,
apps/bridge/src/translation.ts,92,identifier,como,"export function comoTicket(linha: ConversationRow, domain?: string): Record<string, unknown> {",,
apps/bridge/src/translation.ts,132,identifier,uri,"photoUri: '',",,
apps/bridge/src/translation.ts,136,identifier,prioridade,"prioridadePipe: linha.priority,",,
apps/bridge/src/translation.ts,137,identifier,canal,"canal: linha.channelType ?? '',",,
apps/bridge/src/translation.ts,138,identifier,fila,"fila: linha.queueName ?? '',",,
apps/bridge/src/translation.ts,175,identifier,administrador,ehAdministrador?: boolean;,,
apps/bridge/src/translation.ts,192,identifier,uri,"photoUri: '',",,
apps/bridge/src/translation.ts,199,identifier,como,"export function comoTime(queue: { id: string; nome: string }): Record<string, unknown> {",,
apps/bridge/tests/translation.test.ts,6,identifier,como,"comoTicket,",,
apps/bridge/tests/translation.test.ts,16,identifier,sobre,function conversation(sobre: Partial<ConversationRow> = {}): ConversationRow {,,
apps/bridge/tests/translation.test.ts,80,string-literal,estavel,"it('o número visível é estável para o mesmo id', () => {",,
apps/bridge/tests/translation.test.ts,80,string-literal,para,"it('o número visível é estável para o mesmo id', () => {",,
apps/bridge/tests/translation.test.ts,96,identifier,conteudo,"conteudo: 'oi',",,
apps/bridge/tests/translation.test.ts,112,string-literal,vira,"it('o tipo do Pipe vira o content type que a bolha da tela entende', () => {",,
apps/bridge/tests/translation.test.ts,118,string-literal,emissor,"it('quem saiu tem emissor; o que o cliente mandou, não', () => {",,
apps/bridge/tests/translation.test.ts,118,string-literal,nao,"it('quem saiu tem emissor; o que o cliente mandou, não', () => {",,
apps/bridge/tests/translation.test.ts,118,string-literal,quem,"it('quem saiu tem emissor; o que o cliente mandou, não', () => {",,
apps/bridge/tests/translation.test.ts,118,string-literal,saiu,"it('quem saiu tem emissor; o que o cliente mandou, não', () => {",,
apps/bridge/tests/translation.test.ts,138,identifier,administrador,"{ id: 'u1', nome: 'Ana', email: 'ana@demo.pipe.app', state: 'online', ehAdministrador: true },",,
apps/bridge/tests/translation.test.ts,150,string-literal,invisivel,"it('pausa e invisível têm nome próprio na tela', () => {",,
apps/bridge/tests/translation.test.ts,150,string-literal,pausa,"it('pausa e invisível têm nome próprio na tela', () => {",,
apps/bridge/tests/translation.test.ts,150,string-literal,proprio,"it('pausa e invisível têm nome próprio na tela', () => {",,
apps/bridge/tests/translation.test.ts,151,identifier,pausa,"const pausa = asAccount({ id: 'u', nome: 'X', email: 'x@y.z', state: 'pausa' }, []);",,
apps/bridge/tests/translation.test.ts,152,identifier,invisivel,"const invisivel = asAccount({ id: 'u', nome: 'X', email: 'x@y.z', state: 'invisivel' }, []);",,
apps/bridge/tests/translation.test.ts,159,string-literal,arroba,"it('escapa o arroba do e-mail, como a Blip faz', () => {",,
apps/bridge/tests/translation.test.ts,159,string-literal,como,"it('escapa o arroba do e-mail, como a Blip faz', () => {",,
apps/bridge/tests/translation.test.ts,159,string-literal,faz,"it('escapa o arroba do e-mail, como a Blip faz', () => {",,
apps/workers/src/aggregation.ts,8,identifier,evento,"import type { ConversationEvents, ClosedBy, EventAttendance, TipoEvento } from '@pipe/core';",,
apps/workers/src/aggregation.ts,16,identifier,padrao,const FUSO_PADRAO = process.env['PIPE_FUSO_PADRAO'] ?? 'America/Sao_Paulo';,,
apps/workers/src/aggregation.ts,25,identifier,agora,"export function diaAnterior(agora: Date = new Date(), fuso: string = FUSO_PADRAO): string {",,
apps/workers/src/aggregation.ts,32,identifier,ano,"const [ano, mes, dia] = hoje.split('-').map(Number);",,
apps/workers/src/aggregation.ts,37,identifier,evento,type LinhaEvento = {,,
apps/workers/src/aggregation.ts,38,identifier,conversa,conversa_id: string;,,
apps/workers/src/aggregation.ts,41,identifier,usuario,usuario_id: string | null;,,
apps/workers/src/aggregation.ts,42,identifier,fila,fila_id: string | null;,,
apps/workers/src/aggregation.ts,43,identifier,dados,dados: { encerrada_por?: ClosedBy } | null;,,
apps/workers/src/aggregation.ts,43,identifier,por,dados: { encerrada_por?: ClosedBy } | null;,,
apps/workers/src/aggregation.ts,49,identifier,agora,export async function agregarDiaAnterior(agora: Date = new Date()): Promise<SummaryAggregation[]> {,,
apps/workers/src/aggregation.ts,54,identifier,resumos,const resumos: SummaryAggregation[] = [];,,
apps/workers/src/aggregation.ts,69,identifier,eventos,const { rows: eventos } = await tx.execute<LinhaEvento>(sql`,,
apps/workers/src/aggregation.ts,77,identifier,mensagens,const { rows: mensagens } = await tx.execute<{,,
apps/workers/src/aggregation.ts,78,identifier,fila,fila_id: string | null;,,
apps/workers/src/aggregation.ts,79,identifier,atendente,atendente_id: string | null;,,
apps/workers/src/aggregation.ts,80,identifier,direcao,direcao: string;,,
apps/workers/src/aggregation.ts,82,literal-value,entrada,}>(sql`,,
apps/workers/src/aggregation.ts,82,literal-value,saida,}>(sql`,,
apps/workers/src/aggregation.ts,141,identifier,estourado,slaEstourado: boolean;,,
apps/workers/src/aggregation.ts,146,identifier,eventos,function groupByConversation(eventos: readonly LinhaEvento[]): ConversationOfDay[] {,,
apps/workers/src/aggregation.ts,153,identifier,eventos,"conversation: { conversationId: linha.conversa_id, eventos: [] },",,
apps/workers/src/aggregation.ts,156,identifier,estourado,"slaEstourado: false,",,
apps/workers/src/aggregation.ts,163,identifier,evento,const evento: EventAttendance = {,,
apps/workers/src/aggregation.ts,183,identifier,metrica,interface LinhaMetrica {,,
apps/workers/src/aggregation.ts,184,literal-value,atendente,dimensaoTipo: 'fila' | 'atendente';,,
apps/workers/src/aggregation.ts,184,literal-value,fila,dimensaoTipo: 'fila' | 'atendente';,,
apps/workers/src/aggregation.ts,205,identifier,fila,fila_id: string | null;,,
apps/workers/src/aggregation.ts,206,identifier,atendente,atendente_id: string | null;,,
apps/workers/src/aggregation.ts,207,identifier,direcao,direcao: string;,,
apps/workers/src/aggregation.ts,213,literal-value,atendente,"for (const dimensaoTipo of ['fila', 'atendente'] as const) {",,
apps/workers/src/aggregation.ts,213,literal-value,fila,"for (const dimensaoTipo of ['fila', 'atendente'] as const) {",,
apps/workers/src/aggregation.ts,225,identifier,grupo,"for (const [dimensaoId, grupo] of groups) {",,
apps/workers/src/aggregation.ts,230,identifier,eventos,const eventos = grupo.map((g) => g.conversation);,,
apps/workers/src/aggregation.ts,244,identifier,soma,".reduce((soma, m) => soma + Number(m.total), 0);",,
apps/workers/src/csv.ts,5,identifier,malformado,export class CsvMalformado extends Error {,,
apps/workers/src/csv.ts,13,identifier,cabecalhos,cabecalhos: string[];,,
apps/workers/src/csv.ts,17,identifier,texto,"function detectarSeparador(texto: string): ',' | ';' {",,
apps/workers/src/csv.ts,20,identifier,ponto,const pontoEVirgula = first.split(';').length;,,
apps/workers/src/csv.ts,25,identifier,bruto,export function lerCsv(bruto: string): TabelaCsv {,,
apps/workers/src/csv.ts,25,identifier,ler,export function lerCsv(bruto: string): TabelaCsv {,,
apps/workers/src/csv.ts,26,identifier,texto,const texto = bruto.startsWith('﻿') ? bruto.slice(1) : bruto;,,
apps/workers/src/csv.ts,31,identifier,campo,let campo = '';,,
apps/workers/src/csv.ts,32,identifier,aspas,let entreAspas = false;,,
apps/workers/src/csv.ts,32,identifier,entre,let entreAspas = false;,,
apps/workers/src/csv.ts,79,identifier,valor,const cheios = registros.filter((r) => r.some((valor) => valor.trim() !== ''));,,
apps/workers/src/csv.ts,80,identifier,cabecalhos,"const [cabecalhos = [], ...linhas] = cheios;",,
apps/workers/src/csv.ts,81,identifier,cabecalhos,"return { cabecalhos, linhas };",,
apps/workers/src/csv.ts,86,identifier,campo,const campo = (value: string) =>,,
apps/workers/src/database.ts,1,identifier,com,"import { createDatabase, comTenant } from '@pipe/db';",,
apps/workers/src/delivery.ts,3,identifier,cifrado,"import { keyringOfEnvironment, decifrarConfig, estaCifrado } from '@pipe/db';",,
apps/workers/src/delivery.ts,3,identifier,esta,"import { keyringOfEnvironment, decifrarConfig, estaCifrado } from '@pipe/db';",,
apps/workers/src/delivery.ts,7,identifier,pedido,import type { PedidoInstagram } from './instagram.js';,,
apps/workers/src/delivery.ts,9,identifier,pedido,import type { PedidoMessenger } from './messenger.js';,,
apps/workers/src/delivery.ts,12,identifier,conteudo,"import type { Conteudo, CredentialsChannel, PedidoEnvio } from './whatsapp/cliente.js';",,
apps/workers/src/delivery.ts,12,identifier,pedido,"import type { Conteudo, CredentialsChannel, PedidoEnvio } from './whatsapp/cliente.js';",,
apps/workers/src/delivery.ts,13,identifier,conteudo,"import { conteudoDaPergunta, preferencesInteractiveOf } from './whatsapp/interativo.js';",,
apps/workers/src/delivery.ts,17,identifier,cabecalho,import type { CabecalhoTemplate } from './whatsapp/template.js';,,
apps/workers/src/delivery.ts,23,identifier,tentativas,export const MAX_TENTATIVAS = Number(process.env['PIPE_ENTREGA_MAX_TENTATIVAS'] ?? 5);,,
apps/workers/src/delivery.ts,30,identifier,tentativas,"export function esperaMs(tentativas: number, sortear: () => number = Math.random): number {",,
apps/workers/src/delivery.ts,39,identifier,mensagem,mensagem_id: string;,,
apps/workers/src/delivery.ts,40,identifier,tentativas,tentativas: number;,,
apps/workers/src/delivery.ts,45,identifier,conteudo,conteudo: string | null;,,
apps/workers/src/delivery.ts,46,identifier,dados,"dados: Record<string, unknown> | null;",,
apps/workers/src/delivery.ts,49,identifier,identificador,identificador: string | null;,,
apps/workers/src/delivery.ts,50,identifier,canal,"canal_config: Record<string, unknown> | null;",,
apps/workers/src/delivery.ts,51,identifier,canal,canal_tipo: string;,,
apps/workers/src/delivery.ts,53,identifier,idioma,template_idioma: string | null;,,
apps/workers/src/delivery.ts,54,identifier,cabecalho,template_cabecalho: string | null;,,
apps/workers/src/delivery.ts,55,identifier,variaveis,template_variaveis: unknown;,,
apps/workers/src/delivery.ts,57,identifier,anexo,anexo_mime: string | null;,,
apps/workers/src/delivery.ts,58,identifier,anexo,anexo_bytes: number | null;,,
apps/workers/src/delivery.ts,59,identifier,anexo,anexo_chave: string | null;,,
apps/workers/src/delivery.ts,59,identifier,chave,anexo_chave: string | null;,,
apps/workers/src/delivery.ts,60,identifier,anexo,anexo_nome: string | null;,,
apps/workers/src/delivery.ts,80,identifier,imagem,"imagem: 'imagem',",,
apps/workers/src/delivery.ts,83,identifier,documento,"documento: 'documento',",,
apps/workers/src/delivery.ts,125,sql-name,anexo,const { rows } = await tx.execute<LinhaDeEnvio>(sql`,,
apps/workers/src/delivery.ts,125,sql-name,canal,const { rows } = await tx.execute<LinhaDeEnvio>(sql`,,
apps/workers/src/delivery.ts,165,literal-value,enviada,await tx.execute(sql`,,
apps/workers/src/delivery.ts,171,literal-value,enviada,await tx.execute(sql`,,
apps/workers/src/delivery.ts,184,identifier,tentativas,const tentativas = linha.tentativas + 1;,,
apps/workers/src/delivery.ts,186,identifier,texto,const texto = falha.permanente,,
apps/workers/src/delivery.ts,195,identifier,codigo,type Preparado = { pedido: PedidoEnvio } | { erro: { codigo: string; texto: string } };,,
apps/workers/src/delivery.ts,195,identifier,erro,type Preparado = { pedido: PedidoEnvio } | { erro: { codigo: string; texto: string } };,,
apps/workers/src/delivery.ts,195,identifier,pedido,type Preparado = { pedido: PedidoEnvio } | { erro: { codigo: string; texto: string } };,,
apps/workers/src/delivery.ts,195,identifier,texto,type Preparado = { pedido: PedidoEnvio } | { erro: { codigo: string; texto: string } };,,
apps/workers/src/delivery.ts,202,identifier,codigo,): { instagram: PedidoInstagram } | { erro: { codigo: string; texto: string } } {,,
apps/workers/src/delivery.ts,202,identifier,erro,): { instagram: PedidoInstagram } | { erro: { codigo: string; texto: string } } {,,
apps/workers/src/delivery.ts,202,identifier,texto,): { instagram: PedidoInstagram } | { erro: { codigo: string; texto: string } } {,,
apps/workers/src/delivery.ts,204,identifier,codigo,"return { erro: { codigo: 'sem_destinatario', texto: 'O contato não tem conta do Instagram neste canal.' } };",,
apps/workers/src/delivery.ts,204,identifier,erro,"return { erro: { codigo: 'sem_destinatario', texto: 'O contato não tem conta do Instagram neste canal.' } };",,
apps/workers/src/delivery.ts,204,identifier,texto,"return { erro: { codigo: 'sem_destinatario', texto: 'O contato não tem conta do Instagram neste canal.' } };",,
apps/workers/src/delivery.ts,211,identifier,erro,} catch (erro) {,,
apps/workers/src/delivery.ts,212,identifier,codigo,"return { erro: { codigo: 'canal_sem_credencial', texto: `O token do canal não decifrou: ${(erro as Error).message}` } };",,
apps/workers/src/delivery.ts,212,identifier,erro,"return { erro: { codigo: 'canal_sem_credencial', texto: `O token do canal não decifrou: ${(erro as Error).message}` } };",,
apps/workers/src/delivery.ts,212,identifier,texto,"return { erro: { codigo: 'canal_sem_credencial', texto: `O token do canal não decifrou: ${(erro as Error).message}` } };",,
apps/workers/src/delivery.ts,218,identifier,codigo,"erro: { codigo: 'canal_sem_credencial', texto: 'O canal não tem igUserId e tokenAcesso em canal.config.' },",,
apps/workers/src/delivery.ts,218,identifier,erro,"erro: { codigo: 'canal_sem_credencial', texto: 'O canal não tem igUserId e tokenAcesso em canal.config.' },",,
apps/workers/src/delivery.ts,218,identifier,texto,"erro: { codigo: 'canal_sem_credencial', texto: 'O canal não tem igUserId e tokenAcesso em canal.config.' },",,
apps/workers/src/delivery.ts,224,identifier,versao,"apiVersao: typeof config['apiVersao'] === 'string' ? config['apiVersao'] : undefined,",,
apps/workers/src/delivery.ts,227,identifier,conteudo,"const conteudo = montarConteudo(linha, undefined);",,
apps/workers/src/delivery.ts,231,identifier,codigo,"return { erro: { codigo: 'tipo_nao_suportado', texto: 'O Instagram não envia template.' } };",,
apps/workers/src/delivery.ts,231,identifier,erro,"return { erro: { codigo: 'tipo_nao_suportado', texto: 'O Instagram não envia template.' } };",,
apps/workers/src/delivery.ts,231,identifier,texto,"return { erro: { codigo: 'tipo_nao_suportado', texto: 'O Instagram não envia template.' } };",,
apps/workers/src/delivery.ts,235,identifier,para,"para: linha.identificador,",,
apps/workers/src/delivery.ts,236,identifier,conteudo,conteudo:,,
apps/workers/src/delivery.ts,238,identifier,texto,"? { tipo: 'texto', texto: `${c.latitude}, ${c.longitude}` }",,
apps/workers/src/delivery.ts,247,identifier,codigo,function prepararEnvioMessenger(linha: LinhaDeEnvio): { messenger: PedidoMessenger } | { erro: { codigo: string; texto: ,,
apps/workers/src/delivery.ts,247,identifier,erro,function prepararEnvioMessenger(linha: LinhaDeEnvio): { messenger: PedidoMessenger } | { erro: { codigo: string; texto: ,,
apps/workers/src/delivery.ts,247,identifier,texto,function prepararEnvioMessenger(linha: LinhaDeEnvio): { messenger: PedidoMessenger } | { erro: { codigo: string; texto: ,,
apps/workers/src/delivery.ts,248,identifier,codigo,"if (!linha.identificador) return { erro: { codigo: 'sem_destinatario', texto: 'O contato não tem PSID neste canal.' } };",,
apps/workers/src/delivery.ts,248,identifier,erro,"if (!linha.identificador) return { erro: { codigo: 'sem_destinatario', texto: 'O contato não tem PSID neste canal.' } };",,
apps/workers/src/delivery.ts,248,identifier,texto,"if (!linha.identificador) return { erro: { codigo: 'sem_destinatario', texto: 'O contato não tem PSID neste canal.' } };",,
apps/workers/src/delivery.ts,249,identifier,codigo,"let config: Record<string, unknown>; try { config = decifrarConfig(linha.canal_config ?? {}, keyringOfEnvironment()); } ",,
apps/workers/src/delivery.ts,249,identifier,erro,"let config: Record<string, unknown>; try { config = decifrarConfig(linha.canal_config ?? {}, keyringOfEnvironment()); } ",,
apps/workers/src/delivery.ts,249,identifier,texto,"let config: Record<string, unknown>; try { config = decifrarConfig(linha.canal_config ?? {}, keyringOfEnvironment()); } ",,
apps/workers/src/delivery.ts,250,identifier,codigo,if (typeof config['tokenAcesso'] !== 'string' || !config['tokenAcesso']) return { erro: { codigo: 'canal_sem_credencial',,
apps/workers/src/delivery.ts,250,identifier,erro,if (typeof config['tokenAcesso'] !== 'string' || !config['tokenAcesso']) return { erro: { codigo: 'canal_sem_credencial',,
apps/workers/src/delivery.ts,250,identifier,texto,if (typeof config['tokenAcesso'] !== 'string' || !config['tokenAcesso']) return { erro: { codigo: 'canal_sem_credencial',,
apps/workers/src/delivery.ts,251,identifier,conteudo,"const conteudo = montarConteudo(linha, undefined); if ('erro' in conteudo) return conteudo; const c = conteudo.conteudo;",,
apps/workers/src/delivery.ts,252,identifier,codigo,"if (c.tipo === 'template' || c.tipo === 'interativo') return { erro: { codigo: 'tipo_nao_suportado', texto: 'O Messenger",,
apps/workers/src/delivery.ts,252,identifier,erro,"if (c.tipo === 'template' || c.tipo === 'interativo') return { erro: { codigo: 'tipo_nao_suportado', texto: 'O Messenger",,
apps/workers/src/delivery.ts,252,identifier,texto,"if (c.tipo === 'template' || c.tipo === 'interativo') return { erro: { codigo: 'tipo_nao_suportado', texto: 'O Messenger",,
apps/workers/src/delivery.ts,253,identifier,conteudo,"return { messenger: { para: linha.identificador, conteudo: c.tipo === 'localizacao' ? { tipo: 'texto', texto: `${c.latit",,
apps/workers/src/delivery.ts,253,identifier,para,"return { messenger: { para: linha.identificador, conteudo: c.tipo === 'localizacao' ? { tipo: 'texto', texto: `${c.latit",,
apps/workers/src/delivery.ts,253,identifier,texto,"return { messenger: { para: linha.identificador, conteudo: c.tipo === 'localizacao' ? { tipo: 'texto', texto: `${c.latit",,
apps/workers/src/delivery.ts,253,identifier,versao,"return { messenger: { para: linha.identificador, conteudo: c.tipo === 'localizacao' ? { tipo: 'texto', texto: `${c.latit",,
apps/workers/src/delivery.ts,263,identifier,para,const para = destinatario(linha);,,
apps/workers/src/delivery.ts,265,identifier,codigo,"return { erro: { codigo: 'sem_destinatario', texto: 'O contato não tem telefone no canal.' } };",,
apps/workers/src/delivery.ts,265,identifier,erro,"return { erro: { codigo: 'sem_destinatario', texto: 'O contato não tem telefone no canal.' } };",,
apps/workers/src/delivery.ts,265,identifier,texto,"return { erro: { codigo: 'sem_destinatario', texto: 'O contato não tem telefone no canal.' } };",,
apps/workers/src/delivery.ts,268,identifier,credenciais,const credenciais = credentialsOf(linha.canal_config);,,
apps/workers/src/delivery.ts,271,identifier,erro,erro: {,,
apps/workers/src/delivery.ts,272,identifier,codigo,"codigo: 'canal_sem_credencial',",,
apps/workers/src/delivery.ts,273,identifier,texto,"texto: 'O canal não tem phoneNumberId e tokenAcesso em canal.config.',",,
apps/workers/src/delivery.ts,278,identifier,conteudo,"const conteudo = montarConteudo(linha, parametros);",,
apps/workers/src/delivery.ts,280,identifier,conteudo,"return { pedido: { para, conteudo: conteudo.conteudo, credentials: credenciais } };",,
apps/workers/src/delivery.ts,280,identifier,para,"return { pedido: { para, conteudo: conteudo.conteudo, credentials: credenciais } };",,
apps/workers/src/delivery.ts,280,identifier,pedido,"return { pedido: { para, conteudo: conteudo.conteudo, credentials: credenciais } };",,
apps/workers/src/delivery.ts,283,identifier,conteudo,function montarConteudo(,,
apps/workers/src/delivery.ts,286,identifier,codigo,): { conteudo: Conteudo } | { erro: { codigo: string; texto: string } } {,,
apps/workers/src/delivery.ts,286,identifier,conteudo,): { conteudo: Conteudo } | { erro: { codigo: string; texto: string } } {,,
apps/workers/src/delivery.ts,286,identifier,erro,): { conteudo: Conteudo } | { erro: { codigo: string; texto: string } } {,,
apps/workers/src/delivery.ts,286,identifier,texto,): { conteudo: Conteudo } | { erro: { codigo: string; texto: string } } {,,
apps/workers/src/delivery.ts,288,identifier,texto,const texto = linha.conteudo?.trim();,,
apps/workers/src/delivery.ts,290,identifier,codigo,"return { erro: { codigo: 'texto_vazio', texto: 'Mensagem de texto sem conteúdo.' } };",,
apps/workers/src/delivery.ts,290,identifier,erro,"return { erro: { codigo: 'texto_vazio', texto: 'Mensagem de texto sem conteúdo.' } };",,
apps/workers/src/delivery.ts,290,identifier,texto,"return { erro: { codigo: 'texto_vazio', texto: 'Mensagem de texto sem conteúdo.' } };",,
apps/workers/src/delivery.ts,298,identifier,conteudo,"return { conteudo: interativo ?? { tipo: 'texto', texto } };",,
apps/workers/src/delivery.ts,298,identifier,texto,"return { conteudo: interativo ?? { tipo: 'texto', texto } };",,
apps/workers/src/delivery.ts,302,identifier,localizacao,const localizacao = linha.dados?.['localizacao'] as,,
apps/workers/src/delivery.ts,307,identifier,erro,erro: {,,
apps/workers/src/delivery.ts,308,identifier,codigo,"codigo: 'localizacao_invalida',",,
apps/workers/src/delivery.ts,309,identifier,texto,"texto: 'Mensagem de localização sem latitude e longitude.',",,
apps/workers/src/delivery.ts,314,identifier,conteudo,"conteudo: { tipo: 'localizacao', latitude: localizacao.latitude, longitude: localizacao.longitude },",,
apps/workers/src/delivery.ts,324,identifier,midia,const midia = linha.dados?.['midia'] as,,
apps/workers/src/delivery.ts,325,identifier,arquivo,| { url?: unknown; mime?: unknown; titulo?: unknown; nomeArquivo?: unknown },,
apps/workers/src/delivery.ts,329,identifier,conteudo,conteudo: {,,
apps/workers/src/delivery.ts,338,identifier,codigo,"return { erro: { codigo: 'anexo_ausente', texto: `Mensagem de ${linha.tipo} sem anexo.` } };",,
apps/workers/src/delivery.ts,338,identifier,erro,"return { erro: { codigo: 'anexo_ausente', texto: `Mensagem de ${linha.tipo} sem anexo.` } };",,
apps/workers/src/delivery.ts,338,identifier,texto,"return { erro: { codigo: 'anexo_ausente', texto: `Mensagem de ${linha.tipo} sem anexo.` } };",,
apps/workers/src/delivery.ts,345,identifier,codigo,"if (falha) return { erro: { codigo: falha.codigo, texto: falha.texto } };",,
apps/workers/src/delivery.ts,345,identifier,erro,"if (falha) return { erro: { codigo: falha.codigo, texto: falha.texto } };",,
apps/workers/src/delivery.ts,345,identifier,texto,"if (falha) return { erro: { codigo: falha.codigo, texto: falha.texto } };",,
apps/workers/src/delivery.ts,347,identifier,conteudo,conteudo: {,,
apps/workers/src/delivery.ts,359,identifier,erro,erro: {,,
apps/workers/src/delivery.ts,360,identifier,codigo,"codigo: 'template_ausente',",,
apps/workers/src/delivery.ts,361,identifier,texto,"texto: 'A mensagem aponta para um template que não existe.',",,
apps/workers/src/delivery.ts,367,identifier,erro,erro: {,,
apps/workers/src/delivery.ts,368,identifier,codigo,"codigo: 'template_nao_aprovado',",,
apps/workers/src/delivery.ts,369,identifier,texto,"texto: `O template ""${linha.template_nome}"" está como ""${linha.template_status}"" na Meta.`,",,
apps/workers/src/delivery.ts,375,identifier,cabecalho,const cabecalho = (linha.template_cabecalho ?? 'nenhum') as CabecalhoTemplate;,,
apps/workers/src/delivery.ts,380,identifier,erro,erro: {,,
apps/workers/src/delivery.ts,381,identifier,codigo,"codigo: 'parametros_perdidos',",,
apps/workers/src/delivery.ts,382,identifier,texto,texto:,,
apps/workers/src/delivery.ts,389,identifier,conteudo,conteudo: {,,
apps/workers/src/delivery.ts,393,identifier,idioma,"idioma: linha.template_idioma,",,
apps/workers/src/delivery.ts,394,identifier,cabecalho,"cabecalhoTipo: cabecalho,",,
apps/workers/src/delivery.ts,403,identifier,erro,erro: {,,
apps/workers/src/delivery.ts,404,identifier,codigo,"codigo: 'tipo_nao_suportado',",,
apps/workers/src/delivery.ts,405,identifier,texto,"texto: `O canal WhatsApp ainda não envia mensagem do tipo ""${linha.tipo}"".`,",,
apps/workers/src/delivery.ts,417,identifier,bruto,const bruto = linha.identificador ?? linha.telefone_e164;,,
apps/workers/src/delivery.ts,422,identifier,cru,"export function credentialsOf(cru: Record<string, unknown> | null): CredentialsChannel | null {",,
apps/workers/src/delivery.ts,432,identifier,acesso,const tokenAcesso =,,
apps/workers/src/delivery.ts,438,identifier,versao,"apiVersao: (config?.['apiVersao'] as string | undefined) ?? process.env['WHATSAPP_API_VERSAO'],",,
apps/workers/src/delivery.ts,454,identifier,codigo,"codigo: string,",,
apps/workers/src/delivery.ts,455,identifier,texto,"texto: string,",,
apps/workers/src/delivery.ts,456,identifier,tentativas,"tentativas = linha.tentativas + 1,",,
apps/workers/src/delivery.ts,459,literal-value,falhou,await tx.execute(sql`,,
apps/workers/src/delivery.ts,464,literal-value,falhou,await tx.execute(sql`,,
apps/workers/src/delivery.ts,477,identifier,tentativas,"tentativas: number,",,
apps/workers/src/delivery.ts,499,identifier,para,"export function podeAvancar(de: StateDelivery | null, para: StateDelivery): boolean {",,
apps/workers/src/delivery.ts,499,identifier,pode,"export function podeAvancar(de: StateDelivery | null, para: StateDelivery): boolean {",,
apps/workers/src/import-of-contacts.ts,3,identifier,ler,"import { CsvMalformado, escreverCsv, lerCsv } from './csv.js';",,
apps/workers/src/import-of-contacts.ts,3,identifier,malformado,"import { CsvMalformado, escreverCsv, lerCsv } from './csv.js';",,
apps/workers/src/import-of-contacts.ts,21,identifier,celular,"celular: 'phone_number',",,
apps/workers/src/import-of-contacts.ts,31,identifier,cidade,"cidade: 'city',",,
apps/workers/src/import-of-contacts.ts,33,identifier,identificador,"identificador: 'identifier',",,
apps/workers/src/import-of-contacts.ts,36,identifier,cabecalho,export function keyOfColumn(cabecalho: string): string {,,
apps/workers/src/import-of-contacts.ts,45,identifier,chaves,"function paraParametros(chaves: readonly string[], linha: readonly string[]): ParametersOfContact {",,
apps/workers/src/import-of-contacts.ts,45,identifier,para,"function paraParametros(chaves: readonly string[], linha: readonly string[]): ParametersOfContact {",,
apps/workers/src/import-of-contacts.ts,55,literal-value,ausente,state: 'concluida' | 'falhou' | 'ausente';,,
apps/workers/src/import-of-contacts.ts,55,literal-value,concluida,state: 'concluida' | 'falhou' | 'ausente';,,
apps/workers/src/import-of-contacts.ts,55,literal-value,falhou,state: 'concluida' | 'falhou' | 'ausente';,,
apps/workers/src/import-of-contacts.ts,57,identifier,rejeitados,rejeitados: number;,,
apps/workers/src/import-of-contacts.ts,60,literal-value,falhou,"async function marcar(job: JobImport, state: 'executando' | 'falhou'): Promise<void> {",,
apps/workers/src/import-of-contacts.ts,71,identifier,conteudo,const { rows } = await tx.execute<{ conteudo: string }>(sql`,,
apps/workers/src/import-of-contacts.ts,80,identifier,rejeitados,"if (!carregado) return { state: 'ausente', aceitos: 0, rejeitados: 0 };",,
apps/workers/src/import-of-contacts.ts,92,identifier,rejeitados,"return { state: 'falhou', aceitos: 0, rejeitados: 0 };",,
apps/workers/src/import-of-contacts.ts,95,identifier,chaves,const chaves = tabela.cabecalhos.map(keyOfColumn);,,
apps/workers/src/import-of-contacts.ts,122,identifier,erro,} catch (erro) {,,
apps/workers/src/import-of-contacts.ts,128,identifier,falhas,const falhas =,,
apps/workers/src/import-of-contacts.ts,131,literal-value,concluida,await tx.execute(sql`,,
apps/workers/src/import-of-contacts.ts,143,identifier,rejeitados,"return { state: 'concluida', aceitos, rejeitados: rejeitadas.length };",,
apps/workers/src/instagram.ts,11,identifier,versao,apiVersao?: string | undefined;,,
apps/workers/src/instagram.ts,14,identifier,conteudo,export type ConteudoInstagram =,,
apps/workers/src/instagram.ts,15,identifier,texto,| { tipo: 'texto'; texto: string },,
apps/workers/src/instagram.ts,16,literal-value,documento,| { tipo: 'imagem' | 'audio' | 'video' | 'documento'; link: string; legenda?: string | undefined };,,
apps/workers/src/instagram.ts,16,literal-value,imagem,| { tipo: 'imagem' | 'audio' | 'video' | 'documento'; link: string; legenda?: string | undefined };,,
apps/workers/src/instagram.ts,18,identifier,pedido,export interface PedidoInstagram {,,
apps/workers/src/instagram.ts,20,identifier,para,para: string;,,
apps/workers/src/instagram.ts,21,identifier,conteudo,conteudo: ConteudoInstagram;,,
apps/workers/src/instagram.ts,27,identifier,pedido,enviar(pedido: PedidoInstagram): Promise<{ idProvedor: string }>;,,
apps/workers/src/instagram.ts,27,identifier,provedor,enviar(pedido: PedidoInstagram): Promise<{ idProvedor: string }>;,,
apps/workers/src/instagram.ts,33,identifier,documento,"const ATTACHMENT = { imagem: 'image', audio: 'audio', video: 'video', documento: 'file' } as const;",,
apps/workers/src/instagram.ts,33,identifier,imagem,"const ATTACHMENT = { imagem: 'image', audio: 'audio', video: 'video', documento: 'file' } as const;",,
apps/workers/src/instagram.ts,40,identifier,pedido,async enviar(pedido: PedidoInstagram): Promise<{ idProvedor: string }> {,,
apps/workers/src/instagram.ts,40,identifier,provedor,async enviar(pedido: PedidoInstagram): Promise<{ idProvedor: string }> {,,
apps/workers/src/instagram.ts,44,identifier,provedor,"const idProvedor = await this.postar(pedido, message);",,
apps/workers/src/instagram.ts,53,identifier,provedor,return { idProvedor };,,
apps/workers/src/instagram.ts,56,identifier,pedido,"private async postar(pedido: PedidoInstagram, message: Record<string, unknown>): Promise<string> {",,
apps/workers/src/instagram.ts,57,identifier,versao,"const { igUserId, tokenAccess, apiVersao } = pedido.credentials;",,
apps/workers/src/instagram.ts,65,identifier,erro,} catch (erro) {,,
apps/workers/src/instagram.ts,90,identifier,para,readonly chamadas: { para: string; tipo: string; igUserId: string; idProvedor: string | null }[] = [];,,
apps/workers/src/instagram.ts,90,identifier,provedor,readonly chamadas: { para: string; tipo: string; igUserId: string; idProvedor: string | null }[] = [];,,
apps/workers/src/instagram.ts,92,identifier,para,falharPara: string[] = [];,,
apps/workers/src/instagram.ts,93,identifier,sequencia,private sequencia = 0;,,
apps/workers/src/instagram.ts,101,identifier,pedido,enviar(pedido: PedidoInstagram): Promise<{ idProvedor: string }> {,,
apps/workers/src/instagram.ts,101,identifier,provedor,enviar(pedido: PedidoInstagram): Promise<{ idProvedor: string }> {,,
apps/workers/src/instagram.ts,102,identifier,para,"const base = { para: pedido.para, tipo: pedido.conteudo.tipo, igUserId: pedido.credentials.igUserId };",,
apps/workers/src/instagram.ts,104,identifier,provedor,"this.chamadas.push({ ...base, idProvedor: null });",,
apps/workers/src/instagram.ts,108,identifier,provedor,"const idProvedor = `aWdfZAG.DUBLE${String(this.sequencia).padStart(6, '0')}`;",,
apps/workers/src/instagram.ts,109,identifier,provedor,"this.chamadas.push({ ...base, idProvedor });",,
apps/workers/src/instagram.ts,110,identifier,provedor,return Promise.resolve({ idProvedor });,,
apps/workers/src/main.ts,41,identifier,resumos,const resumos = await agregarDiaAnterior();,,
apps/workers/src/manager-of-contacts.ts,4,identifier,para,"import { FORMAT_E164, candidatosDoTelefone, paraE164 } from '@pipe/core';",,
apps/workers/src/manager-of-contacts.ts,11,identifier,campos,"const CAMPOS_PROPRIOS = new Set(['identifier', 'email', 'name', 'phone_number']);",,
apps/workers/src/manager-of-contacts.ts,68,identifier,achar,async function acharExistente(,,
apps/workers/src/manager-of-contacts.ts,83,sql-name,desc,const { rows } = await tx.execute<{ id: string }>(sql`,,
apps/workers/src/manager-of-contacts.ts,128,identifier,contato,"async function validar(tx: TransactionPipe, contato: ContactAssembled): Promise<string[]> {",,
apps/workers/src/manager-of-contacts.ts,166,identifier,contato,"contato: ContactAssembled,",,
apps/workers/src/messenger.ts,2,identifier,conteudo,export type ConteudoMessenger = { tipo: 'texto'; texto: string } | { tipo: 'imagem'|'audio'|'video'|'documento'; link: s,,
apps/workers/src/messenger.ts,2,identifier,texto,export type ConteudoMessenger = { tipo: 'texto'; texto: string } | { tipo: 'imagem'|'audio'|'video'|'documento'; link: s,,
apps/workers/src/messenger.ts,2,literal-value,documento,export type ConteudoMessenger = { tipo: 'texto'; texto: string } | { tipo: 'imagem'|'audio'|'video'|'documento'; link: s,,
apps/workers/src/messenger.ts,2,literal-value,imagem,export type ConteudoMessenger = { tipo: 'texto'; texto: string } | { tipo: 'imagem'|'audio'|'video'|'documento'; link: s,,
apps/workers/src/messenger.ts,3,identifier,conteudo,export interface PedidoMessenger { para:string; conteudo:ConteudoMessenger; credentials:{tokenAccess:string;apiVersao?:s,,
apps/workers/src/messenger.ts,3,identifier,para,export interface PedidoMessenger { para:string; conteudo:ConteudoMessenger; credentials:{tokenAccess:string;apiVersao?:s,,
apps/workers/src/messenger.ts,3,identifier,pedido,export interface PedidoMessenger { para:string; conteudo:ConteudoMessenger; credentials:{tokenAccess:string;apiVersao?:s,,
apps/workers/src/messenger.ts,3,identifier,versao,export interface PedidoMessenger { para:string; conteudo:ConteudoMessenger; credentials:{tokenAccess:string;apiVersao?:s,,
apps/workers/src/messenger.ts,4,identifier,pedido,export interface ClienteMessenger { readonly nome:'real'|'duble'; enviar(pedido:PedidoMessenger):Promise<{idProvedor:str,,
apps/workers/src/messenger.ts,4,identifier,provedor,export interface ClienteMessenger { readonly nome:'real'|'duble'; enviar(pedido:PedidoMessenger):Promise<{idProvedor:str,,
apps/workers/src/messenger.ts,5,identifier,documento,"const ATTACHMENT={imagem:'image',audio:'audio',video:'video',documento:'file'} as const;",,
apps/workers/src/messenger.ts,5,identifier,imagem,"const ATTACHMENT={imagem:'image',audio:'audio',video:'video',documento:'file'} as const;",,
apps/workers/src/messenger.ts,6,identifier,provedor,export class ClienteMessengerReal implements ClienteMessenger { readonly nome='real' as const; constructor(private reado,,
apps/workers/src/messenger.ts,7,identifier,para,export class ClienteMessengerDuble implements ClienteMessenger { readonly nome='duble' as const; readonly chamadas:{para,,
apps/workers/src/messenger.ts,7,identifier,provedor,export class ClienteMessengerDuble implements ClienteMessenger { readonly nome='duble' as const; readonly chamadas:{para,,
apps/workers/src/whatsapp/cliente.ts,1,identifier,para,import type { TemplateParaEnvio } from './template.js';,,
apps/workers/src/whatsapp/cliente.ts,7,identifier,conteudo,export type TipoConteudo = 'texto' | 'imagem' | 'audio' | 'video' | 'documento' | 'localizacao' | 'template' | 'interati,,
apps/workers/src/whatsapp/cliente.ts,7,literal-value,localizacao,export type TipoConteudo = 'texto' | 'imagem' | 'audio' | 'video' | 'documento' | 'localizacao' | 'template' | 'interati,,
apps/workers/src/whatsapp/cliente.ts,7,literal-value,texto,export type TipoConteudo = 'texto' | 'imagem' | 'audio' | 'video' | 'documento' | 'localizacao' | 'template' | 'interati,,
apps/workers/src/whatsapp/cliente.ts,15,identifier,versao,apiVersao?: string | undefined;,,
apps/workers/src/whatsapp/cliente.ts,18,identifier,conteudo,export interface ConteudoTexto {,,
apps/workers/src/whatsapp/cliente.ts,18,identifier,texto,export interface ConteudoTexto {,,
apps/workers/src/whatsapp/cliente.ts,20,identifier,texto,texto: string;,,
apps/workers/src/whatsapp/cliente.ts,31,identifier,conteudo,export interface ConteudoTemplate {,,
apps/workers/src/whatsapp/cliente.ts,39,identifier,conteudo,export interface ConteudoInterativo {,,
apps/workers/src/whatsapp/cliente.ts,41,literal-value,botoes,format: 'botoes' | 'lista';,,
apps/workers/src/whatsapp/cliente.ts,42,identifier,texto,texto: string;,,
apps/workers/src/whatsapp/cliente.ts,46,identifier,conteudo,export interface ConteudoLocalizacao {,,
apps/workers/src/whatsapp/cliente.ts,46,identifier,localizacao,export interface ConteudoLocalizacao {,,
apps/workers/src/whatsapp/cliente.ts,52,identifier,conteudo,export type Conteudo = ConteudoTexto | ContentMedia | ConteudoTemplate | ConteudoInterativo | ConteudoLocalizacao;,,
apps/workers/src/whatsapp/cliente.ts,54,identifier,pedido,export interface PedidoEnvio {,,
apps/workers/src/whatsapp/cliente.ts,56,identifier,para,para: string;,,
apps/workers/src/whatsapp/cliente.ts,57,identifier,conteudo,conteudo: Conteudo;,,
apps/workers/src/whatsapp/cliente.ts,63,identifier,provedor,idProvedor: string;,,
apps/workers/src/whatsapp/cliente.ts,70,identifier,codigo,readonly codigo: string;,,
apps/workers/src/whatsapp/cliente.ts,73,identifier,codigo,"constructor(codigo: string, message: string, permanente: boolean) {",,
apps/workers/src/whatsapp/cliente.ts,83,identifier,pedido,enviar(pedido: PedidoEnvio): Promise<RespostaEnvio>;,,
apps/workers/src/whatsapp/duble.ts,1,identifier,pedido,"import type { ClienteWhatsApp, PedidoEnvio, RespostaEnvio } from './cliente.js';",,
apps/workers/src/whatsapp/duble.ts,13,identifier,para,falharPara: string[];,,
apps/workers/src/whatsapp/duble.ts,17,identifier,codigo,codigoDeFalha: string;,,
apps/workers/src/whatsapp/duble.ts,18,identifier,texto,textoDeFalha: string;,,
apps/workers/src/whatsapp/duble.ts,22,identifier,para,para: string;,,
apps/workers/src/whatsapp/duble.ts,25,identifier,provedor,idProvedor: string | null;,,
apps/workers/src/whatsapp/duble.ts,40,identifier,para,falharPara: (process.env['PIPE_WHATSAPP_DUBLE_FALHAR_PARA'] ?? ''),,
apps/workers/src/whatsapp/duble.ts,45,identifier,codigo,"codigoDeFalha: process.env['PIPE_WHATSAPP_DUBLE_CODIGO'] ?? '131026',",,
apps/workers/src/whatsapp/duble.ts,46,identifier,texto,textoDeFalha:,,
apps/workers/src/whatsapp/duble.ts,56,identifier,sequencia,private sequencia = 0;,,
apps/workers/src/whatsapp/duble.ts,60,identifier,configurar,configurar(parcial: Partial<ConfigurationDouble>): void {,,
apps/workers/src/whatsapp/duble.ts,60,identifier,parcial,configurar(parcial: Partial<ConfigurationDouble>): void {,,
apps/workers/src/whatsapp/duble.ts,79,identifier,saida,const saida = this.statusPendentes;,,
apps/workers/src/whatsapp/duble.ts,85,identifier,provedor,marcarLida(idProvedor: string): void {,,
apps/workers/src/whatsapp/duble.ts,99,identifier,pedido,async enviar(pedido: PedidoEnvio): Promise<RespostaEnvio> {,,
apps/workers/src/whatsapp/duble.ts,113,identifier,para,"para: pedido.para,",,
apps/workers/src/whatsapp/duble.ts,116,identifier,provedor,"idProvedor: null,",,
apps/workers/src/whatsapp/duble.ts,126,identifier,para,"para: pedido.para,",,
apps/workers/src/whatsapp/duble.ts,129,identifier,provedor,"idProvedor: null,",,
apps/workers/src/whatsapp/duble.ts,139,identifier,provedor,"const idProvedor = `wamid.DUBLE${String(this.sequencia).padStart(6, '0')}`;",,
apps/workers/src/whatsapp/duble.ts,141,identifier,para,"para: pedido.para,",,
apps/workers/src/whatsapp/duble.ts,144,identifier,provedor,"idProvedor,",,
apps/workers/src/whatsapp/duble.ts,149,identifier,agora,const agora = new Date();,,
apps/workers/src/whatsapp/duble.ts,160,identifier,provedor,return { idProvedor };,,
apps/workers/src/whatsapp/interativo.ts,1,identifier,conteudo,import type { Conteudo } from './cliente.js';,,
apps/workers/src/whatsapp/interativo.ts,7,identifier,limite,export const LIMITE_QUICK_REPLY = 3;,,
apps/workers/src/whatsapp/interativo.ts,7,identifier,quick,export const LIMITE_QUICK_REPLY = 3;,,
apps/workers/src/whatsapp/interativo.ts,8,identifier,limite,export const LIMITE_MENU = 10;,,
apps/workers/src/whatsapp/interativo.ts,9,identifier,botao,const TITULO_BOTAO_MAX = 20;,,
apps/workers/src/whatsapp/interativo.ts,16,identifier,quick,quickReply: boolean;,,
apps/workers/src/whatsapp/interativo.ts,22,identifier,texto,texto: string;,,
apps/workers/src/whatsapp/interativo.ts,29,literal-value,botoes,): 'botoes' | 'lista' | 'texto' {,,
apps/workers/src/whatsapp/interativo.ts,29,literal-value,texto,): 'botoes' | 'lista' | 'texto' {,,
apps/workers/src/whatsapp/interativo.ts,39,identifier,quick,"return { quickReply: guardado.quickReply ?? true, menu: guardado.menu ?? true };",,
apps/workers/src/whatsapp/interativo.ts,43,identifier,conteudo,export function conteudoDaPergunta(,,
apps/workers/src/whatsapp/interativo.ts,45,identifier,preferencias,"preferencias: PreferencesInteractive,",,
apps/workers/src/whatsapp/interativo.ts,49,identifier,texto,const texto = pergunta.texto.trim();,,
apps/workers/src/whatsapp/interativo.ts,51,identifier,limite,const limite = format === 'botoes' ? TITULO_BOTAO_MAX : TITULO_LINHA_MAX;,,
apps/workers/src/whatsapp/interativo.ts,55,identifier,texto,"return { tipo: 'interativo', format, texto, options: pergunta.opcoes };",,
apps/workers/src/whatsapp/media.ts,5,literal-value,documento,export type TypeMedia = 'imagem' | 'audio' | 'video' | 'documento';,,
apps/workers/src/whatsapp/media.ts,5,literal-value,imagem,export type TypeMedia = 'imagem' | 'audio' | 'video' | 'documento';,,
apps/workers/src/whatsapp/media.ts,9,identifier,formatos,"formatos: Readonly<Record<TypeMedia, readonly string[]>>;",,
apps/workers/src/whatsapp/media.ts,11,identifier,maximo,"tamanhoMaximoBytes: Readonly<Partial<Record<TypeMedia, number>>>;",,
apps/workers/src/whatsapp/media.ts,17,identifier,formatos,formatos: {,,
apps/workers/src/whatsapp/media.ts,18,identifier,imagem,imagem: [,,
apps/workers/src/whatsapp/media.ts,56,identifier,documento,documento: [,,
apps/workers/src/whatsapp/media.ts,73,identifier,maximo,tamanhoMaximoBytes: {,,
apps/workers/src/whatsapp/media.ts,74,identifier,documento,"documento: 100 * MB,",,
apps/workers/src/whatsapp/media.ts,87,identifier,codigo,codigo: 'midia_formato_recusado' | 'midia_grande_demais';,,
apps/workers/src/whatsapp/media.ts,87,literal-value,demais,codigo: 'midia_formato_recusado' | 'midia_grande_demais';,,
apps/workers/src/whatsapp/media.ts,87,literal-value,formato,codigo: 'midia_formato_recusado' | 'midia_grande_demais';,,
apps/workers/src/whatsapp/media.ts,87,literal-value,grande,codigo: 'midia_formato_recusado' | 'midia_grande_demais';,,
apps/workers/src/whatsapp/media.ts,87,literal-value,midia,codigo: 'midia_formato_recusado' | 'midia_grande_demais';,,
apps/workers/src/whatsapp/media.ts,87,literal-value,recusado,codigo: 'midia_formato_recusado' | 'midia_grande_demais';,,
apps/workers/src/whatsapp/media.ts,88,identifier,texto,texto: string;,,
apps/workers/src/whatsapp/media.ts,94,identifier,politica,"politica: PolicyMedia = POLICY_MEDIA_DEFAULT,",,
apps/workers/src/whatsapp/media.ts,100,identifier,codigo,"codigo: 'midia_formato_recusado',",,
apps/workers/src/whatsapp/media.ts,101,identifier,texto,texto:,,
apps/workers/src/whatsapp/media.ts,110,identifier,codigo,"codigo: 'midia_grande_demais',",,
apps/workers/src/whatsapp/media.ts,111,identifier,texto,texto:,,
apps/workers/src/whatsapp/real.ts,4,identifier,pedido,"PedidoEnvio,",,
apps/workers/src/whatsapp/real.ts,15,identifier,padrao,const VERSAO_PADRAO = 'v21.0';,,
apps/workers/src/whatsapp/real.ts,15,identifier,versao,const VERSAO_PADRAO = 'v21.0';,,
apps/workers/src/whatsapp/real.ts,20,identifier,imagem,"imagem: 'image',",,
apps/workers/src/whatsapp/real.ts,23,identifier,documento,"documento: 'document',",,
apps/workers/src/whatsapp/real.ts,53,identifier,pedido,async enviar(pedido: PedidoEnvio): Promise<RespostaEnvio> {,,
apps/workers/src/whatsapp/real.ts,54,identifier,versao,const versao = pedido.credentials.apiVersao ?? VERSAO_PADRAO;,,
apps/workers/src/whatsapp/real.ts,77,identifier,erro,} catch (erro) {,,
apps/workers/src/whatsapp/real.ts,85,identifier,codigo,const codigo = String(data.error?.code ?? resposta.status);,,
apps/workers/src/whatsapp/real.ts,86,identifier,texto,const texto =,,
apps/workers/src/whatsapp/real.ts,96,identifier,provedor,const idProvedor = data.messages?.[0]?.id;,,
apps/workers/src/whatsapp/real.ts,100,identifier,provedor,return { idProvedor };,,
apps/workers/src/whatsapp/real.ts,104,identifier,pedido,"export function montarCorpo(pedido: PedidoEnvio): Record<string, unknown> {",,
apps/workers/src/whatsapp/real.ts,106,identifier,conteudo,const conteudo = pedido.conteudo;,,
apps/workers/src/whatsapp/real.ts,160,identifier,conteudo,"function media(conteudo: ContentMedia): Record<string, string> {",,
apps/workers/src/whatsapp/template.ts,5,identifier,cabecalho,export type CabecalhoTemplate = 'nenhum' | 'texto' | 'imagem' | 'video' | 'documento';,,
apps/workers/src/whatsapp/template.ts,5,literal-value,nenhum,export type CabecalhoTemplate = 'nenhum' | 'texto' | 'imagem' | 'video' | 'documento';,,
apps/workers/src/whatsapp/template.ts,5,literal-value,texto,export type CabecalhoTemplate = 'nenhum' | 'texto' | 'imagem' | 'video' | 'documento';,,
apps/workers/src/whatsapp/template.ts,9,identifier,cabecalho,export function headerHasMedia(cabecalho: CabecalhoTemplate): boolean {,,
apps/workers/src/whatsapp/template.ts,14,identifier,cabecalho,export function offset(cabecalho: CabecalhoTemplate): number {,,
apps/workers/src/whatsapp/template.ts,21,identifier,cabecalho,"export function positionOfVariable(indiceNoCorpo: number, cabecalho: CabecalhoTemplate): number {",,
apps/workers/src/whatsapp/template.ts,25,identifier,para,export interface TemplateParaEnvio {,,
apps/workers/src/whatsapp/template.ts,27,identifier,idioma,idioma: string;,,
apps/workers/src/whatsapp/template.ts,28,identifier,cabecalho,cabecalhoTipo: CabecalhoTemplate;,,
apps/workers/src/whatsapp/template.ts,47,identifier,codigo,readonly codigo = 'template_parametro_faltando' as const;,,
apps/workers/src/whatsapp/template.ts,47,literal-value,faltando,readonly codigo = 'template_parametro_faltando' as const;,,
apps/workers/src/whatsapp/template.ts,58,identifier,imagem,"imagem: 'image',",,
apps/workers/src/whatsapp/template.ts,60,identifier,documento,"documento: 'document',",,
apps/workers/tests/credentials.test.ts,2,identifier,cifrar,"import { cifrarConfig, keyringOfEnvironment } from '@pipe/db';",,
apps/workers/tests/credentials.test.ts,12,identifier,acesso,"const config = cifrarConfig({ phoneNumberId: '123', tokenAcesso: 'token-de-verdade' }, keyringOfEnvironment());",,
apps/workers/tests/credentials.test.ts,19,identifier,acesso,"expect(credentialsOf({ phoneNumberId: '1', tokenAcesso: 'claro' })).toMatchObject({ tokenAccess: 'claro' });",,
apps/workers/tests/interativo.test.ts,2,identifier,conteudo,"import { conteudoDaPergunta, formatOfQuestion, preferencesInteractiveOf } from '../src/whatsapp/interativo.js';",,
apps/workers/tests/interativo.test.ts,5,identifier,ligado,"const ligado = { quickReply: true, menu: true };",,
apps/workers/tests/interativo.test.ts,5,identifier,quick,"const ligado = { quickReply: true, menu: true };",,
apps/workers/tests/interativo.test.ts,13,identifier,quick,"expect(formatOfQuestion(2, { quickReply: false, menu: true })).toBe('lista');",,
apps/workers/tests/interativo.test.ts,14,identifier,quick,"expect(formatOfQuestion(2, { quickReply: false, menu: false })).toBe('texto');",,
apps/workers/tests/interativo.test.ts,16,identifier,preferencias,"expect(preferencesInteractiveOf({ preferencias: { menu: false } })).toEqual({ quickReply: true, menu: false });",,
apps/workers/tests/interativo.test.ts,16,identifier,quick,"expect(preferencesInteractiveOf({ preferencias: { menu: false } })).toEqual({ quickReply: true, menu: false });",,
apps/workers/tests/interativo.test.ts,20,identifier,opcoes,"expect(conteudoDaPergunta({ texto: 'Oi', opcoes: ['a'.repeat(21)] }, ligado)).toBeNull();",,
apps/workers/tests/interativo.test.ts,20,identifier,texto,"expect(conteudoDaPergunta({ texto: 'Oi', opcoes: ['a'.repeat(21)] }, ligado)).toBeNull();",,
apps/workers/tests/interativo.test.ts,21,identifier,opcoes,"expect(conteudoDaPergunta({ texto: 'Oi', opcoes: ['Sim', 'Sim'] }, ligado)).toBeNull();",,
apps/workers/tests/interativo.test.ts,21,identifier,texto,"expect(conteudoDaPergunta({ texto: 'Oi', opcoes: ['Sim', 'Sim'] }, ligado)).toBeNull();",,
apps/workers/tests/interativo.test.ts,22,identifier,opcoes,"expect(conteudoDaPergunta({ texto: '  ', opcoes: ['Sim'] }, ligado)).toBeNull();",,
apps/workers/tests/interativo.test.ts,22,identifier,texto,"expect(conteudoDaPergunta({ texto: '  ', opcoes: ['Sim'] }, ligado)).toBeNull();",,
apps/workers/tests/interativo.test.ts,24,identifier,quatro,"const quatro = ['a'.repeat(22), 'b', 'c', 'd'];",,
apps/workers/tests/interativo.test.ts,25,identifier,opcoes,"expect(conteudoDaPergunta({ texto: 'Oi', opcoes: quatro }, ligado)).toMatchObject({ format: 'lista' });",,
apps/workers/tests/interativo.test.ts,25,identifier,texto,"expect(conteudoDaPergunta({ texto: 'Oi', opcoes: quatro }, ligado)).toMatchObject({ format: 'lista' });",,
apps/workers/tests/interativo.test.ts,29,identifier,opcoes,"const buttons = conteudoDaPergunta({ texto: 'Como ajudar?', opcoes: ['Financeiro', 'Suporte'] }, ligado)!;",,
apps/workers/tests/interativo.test.ts,29,identifier,texto,"const buttons = conteudoDaPergunta({ texto: 'Como ajudar?', opcoes: ['Financeiro', 'Suporte'] }, ligado)!;",,
apps/workers/tests/interativo.test.ts,30,identifier,conteudo,"expect(montarCorpo({ para: '55', conteudo: buttons, credentials })).toMatchObject({",,
apps/workers/tests/interativo.test.ts,30,identifier,para,"expect(montarCorpo({ para: '55', conteudo: buttons, credentials })).toMatchObject({",,
apps/workers/tests/interativo.test.ts,43,identifier,opcoes,"const lista = conteudoDaPergunta({ texto: 'Escolha', opcoes: ['a', 'b', 'c', 'd'] }, ligado)!;",,
apps/workers/tests/interativo.test.ts,43,identifier,texto,"const lista = conteudoDaPergunta({ texto: 'Escolha', opcoes: ['a', 'b', 'c', 'd'] }, ligado)!;",,
apps/workers/tests/interativo.test.ts,44,identifier,conteudo,"expect(montarCorpo({ para: '55', conteudo: lista, credentials })).toMatchObject({",,
apps/workers/tests/interativo.test.ts,44,identifier,para,"expect(montarCorpo({ para: '55', conteudo: lista, credentials })).toMatchObject({",,
apps/workers/tests/telefone-e-csv.test.ts,2,identifier,para,"import { NormalizadorBrasil, candidatosDoTelefone, paraE164 } from '@pipe/core';",,
apps/workers/tests/telefone-e-csv.test.ts,3,identifier,ler,"import { CsvMalformado, escreverCsv, lerCsv } from '../src/csv.js';",,
apps/workers/tests/telefone-e-csv.test.ts,3,identifier,malformado,"import { CsvMalformado, escreverCsv, lerCsv } from '../src/csv.js';",,
apps/workers/tests/telefone-e-csv.test.ts,17,string-literal,antigo,"it('celular antigo de oito dígitos ganha o 9', () => {",,
apps/workers/tests/telefone-e-csv.test.ts,17,string-literal,celular,"it('celular antigo de oito dígitos ganha o 9', () => {",,
apps/workers/tests/telefone-e-csv.test.ts,17,string-literal,digitos,"it('celular antigo de oito dígitos ganha o 9', () => {",,
apps/workers/tests/telefone-e-csv.test.ts,21,string-literal,com,"it('fixo (começa com 2 a 5) não ganha o 9', () => {",,
apps/workers/tests/telefone-e-csv.test.ts,21,string-literal,nao,"it('fixo (começa com 2 a 5) não ganha o 9', () => {",,
apps/workers/tests/telefone-e-csv.test.ts,30,string-literal,nao,"it('não tira o 9 quando o que sobra seria um fixo', () => {",,
apps/workers/tests/telefone-e-csv.test.ts,30,string-literal,quando,"it('não tira o 9 quando o que sobra seria um fixo', () => {",,
apps/workers/tests/telefone-e-csv.test.ts,30,string-literal,sobra,"it('não tira o 9 quando o que sobra seria um fixo', () => {",,
apps/workers/tests/telefone-e-csv.test.ts,34,string-literal,devolve,"it('país sem normalizador devolve só a própria forma', () => {",,
apps/workers/tests/telefone-e-csv.test.ts,34,string-literal,propria,"it('país sem normalizador devolve só a própria forma', () => {",,
apps/workers/tests/telefone-e-csv.test.ts,34,string-literal,sem,"it('país sem normalizador devolve só a própria forma', () => {",,
apps/workers/tests/telefone-e-csv.test.ts,50,identifier,saida,"for (const [inbound, saida] of casos) {",,
apps/workers/tests/telefone-e-csv.test.ts,58,string-literal,aspas,"it('aspas protegem vírgula e quebra de linha; """" é uma aspa', () => {",,
apps/workers/tests/telefone-e-csv.test.ts,58,string-literal,quebra,"it('aspas protegem vírgula e quebra de linha; """" é uma aspa', () => {",,
apps/workers/tests/telefone-e-csv.test.ts,64,string-literal,como,"it('detecta ponto e vírgula, que é como o Excel em português salva', () => {",,
apps/workers/tests/telefone-e-csv.test.ts,64,string-literal,ponto,"it('detecta ponto e vírgula, que é como o Excel em português salva', () => {",,
apps/workers/tests/telefone-e-csv.test.ts,64,string-literal,salva,"it('detecta ponto e vírgula, que é como o Excel em português salva', () => {",,
apps/workers/tests/telefone-e-csv.test.ts,68,string-literal,branco,"it('tira o BOM e pula linha em branco', () => {",,
apps/workers/tests/telefone-e-csv.test.ts,78,string-literal,conteudo,"it('escreve e relê o mesmo conteúdo', () => {",,
apps/workers/tests/telefone-e-csv.test.ts,89,string-literal,cabecalhos,"describe('cabeçalhos em português', () => {",,
apps/workers/tests/telefone-e-csv.test.ts,90,string-literal,colunas,"it('viram as colunas que o porte reconhece', () => {",,
apps/workers/tests/whatsapp.test.ts,15,identifier,erro,"{ nome: 'jpeg passa', midia: { tipo: 'imagem', mime: 'image/jpeg', bytes: 900_000 }, erro: null },",,
apps/workers/tests/whatsapp.test.ts,15,identifier,midia,"{ nome: 'jpeg passa', midia: { tipo: 'imagem', mime: 'image/jpeg', bytes: 900_000 }, erro: null },",,
apps/workers/tests/whatsapp.test.ts,16,identifier,erro,"{ nome: 'mime com charset passa', midia: { tipo: 'imagem', mime: 'image/png; charset=binary', bytes: 10 }, erro: null },",,
apps/workers/tests/whatsapp.test.ts,16,identifier,midia,"{ nome: 'mime com charset passa', midia: { tipo: 'imagem', mime: 'image/png; charset=binary', bytes: 10 }, erro: null },",,
apps/workers/tests/whatsapp.test.ts,16,literal-value,com,"{ nome: 'mime com charset passa', midia: { tipo: 'imagem', mime: 'image/png; charset=binary', bytes: 10 }, erro: null },",,
apps/workers/tests/whatsapp.test.ts,17,identifier,erro,"{ nome: 'bmp não está na lista', midia: { tipo: 'imagem', mime: 'image/bmp', bytes: 10 }, erro: 'midia_formato_recusado'",,
apps/workers/tests/whatsapp.test.ts,17,identifier,midia,"{ nome: 'bmp não está na lista', midia: { tipo: 'imagem', mime: 'image/bmp', bytes: 10 }, erro: 'midia_formato_recusado'",,
apps/workers/tests/whatsapp.test.ts,17,literal-value,esta,"{ nome: 'bmp não está na lista', midia: { tipo: 'imagem', mime: 'image/bmp', bytes: 10 }, erro: 'midia_formato_recusado'",,
apps/workers/tests/whatsapp.test.ts,17,literal-value,nao,"{ nome: 'bmp não está na lista', midia: { tipo: 'imagem', mime: 'image/bmp', bytes: 10 }, erro: 'midia_formato_recusado'",,
apps/workers/tests/whatsapp.test.ts,18,identifier,erro,"{ nome: 'executável não é documento', midia: { tipo: 'documento', mime: 'application/x-msdownload', bytes: 10 }, erro: '",,
apps/workers/tests/whatsapp.test.ts,18,identifier,midia,"{ nome: 'executável não é documento', midia: { tipo: 'documento', mime: 'application/x-msdownload', bytes: 10 }, erro: '",,
apps/workers/tests/whatsapp.test.ts,18,literal-value,nao,"{ nome: 'executável não é documento', midia: { tipo: 'documento', mime: 'application/x-msdownload', bytes: 10 }, erro: '",,
apps/workers/tests/whatsapp.test.ts,19,identifier,erro,"{ nome: 'pdf de 99 MB passa', midia: { tipo: 'documento', mime: 'application/pdf', bytes: 99 * MB }, erro: null },",,
apps/workers/tests/whatsapp.test.ts,19,identifier,midia,"{ nome: 'pdf de 99 MB passa', midia: { tipo: 'documento', mime: 'application/pdf', bytes: 99 * MB }, erro: null },",,
apps/workers/tests/whatsapp.test.ts,20,identifier,erro,"{ nome: 'pdf de 101 MB estoura', midia: { tipo: 'documento', mime: 'application/pdf', bytes: 101 * MB }, erro: 'midia_gr",,
apps/workers/tests/whatsapp.test.ts,20,identifier,midia,"{ nome: 'pdf de 101 MB estoura', midia: { tipo: 'documento', mime: 'application/pdf', bytes: 101 * MB }, erro: 'midia_gr",,
apps/workers/tests/whatsapp.test.ts,20,literal-value,estoura,"{ nome: 'pdf de 101 MB estoura', midia: { tipo: 'documento', mime: 'application/pdf', bytes: 101 * MB }, erro: 'midia_gr",,
apps/workers/tests/whatsapp.test.ts,21,identifier,erro,"{ nome: 'vídeo de 17 MB estoura', midia: { tipo: 'video', mime: 'video/mp4', bytes: 17 * MB }, erro: 'midia_grande_demai",,
apps/workers/tests/whatsapp.test.ts,21,identifier,midia,"{ nome: 'vídeo de 17 MB estoura', midia: { tipo: 'video', mime: 'video/mp4', bytes: 17 * MB }, erro: 'midia_grande_demai",,
apps/workers/tests/whatsapp.test.ts,21,literal-value,estoura,"{ nome: 'vídeo de 17 MB estoura', midia: { tipo: 'video', mime: 'video/mp4', bytes: 17 * MB }, erro: 'midia_grande_demai",,
apps/workers/tests/whatsapp.test.ts,22,identifier,erro,"{ nome: 'áudio de 15 MB passa', midia: { tipo: 'audio', mime: 'audio/ogg', bytes: 15 * MB }, erro: null },",,
apps/workers/tests/whatsapp.test.ts,22,identifier,midia,"{ nome: 'áudio de 15 MB passa', midia: { tipo: 'audio', mime: 'audio/ogg', bytes: 15 * MB }, erro: null },",,
apps/workers/tests/whatsapp.test.ts,24,identifier,erro,"{ nome: 'imagem grande passa por falta de limite documentado', midia: { tipo: 'imagem', mime: 'image/png', bytes: 500 * ",,
apps/workers/tests/whatsapp.test.ts,24,identifier,midia,"{ nome: 'imagem grande passa por falta de limite documentado', midia: { tipo: 'imagem', mime: 'image/png', bytes: 500 * ",,
apps/workers/tests/whatsapp.test.ts,24,literal-value,grande,"{ nome: 'imagem grande passa por falta de limite documentado', midia: { tipo: 'imagem', mime: 'image/png', bytes: 500 * ",,
apps/workers/tests/whatsapp.test.ts,24,literal-value,limite,"{ nome: 'imagem grande passa por falta de limite documentado', midia: { tipo: 'imagem', mime: 'image/png', bytes: 500 * ",,
apps/workers/tests/whatsapp.test.ts,24,literal-value,por,"{ nome: 'imagem grande passa por falta de limite documentado', midia: { tipo: 'imagem', mime: 'image/png', bytes: 500 * ",,
apps/workers/tests/whatsapp.test.ts,34,string-literal,fechada,"it('a política é parâmetro, não constante fechada', () => {",,
apps/workers/tests/whatsapp.test.ts,34,string-literal,nao,"it('a política é parâmetro, não constante fechada', () => {",,
apps/workers/tests/whatsapp.test.ts,34,string-literal,politica,"it('a política é parâmetro, não constante fechada', () => {",,
apps/workers/tests/whatsapp.test.ts,36,identifier,formatos,"formatos: { ...POLICY_MEDIA_DEFAULT.formatos, imagem: ['image/png'] },",,
apps/workers/tests/whatsapp.test.ts,36,identifier,imagem,"formatos: { ...POLICY_MEDIA_DEFAULT.formatos, imagem: ['image/png'] },",,
apps/workers/tests/whatsapp.test.ts,37,identifier,maximo,"tamanhoMaximoBytes: POLICY_MEDIA_DEFAULT.tamanhoMaximoBytes,",,
apps/workers/tests/whatsapp.test.ts,45,string-literal,shift,"describe('Shift body parameter positions when a template has header media', () => {",,
apps/workers/tests/whatsapp.test.ts,47,literal-value,aviso,"nome: 'aviso',",,
apps/workers/tests/whatsapp.test.ts,48,identifier,idioma,"idioma: 'pt_BR',",,
apps/workers/tests/whatsapp.test.ts,49,identifier,cabecalho,"cabecalhoTipo: 'nenhum',",,
apps/workers/tests/whatsapp.test.ts,49,literal-value,nenhum,"cabecalhoTipo: 'nenhum',",,
apps/workers/tests/whatsapp.test.ts,53,identifier,cabecalho,"const withMedia = { ...withoutMedia, cabecalhoTipo: 'imagem' } as const;",,
apps/workers/tests/whatsapp.test.ts,90,string-literal,shift,"it('Put header media in position one and shift body parameters', () => {",,
apps/workers/tests/whatsapp.test.ts,115,string-literal,cada,"it('cresce a cada tentativa e respeita o teto', () => {",,
apps/workers/tests/whatsapp.test.ts,115,string-literal,respeita,"it('cresce a cada tentativa e respeita o teto', () => {",,
apps/workers/tests/whatsapp.test.ts,116,identifier,sem,const semSorteio = () => 0.5;,,
