file,line,kind,token,snippet,category,exception_ref
.dockerignore,1,comment,,# O contexto de build de toda imagem do Pipe é a raiz do monorepo — é a única,,
.dockerignore,5,comment,,"# Cada aplicativo tem ainda o seu `apps/<app>/Dockerfile.dockerignore`, que o",,
.dockerignore,6,comment,,# BuildKit usa NO LUGAR deste e corta também os aplicativos irmãos. Este aqui é,,
.dockerignore,7,comment,,# o piso: vale no builder clássico e em `docker build .` na mão.,,
.dockerignore,9,comment,,# Nunca vão para dentro da imagem: são reconstruídos no estágio de build.,,
.dockerignore,16,comment,,# Segredo. `apps/gestao/.env` e `apps/crm/.env` estão versionados com credencial,,
.dockerignore,18,comment,,"# produção do contêiner, porque o Next carrega `.env` antes de `process.env`.",,
.dockerignore,27,comment,,# Não entram em imagem nenhuma.,,
apps/api/Dockerfile,4,comment,,"# node:22-alpine, não 20: o `engines` da raiz exige `>=22` (o README ainda diz 20,",,
apps/api/Dockerfile,5,comment,,# está desatualizado) e o pnpm recusa instalar fora do intervalo. Alpine porque,,
apps/api/Dockerfile,6,comment,,"# a única dependência nativa, `isolated-vm` (sandbox de script do fluxo), já traz",,
apps/api/Dockerfile,7,comment,,# binário musl pronto em `prebuilds/`; `pg` é JavaScript puro e o `pg-native`,,
apps/api/Dockerfile,8,comment,,# opcional não está instalado. musl não custa nada e corta ~130 MB.,,
apps/api/Dockerfile,9,comment,,# `isolated-vm` 6.x roda no Node 22 e exige `--no-node-snapshot` (ver CMD).,,
apps/api/Dockerfile,19,comment,,"# Só os `package.json` primeiro: enquanto nenhum mudar, esta camada e o",,
apps/api/Dockerfile,20,comment,,"# `pnpm install` inteiro vêm do cache, mesmo que todo o código-fonte tenha",,
apps/api/Dockerfile,21,comment,,# mudado. Os manifestos dos aplicativos que a API não usa entram do mesmo jeito,,
apps/api/Dockerfile,22,comment,,# porque `--frozen-lockfile` confere o lockfile contra o workspace COMPLETO: se,,
apps/api/Dockerfile,23,comment,,"# faltar um, o pnpm diz que o lockfile está desatualizado e para.",,
apps/api/Dockerfile,39,comment,,"# `@pipe/api...` = a API e as dependências dela no workspace, e nada mais: o Next",,
apps/api/Dockerfile,40,comment,,# e o React dos três front-ends nem chegam a ser baixados.,,
apps/api/Dockerfile,45,comment,,# `packages` inteiro em vez dos três ou quatro que a API usa hoje: o grafo muda,,
apps/api/Dockerfile,46,comment,,# (o `@pipe/contracts` entrou nele nesta semana) e uma lista aqui envelhece em,,
apps/api/Dockerfile,47,comment,,"# silêncio. Os aplicativos irmãos, que são o peso de verdade, continuam de fora.",,
apps/api/Dockerfile,52,comment,,"# `migrar.ts` importa `dotenv/config`, e `dotenv` é devDependency do @pipe/db.",,
apps/api/Dockerfile,53,comment,,# Sem esta cópia o serviço `migrar` do compose morre no primeiro import — e ele,,
apps/api/Dockerfile,54,comment,,"# roda ANTES do código novo subir, então a publicação inteira para.",,
apps/api/Dockerfile,56,comment,,"# Fica só o que a imagem final precisa: `dist/`, `package.json` e as migrations",,
apps/api/Dockerfile,57,comment,,"# do @pipe/db. Código-fonte, teste e config de build não entram em imagem.",,
apps/api/Dockerfile,59,identifier,semente,\( -name src -o -name tests -o -name semente -o -name node_modules \,,
apps/api/Dockerfile,64,comment,,# --- node_modules de produção ----------------------------------------------,,
apps/api/Dockerfile,65,comment,,"# Instalação separada, em árvore limpa e sem código-fonte nenhum. É mais barata",,
apps/api/Dockerfile,66,comment,,# do que parece: a store em cache resolve quase tudo por hardlink.,,
apps/api/Dockerfile,68,comment,,# `pnpm deploy` seria o caminho óbvio e NÃO serve aqui: ele empacota os pacotes,,
apps/api/Dockerfile,69,comment,,"# do workspace com as regras do `npm pack`, que respeitam o `.gitignore` da raiz",,
apps/api/Dockerfile,70,comment,,# — e lá `dist/` está ignorado. O resultado é uma imagem que carrega o `src/` de,,
apps/api/Dockerfile,71,comment,,"# cada pacote e nenhum `dist/`, quebrando no primeiro import. Custou uma build",,
apps/api/Dockerfile,72,comment,,# para descobrir; está escrito aqui para não custar uma segunda.,,
apps/api/Dockerfile,78,comment,,"# Sem pnpm, sem corepack, sem código-fonte, sem devDependencies.",,
apps/api/Dockerfile,82,comment,,# O layout do workspace é preservado de propósito: o pnpm liga,,
apps/api/Dockerfile,83,comment,,"# `apps/api/node_modules/@pipe/core` por symlink relativo até `packages/core`, e",,
apps/api/Dockerfile,84,comment,,# achatar os diretórios quebraria essa resolução.,,
apps/api/Dockerfile,90,comment,,# `node` (uid 1000) já vem na imagem oficial; criar outro usuário seria trabalho à toa.,,
apps/api/Dockerfile,95,comment,,# A API ainda não expõe `/saude` (pendência 1 do infra/README) e este arquivo não,,
apps/api/Dockerfile,96,comment,,"# pode inventá-la. Até lá o teste é ""o servidor HTTP responde alguma coisa"":",,
apps/api/Dockerfile,97,comment,,# aceita o 404 do Nest na raiz e reprova 5xx e conexão recusada. É menos do que,,
apps/api/Dockerfile,98,comment,,"# um /saude de verdade, e é honesto sobre isso.",,
apps/api/Dockerfile,100,identifier,cmd,"CMD node -e ""require('http').get('http://127.0.0.1:'+(process.env.PORT||3100)+'/',r=>process.exit(r.statusCode<500?0:1))",,
apps/api/Dockerfile,102,identifier,cmd,"CMD [""node"", ""--no-node-snapshot"", ""dist/main.js""]",,
apps/crm/Dockerfile,4,comment,,# node:22-alpine pelo mesmo motivo da API: o `engines` da raiz exige `>=22` e o,,
apps/crm/Dockerfile,6,comment,,"# binário musl — não há compilação nativa aqui, e são ~130 MB a menos.",,
apps/crm/Dockerfile,16,comment,,"# `package.json` antes do código-fonte: enquanto nenhum manifesto mudar, o",,
apps/crm/Dockerfile,17,comment,,"# `pnpm install` inteiro sai do cache de camada. Entram todos, inclusive os dos",,
apps/crm/Dockerfile,18,comment,,"# aplicativos irmãos, porque `--frozen-lockfile` confere o lockfile contra o",,
apps/crm/Dockerfile,36,comment,,# `@pipe/crm...` = o aplicativo e as dependências dele no workspace. Os outros,,
apps/crm/Dockerfile,37,comment,,# dois front-ends e a API nem chegam a ser baixados.,,
apps/crm/Dockerfile,40,comment,,# `packages` inteiro em vez de listar core/db/ui: o grafo de dependência muda,,
apps/crm/Dockerfile,41,comment,,# (`@pipe/contracts` entrou nele nesta semana) e uma lista aqui envelheceria em,,
apps/crm/Dockerfile,42,comment,,# silêncio. O peso de verdade — os aplicativos irmãos — segue de fora.,,
apps/crm/Dockerfile,45,comment,,# A telemetria do Next tenta sair para a rede a cada build e polui o log de CI.,,
apps/crm/Dockerfile,50,comment,,# Só a saída `standalone`: o Next rastreia os arquivos que o servidor de fato,,
apps/crm/Dockerfile,51,comment,,"# importa e copia apenas esses. Não há pnpm, devDependencies, `.ts` nem o pacote",,
apps/crm/Dockerfile,55,comment,,"# 3000, e não a 3300 do `pnpm dev`: dentro do contêiner todo front escuta na",,
apps/crm/Dockerfile,56,comment,,"# 3000, que é a porta que as labels do Traefik em docker-compose.prod.yml pedem.",,
apps/crm/Dockerfile,59,comment,,"# O `standalone` já reproduz o layout do monorepo (apps/ e packages/), por isso o",,
apps/crm/Dockerfile,60,comment,,# destino é a raiz do WORKDIR e o `server.js` fica em apps/crm/.,,
apps/crm/Dockerfile,62,comment,,# O `standalone` NÃO inclui os estáticos. Sem esta linha o servidor sobe e a,,
apps/crm/Dockerfile,63,comment,,"# página vem sem CSS nem JS, com 404 em tudo sob /_next/static.",,
apps/crm/Dockerfile,66,comment,,# `node` (uid 1000) já vem na imagem oficial; criar outro usuário seria trabalho à toa.,,
apps/crm/Dockerfile,70,comment,,# Este front não tem rota de saúde (o compose de produção aponta para,,
apps/crm/Dockerfile,71,comment,,"# `/api/saude`, que não existe — pendência 1 do infra/README). O que dá para",,
apps/crm/Dockerfile,72,comment,,# afirmar sem inventar é: o processo aceitou a conexão e devolveu uma resposta,,
apps/crm/Dockerfile,73,comment,,"# HTTP. Não vale como readiness, e de propósito NÃO reprova 5xx: a raiz depende",,
apps/crm/Dockerfile,75,comment,,# publicação no `--wait` do deploy.sh.,,
apps/crm/Dockerfile,76,identifier,cmd,"HEALTHCHECK --interval=15s --timeout=5s --start-period=30s --retries=4   CMD node -e ""require('http').get('http://127.0.",,
apps/crm/Dockerfile,78,identifier,cmd,"CMD [""node"", ""apps/crm/server.js""]",,
apps/desk-vite/Dockerfile,1,comment,,# Desk Vite estático. Construir da raiz: docker build -f apps/desk-vite/Dockerfile .,,
apps/desk-vite/Dockerfile,34,identifier,cmd,CMD wget -q --spider http://127.0.0.1/ || exit 1,,
apps/desk-vite/Dockerfile,35,identifier,cmd,"CMD [""nginx"", ""-g"", ""daemon off;""]",,
apps/management-vite/Dockerfile,1,comment,,"# Imagem do Gestão (Vite + React, SPA estática). Construir a partir da RAIZ do monorepo:",,
apps/management-vite/Dockerfile,4,comment,,# node:22-alpine só no estágio de build: o `engines` da raiz exige `>=22` e o,,
apps/management-vite/Dockerfile,5,comment,,# pnpm recusa instalar fora do intervalo. A imagem final não tem Node nenhum —,,
apps/management-vite/Dockerfile,6,comment,,"# é `nginx:1.27-alpine` servindo os arquivos que o `vite build` gerou, o mesmo",,
apps/management-vite/Dockerfile,7,comment,,# servidor que `apps/site/Dockerfile` usa para o site estático.,,
apps/management-vite/Dockerfile,17,comment,,"# `package.json` antes do código-fonte: enquanto nenhum manifesto mudar, o",,
apps/management-vite/Dockerfile,18,comment,,"# `pnpm install` inteiro sai do cache de camada. Entram todos, inclusive os dos",,
apps/management-vite/Dockerfile,19,comment,,"# aplicativos irmãos, porque `--frozen-lockfile` confere o lockfile contra o",,
apps/management-vite/Dockerfile,36,comment,,# `@pipe/management-vite...` = o aplicativo e as dependências dele no workspace. Os,,
apps/management-vite/Dockerfile,37,comment,,"# outros front-ends, a API e o Next da Gestão nem chegam a ser baixados.",,
apps/management-vite/Dockerfile,42,comment,,# `packages` inteiro em vez de listar contracts/core/ui: o grafo de dependência,,
apps/management-vite/Dockerfile,43,comment,,# muda e uma lista aqui envelheceria em silêncio. O peso de verdade — os,,
apps/management-vite/Dockerfile,44,comment,,# aplicativos irmãos — segue de fora.,,
apps/management-vite/Dockerfile,53,comment,,# Só o `dist/`: o `vite build` já deixa em disco exatamente o que o navegador,,
apps/management-vite/Dockerfile,54,comment,,"# precisa — HTML, JS e CSS com hash — e nada do resto (pnpm, TypeScript, `src/`)",,
apps/management-vite/Dockerfile,63,identifier,cmd,CMD wget -q --spider http://127.0.0.1/ || exit 1,,
apps/management-vite/Dockerfile,65,identifier,cmd,"CMD [""nginx"", ""-g"", ""daemon off;""]",,
apps/site/docker-compose.yml,1,comment,,"# Site do Pipe, atrás do Traefik que já roda na VPS OVH (149.56.12.166, /opt/stack).",,
apps/site/docker-compose.yml,3,comment,,"# O DOMÍNIO AINDA NÃO FOI DEFINIDO. Antes de subir, crie um arquivo `.env` ao lado",,
apps/site/docker-compose.yml,4,comment,,"# deste, com a linha abaixo, trocando o valor pelo domínio que o dono escolher:",,
apps/site/docker-compose.yml,8,comment,,"# Se o domínio final tiver www, acrescente a segunda regra na label `rule`, assim:",,
apps/site/docker-compose.yml,11,comment,,# O nome da rede externa abaixo precisa bater com a rede que o Traefik já usa na VPS.,,
apps/site/docker-compose.yml,37,comment,,# HSTS e cabeçalhos de segurança,,
apps/site/Dockerfile,1,comment,,# Site estático do Pipe. Sem build: nginx serve os arquivos como estão.,,
apps/site/Dockerfile,7,identifier,blog,COPY blog/ /usr/share/nginx/html/blog/,,
apps/site/Dockerfile,8,identifier,ferramentas,COPY ferramentas/ /usr/share/nginx/html/ferramentas/,,
apps/site/Dockerfile,13,identifier,cmd,CMD wget -q --spider http://127.0.0.1/ || exit 1,,
apps/workers/Dockerfile,1,comment,,# Imagem dos workers (BullMQ). Construir a partir da RAIZ do monorepo:,,
apps/workers/Dockerfile,4,comment,,"# node:22-alpine, não 20: o `engines` da raiz exige `>=22` (o README ainda diz 20,",,
apps/workers/Dockerfile,5,comment,,# está desatualizado) e o pnpm recusa instalar fora do intervalo. Alpine porque,,
apps/workers/Dockerfile,6,comment,,# nada aqui é nativo — `pg` é JavaScript puro e o `pg-native` opcional não está,,
apps/workers/Dockerfile,7,comment,,"# instalado —, então musl não custa nada e corta ~130 MB.",,
apps/workers/Dockerfile,17,comment,,"# Só os `package.json` primeiro: enquanto nenhum mudar, esta camada e o",,
apps/workers/Dockerfile,18,comment,,"# `pnpm install` inteiro vêm do cache, mesmo que todo o código-fonte tenha",,
apps/workers/Dockerfile,19,comment,,# mudado. Os manifestos dos aplicativos que os workers não usam entram do mesmo,,
apps/workers/Dockerfile,20,comment,,# jeito porque `--frozen-lockfile` confere o lockfile contra o workspace,,
apps/workers/Dockerfile,21,comment,,"# COMPLETO: se faltar um, o pnpm diz que o lockfile está desatualizado e para.",,
apps/workers/Dockerfile,41,comment,,# `packages` inteiro em vez de listar core e db: o grafo muda e uma lista aqui,,
apps/workers/Dockerfile,42,comment,,"# envelheceria em silêncio. Os aplicativos irmãos, que são o peso, ficam fora.",,
apps/workers/Dockerfile,46,comment,,# `packages/db/src/migrar.ts` importa `dotenv/config` e é alcançado a partir do,,
apps/workers/Dockerfile,47,comment,,# `index` do @pipe/db — mas `dotenv` está declarado como devDependency ali. Numa,,
apps/workers/Dockerfile,48,comment,,# instalação `--prod` o pacote some e o worker morre no primeiro import. O,,
apps/workers/Dockerfile,49,comment,,# conserto de verdade é mover `dotenv` para `dependencies` em packages/db.,,
apps/workers/Dockerfile,51,comment,,"# Fica só o que a imagem final precisa: `dist/` e `package.json`. Código-fonte,",,
apps/workers/Dockerfile,52,comment,,# teste e configuração de build não entram em imagem.,,
apps/workers/Dockerfile,54,identifier,semente,\( -name src -o -name tests -o -name semente -o -name node_modules \,,
apps/workers/Dockerfile,59,comment,,# --- node_modules de produção ----------------------------------------------,,
apps/workers/Dockerfile,60,comment,,"# Instalação separada, em árvore limpa e sem código-fonte nenhum. É mais barata",,
apps/workers/Dockerfile,61,comment,,# do que parece: a store em cache resolve quase tudo por hardlink.,,
apps/workers/Dockerfile,63,comment,,# `pnpm deploy` seria o caminho óbvio e NÃO serve aqui: ele empacota os pacotes,,
apps/workers/Dockerfile,64,comment,,"# do workspace com as regras do `npm pack`, que respeitam o `.gitignore` da raiz",,
apps/workers/Dockerfile,65,comment,,# — e lá `dist/` está ignorado. Sai uma imagem carregando o `src/` de cada pacote,,
apps/workers/Dockerfile,66,comment,,"# e nenhum `dist/`, que quebra no primeiro import.",,
apps/workers/Dockerfile,75,comment,,# O layout do workspace é preservado de propósito: o pnpm liga,,
apps/workers/Dockerfile,76,comment,,# `apps/workers/node_modules/@pipe/core` por symlink relativo até,,
apps/workers/Dockerfile,77,comment,,"# `packages/core`, e achatar os diretórios quebraria essa resolução.",,
apps/workers/Dockerfile,83,comment,,# `node` (uid 1000) já vem na imagem oficial; criar outro usuário seria trabalho à toa.,,
apps/workers/Dockerfile,87,comment,,"# Os workers não escutam em porta nenhuma, então não há HTTP para checar. O que",,
apps/workers/Dockerfile,88,comment,,"# distingue ""vivo"" de ""vivo e inútil"" aqui é o Redis: sem ele o processo continua",,
apps/workers/Dockerfile,89,comment,,"# de pé consumindo fila nenhuma. O teto: isto prova a conexão, não que a fila",,
apps/workers/Dockerfile,90,comment,,# esteja andando — para isso é preciso a métrica,,
apps/workers/Dockerfile,91,comment,,# `pipe_queue_oldest_item_age_seconds` (pendência 3 do infra/README).,,
apps/workers/Dockerfile,93,identifier,cmd,"CMD node -e ""const R=require('ioredis');const c=new R(process.env.REDIS_URL||'redis://redis:6379',{maxRetriesPerRequest:",,
apps/workers/Dockerfile,95,identifier,cmd,"CMD [""node"", ""dist/main.js""]",,
docker-compose.yml,3,comment,,# pgvector em vez de postgres:16 puro: `trecho_conhecimento.embedding` e vector(1536).,,
docker-compose.yml,10,identifier,sao,TZ: America/Sao_Paulo,,
docker-compose.yml,12,comment,,# 5433 e 6380 no host para não brigar com um Postgres ou Redis já instalado.,,
docker-compose.yml,18,identifier,cmd,"test: ['CMD-SHELL', 'pg_isready -U pipe -d pipe']",,
docker-compose.yml,32,identifier,cmd,"test: ['CMD', 'redis-cli', 'ping']",,
infra/.sops.yaml,1,comment,,# Regras do SOPS. Rode `sops` a partir de `infra/` para que este arquivo valha.,,
infra/.sops.yaml,3,comment,,"# age em vez de GPG: chave de 60 caracteres, sem chaveiro, sem agente, sem data de",,
infra/.sops.yaml,4,comment,,# validade que expira no feriado. O segredo cifrado é versionado no repositório e,,
infra/.sops.yaml,5,comment,,"# o diff continua legível — muda uma linha, aparece uma linha.",,
infra/.sops.yaml,7,comment,,"# Duas destinatárias em toda regra, sempre:",,
infra/.sops.yaml,8,comment,,"#  - a do operador, que fica na máquina dele e numa cópia offline;",,
infra/.sops.yaml,9,comment,,"#  - a de deploy, que fica na VPS em /opt/pipe-dados/age.key e SÓ decifra.",,
infra/.sops.yaml,10,comment,,# Uma só significa que perder o notebook é perder produção.,,
infra/.sops.yaml,12,comment,,# Rotacionar destinatária: edite as chaves abaixo e rode,,
infra/.sops.yaml,14,comment,,# O conteúdo não muda; muda quem consegue abrir.,,
infra/.sops.yaml,27,comment,,"# Segredos do cluster: o kustomize-controller do Flux decifra sozinho, com a",,
infra/.sops.yaml,28,comment,,# chave guardada como Secret no cluster. Não é preciso outro operador para isso.,,
infra/build-images.sh,2,comment,,# Constrói as imagens do Pipe. Roda da raiz do repositório ou de qualquer lugar.,,
infra/build-images.sh,5,comment,,#   ./infra/build-images.sh v1.4.2 api      # só a API,,
infra/build-images.sh,8,comment,,# A versão é obrigatória e vira a tag que o docker-compose.prod.yml consome em,,
infra/build-images.sh,9,comment,,"# `${PIPE_VERSAO}`. `latest` sai junto, e só ela: um deploy nunca deve apontar",,
infra/build-images.sh,10,comment,,"# para `latest`, porque então ""voltar a versão anterior"" deixa de ter sentido.",,
infra/build-images.sh,13,identifier,versao,"VERSAO=""${1:?uso: build-images.sh <versao> [app ...]}""",,
infra/build-images.sh,14,identifier,shift,shift || true,,
infra/build-images.sh,23,comment,,# BuildKit explícito: é ele que honra o `apps/<app>/Dockerfile.dockerignore` e o,,
infra/build-images.sh,24,comment,,"# cache de store do pnpm. No builder clássico a build funciona, só fica lenta e",,
infra/build-images.sh,28,comment,,"# Mesmo com a base já em cache, o BuildKit consulta o registro para resolver o",,
infra/build-images.sh,29,comment,,# manifesto do `node:22-alpine` — e para a build inteira se a rede oscilar.,,
infra/build-images.sh,30,comment,,# `SEM_PULL=1` usa o que já está em cache. Não use em CI: lá interessa a base,,
infra/build-images.sh,31,comment,,"# atualizada, com as correções de segurança do alpine.",,
infra/build-images.sh,33,identifier,sem,"[[ ""${SEM_PULL:-0}"" == ""1"" ]] && PULL=(--pull=false)",,
infra/build-images.sh,38,comment,,"# O site é estático e mora no próprio diretório, sem workspace pnpm nenhum.",,
infra/build-images.sh,40,identifier,contexto,"contexto=""apps/site""",,
infra/build-images.sh,42,identifier,contexto,"contexto="".""",,
infra/build-images.sh,53,identifier,versao,"echo ""==> ${REGISTRO}/${app}:${VERSAO}""",,
infra/build-images.sh,56,identifier,versao,"--tag ""${REGISTRO}/${app}:${VERSAO}"" \",,
infra/build-images.sh,61,identifier,contexto,"""$contexto""",,
infra/build-images.sh,65,identifier,imagem,"echo ""imagem                                          tamanho""",,
infra/build-images.sh,67,identifier,versao,"docker image ls ""${REGISTRO}/${app}:${VERSAO}"" --format '{{.Repository}}:{{.Tag}}|{{.Size}}' \",,
infra/build-images.sh,71,comment,,# Tamanho de disco descomprimido. O que trafega no `docker pull` é bem menor —,,
infra/build-images.sh,72,comment,,"# a camada base do node:22-alpine, que responde por ~240 MB de cada linha acima,",,
infra/build-images.sh,73,comment,,"# é a MESMA em `api`, `workers`, `desk` e `crm`: baixa uma vez e as quatro a",,
infra/build-images.sh,74,comment,,# compartilham. `management-vite` e `site` não entram nessa conta — a imagem final,,
infra/build-images.sh,75,comment,,"# dos dois é `nginx:1.27-alpine`, bem menor, porque não sobra Node nenhum depois",,
infra/build-images.sh,77,identifier,por,"echo ""(tamanho descomprimido; a camada base node:22-alpine é compartilhada por api/workers/desk/crm — management-vite e ",,
infra/build-images.sh,77,identifier,sao,"echo ""(tamanho descomprimido; a camada base node:22-alpine é compartilhada por api/workers/desk/crm — management-vite e ",,
infra/build-images.sh,81,identifier,versao,"docker push ""${REGISTRO}/${app}:${VERSAO}""",,
infra/compose/backup/backup.sh,2,comment,,# Backup diário do Postgres. Disparado pelo timer pipe-backup.timer.,,
infra/compose/backup/backup.sh,5,comment,,# centenas de GB gasta banda e janela sem comprar nada — o WAL contínuo é quem,,
infra/compose/backup/backup.sh,6,comment,,"# garante o RPO, o full só encurta o tempo de restauração.",,
infra/compose/backup/backup.sh,16,comment,,# O expire aplica a retenção declarada no pgbackrest.conf. Roda mesmo se o backup,,
infra/compose/backup/backup.sh,17,comment,,# falhou: bucket cheio é o segundo jeito mais comum de perder backup.,,
infra/compose/backup/backup.sh,20,comment,,# `verify` confere soma de verificação de backup e WAL no repositório. NÃO,,
infra/compose/backup/backup.sh,21,comment,,# substitui restaurar — é a checagem barata que roda todo dia; a cara roda semanal.,,
infra/compose/backup/backup.sh,24,identifier,duracao,DURACAO=$(( $(date +%s) - INICIO )),,
infra/compose/backup/backup.sh,26,comment,,"# Métrica em arquivo, lida pelo node-exporter/Prometheus. Um backup que falha em",,
infra/compose/backup/backup.sh,27,comment,,# silêncio é indistinguível de um backup que nunca existiu.,,
infra/compose/backup/backup.sh,28,identifier,metrica,cat > /metricas/pipe_backup.prom.tmp <<METRICA,,
infra/compose/backup/backup.sh,28,identifier,metricas,cat > /metricas/pipe_backup.prom.tmp <<METRICA,,
infra/compose/backup/backup.sh,29,comment,,# HELP pipe_backup_ok 1 quando o último backup terminou sem erro.,,
infra/compose/backup/backup.sh,32,comment,,# HELP pipe_backup_fim_timestamp Momento do fim do último backup.,,
infra/compose/backup/backup.sh,35,comment,,# HELP pipe_backup_duracao_segundos Duração do último backup.,,
infra/compose/backup/backup.sh,37,identifier,duracao,pipe_backup_duracao_segundos ${DURACAO},,
infra/compose/backup/backup.sh,38,identifier,metrica,METRICA,,
infra/compose/backup/backup.sh,39,identifier,metricas,mv /metricas/pipe_backup.prom.tmp /metricas/pipe_backup.prom,,
infra/compose/backup/backup.sh,41,comment,,"# Interruptor de homem morto, num serviço externo gratuito: se a VPS inteira",,
infra/compose/backup/backup.sh,42,comment,,"# morrer, o Prometheus morre junto e não alerta ninguém. Quem alerta é o serviço",,
infra/compose/backup/restore-test.sh,2,comment,,"# Teste semanal de restauração. Backup que nunca foi restaurado é fé, não backup.",,
infra/compose/backup/restore-test.sh,4,comment,,"# O que ele faz: restaura o último backup num diretório descartável, sobe um",,
infra/compose/backup/restore-test.sh,5,comment,,"# Postgres temporário em cima dele, roda consultas que só passam se o dado estiver",,
infra/compose/backup/restore-test.sh,6,comment,,"# lá de verdade, mede quanto tempo levou e publica isso como métrica. O número",,
infra/compose/backup/restore-test.sh,7,comment,,# medido aqui é o RTO real — o do documento é promessa até este script confirmar.,,
infra/compose/backup/restore-test.sh,10,identifier,restauracao,ALVO=/tmp/restauracao-teste,,
infra/compose/backup/restore-test.sh,10,identifier,teste,ALVO=/tmp/restauracao-teste,,
infra/compose/backup/restore-test.sh,11,identifier,porta,PORTA=5499,,
infra/compose/backup/restore-test.sh,24,comment,,# --delta não vale aqui: o diretório está vazio e queremos exercitar a cópia,,
infra/compose/backup/restore-test.sh,25,comment,,"# inteira, que é o que aconteceria num desastre de verdade.",,
infra/compose/backup/restore-test.sh,28,comment,,# `archive_mode=off` no clone: sem isso o Postgres temporário começa a empurrar,,
infra/compose/backup/restore-test.sh,29,comment,,# WAL para o repositório de produção e contamina a linha do tempo.,,
infra/compose/backup/restore-test.sh,30,identifier,porta,"pg_ctl -D ""${ALVO}"" -o ""-p ${PORTA} -c archive_mode=off -c unix_socket_directories=${ALVO}"" -w -t 300 start",,
infra/compose/backup/restore-test.sh,32,comment,,"# As três perguntas que separam ""o processo terminou"" de ""o dado está lá"".",,
infra/compose/backup/restore-test.sh,33,comment,,# 1) as tabelas existem; 2) há atendimento gravado; 3) o dado mais novo é recente,,
infra/compose/backup/restore-test.sh,34,comment,,#    — um backup que restaura dados de três semanas atrás passou nas duas,,
infra/compose/backup/restore-test.sh,35,comment,,#    primeiras e ainda assim é um desastre.,,
infra/compose/backup/restore-test.sh,36,identifier,atendimento,"LINHAS=$(psql -h ""${ALVO}"" -p ""${PORTA}"" -U pipe -d pipe -tAc ""select count(*) from atendimento"")",,
infra/compose/backup/restore-test.sh,36,identifier,porta,"LINHAS=$(psql -h ""${ALVO}"" -p ""${PORTA}"" -U pipe -d pipe -tAc ""select count(*) from atendimento"")",,
infra/compose/backup/restore-test.sh,37,identifier,idade,"IDADE=$(psql -h ""${ALVO}"" -p ""${PORTA}"" -U pipe -d pipe -tAc \",,
infra/compose/backup/restore-test.sh,37,identifier,porta,"IDADE=$(psql -h ""${ALVO}"" -p ""${PORTA}"" -U pipe -d pipe -tAc \",,
infra/compose/backup/restore-test.sh,38,identifier,mensagem,"""select extract(epoch from now() - max(criada_em))::int from mensagem"")",,
infra/compose/backup/restore-test.sh,40,identifier,idade,"if [ ""${LINHAS}"" -gt 0 ] && [ ""${IDADE}"" -lt 86400 ]; then",,
infra/compose/backup/restore-test.sh,44,identifier,duracao,DURACAO=$(( $(date +%s) - INICIO )),,
infra/compose/backup/restore-test.sh,46,identifier,metrica,cat > /metricas/pipe_restauracao.prom.tmp <<METRICA,,
infra/compose/backup/restore-test.sh,46,identifier,metricas,cat > /metricas/pipe_restauracao.prom.tmp <<METRICA,,
infra/compose/backup/restore-test.sh,46,identifier,restauracao,cat > /metricas/pipe_restauracao.prom.tmp <<METRICA,,
infra/compose/backup/restore-test.sh,47,comment,,# HELP pipe_restauracao_ok 1 quando o último teste de restauração validou o dado.,,
infra/compose/backup/restore-test.sh,49,identifier,restauracao,pipe_restauracao_ok ${OK},,
infra/compose/backup/restore-test.sh,52,identifier,duracao,pipe_restauracao_segundos ${DURACAO},,
infra/compose/backup/restore-test.sh,52,identifier,restauracao,pipe_restauracao_segundos ${DURACAO},,
infra/compose/backup/restore-test.sh,53,comment,,# HELP pipe_restauracao_fim_timestamp Momento do último teste.,,
infra/compose/backup/restore-test.sh,55,identifier,restauracao,pipe_restauracao_fim_timestamp $(date +%s),,
infra/compose/backup/restore-test.sh,58,identifier,idade,pipe_restauracao_atraso_dado_segundos ${IDADE},,
infra/compose/backup/restore-test.sh,58,identifier,restauracao,pipe_restauracao_atraso_dado_segundos ${IDADE},,
infra/compose/backup/restore-test.sh,59,identifier,metrica,METRICA,,
infra/compose/backup/restore-test.sh,60,identifier,metricas,mv /metricas/pipe_restauracao.prom.tmp /metricas/pipe_restauracao.prom,,
infra/compose/backup/restore-test.sh,60,identifier,restauracao,mv /metricas/pipe_restauracao.prom.tmp /metricas/pipe_restauracao.prom,,
infra/compose/backup/restore-test.sh,62,identifier,restauracao,"if [ -n ""${HEALTHCHECK_URL_RESTAURACAO:-}"" ] && [ ""${OK}"" -eq 1 ]; then",,
infra/compose/bootstrap.sh,2,comment,,"# Primeira implantação do Pipe numa VPS limpa. Roda na máquina, como root, a",,
infra/compose/bootstrap.sh,7,comment,,"# O que ele faz: tudo que é automatizável, na ordem em que precisa acontecer.",,
infra/compose/bootstrap.sh,8,comment,,"# O que ele NÃO faz: comprar domínio, apontar DNS, criar aplicativo no Google, criar",,
infra/compose/bootstrap.sh,9,comment,,"# aplicativo na Meta, gerar chave de cifra. Nesses ele PARA e diz exatamente o que",,
infra/compose/bootstrap.sh,10,comment,,"# falta — de propósito. Script que ""dá um jeito"" no que é decisão do dono é como se",,
infra/compose/bootstrap.sh,11,comment,,# sobe produção com segredo de exemplo.,,
infra/compose/bootstrap.sh,13,comment,,# É idempotente: rodar de novo depois de corrigir alguma coisa retoma de onde dá.,,
infra/compose/bootstrap.sh,16,identifier,imagem,"VERSAO=""${1:?uso: bootstrap.sh <tag da imagem>   (ex.: bootstrap.sh v1.0.0)}""",,
infra/compose/bootstrap.sh,16,identifier,versao,"VERSAO=""${1:?uso: bootstrap.sh <tag da imagem>   (ex.: bootstrap.sh v1.0.0)}""",,
infra/compose/bootstrap.sh,19,identifier,dados,DADOS=/opt/pipe-dados,,
infra/compose/bootstrap.sh,20,identifier,dados,"ENV=""${DADOS}/.env""",,
infra/compose/bootstrap.sh,31,identifier,shift,shift,,
infra/compose/bootstrap.sh,34,identifier,versao,"vermelho ""Corrija e rode ./bootstrap.sh ${VERSAO} de novo.""",,
infra/compose/bootstrap.sh,39,identifier,ferramentas,"passo ""1/9  Ferramentas e permissão""",,
infra/compose/bootstrap.sh,39,identifier,permissao,"passo ""1/9  Ferramentas e permissão""",,
infra/compose/bootstrap.sh,41,identifier,como,"[ ""$(id -u)"" = ""0"" ] || parar ""isto precisa rodar como root."" \",,
infra/compose/bootstrap.sh,41,identifier,precisa,"[ ""$(id -u)"" = ""0"" ] || parar ""isto precisa rodar como root."" \",,
infra/compose/bootstrap.sh,42,identifier,dados,"""O compose publica nas portas 80 e 443 e escreve em ${DADOS}.""",,
infra/compose/bootstrap.sh,42,identifier,publica,"""O compose publica nas portas 80 e 443 e escreve em ${DADOS}.""",,
infra/compose/bootstrap.sh,45,identifier,esta,"command -v ""$prog"" > /dev/null || parar ""\`${prog}\` não está instalado."" \",,
infra/compose/bootstrap.sh,45,identifier,nao,"command -v ""$prog"" > /dev/null || parar ""\`${prog}\` não está instalado."" \",,
infra/compose/bootstrap.sh,46,identifier,com,"""docker: curl -fsSL https://get.docker.com | sh"" \",,
infra/compose/bootstrap.sh,48,identifier,esta,"""sops:   NÃO está no apt do Ubuntu. Baixe o binário da release:"" \",,
infra/compose/bootstrap.sh,48,identifier,nao,"""sops:   NÃO está no apt do Ubuntu. Baixe o binário da release:"" \",,
infra/compose/bootstrap.sh,49,identifier,com,"""        curl -fsSLo /usr/local/bin/sops https://github.com/getsops/sops/releases/latest/download/sops-v3.9.4.linux.amd6",,
infra/compose/bootstrap.sh,53,identifier,dados,"mkdir -p ""${DADOS}/acme""",,
infra/compose/bootstrap.sh,54,identifier,dados,"touch ""${DADOS}/acme/acme.json"" ""${DADOS}/acme/acme-dns.json""",,
infra/compose/bootstrap.sh,55,identifier,dados,"chmod 600 ""${DADOS}/acme/acme.json"" ""${DADOS}/acme/acme-dns.json""",,
infra/compose/bootstrap.sh,56,comment,,# O bit de execução costuma não sobreviver ao clone em máquina Windows.,,
infra/compose/bootstrap.sh,61,identifier,segredos,"passo ""2/9  Segredos""",,
infra/compose/bootstrap.sh,63,identifier,dados,"[ -f ""${DADOS}/age.key"" ] || parar ""não achei ${DADOS}/age.key."" \",,
infra/compose/bootstrap.sh,63,identifier,nao,"[ -f ""${DADOS}/age.key"" ] || parar ""não achei ${DADOS}/age.key."" \",,
infra/compose/bootstrap.sh,64,identifier,chave,"""É a chave privada \`age\` de deploy, e SÓ VOCÊ pode colocá-la aqui."" \",,
infra/compose/bootstrap.sh,64,identifier,pode,"""É a chave privada \`age\` de deploy, e SÓ VOCÊ pode colocá-la aqui."" \",,
infra/compose/bootstrap.sh,65,identifier,maquina,"""Na sua máquina:  age-keygen -o deploy.key   (guarde a pública no infra/.sops.yaml)"" \",,
infra/compose/bootstrap.sh,65,identifier,publica,"""Na sua máquina:  age-keygen -o deploy.key   (guarde a pública no infra/.sops.yaml)"" \",,
infra/compose/bootstrap.sh,65,identifier,sua,"""Na sua máquina:  age-keygen -o deploy.key   (guarde a pública no infra/.sops.yaml)"" \",,
infra/compose/bootstrap.sh,66,identifier,conteudo,"""Na VPS:          instale o conteúdo em ${DADOS}/age.key e rode chmod 600 nele.""",,
infra/compose/bootstrap.sh,66,identifier,dados,"""Na VPS:          instale o conteúdo em ${DADOS}/age.key e rode chmod 600 nele.""",,
infra/compose/bootstrap.sh,67,identifier,dados,"chmod 600 ""${DADOS}/age.key""",,
infra/compose/bootstrap.sh,69,identifier,existe,"[ -f secrets/production.enc.env ] || parar ""não existe secrets/production.enc.env."" \",,
infra/compose/bootstrap.sh,69,identifier,nao,"[ -f secrets/production.enc.env ] || parar ""não existe secrets/production.enc.env."" \",,
infra/compose/bootstrap.sh,70,identifier,maquina,"""Na sua máquina, a partir de infra/:"" \",,
infra/compose/bootstrap.sh,70,identifier,sua,"""Na sua máquina, a partir de infra/:"" \",,
infra/compose/bootstrap.sh,71,identifier,exemplo,"""  cp compose/env.prod.exemplo /tmp/production.env   # preencha os valores"" \",,
infra/compose/bootstrap.sh,71,identifier,valores,"""  cp compose/env.prod.exemplo /tmp/production.env   # preencha os valores"" \",,
infra/compose/bootstrap.sh,74,identifier,depois,"""Depois commite o .enc.env e dê git pull aqui.""",,
infra/compose/bootstrap.sh,76,identifier,dados,"export SOPS_AGE_KEY_FILE=""${DADOS}/age.key""",,
infra/compose/bootstrap.sh,79,identifier,nao,"|| parar ""o SOPS não conseguiu decifrar secrets/production.enc.env."" \",,
infra/compose/bootstrap.sh,80,identifier,arquivo,"""A chave em ${DADOS}/age.key não é destinatária desse arquivo."" \",,
infra/compose/bootstrap.sh,80,identifier,chave,"""A chave em ${DADOS}/age.key não é destinatária desse arquivo."" \",,
infra/compose/bootstrap.sh,80,identifier,dados,"""A chave em ${DADOS}/age.key não é destinatária desse arquivo."" \",,
infra/compose/bootstrap.sh,80,identifier,nao,"""A chave em ${DADOS}/age.key não é destinatária desse arquivo."" \",,
infra/compose/bootstrap.sh,81,identifier,maquina,"""Na sua máquina: acrescente a pública em infra/.sops.yaml e rode"" \",,
infra/compose/bootstrap.sh,81,identifier,publica,"""Na sua máquina: acrescente a pública em infra/.sops.yaml e rode"" \",,
infra/compose/bootstrap.sh,81,identifier,sua,"""Na sua máquina: acrescente a pública em infra/.sops.yaml e rode"" \",,
infra/compose/bootstrap.sh,85,identifier,com,"verde ""ok — ${ENV} escrito com modo 600""",,
infra/compose/bootstrap.sh,89,comment,,# Ler o .env aqui é seguro: `set -a` + `source` num arquivo que acabamos de,,
infra/compose/bootstrap.sh,95,identifier,configuracao,"pipe_domain_preflight || parar ""configuracao de dominio invalida.""",,
infra/compose/bootstrap.sh,95,identifier,dominio,"pipe_domain_preflight || parar ""configuracao de dominio invalida.""",,
infra/compose/bootstrap.sh,96,identifier,dominio,"DOMINIO=""${PIPE_DOMINIO_CONTAS}""",,
infra/compose/bootstrap.sh,97,identifier,esta,"docker compose version > /dev/null 2>&1 || parar ""o plugin \`docker compose\` não está disponível."" \",,
infra/compose/bootstrap.sh,97,identifier,nao,"docker compose version > /dev/null 2>&1 || parar ""o plugin \`docker compose\` não está disponível."" \",,
infra/compose/bootstrap.sh,98,identifier,com,"""Instale o docker pelo get.docker.com, que já traz o plugin v2.""",,
infra/compose/bootstrap.sh,98,identifier,pelo,"""Instale o docker pelo get.docker.com, que já traz o plugin v2.""",,
infra/compose/bootstrap.sh,100,identifier,faltando,faltando=(),,
infra/compose/bootstrap.sh,101,identifier,chave,for chave in POSTGRES_SENHA POSTGRES_APP_SENHA DATABASE_URL DATABASE_URL_APP REDIS_URL \,,
infra/compose/bootstrap.sh,104,identifier,chave,"[ -n ""${!chave:-}"" ] || faltando+=(""$chave"")",,
infra/compose/bootstrap.sh,104,identifier,faltando,"[ -n ""${!chave:-}"" ] || faltando+=(""$chave"")",,
infra/compose/bootstrap.sh,106,identifier,arquivo,"[ ${#faltando[@]} -eq 0 ] || parar ""faltam valores no arquivo de segredos: ${faltando[*]}"" \",,
infra/compose/bootstrap.sh,106,identifier,faltando,"[ ${#faltando[@]} -eq 0 ] || parar ""faltam valores no arquivo de segredos: ${faltando[*]}"" \",,
infra/compose/bootstrap.sh,106,identifier,segredos,"[ ${#faltando[@]} -eq 0 ] || parar ""faltam valores no arquivo de segredos: ${faltando[*]}"" \",,
infra/compose/bootstrap.sh,106,identifier,valores,"[ ${#faltando[@]} -eq 0 ] || parar ""faltam valores no arquivo de segredos: ${faltando[*]}"" \",,
infra/compose/bootstrap.sh,107,identifier,2026,"""Cada um está descrito em docs/specs/2026-09-07-implantacao.md §3 — o que é,"" \",,
infra/compose/bootstrap.sh,107,identifier,cada,"""Cada um está descrito em docs/specs/2026-09-07-implantacao.md §3 — o que é,"" \",,
infra/compose/bootstrap.sh,107,identifier,esta,"""Cada um está descrito em docs/specs/2026-09-07-implantacao.md §3 — o que é,"" \",,
infra/compose/bootstrap.sh,107,identifier,implantacao,"""Cada um está descrito em docs/specs/2026-09-07-implantacao.md §3 — o que é,"" \",,
infra/compose/bootstrap.sh,108,identifier,com,"""onde nasce e como gerar. Edite com:  cd ../..  &&  sops infra/compose/secrets/production.enc.env""",,
infra/compose/bootstrap.sh,108,identifier,como,"""onde nasce e como gerar. Edite com:  cd ../..  &&  sops infra/compose/secrets/production.enc.env""",,
infra/compose/bootstrap.sh,108,identifier,edite,"""onde nasce e como gerar. Edite com:  cd ../..  &&  sops infra/compose/secrets/production.enc.env""",,
infra/compose/bootstrap.sh,108,identifier,gerar,"""onde nasce e como gerar. Edite com:  cd ../..  &&  sops infra/compose/secrets/production.enc.env""",,
infra/compose/bootstrap.sh,108,identifier,nasce,"""onde nasce e como gerar. Edite com:  cd ../..  &&  sops infra/compose/secrets/production.enc.env""",,
infra/compose/bootstrap.sh,108,identifier,onde,"""onde nasce e como gerar. Edite com:  cd ../..  &&  sops infra/compose/secrets/production.enc.env""",,
infra/compose/bootstrap.sh,110,comment,,# PIPE_CHAVES_SEGREDO é a que a API deixa passar em silêncio: sem ela `/saude`,,
infra/compose/bootstrap.sh,111,comment,,# responde 200 e TODO webhook do WhatsApp devolve 500. A conferência é aqui,,
infra/compose/bootstrap.sh,112,comment,,# porque depois dela ninguém mais olha.,,
infra/compose/bootstrap.sh,113,identifier,chaves,"IFS=',' read -ra chaves <<< ""${PIPE_CHAVES_SEGREDO}""",,
infra/compose/bootstrap.sh,114,identifier,chaves,"for item in ""${chaves[@]}""; do",,
infra/compose/bootstrap.sh,119,identifier,fora,"[ -n ""$id"" ] && [ ""$id"" != ""$item"" ] || parar ""PIPE_CHAVES_SEGREDO fora do formato."" \",,
infra/compose/bootstrap.sh,119,identifier,formato,"[ -n ""$id"" ] && [ ""$id"" != ""$item"" ] || parar ""PIPE_CHAVES_SEGREDO fora do formato."" \",,
infra/compose/bootstrap.sh,120,identifier,cada,"""Cada chave é \`<id>:<32 bytes em base64>\`, separadas por vírgula."" \",,
infra/compose/bootstrap.sh,120,identifier,chave,"""Cada chave é \`<id>:<32 bytes em base64>\`, separadas por vírgula."" \",,
infra/compose/bootstrap.sh,120,identifier,por,"""Cada chave é \`<id>:<32 bytes em base64>\`, separadas por vírgula."" \",,
infra/compose/bootstrap.sh,120,identifier,separadas,"""Cada chave é \`<id>:<32 bytes em base64>\`, separadas por vírgula."" \",,
infra/compose/bootstrap.sh,121,identifier,gerar,"""Gerar:  node -e \""console.log('k1:'+require('crypto').randomBytes(32).toString('base64'))\""""",,
infra/compose/bootstrap.sh,122,comment,,"# `wc -c` sempre imprime um número, inclusive quando o base64 recusa a entrada —",,
infra/compose/bootstrap.sh,123,comment,,"# e é isso que faz ""0 bytes"" ser a mensagem para material inválido.",,
infra/compose/bootstrap.sh,125,identifier,chave,"[ ""$bytes"" = ""32"" ] || parar ""a chave \""${id}\"" tem ${bytes} bytes, não 32."" \",,
infra/compose/bootstrap.sh,125,identifier,nao,"[ ""$bytes"" = ""32"" ] || parar ""a chave \""${id}\"" tem ${bytes} bytes, não 32."" \",,
infra/compose/bootstrap.sh,126,identifier,com,"""AES-256 exige exatamente 32. Gere de novo com randomBytes(32).""",,
infra/compose/bootstrap.sh,131,identifier,com,"*) parar ""PIPE_COOKIE_DOMINIO precisa começar com ponto: \`.${DOMINIO}\`."" \",,
infra/compose/bootstrap.sh,131,identifier,ponto,"*) parar ""PIPE_COOKIE_DOMINIO precisa começar com ponto: \`.${DOMINIO}\`."" \",,
infra/compose/bootstrap.sh,131,identifier,precisa,"*) parar ""PIPE_COOKIE_DOMINIO precisa começar com ponto: \`.${DOMINIO}\`."" \",,
infra/compose/bootstrap.sh,132,identifier,dominio,"""Sem o ponto o cookie emitido por api.${DOMINIO} não vale em app.${DOMINIO},"" \",,
infra/compose/bootstrap.sh,132,identifier,nao,"""Sem o ponto o cookie emitido por api.${DOMINIO} não vale em app.${DOMINIO},"" \",,
infra/compose/bootstrap.sh,132,identifier,ponto,"""Sem o ponto o cookie emitido por api.${DOMINIO} não vale em app.${DOMINIO},"" \",,
infra/compose/bootstrap.sh,132,identifier,por,"""Sem o ponto o cookie emitido por api.${DOMINIO} não vale em app.${DOMINIO},"" \",,
infra/compose/bootstrap.sh,132,identifier,sem,"""Sem o ponto o cookie emitido por api.${DOMINIO} não vale em app.${DOMINIO},"" \",,
infra/compose/bootstrap.sh,133,identifier,volta,"""e o sintoma é login que redireciona certo e volta deslogado."" ;;",,
infra/compose/bootstrap.sh,138,identifier,com,"""Com credencial o navegador recusa \`*\`. Liste as três origens inteiras."" ;;",,
infra/compose/bootstrap.sh,138,identifier,credencial,"""Com credencial o navegador recusa \`*\`. Liste as três origens inteiras."" ;;",,
infra/compose/bootstrap.sh,138,identifier,origens,"""Com credencial o navegador recusa \`*\`. Liste as três origens inteiras."" ;;",,
infra/compose/bootstrap.sh,138,identifier,tres,"""Com credencial o navegador recusa \`*\`. Liste as três origens inteiras."" ;;",,
infra/compose/bootstrap.sh,141,comment,,"# A senha do papel da aplicação precisa ser a MESMA nos dois lugares, senão o",,
infra/compose/bootstrap.sh,142,comment,,# banco nasce com uma e a API tenta entrar com outra.,,
infra/compose/bootstrap.sh,145,identifier,esta,"*) parar ""POSTGRES_APP_SENHA não é a senha que está em DATABASE_URL_APP."" \",,
infra/compose/bootstrap.sh,145,identifier,nao,"*) parar ""POSTGRES_APP_SENHA não é a senha que está em DATABASE_URL_APP."" \",,
infra/compose/bootstrap.sh,146,identifier,banco,"""A primeira cria o papel pipe_app na inicialização do banco; a segunda é a"" \",,
infra/compose/bootstrap.sh,146,identifier,inicializacao,"""A primeira cria o papel pipe_app na inicialização do banco; a segunda é a"" \",,
infra/compose/bootstrap.sh,146,identifier,papel,"""A primeira cria o papel pipe_app na inicialização do banco; a segunda é a"" \",,
infra/compose/bootstrap.sh,146,identifier,primeira,"""A primeira cria o papel pipe_app na inicialização do banco; a segunda é a"" \",,
infra/compose/bootstrap.sh,147,identifier,entrar,"""que a API usa para entrar. Divergiram = API que sobe e não conecta."" ;;",,
infra/compose/bootstrap.sh,147,identifier,nao,"""que a API usa para entrar. Divergiram = API que sobe e não conecta."" ;;",,
infra/compose/bootstrap.sh,147,identifier,para,"""que a API usa para entrar. Divergiram = API que sobe e não conecta."" ;;",,
infra/compose/bootstrap.sh,147,identifier,usa,"""que a API usa para entrar. Divergiram = API que sobe e não conecta."" ;;",,
infra/compose/bootstrap.sh,149,identifier,chave,"verde ""ok — ${#chaves[@]} chave(s) de cifra, formato conferido""",,
infra/compose/bootstrap.sh,149,identifier,chaves,"verde ""ok — ${#chaves[@]} chave(s) de cifra, formato conferido""",,
infra/compose/bootstrap.sh,149,identifier,cifra,"verde ""ok — ${#chaves[@]} chave(s) de cifra, formato conferido""",,
infra/compose/bootstrap.sh,149,identifier,formato,"verde ""ok — ${#chaves[@]} chave(s) de cifra, formato conferido""",,
infra/compose/bootstrap.sh,153,comment,,# Certificado não emite se o nome não aponta para cá. Conferir agora custa,,
infra/compose/bootstrap.sh,156,identifier,maquina,"[ -n ""$meu_ip"" ] || parar ""não consegui descobrir o IP público desta máquina."" \",,
infra/compose/bootstrap.sh,156,identifier,nao,"[ -n ""$meu_ip"" ] || parar ""não consegui descobrir o IP público desta máquina."" \",,
infra/compose/bootstrap.sh,156,identifier,publico,"[ -n ""$meu_ip"" ] || parar ""não consegui descobrir o IP público desta máquina."" \",,
infra/compose/bootstrap.sh,157,identifier,nao,"""Sem internet de saída o ACME também não funciona. Confira a rede da VPS.""",,
infra/compose/bootstrap.sh,157,identifier,saida,"""Sem internet de saída o ACME também não funciona. Confira a rede da VPS.""",,
infra/compose/bootstrap.sh,157,identifier,sem,"""Sem internet de saída o ACME também não funciona. Confira a rede da VPS.""",,
infra/compose/bootstrap.sh,157,identifier,tambem,"""Sem internet de saída o ACME também não funciona. Confira a rede da VPS.""",,
infra/compose/bootstrap.sh,160,identifier,dominio,"HOSTS=(""${DOMINIO}"" ""www.${DOMINIO}"" ""api.${DOMINIO}"" ""login.${DOMINIO}"" ""crm.${DOMINIO}"" ""metricas.${DOMINIO}"" ""smoke-$",,
infra/compose/bootstrap.sh,160,identifier,metricas,"HOSTS=(""${DOMINIO}"" ""www.${DOMINIO}"" ""api.${DOMINIO}"" ""login.${DOMINIO}"" ""crm.${DOMINIO}"" ""metricas.${DOMINIO}"" ""smoke-$",,
infra/compose/bootstrap.sh,163,identifier,nada,"[ ""$resolvido"" = ""$meu_ip"" ] || erradas+=(""${host} → ${resolvido:-nada} (esperado ${meu_ip})"")",,
infra/compose/bootstrap.sh,165,identifier,ainda,"[ ${#erradas[@]} -eq 0 ] || parar ""o DNS ainda não aponta para esta máquina."" \",,
infra/compose/bootstrap.sh,165,identifier,aponta,"[ ${#erradas[@]} -eq 0 ] || parar ""o DNS ainda não aponta para esta máquina."" \",,
infra/compose/bootstrap.sh,165,identifier,esta,"[ ${#erradas[@]} -eq 0 ] || parar ""o DNS ainda não aponta para esta máquina."" \",,
infra/compose/bootstrap.sh,165,identifier,maquina,"[ ${#erradas[@]} -eq 0 ] || parar ""o DNS ainda não aponta para esta máquina."" \",,
infra/compose/bootstrap.sh,165,identifier,nao,"[ ${#erradas[@]} -eq 0 ] || parar ""o DNS ainda não aponta para esta máquina."" \",,
infra/compose/bootstrap.sh,165,identifier,para,"[ ${#erradas[@]} -eq 0 ] || parar ""o DNS ainda não aponta para esta máquina."" \",,
infra/compose/bootstrap.sh,168,identifier,dominio,"""SÓ VOCÊ pode resolver isto. No painel de DNS de ${DOMINIO}, crie registros A:"" \",,
infra/compose/bootstrap.sh,168,identifier,painel,"""SÓ VOCÊ pode resolver isto. No painel de DNS de ${DOMINIO}, crie registros A:"" \",,
infra/compose/bootstrap.sh,168,identifier,pode,"""SÓ VOCÊ pode resolver isto. No painel de DNS de ${DOMINIO}, crie registros A:"" \",,
infra/compose/bootstrap.sh,171,identifier,metricas,"""  api, login, crm, metricas A ${meu_ip}"" \",,
infra/compose/bootstrap.sh,172,identifier,sem,"""  *, *.desk A ${meu_ip} (DNS only, sem proxy)"" \",,
infra/compose/bootstrap.sh,173,identifier,enquanto,"""TTL de 300 enquanto estiver mexendo. Espere propagar e rode de novo.""",,
infra/compose/bootstrap.sh,174,identifier,nomes,"verde ""ok — os ${#HOSTS[@]} nomes apontam para ${meu_ip}""",,
infra/compose/bootstrap.sh,174,identifier,para,"verde ""ok — os ${#HOSTS[@]} nomes apontam para ${meu_ip}""",,
infra/compose/bootstrap.sh,178,identifier,porta,for porta in 80 443; do,,
infra/compose/bootstrap.sh,179,identifier,porta,"if ss -ltn ""sport = :${porta}"" 2> /dev/null | grep -q LISTEN; then",,
infra/compose/bootstrap.sh,180,identifier,porta,"dono=""$(ss -ltnp ""sport = :${porta}"" 2> /dev/null | awk 'NR==2{print $NF}')""",,
infra/compose/bootstrap.sh,181,identifier,alguem,"parar ""a porta ${porta} já está ocupada por ${dono:-alguém}."" \",,
infra/compose/bootstrap.sh,181,identifier,esta,"parar ""a porta ${porta} já está ocupada por ${dono:-alguém}."" \",,
infra/compose/bootstrap.sh,181,identifier,por,"parar ""a porta ${porta} já está ocupada por ${dono:-alguém}."" \",,
infra/compose/bootstrap.sh,181,identifier,porta,"parar ""a porta ${porta} já está ocupada por ${dono:-alguém}."" \",,
infra/compose/bootstrap.sh,182,identifier,desafio,"""O desafio HTTP do Let's Encrypt precisa da 80 livre para o Traefik."" \",,
infra/compose/bootstrap.sh,182,identifier,para,"""O desafio HTTP do Let's Encrypt precisa da 80 livre para o Traefik."" \",,
infra/compose/bootstrap.sh,182,identifier,precisa,"""O desafio HTTP do Let's Encrypt precisa da 80 livre para o Traefik."" \",,
infra/compose/bootstrap.sh,183,identifier,ele,"""Se for outro serviço desta máquina, ele não deveria estar aqui: a §2 da spec"" \",,
infra/compose/bootstrap.sh,183,identifier,maquina,"""Se for outro serviço desta máquina, ele não deveria estar aqui: a §2 da spec"" \",,
infra/compose/bootstrap.sh,183,identifier,nao,"""Se for outro serviço desta máquina, ele não deveria estar aqui: a §2 da spec"" \",,
infra/compose/bootstrap.sh,183,identifier,servico,"""Se for outro serviço desta máquina, ele não deveria estar aqui: a §2 da spec"" \",,
infra/compose/bootstrap.sh,184,identifier,com,"""de infraestrutura diz que produção do Pipe não divide máquina com experimento.""",,
infra/compose/bootstrap.sh,184,identifier,diz,"""de infraestrutura diz que produção do Pipe não divide máquina com experimento.""",,
infra/compose/bootstrap.sh,184,identifier,experimento,"""de infraestrutura diz que produção do Pipe não divide máquina com experimento.""",,
infra/compose/bootstrap.sh,184,identifier,maquina,"""de infraestrutura diz que produção do Pipe não divide máquina com experimento.""",,
infra/compose/bootstrap.sh,184,identifier,nao,"""de infraestrutura diz que produção do Pipe não divide máquina com experimento.""",,
infra/compose/bootstrap.sh,184,identifier,producao,"""de infraestrutura diz que produção do Pipe não divide máquina com experimento.""",,
infra/compose/bootstrap.sh,190,identifier,imagens,"passo ""6/9  Imagens""",,
infra/compose/bootstrap.sh,192,identifier,com,"""${COMPOSE[@]}"" config -q || parar ""o docker-compose.prod.yml não valida com este .env."" \",,
infra/compose/bootstrap.sh,192,identifier,este,"""${COMPOSE[@]}"" config -q || parar ""o docker-compose.prod.yml não valida com este .env."" \",,
infra/compose/bootstrap.sh,192,identifier,nao,"""${COMPOSE[@]}"" config -q || parar ""o docker-compose.prod.yml não valida com este .env."" \",,
infra/compose/bootstrap.sh,193,identifier,diz,"""A mensagem do compose, logo acima, diz qual variável está faltando.""",,
infra/compose/bootstrap.sh,193,identifier,esta,"""A mensagem do compose, logo acima, diz qual variável está faltando.""",,
infra/compose/bootstrap.sh,193,identifier,faltando,"""A mensagem do compose, logo acima, diz qual variável está faltando.""",,
infra/compose/bootstrap.sh,193,identifier,mensagem,"""A mensagem do compose, logo acima, diz qual variável está faltando.""",,
infra/compose/bootstrap.sh,193,identifier,qual,"""A mensagem do compose, logo acima, diz qual variável está faltando.""",,
infra/compose/bootstrap.sh,193,identifier,variavel,"""A mensagem do compose, logo acima, diz qual variável está faltando.""",,
infra/compose/bootstrap.sh,196,identifier,imagens,"|| parar ""não consegui baixar as imagens da tag ${VERSAO}."" \",,
infra/compose/bootstrap.sh,196,identifier,nao,"|| parar ""não consegui baixar as imagens da tag ${VERSAO}."" \",,
infra/compose/bootstrap.sh,196,identifier,versao,"|| parar ""não consegui baixar as imagens da tag ${VERSAO}."" \",,
infra/compose/bootstrap.sh,197,identifier,versao,"""Confira se elas foram publicadas:  PUBLICAR=1 ./infra/build-images.sh ${VERSAO}"" \",,
infra/compose/bootstrap.sh,198,identifier,esta,"""e se esta máquina tem login no registro:  docker login ghcr.io""",,
infra/compose/bootstrap.sh,198,identifier,maquina,"""e se esta máquina tem login no registro:  docker login ghcr.io""",,
infra/compose/bootstrap.sh,202,identifier,banco,"passo ""7/9  Banco, e só ele""",,
infra/compose/bootstrap.sh,202,identifier,ele,"passo ""7/9  Banco, e só ele""",,
infra/compose/bootstrap.sh,203,comment,,# O Postgres precisa terminar a inicialização — incluindo criar o papel pipe_app —,,
infra/compose/bootstrap.sh,204,comment,,"# ANTES da migration. Se os dois subirem juntos, a migration pega o banco em pé",,
infra/compose/bootstrap.sh,205,comment,,"# mas sem o papel, e todo `grant` dela é pulado em silêncio.",,
infra/compose/bootstrap.sh,207,identifier,nao,"|| parar ""o Postgres ou o Redis não ficaram saudáveis em 3 minutos."" \",,
infra/compose/bootstrap.sh,209,identifier,papel,"""Se a queixa for POSTGRES_APP_SENHA, é o init em postgres/init/10-papel-app.sh.""",,
infra/compose/bootstrap.sh,213,identifier,banco,"|| parar ""o papel pipe_app não existe no banco."" \",,
infra/compose/bootstrap.sh,213,identifier,existe,"|| parar ""o papel pipe_app não existe no banco."" \",,
infra/compose/bootstrap.sh,213,identifier,nao,"|| parar ""o papel pipe_app não existe no banco."" \",,
infra/compose/bootstrap.sh,213,identifier,papel,"|| parar ""o papel pipe_app não existe no banco."" \",,
infra/compose/bootstrap.sh,214,identifier,ele,"""Ele nasce em postgres/init/10-papel-app.sh, que só roda quando o volume está"" \",,
infra/compose/bootstrap.sh,214,identifier,esta,"""Ele nasce em postgres/init/10-papel-app.sh, que só roda quando o volume está"" \",,
infra/compose/bootstrap.sh,214,identifier,nasce,"""Ele nasce em postgres/init/10-papel-app.sh, que só roda quando o volume está"" \",,
infra/compose/bootstrap.sh,214,identifier,papel,"""Ele nasce em postgres/init/10-papel-app.sh, que só roda quando o volume está"" \",,
infra/compose/bootstrap.sh,214,identifier,quando,"""Ele nasce em postgres/init/10-papel-app.sh, que só roda quando o volume está"" \",,
infra/compose/bootstrap.sh,214,identifier,roda,"""Ele nasce em postgres/init/10-papel-app.sh, que só roda quando o volume está"" \",,
infra/compose/bootstrap.sh,215,identifier,antes,"""vazio. Se este banco já tinha dado, crie o papel à mão ANTES de migrar:"" \",,
infra/compose/bootstrap.sh,215,identifier,banco,"""vazio. Se este banco já tinha dado, crie o papel à mão ANTES de migrar:"" \",,
infra/compose/bootstrap.sh,215,identifier,este,"""vazio. Se este banco já tinha dado, crie o papel à mão ANTES de migrar:"" \",,
infra/compose/bootstrap.sh,215,identifier,migrar,"""vazio. Se este banco já tinha dado, crie o papel à mão ANTES de migrar:"" \",,
infra/compose/bootstrap.sh,215,identifier,papel,"""vazio. Se este banco já tinha dado, crie o papel à mão ANTES de migrar:"" \",,
infra/compose/bootstrap.sh,215,identifier,vazio,"""vazio. Se este banco já tinha dado, crie o papel à mão ANTES de migrar:"" \",,
infra/compose/bootstrap.sh,217,identifier,senha,"""    -c \""create role pipe_app login password 'SENHA'\"" \\"" \",,
infra/compose/bootstrap.sh,220,identifier,existe,"verde ""ok — pipe_app existe""",,
infra/compose/bootstrap.sh,224,identifier,migrar,"""${COMPOSE[@]}"" --profile tarefa run --rm migrar \",,
infra/compose/bootstrap.sh,225,identifier,falhou,"|| parar ""a migration falhou."" \",,
infra/compose/bootstrap.sh,226,identifier,antes,"""NADA foi publicado — é o ponto do script rodá-la antes de subir o resto."" \",,
infra/compose/bootstrap.sh,226,identifier,foi,"""NADA foi publicado — é o ponto do script rodá-la antes de subir o resto."" \",,
infra/compose/bootstrap.sh,226,identifier,nada,"""NADA foi publicado — é o ponto do script rodá-la antes de subir o resto."" \",,
infra/compose/bootstrap.sh,226,identifier,ponto,"""NADA foi publicado — é o ponto do script rodá-la antes de subir o resto."" \",,
infra/compose/bootstrap.sh,226,identifier,resto,"""NADA foi publicado — é o ponto do script rodá-la antes de subir o resto."" \",,
infra/compose/bootstrap.sh,226,identifier,roda,"""NADA foi publicado — é o ponto do script rodá-la antes de subir o resto."" \",,
infra/compose/bootstrap.sh,226,identifier,subir,"""NADA foi publicado — é o ponto do script rodá-la antes de subir o resto."" \",,
infra/compose/bootstrap.sh,227,identifier,falhou,"""O drizzle aplica uma migration por transação: as anteriores à que falhou estão"" \",,
infra/compose/bootstrap.sh,227,identifier,por,"""O drizzle aplica uma migration por transação: as anteriores à que falhou estão"" \",,
infra/compose/bootstrap.sh,227,identifier,transacao,"""O drizzle aplica uma migration por transação: as anteriores à que falhou estão"" \",,
infra/compose/bootstrap.sh,228,identifier,falhou,"""aplicadas e valem, e a que falhou não deixou meia tabela."" \",,
infra/compose/bootstrap.sh,228,identifier,nao,"""aplicadas e valem, e a que falhou não deixou meia tabela."" \",,
infra/compose/bootstrap.sh,229,identifier,imagem,"""Veja qual parou, corrija o .sql em packages/db/drizzle, gere imagem nova e volte."" \",,
infra/compose/bootstrap.sh,229,identifier,qual,"""Veja qual parou, corrija o .sql em packages/db/drizzle, gere imagem nova e volte."" \",,
infra/compose/bootstrap.sh,230,identifier,onde,"""Para saber onde parou:  docker compose -f docker-compose.prod.yml exec postgres \\"" \",,
infra/compose/bootstrap.sh,230,identifier,para,"""Para saber onde parou:  docker compose -f docker-compose.prod.yml exec postgres \\"" \",,
infra/compose/bootstrap.sh,235,identifier,tudo,"passo ""9/9  Tudo no ar""",,
infra/compose/bootstrap.sh,237,identifier,ficou,"|| parar ""algum serviço não ficou saudável em 5 minutos."" \",,
infra/compose/bootstrap.sh,237,identifier,nao,"|| parar ""algum serviço não ficou saudável em 5 minutos."" \",,
infra/compose/bootstrap.sh,237,identifier,servico,"|| parar ""algum serviço não ficou saudável em 5 minutos."" \",,
infra/compose/bootstrap.sh,240,identifier,caiu,"""Se a api estiver unhealthy, o /saude dela diz o que caiu:"" \",,
infra/compose/bootstrap.sh,240,identifier,dela,"""Se a api estiver unhealthy, o /saude dela diz o que caiu:"" \",,
infra/compose/bootstrap.sh,240,identifier,diz,"""Se a api estiver unhealthy, o /saude dela diz o que caiu:"" \",,
infra/compose/bootstrap.sh,244,identifier,dados,"printf '%s\t%s\t%s\n' ""$(date -Is)"" ""${VERSAO}"" ""${SUDO_USER:-root}"" >> ""${DADOS}/publicacoes.tsv""",,
infra/compose/bootstrap.sh,244,identifier,publicacoes,"printf '%s\t%s\t%s\n' ""$(date -Is)"" ""${VERSAO}"" ""${SUDO_USER:-root}"" >> ""${DADOS}/publicacoes.tsv""",,
infra/compose/bootstrap.sh,244,identifier,versao,"printf '%s\t%s\t%s\n' ""$(date -Is)"" ""${VERSAO}"" ""${SUDO_USER:-root}"" >> ""${DADOS}/publicacoes.tsv""",,
infra/compose/bootstrap.sh,247,identifier,esta,"verde ""A pilha está no ar na versão ${VERSAO}.""",,
infra/compose/bootstrap.sh,247,identifier,pilha,"verde ""A pilha está no ar na versão ${VERSAO}.""",,
infra/compose/bootstrap.sh,247,identifier,versao,"verde ""A pilha está no ar na versão ${VERSAO}.""",,
infra/compose/bootstrap.sh,250,identifier,ordem,Falta o que só você pode fazer. Nesta ordem:,,
infra/compose/bootstrap.sh,250,identifier,pode,Falta o que só você pode fazer. Nesta ordem:,,
infra/compose/bootstrap.sh,252,identifier,pode,1. TLS — confira que o certificado emitiu (pode levar até 2 min):,,
infra/compose/bootstrap.sh,253,identifier,dominio,curl -sSI https://api.${DOMINIO}/saude | head -1,,
infra/compose/bootstrap.sh,254,identifier,erro,Se der erro de certificado:,,
infra/compose/bootstrap.sh,257,identifier,ainda,"2. BACKUP — a stanza do pgBackRest ainda não existe, e por isso o",,
infra/compose/bootstrap.sh,257,identifier,existe,"2. BACKUP — a stanza do pgBackRest ainda não existe, e por isso o",,
infra/compose/bootstrap.sh,257,identifier,isso,"2. BACKUP — a stanza do pgBackRest ainda não existe, e por isso o",,
infra/compose/bootstrap.sh,257,identifier,nao,"2. BACKUP — a stanza do pgBackRest ainda não existe, e por isso o",,
infra/compose/bootstrap.sh,257,identifier,por,"2. BACKUP — a stanza do pgBackRest ainda não existe, e por isso o",,
infra/compose/bootstrap.sh,258,identifier,arquivamento,arquivamento de WAL está DESLIGADO (PG_ARCHIVE_MODE=off):,,
infra/compose/bootstrap.sh,258,identifier,desligado,arquivamento de WAL está DESLIGADO (PG_ARCHIVE_MODE=off):,,
infra/compose/bootstrap.sh,258,identifier,esta,arquivamento de WAL está DESLIGADO (PG_ARCHIVE_MODE=off):,,
infra/compose/bootstrap.sh,261,identifier,depois,Depois troque PG_ARCHIVE_MODE para on no segredo SOPS e rode ./deploy.sh ${VERSAO}.,,
infra/compose/bootstrap.sh,261,identifier,para,Depois troque PG_ARCHIVE_MODE para on no segredo SOPS e rode ./deploy.sh ${VERSAO}.,,
infra/compose/bootstrap.sh,261,identifier,segredo,Depois troque PG_ARCHIVE_MODE para on no segredo SOPS e rode ./deploy.sh ${VERSAO}.,,
infra/compose/bootstrap.sh,261,identifier,versao,Depois troque PG_ARCHIVE_MODE para on no segredo SOPS e rode ./deploy.sh ${VERSAO}.,,
infra/compose/bootstrap.sh,262,identifier,com,Confirme com:  docker ... run --rm backup -c 'pgbackrest --stanza=pipe check',,
infra/compose/bootstrap.sh,264,identifier,administrador,"3. PRIMEIRO CLIENTE — tenant, catálogo e administrador:",,
infra/compose/bootstrap.sh,264,identifier,primeiro,"3. PRIMEIRO CLIENTE — tenant, catálogo e administrador:",,
infra/compose/bootstrap.sh,265,identifier,provisionar,docker compose -f docker-compose.prod.yml --profile tarefa run --rm provisionar \\,,
infra/compose/bootstrap.sh,266,identifier,operacao,"--nome ""Sua Empresa"" --slug sua-empresa --plano operacao \\",,
infra/compose/bootstrap.sh,266,identifier,plano,"--nome ""Sua Empresa"" --slug sua-empresa --plano operacao \\",,
infra/compose/bootstrap.sh,266,identifier,sua,"--nome ""Sua Empresa"" --slug sua-empresa --plano operacao \\",,
infra/compose/bootstrap.sh,267,identifier,com,--admin voce@seudominio.com.br,,
infra/compose/bootstrap.sh,268,identifier,dominio,O comando imprime o registro TXT do domínio. Publique-o no DNS e rode de novo,,
infra/compose/bootstrap.sh,269,identifier,com,com --verificar. Só então o Google login encontra o tenant.,,
infra/compose/bootstrap.sh,269,identifier,entao,com --verificar. Só então o Google login encontra o tenant.,,
infra/compose/bootstrap.sh,269,identifier,verificar,com --verificar. Só então o Google login encontra o tenant.,,
infra/compose/bootstrap.sh,271,identifier,dele,4. WHATSAPP — o WABA é do cliente e a ligação é feita no Business Manager dele.,,
infra/compose/bootstrap.sh,271,identifier,ligacao,4. WHATSAPP — o WABA é do cliente e a ligação é feita no Business Manager dele.,,
infra/compose/bootstrap.sh,272,identifier,2026,O passo a passo está em docs/specs/2026-09-07-implantacao.md §6.,,
infra/compose/bootstrap.sh,272,identifier,esta,O passo a passo está em docs/specs/2026-09-07-implantacao.md §6.,,
infra/compose/bootstrap.sh,272,identifier,implantacao,O passo a passo está em docs/specs/2026-09-07-implantacao.md §6.,,
infra/compose/deploy.sh,2,comment,,"# Publicação de uma versão nova. Roda na VPS, como root, a partir de /opt/pipe.",,
infra/compose/deploy.sh,4,comment,,"# Este script é para a SEGUNDA publicação em diante. A primeira, do zero, é",,
infra/compose/deploy.sh,5,comment,,"# `bootstrap.sh` — ela tem passos que só acontecem uma vez (papel do banco,",,
infra/compose/deploy.sh,6,comment,,"# stanza do backup, tenant, canal) e paradas para o que só o dono pode fazer.",,
infra/compose/deploy.sh,8,comment,,"# A ordem não é gosto: migration antes do código novo (§9 da spec), porque só",,
infra/compose/deploy.sh,9,comment,,# assim dá para voltar a versão anterior sem perder dado. Toda migration precisa,,
infra/compose/deploy.sh,10,comment,,"# ser compatível com o código antigo — este script não tem como verificar isso, e",,
infra/compose/deploy.sh,11,comment,,# é a única regra aqui que depende de disciplina humana.,,
infra/compose/deploy.sh,14,identifier,imagem,"VERSAO=""${1:?uso: deploy.sh <tag da imagem>}""",,
infra/compose/deploy.sh,14,identifier,versao,"VERSAO=""${1:?uso: deploy.sh <tag da imagem>}""",,
infra/compose/deploy.sh,17,comment,,# Segredo nunca fica em disco versionado. O arquivo cifrado vive no repositório;,,
infra/compose/deploy.sh,18,comment,,"# a chave age vive só na máquina, com dono root e modo 600.",,
infra/compose/deploy.sh,19,identifier,dados,export SOPS_AGE_KEY_FILE=/opt/pipe-dados/age.key,,
infra/compose/deploy.sh,21,identifier,dados,sops --decrypt secrets/production.enc.env > /opt/pipe-dados/.env,,
infra/compose/deploy.sh,22,comment,,"# Depois do arquivo cifrado, de propósito: em `--env-file` vale a última",,
infra/compose/deploy.sh,23,comment,,"# definição, então esta linha sobrescreve o PIPE_VERSAO que veio do SOPS.",,
infra/compose/deploy.sh,24,identifier,dados,"echo ""PIPE_VERSAO=${VERSAO}"" >> /opt/pipe-dados/.env",,
infra/compose/deploy.sh,27,identifier,dados,source /opt/pipe-dados/.env,,
infra/compose/deploy.sh,31,identifier,dados,"COMPOSE=""docker compose -f docker-compose.prod.yml -f docker-compose.tls-${PIPE_TLS_MODE}.yml --env-file /opt/pipe-dados",,
infra/compose/deploy.sh,33,comment,,"# `postgres` e `backup` são construídos aqui, não puxados: a imagem é o Postgres",,
infra/compose/deploy.sh,34,comment,,"# com pgbackrest ao lado, e ela não está em registro nenhum. `--ignore-buildable`",,
infra/compose/deploy.sh,35,comment,,# impede que o `pull` pare a publicação tentando baixar justamente essas duas.,,
infra/compose/deploy.sh,39,identifier,migrar,$COMPOSE --profile tarefa run --rm migrar,,
infra/compose/deploy.sh,41,comment,,# `--wait` faz o compose esperar o healthcheck ficar verde antes de dar por feito;,,
infra/compose/deploy.sh,42,comment,,"# sem ele, ""deploy ok"" significa apenas ""o contêiner iniciou"", que é diferente de",,
infra/compose/deploy.sh,43,comment,,"# ""o contêiner responde"".",,
infra/compose/deploy.sh,46,comment,,# Registro de publicação que o suporte consiga consultar às duas da manhã.,,
infra/compose/deploy.sh,47,identifier,dados,"printf '%s\t%s\t%s\n' ""$(date -Is)"" ""${VERSAO}"" ""${SUDO_USER:-root}"" >> /opt/pipe-dados/publicacoes.tsv",,
infra/compose/deploy.sh,47,identifier,publicacoes,"printf '%s\t%s\t%s\n' ""$(date -Is)"" ""${VERSAO}"" ""${SUDO_USER:-root}"" >> /opt/pipe-dados/publicacoes.tsv",,
infra/compose/deploy.sh,47,identifier,versao,"printf '%s\t%s\t%s\n' ""$(date -Is)"" ""${VERSAO}"" ""${SUDO_USER:-root}"" >> /opt/pipe-dados/publicacoes.tsv",,
infra/compose/docker-compose.prod.yml,1,comment,,# Pipe em produção numa máquina só — o degrau pequeno.,,
infra/compose/docker-compose.prod.yml,3,comment,,"# Diferenças em relação ao docker-compose.yml da raiz, que é de desenvolvimento:",,
infra/compose/docker-compose.prod.yml,5,comment,,"# de CPU e memória por serviço, healthcheck em tudo que recebe tráfego, e o",,
infra/compose/docker-compose.prod.yml,6,comment,,# backup como serviço de verdade.,,
infra/compose/docker-compose.prod.yml,9,comment,,# O .env é gerado pelo deploy.sh a partir do arquivo SOPS; nunca é versionado.,,
infra/compose/docker-compose.prod.yml,13,identifier,padrao,x-padrao: &padrao,,
infra/compose/docker-compose.prod.yml,15,comment,,# Log sem rotação enche o disco da VPS em semanas e derruba o Postgres junto.,,
infra/compose/docker-compose.prod.yml,23,identifier,padrao,<<: *padrao,,
infra/compose/docker-compose.prod.yml,24,identifier,dados,env_file: [/opt/pipe-dados/.env],,
infra/compose/docker-compose.prod.yml,28,identifier,dados,"networks: [borda, dados]",,
infra/compose/docker-compose.prod.yml,29,comment,,# Tetos calculados para uma VPS de 4 vCPU / 16 GB. A soma dos limites passa do,,
infra/compose/docker-compose.prod.yml,30,comment,,# total de propósito: nem todos chegam no teto ao mesmo tempo. O que não pode,,
infra/compose/docker-compose.prod.yml,31,comment,,"# faltar é o teto — sem ele, um vazamento no worker mata o Postgres junto.",,
infra/compose/docker-compose.prod.yml,32,comment,,"# deploy.resources vale no `docker compose up`, sem Swarm nenhum.",,
infra/compose/docker-compose.prod.yml,42,comment,,"# O HEALTHCHECK das duas imagens Next que restam (`desk`, `crm`) sai com",,
infra/compose/docker-compose.prod.yml,43,comment,,"# `exit 0` em QUALQUER resposta HTTP, 500 inclusive: um front sem banco fica",,
infra/compose/docker-compose.prod.yml,44,comment,,"# ""healthy"" para sempre. Aqui a raiz é aceita só abaixo de 500. Não é `/saude`",,
infra/compose/docker-compose.prod.yml,45,comment,,"# — Next não tem uma —, mas já separa ""o processo subiu"" de ""o processo",,
infra/compose/docker-compose.prod.yml,46,comment,,"# consegue renderizar"". `management-vite` não usa isto: é estático, sem banco para",,
infra/compose/docker-compose.prod.yml,47,comment,,"# falhar, e o HEALTHCHECK da própria imagem (`apps/management-vite/Dockerfile`) já",,
infra/compose/docker-compose.prod.yml,52,identifier,cmd,"'CMD',",,
infra/compose/docker-compose.prod.yml,64,identifier,padrao,<<: *padrao,,
infra/compose/docker-compose.prod.yml,68,comment,,"# Sem isto, todo contêiner novo vira rota publicada por acidente.",,
infra/compose/docker-compose.prod.yml,70,comment,,"# `api`, `desk` e `crm` estão em DUAS redes (`management-vite` não: é estático,",,
infra/compose/docker-compose.prod.yml,71,comment,,"# não fala com o Postgres, e vive só na `borda`). Sem esta linha o Traefik",,
infra/compose/docker-compose.prod.yml,72,comment,,# escolhe um dos dois IPs sem critério estável nos que estão em duas — e,,
infra/compose/docker-compose.prod.yml,73,comment,,"# quando escolhe o da rede `dados`, onde ele não está, dá 502 que some e",,
infra/compose/docker-compose.prod.yml,74,comment,,# volta a cada recriação de contêiner. O nome tem o prefixo do projeto,,
infra/compose/docker-compose.prod.yml,81,comment,,"# ACME por desafio HTTP: não exige token de DNS na máquina, e a porta 80 já",,
infra/compose/docker-compose.prod.yml,91,comment,,"# Somente leitura: o Traefik precisa descobrir contêiner, não controlar o",,
infra/compose/docker-compose.prod.yml,92,comment,,# Docker. Socket rw aqui é root na máquina para quem tomar o Traefik.,,
infra/compose/docker-compose.prod.yml,94,identifier,dados,- /opt/pipe-dados/acme:/acme,,
infra/compose/docker-compose.prod.yml,102,identifier,cmd,"test: ['CMD', 'traefik', 'healthcheck', '--ping']",,
infra/compose/docker-compose.prod.yml,109,comment,,# Construída por infra/build-images.sh a partir de apps/api/Dockerfile.,,
infra/compose/docker-compose.prod.yml,111,comment,,# `GET /saude` existe desde 07/09/2026 (apps/api/src/controladores/operacao.ts),,
infra/compose/docker-compose.prod.yml,112,comment,,# e devolve 503 quando o pool da aplicação não responde. O HEALTHCHECK da,,
infra/compose/docker-compose.prod.yml,113,comment,,# imagem ainda bate na raiz `/` e aprova qualquer coisa abaixo de 500 — o que,,
infra/compose/docker-compose.prod.yml,114,comment,,"# dá ""healthy"" com o banco fora. Este bloco sobrescreve o da imagem, e é a",,
infra/compose/docker-compose.prod.yml,115,comment,,"# diferença entre ""o contêiner iniciou"" e ""o contêiner atende"".",,
infra/compose/docker-compose.prod.yml,119,identifier,cmd,"'CMD',",,
infra/compose/docker-compose.prod.yml,130,comment,,"# `!PathPrefix('/metrics')`: o roteador é por Host, e sem esta negação",,
infra/compose/docker-compose.prod.yml,131,comment,,# `https://api.<dominio>/metrics` fica público. O porteiro da própria,,
infra/compose/docker-compose.prod.yml,132,comment,,"# rota libera faixa privada quando não há token, e atrás do Traefik o IP",,
infra/compose/docker-compose.prod.yml,133,comment,,"# visto É privado — ou seja, a defesa da aplicação não vale aqui. O",,
infra/compose/docker-compose.prod.yml,134,comment,,"# Prometheus continua coletando por dentro, em `api:3100`.",,
infra/compose/docker-compose.prod.yml,153,comment,,# Fila de entrega é o que segura a conta na hora cheia; é o primeiro serviço a,,
infra/compose/docker-compose.prod.yml,154,comment,,# ganhar réplica quando a profundidade da fila subir (§7 da spec).,,
infra/compose/docker-compose.prod.yml,170,comment,,# Desk Vite estático: não fala com Postgres nem lê `.env` em execução.,,
infra/compose/docker-compose.prod.yml,171,identifier,padrao,<<: *padrao,,
infra/compose/docker-compose.prod.yml,181,comment,,"# Gestão como SPA estática (Vite + nginx): não fala com o Postgres, não lê",,
infra/compose/docker-compose.prod.yml,182,comment,,"# `.env`, não tem `PIPE_URL_ESTE_APP` — a origem do próprio app já sai",,
infra/compose/docker-compose.prod.yml,183,comment,,"# embutida no bundle (`VITE_URL_API`, assado por `build-images.sh`), e",,
infra/compose/docker-compose.prod.yml,184,comment,,"# quem decide ""para onde volto depois do login"" é o navegador",,
infra/compose/docker-compose.prod.yml,185,comment,,"# (`window.location.origin`), não uma variável de servidor. Por isso está só",,
infra/compose/docker-compose.prod.yml,186,comment,,"# na rede `borda`, como o `site`, e não em `dados`.",,
infra/compose/docker-compose.prod.yml,188,identifier,padrao,<<: *padrao,,
infra/compose/docker-compose.prod.yml,207,comment,,"# O CRM que existe HOJE é `apps/crm`, Next 15, código nosso, dentro do monorepo —",,
infra/compose/docker-compose.prod.yml,208,comment,,"# e é ele que esta imagem empacota (infra/build-images.sh, apps/crm/Dockerfile).",,
infra/compose/docker-compose.prod.yml,210,comment,,# O fork AGPLv3 do Twenty (docs/specs/2026-09-07-fork-do-twenty.md) ainda não tem,,
infra/compose/docker-compose.prod.yml,211,comment,,"# imagem publicada. Quando tiver, esta linha vira",,
infra/compose/docker-compose.prod.yml,212,comment,,# `image: ghcr.io/pipe/crm-fork:${PIPE_CRM_VERSAO}` e nada mais muda: a fronteira,,
infra/compose/docker-compose.prod.yml,213,comment,,"# de licença é justamente esta — serviço separado, imagem separada, conversa por",,
infra/compose/docker-compose.prod.yml,214,comment,,"# rede, e nenhum `build: ../..` apontando para o monorepo.",,
infra/compose/docker-compose.prod.yml,216,identifier,padrao,<<: *padrao,,
infra/compose/docker-compose.prod.yml,218,comment,,"# Um `.env` só, e não um `.env.crm` à parte: `apps/crm` é código nosso, lê o",,
infra/compose/docker-compose.prod.yml,219,comment,,# MESMO banco (`apps/crm/src/lib/configuracoes-dados.ts` usa,,
infra/compose/docker-compose.prod.yml,220,comment,,# `PIPE_CHAVES_SEGREDO`) e um segundo arquivo cifrado era mais uma coisa para,,
infra/compose/docker-compose.prod.yml,221,comment,,"# esquecer de criar antes do primeiro `up`. Quando o fork AGPLv3 entrar, ele",,
infra/compose/docker-compose.prod.yml,222,comment,,"# ganha o arquivo próprio — aí a separação existe por licença, não por hábito.",,
infra/compose/docker-compose.prod.yml,223,identifier,dados,env_file: [/opt/pipe-dados/.env],,
infra/compose/docker-compose.prod.yml,224,identifier,dados,"networks: [borda, dados]",,
infra/compose/docker-compose.prod.yml,226,identifier,este,PIPE_URL_ESTE_APP: https://crm.${PIPE_DOMINIO_CONTAS},,
infra/compose/docker-compose.prod.yml,245,identifier,padrao,<<: *padrao,,
infra/compose/docker-compose.prod.yml,269,identifier,padrao,<<: *padrao,,
infra/compose/docker-compose.prod.yml,270,comment,,# Imagem própria só para ter o pgbackrest ao lado do Postgres: o,,
infra/compose/docker-compose.prod.yml,271,comment,,"# archive_command roda DENTRO deste contêiner, então o binário precisa estar",,
infra/compose/docker-compose.prod.yml,272,comment,,# aqui — não adianta deixá-lo só no contêiner de backup.,,
infra/compose/docker-compose.prod.yml,280,identifier,sao,TZ: America/Sao_Paulo,,
infra/compose/docker-compose.prod.yml,281,comment,,"# Lida pelo script de inicialização abaixo. É a senha do papel `pipe_app`,",,
infra/compose/docker-compose.prod.yml,282,comment,,# e precisa bater com a de DATABASE_URL_APP.,,
infra/compose/docker-compose.prod.yml,283,identifier,senha,POSTGRES_APP_SENHA: ${POSTGRES_APP_SENHA},,
infra/compose/docker-compose.prod.yml,284,comment,,# O `archive_command` roda DENTRO deste contêiner e fala com o bucket: sem,,
infra/compose/docker-compose.prod.yml,285,comment,,"# estas três o archive-push falha em silêncio a cada segmento de WAL, o",,
infra/compose/docker-compose.prod.yml,286,comment,,# Postgres passa a acumular `pg_wal` e o disco acaba. Estavam só no serviço,,
infra/compose/docker-compose.prod.yml,287,comment,,"# de backup, que não é quem arquiva.",,
infra/compose/docker-compose.prod.yml,294,comment,,"# `off` no primeiro `up`, de propósito. Arquivar antes de a stanza existir",,
infra/compose/docker-compose.prod.yml,295,comment,,"# é o mesmo que não arquivar, só que enchendo o disco: o `archive_command`",,
infra/compose/docker-compose.prod.yml,297,comment,,# implantação manda rodar `pgbackrest stanza-create` e SÓ ENTÃO trocar esta,,
infra/compose/docker-compose.prod.yml,298,comment,,# variável para `on` e reiniciar o banco.,,
infra/compose/docker-compose.prod.yml,302,comment,,# WAL fechado a cada 60s: é isto que torna verdadeira a promessa de RPO de 5,,
infra/compose/docker-compose.prod.yml,303,comment,,"# minutos num banco parado de madrugada, quando o WAL demoraria horas a encher.",,
infra/compose/docker-compose.prod.yml,312,comment,,# O papel `pipe_app` NÃO nasce das migrations: todo `grant` para ele em,,
infra/compose/docker-compose.prod.yml,313,comment,,# packages/db/drizzle vem embrulhado em `IF EXISTS (... pg_roles ...)` e é,,
infra/compose/docker-compose.prod.yml,314,comment,,# pulado em silêncio se o papel não existir. Em desenvolvimento quem o cria,,
infra/compose/docker-compose.prod.yml,315,comment,,"# é docker/postgres/init.sql, que este compose nunca montou — e o resultado",,
infra/compose/docker-compose.prod.yml,316,comment,,# era API e fronts sem conseguir conectar com DATABASE_URL_APP.,,
infra/compose/docker-compose.prod.yml,317,comment,,"# O diretório roda uma vez só, na inicialização de um PGDATA vazio, ANTES",,
infra/compose/docker-compose.prod.yml,318,comment,,# do primeiro `migrar` — que é exatamente a ordem que os grants exigem.,,
infra/compose/docker-compose.prod.yml,321,comment,,# O soquete unix é compartilhado com o contêiner de backup: é assim que o,,
infra/compose/docker-compose.prod.yml,322,comment,,# pgBackRest abre e fecha o backup sem que o Postgres precise escutar em TCP,,
infra/compose/docker-compose.prod.yml,323,comment,,# para alguém além da rede `dados`.,,
infra/compose/docker-compose.prod.yml,325,comment,,# Nenhuma porta publicada. Para depurar: `docker compose exec postgres psql`,,
infra/compose/docker-compose.prod.yml,326,comment,,# ou um túnel SSH — não um mapeamento que fica aberto para sempre.,,
infra/compose/docker-compose.prod.yml,327,identifier,dados,networks: [dados],,
infra/compose/docker-compose.prod.yml,334,identifier,cmd,"test: ['CMD-SHELL', 'pg_isready -U pipe -d pipe']",,
infra/compose/docker-compose.prod.yml,340,identifier,padrao,<<: *padrao,,
infra/compose/docker-compose.prod.yml,352,comment,,# noeviction de propósito: BullMQ perdendo job por despejo silencioso vira,,
infra/compose/docker-compose.prod.yml,353,comment,,# mensagem que o cliente jura ter enviado e que nunca saiu.,,
infra/compose/docker-compose.prod.yml,356,identifier,dados,networks: [dados],,
infra/compose/docker-compose.prod.yml,363,identifier,cmd,"test: ['CMD', 'redis-cli', 'ping']",,
infra/compose/docker-compose.prod.yml,369,identifier,padrao,<<: *padrao,,
infra/compose/docker-compose.prod.yml,370,comment,,# Mesma imagem do banco de propósito: o teste de restauração precisa da MESMA,,
infra/compose/docker-compose.prod.yml,371,comment,,"# versão de Postgres e das MESMAS extensões, senão ele valida outra coisa.",,
infra/compose/docker-compose.prod.yml,375,comment,,"# `tarefa` porque este serviço EXISTE para ser chamado com `run --rm`, pelos",,
infra/compose/docker-compose.prod.yml,376,comment,,"# timers do systemd. Sem o perfil ele entrava no `up`, subia um `/bin/bash`",,
infra/compose/docker-compose.prod.yml,377,comment,,"# sem terminal, saía na hora — e o `up -d --wait` do deploy.sh dava a",,
infra/compose/docker-compose.prod.yml,378,comment,,# publicação inteira como falha por causa de um contêiner que fez o certo.,,
infra/compose/docker-compose.prod.yml,380,identifier,fica,"restart: 'no' # disparado por systemd timer, não fica em laço",,
infra/compose/docker-compose.prod.yml,380,identifier,nao,"restart: 'no' # disparado por systemd timer, não fica em laço",,
infra/compose/docker-compose.prod.yml,380,identifier,por,"restart: 'no' # disparado por systemd timer, não fica em laço",,
infra/compose/docker-compose.prod.yml,386,comment,,"# `pgbackrest.conf` declara `repo1-cipher-type=aes-256-cbc`. Sem a senha,",,
infra/compose/docker-compose.prod.yml,387,comment,,"# todo comando do pgBackRest para com ""repo1-cipher-pass is required"" — e",,
infra/compose/docker-compose.prod.yml,391,identifier,restauracao,HEALTHCHECK_URL_RESTAURACAO: ${HEALTHCHECK_URL_RESTAURACAO},,
infra/compose/docker-compose.prod.yml,394,comment,,# PGDATA porque o pgBackRest lê os arquivos direto; a conexão libpq é só,,
infra/compose/docker-compose.prod.yml,400,identifier,metricas,- metricas:/metricas,,
infra/compose/docker-compose.prod.yml,401,comment,,"# `borda` também porque o repositório fica em storage de objetos, fora desta",,
infra/compose/docker-compose.prod.yml,402,comment,,# máquina. Backup no mesmo disco do banco não é backup.,,
infra/compose/docker-compose.prod.yml,403,identifier,dados,"networks: [dados, borda]",,
infra/compose/docker-compose.prod.yml,406,identifier,padrao,<<: *padrao,,
infra/compose/docker-compose.prod.yml,410,comment,,"# 15 dias resolve ""o que houve na semana passada"". Série histórica de",,
infra/compose/docker-compose.prod.yml,411,comment,,"# negócio já vive em metrica_diaria, no Postgres.",,
infra/compose/docker-compose.prod.yml,415,identifier,alertas,- ../observability/alertas.yml:/etc/prometheus/alertas.yml:ro,,
infra/compose/docker-compose.prod.yml,417,identifier,metricas,- metricas:/metricas:ro,,
infra/compose/docker-compose.prod.yml,418,identifier,dados,"networks: [borda, dados]",,
infra/compose/docker-compose.prod.yml,426,identifier,padrao,<<: *padrao,,
infra/compose/docker-compose.prod.yml,438,identifier,padrao,<<: *padrao,,
infra/compose/docker-compose.prod.yml,442,comment,,"# É por aqui que ""o backup falhou"" e ""a restauração não valida"" viram série",,
infra/compose/docker-compose.prod.yml,444,identifier,metricas,- --collector.textfile.directory=/metricas,,
infra/compose/docker-compose.prod.yml,448,identifier,metricas,- metricas:/metricas:ro,,
infra/compose/docker-compose.prod.yml,449,identifier,dados,networks: [dados],,
infra/compose/docker-compose.prod.yml,456,identifier,padrao,<<: *padrao,,
infra/compose/docker-compose.prod.yml,460,identifier,dados,networks: [dados],,
infra/compose/docker-compose.prod.yml,467,identifier,padrao,<<: *padrao,,
infra/compose/docker-compose.prod.yml,469,comment,,"# Perfil opcional: alerta é obrigatório, painel é conforto. Suba quando",,
infra/compose/docker-compose.prod.yml,470,comment,,# alguém for de fato olhar — `docker compose --profile painel up -d`.,,
infra/compose/docker-compose.prod.yml,471,identifier,painel,profiles: [painel],,
infra/compose/docker-compose.prod.yml,480,identifier,metricas,- traefik.http.routers.grafana.rule=Host(`metricas.${PIPE_DOMINIO_CONTAS}`),,
infra/compose/docker-compose.prod.yml,485,comment,,# Migration roda ANTES do código novo subir (§9 da spec) e sai.,,
infra/compose/docker-compose.prod.yml,486,comment,,# `docker compose --profile tarefa run --rm migrar`,,
infra/compose/docker-compose.prod.yml,487,identifier,migrar,migrar:,,
infra/compose/docker-compose.prod.yml,488,identifier,padrao,<<: *padrao,,
infra/compose/docker-compose.prod.yml,492,identifier,dados,env_file: [/opt/pipe-dados/.env],,
infra/compose/docker-compose.prod.yml,495,comment,,# `pnpm --filter @pipe/db migrar` NÃO roda aqui: a imagem de produção não tem,,
infra/compose/docker-compose.prod.yml,496,comment,,"# pnpm, tsx nem devDependencies. O `dist/migrar.js` compilado faz o mesmo —",,
infra/compose/docker-compose.prod.yml,497,comment,,# aplica as migrations e garante as partições — e os .sql viajam junto em,,
infra/compose/docker-compose.prod.yml,499,identifier,migrar,"command: ['node', '/app/packages/db/dist/migrar.js']",,
infra/compose/docker-compose.prod.yml,500,identifier,dados,networks: [dados],,
infra/compose/docker-compose.prod.yml,501,comment,,"# `run --rm migrar` sobe as dependências declaradas, e sem isto ele não subia",,
infra/compose/docker-compose.prod.yml,502,comment,,"# nenhuma: no primeiro deploy, com o Postgres ainda parado, a migration",,
infra/compose/docker-compose.prod.yml,508,comment,,"# Provisionar um cliente: tenant, catálogo, primeiro administrador e domínio.",,
infra/compose/docker-compose.prod.yml,509,comment,,# É comando e não rota de propósito (ver o cabeçalho de apps/api/provisionar.ts):,,
infra/compose/docker-compose.prod.yml,513,comment,,"#     --nome ""Acme"" --slug acme --plano operacao --admin ana@acme.com.br",,
infra/compose/docker-compose.prod.yml,514,identifier,provisionar,provisionar:,,
infra/compose/docker-compose.prod.yml,515,identifier,padrao,<<: *padrao,,
infra/compose/docker-compose.prod.yml,519,identifier,dados,env_file: [/opt/pipe-dados/.env],,
infra/compose/docker-compose.prod.yml,522,identifier,provisionar,"entrypoint: ['node', '/app/apps/api/dist/provisionar.js']",,
infra/compose/docker-compose.prod.yml,523,identifier,dados,networks: [dados],,
infra/compose/docker-compose.prod.yml,529,comment,,# Onde o Traefik alcança a aplicação e a aplicação alcança a internet,,
infra/compose/docker-compose.prod.yml,532,comment,,# Postgres e Redis vivem aqui e em nenhum outro lugar. `internal: true` corta a,,
infra/compose/docker-compose.prod.yml,533,comment,,"# saída para a internet: um Postgres comprometido não exfiltra nada sozinho, e",,
infra/compose/docker-compose.prod.yml,534,comment,,# nenhum serviço novo ganha acesso ao banco por descuido de rede.,,
infra/compose/docker-compose.prod.yml,535,identifier,dados,dados:,,
infra/compose/docker-compose.prod.yml,544,comment,,# Onde os scripts de backup escrevem a métrica lida pelo Prometheus,,
infra/compose/docker-compose.prod.yml,545,comment,,"# (textfile collector): é assim que ""a restauração falhou"" vira alerta.",,
infra/compose/docker-compose.prod.yml,546,identifier,metricas,metricas:,,
infra/compose/postgres/Dockerfile,3,comment,,# O pgbackrest precisa estar NESTE contêiner porque o archive_command do Postgres,,
infra/compose/postgres/Dockerfile,4,comment,,# o executa a cada segmento de WAL. Deixá-lo só no contêiner de backup dá um banco,,
infra/compose/postgres/Dockerfile,5,comment,,# que arquiva WAL para lugar nenhum — e a descoberta vem no dia da restauração.,,
infra/compose/postgres/Dockerfile,12,comment,,# O repositório fica em storage de objetos; o diretório local guarda só o spool,,
infra/compose/postgres/Dockerfile,13,comment,,# do archive-push assíncrono.,,
infra/compose/postgres/init/10-papel-app.sh,1,path,papel,infra/compose/postgres/init/10-papel-app.sh,,
infra/compose/postgres/init/10-papel-app.sh,2,comment,,"# Cria o papel da aplicação. Roda UMA vez, na inicialização de um PGDATA vazio,",,
infra/compose/postgres/init/10-papel-app.sh,5,comment,,# Por que aqui e não numa migration: as migrations de packages/db concedem,,
infra/compose/postgres/init/10-papel-app.sh,6,comment,,# privilégio a `pipe_app` sempre sob `IF EXISTS (SELECT 1 FROM pg_roles ...)`.,,
infra/compose/postgres/init/10-papel-app.sh,7,comment,,"# Se o papel nascer DEPOIS delas, os grants já foram pulados, a migration consta",,
infra/compose/postgres/init/10-papel-app.sh,8,comment,,# como aplicada e ninguém roda de novo — a API conecta e não enxerga tabela,,
infra/compose/postgres/init/10-papel-app.sh,9,comment,,"# nenhuma. Ordem errada aqui é defeito silencioso, e o mais caro de achar.",,
infra/compose/postgres/init/10-papel-app.sh,11,comment,,# O papel não é dono de nada e não tem `bypassrls`: é isso que faz a política,,
infra/compose/postgres/init/10-papel-app.sh,12,comment,,# `tenant_isolado` valer de verdade (§4 da spec de infraestrutura).,,
infra/compose/postgres/init/10-papel-app.sh,13,comment,,"# Sem `-u`: quando o bit de execução não sobrevive ao clone, o entrypoint do",,
infra/compose/postgres/init/10-papel-app.sh,14,comment,,"# Postgres SOURCEIA este arquivo em vez de executá-lo, e `set -u` passaria a",,
infra/compose/postgres/init/10-papel-app.sh,15,comment,,# valer para o resto do entrypoint. `-e` e a checagem explícita abaixo bastam.,,
infra/compose/postgres/init/10-papel-app.sh,18,identifier,senha,"if [ -z ""${POSTGRES_APP_SENHA:-}"" ]; then",,
infra/compose/postgres/init/10-papel-app.sh,19,identifier,esta,"echo ""FALHA: POSTGRES_APP_SENHA não está definida."" >&2",,
infra/compose/postgres/init/10-papel-app.sh,19,identifier,nao,"echo ""FALHA: POSTGRES_APP_SENHA não está definida."" >&2",,
infra/compose/postgres/init/10-papel-app.sh,20,identifier,com,"echo ""É a senha de pipe_app e precisa bater com a de DATABASE_URL_APP."" >&2",,
infra/compose/postgres/init/10-papel-app.sh,20,identifier,precisa,"echo ""É a senha de pipe_app e precisa bater com a de DATABASE_URL_APP."" >&2",,
infra/compose/postgres/init/10-papel-app.sh,20,identifier,senha,"echo ""É a senha de pipe_app e precisa bater com a de DATABASE_URL_APP."" >&2",,
infra/compose/postgres/init/10-papel-app.sh,24,comment,,"# `:'senha'` é substituição do psql, que escapa o valor como literal — senha com",,
infra/compose/postgres/init/10-papel-app.sh,25,comment,,# aspas ou barra invertida não vira injeção nem erro de sintaxe. Dentro de bloco,,
infra/compose/postgres/init/10-papel-app.sh,26,comment,,"# `do $$ ... $$` a substituição NÃO acontece, por isso o comando é direto.",,
infra/compose/postgres/init/10-papel-app.sh,27,comment,,# O papel não pode existir aqui: este diretório só roda com PGDATA vazio.,,
infra/compose/postgres/init/10-papel-app.sh,28,identifier,username,"psql -v ON_ERROR_STOP=1 --username ""$POSTGRES_USER"" --dbname ""$POSTGRES_DB"" \",,
infra/compose/postgres/init/10-papel-app.sh,29,identifier,senha,"--set senha=""$POSTGRES_APP_SENHA"" <<'SQL'",,
infra/compose/postgres/init/10-papel-app.sh,30,identifier,senha,create role pipe_app login password :'senha';,,
infra/compose/postgres/init/10-papel-app.sh,35,identifier,papel,"echo ""papel pipe_app criado""",,
infra/compose/tenant-domain.sh,4,identifier,contas,"local domain=""${PIPE_DOMINIO_CONTAS:-}""",,
infra/compose/tenant-domain.sh,4,identifier,dominio,"local domain=""${PIPE_DOMINIO_CONTAS:-}""",,
infra/compose/tenant-domain.sh,5,identifier,vazio,"[[ -n ""$domain"" ]] || { echo 'PIPE_DOMINIO_CONTAS vazio.' >&2; return 1; }",,
infra/compose/tenant-domain.sh,7,identifier,apenas,echo 'PIPE_DOMINIO_CONTAS invalido: use apenas labels DNS em minusculas.' >&2; return 1;,,
infra/compose/tenant-domain.sh,7,identifier,invalido,echo 'PIPE_DOMINIO_CONTAS invalido: use apenas labels DNS em minusculas.' >&2; return 1;,,
infra/compose/tenant-domain.sh,9,identifier,dominio,"[[ ""${PIPE_COOKIE_DOMINIO:-}"" == "".${domain}"" ]] || {",,
infra/compose/tenant-domain.sh,10,identifier,ser,"echo ""PIPE_COOKIE_DOMINIO deve ser exatamente .${domain}."" >&2; return 1;",,
infra/compose/tenant-domain.sh,12,identifier,origens,"[[ ""${PIPE_ORIGENS:-}"" != *'*'* ]] || {",,
infra/compose/tenant-domain.sh,13,identifier,nao,echo 'PIPE_ORIGENS nao pode conter curinga.' >&2; return 1;,,
infra/compose/tenant-domain.sh,13,identifier,pode,echo 'PIPE_ORIGENS nao pode conter curinga.' >&2; return 1;,,
infra/compose/tenant-domain.sh,15,identifier,retorno,"[[ ""${GOOGLE_URL_RETORNO:-}"" == ""https://login.${domain}/""* ]] || {",,
infra/compose/tenant-domain.sh,16,identifier,com,"echo ""GOOGLE_URL_RETORNO deve comecar com https://login.${domain}/."" >&2; return 1;",,
infra/compose/tenant-domain.sh,23,identifier,para,echo 'CF_DNS_API_TOKEN obrigatorio para DNS-01.' >&2; return 1;,,
infra/k8s/base/api.yaml,1,comment,,# API: o serviço que recebe webhook da Meta e o tráfego do Desk.,,
infra/k8s/base/api.yaml,3,comment,,# É o único que não pode ficar indisponível durante uma publicação: webhook,,
infra/k8s/base/api.yaml,4,comment,,"# perdido é mensagem de cliente perdida, e a Meta reenvia por pouco tempo.",,
infra/k8s/base/api.yaml,18,comment,,# Espalha as réplicas por nó: duas réplicas no mesmo nó caem juntas e o,,
infra/k8s/base/api.yaml,19,comment,,# PodDisruptionBudget não salva ninguém.,,
infra/k8s/base/api.yaml,28,identifier,vem,image: ghcr.io/pipe/api:latest # a tag real vem do overlay,,
infra/k8s/base/api.yaml,31,identifier,metricas,"- { name: metricas, containerPort: 9464 }",,
infra/k8s/base/api.yaml,33,identifier,segredos,- secretRef: { name: pipe-segredos },,
infra/k8s/base/api.yaml,35,comment,,# requests é o que o escalonador usa para caber no nó; limits é o teto,,
infra/k8s/base/api.yaml,36,comment,,"# que impede um vazamento de derrubar o vizinho. Sem requests, o pod é",,
infra/k8s/base/api.yaml,37,comment,,# BestEffort e é o primeiro a morrer sob pressão de memória.,,
infra/k8s/base/api.yaml,41,comment,,# Três sondas com papéis diferentes: startup dá tempo ao Next/Nest sem,,
infra/k8s/base/api.yaml,42,comment,,# afrouxar a liveness; readiness tira do balanceamento sem reiniciar;,,
infra/k8s/base/api.yaml,43,comment,,# liveness reinicia. Usar a mesma para as três é como não ter nenhuma.,,
infra/k8s/base/api.yaml,59,comment,,# Tempo para terminar o que está em voo. O padrão de 30s corta requisição de,,
infra/k8s/base/api.yaml,60,comment,,# webhook no meio quando o nó está carregado.,,
infra/k8s/base/api.yaml,71,identifier,metricas,"- { name: metricas, port: 9464, targetPort: metricas }",,
infra/k8s/base/api.yaml,87,comment,,"# Subir rápido, descer devagar: atendimento tem pico curto, e encolher no meio",,
infra/k8s/base/api.yaml,88,comment,,# do pico é como criar um segundo pico.,,
infra/k8s/base/api.yaml,97,comment,,"# 1, não 2. Com duas réplicas, minAvailable=2 proíbe QUALQUER despejo e trava a",,
infra/k8s/base/api.yaml,98,comment,,# drenagem de nó para sempre — o PDB que protege demais vira o incidente.,,
infra/k8s/base/api.yaml,99,comment,,"# Quando o mínimo do HPA subir para 3, este número sobe para 2.",,
infra/k8s/base/kustomization.yaml,1,comment,,# Base compartilhada. O overlay de cada instalação (a compartilhada e a de cada,,
infra/k8s/base/kustomization.yaml,2,comment,,"# cliente dedicado) só troca imagem, réplicas e hostname.",,
infra/k8s/base/kustomization.yaml,4,comment,,# Kustomize e não Helm para a aplicação: não há terceiros consumindo isto como,,
infra/k8s/base/kustomization.yaml,5,comment,,"# chart, e template dentro de YAML é a fonte de metade dos incidentes de deploy.",,
infra/k8s/base/kustomization.yaml,6,comment,,"# Helm continua sendo usado para o que é de terceiros (Traefik, cert-manager).",,
infra/k8s/base/kustomization.yaml,21,identifier,sao,- PIPE_FUSO_PADRAO=America/Sao_Paulo,,
infra/k8s/base/kustomization.yaml,24,comment,,# O Secret `pipe-segredos` NÃO nasce aqui: ele é o arquivo SOPS cifrado que o,,
infra/k8s/base/kustomization.yaml,26,comment,,# kustomize é colocá-lo em texto claro no repositório.,,
infra/k8s/base/kustomization.yaml,28,comment,,# O sufixo de hash do configMapGenerator fica LIGADO (padrão): é ele que faz uma,,
infra/k8s/base/kustomization.yaml,29,comment,,"# mudança de configuração reiniciar os pods. Desligar dá o bug clássico de ""mudei",,
infra/k8s/base/kustomization.yaml,30,comment,,"# a variável e nada aconteceu"".",,
infra/k8s/base/rede.yaml,1,comment,,# Equivalente k8s da rede `dados: internal: true` do compose.,,
infra/k8s/base/rede.yaml,3,comment,,"# Sem NetworkPolicy, qualquer pod de qualquer namespace alcança o banco e o Redis.",,
infra/k8s/base/rede.yaml,4,comment,,# Namespace NÃO é fronteira de rede por padrão — é o engano mais caro de quem,,
infra/k8s/base/rede.yaml,5,comment,,"# acha que ""namespace por tenant"" já isola alguma coisa.",,
infra/k8s/base/rede.yaml,9,identifier,entrada,name: negar-entrada-por-padrao,,
infra/k8s/base/rede.yaml,9,identifier,padrao,name: negar-entrada-por-padrao,,
infra/k8s/base/rede.yaml,9,identifier,por,name: negar-entrada-por-padrao,,
infra/k8s/base/rede.yaml,17,identifier,metrica,name: permitir-ingress-e-metrica,,
infra/k8s/base/rede.yaml,33,comment,,"# Saída restrita nos workers: eles falam com a Meta, com o provedor de IA, com o",,
infra/k8s/base/rede.yaml,34,comment,,# banco e com o Redis. Mais do que isso é exfiltração ou dependência que ninguém,,
infra/k8s/base/rede.yaml,39,identifier,dos,name: saida-dos-workers,,
infra/k8s/base/rede.yaml,39,identifier,saida,name: saida-dos-workers,,
infra/k8s/base/rede.yaml,54,identifier,credencial,except: [169.254.169.254/32] # metadados da nuvem: credencial do nó de graça,,
infra/k8s/base/rotas.yaml,5,comment,,"# Ingress ""clássico"" e não Gateway API: a API de Ingress continua disponível e",,
infra/k8s/base/rotas.yaml,6,comment,,"# congelada, o Gateway API é para onde o projeto aponta, e migrar é troca de",,
infra/k8s/base/rotas.yaml,7,comment,,# manifesto — não de arquitetura. Quando o Traefik e o provedor estiverem estáveis,,
infra/k8s/base/rotas.yaml,19,identifier,com,- app.usepipe.com.br,,
infra/k8s/base/rotas.yaml,20,identifier,com,- gestao.usepipe.com.br,,
infra/k8s/base/rotas.yaml,20,identifier,gestao,- gestao.usepipe.com.br,,
infra/k8s/base/rotas.yaml,21,identifier,com,- api.usepipe.com.br,,
infra/k8s/base/rotas.yaml,28,comment,,# O webhook da Meta manda mídia; o padrão de 1MB do ingress recusa e a,,
infra/k8s/base/rotas.yaml,29,comment,,# mensagem se perde com um 413 que ninguém lê.,,
infra/k8s/base/rotas.yaml,34,identifier,com,"- hosts: [app.usepipe.com.br, gestao.usepipe.com.br, api.usepipe.com.br]",,
infra/k8s/base/rotas.yaml,34,identifier,gestao,"- hosts: [app.usepipe.com.br, gestao.usepipe.com.br, api.usepipe.com.br]",,
infra/k8s/base/rotas.yaml,37,identifier,com,- host: app.usepipe.com.br,,
infra/k8s/base/rotas.yaml,41,identifier,com,- host: gestao.usepipe.com.br,,
infra/k8s/base/rotas.yaml,41,identifier,gestao,- host: gestao.usepipe.com.br,,
infra/k8s/base/rotas.yaml,45,identifier,com,- host: api.usepipe.com.br,,
infra/k8s/base/web.yaml,1,comment,,# Desk e Gestão.,,
infra/k8s/base/web.yaml,3,comment,,# Ficam num arquivo só por histórico — eram dois Next.js iguais em forma. A,,
infra/k8s/base/web.yaml,4,comment,,# Gestão migrou para Vite + nginx estático (docs/specs/2026-09-07-arquitetura-de-front.md),,
infra/k8s/base/web.yaml,5,comment,,# e por isso já não compartilha `envFrom` nem porta com o Desk; o que sobra em,,
infra/k8s/base/web.yaml,6,comment,,"# comum é pouco, mas separar agora só para separar não paga o custo de mais um",,
infra/k8s/base/web.yaml,7,comment,,"# arquivo. Quando o Desk migrar também, este arquivo vira dois de verdade —",,
infra/k8s/base/web.yaml,8,comment,,"# um por servidor, não por app.",,
infra/k8s/base/web.yaml,27,identifier,segredos,- secretRef: { name: pipe-segredos },,
infra/k8s/base/web.yaml,53,comment,,# Gestão como SPA estática (Vite + nginx): sem `envFrom` — não fala com o,,
infra/k8s/base/web.yaml,54,comment,,"# Postgres nem com o Redis, e as URLs que precisa (`api`, `desk`) já vêm",,
infra/k8s/base/web.yaml,55,comment,,"# assadas no bundle pela imagem (`apps/management-vite/Dockerfile`, build-arg). A",,
infra/k8s/base/web.yaml,56,comment,,"# porta do contêiner é a 80 do nginx, não a 3000 do Next.",,
infra/k8s/base/workers.yaml,1,comment,,"# Workers: entrega de mensagem, IA e agregação. Não recebe tráfego de fora.",,
infra/k8s/base/workers.yaml,3,comment,,"# Escala por tamanho de fila, não por CPU: um worker esperando resposta da Meta ou",,
infra/k8s/base/workers.yaml,4,comment,,# do provedor de IA fica com CPU baixa e fila crescendo. Escalar por CPU aqui é,,
infra/k8s/base/workers.yaml,23,identifier,metricas,"- { name: metricas, containerPort: 9464 }",,
infra/k8s/base/workers.yaml,25,identifier,segredos,- secretRef: { name: pipe-segredos },,
infra/k8s/base/workers.yaml,31,identifier,metricas,"httpGet: { path: /vivo, port: metricas }",,
infra/k8s/base/workers.yaml,34,comment,,# Um job de entrega no meio do caminho precisa terminar ou voltar para a,,
infra/k8s/base/workers.yaml,46,identifier,metricas,"- { name: metricas, port: 9464, targetPort: metricas }",,
infra/k8s/base/workers.yaml,57,comment,,# Métrica externa vinda do Prometheus (adapter). Se o adapter não estiver,,
infra/k8s/base/workers.yaml,58,comment,,"# instalado, o HPA fica parado no mínimo em silêncio — confira o `describe hpa`",,
infra/k8s/base/workers.yaml,59,comment,,# antes de acreditar que ele está escalando.,,
infra/k8s/tenants/exemplo-dedicado/kustomization.yaml,1,comment,,# Overlay de um cliente que exigiu separação física (a saída prevista na §4 da,,
infra/k8s/tenants/exemplo-dedicado/kustomization.yaml,1,path,exemplo,infra/k8s/tenants/exemplo-dedicado/kustomization.yaml,,
infra/k8s/tenants/exemplo-dedicado/kustomization.yaml,4,comment,,"# É a MESMA base: mesma imagem, mesmo manifesto, mesma migration. O que muda é",,
infra/k8s/tenants/exemplo-dedicado/kustomization.yaml,5,comment,,"# namespace, hostname e o fato de que aquela instalação atende um tenant só. Se",,
infra/k8s/tenants/exemplo-dedicado/kustomization.yaml,6,comment,,"# algum dia este overlay precisar de um manifesto que a base não tem, a",,
infra/k8s/tenants/exemplo-dedicado/kustomization.yaml,7,comment,,# separação deixou de ser de infraestrutura e virou fork de produto — e aí o,,
infra/k8s/tenants/exemplo-dedicado/kustomization.yaml,8,comment,,# preço muda.,,
infra/k8s/tenants/exemplo-dedicado/kustomization.yaml,12,identifier,pelo,namespace: pipe-acme # criado pelo módulo tenant-dedicado do Terraform,,
infra/k8s/tenants/exemplo-dedicado/kustomization.yaml,27,comment,,"# Cliente dedicado é, por definição, cliente grande — mas ""grande"" dele é menor que",,
infra/k8s/tenants/exemplo-dedicado/kustomization.yaml,28,comment,,"# o compartilhado inteiro. Réplica fixa aqui, sem HPA: o volume é previsível e a",,
infra/k8s/tenants/exemplo-dedicado/kustomization.yaml,29,comment,,# cota do namespace é pequena.,,
infra/k8s/tenants/exemplo-dedicado/kustomization.yaml,41,identifier,com,value: acme.usepipe.com.br,,
infra/k8s/tenants/exemplo-dedicado/kustomization.yaml,44,identifier,com,value: gestao.acme.usepipe.com.br,,
infra/k8s/tenants/exemplo-dedicado/kustomization.yaml,44,identifier,gestao,value: gestao.acme.usepipe.com.br,,
infra/k8s/tenants/exemplo-dedicado/kustomization.yaml,47,identifier,com,value: api.acme.usepipe.com.br,,
infra/k8s/tenants/exemplo-dedicado/kustomization.yaml,52,identifier,com,"value: [acme.usepipe.com.br, gestao.acme.usepipe.com.br, api.acme.usepipe.com.br]",,
infra/k8s/tenants/exemplo-dedicado/kustomization.yaml,52,identifier,gestao,"value: [acme.usepipe.com.br, gestao.acme.usepipe.com.br, api.acme.usepipe.com.br]",,
infra/k8s/tenants/exemplo-dedicado/kustomization.yaml,56,identifier,merge,behavior: merge,,
infra/k8s/tenants/exemplo-dedicado/kustomization.yaml,58,comment,,"# A instalação sabe que atende um tenant só: é o que permite negar, na",,
infra/k8s/tenants/exemplo-dedicado/kustomization.yaml,59,comment,,"# aplicação, qualquer requisição com outro tenant_id, além da RLS.",,
infra/k8s/tenants/exemplo-dedicado/kustomization.yaml,60,identifier,unico,- PIPE_TENANT_UNICO=acme,,
infra/k8s/values/cert-manager-issuer.yaml,3,comment,,# Emissor de certificado. Dois: o de teste existe porque a Let's Encrypt limita,,
infra/k8s/values/cert-manager-issuer.yaml,4,comment,,"# emissões por semana, e descobrir o limite durante um incidente significa ficar",,
infra/k8s/values/cert-manager-issuer.yaml,5,comment,,# sem certificado até a semana seguinte.,,
infra/k8s/values/cert-manager-issuer.yaml,14,identifier,com,email: infra@usepipe.com.br,,
infra/k8s/values/cert-manager-issuer.yaml,16,identifier,conta,name: letsencrypt-conta,,
infra/k8s/values/cert-manager-issuer.yaml,25,identifier,teste,name: letsencrypt-teste,,
infra/k8s/values/cert-manager-issuer.yaml,29,identifier,com,email: infra@usepipe.com.br,,
infra/k8s/values/cert-manager-issuer.yaml,31,identifier,conta,name: letsencrypt-teste-conta,,
infra/k8s/values/cert-manager-issuer.yaml,31,identifier,teste,name: letsencrypt-teste-conta,,
infra/k8s/values/kube-prometheus-stack-values.yaml,2,comment,,# que a resposta a um incidente não dependa de lembrar em qual degrau o cliente,,
infra/k8s/values/kube-prometheus-stack-values.yaml,3,comment,,# está.,,
infra/k8s/values/kube-prometheus-stack-values.yaml,17,comment,,"# Sem isto, o Prometheus só enxerga ServiceMonitor com o rótulo do chart, e o",,
infra/k8s/values/kube-prometheus-stack-values.yaml,18,comment,,# monitor que você escreveu à mão é ignorado em silêncio.,,
infra/k8s/values/kube-prometheus-stack-values.yaml,29,identifier,severidade,"- matchers: [severidade=""acorda""]",,
infra/k8s/values/kube-prometheus-stack-values.yaml,35,identifier,com,- to: infra@usepipe.com.br,,
infra/k8s/values/kube-prometheus-stack-values.yaml,42,identifier,sao,defaultDashboardsTimezone: America/Sao_Paulo,,
infra/k8s/values/kube-prometheus-stack-values.yaml,44,comment,,"# Regras de alerta próprias: o arquivo é o mesmo de infra/observability/alertas.yml,",,
infra/k8s/values/kube-prometheus-stack-values.yaml,45,comment,,# aplicado como PrometheusRule pelo Kustomize. Manter duas cópias é garantir que,,
infra/k8s/values/postgres-cnpg.yaml,1,comment,,"# Postgres DENTRO do cluster — o plano B, não o padrão.",,
infra/k8s/values/postgres-cnpg.yaml,3,comment,,# O padrão é banco gerenciado fora do cluster (ver o módulo k8s-cluster). Este,,
infra/k8s/values/postgres-cnpg.yaml,5,comment,,#   1. o provedor não oferece pgvector no Postgres gerenciado — e sem pgvector o,,
infra/k8s/values/postgres-cnpg.yaml,6,comment,,#      pacote @pipe/ai não sobe;,,
infra/k8s/values/postgres-cnpg.yaml,7,comment,,#   2. o cliente exigiu que o dado não saia do cluster dele.,,
infra/k8s/values/postgres-cnpg.yaml,9,comment,,"# O CloudNativePG é bom software (CNCF, backup por plugin Barman, failover",,
infra/k8s/values/postgres-cnpg.yaml,10,comment,,"# automático, upgrade de versão maior declarativo). O que ele não resolve é quem",,
infra/k8s/values/postgres-cnpg.yaml,11,comment,,"# vai depurar às 3h um failover que não completou. Enquanto a resposta for ""uma",,
infra/k8s/values/postgres-cnpg.yaml,12,comment,,"# pessoa só"", pague o gerenciado.",,
infra/k8s/values/postgres-cnpg.yaml,27,comment,,# RLS depende de o papel da aplicação não ser dono e não ter bypassrls; quem,,
infra/k8s/values/postgres-cnpg.yaml,28,comment,,"# garante isso é a migration, não o operador.",,
infra/k8s/values/postgres-cnpg.yaml,31,comment,,"# Réplica síncrona: com 3 instâncias, confirmar a escrita em uma réplica",,
infra/k8s/values/postgres-cnpg.yaml,32,comment,,# significa que a queda do primário não perde transação já confirmada. Custa,,
infra/k8s/values/postgres-cnpg.yaml,33,comment,,"# latência de escrita, e é o preço de RPO zero para o que foi confirmado.",,
infra/k8s/values/postgres-cnpg.yaml,53,comment,,# Uma instância por nó: três réplicas no mesmo nó é uma réplica com passos extras.,,
infra/k8s/values/postgres-cnpg.yaml,58,comment,,"# Backup contínuo para storage de objetos, pelo plugin Barman Cloud. Sem isto o",,
infra/k8s/values/postgres-cnpg.yaml,59,comment,,"# cluster tem alta disponibilidade e NÃO tem backup — são coisas diferentes, e",,
infra/k8s/values/postgres-cnpg.yaml,60,comment,,# confundi-las é como se perde dado apagado por engano.,,
infra/k8s/values/traefik-values.yaml,3,comment,,"# Escolha forçada por um fato, não por preferência: o ingress-nginx mantido pelo",,
infra/k8s/values/traefik-values.yaml,4,comment,,"# projeto Kubernetes foi aposentado em março de 2026 — sem release, sem correção",,
infra/k8s/values/traefik-values.yaml,5,comment,,# de bug e sem correção de segurança.,,
infra/k8s/values/traefik-values.yaml,7,comment,,"# Entre os que sobraram, o Traefik é o mesmo do degrau pequeno: um jeito só de",,
infra/k8s/values/traefik-values.yaml,13,comment,,"# Sem PDB, a drenagem de um nó pode tirar as duas réplicas de ingress ao mesmo",,
infra/k8s/values/traefik-values.yaml,14,comment,,# tempo — indisponibilidade total durante uma manutenção rotineira.,,
infra/k8s/values/traefik-values.yaml,26,comment,,"# O IP precisa ser estável: é ele que está no DNS e, quando o cliente restringe",,
infra/k8s/values/traefik-values.yaml,27,comment,,"# saída por IP, na lista de permissão dele.",,
infra/k8s/values/traefik-values.yaml,38,comment,,"# TLS vem do cert-manager (Secret), não do ACME embutido: com duas réplicas, o",,
infra/k8s/values/traefik-values.yaml,39,comment,,# armazenamento em arquivo do ACME do Traefik não é compartilhável e as duas,,
infra/k8s/values/traefik-values.yaml,49,comment,,# Gateway API desligado por ora; ligar é o caminho de migração quando os,,
infra/observability/alertas.yml,1,comment,,"# Alertas. Dois grupos, e a diferença entre eles é uma decisão, não um rótulo:",,
infra/observability/alertas.yml,1,path,alertas,infra/observability/alertas.yml,,
infra/observability/alertas.yml,3,comment,,#   severidade=acorda  → toca o telefone às 3h. Cliente já está sentindo.,,
infra/observability/alertas.yml,4,comment,,#   severidade=ticket  → vira tarefa no dia seguinte. Ninguém acorda.,,
infra/observability/alertas.yml,6,comment,,# Alerta que toca e não exige ação é o mecanismo pelo qual todo alerta passa a ser,,
infra/observability/alertas.yml,7,comment,,"# ignorado. Se algo aqui tocar duas vezes sem ação, ele desce para `ticket`.",,
infra/observability/alertas.yml,12,identifier,fora,- alert: ApiForaDoAr,,
infra/observability/alertas.yml,15,identifier,severidade,labels: { severidade: acorda },,
infra/observability/alertas.yml,17,identifier,nao,resumo: 'A API não responde há 2 minutos',,
infra/observability/alertas.yml,17,identifier,resumo,resumo: 'A API não responde há 2 minutos',,
infra/observability/alertas.yml,20,identifier,entrega,- alert: EntregaFalhando,,
infra/observability/alertas.yml,21,comment,,# Taxa de falha por canal: é o número que avisa antes do cliente ligar,,
infra/observability/alertas.yml,22,comment,,# (§8 da spec). 20% em 10 minutos é falha de credencial ou de número,,
infra/observability/alertas.yml,23,comment,,"# bloqueado, não azar.",,
infra/observability/alertas.yml,25,identifier,canal,"sum by (canal) (rate(pipe_message_delivery_total{resultado=""falha""}[10m]))",,
infra/observability/alertas.yml,25,identifier,resultado,"sum by (canal) (rate(pipe_message_delivery_total{resultado=""falha""}[10m]))",,
infra/observability/alertas.yml,27,identifier,canal,sum by (canal) (rate(pipe_message_delivery_total[10m])) > 0.2,,
infra/observability/alertas.yml,29,identifier,severidade,labels: { severidade: acorda },,
infra/observability/alertas.yml,31,identifier,canal,resumo: 'Mais de 20% das mensagens do canal {{ $labels.canal }} estão falhando',,
infra/observability/alertas.yml,31,identifier,das,resumo: 'Mais de 20% das mensagens do canal {{ $labels.canal }} estão falhando',,
infra/observability/alertas.yml,31,identifier,mais,resumo: 'Mais de 20% das mensagens do canal {{ $labels.canal }} estão falhando',,
infra/observability/alertas.yml,31,identifier,mensagens,resumo: 'Mais de 20% das mensagens do canal {{ $labels.canal }} estão falhando',,
infra/observability/alertas.yml,31,identifier,resumo,resumo: 'Mais de 20% das mensagens do canal {{ $labels.canal }} estão falhando',,
infra/observability/alertas.yml,33,identifier,fila,- alert: FilaParada,,
infra/observability/alertas.yml,34,comment,,# Profundidade sozinha engana: fila grande escoando é hora cheia normal.,,
infra/observability/alertas.yml,35,comment,,# O que dói é o item mais velho não sair.,,
infra/observability/alertas.yml,38,identifier,severidade,labels: { severidade: acorda },,
infra/observability/alertas.yml,40,identifier,fila,resumo: 'Item de {{ $labels.fila }} parado há mais de 15 minutos',,
infra/observability/alertas.yml,40,identifier,mais,resumo: 'Item de {{ $labels.fila }} parado há mais de 15 minutos',,
infra/observability/alertas.yml,40,identifier,resumo,resumo: 'Item de {{ $labels.fila }} parado há mais de 15 minutos',,
infra/observability/alertas.yml,42,comment,,"# `WorkerParado` saiu daqui. Ele media `up{job=""pipe-workers""}`, e não existe",,
infra/observability/alertas.yml,43,comment,,# alvo `pipe-workers`: `apps/workers` não expõe HTTP. A regra ficaria em,,
infra/observability/alertas.yml,44,comment,,"# disparo permanente, tocando o telefone toda madrugada sem nada a fazer —",,
infra/observability/alertas.yml,45,comment,,# que é o mecanismo exato pelo qual todo o resto deste arquivo passa a ser,,
infra/observability/alertas.yml,46,comment,,"# ignorado. O sintoma real de worker parado já aparece em `FilaParada`, com",,
infra/observability/alertas.yml,47,comment,,# métrica que EXISTE. Volta quando `apps/workers` publicar /metrics.,,
infra/observability/alertas.yml,49,identifier,banco,- alert: BancoForaDoAr,,
infra/observability/alertas.yml,49,identifier,fora,- alert: BancoForaDoAr,,
infra/observability/alertas.yml,52,identifier,severidade,labels: { severidade: acorda },,
infra/observability/alertas.yml,54,identifier,cheio,- alert: DiscoQuaseCheio,,
infra/observability/alertas.yml,54,identifier,disco,- alert: DiscoQuaseCheio,,
infra/observability/alertas.yml,59,identifier,severidade,labels: { severidade: acorda },,
infra/observability/alertas.yml,61,identifier,disco,resumo: 'Menos de 10% de disco livre — o Postgres para quando acabar',,
infra/observability/alertas.yml,61,identifier,menos,resumo: 'Menos de 10% de disco livre — o Postgres para quando acabar',,
infra/observability/alertas.yml,61,identifier,para,resumo: 'Menos de 10% de disco livre — o Postgres para quando acabar',,
infra/observability/alertas.yml,61,identifier,quando,resumo: 'Menos de 10% de disco livre — o Postgres para quando acabar',,
infra/observability/alertas.yml,61,identifier,resumo,resumo: 'Menos de 10% de disco livre — o Postgres para quando acabar',,
infra/observability/alertas.yml,63,identifier,nao,- alert: RestauracaoNaoValida,,
infra/observability/alertas.yml,63,identifier,restauracao,- alert: RestauracaoNaoValida,,
infra/observability/alertas.yml,64,comment,,"# O alerta mais importante do arquivo, e o menos óbvio: ele dispara quando",,
infra/observability/alertas.yml,65,comment,,# o backup existe mas NÃO restaura. Descobrir isso num domingo de manhã é,,
infra/observability/alertas.yml,66,comment,,# barato; descobrir no dia do desastre não é.,,
infra/observability/alertas.yml,67,identifier,restauracao,expr: pipe_restauracao_ok == 0,,
infra/observability/alertas.yml,69,identifier,severidade,labels: { severidade: acorda },,
infra/observability/alertas.yml,75,identifier,severidade,labels: { severidade: ticket },,
infra/observability/alertas.yml,77,identifier,mais,resumo: 'O último backup terminou há mais de 36 horas',,
infra/observability/alertas.yml,77,identifier,resumo,resumo: 'O último backup terminou há mais de 36 horas',,
infra/observability/alertas.yml,79,identifier,restauracao,- alert: TesteDeRestauracaoAtrasado,,
infra/observability/alertas.yml,79,identifier,teste,- alert: TesteDeRestauracaoAtrasado,,
infra/observability/alertas.yml,80,identifier,restauracao,expr: time() - pipe_restauracao_fim_timestamp > 691200 # 8 dias,,
infra/observability/alertas.yml,81,identifier,severidade,labels: { severidade: ticket },,
infra/observability/alertas.yml,85,identifier,severidade,labels: { severidade: ticket },,
infra/observability/alertas.yml,87,identifier,menos,resumo: 'Certificado de {{ $labels.cn }} vence em menos de 10 dias',,
infra/observability/alertas.yml,87,identifier,resumo,resumo: 'Certificado de {{ $labels.cn }} vence em menos de 10 dias',,
infra/observability/alertas.yml,87,identifier,vence,resumo: 'Certificado de {{ $labels.cn }} vence em menos de 10 dias',,
infra/observability/alertas.yml,89,identifier,disco,- alert: DiscoEnchendo,,
infra/observability/alertas.yml,93,identifier,severidade,labels: { severidade: ticket },,
infra/observability/alertas.yml,95,identifier,disco,"resumo: 'No ritmo atual, o disco acaba em uma semana'",,
infra/observability/alertas.yml,95,identifier,resumo,"resumo: 'No ritmo atual, o disco acaba em uma semana'",,
infra/observability/alertas.yml,95,identifier,semana,"resumo: 'No ritmo atual, o disco acaba em uma semana'",,
infra/observability/alertas.yml,100,identifier,severidade,labels: { severidade: ticket },,
infra/observability/alertas.yml,105,identifier,severidade,labels: { severidade: ticket },,
infra/observability/alertmanager.yml,1,comment,,# Roteamento. A única coisa que importa aqui: `acorda` sai por um canal que,,
infra/observability/alertmanager.yml,2,comment,,"# realmente acorda alguém, e `ticket` sai por e-mail. Se os dois saírem pelo mesmo",,
infra/observability/alertmanager.yml,3,comment,,"# lugar, em duas semanas os dois estão silenciados.",,
infra/observability/alertmanager.yml,13,comment,,# 4 horas entre repetições: alerta que repete de 5 em 5 minutos ensina a ignorar.,,
infra/observability/alertmanager.yml,16,identifier,severidade,"- matchers: [severidade=""acorda""]",,
infra/observability/alertmanager.yml,20,comment,,"# Dois tópicos de ntfy, e não e-mail + ntfy, por um motivo prático: o receptor de",,
infra/observability/alertmanager.yml,21,comment,,"# e-mail exigia `auth_password_file: /run/secrets/smtp`, arquivo que o compose",,
infra/observability/alertmanager.yml,22,comment,,# nunca montou. O Alertmanager RECUSA a configuração inteira quando o caminho não,,
infra/observability/alertmanager.yml,23,comment,,"# existe — ele não subia, e a pilha subia inteira sem ninguém vigiando.",,
infra/observability/alertmanager.yml,25,comment,,# Dois tópicos separados custam zero credencial e mantêm a separação que importa:,,
infra/observability/alertmanager.yml,26,comment,,"# no celular, `pipe-acorda` fica como notificação de prioridade máxima, furando o",,
infra/observability/alertmanager.yml,27,comment,,"# ""não perturbe"", e `pipe-ticket` fica silencioso, para ler de manhã. Um só tópico",,
infra/observability/alertmanager.yml,28,comment,,"# para os dois é como, em duas semanas, os dois estão silenciados.",,
infra/observability/alertmanager.yml,30,comment,,# TROQUE o sufixo dos dois: tópico do ntfy.sh é público para quem souber o nome.,,
infra/observability/alertmanager.yml,37,comment,,# Requisito deste: precisa furar o modo silencioso do celular. Notificação que,,
infra/observability/alertmanager.yml,38,comment,,"# respeita o ""não perturbe"" não é plantão, é histórico.",,
infra/observability/alertmanager.yml,45,comment,,"# Quando a máquina inteira cai, tudo cai junto. Sem isto, o celular recebe doze",,
infra/observability/alertmanager.yml,46,comment,,# mensagens e a primeira — a que diz o que houve — some no meio.,,
infra/observability/alertmanager.yml,47,identifier,fora,"- source_matchers: [alertname=""ApiForaDoAr""]",,
infra/observability/alertmanager.yml,48,identifier,severidade,"target_matchers: [severidade=""ticket""]",,
infra/observability/prometheus.yml,1,comment,,"# Coleta do degrau pequeno. Vale para o grande também, trocando os alvos fixos",,
infra/observability/prometheus.yml,2,comment,,# por descoberta de serviço — as regras de alerta são as mesmas nos dois.,,
infra/observability/prometheus.yml,8,identifier,producao,ambiente: producao,,
infra/observability/prometheus.yml,11,identifier,alertas,- /etc/prometheus/alertas.yml,,
infra/observability/prometheus.yml,20,comment,,# `/metrics` existe (apps/api/src/controladores/operacao.ts) e é daqui que saem,,
infra/observability/prometheus.yml,23,comment,,"# `http_request_duration_seconds` — ou seja, quase todos os alertas.",,
infra/observability/prometheus.yml,25,comment,,"# A coleta é por dentro da rede, de um IP privado, e é por isso que ela passa",,
infra/observability/prometheus.yml,26,comment,,"# sem `PIPE_METRICS_TOKEN`. Se um dia o token for definido, acrescente aqui:",,
infra/observability/prometheus.yml,32,comment,,# NÃO existe alvo `pipe-workers`. `apps/workers` não abre porta HTTP nenhuma,,
infra/observability/prometheus.yml,33,comment,,# (nenhum `createServer` no código) e o Dockerfile dele não tem EXPOSE. Um job,,
infra/observability/prometheus.yml,34,comment,,# apontando para `workers:9464` ficaria `up == 0` para sempre — e o alerta,,
infra/observability/prometheus.yml,35,comment,,"# `WorkerParado`, que é `severidade: acorda`, tocaria o telefone toda noite",,
infra/observability/prometheus.yml,36,comment,,# desde o primeiro dia. Alerta que toca sem ação é como se ensina a ignorar,,
infra/observability/prometheus.yml,37,comment,,# todos os outros. Volta quando os workers expuserem métrica de verdade.,,
infra/observability/prometheus.yml,51,comment,,# O node-exporter lê /metricas via textfile collector: é por onde entram as,,
infra/observability/prometheus.yml,52,comment,,# métricas de backup e de teste de restauração escritas pelos scripts.,,
infra/terraform/modules/vps-pipe/cloud-init.yaml,2,comment,,"# Estado inicial da máquina. Só o que não muda: Docker, firewall, diretórios e os",,
infra/terraform/modules/vps-pipe/cloud-init.yaml,3,comment,,"# dois timers. Código e segredo chegam depois, pelo deploy — não pelo cloud-init,",,
infra/terraform/modules/vps-pipe/cloud-init.yaml,4,comment,,# senão recriar a máquina viraria um jeito acidental de publicar versão velha.,,
infra/terraform/modules/vps-pipe/cloud-init.yaml,12,identifier,decifra,- age        # decifra os segredos SOPS no deploy,,
infra/terraform/modules/vps-pipe/cloud-init.yaml,12,identifier,segredos,- age        # decifra os segredos SOPS no deploy,,
infra/terraform/modules/vps-pipe/cloud-init.yaml,16,comment,,"# O backup roda como timer do sistema, não como container em laço: se o Docker",,
infra/terraform/modules/vps-pipe/cloud-init.yaml,17,comment,,"# cair, o timer ainda dispara e o alerta de ""backup não rodou"" aparece.",,
infra/terraform/modules/vps-pipe/cloud-init.yaml,25,comment,,# `--env-file` não é opcional: sem ele o compose não resolve ${POSTGRES_SENHA},,
infra/terraform/modules/vps-pipe/cloud-init.yaml,27,comment,,"# com ""authentication failed"". `--profile tarefa` porque o serviço vive nele.",,
infra/terraform/modules/vps-pipe/cloud-init.yaml,28,identifier,dados,ExecStart=/usr/bin/docker compose -f docker-compose.prod.yml --env-file /opt/pipe-dados/.env --profile tarefa run --rm b,,
infra/terraform/modules/vps-pipe/cloud-init.yaml,32,identifier,diario,Description=Backup diário,,
infra/terraform/modules/vps-pipe/cloud-init.yaml,38,comment,,"# Restauração testada é requisito da §7 da spec de infraestrutura. Semanal, não",,
infra/terraform/modules/vps-pipe/cloud-init.yaml,39,comment,,# mensal: o custo é um container efêmero e a diferença é descobrir o problema,,
infra/terraform/modules/vps-pipe/cloud-init.yaml,40,comment,,# três semanas antes.,,
infra/terraform/modules/vps-pipe/cloud-init.yaml,41,identifier,restauracao,- path: /etc/systemd/system/pipe-restauracao-teste.service,,
infra/terraform/modules/vps-pipe/cloud-init.yaml,41,identifier,teste,- path: /etc/systemd/system/pipe-restauracao-teste.service,,
infra/terraform/modules/vps-pipe/cloud-init.yaml,48,identifier,dados,ExecStart=/usr/bin/docker compose -f docker-compose.prod.yml --env-file /opt/pipe-dados/.env --profile tarefa run --rm b,,
infra/terraform/modules/vps-pipe/cloud-init.yaml,49,identifier,restauracao,- path: /etc/systemd/system/pipe-restauracao-teste.timer,,
infra/terraform/modules/vps-pipe/cloud-init.yaml,49,identifier,teste,- path: /etc/systemd/system/pipe-restauracao-teste.timer,,
infra/terraform/modules/vps-pipe/cloud-init.yaml,52,identifier,restauracao,Description=Teste semanal de restauração,,
infra/terraform/modules/vps-pipe/cloud-init.yaml,52,identifier,semanal,Description=Teste semanal de restauração,,
infra/terraform/modules/vps-pipe/cloud-init.yaml,52,identifier,teste,Description=Teste semanal de restauração,,
infra/terraform/modules/vps-pipe/cloud-init.yaml,60,identifier,com,- curl -fsSL https://get.docker.com | sh,,
infra/terraform/modules/vps-pipe/cloud-init.yaml,61,comment,,"# `sops` NÃO está no apt do Ubuntu — só o `age` está, e é por isso que o",,
infra/terraform/modules/vps-pipe/cloud-init.yaml,62,comment,,"# deploy.sh morria em ""sops: command not found"" na primeira execução. Binário",,
infra/terraform/modules/vps-pipe/cloud-init.yaml,63,comment,,"# único, sem dependência.",,
infra/terraform/modules/vps-pipe/cloud-init.yaml,64,identifier,com,- curl -fsSLo /usr/local/bin/sops https://github.com/getsops/sops/releases/download/v3.9.4/sops-v3.9.4.linux.amd64,,
infra/terraform/modules/vps-pipe/cloud-init.yaml,66,comment,,"# Postgres e Redis nunca escutam na rede pública; o firewall é a segunda tranca,",,
infra/terraform/modules/vps-pipe/cloud-init.yaml,67,comment,,# a primeira é não publicar porta no compose.,,
infra/terraform/modules/vps-pipe/cloud-init.yaml,73,identifier,dados,- mkdir -p /opt/pipe /opt/pipe-dados/acme,,
infra/terraform/modules/vps-pipe/cloud-init.yaml,74,identifier,dados,- touch /opt/pipe-dados/acme/acme.json && chmod 600 /opt/pipe-dados/acme/acme.json,,
infra/terraform/modules/vps-pipe/cloud-init.yaml,77,identifier,restauracao,- systemctl enable --now pipe-backup.timer pipe-restauracao-teste.timer,,
infra/terraform/modules/vps-pipe/cloud-init.yaml,77,identifier,teste,- systemctl enable --now pipe-backup.timer pipe-restauracao-teste.timer,,
infra/terraform/modules/vps-pipe/cloud-init.yaml,78,comment,,"# O que falta é manual, uma vez só, e está em docs/specs/2026-09-07-implantacao.md:",,
infra/terraform/modules/vps-pipe/cloud-init.yaml,80,comment,,"# 2) rodar infra/compose/bootstrap.sh <versao>, que confere o que precisa estar",,
infra/terraform/modules/vps-pipe/cloud-init.yaml,81,comment,,"#    pronto, sobe a pilha na ordem certa e para com mensagem no que é seu.",,
infra/terraform/modules/vps-pipe/cloud-init.yaml,83,comment,,# O `ufw` acima NÃO fecha porta publicada por contêiner: o Docker escreve direto,,
infra/terraform/modules/vps-pipe/cloud-init.yaml,84,comment,,"# no netfilter, antes das regras dele. Aqui isso não é problema porque só o",,
infra/terraform/modules/vps-pipe/cloud-init.yaml,85,comment,,# Traefik publica porta (80 e 443) — mas vale lembrar antes de alguém acrescentar,,
pnpm-workspace.yaml,5,comment,,# esbuild precisa do script de instalação para baixar o binário nativo; sem isso,,
pnpm-workspace.yaml,6,comment,,"# tsx, vitest e drizzle-kit não rodam.",,
