id,scope,slice,kind,old,new,declared_at,consumers,persisted,category,decision_ref,status,owner,notes,worklist
api-literal-value-62ed6837,api,2,literal-value,contato,,apps/api/src/domain/etiquetas.ts:16,706,unknown,,,candidate,,,api-domain
api-literal-value-fcac0aed,api,2,literal-value,conversa,,apps/api/src/domain/etiquetas.ts:16,927,unknown,,,candidate,,,api-domain
api-literal-value-4202a29d,api,2,literal-value,convite,,apps/api/src/domain/management/contract.ts:166,247,unknown,,,candidate,,,api-domain
api-literal-value-8621bba8,api,2,literal-value,documento,,apps/api/src/domain/management/communication.ts:46,231,unknown,,,candidate,,,api-domain
api-literal-value-145ca760,api,2,literal-value,encerramento,,apps/api/src/domain/management/pesquisa.ts:30,112,unknown,,,candidate,,,api-domain
api-literal-value-1527d69f,api,2,literal-value,imagem,,apps/api/src/domain/management/communication.ts:46,235,unknown,,,candidate,,,api-domain
api-literal-value-9bfe6982,api,2,literal-value,limite_diario,,apps/api/src/domain/message-active.ts:141,3,unknown,,,candidate,,,api-domain
api-literal-value-ad2f1337,api,2,literal-value,limite_diario,,apps/api/src/domain/message-active.ts:29,3,unknown,,,candidate,,,api-domain
api-literal-value-5f33ca15,api,2,literal-value,mensagens:escrever,,apps/api/src/domain/management/integrations.ts:60,0,unknown,,,candidate,,,api-domain
api-literal-value-f5289d0a,api,2,literal-value,mensagens:ler,,apps/api/src/domain/management/integrations.ts:59,0,unknown,,,candidate,,,api-domain
api-literal-value-6f323ec7,api,2,literal-value,primeira_resposta,,apps/api/src/domain/management/pesquisa.ts:30,46,unknown,,,candidate,,,api-domain
api-literal-value-9f4ccbd2,api,2,literal-value,texto,,apps/api/src/domain/envio.ts:19,1706,unknown,,,candidate,,,api-domain
api-literal-value-f55a4f6f,api,2,literal-value,texto,,apps/api/src/domain/management/communication.ts:46,1706,unknown,,,candidate,,,api-domain
api-symbol-7395abc2,api,2,symbol,agenteNoFinanceiro,,apps/api/tests/queue-entry.test.ts:105,3,no,,,candidate,,,api-tests
api-symbol-6c5e5089,api,2,symbol,anexo,,apps/api/src/controllers/attachments.ts:59,88,no,,,candidate,,,api-core
api-symbol-392e7f09,api,2,symbol,anexoId,,apps/api/tests/media-received.test.ts:196,32,no,,,candidate,,,api-tests
api-symbol-eab9901e,api,2,symbol,anexoId,,apps/api/tests/media-received.test.ts:221,32,no,,,candidate,,,api-tests
api-symbol-e4fd0f6a,api,2,symbol,anexoId,,apps/api/tests/media-received.test.ts:249,32,no,,,candidate,,,api-tests
api-symbol-9389c1ba,api,2,symbol,anexoId,,apps/api/tests/media-received.test.ts:271,32,no,,,candidate,,,api-tests
api-symbol-da16c29e,api,2,symbol,anexoId,,apps/api/tests/media-received.test.ts:293,32,no,,,candidate,,,api-tests
api-symbol-16e914d1,api,2,symbol,anexoId,,apps/api/tests/media-received.test.ts:322,32,no,,,candidate,,,api-tests
api-symbol-207ada3c,api,2,symbol,anexoId,,apps/api/tests/media-received.test.ts:344,32,no,,,candidate,,,api-tests
api-symbol-00a2e8ef,api,2,symbol,atendentes,,apps/api/src/domain/management/permissions-of-agent.ts:158,233,no,,,candidate,,,api-domain
api-symbol-f7cb05f2,api,2,symbol,blocoId,,apps/api/tests/jsonb-compat.test.ts:123,4,no,,,candidate,,,api-tests
api-symbol-45be20d5,api,2,symbol,CABECALHO_TEXTO_MAX,,apps/api/src/domain/whatsapp/modelos.ts:41,9,no,,,candidate,,,api-domain
api-symbol-6acb2f11,api,2,symbol,canais,,apps/api/src/domain/management/settings.ts:192,211,no,,,candidate,,,api-domain
api-symbol-e28a68e9,api,2,symbol,canal,,apps/api/src/controllers/webhooks-instagram.ts:38,575,no,,,candidate,,,api-core
api-symbol-e1087c38,api,2,symbol,canal,,apps/api/src/controllers/webhooks-instagram.ts:62,575,no,,,candidate,,,api-core
api-symbol-3aa5bcbf,api,2,symbol,canal,,apps/api/src/controllers/webhooks-whatsapp.ts:25,575,no,,,candidate,,,api-core
api-symbol-23946c7f,api,2,symbol,canal,,apps/api/src/controllers/webhooks-whatsapp.ts:42,575,no,,,candidate,,,api-core
api-symbol-ceaa4447,api,2,symbol,canal,,apps/api/src/domain/channels.ts:73,575,no,,,candidate,,,api-domain
api-symbol-780aac61,api,2,symbol,canal,,apps/api/src/domain/management/configuration-of-flow.ts:245,575,no,,,candidate,,,api-domain
api-symbol-163847fc,api,2,symbol,canal,,apps/api/src/domain/whatsapp/modelos.ts:426,575,no,,,candidate,,,api-domain
api-symbol-89c1ccbd,api,2,symbol,canal,,apps/api/src/domain/whatsapp/modelos.ts:464,575,no,,,candidate,,,api-domain
api-symbol-0e2ac226,api,2,symbol,canal,,apps/api/src/domain/whatsapp/perfil.ts:174,575,no,,,candidate,,,api-domain
api-symbol-b5b79653,api,2,symbol,canal,,apps/api/src/queues.ts:67,575,no,,,candidate,,,api-core
api-symbol-e6c3d7e9,api,2,symbol,canal,,apps/api/tests/channels.test.ts:1070,575,no,,,candidate,,,api-tests
api-symbol-9dfe6fe3,api,2,symbol,canal,,apps/api/tests/channels.test.ts:1079,575,no,,,candidate,,,api-tests
api-symbol-dad7dd7f,api,2,symbol,canal,,apps/api/tests/channels.test.ts:1089,575,no,,,candidate,,,api-tests
api-symbol-7aa2c85b,api,2,symbol,canal,,apps/api/tests/channels.test.ts:1095,575,no,,,candidate,,,api-tests
api-symbol-0f2c6c2c,api,2,symbol,canal,,apps/api/tests/channels.test.ts:145,575,no,,,candidate,,,api-tests
api-symbol-72d83d7e,api,2,symbol,canal,,apps/api/tests/channels.test.ts:326,575,no,,,candidate,,,api-tests
api-symbol-f504e0ab,api,2,symbol,canal,,apps/api/tests/channels.test.ts:357,575,no,,,candidate,,,api-tests
api-symbol-d562ff0d,api,2,symbol,canal,,apps/api/tests/channels.test.ts:373,575,no,,,candidate,,,api-tests
api-symbol-9245bf5c,api,2,symbol,canal,,apps/api/tests/channels.test.ts:391,575,no,,,candidate,,,api-tests
api-symbol-aa4d1d0a,api,2,symbol,canal,,apps/api/tests/channels.test.ts:415,575,no,,,candidate,,,api-tests
api-symbol-8e8a1ae3,api,2,symbol,canal,,apps/api/tests/channels.test.ts:526,575,no,,,candidate,,,api-tests
api-symbol-6b0b5efe,api,2,symbol,canal,,apps/api/tests/channels.test.ts:563,575,no,,,candidate,,,api-tests
api-symbol-49240b29,api,2,symbol,canal,,apps/api/tests/channels.test.ts:587,575,no,,,candidate,,,api-tests
api-symbol-c75de75f,api,2,symbol,canal,,apps/api/tests/channels.test.ts:619,575,no,,,candidate,,,api-tests
api-symbol-7adb4598,api,2,symbol,canal,,apps/api/tests/channels.test.ts:677,575,no,,,candidate,,,api-tests
api-symbol-1f7f02cd,api,2,symbol,canal,,apps/api/tests/channels.test.ts:698,575,no,,,candidate,,,api-tests
api-symbol-96bf2dcf,api,2,symbol,canal,,apps/api/tests/channels.test.ts:718,575,no,,,candidate,,,api-tests
api-symbol-d5f4b002,api,2,symbol,canal,,apps/api/tests/channels.test.ts:755,575,no,,,candidate,,,api-tests
api-symbol-e2af9ab6,api,2,symbol,canal,,apps/api/tests/channels.test.ts:783,575,no,,,candidate,,,api-tests
api-symbol-0d64135f,api,2,symbol,canal,,apps/api/tests/channels.test.ts:838,575,no,,,candidate,,,api-tests
api-symbol-847636c2,api,2,symbol,canal,,apps/api/tests/channels.test.ts:873,575,no,,,candidate,,,api-tests
api-symbol-85a1edd4,api,2,symbol,canal,,apps/api/tests/channels.test.ts:912,575,no,,,candidate,,,api-tests
api-symbol-89366947,api,2,symbol,canal,,apps/api/tests/channels.test.ts:942,575,no,,,candidate,,,api-tests
api-symbol-3bb63872,api,2,symbol,canal,,apps/api/tests/channels.test.ts:962,575,no,,,candidate,,,api-tests
api-symbol-98b6c2c4,api,2,symbol,canal,,apps/api/tests/channels.test.ts:991,575,no,,,candidate,,,api-tests
api-symbol-22b5ee58,api,2,symbol,canal,,apps/api/tests/email.test.ts:301,575,no,,,candidate,,,api-tests
api-symbol-96e4ec9f,api,2,symbol,canal,,apps/api/tests/email.test.ts:316,575,no,,,candidate,,,api-tests
api-symbol-8bb6c46d,api,2,symbol,canal,,apps/api/tests/email.test.ts:335,575,no,,,candidate,,,api-tests
api-symbol-e59f3ae1,api,2,symbol,canal,,apps/api/tests/messenger.test.ts:136,575,no,,,candidate,,,api-tests
api-symbol-6d83bac9,api,2,symbol,canalId,,apps/api/src/controllers/management-flow.ts:462,162,no,,,candidate,,,api-core
api-symbol-fa1a4374,api,2,symbol,canalId,,apps/api/tests/channel-of-flow.test.ts:228,162,no,,,candidate,,,api-tests
api-symbol-d8707be0,api,2,symbol,canalId,,apps/api/tests/channel-of-flow.test.ts:293,162,no,,,candidate,,,api-tests
api-symbol-0b079f51,api,2,symbol,canalId,,apps/api/tests/channel-of-flow.test.ts:316,162,no,,,candidate,,,api-tests
api-symbol-570af003,api,2,symbol,canalId,,apps/api/tests/channel-of-flow.test.ts:352,162,no,,,candidate,,,api-tests
api-symbol-487444b1,api,2,symbol,canalId,,apps/api/tests/channel-of-flow.test.ts:481,162,no,,,candidate,,,api-tests
api-symbol-a74a53b5,api,2,symbol,canalId,,apps/api/tests/media-received.test.ts:195,162,no,,,candidate,,,api-tests
api-symbol-a56e0f7d,api,2,symbol,canalId,,apps/api/tests/media-received.test.ts:220,162,no,,,candidate,,,api-tests
api-symbol-464edc16,api,2,symbol,canalId,,apps/api/tests/media-received.test.ts:248,162,no,,,candidate,,,api-tests
api-symbol-f7e4124a,api,2,symbol,canalId,,apps/api/tests/media-received.test.ts:270,162,no,,,candidate,,,api-tests
api-symbol-c0bf8c24,api,2,symbol,canalId,,apps/api/tests/media-received.test.ts:292,162,no,,,candidate,,,api-tests
api-symbol-46e6aa28,api,2,symbol,canalId,,apps/api/tests/media-received.test.ts:321,162,no,,,candidate,,,api-tests
api-symbol-581aa0d0,api,2,symbol,chave,,apps/api/src/domain/attachment.ts:42,571,no,,,candidate,,,api-domain
api-symbol-614ff6fb,api,2,symbol,chave,,apps/api/src/domain/management/pfx.ts:248,571,no,,,candidate,,,api-domain
api-symbol-d97480df,api,2,symbol,chave,,apps/api/src/domain/management/pfx.ts:406,571,no,,,candidate,,,api-domain
api-symbol-8f6078fd,api,2,symbol,chave,,apps/api/tests/ajuda-pfx.ts:161,571,no,,,candidate,,,api-tests
api-symbol-9eef0d1e,api,2,symbol,chave,,apps/api/tests/growth.test.ts:284,571,no,,,candidate,,,api-tests
api-symbol-57f8571c,api,2,symbol,clienteSegredo,,apps/api/src/domain/sso.ts:261,4,no,,,candidate,,,api-domain
api-symbol-7d8ceb46,api,2,symbol,comoBooleano,,apps/api/src/domain/desk/taggings.ts:18,3,no,,,candidate,,,api-domain
api-symbol-00f65560,api,2,symbol,comoData,,apps/api/src/domain/conversation.ts:468,8,no,,,candidate,,,api-domain
api-symbol-647ab375,api,2,symbol,comoData,,apps/api/src/domain/envio.ts:443,8,no,,,candidate,,,api-domain
api-symbol-5b8e2f1b,api,2,symbol,comoLocal,,apps/api/src/domain/whatsapp/modelos.ts:111,3,no,,,candidate,,,api-domain
api-symbol-9e766a1d,api,2,symbol,comoResultado,,apps/api/src/domain/management/actions/agents.ts:17,9,no,,,candidate,,,api-domain
api-symbol-2af4a9a9,api,2,symbol,comoResultado,,apps/api/src/domain/management/actions/communication.ts:25,9,no,,,candidate,,,api-domain
api-symbol-f8e918bf,api,2,symbol,comoResultado,,apps/api/src/domain/management/actions/regras.ts:37,9,no,,,candidate,,,api-domain
api-symbol-becb3cae,api,2,symbol,comoTexto,,apps/api/src/domain/whatsapp/saude.ts:59,68,no,,,candidate,,,api-domain
api-symbol-2d2747b5,api,2,symbol,comoVersao,,apps/api/src/domain/management/builder-of-flow.ts:94,4,no,,,candidate,,,api-domain
api-symbol-20d65610,api,2,symbol,comoVisivel,,apps/api/src/domain/whatsapp/perfil.ts:70,2,no,,,candidate,,,api-domain
api-symbol-0da5b9f3,api,2,symbol,comoWebhook,,apps/api/src/domain/management/integrations.ts:359,3,no,,,candidate,,,api-domain
api-symbol-698c9885,api,2,symbol,componentes,,apps/api/src/domain/whatsapp/modelos.ts:321,238,no,,,candidate,,,api-domain
api-symbol-caffc603,api,2,symbol,componentes,,apps/api/src/domain/whatsapp/modelos.ts:388,238,no,,,candidate,,,api-domain
api-symbol-4621a2e3,api,2,symbol,comPrefixo,,apps/api/tests/builder-by-flow.test.ts:486,1,no,,,candidate,,,api-tests
api-symbol-3b73d53f,api,2,symbol,condDeskErro,,apps/api/tests/jsonb-compat.test.ts:147,2,no,,,candidate,,,api-tests
api-symbol-8d3e1e13,api,2,symbol,condicoes,,apps/api/src/domain/management/registrations.ts:920,29,no,,,candidate,,,api-domain
api-symbol-c849a4aa,api,2,symbol,condicoes,,apps/api/tests/jsonb-compat.test.ts:108,29,no,,,candidate,,,api-tests
api-symbol-c33dc3fe,api,2,symbol,condMenuFinanceiro,,apps/api/tests/jsonb-compat.test.ts:144,2,no,,,candidate,,,api-tests
api-symbol-66f7800b,api,2,symbol,conexaoFluxo,,apps/api/tests/integrations.test.ts:283,7,no,,,candidate,,,api-tests
api-symbol-ca270ab6,api,2,symbol,conexaoFluxo,,apps/api/tests/integrations.test.ts:322,7,no,,,candidate,,,api-tests
api-symbol-423b0c95,api,2,symbol,conexoes,,apps/api/src/realtime.ts:58,4,no,,,candidate,,,api-core
api-symbol-f686d3ec,api,2,symbol,contagemDeMensagensComId,,apps/api/tests/process-http-retomada.test.ts:156,9,no,,,candidate,,,api-tests
api-symbol-3bf3a571,api,2,symbol,ContagemDeProducao,,apps/api/tests/builder-test-run.test.ts:235,2,no,,,candidate,,,api-tests
api-symbol-ebb6ae99,api,2,symbol,contagemDeProducao,,apps/api/tests/builder-test-run.test.ts:242,5,no,,,candidate,,,api-tests
api-symbol-bdb00995,api,2,symbol,contarMensagensDoBot,,apps/api/tests/flow-content.test.ts:175,3,no,,,candidate,,,api-tests
api-symbol-f408311b,api,2,symbol,contato,,apps/api/src/controllers/desk.ts:133,706,no,,,candidate,,,api-core
api-symbol-45fa66fb,api,2,symbol,contato,,apps/api/src/controllers/management-analytics.ts:248,706,no,,,candidate,,,api-core
api-symbol-8df41355,api,2,symbol,contato,,apps/api/src/controllers/management-flow.ts:259,706,no,,,candidate,,,api-core
api-symbol-29724e12,api,2,symbol,contato,,apps/api/src/controllers/management-flow.ts:276,706,no,,,candidate,,,api-core
api-symbol-f3682cf4,api,2,symbol,contato,,apps/api/src/domain/etiquetas.ts:243,706,no,,,candidate,,,api-domain
api-symbol-6686117d,api,2,symbol,contato,,apps/api/src/domain/etiquetas.ts:275,706,no,,,candidate,,,api-domain
api-symbol-caf2ad23,api,2,symbol,contato,,apps/api/tests/desk-commands.test.ts:58,706,no,,,candidate,,,api-tests
api-symbol-74a566a4,api,2,symbol,contato,,apps/api/tests/process-http-retomada.test.ts:246,706,no,,,candidate,,,api-tests
api-symbol-b4daeeb6,api,2,symbol,contato,,apps/api/tests/process-http-retomada.test.ts:278,706,no,,,candidate,,,api-tests
api-symbol-7fd37e5a,api,2,symbol,CONTATO,,apps/api/tests/process-http-retomada.test.ts:76,4,no,,,candidate,,,api-tests
api-symbol-3d5c4cb6,api,2,symbol,contatoDe,,apps/api/tests/satisfaction-survey.test.ts:97,2,no,,,candidate,,,api-tests
api-symbol-f43756d3,api,2,symbol,contatoId,,apps/api/src/domain/inbound.ts:432,124,no,,,candidate,,,api-domain
api-symbol-c32d8113,api,2,symbol,contatoId,,apps/api/src/domain/message-active.ts:204,124,no,,,candidate,,,api-domain
api-symbol-b8f730e5,api,2,symbol,contatoId,,apps/api/tests/desk-actions.test.ts:90,124,no,,,candidate,,,api-tests
api-symbol-db2a509c,api,2,symbol,contatoId,,apps/api/tests/etiquetas.test.ts:363,124,no,,,candidate,,,api-tests
api-symbol-bcc1e2b9,api,2,symbol,contatoId,,apps/api/tests/etiquetas.test.ts:391,124,no,,,candidate,,,api-tests
api-symbol-4910d74b,api,2,symbol,contatoId,,apps/api/tests/jsonb-compat.test.ts:264,124,no,,,candidate,,,api-tests
api-symbol-0b551a71,api,2,symbol,contatoId,,apps/api/tests/jsonb-compat.test.ts:377,124,no,,,candidate,,,api-tests
api-symbol-7c17cc9b,api,2,symbol,contatoId,,apps/api/tests/satisfaction-survey.test.ts:119,124,no,,,candidate,,,api-tests
api-symbol-caf9efa6,api,2,symbol,contatoId,,apps/api/tests/twenty.test.ts:224,124,no,,,candidate,,,api-tests
api-symbol-98c78968,api,2,symbol,contatoMessenger,,apps/api/src/domain/management/configuration-of-flow.ts:243,2,no,,,candidate,,,api-domain
api-symbol-6041e84f,api,2,symbol,conteudoMidia,,apps/api/tests/flow-content.test.ts:31,8,no,,,candidate,,,api-tests
api-symbol-88a04673,api,2,symbol,contexto,,apps/api/tests/engine-contracts.test.ts:167,248,no,,,candidate,,,api-tests
api-symbol-973ce3e1,api,2,symbol,contexto,,apps/api/tests/jsonb-compat.test.ts:193,248,no,,,candidate,,,api-tests
api-symbol-25d44e2b,api,2,symbol,contextoGuardado,,apps/api/tests/jsonb-compat.test.ts:244,3,no,,,candidate,,,api-tests
api-symbol-c61800ea,api,2,symbol,conversaA,,apps/api/tests/palavras-proibidas.test.ts:436,3,no,,,candidate,,,api-tests
api-symbol-e25b649e,api,2,symbol,conversa,,apps/api/src/controllers/desk.ts:83,927,no,,,candidate,,,api-core
api-symbol-bc495c09,api,2,symbol,conversa,,apps/api/src/domain/conversation.ts:167,927,no,,,candidate,,,api-domain
api-symbol-e8661d5e,api,2,symbol,conversa,,apps/api/src/domain/conversation.ts:318,927,no,,,candidate,,,api-domain
api-symbol-39c87f9a,api,2,symbol,conversa,,apps/api/src/domain/conversation.ts:42,927,no,,,candidate,,,api-domain
api-symbol-3f141727,api,2,symbol,conversa,,apps/api/src/domain/etiquetas.ts:129,927,no,,,candidate,,,api-domain
api-symbol-b24f045a,api,2,symbol,conversa,,apps/api/src/domain/etiquetas.ts:165,927,no,,,candidate,,,api-domain
api-symbol-f1fc1a02,api,2,symbol,conversa,,apps/api/tests/builder-by-flow.test.ts:457,927,no,,,candidate,,,api-tests
api-symbol-5336d7e7,api,2,symbol,conversa,,apps/api/tests/desk-availability.test.ts:128,927,no,,,candidate,,,api-tests
api-symbol-036eb641,api,2,symbol,conversa,,apps/api/tests/desk-commands.test.ts:48,927,no,,,candidate,,,api-tests
api-symbol-ae7245fe,api,2,symbol,conversa,,apps/api/tests/desk-write-commands.test.ts:149,927,no,,,candidate,,,api-tests
api-symbol-48dce1ef,api,2,symbol,conversa,,apps/api/tests/desk-write-commands.test.ts:169,927,no,,,candidate,,,api-tests
api-symbol-c0603b8a,api,2,symbol,conversa,,apps/api/tests/desk-write-commands.test.ts:191,927,no,,,candidate,,,api-tests
api-symbol-ecec32ad,api,2,symbol,conversa,,apps/api/tests/desk-write-commands.test.ts:211,927,no,,,candidate,,,api-tests
api-symbol-f07ddeba,api,2,symbol,conversa,,apps/api/tests/desk-write-commands.test.ts:232,927,no,,,candidate,,,api-tests
api-symbol-b5f95e69,api,2,symbol,Conversa,,apps/api/tests/desk-write-commands.test.ts:76,83,no,,,candidate,,,api-tests
api-symbol-025ae9dc,api,2,symbol,conversa,,apps/api/tests/engine-contracts.test.ts:102,927,no,,,candidate,,,api-tests
api-symbol-7d4f4ffd,api,2,symbol,conversa,,apps/api/tests/flow-actions.test.ts:292,927,no,,,candidate,,,api-tests
api-symbol-d9d4ed18,api,2,symbol,conversa,,apps/api/tests/flow-actions.test.ts:310,927,no,,,candidate,,,api-tests
api-symbol-0d1b8365,api,2,symbol,conversa,,apps/api/tests/flow-actions.test.ts:319,927,no,,,candidate,,,api-tests
api-symbol-97d3b6c8,api,2,symbol,conversa,,apps/api/tests/flow-actions.test.ts:328,927,no,,,candidate,,,api-tests
api-symbol-25f17633,api,2,symbol,conversa,,apps/api/tests/flow.test.ts:138,927,no,,,candidate,,,api-tests
api-symbol-59f5b2ed,api,2,symbol,conversa,,apps/api/tests/flow.test.ts:161,927,no,,,candidate,,,api-tests
api-symbol-7436dd04,api,2,symbol,conversa,,apps/api/tests/flow.test.ts:191,927,no,,,candidate,,,api-tests
api-symbol-eeddfece,api,2,symbol,conversa,,apps/api/tests/flow.test.ts:208,927,no,,,candidate,,,api-tests
api-symbol-0b41c789,api,2,symbol,conversa,,apps/api/tests/flow.test.ts:242,927,no,,,candidate,,,api-tests
api-symbol-d2087484,api,2,symbol,conversa,,apps/api/tests/flow.test.ts:252,927,no,,,candidate,,,api-tests
api-symbol-0cff1082,api,2,symbol,conversa,,apps/api/tests/flow.test.ts:275,927,no,,,candidate,,,api-tests
api-symbol-badbb643,api,2,symbol,conversa,,apps/api/tests/ponta-a-ponta.test.ts:279,927,no,,,candidate,,,api-tests
api-symbol-24d63b43,api,2,symbol,conversa,,apps/api/tests/queue-entry.test.ts:152,927,no,,,candidate,,,api-tests
api-symbol-3274c06f,api,2,symbol,conversa,,apps/api/tests/queue-entry.test.ts:195,927,no,,,candidate,,,api-tests
api-symbol-57fdb75f,api,2,symbol,conversa,,apps/api/tests/queue-entry.test.ts:205,927,no,,,candidate,,,api-tests
api-symbol-83a513ef,api,2,symbol,Conversa,,apps/api/tests/queue-entry.test.ts:84,83,no,,,candidate,,,api-tests
api-symbol-bdddd4a9,api,2,symbol,conversa,,apps/api/tests/router.test.ts:668,927,no,,,candidate,,,api-tests
api-symbol-461bdd4a,api,2,symbol,conversa,,apps/api/tests/subflows.test.ts:60,927,no,,,candidate,,,api-tests
api-symbol-b57b74f9,api,2,symbol,conversaAtual,,apps/api/tests/desk-write-commands.test.ts:78,11,no,,,candidate,,,api-tests
api-symbol-f4b1b9d6,api,2,symbol,conversaAtual,,apps/api/tests/flow-actions.test.ts:272,11,no,,,candidate,,,api-tests
api-symbol-d104a6a7,api,2,symbol,conversaDe,,apps/api/tests/queue-entry.test.ts:86,8,no,,,candidate,,,api-tests
api-symbol-13e8c896,api,2,symbol,conversaEncerradaDe,,apps/api/tests/satisfaction-survey.test.ts:106,2,no,,,candidate,,,api-tests
api-symbol-87d2c89d,api,2,symbol,conversaId,,apps/api/src/domain/desk/taggings.ts:71,232,no,,,candidate,,,api-domain
api-symbol-ad342889,api,2,symbol,conversaId,,apps/api/src/domain/inbound.ts:497,232,no,,,candidate,,,api-domain
api-symbol-190ba53c,api,2,symbol,conversaId,,apps/api/src/domain/message-active.ts:247,232,no,,,candidate,,,api-domain
api-symbol-e18dc351,api,2,symbol,conversaId,,apps/api/tests/attachments-multiplos.test.ts:184,232,no,,,candidate,,,api-tests
api-symbol-cf0043f3,api,2,symbol,conversaId,,apps/api/tests/attachments-multiplos.test.ts:196,232,no,,,candidate,,,api-tests
api-symbol-acf3fe66,api,2,symbol,conversaId,,apps/api/tests/attachments-multiplos.test.ts:205,232,no,,,candidate,,,api-tests
api-symbol-4020521b,api,2,symbol,conversaId,,apps/api/tests/attachments-multiplos.test.ts:222,232,no,,,candidate,,,api-tests
api-symbol-a905957b,api,2,symbol,conversaId,,apps/api/tests/attachments-multiplos.test.ts:229,232,no,,,candidate,,,api-tests
api-symbol-47013bd9,api,2,symbol,conversaId,,apps/api/tests/attachments-multiplos.test.ts:259,232,no,,,candidate,,,api-tests
api-symbol-1e6257ef,api,2,symbol,conversaId,,apps/api/tests/desk-actions.test.ts:233,232,no,,,candidate,,,api-tests
api-symbol-31025cb9,api,2,symbol,conversaId,,apps/api/tests/desk-actions.test.ts:262,232,no,,,candidate,,,api-tests
api-symbol-177ba1e0,api,2,symbol,conversaId,,apps/api/tests/desk-actions.test.ts:398,232,no,,,candidate,,,api-tests
api-symbol-bc0a38cd,api,2,symbol,conversaId,,apps/api/tests/desk-actions.test.ts:420,232,no,,,candidate,,,api-tests
api-symbol-f55c7753,api,2,symbol,conversaId,,apps/api/tests/desk-actions.test.ts:491,232,no,,,candidate,,,api-tests
api-symbol-975edf37,api,2,symbol,conversaId,,apps/api/tests/envio-session.test.ts:115,232,no,,,candidate,,,api-tests
api-symbol-908929f0,api,2,symbol,conversaId,,apps/api/tests/envio-session.test.ts:127,232,no,,,candidate,,,api-tests
api-symbol-e247b3d5,api,2,symbol,conversaId,,apps/api/tests/envio-session.test.ts:144,232,no,,,candidate,,,api-tests
api-symbol-3b935280,api,2,symbol,conversaId,,apps/api/tests/envio-session.test.ts:157,232,no,,,candidate,,,api-tests
api-symbol-80380605,api,2,symbol,conversaId,,apps/api/tests/envio-session.test.ts:169,232,no,,,candidate,,,api-tests
api-symbol-f50fa981,api,2,symbol,conversaId,,apps/api/tests/envio-session.test.ts:178,232,no,,,candidate,,,api-tests
api-symbol-2f420998,api,2,symbol,conversaId,,apps/api/tests/envio-session.test.ts:184,232,no,,,candidate,,,api-tests
api-symbol-d1d0b66b,api,2,symbol,conversaId,,apps/api/tests/envio-session.test.ts:217,232,no,,,candidate,,,api-tests
api-symbol-fd07ff6b,api,2,symbol,conversaId,,apps/api/tests/envio-session.test.ts:240,232,no,,,candidate,,,api-tests
api-symbol-98f04724,api,2,symbol,conversaId,,apps/api/tests/envio-session.test.ts:261,232,no,,,candidate,,,api-tests
api-symbol-aba3bab6,api,2,symbol,conversaId,,apps/api/tests/envio-session.test.ts:280,232,no,,,candidate,,,api-tests
api-symbol-10ce2e22,api,2,symbol,conversaId,,apps/api/tests/envio-session.test.ts:298,232,no,,,candidate,,,api-tests
api-symbol-dc38bfb5,api,2,symbol,conversaId,,apps/api/tests/envio-session.test.ts:323,232,no,,,candidate,,,api-tests
api-symbol-c1201d42,api,2,symbol,conversaId,,apps/api/tests/envio-session.test.ts:342,232,no,,,candidate,,,api-tests
api-symbol-f56d1cea,api,2,symbol,conversaId,,apps/api/tests/envio-session.test.ts:351,232,no,,,candidate,,,api-tests
api-symbol-827d2a52,api,2,symbol,conversaId,,apps/api/tests/flow-content.test.ts:152,232,no,,,candidate,,,api-tests
api-symbol-6e270e02,api,2,symbol,conversaId,,apps/api/tests/flow-content.test.ts:174,232,no,,,candidate,,,api-tests
api-symbol-b9d3f89a,api,2,symbol,conversaId,,apps/api/tests/jsonb-compat.test.ts:265,232,no,,,candidate,,,api-tests
api-symbol-9cfd5a71,api,2,symbol,conversaId,,apps/api/tests/ponta-a-ponta.test.ts:275,232,no,,,candidate,,,api-tests
api-symbol-e229abbd,api,2,symbol,conversaId,,apps/api/tests/realtime.test.ts:296,232,no,,,candidate,,,api-tests
api-symbol-58fb03c9,api,2,symbol,conversaId,,apps/api/tests/satisfaction-survey.test.ts:120,232,no,,,candidate,,,api-tests
api-symbol-a22758af,api,2,symbol,conversaId,,apps/api/tests/sla-motor.test.ts:228,232,no,,,candidate,,,api-tests
api-symbol-c269c011,api,2,symbol,conversaId,,apps/api/tests/sla-motor.test.ts:250,232,no,,,candidate,,,api-tests
api-symbol-a8539e4b,api,2,symbol,convite,,apps/api/src/controllers/convites.ts:55,247,no,,,candidate,,,api-core
api-symbol-821f5994,api,2,symbol,convite,,apps/api/src/controllers/convites.ts:70,247,no,,,candidate,,,api-core
api-symbol-c278ee61,api,2,symbol,convite,,apps/api/tests/convites.test.ts:339,247,no,,,candidate,,,api-tests
api-symbol-3d001ffe,api,2,symbol,convite,,apps/api/tests/email.test.ts:260,247,no,,,candidate,,,api-tests
api-symbol-e3a5f90f,api,2,symbol,corpoContato,,apps/api/tests/jsonb-compat.test.ts:395,1,no,,,candidate,,,api-tests
api-symbol-cbb2a2f6,api,2,symbol,corpoDoTexto,,apps/api/src/domain/instagram/inbound.ts:97,3,no,,,candidate,,,api-domain
api-symbol-aaf3905b,api,2,symbol,criadoSegredo,,apps/api/tests/builder-test-run.test.ts:364,1,no,,,candidate,,,api-tests
api-symbol-027f1aee,api,2,symbol,criar,,apps/api/tests/channels.test.ts:785,298,no,,,candidate,,,api-tests
api-symbol-14399612,api,2,symbol,criar,,apps/api/tests/channels.test.ts:914,298,no,,,candidate,,,api-tests
api-symbol-5ecd9c66,api,2,symbol,dados,,apps/api/src/controllers/management-analytics.ts:157,401,no,,,candidate,,,api-core
api-symbol-402e3034,api,2,symbol,dados,,apps/api/src/controllers/management-analytics.ts:176,401,no,,,candidate,,,api-core
api-symbol-141d6578,api,2,symbol,dados,,apps/api/src/queues.ts:255,401,no,,,candidate,,,api-core
api-symbol-205bd6cb,api,2,symbol,dados,,apps/api/src/queues.ts:333,401,no,,,candidate,,,api-core
api-symbol-4ede7e2e,api,2,symbol,dadosFixture,,apps/api/tests/jsonb-compat.test.ts:268,2,no,,,candidate,,,api-tests
api-symbol-924eb11e,api,2,symbol,descricao,,apps/api/src/domain/management/certificados.ts:74,236,no,,,candidate,,,api-domain
api-symbol-d722e739,api,2,symbol,destino,,apps/api/src/domain/mtls.ts:261,391,no,,,candidate,,,api-domain
api-symbol-59704188,api,2,symbol,diario,,apps/api/src/saude.ts:65,1,no,,,candidate,,,api-core
api-symbol-b253bad3,api,2,symbol,dominio,,apps/api/src/domain/dominios.ts:76,1158,no,,,candidate,,,api-domain
api-symbol-31b513d9,api,2,symbol,dominio,,apps/api/tests/convites.test.ts:473,1158,no,,,candidate,,,api-tests
api-symbol-34751ec7,api,2,symbol,dominio,,apps/api/tests/convites.test.ts:492,1158,no,,,candidate,,,api-tests
api-symbol-2dd8cc76,api,2,symbol,dominio,,apps/api/tests/convites.test.ts:511,1158,no,,,candidate,,,api-tests
api-symbol-10657cc9,api,2,symbol,dominio,,apps/api/tests/convites.test.ts:531,1158,no,,,candidate,,,api-tests
api-symbol-a74e809e,api,2,symbol,dominio,,apps/api/tests/convites.test.ts:580,1158,no,,,candidate,,,api-tests
api-symbol-5f4e3967,api,2,symbol,dominio,,apps/api/tests/convites.test.ts:588,1158,no,,,candidate,,,api-tests
api-symbol-2e97b916,api,2,symbol,doPapel,,apps/api/src/domain/management/permissions-of-agent.ts:189,3,no,,,candidate,,,api-domain
api-symbol-000a2032,api,2,symbol,entrada,,apps/api/src/domain/management/builder-test-run.ts:232,534,no,,,candidate,,,api-domain
api-symbol-b60ddcb3,api,2,symbol,entrada,,apps/api/tests/queue-entry.test.ts:127,534,no,,,candidate,,,api-tests
api-symbol-ba880887,api,2,symbol,entrada,,apps/api/tests/sso.test.ts:304,534,no,,,candidate,,,api-tests
api-symbol-1cf8230a,api,2,symbol,entrada,,apps/api/tests/sso.test.ts:317,534,no,,,candidate,,,api-tests
api-symbol-2551dfd1,api,2,symbol,entregaId,,apps/api/tests/contract.test.ts:666,6,no,,,candidate,,,api-tests
api-symbol-be5ee02e,api,2,symbol,entregaId,,apps/api/tests/contract.test.ts:684,6,no,,,candidate,,,api-tests
api-symbol-ba7bc59e,api,2,symbol,erro,,apps/api/tests/channels.test.ts:213,806,no,,,candidate,,,api-tests
api-symbol-e5f26b30,api,2,symbol,erro,,apps/api/tests/key-of-flow.test.ts:171,806,no,,,candidate,,,api-tests
api-symbol-c7430df5,api,2,symbol,erro,,apps/api/tests/realtime.test.ts:146,806,no,,,candidate,,,api-tests
api-symbol-95c7acd0,api,2,symbol,erro,,apps/api/tests/realtime.test.ts:157,806,no,,,candidate,,,api-tests
api-symbol-e7f8b5fd,api,2,symbol,erro,,apps/api/tests/realtime.test.ts:166,806,no,,,candidate,,,api-tests
api-symbol-51fafac5,api,2,symbol,erro,,apps/api/tests/twenty.test.ts:108,806,no,,,candidate,,,api-tests
api-symbol-74ff9e36,api,2,symbol,erro,,apps/api/tests/twenty.test.ts:155,806,no,,,candidate,,,api-tests
api-symbol-611f629a,api,2,symbol,erro,,apps/api/tests/twenty.test.ts:92,806,no,,,candidate,,,api-tests
api-symbol-5e3dbc23,api,2,symbol,escopoErrado,,apps/api/tests/etiquetas.test.ts:372,1,no,,,candidate,,,api-tests
api-symbol-9a5ef7dd,api,2,symbol,esperarFalhaSemPerderAEntrada,,apps/api/tests/flow-actions.test.ts:190,3,no,,,candidate,,,api-tests
api-symbol-440e19e8,api,2,symbol,estado,,apps/api/src/domain/flow.ts:928,836,no,,,candidate,,,api-domain
api-symbol-b807ec9b,api,2,symbol,estadoDeEnvio,,apps/api/tests/flow-content.test.ts:35,7,no,,,candidate,,,api-tests
api-symbol-35f124fc,api,2,symbol,execucao,,apps/api/tests/subflows.test.ts:80,27,no,,,candidate,,,api-tests
api-symbol-d24827e5,api,2,symbol,fecharFila,,apps/api/tests/desk-availability.test.ts:52,3,no,,,candidate,,,api-tests
api-symbol-68af109b,api,2,symbol,fetchDeVerdade,,apps/api/tests/integrations.test.ts:531,10,no,,,candidate,,,api-tests
api-symbol-5ba9eeac,api,2,symbol,fetchDeVerdade,,apps/api/tests/integrations.test.ts:577,10,no,,,candidate,,,api-tests
api-symbol-b5b717b5,api,2,symbol,fetchDeVerdade,,apps/api/tests/integrations.test.ts:614,10,no,,,candidate,,,api-tests
api-symbol-3cdbc65c,api,2,symbol,fetchDeVerdade,,apps/api/tests/jsonb-compat.test.ts:326,10,no,,,candidate,,,api-tests
api-symbol-58c43b1d,api,2,symbol,fetchDeVerdade,,apps/api/tests/process-http-retomada.test.ts:165,10,no,,,candidate,,,api-tests
api-symbol-31d5fff3,api,2,symbol,filas,,apps/api/src/domain/management/monitoring.ts:617,293,no,,,candidate,,,api-domain
api-symbol-86cc6dee,api,2,symbol,filas,,apps/api/src/domain/management/registrations.ts:727,293,no,,,candidate,,,api-domain
api-symbol-b8193dd7,api,2,symbol,filas,,apps/api/tests/key-of-flow.test.ts:251,293,no,,,candidate,,,api-tests
api-symbol-0f2bc06b,api,2,symbol,filtros,,apps/api/src/controllers/catalogo.ts:374,74,no,,,candidate,,,api-core
api-symbol-fd04e106,api,2,symbol,filtros,,apps/api/src/controllers/catalogo.ts:77,74,no,,,candidate,,,api-core
api-symbol-a4f04cfc,api,2,symbol,filtros,,apps/api/src/controllers/conversations.ts:175,74,no,,,candidate,,,api-core
api-symbol-41133d04,api,2,symbol,financeiroId,,apps/api/tests/queue-entry.test.ts:29,9,no,,,candidate,,,api-tests
api-symbol-d0316889,api,2,symbol,FLUXO_ID_RESUME,,apps/api/tests/jsonb-compat.test.ts:88,3,no,,,candidate,,,api-tests
api-symbol-c641bb63,api,2,symbol,FLUXO_ID_RUN,,apps/api/tests/jsonb-compat.test.ts:86,3,no,,,candidate,,,api-tests
api-symbol-76f23246,api,2,symbol,fluxo,,apps/api/src/controllers/sso.ts:146,2087,no,,,candidate,,,api-core
api-symbol-e1a4482a,api,2,symbol,fluxo,,apps/api/src/controllers/sso.ts:216,2087,no,,,candidate,,,api-core
api-symbol-db0ff95e,api,2,symbol,fluxo,,apps/api/src/domain/management/builder-of-flow.ts:291,2087,no,,,candidate,,,api-domain
api-symbol-e3f1c3ec,api,2,symbol,fluxo,,apps/api/src/domain/management/builder-of-flow.ts:365,2087,no,,,candidate,,,api-domain
api-symbol-cfd92bc6,api,2,symbol,fluxo,,apps/api/tests/team-of-flow.test.ts:359,2087,no,,,candidate,,,api-tests
api-symbol-8ccd3d08,api,2,symbol,fluxo,,apps/api/tests/team-of-flow.test.ts:371,2087,no,,,candidate,,,api-tests
api-symbol-0b2981d3,api,2,symbol,fluxo,,apps/api/tests/team-of-flow.test.ts:383,2087,no,,,candidate,,,api-tests
api-symbol-6216b1ab,api,2,symbol,fluxo,,apps/api/tests/team-of-flow.test.ts:401,2087,no,,,candidate,,,api-tests
api-symbol-7df22a33,api,2,symbol,fluxoComProcessHttp,,apps/api/tests/process-http-retomada.test.ts:55,2,no,,,candidate,,,api-tests
api-symbol-0af2e26e,api,2,symbol,fluxoId,,apps/api/src/controllers/channels.ts:79,233,no,,,candidate,,,api-core
api-symbol-0522cede,api,2,symbol,fluxoId,,apps/api/tests/channel-of-flow.test.ts:258,233,no,,,candidate,,,api-tests
api-symbol-26d2cf56,api,2,symbol,fluxoId,,apps/api/tests/channel-of-flow.test.ts:271,233,no,,,candidate,,,api-tests
api-symbol-09108863,api,2,symbol,fluxoId,,apps/api/tests/channel-of-flow.test.ts:291,233,no,,,candidate,,,api-tests
api-symbol-26d7aa94,api,2,symbol,fluxoId,,apps/api/tests/channel-of-flow.test.ts:315,233,no,,,candidate,,,api-tests
api-symbol-59f5a0a0,api,2,symbol,fluxoId,,apps/api/tests/channel-of-flow.test.ts:341,233,no,,,candidate,,,api-tests
api-symbol-a86fcd51,api,2,symbol,fluxoId,,apps/api/tests/channel-of-flow.test.ts:360,233,no,,,candidate,,,api-tests
api-symbol-70305edc,api,2,symbol,fluxoId,,apps/api/tests/channel-of-flow.test.ts:470,233,no,,,candidate,,,api-tests
api-symbol-3521a5ab,api,2,symbol,globais,,apps/api/src/domain/management/builder-of-flow.ts:370,93,no,,,candidate,,,api-domain
api-symbol-f6bea682,api,2,symbol,grupos,,apps/api/src/domain/management/attendance.ts:129,25,no,,,candidate,,,api-domain
api-symbol-c8ba1834,api,2,symbol,grupos,,apps/api/src/domain/management/quality-review.ts:346,25,no,,,candidate,,,api-domain
api-symbol-c64c2413,api,2,symbol,idProvedor,,apps/api/src/domain/inbound.ts:210,57,no,,,candidate,,,api-domain
api-symbol-b88fae40,api,2,symbol,idProvedor,,apps/api/src/domain/inbound.ts:309,57,no,,,candidate,,,api-domain
api-symbol-1e16fe04,api,2,symbol,idProvedor,,apps/api/tests/ponta-a-ponta.test.ts:147,57,no,,,candidate,,,api-tests
api-symbol-83b00dad,api,2,symbol,idProvedor,,apps/api/tests/ponta-a-ponta.test.ts:217,57,no,,,candidate,,,api-tests
api-symbol-ee36d62c,api,2,symbol,idProvedor,,apps/api/tests/ponta-a-ponta.test.ts:235,57,no,,,candidate,,,api-tests
api-symbol-e8e1f22b,api,2,symbol,idProvedorUsado,,apps/api/src/domain/flow.ts:625,33,no,,,candidate,,,api-domain
api-symbol-38b7995e,api,2,symbol,importacao,,apps/api/tests/import.test.ts:135,26,no,,,candidate,,,api-tests
api-symbol-7102634d,api,2,symbol,importacao,,apps/api/tests/import.test.ts:173,26,no,,,candidate,,,api-tests
api-symbol-65885359,api,2,symbol,importacao,,apps/api/tests/import.test.ts:204,26,no,,,candidate,,,api-tests
api-symbol-817de1f5,api,2,symbol,importacao,,apps/api/tests/import.test.ts:92,26,no,,,candidate,,,api-tests
api-symbol-9517dfcf,api,2,symbol,injeção,,apps/api/tests/satisfaction-survey.test.ts:204,6,no,,,candidate,,,api-tests
api-symbol-7caa91e9,api,2,symbol,INTERVALO_PING_MS,,apps/api/src/eventos-ws.ts:19,2,no,,,candidate,,,api-core
api-symbol-09b1d763,api,2,symbol,intervalo,,apps/api/src/controllers/management-analytics.ts:118,73,no,,,candidate,,,api-core
api-symbol-fa7b3979,api,2,symbol,intervalo,,apps/api/src/controllers/management-analytics.ts:151,73,no,,,candidate,,,api-core
api-symbol-753d4030,api,2,symbol,iteracoes,,apps/api/src/domain/management/pfx.ts:246,4,no,,,candidate,,,api-domain
api-symbol-6a5b0ba6,api,2,symbol,lerAlvos,,apps/api/src/controllers/management-account.ts:54,3,no,,,candidate,,,api-core
api-symbol-b9b01e53,api,2,symbol,ler,,apps/api/src/controllers/imports.ts:45,165,no,,,candidate,,,api-core
api-symbol-84f79c3b,api,2,symbol,ler,,apps/api/tests/dictionary-crm.test.ts:171,165,no,,,candidate,,,api-tests
api-symbol-0c34b53d,api,2,symbol,ler,,apps/api/tests/permissions-of-agent.test.ts:121,165,no,,,candidate,,,api-tests
api-symbol-f6fd2d36,api,2,symbol,lerAte,,apps/api/src/domain/mtls.ts:158,2,no,,,candidate,,,api-domain
api-symbol-c4ae93ca,api,2,symbol,lerConexao,,apps/api/src/domain/sso.ts:145,9,no,,,candidate,,,api-domain
api-symbol-a4570891,api,2,symbol,lerCookie,,apps/api/src/session.ts:51,4,no,,,candidate,,,api-core
api-symbol-67aeacb9,api,2,symbol,lerCookies,,apps/api/src/session.ts:58,5,no,,,candidate,,,api-core
api-symbol-d0d181f6,api,2,symbol,lerCursor,,apps/api/src/pagination.ts:42,12,no,,,candidate,,,api-core
api-symbol-e913e8b7,api,2,symbol,lerDesafio,,apps/api/src/controllers/login.ts:165,4,no,,,candidate,,,api-core
api-symbol-8b968bbd,api,2,symbol,lerDesafioDoCookie,,apps/api/tests/inbound.test.ts:336,4,no,,,candidate,,,api-tests
api-symbol-c3607158,api,2,symbol,lerFalhas,,apps/api/src/domain/import-of-contacts.ts:131,6,no,,,candidate,,,api-domain
api-symbol-dec4aff8,api,2,symbol,lerFicha,,apps/api/src/domain/twenty.ts:239,3,no,,,candidate,,,api-domain
api-symbol-8d0287f8,api,2,symbol,lerFoto,,apps/api/src/domain/whatsapp/perfil.ts:155,2,no,,,candidate,,,api-domain
api-symbol-12d3c3fe,api,2,symbol,lerLimite,,apps/api/src/pagination.ts:28,12,no,,,candidate,,,api-core
api-symbol-b47c45e0,api,2,symbol,lerMetadados,,apps/api/src/domain/dictionary-crm.ts:117,6,no,,,candidate,,,api-domain
api-symbol-123ca64a,api,2,symbol,lerPerfil,,apps/api/src/domain/whatsapp/cliente-graph.ts:114,3,no,,,candidate,,,api-domain
api-symbol-e16f28b3,api,2,symbol,lerPerfil,,apps/api/src/domain/whatsapp/cliente-graph.ts:383,3,no,,,candidate,,,api-domain
api-symbol-bdc0c536,api,2,symbol,lerPerfil,,apps/api/src/domain/whatsapp/cliente-graph.ts:632,3,no,,,candidate,,,api-domain
api-symbol-085c33af,api,2,symbol,lerPfx,,apps/api/src/domain/management/pfx.ts:373,4,no,,,candidate,,,api-domain
api-symbol-db47ccf5,api,2,symbol,lerSacos,,apps/api/src/domain/management/pfx.ts:283,3,no,,,candidate,,,api-domain
api-symbol-a1b336c5,api,2,symbol,lerSaude,,apps/api/src/domain/whatsapp/configuration-of-webhook.ts:60,3,no,,,candidate,,,api-domain
api-symbol-a7b33c50,api,2,symbol,lerTlvs,,apps/api/src/domain/management/pfx.ts:51,7,no,,,candidate,,,api-domain
api-symbol-16ac439c,api,2,symbol,lerVisivel,,apps/api/src/domain/instagram/channel.ts:140,2,no,,,candidate,,,api-domain
api-symbol-3ffdf2c4,api,2,symbol,LIMITE_CABECALHOS,,apps/api/src/domain/management/integrations.ts:404,5,no,,,candidate,,,api-domain
api-symbol-1f91b28e,api,2,symbol,LIMITE_COMENTARIOS,,apps/api/src/domain/management/satisfaction.ts:67,3,no,,,candidate,,,api-domain
api-symbol-094c7ec2,api,2,symbol,LIMITE_DA_URL,,apps/api/src/domain/whatsapp/configuration-of-webhook.ts:23,3,no,,,candidate,,,api-domain
api-symbol-3040fef8,api,2,symbol,LIMITE_DE_CHAVES,,apps/api/src/domain/management/integrations.ts:51,11,no,,,candidate,,,api-domain
api-symbol-7dae2a9b,api,2,symbol,LIMITE_EMAILS,,apps/api/src/domain/whatsapp/preferences.ts:14,3,no,,,candidate,,,api-domain
api-symbol-7c5753f6,api,2,symbol,LIMITE_PADRAO,,apps/api/src/pagination.ts:9,2,no,,,candidate,,,api-core
api-symbol-c8ee009c,api,2,symbol,LIMITE_TETO,,apps/api/src/pagination.ts:10,2,no,,,candidate,,,api-core
api-symbol-34400fc0,api,2,symbol,limite,,apps/api/src/controllers/catalogo.ts:276,381,no,,,candidate,,,api-core
api-symbol-505b112e,api,2,symbol,limite,,apps/api/src/controllers/catalogo.ts:370,381,no,,,candidate,,,api-core
api-symbol-c01e9772,api,2,symbol,limite,,apps/api/src/controllers/catalogo.ts:70,381,no,,,candidate,,,api-core
api-symbol-01fd8545,api,2,symbol,limite,,apps/api/src/controllers/conversations.ts:168,381,no,,,candidate,,,api-core
api-symbol-638f3c0f,api,2,symbol,limite,,apps/api/src/controllers/conversations.ts:88,381,no,,,candidate,,,api-core
api-symbol-95436a61,api,2,symbol,limite,,apps/api/src/controllers/management-analytics.ts:243,381,no,,,candidate,,,api-core
api-symbol-0d41e67c,api,2,symbol,limite,,apps/api/src/domain/engine-services.ts:288,381,no,,,candidate,,,api-domain
api-symbol-ffab0a83,api,2,symbol,limite,,apps/api/src/domain/flow.ts:723,381,no,,,candidate,,,api-domain
api-symbol-e5aee6cc,api,2,symbol,limite,,apps/api/src/domain/management/cabecalho.ts:31,381,no,,,candidate,,,api-domain
api-symbol-8e127fff,api,2,symbol,limite,,apps/api/src/domain/management/monitoring.ts:508,381,no,,,candidate,,,api-domain
api-symbol-04e1299f,api,2,symbol,limite,,apps/api/src/domain/management/monitoring.ts:556,381,no,,,candidate,,,api-domain
api-symbol-f059997b,api,2,symbol,limite,,apps/api/src/domain/management/monitoring.ts:571,381,no,,,candidate,,,api-domain
api-symbol-87835912,api,2,symbol,limite,,apps/api/src/domain/management/satisfaction-surveys.ts:71,381,no,,,candidate,,,api-domain
api-symbol-8b1b3bb1,api,2,symbol,limite,,apps/api/src/domain/mtls.ts:204,381,no,,,candidate,,,api-domain
api-symbol-83ba7f56,api,2,symbol,limite,,apps/api/src/domain/mtls.ts:263,381,no,,,candidate,,,api-domain
api-symbol-0d93dd99,api,2,symbol,limite,,apps/api/src/domain/script-sandbox.ts:356,381,no,,,candidate,,,api-domain
api-symbol-811e0522,api,2,symbol,limite,,apps/api/tests/realtime.test.ts:109,381,no,,,candidate,,,api-tests
api-symbol-1a1cf4e8,api,2,symbol,limite,,apps/api/tests/realtime.test.ts:316,381,no,,,candidate,,,api-tests
api-symbol-f9fb80f9,api,2,symbol,limite,,apps/api/tests/realtime.test.ts:71,381,no,,,candidate,,,api-tests
api-symbol-2ce000b8,api,2,symbol,limiteMs,,apps/api/src/queues.ts:146,15,no,,,candidate,,,api-core
api-symbol-4366f380,api,2,symbol,LIMITES_DO_PERFIL,,apps/api/src/domain/whatsapp/perfil.ts:13,6,no,,,candidate,,,api-domain
api-symbol-78c35866,api,2,symbol,limites,,apps/api/src/controllers/messages-active.ts:29,68,no,,,candidate,,,api-core
api-symbol-f6af1fd0,api,2,symbol,limites,,apps/api/src/provision.ts:181,68,no,,,candidate,,,api-core
api-symbol-7e758fb4,api,2,symbol,LinhaMensagem,,apps/api/tests/flow-content.test.ts:99,3,no,,,candidate,,,api-tests
api-symbol-a232f151,api,2,symbol,MAX_FETCHES_POR_SCRIPT,,apps/api/src/domain/script-sandbox.ts:27,8,no,,,candidate,,,api-domain
api-symbol-a51c9cbb,api,2,symbol,MAX_REDIRECIONAMENTOS,,apps/api/src/domain/mtls.ts:236,5,no,,,candidate,,,api-domain
api-symbol-020ad305,api,2,symbol,MAX_RESULTADO_BYTES,,apps/api/src/domain/script-sandbox.ts:31,10,no,,,candidate,,,api-domain
api-symbol-5fe0335b,api,2,symbol,membro,,apps/api/tests/contract.test.ts:266,27,no,,,candidate,,,api-tests
api-symbol-e6fee632,api,2,symbol,membros,,apps/api/src/domain/management/builder-test-run.ts:244,80,no,,,candidate,,,api-domain
api-symbol-0bca7adb,api,2,symbol,membros,,apps/api/src/domain/management/registrations.ts:119,80,no,,,candidate,,,api-domain
api-symbol-91e73afb,api,2,symbol,mensagem,,apps/api/src/domain/flow.ts:728,992,no,,,candidate,,,api-domain
api-symbol-cff8501b,api,2,symbol,mensagem,,apps/api/tests/ponta-a-ponta.test.ts:194,992,no,,,candidate,,,api-tests
api-symbol-e59ab4de,api,2,symbol,mensagem,,apps/api/tests/ponta-a-ponta.test.ts:204,992,no,,,candidate,,,api-tests
api-symbol-5b152eec,api,2,symbol,mensagem,,apps/api/tests/ponta-a-ponta.test.ts:227,992,no,,,candidate,,,api-tests
api-symbol-3150c011,api,2,symbol,mensagem,,apps/api/tests/ponta-a-ponta.test.ts:251,992,no,,,candidate,,,api-tests
api-symbol-04b190e1,api,2,symbol,mensagem,,apps/api/tests/ponta-a-ponta.test.ts:318,992,no,,,candidate,,,api-tests
api-symbol-b18f80d0,api,2,symbol,mensagemId,,apps/api/tests/envio-session.test.ts:241,13,no,,,candidate,,,api-tests
api-symbol-917a104d,api,2,symbol,mensagemId,,apps/api/tests/envio-session.test.ts:269,13,no,,,candidate,,,api-tests
api-symbol-91e57909,api,2,symbol,mensagemId,,apps/api/tests/jsonb-compat.test.ts:266,13,no,,,candidate,,,api-tests
api-symbol-90c88700,api,2,symbol,mensagens,,apps/api/tests/jsonb-compat.test.ts:192,334,no,,,candidate,,,api-tests
api-symbol-e3e9188e,api,2,symbol,modeloId,,apps/api/tests/email.test.ts:296,8,no,,,candidate,,,api-tests
api-symbol-16ef00b2,api,2,symbol,modeloId,,apps/api/tests/email.test.ts:311,8,no,,,candidate,,,api-tests
api-symbol-626a15cc,api,2,symbol,modeloId,,apps/api/tests/email.test.ts:330,8,no,,,candidate,,,api-tests
api-symbol-1ab797e3,api,2,symbol,montarFluxoDeTeste,,apps/api/tests/jsonb-compat.test.ts:98,3,no,,,candidate,,,api-tests
api-symbol-28fa7814,api,2,symbol,noBanco,,apps/api/tests/builder-by-flow.test.ts:546,4,no,,,candidate,,,api-tests
api-symbol-4bbd00b6,api,2,symbol,noBanco,,apps/api/tests/builder-by-flow.test.ts:600,4,no,,,candidate,,,api-tests
api-symbol-eca0cd0c,api,2,symbol,noLimite,,apps/api/tests/cycle-of-lifetime-of-flow.test.ts:359,9,no,,,candidate,,,api-tests
api-symbol-30d83af4,api,2,symbol,nomeDaFila,,apps/api/tests/desk-availability.test.ts:60,2,no,,,candidate,,,api-tests
api-symbol-2da0d4dc,api,2,symbol,nomeDoPapel,,apps/api/src/domain/convites.ts:175,3,no,,,candidate,,,api-domain
api-symbol-89dac23b,api,2,symbol,opcoes,,apps/api/src/domain/flow.ts:1103,41,no,,,candidate,,,api-domain
api-symbol-1c0a9655,api,2,symbol,opcoes,,apps/api/src/domain/flow.ts:1133,41,no,,,candidate,,,api-domain
api-symbol-722134fd,api,2,symbol,ordem,,apps/api/src/controllers/catalogo.ts:372,234,no,,,candidate,,,api-core
api-symbol-3cd89303,api,2,symbol,ordem,,apps/api/src/controllers/catalogo.ts:72,234,no,,,candidate,,,api-core
api-symbol-83cfc8a9,api,2,symbol,ordem,,apps/api/src/controllers/conversations.ts:90,234,no,,,candidate,,,api-core
api-symbol-b88f638f,api,2,symbol,pagina,,apps/api/src/controllers/catalogo.ts:414,19,no,,,candidate,,,api-core
api-symbol-26005b82,api,2,symbol,pagina,,apps/api/src/controllers/catalogo.ts:96,19,no,,,candidate,,,api-core
api-symbol-fb323e22,api,2,symbol,pagina,,apps/api/src/controllers/conversations.ts:208,19,no,,,candidate,,,api-core
api-symbol-23186083,api,2,symbol,pagina,,apps/api/src/domain/whatsapp/cliente-graph.ts:433,19,no,,,candidate,,,api-domain
api-symbol-977af8ef,api,2,symbol,papelNoFluxo,,apps/api/src/domain/management/team-of-flow.ts:393,29,no,,,candidate,,,api-domain
api-symbol-4aa68aa2,api,2,symbol,periodo,,apps/api/src/controllers/management-analytics.ts:150,58,no,,,candidate,,,api-core
api-symbol-b5eadcaf,api,2,symbol,permissoes,,apps/api/src/controllers/management-account.ts:143,53,no,,,candidate,,,api-core
api-symbol-472bc14e,api,2,symbol,permissoes,,apps/api/src/controllers/management-account.ts:175,53,no,,,candidate,,,api-core
api-symbol-c58f5676,api,2,symbol,permissoes,,apps/api/src/controllers/management-account.ts:190,53,no,,,candidate,,,api-core
api-symbol-cb17f56c,api,2,symbol,permissoes,,apps/api/src/controllers/management-account.ts:206,53,no,,,candidate,,,api-core
api-symbol-771985f6,api,2,symbol,permissoes,,apps/api/src/controllers/management-account.ts:225,53,no,,,candidate,,,api-core
api-symbol-fd9b1de3,api,2,symbol,permissoes,,apps/api/src/controllers/management-account.ts:90,53,no,,,candidate,,,api-core
api-symbol-0d2776ad,api,2,symbol,permissoes,,apps/api/src/domain/management/team-of-flow.ts:397,53,no,,,candidate,,,api-domain
api-symbol-77a7f028,api,2,symbol,porCanal,,apps/api/tests/desk-commands.test.ts:120,1,no,,,candidate,,,api-tests
api-symbol-6a12d73e,api,2,symbol,porId,,apps/api/tests/flow-short-name.test.ts:208,3,no,,,candidate,,,api-tests
api-symbol-04530d3d,api,2,symbol,porId,,apps/api/tests/flow-short-name.test.ts:245,3,no,,,candidate,,,api-tests
api-symbol-4a4d0f05,api,2,symbol,porShortName,,apps/api/tests/flow-short-name.test.ts:211,2,no,,,candidate,,,api-tests
api-symbol-c8c20c17,api,2,symbol,porShortName,,apps/api/tests/flow-short-name.test.ts:246,2,no,,,candidate,,,api-tests
api-symbol-2bff5658,api,2,symbol,posicoes,,apps/api/tests/jsonb-compat.test.ts:105,3,no,,,candidate,,,api-tests
api-symbol-0f568739,api,2,symbol,primeira,,apps/api/tests/builder-test-run.test.ts:284,212,no,,,candidate,,,api-tests
api-symbol-7d20ba18,api,2,symbol,primeira,,apps/api/tests/channels.test.ts:653,212,no,,,candidate,,,api-tests
api-symbol-1753577f,api,2,symbol,primeira,,apps/api/tests/desk-actions.test.ts:401,212,no,,,candidate,,,api-tests
api-symbol-3f4cf5a3,api,2,symbol,primeira,,apps/api/tests/input-expiration.test.ts:297,212,no,,,candidate,,,api-tests
api-symbol-75a3c919,api,2,symbol,primeira,,apps/api/tests/subflows.test.ts:193,212,no,,,candidate,,,api-tests
api-symbol-a29b20b0,api,2,symbol,primeira,,apps/api/tests/subflows.test.ts:239,212,no,,,candidate,,,api-tests
api-symbol-a1134a9d,api,2,symbol,primeiro,,apps/api/src/domain/management/pfx.ts:57,183,no,,,candidate,,,api-domain
api-symbol-daef204f,api,2,symbol,primeiro,,apps/api/tests/channels.test.ts:506,183,no,,,candidate,,,api-tests
api-symbol-cd076bff,api,2,symbol,processoDoContato,,apps/api/tests/process-http-retomada.test.ts:123,9,no,,,candidate,,,api-tests
api-symbol-7ed4bc26,api,2,symbol,provedor,,apps/api/src/domain/sso.ts:90,105,no,,,candidate,,,api-domain
api-symbol-c9fd9e52,api,2,symbol,PROVEDORES,,apps/api/src/domain/sso.ts:19,1,no,,,candidate,,,api-domain
api-symbol-84b5120f,api,2,symbol,respeitaLimiteDeTaxa,,apps/api/src/domain/management/builder-test-run.ts:109,4,no,,,candidate,,,api-domain
api-symbol-9d3fee09,api,2,symbol,respeitaLimiteDeTaxa,,apps/api/src/domain/rastreador-de-cliques.ts:159,4,no,,,candidate,,,api-domain
api-symbol-bb479e66,api,2,symbol,respostaContato,,apps/api/tests/jsonb-compat.test.ts:391,1,no,,,candidate,,,api-tests
api-symbol-09780096,api,2,symbol,resultado,,apps/api/src/controllers/management-flow.ts:258,426,no,,,candidate,,,api-core
api-symbol-798ac613,api,2,symbol,resultado,,apps/api/src/controllers/management-flow.ts:275,426,no,,,candidate,,,api-core
api-symbol-83d2978f,api,2,symbol,resultado,,apps/api/src/controllers/management-operations.ts:187,426,no,,,candidate,,,api-core
api-symbol-4ae30790,api,2,symbol,resultado,,apps/api/src/controllers/management-operations.ts:211,426,no,,,candidate,,,api-core
api-symbol-8a3eaa7b,api,2,symbol,resultado,,apps/api/src/domain/conversation.ts:166,426,no,,,candidate,,,api-domain
api-symbol-5222df23,api,2,symbol,resultado,,apps/api/src/domain/conversation.ts:213,426,no,,,candidate,,,api-domain
api-symbol-cd219752,api,2,symbol,resultado,,apps/api/src/domain/conversation.ts:301,426,no,,,candidate,,,api-domain
api-symbol-938777c1,api,2,symbol,resultado,,apps/api/src/domain/envio.ts:89,426,no,,,candidate,,,api-domain
api-symbol-a1d7b14d,api,2,symbol,resultado,,apps/api/src/domain/etiquetas.ts:124,426,no,,,candidate,,,api-domain
api-symbol-b53670ed,api,2,symbol,resultado,,apps/api/src/domain/etiquetas.ts:160,426,no,,,candidate,,,api-domain
api-symbol-3c952677,api,2,symbol,Resultado,,apps/api/src/domain/management/actions/campos.ts:27,273,no,,,candidate,,,api-domain
api-symbol-5b9eaf25,api,2,symbol,resultado,,apps/api/src/domain/management/sla-motor.ts:159,426,no,,,candidate,,,api-domain
api-symbol-3a8b227b,api,2,symbol,resultado,,apps/api/src/domain/whatsapp/configuration-manual.ts:65,426,no,,,candidate,,,api-domain
api-symbol-073a8c56,api,2,symbol,resultado,,apps/api/src/domain/whatsapp/configuration-manual.ts:93,426,no,,,candidate,,,api-domain
api-symbol-97a13582,api,2,symbol,resultado,,apps/api/src/domain/whatsapp/modelos.ts:161,426,no,,,candidate,,,api-domain
api-symbol-63d9f15b,api,2,symbol,resultado,,apps/api/src/import-flow.ts:51,426,no,,,candidate,,,api-core
api-symbol-fdc7b1d9,api,2,symbol,resultado,,apps/api/tests/channels.test.ts:364,426,no,,,candidate,,,api-tests
api-symbol-db4a3bd3,api,2,symbol,resultado,,apps/api/tests/channels.test.ts:898,426,no,,,candidate,,,api-tests
api-symbol-50e6a0cb,api,2,symbol,resultado,,apps/api/tests/contract.test.ts:259,426,no,,,candidate,,,api-tests
api-symbol-1f42f320,api,2,symbol,resultado,,apps/api/tests/contract.test.ts:277,426,no,,,candidate,,,api-tests
api-symbol-7cecd3fd,api,2,symbol,resultado,,apps/api/tests/contract.test.ts:289,426,no,,,candidate,,,api-tests
api-symbol-b4c46317,api,2,symbol,resultado,,apps/api/tests/contract.test.ts:306,426,no,,,candidate,,,api-tests
api-symbol-fea14a8d,api,2,symbol,resultado,,apps/api/tests/contract.test.ts:393,426,no,,,candidate,,,api-tests
api-symbol-fb42720a,api,2,symbol,resultado,,apps/api/tests/contract.test.ts:465,426,no,,,candidate,,,api-tests
api-symbol-f53a5a48,api,2,symbol,resultado,,apps/api/tests/contract.test.ts:530,426,no,,,candidate,,,api-tests
api-symbol-0877f285,api,2,symbol,resultado,,apps/api/tests/convites.test.ts:497,426,no,,,candidate,,,api-tests
api-symbol-aa5b9f92,api,2,symbol,Resultado,,apps/api/tests/desk-availability.test.ts:119,273,no,,,candidate,,,api-tests
api-symbol-71d36a9f,api,2,symbol,resultado,,apps/api/tests/flow-actions.test.ts:134,426,no,,,candidate,,,api-tests
api-symbol-052bd74f,api,2,symbol,resultado,,apps/api/tests/import.test.ts:242,426,no,,,candidate,,,api-tests
api-symbol-a32d4158,api,2,symbol,resultado,,apps/api/tests/jsonb-compat.test.ts:235,426,no,,,candidate,,,api-tests
api-symbol-ecd964f8,api,2,symbol,resultado,,apps/api/tests/jsonb-compat.test.ts:248,426,no,,,candidate,,,api-tests
api-symbol-d385d8bf,api,2,symbol,resultado,,apps/api/tests/media-received.test.ts:175,426,no,,,candidate,,,api-tests
api-symbol-d3d66800,api,2,symbol,resultado,,apps/api/tests/media-received.test.ts:206,426,no,,,candidate,,,api-tests
api-symbol-fe69e714,api,2,symbol,resultado,,apps/api/tests/media-received.test.ts:232,426,no,,,candidate,,,api-tests
api-symbol-d58d4886,api,2,symbol,resultado,,apps/api/tests/media-received.test.ts:257,426,no,,,candidate,,,api-tests
api-symbol-709753f6,api,2,symbol,resultado,,apps/api/tests/media-received.test.ts:280,426,no,,,candidate,,,api-tests
api-symbol-35162a15,api,2,symbol,resultado,,apps/api/tests/media-received.test.ts:300,426,no,,,candidate,,,api-tests
api-symbol-85dae2e9,api,2,symbol,resultado,,apps/api/tests/media-received.test.ts:352,426,no,,,candidate,,,api-tests
api-symbol-1f36701b,api,2,symbol,resultadoDe,,apps/api/tests/desk-availability.test.ts:121,7,no,,,candidate,,,api-tests
api-symbol-f9b6277a,api,2,symbol,ResultadoDoMotor,,apps/api/tests/jsonb-compat.test.ts:176,2,no,,,candidate,,,api-tests
api-symbol-f0024efb,api,2,symbol,ResultadoDoWebhook,,apps/api/src/domain/whatsapp/configuration-of-webhook.ts:34,2,no,,,candidate,,,api-domain
api-symbol-33cd387b,api,2,symbol,ResultadoDownload,,apps/api/src/domain/media.ts:62,4,no,,,candidate,,,api-domain
api-symbol-07c63293,api,2,symbol,ResultadoSimples,,apps/api/src/controllers/management-account.ts:66,21,no,,,candidate,,,api-core
api-symbol-bd5e69f2,api,2,symbol,roteador,,apps/api/src/domain/flow.ts:243,433,no,,,candidate,,,api-domain
api-symbol-f2b7251c,api,2,symbol,roteador,,apps/api/tests/router.test.ts:183,433,no,,,candidate,,,api-tests
api-symbol-f201921a,api,2,symbol,roteador,,apps/api/tests/router.test.ts:247,433,no,,,candidate,,,api-tests
api-symbol-c1ff7e24,api,2,symbol,roteador,,apps/api/tests/router.test.ts:257,433,no,,,candidate,,,api-tests
api-symbol-b3b7c51c,api,2,symbol,roteador,,apps/api/tests/router.test.ts:309,433,no,,,candidate,,,api-tests
api-symbol-67121b43,api,2,symbol,segredo,,apps/api/src/controllers/webhooks-whatsapp.ts:46,106,no,,,candidate,,,api-core
api-symbol-a94af21e,api,2,symbol,segredo,,apps/api/src/domain/management/integrations.ts:565,106,no,,,candidate,,,api-domain
api-symbol-413295ab,api,2,symbol,segredo,,apps/api/src/domain/management/integrations.ts:930,106,no,,,candidate,,,api-domain
api-symbol-dde7db0f,api,2,symbol,segredo,,apps/api/tests/builder-test-run.test.ts:363,106,no,,,candidate,,,api-tests
api-symbol-dd33c6e7,api,2,symbol,semConversa,,apps/api/tests/desk-actions.test.ts:485,5,no,,,candidate,,,api-tests
api-symbol-31f063cb,api,2,symbol,semConversa,,apps/api/tests/scheduling-commands.test.ts:173,5,no,,,candidate,,,api-tests
api-symbol-4f891faa,api,2,symbol,semEscopo,,apps/api/tests/etiquetas.test.ts:399,2,no,,,candidate,,,api-tests
api-symbol-38a1baad,api,2,symbol,semFila,,apps/api/tests/registrations-attendance.test.ts:640,1,no,,,candidate,,,api-tests
api-symbol-93702a49,api,2,symbol,semPermissaoId,,apps/api/tests/satisfaction-survey.test.ts:140,2,no,,,candidate,,,api-tests
api-symbol-5ae66ce5,api,2,symbol,semPrefixo,,apps/api/tests/builder-by-flow.test.ts:479,1,no,,,candidate,,,api-tests
api-symbol-ed4305c3,api,2,symbol,semSessao,,apps/api/tests/contract.test.ts:541,1,no,,,candidate,,,api-tests
api-symbol-1e29a869,api,2,symbol,semTexto,,apps/api/tests/desk-actions.test.ts:234,1,no,,,candidate,,,api-tests
api-symbol-d56ec3c7,api,2,symbol,senhaComoBmpString,,apps/api/src/domain/management/pfx.ts:161,2,no,,,candidate,,,api-domain
api-symbol-f9d77c38,api,2,symbol,sessao,,apps/api/src/controllers/channels-instagram.ts:30,274,no,,,candidate,,,api-core
api-symbol-1fb9bb7f,api,2,symbol,sessao,,apps/api/src/controllers/channels-instagram.ts:50,274,no,,,candidate,,,api-core
api-symbol-46c60094,api,2,symbol,sessao,,apps/api/src/controllers/channels.ts:159,274,no,,,candidate,,,api-core
api-symbol-8e7ac26d,api,2,symbol,sessao,,apps/api/src/controllers/channels.ts:171,274,no,,,candidate,,,api-core
api-symbol-f9dd55c8,api,2,symbol,sessao,,apps/api/src/controllers/channels.ts:183,274,no,,,candidate,,,api-core
api-symbol-e081a2b5,api,2,symbol,sessao,,apps/api/src/controllers/channels.ts:195,274,no,,,candidate,,,api-core
api-symbol-4c594e6a,api,2,symbol,sessao,,apps/api/src/controllers/channels.ts:208,274,no,,,candidate,,,api-core
api-symbol-eb9b40f6,api,2,symbol,sessao,,apps/api/src/controllers/channels.ts:222,274,no,,,candidate,,,api-core
api-symbol-18a1c2b6,api,2,symbol,sessao,,apps/api/src/controllers/channels.ts:235,274,no,,,candidate,,,api-core
api-symbol-12c22740,api,2,symbol,sessao,,apps/api/src/controllers/channels.ts:247,274,no,,,candidate,,,api-core
api-symbol-ce305b97,api,2,symbol,sessao,,apps/api/src/controllers/channels.ts:34,274,no,,,candidate,,,api-core
api-symbol-a80ba184,api,2,symbol,sessao,,apps/api/src/controllers/channels.ts:46,274,no,,,candidate,,,api-core
api-symbol-836af9d0,api,2,symbol,sessao,,apps/api/src/controllers/channels.ts:77,274,no,,,candidate,,,api-core
api-symbol-42b519b4,api,2,symbol,sessao,,apps/api/src/controllers/convites.ts:126,274,no,,,candidate,,,api-core
api-symbol-f376eba1,api,2,symbol,sessao,,apps/api/src/controllers/convites.ts:23,274,no,,,candidate,,,api-core
api-symbol-42a8dd81,api,2,symbol,sessao,,apps/api/src/controllers/convites.ts:52,274,no,,,candidate,,,api-core
api-symbol-f79b8e74,api,2,symbol,sessao,,apps/api/src/controllers/crm.ts:51,274,no,,,candidate,,,api-core
api-symbol-92e56b49,api,2,symbol,sessao,,apps/api/src/controllers/crm.ts:61,274,no,,,candidate,,,api-core
api-symbol-2ccada7a,api,2,symbol,sessao,,apps/api/src/controllers/desk.ts:118,274,no,,,candidate,,,api-core
api-symbol-03a80ba3,api,2,symbol,sessao,,apps/api/src/controllers/desk.ts:131,274,no,,,candidate,,,api-core
api-symbol-0009ed49,api,2,symbol,sessao,,apps/api/src/controllers/desk.ts:145,274,no,,,candidate,,,api-core
api-symbol-639978d5,api,2,symbol,sessao,,apps/api/src/controllers/desk.ts:155,274,no,,,candidate,,,api-core
api-symbol-3302f45f,api,2,symbol,sessao,,apps/api/src/controllers/desk.ts:178,274,no,,,candidate,,,api-core
api-symbol-78c33440,api,2,symbol,sessao,,apps/api/src/controllers/desk.ts:210,274,no,,,candidate,,,api-core
api-symbol-ce6e6569,api,2,symbol,sessao,,apps/api/src/controllers/desk.ts:60,274,no,,,candidate,,,api-core
api-symbol-e7420b47,api,2,symbol,sessao,,apps/api/src/controllers/desk.ts:81,274,no,,,candidate,,,api-core
api-symbol-14982c4f,api,2,symbol,sessao,,apps/api/src/controllers/imports.ts:40,274,no,,,candidate,,,api-core
api-symbol-553ba725,api,2,symbol,sessao,,apps/api/src/controllers/imports.ts:51,274,no,,,candidate,,,api-core
api-symbol-db696bae,api,2,symbol,sessao,,apps/api/src/controllers/imports.ts:64,274,no,,,candidate,,,api-core
api-symbol-e748fd39,api,2,symbol,sessao,,apps/api/src/controllers/management-account.ts:133,274,no,,,candidate,,,api-core
api-symbol-ea5486e3,api,2,symbol,sessao,,apps/api/src/controllers/management-account.ts:163,274,no,,,candidate,,,api-core
api-symbol-70b10dfc,api,2,symbol,sessao,,apps/api/src/controllers/management-account.ts:173,274,no,,,candidate,,,api-core
api-symbol-773a8651,api,2,symbol,sessao,,apps/api/src/controllers/management-account.ts:188,274,no,,,candidate,,,api-core
api-symbol-052f44f5,api,2,symbol,sessao,,apps/api/src/controllers/management-account.ts:204,274,no,,,candidate,,,api-core
api-symbol-ea5b0768,api,2,symbol,sessao,,apps/api/src/controllers/management-account.ts:223,274,no,,,candidate,,,api-core
api-symbol-b65bd835,api,2,symbol,sessao,,apps/api/src/controllers/management-account.ts:79,274,no,,,candidate,,,api-core
api-symbol-0ca9a94b,api,2,symbol,sessao,,apps/api/src/controllers/management-account.ts:88,274,no,,,candidate,,,api-core
api-symbol-63640fa6,api,2,symbol,sessao,,apps/api/src/controllers/management-analytics.ts:145,274,no,,,candidate,,,api-core
api-symbol-77734149,api,2,symbol,sessao,,apps/api/src/controllers/management-analytics.ts:170,274,no,,,candidate,,,api-core
api-symbol-7e65fd3b,api,2,symbol,sessao,,apps/api/src/controllers/management-analytics.ts:189,274,no,,,candidate,,,api-core
api-symbol-df4004f7,api,2,symbol,sessao,,apps/api/src/controllers/management-analytics.ts:217,274,no,,,candidate,,,api-core
api-symbol-b18e6b41,api,2,symbol,sessao,,apps/api/src/controllers/management-analytics.ts:241,274,no,,,candidate,,,api-core
api-symbol-ccaee80a,api,2,symbol,sessao,,apps/api/src/controllers/management-builder.ts:129,274,no,,,candidate,,,api-core
api-symbol-e8f6117d,api,2,symbol,sessao,,apps/api/src/controllers/management-builder.ts:143,274,no,,,candidate,,,api-core
api-symbol-a9ff0318,api,2,symbol,sessao,,apps/api/src/controllers/management-builder.ts:37,274,no,,,candidate,,,api-core
api-symbol-c5ee30a0,api,2,symbol,sessao,,apps/api/src/controllers/management-builder.ts:51,274,no,,,candidate,,,api-core
api-symbol-38a7d66c,api,2,symbol,sessao,,apps/api/src/controllers/management-builder.ts:65,274,no,,,candidate,,,api-core
api-symbol-9304fa31,api,2,symbol,sessao,,apps/api/src/controllers/management-builder.ts:78,274,no,,,candidate,,,api-core
api-symbol-88d6c779,api,2,symbol,sessao,,apps/api/src/controllers/management-builder.ts:92,274,no,,,candidate,,,api-core
api-symbol-da14da27,api,2,symbol,sessao,,apps/api/src/controllers/management-flow.ts:194,274,no,,,candidate,,,api-core
api-symbol-f3c2570a,api,2,symbol,sessao,,apps/api/src/controllers/management-flow.ts:216,274,no,,,candidate,,,api-core
api-symbol-367420e9,api,2,symbol,sessao,,apps/api/src/controllers/management-flow.ts:232,274,no,,,candidate,,,api-core
api-symbol-8b4b850f,api,2,symbol,sessao,,apps/api/src/controllers/management-flow.ts:256,274,no,,,candidate,,,api-core
api-symbol-a7edab27,api,2,symbol,sessao,,apps/api/src/controllers/management-flow.ts:273,274,no,,,candidate,,,api-core
api-symbol-d98e71a4,api,2,symbol,sessao,,apps/api/src/controllers/management-flow.ts:293,274,no,,,candidate,,,api-core
api-symbol-cf838f76,api,2,symbol,sessao,,apps/api/src/controllers/management-flow.ts:306,274,no,,,candidate,,,api-core
api-symbol-1c1c9933,api,2,symbol,sessao,,apps/api/src/controllers/management-flow.ts:327,274,no,,,candidate,,,api-core
api-symbol-489aa2f3,api,2,symbol,sessao,,apps/api/src/controllers/management-flow.ts:342,274,no,,,candidate,,,api-core
api-symbol-6aa789a3,api,2,symbol,sessao,,apps/api/src/controllers/management-flow.ts:354,274,no,,,candidate,,,api-core
api-symbol-493eeb4c,api,2,symbol,sessao,,apps/api/src/controllers/management-flow.ts:372,274,no,,,candidate,,,api-core
api-symbol-3786607e,api,2,symbol,sessao,,apps/api/src/controllers/management-flow.ts:384,274,no,,,candidate,,,api-core
api-symbol-b4a20754,api,2,symbol,sessao,,apps/api/src/controllers/management-flow.ts:398,274,no,,,candidate,,,api-core
api-symbol-b1ee928a,api,2,symbol,sessao,,apps/api/src/controllers/management-flow.ts:411,274,no,,,candidate,,,api-core
api-symbol-fd9a3b10,api,2,symbol,sessao,,apps/api/src/controllers/management-flow.ts:434,274,no,,,candidate,,,api-core
api-symbol-1171f0a8,api,2,symbol,sessao,,apps/api/src/controllers/management-flow.ts:448,274,no,,,candidate,,,api-core
api-symbol-5f620bb7,api,2,symbol,sessao,,apps/api/src/controllers/management-flow.ts:459,274,no,,,candidate,,,api-core
api-symbol-ba6ac618,api,2,symbol,sessao,,apps/api/src/controllers/management-flow.ts:475,274,no,,,candidate,,,api-core
api-symbol-6ca364d6,api,2,symbol,sessao,,apps/api/src/controllers/management-flow.ts:491,274,no,,,candidate,,,api-core
api-symbol-2b133bc8,api,2,symbol,sessao,,apps/api/src/controllers/management-flow.ts:506,274,no,,,candidate,,,api-core
api-symbol-1d5e22d4,api,2,symbol,sessao,,apps/api/src/controllers/management-flow.ts:522,274,no,,,candidate,,,api-core
api-symbol-01ac556b,api,2,symbol,sessao,,apps/api/src/controllers/management-flow.ts:541,274,no,,,candidate,,,api-core
api-symbol-495c98df,api,2,symbol,sessao,,apps/api/src/controllers/management-flow.ts:555,274,no,,,candidate,,,api-core
api-symbol-d80c4e22,api,2,symbol,sessao,,apps/api/src/controllers/management-flow.ts:570,274,no,,,candidate,,,api-core
api-symbol-e3ebb64e,api,2,symbol,sessao,,apps/api/src/controllers/management-flow.ts:586,274,no,,,candidate,,,api-core
api-symbol-9500f4a2,api,2,symbol,sessao,,apps/api/src/controllers/management-flow.ts:604,274,no,,,candidate,,,api-core
api-symbol-0aa10e83,api,2,symbol,sessao,,apps/api/src/controllers/management-flow.ts:618,274,no,,,candidate,,,api-core
api-symbol-acffabbf,api,2,symbol,sessao,,apps/api/src/controllers/management-flow.ts:633,274,no,,,candidate,,,api-core
api-symbol-22d28f71,api,2,symbol,sessao,,apps/api/src/controllers/management-flow.ts:649,274,no,,,candidate,,,api-core
api-symbol-a137b803,api,2,symbol,sessao,,apps/api/src/controllers/management-integrations.ts:114,274,no,,,candidate,,,api-core
api-symbol-40cba3bd,api,2,symbol,sessao,,apps/api/src/controllers/management-integrations.ts:128,274,no,,,candidate,,,api-core
api-symbol-3c4b1047,api,2,symbol,sessao,,apps/api/src/controllers/management-integrations.ts:147,274,no,,,candidate,,,api-core
api-symbol-3cfd587f,api,2,symbol,sessao,,apps/api/src/controllers/management-integrations.ts:157,274,no,,,candidate,,,api-core
api-symbol-35ae5640,api,2,symbol,sessao,,apps/api/src/controllers/management-integrations.ts:176,274,no,,,candidate,,,api-core
api-symbol-02e596d2,api,2,symbol,sessao,,apps/api/src/controllers/management-integrations.ts:196,274,no,,,candidate,,,api-core
api-symbol-b994307e,api,2,symbol,sessao,,apps/api/src/controllers/management-integrations.ts:210,274,no,,,candidate,,,api-core
api-symbol-7684df3f,api,2,symbol,sessao,,apps/api/src/controllers/management-integrations.ts:67,274,no,,,candidate,,,api-core
api-symbol-621a93be,api,2,symbol,sessao,,apps/api/src/controllers/management-integrations.ts:81,274,no,,,candidate,,,api-core
api-symbol-67efed65,api,2,symbol,sessao,,apps/api/src/controllers/management-operations.ts:134,274,no,,,candidate,,,api-core
api-symbol-ee8eba54,api,2,symbol,sessao,,apps/api/src/controllers/management-operations.ts:149,274,no,,,candidate,,,api-core
api-symbol-616ac1d2,api,2,symbol,sessao,,apps/api/src/controllers/management-operations.ts:167,274,no,,,candidate,,,api-core
api-symbol-ceb57af3,api,2,symbol,sessao,,apps/api/src/controllers/management-operations.ts:182,274,no,,,candidate,,,api-core
api-symbol-644ba6de,api,2,symbol,sessao,,apps/api/src/controllers/management-operations.ts:206,274,no,,,candidate,,,api-core
api-symbol-505aa55d,api,2,symbol,sessao,,apps/api/src/controllers/management-operations.ts:233,274,no,,,candidate,,,api-core
api-symbol-dd42a968,api,2,symbol,sessao,,apps/api/src/controllers/management-operations.ts:256,274,no,,,candidate,,,api-core
api-symbol-90b809f1,api,2,symbol,sessao,,apps/api/src/controllers/management-operations.ts:276,274,no,,,candidate,,,api-core
api-symbol-3e5e61ff,api,2,symbol,sessao,,apps/api/src/controllers/management-operations.ts:291,274,no,,,candidate,,,api-core
api-symbol-ca476ca5,api,2,symbol,sessao,,apps/api/src/controllers/management-operations.ts:309,274,no,,,candidate,,,api-core
api-symbol-ba159d49,api,2,symbol,sessao,,apps/api/src/controllers/management-operations.ts:328,274,no,,,candidate,,,api-core
api-symbol-3563716d,api,2,symbol,sessao,,apps/api/src/controllers/management-registrations.ts:106,274,no,,,candidate,,,api-core
api-symbol-6ec65fd2,api,2,symbol,sessao,,apps/api/src/controllers/management-registrations.ts:117,274,no,,,candidate,,,api-core
api-symbol-b6d37336,api,2,symbol,sessao,,apps/api/src/controllers/management-registrations.ts:124,274,no,,,candidate,,,api-core
api-symbol-bd603070,api,2,symbol,sessao,,apps/api/src/controllers/management-registrations.ts:131,274,no,,,candidate,,,api-core
api-symbol-b9bffc5d,api,2,symbol,sessao,,apps/api/src/controllers/management-registrations.ts:138,274,no,,,candidate,,,api-core
api-symbol-ec2d9384,api,2,symbol,sessao,,apps/api/src/controllers/management-registrations.ts:145,274,no,,,candidate,,,api-core
api-symbol-305c1da3,api,2,symbol,sessao,,apps/api/src/controllers/management-registrations.ts:152,274,no,,,candidate,,,api-core
api-symbol-81010c18,api,2,symbol,sessao,,apps/api/src/controllers/management-registrations.ts:164,274,no,,,candidate,,,api-core
api-symbol-0e285aad,api,2,symbol,sessao,,apps/api/src/controllers/management-registrations.ts:177,274,no,,,candidate,,,api-core
api-symbol-f1580240,api,2,symbol,sessao,,apps/api/src/controllers/management-registrations.ts:188,274,no,,,candidate,,,api-core
api-symbol-b48e0ac1,api,2,symbol,sessao,,apps/api/src/controllers/management-registrations.ts:202,274,no,,,candidate,,,api-core
api-symbol-72f2e902,api,2,symbol,sessao,,apps/api/src/controllers/management-registrations.ts:226,274,no,,,candidate,,,api-core
api-symbol-0ea7811f,api,2,symbol,sessao,,apps/api/src/controllers/management-registrations.ts:243,274,no,,,candidate,,,api-core
api-symbol-5215aa6e,api,2,symbol,sessao,,apps/api/src/controllers/management-registrations.ts:254,274,no,,,candidate,,,api-core
api-symbol-b737ce5a,api,2,symbol,sessao,,apps/api/src/controllers/management-registrations.ts:270,274,no,,,candidate,,,api-core
api-symbol-6008a77b,api,2,symbol,sessao,,apps/api/src/controllers/management-registrations.ts:281,274,no,,,candidate,,,api-core
api-symbol-2f128af7,api,2,symbol,sessao,,apps/api/src/controllers/management-registrations.ts:295,274,no,,,candidate,,,api-core
api-symbol-83cdca96,api,2,symbol,sessao,,apps/api/src/controllers/management-registrations.ts:306,274,no,,,candidate,,,api-core
api-symbol-dc21d799,api,2,symbol,sessao,,apps/api/src/controllers/management-registrations.ts:321,274,no,,,candidate,,,api-core
api-symbol-8cc83653,api,2,symbol,sessao,,apps/api/src/controllers/management-registrations.ts:334,274,no,,,candidate,,,api-core
api-symbol-d7e07996,api,2,symbol,sessao,,apps/api/src/controllers/management-registrations.ts:345,274,no,,,candidate,,,api-core
api-symbol-35169864,api,2,symbol,sessao,,apps/api/src/controllers/management-registrations.ts:357,274,no,,,candidate,,,api-core
api-symbol-d6604547,api,2,symbol,sessao,,apps/api/src/controllers/management-registrations.ts:369,274,no,,,candidate,,,api-core
api-symbol-8260b654,api,2,symbol,sessao,,apps/api/src/controllers/management-registrations.ts:382,274,no,,,candidate,,,api-core
api-symbol-b926beca,api,2,symbol,sessao,,apps/api/src/controllers/management-registrations.ts:396,274,no,,,candidate,,,api-core
api-symbol-d9b882ea,api,2,symbol,sessao,,apps/api/src/controllers/management-registrations.ts:411,274,no,,,candidate,,,api-core
api-symbol-5ca07a47,api,2,symbol,sessao,,apps/api/src/controllers/management-registrations.ts:424,274,no,,,candidate,,,api-core
api-symbol-cdbc4b0f,api,2,symbol,sessao,,apps/api/src/controllers/management-registrations.ts:435,274,no,,,candidate,,,api-core
api-symbol-6260ef39,api,2,symbol,sessao,,apps/api/src/controllers/management-registrations.ts:452,274,no,,,candidate,,,api-core
api-symbol-f99f2e98,api,2,symbol,sessao,,apps/api/src/controllers/management-registrations.ts:469,274,no,,,candidate,,,api-core
api-symbol-e3e5300b,api,2,symbol,sessao,,apps/api/src/controllers/management-registrations.ts:484,274,no,,,candidate,,,api-core
api-symbol-96d03a37,api,2,symbol,sessao,,apps/api/src/controllers/management-registrations.ts:497,274,no,,,candidate,,,api-core
api-symbol-324f829e,api,2,symbol,sessao,,apps/api/src/controllers/management-registrations.ts:511,274,no,,,candidate,,,api-core
api-symbol-5d5f17cf,api,2,symbol,sessao,,apps/api/src/controllers/management-registrations.ts:526,274,no,,,candidate,,,api-core
api-symbol-77db5b71,api,2,symbol,sessao,,apps/api/src/controllers/management-registrations.ts:539,274,no,,,candidate,,,api-core
api-symbol-1159c260,api,2,symbol,sessao,,apps/api/src/controllers/management-registrations.ts:553,274,no,,,candidate,,,api-core
api-symbol-66acfe3f,api,2,symbol,sessao,,apps/api/src/controllers/management-registrations.ts:571,274,no,,,candidate,,,api-core
api-symbol-b10b5d63,api,2,symbol,sessao,,apps/api/src/controllers/management-registrations.ts:68,274,no,,,candidate,,,api-core
api-symbol-2c54aaf2,api,2,symbol,sessao,,apps/api/src/controllers/management-registrations.ts:75,274,no,,,candidate,,,api-core
api-symbol-fe696929,api,2,symbol,sessao,,apps/api/src/controllers/management-registrations.ts:85,274,no,,,candidate,,,api-core
api-symbol-18718c61,api,2,symbol,sessao,,apps/api/src/controllers/management-registrations.ts:99,274,no,,,candidate,,,api-core
api-symbol-dc193952,api,2,symbol,sessao,,apps/api/src/controllers/management-team.ts:41,274,no,,,candidate,,,api-core
api-symbol-948323e7,api,2,symbol,sessao,,apps/api/src/controllers/management-team.ts:55,274,no,,,candidate,,,api-core
api-symbol-db91ba9a,api,2,symbol,sessao,,apps/api/src/controllers/management-team.ts:70,274,no,,,candidate,,,api-core
api-symbol-b92952b1,api,2,symbol,sessao,,apps/api/src/controllers/management-team.ts:85,274,no,,,candidate,,,api-core
api-symbol-493974f2,api,2,symbol,sessao,,apps/api/src/controllers/my-account.ts:178,274,no,,,candidate,,,api-core
api-symbol-ea3497de,api,2,symbol,sessao,,apps/api/src/controllers/my-account.ts:227,274,no,,,candidate,,,api-core
api-symbol-4d91704b,api,2,symbol,sessao,,apps/api/src/controllers/my-account.ts:270,274,no,,,candidate,,,api-core
api-symbol-53a3dbeb,api,2,symbol,sessao,,apps/api/src/controllers/rastreador-de-cliques.ts:64,274,no,,,candidate,,,api-core
api-symbol-9cca2c8b,api,2,symbol,sessao,,apps/api/src/controllers/sso.ts:60,274,no,,,candidate,,,api-core
api-symbol-ffb1b6bb,api,2,symbol,sessao,,apps/api/src/controllers/sso.ts:73,274,no,,,candidate,,,api-core
api-symbol-3a7b525d,api,2,symbol,sessao,,apps/api/src/controllers/sso.ts:88,274,no,,,candidate,,,api-core
api-symbol-3187d7f9,api,2,symbol,sinais,,apps/api/tests/script-sandbox.test.ts:275,9,no,,,candidate,,,api-tests
api-symbol-6e58fda1,api,2,symbol,tempo,,apps/api/src/domain/mtls.ts:177,227,no,,,candidate,,,api-domain
api-symbol-bcd62d12,api,2,symbol,teste,,apps/api/tests/integrations.test.ts:589,622,no,,,candidate,,,api-tests
api-symbol-5f86257d,api,2,symbol,teste,,apps/api/tests/integrations.test.ts:623,622,no,,,candidate,,,api-tests
api-symbol-66b26323,api,2,symbol,TEXTO_BOTAO_MAX,,apps/api/src/domain/management/configuration-of-flow.ts:15,5,no,,,candidate,,,api-domain
api-symbol-62e6c8c9,api,2,symbol,texto,,apps/api/src/controllers/my-account.ts:141,1706,no,,,candidate,,,api-core
api-symbol-5d512892,api,2,symbol,texto,,apps/api/src/domain/desk/actions.ts:111,1706,no,,,candidate,,,api-domain
api-symbol-33faaed7,api,2,symbol,texto,,apps/api/src/domain/desk/taggings.ts:19,1706,no,,,candidate,,,api-domain
api-symbol-87e0b92b,api,2,symbol,texto,,apps/api/src/domain/email.ts:78,1706,no,,,candidate,,,api-domain
api-symbol-ae79e0c7,api,2,symbol,texto,,apps/api/src/domain/flow.ts:1309,1706,no,,,candidate,,,api-domain
api-symbol-6e5c1d91,api,2,symbol,texto,,apps/api/src/domain/instagram/cliente-graph.ts:99,1706,no,,,candidate,,,api-domain
api-symbol-c9daa4cb,api,2,symbol,texto,,apps/api/src/domain/management/certificados.ts:95,1706,no,,,candidate,,,api-domain
api-symbol-38e09938,api,2,symbol,texto,,apps/api/src/domain/management/integrations.ts:295,1706,no,,,candidate,,,api-domain
api-symbol-90fa398a,api,2,symbol,texto,,apps/api/src/domain/management/satisfaction-surveys.ts:95,1706,no,,,candidate,,,api-domain
api-symbol-7ad55466,api,2,symbol,texto,,apps/api/src/domain/whatsapp/channel.ts:32,1706,no,,,candidate,,,api-domain
api-symbol-fc58abcd,api,2,symbol,texto,,apps/api/src/domain/whatsapp/cliente-graph.ts:215,1706,no,,,candidate,,,api-domain
api-symbol-1d0151f6,api,2,symbol,texto,,apps/api/src/metrics.ts:134,1706,no,,,candidate,,,api-core
api-symbol-ca136a5c,api,2,symbol,texto,,apps/api/src/metrics.ts:156,1706,no,,,candidate,,,api-core
api-symbol-3926b846,api,2,symbol,texto,,apps/api/src/pagination.ts:69,1706,no,,,candidate,,,api-core
api-symbol-d71d36ce,api,2,symbol,texto,,apps/api/tests/builder-by-flow.test.ts:117,1706,no,,,candidate,,,api-tests
api-symbol-1e375301,api,2,symbol,texto,,apps/api/tests/builder-test-run.test.ts:101,1706,no,,,candidate,,,api-tests
api-symbol-363e167b,api,2,symbol,texto,,apps/api/tests/channel-of-flow.test.ts:130,1706,no,,,candidate,,,api-tests
api-symbol-bb4dbef5,api,2,symbol,texto,,apps/api/tests/configuration-of-flow.test.ts:93,1706,no,,,candidate,,,api-tests
api-symbol-d8113a16,api,2,symbol,texto,,apps/api/tests/contract.test.ts:131,1706,no,,,candidate,,,api-tests
api-symbol-4f98d8d0,api,2,symbol,texto,,apps/api/tests/flow-resources.test.ts:96,1706,no,,,candidate,,,api-tests
api-symbol-220f42ef,api,2,symbol,texto,,apps/api/tests/inbound.test.ts:320,1706,no,,,candidate,,,api-tests
api-symbol-ab834818,api,2,symbol,texto,,apps/api/tests/palavras-proibidas.test.ts:105,1706,no,,,candidate,,,api-tests
api-symbol-f9f94a37,api,2,symbol,texto,,apps/api/tests/registrations-attendance.test.ts:99,1706,no,,,candidate,,,api-tests
api-symbol-2a4827d8,api,2,symbol,texto,,apps/api/tests/router.test.ts:104,1706,no,,,candidate,,,api-tests
api-symbol-aecf36e7,api,2,symbol,texto,,apps/api/tests/satisfaction-survey.test.ts:93,1706,no,,,candidate,,,api-tests
api-symbol-c15e50c1,api,2,symbol,texto,,apps/api/tests/script-sandbox.test.ts:307,1706,no,,,candidate,,,api-tests
api-symbol-f17039eb,api,2,symbol,texto,,apps/api/tests/subflows.test.ts:127,1706,no,,,candidate,,,api-tests
api-symbol-5919ef1b,api,2,symbol,texto,,apps/api/tests/team-of-flow.test.ts:110,1706,no,,,candidate,,,api-tests
api-symbol-88d6a617,api,2,symbol,textoBotao,,apps/api/src/domain/management/configuration-of-flow.ts:99,24,no,,,candidate,,,api-domain
api-symbol-0cdcca38,api,2,symbol,textoDaQuery,,apps/api/src/controllers/login.ts:203,19,no,,,candidate,,,api-core
api-symbol-4d1332a6,api,2,symbol,textoDe,,apps/api/src/domain/inbound.ts:526,2,no,,,candidate,,,api-domain
api-symbol-ac42ee59,api,2,symbol,textoDoBotao,,apps/api/src/domain/whatsapp/modelos.ts:337,8,no,,,candidate,,,api-domain
api-symbol-1baf279b,api,2,symbol,textoDoCabecalho,,apps/api/src/domain/whatsapp/modelos.ts:292,6,no,,,candidate,,,api-domain
api-symbol-b8cb06ac,api,2,symbol,textoLimitado,,apps/api/src/domain/whatsapp/perfil.ts:104,5,no,,,candidate,,,api-domain
api-symbol-d1e0b036,api,2,symbol,textoNormal,,apps/api/src/domain/management/palavras-proibidas.ts:42,2,no,,,candidate,,,api-domain
api-symbol-531f4bcf,api,2,symbol,transicao,,apps/api/tests/jsonb-compat.test.ts:149,29,no,,,candidate,,,api-tests
api-symbol-16118971,api,2,symbol,ultimaMensagemDoBot,,apps/api/tests/engine-contracts.test.ts:113,6,no,,,candidate,,,api-tests
api-symbol-9215478a,api,2,symbol,ultimaMensagemDoBot,,apps/api/tests/flow-content.test.ts:101,6,no,,,candidate,,,api-tests
api-symbol-b1c49182,api,2,symbol,usuarioId,,apps/api/tests/contract.test.ts:66,283,no,,,candidate,,,api-tests
api-symbol-62ddea0f,api,2,symbol,valor,,apps/api/src/controllers/login.ts:204,695,no,,,candidate,,,api-core
api-symbol-cf638891,api,2,symbol,valor,,apps/api/src/domain/management/registrations.ts:950,695,no,,,candidate,,,api-domain
api-symbol-febb4eee,api,2,symbol,valor,,apps/api/tests/convites.test.ts:402,695,no,,,candidate,,,api-tests
api-symbol-5710681b,api,2,symbol,valores,,apps/api/src/domain/inbound.ts:191,132,no,,,candidate,,,api-domain
api-symbol-1f794cfe,api,2,symbol,variaveis,,apps/api/src/domain/whatsapp/modelos.ts:376,80,no,,,candidate,,,api-domain
api-symbol-4198c46e,api,2,symbol,variaveis,,apps/api/src/domain/whatsapp/modelos.ts:432,80,no,,,candidate,,,api-domain
api-symbol-daf9dfa0,api,2,symbol,vazio,,apps/api/tests/palavras-proibidas.test.ts:290,229,no,,,candidate,,,api-tests
api-symbol-f601523d,api,2,symbol,zerarComLimite,,apps/api/tests/desk-actions.test.ts:295,4,no,,,candidate,,,api-tests
api-test-title-6e00f037,api,2,test-title,"200 com relatorio.ver, devolvendo só as respostas do próprio tenant",,apps/api/tests/satisfaction-survey.test.ts:170,0,no,,,candidate,,,api-tests
api-test-title-08e5a146,api,2,test-title,401 sem sessão,,apps/api/tests/satisfaction-survey.test.ts:159,0,no,,,candidate,,,api-tests
api-test-title-f9496958,api,2,test-title,403 sem a permissão relatorio.ver,,apps/api/tests/satisfaction-survey.test.ts:164,0,no,,,candidate,,,api-tests
api-test-title-9d0a42ee,api,2,test-title,"403 without `automacao.fluxo.editar`, 404 for another tenant or an invalid id",,apps/api/tests/builder-test-run.test.ts:458,0,no,,,candidate,,,api-tests
api-test-title-c0999ad8,api,2,test-title,a corrida: duas puxadas simultâneas com uma vaga só não furam o limite,,apps/api/tests/desk-actions.test.ts:339,0,no,,,candidate,,,api-tests
api-test-title-6ab72bd7,api,2,test-title,a etiqueta aplicada aparece em GET /v1/desk/conversations/:id e pré-marca o encerramento,,apps/api/tests/etiquetas.test.ts:229,0,no,,,candidate,,,api-tests
api-test-title-1c801954,api,2,test-title,an explicit filaId is the queue checked; an available queue opens the ticket,,apps/api/tests/engine-services.test.ts:143,0,no,,,candidate,,,api-tests
api-test-title-72ba2a4d,api,2,test-title,"Apply, list, remove, and audit contact labels with `contato.editar`",,apps/api/tests/etiquetas.test.ts:320,0,no,,,candidate,,,api-tests
api-test-title-1596bfe7,api,2,test-title,bot entrega os cinco tipos do slot conteudo-midia,,apps/api/tests/flow-content.test.ts:143,0,no,,,candidate,,,api-tests
api-test-title-886c8463,api,2,test-title,busca acima de 200 caracteres é recusada com 400,,apps/api/tests/satisfaction-survey.test.ts:221,0,no,,,candidate,,,api-tests
api-test-title-4de5cbc5,api,2,test-title,Connect a new channel to a bot using `fluxo_id`,,apps/api/tests/channel-of-flow.test.ts:337,0,no,,,candidate,,,api-tests
api-test-title-11c6b21e,api,2,test-title,contato.atributos e lead.utm/customizados lidos pelo caminho de leitura real batem com as fixtures,,apps/api/tests/jsonb-compat.test.ts:372,0,no,,,candidate,,,api-tests
api-test-title-5c422d7e,api,2,test-title,Conteúdo dinâmico escrito pelo Builder resolve e chega ao cliente como texto (CR-04),,apps/api/tests/flow-content.test.ts:166,0,no,,,candidate,,,api-tests
api-test-title-96283305,api,2,test-title,Do not save a draft without `automacao.fluxo.editar`,,apps/api/tests/builder-by-flow.test.ts:425,0,no,,,candidate,,,api-tests
api-test-title-f0725baf,api,2,test-title,"entrega_webhook.payload é lido pelo remetente de webhook de verdade, fetch mockado",,apps/api/tests/jsonb-compat.test.ts:311,0,no,,,candidate,,,api-tests
api-test-title-d4b4d15e,api,2,test-title,Find a contact by pipeContatoId before creating it and adopt an orphan match,,apps/api/tests/twenty.test.ts:123,0,no,,,candidate,,,api-tests
api-test-title-b5031ad8,api,2,test-title,GET/POST/DELETE /v1/contacts/:id/etiquetas — o contato,,apps/api/tests/etiquetas.test.ts:319,0,no,,,candidate,,,api-tests
api-test-title-e3eef6d4,api,2,test-title,log_auditoria.antes/depois lidos pela tabela drizzle batem com o documento da fixture,,apps/api/tests/jsonb-compat.test.ts:347,0,no,,,candidate,,,api-tests
api-test-title-39bb9934,api,2,test-title,"mensagem.dados (pergunta de menu) é lido pelo construtor de entrega de verdade, canal mockado",,apps/api/tests/jsonb-compat.test.ts:263,0,no,,,candidate,,,api-tests
api-test-title-aa9e204e,api,2,test-title,palavra solta é substring do token; frase é substring do texto,,apps/api/tests/palavras-proibidas.test.ts:194,0,no,,,candidate,,,api-tests
api-test-title-c291ed16,api,2,test-title,PATCH e DELETE /v1/management/flows/:id/team/:usuarioId,,apps/api/tests/team-of-flow.test.ts:294,0,no,,,candidate,,,api-tests
api-test-title-6999d2dd,api,2,test-title,POST /v1/desk/actions/:action — lista fechada e sessão obrigatória,,apps/api/tests/desk-actions.test.ts:128,0,no,,,candidate,,,api-tests
api-test-title-971a29ec,api,2,test-title,Prevent users without `usuario.gerenciar` from editing any agent's permissions,,apps/api/tests/permissions-of-agent.test.ts:298,0,no,,,candidate,,,api-tests
api-test-title-fcd74834,api,2,test-title,Read real flow connection identifiers and endpoints with `automacao.fluxo.editar`,,apps/api/tests/integrations.test.ts:266,0,no,,,candidate,,,api-tests
api-test-title-bd679ee5,api,2,test-title,Reconnect a disconnected channel by canal_id without creating a duplicate,,apps/api/tests/channels.test.ts:402,0,no,,,candidate,,,api-tests
api-test-title-d8ea795c,api,2,test-title,Record `mensagem_saida` and `primeira_resposta` events for management reports,,apps/api/tests/envio-session.test.ts:143,0,no,,,candidate,,,api-tests
api-test-title-beca27f5,api,2,test-title,refuses agent-only states and routes na_fila to a rule-decided entry,,apps/api/tests/engine-services.test.ts:71,0,no,,,candidate,,,api-tests
api-test-title-45aa068a,api,2,test-title,registra o número com messaging_product e o PIN em texto,,apps/api/tests/channels.test.ts:1162,0,no,,,candidate,,,api-tests
api-test-title-2c3cbdcf,api,2,test-title,Replace all rule condicoes when `conditions` is supplied,,apps/api/tests/registrations-attendance.test.ts:613,0,no,,,candidate,,,api-tests
api-test-title-83f0fdcd,api,2,test-title,Require `automacao.fluxo.publicar` and return 404 for another tenant's flow,,apps/api/tests/builder-by-flow.test.ts:587,0,no,,,candidate,,,api-tests
api-test-title-fccdbea3,api,2,test-title,Require an existing scope ID for queue-scoped SLA rules and reject unsupported scopes (`fila`),,apps/api/tests/registrations-attendance.test.ts:758,0,no,,,candidate,,,api-tests
api-test-title-f0c9a83e,api,2,test-title,Return 403 when creating an SLA rule without `regra.gerenciar` permission,,apps/api/tests/registrations-attendance.test.ts:775,0,no,,,candidate,,,api-tests
api-test-title-859cbd16,api,2,test-title,Return 403 with `chave_de_fluxo` for flow keys on nonflow routes while allowing account keys,,apps/api/tests/key-of-flow.test.ts:170,0,no,,,candidate,,,api-tests
api-test-title-8f940a0f,api,2,test-title,Return 403 without `automacao.fluxo.editar` and 404 for invalid or cross-tenant IDs,,apps/api/tests/builder-by-flow.test.ts:326,0,no,,,candidate,,,api-tests
api-test-title-a8c44542,api,2,test-title,Return 403 without `chave_api.gerenciar` and 404 for invalid or cross-tenant IDs,,apps/api/tests/integrations.test.ts:201,0,no,,,candidate,,,api-tests
api-test-title-a64cb1f2,api,2,test-title,"Return 403 without `contato.editar` even with `conversa.etiquetar`, and 400 for a label with the wrong scope",,apps/api/tests/etiquetas.test.ts:362,0,no,,,candidate,,,api-tests
api-test-title-51a4211b,api,2,test-title,Return 403 without `fila.gerenciar` and 401 without a session,,apps/api/tests/registrations-attendance.test.ts:195,0,no,,,candidate,,,api-tests
api-test-title-a1d00716,api,2,test-title,Return 403 without `fila.gerenciar` and 404 for another tenant's queue,,apps/api/tests/registrations-attendance.test.ts:333,0,no,,,candidate,,,api-tests
api-test-title-6efdc55f,api,2,test-title,Return 403 without `fila.gerenciar` and 404 for cross-tenant or malformed IDs,,apps/api/tests/registrations-attendance.test.ts:245,0,no,,,candidate,,,api-tests
api-test-title-74b89a51,api,2,test-title,Return 403 without `horario.gerenciar` and 404 for cross-tenant or malformed IDs,,apps/api/tests/registrations-attendance.test.ts:1056,0,no,,,candidate,,,api-tests
api-test-title-0696e780,api,2,test-title,Return 403 without `horario.gerenciar` and 404 for cross-tenant or malformed IDs,,apps/api/tests/registrations-attendance.test.ts:964,0,no,,,candidate,,,api-tests
api-test-title-63431d0c,api,2,test-title,Return 403 without `regra.gerenciar` and 404 for another tenant's queue routing rule,,apps/api/tests/registrations-attendance.test.ts:699,0,no,,,candidate,,,api-tests
api-test-title-c9c98005,api,2,test-title,Return 403 without `regra.gerenciar` and 404 for cross-tenant or malformed IDs,,apps/api/tests/registrations-attendance.test.ts:1159,0,no,,,candidate,,,api-tests
api-test-title-be32a0cf,api,2,test-title,Return 403 without `regra.gerenciar` and 404 for cross-tenant or malformed IDs,,apps/api/tests/registrations-attendance.test.ts:807,0,no,,,candidate,,,api-tests
api-test-title-4acd37ba,api,2,test-title,"Return 403 without `regra.gerenciar` even with `fila.gerenciar`, and 404 for cross-tenant or malformed IDs",,apps/api/tests/registrations-attendance.test.ts:657,0,no,,,candidate,,,api-tests
api-test-title-c7504ff9,api,2,test-title,Return 403 without `resposta_pronta.gerenciar` even with `fila.gerenciar`,,apps/api/tests/registrations-attendance.test.ts:460,0,no,,,candidate,,,api-tests
api-test-title-8443042e,api,2,test-title,Return 404 for another tenant's channel and require `canal.gerenciar` for templates,,apps/api/tests/channels.test.ts:697,0,no,,,candidate,,,api-tests
api-test-title-b2b1cdcf,api,2,test-title,Return 404 for another tenant's channel and require `canal.gerenciar`,,apps/api/tests/channels.test.ts:586,0,no,,,candidate,,,api-tests
api-test-title-1908f92b,api,2,test-title,"sem nome é 400; no limite de 3 chaves vivas, a quarta é 400",,apps/api/tests/integrations.test.ts:180,0,no,,,candidate,,,api-tests
api-test-title-fd860b27,api,2,test-title,"suspende, retoma sem duplicate key, e a próxima mensagem do contato não fica travada",,apps/api/tests/process-http-retomada.test.ts:179,0,no,,,candidate,,,api-tests
api-test-title-21f36dfe,api,2,test-title,Toggle a queue with PATCH using `ativa`,,apps/api/tests/registrations-attendance.test.ts:228,0,no,,,candidate,,,api-tests
api-test-title-fb804ec2,api,2,test-title,Track separate winning SLA rules for different targets (`sla_conversa`),,apps/api/tests/sla-motor.test.ts:156,0,no,,,candidate,,,api-tests
api-test-title-154744f8,api,2,test-title,"traz uma versão antiga de volta como rascunho, sem tirar a publicada do ar",,apps/api/tests/builder-by-flow.test.ts:607,0,no,,,candidate,,,api-tests
api-test-title-a90b5bfc,api,2,test-title,um execucao_fluxo.contexto guardado é retomado com uma entrada fixa,,apps/api/tests/jsonb-compat.test.ts:242,0,no,,,candidate,,,api-tests
api-test-title-8ff5f6dd,api,2,test-title,um fluxo remontado com bloco.conteudo/posicao e transicao.condicao das fixtures roda uma entrada fixa,,apps/api/tests/jsonb-compat.test.ts:233,0,no,,,candidate,,,api-tests
api-test-title-03e7bd65,api,2,test-title,Update existing channel credentials by canal_id instead of rejecting its phone number,,apps/api/tests/channel-of-flow.test.ts:469,0,no,,,candidate,,,api-tests
api-test-title-a6b886f0,api,2,test-title,"URL insegura (não https) falha a ação sem gravar mensagem pela metade, e transfere a conversa",,apps/api/tests/flow-content.test.ts:173,0,no,,,candidate,,,api-tests
api-test-title-18bb16f9,api,2,test-title,version drawing: 403 without `automacao.fluxo.editar` and 404 for another tenant or invalid id,,apps/api/tests/builder-by-flow.test.ts:674,0,no,,,candidate,,,api-tests
api-ts-local-82903989,api,2,ts-local,_dados,,apps/api/src/domain/desk/actions.ts:144,2,no,,,candidate,,,api-domain
api-ts-local-bcf47299,api,2,ts-local,_dados,,apps/api/src/domain/desk/actions.ts:77,2,no,,,candidate,,,api-domain
api-ts-local-52586ec6,api,2,ts-local,_intervalo,,apps/api/src/domain/management-analytics.ts:233,1,no,,,candidate,,,api-domain
api-ts-local-263826d9,api,2,ts-local,anexoId,,apps/api/src/domain/attachment.ts:148,32,no,,,candidate,,,api-domain
api-ts-local-f708d8ff,api,2,ts-local,atendente,,apps/api/src/controllers/management-operations.ts:228,564,no,,,candidate,,,api-core
api-ts-local-45a2d5da,api,2,ts-local,atendente,,apps/api/src/controllers/management-operations.ts:252,564,no,,,candidate,,,api-core
api-ts-local-dc80626e,api,2,ts-local,atendente,,apps/api/src/controllers/management-operations.ts:304,564,no,,,candidate,,,api-core
api-ts-local-26e9d91b,api,2,ts-local,atendenteId,,apps/api/src/domain/desk/actions.ts:107,54,no,,,candidate,,,api-domain
api-ts-local-e4936d7c,api,2,ts-local,atendenteId,,apps/api/src/domain/desk/actions.ts:143,54,no,,,candidate,,,api-domain
api-ts-local-dd9f2995,api,2,ts-local,atendenteId,,apps/api/src/domain/desk/actions.ts:238,54,no,,,candidate,,,api-domain
api-ts-local-efd3b6d8,api,2,ts-local,atendenteId,,apps/api/src/domain/desk/actions.ts:31,54,no,,,candidate,,,api-domain
api-ts-local-d39ff331,api,2,ts-local,atendenteId,,apps/api/src/domain/desk/consultas.ts:252,54,no,,,candidate,,,api-domain
api-ts-local-07f56283,api,2,ts-local,atendenteId,,apps/api/src/domain/desk/consultas.ts:332,54,no,,,candidate,,,api-domain
api-ts-local-61ad524d,api,2,ts-local,atendenteId,,apps/api/src/domain/desk/consultas.ts:352,54,no,,,candidate,,,api-domain
api-ts-local-92d3a522,api,2,ts-local,atendenteId,,apps/api/src/domain/desk/consultas.ts:467,54,no,,,candidate,,,api-domain
api-ts-local-d1853d61,api,2,ts-local,atendenteId,,apps/api/src/domain/desk/consultas.ts:49,54,no,,,candidate,,,api-domain
api-ts-local-c6550f54,api,2,ts-local,atendenteId,,apps/api/src/domain/desk/taggings.ts:31,54,no,,,candidate,,,api-domain
api-ts-local-97bf2641,api,2,ts-local,atendenteId,,apps/api/src/domain/desk/taggings.ts:50,54,no,,,candidate,,,api-domain
api-ts-local-e3b06d4f,api,2,ts-local,atendenteId,,apps/api/src/domain/desk/taggings.ts:68,54,no,,,candidate,,,api-domain
api-ts-local-47afbd48,api,2,ts-local,atendenteId,,apps/api/src/domain/management/registrations.ts:1468,54,no,,,candidate,,,api-domain
api-ts-local-c803ac68,api,2,ts-local,autenticacao,,apps/api/src/domain/management/integrations.ts:517,152,no,,,candidate,,,api-domain
api-ts-local-0ad69638,api,2,ts-local,blocoPorCodigo,,apps/api/src/domain/flow.ts:947,1,no,,,candidate,,,api-domain
api-ts-local-47bb498b,api,2,ts-local,busca,,apps/api/src/controllers/management-flow.ts:432,350,no,,,candidate,,,api-core
api-ts-local-8891e884,api,2,ts-local,canal,,apps/api/src/domain/inbound.ts:201,575,no,,,candidate,,,api-domain
api-ts-local-311fab1a,api,2,ts-local,canal,,apps/api/src/domain/inbound.ts:308,575,no,,,candidate,,,api-domain
api-ts-local-878309e1,api,2,ts-local,canal,,apps/api/src/domain/inbound.ts:401,575,no,,,candidate,,,api-domain
api-ts-local-0d178766,api,2,ts-local,canal,,apps/api/src/domain/inbound.ts:461,575,no,,,candidate,,,api-domain
api-ts-local-9eca013f,api,2,ts-local,canal,,apps/api/src/domain/message-active.ts:185,575,no,,,candidate,,,api-domain
api-ts-local-3133e797,api,2,ts-local,canal,,apps/api/src/domain/message-active.ts:226,575,no,,,candidate,,,api-domain
api-ts-local-6e59646f,api,2,ts-local,canal,,apps/api/src/domain/message-active.ts:78,575,no,,,candidate,,,api-domain
api-ts-local-c91ddb76,api,2,ts-local,canal,,apps/api/src/domain/whatsapp/channel.ts:113,575,no,,,candidate,,,api-domain
api-ts-local-caaa107c,api,2,ts-local,canal,,apps/api/src/domain/whatsapp/channel.ts:117,575,no,,,candidate,,,api-domain
api-ts-local-c78b0fd2,api,2,ts-local,canal,,apps/api/src/domain/whatsapp/channel.ts:75,575,no,,,candidate,,,api-domain
api-ts-local-537cb6d9,api,2,ts-local,canal,,apps/api/src/domain/whatsapp/configuration-of-webhook.ts:44,575,no,,,candidate,,,api-domain
api-ts-local-f6e4fcf4,api,2,ts-local,canal,,apps/api/src/domain/whatsapp/modelos.ts:138,575,no,,,candidate,,,api-domain
api-ts-local-5498710e,api,2,ts-local,canal,,apps/api/src/domain/whatsapp/modelos.ts:409,575,no,,,candidate,,,api-domain
api-ts-local-5f617efc,api,2,ts-local,canal,,apps/api/src/domain/whatsapp/perfil.ts:64,575,no,,,candidate,,,api-domain
api-ts-local-7d91bfb6,api,2,ts-local,canal,,apps/api/src/domain/whatsapp/teardown-of-webhook.ts:48,575,no,,,candidate,,,api-domain
api-ts-local-b8f33e28,api,2,ts-local,canalId,,apps/api/src/controllers/connection-in-flow.ts:58,162,no,,,candidate,,,api-core
api-ts-local-cadd15e5,api,2,ts-local,canalId,,apps/api/src/controllers/webhooks-instagram.ts:35,162,no,,,candidate,,,api-core
api-ts-local-7664fa38,api,2,ts-local,canalId,,apps/api/src/controllers/webhooks-instagram.ts:61,162,no,,,candidate,,,api-core
api-ts-local-ef50fdd8,api,2,ts-local,canalId,,apps/api/src/controllers/webhooks-whatsapp.ts:39,162,no,,,candidate,,,api-core
api-ts-local-f086d7ac,api,2,ts-local,canalId,,apps/api/src/database.ts:56,162,no,,,candidate,,,api-core
api-ts-local-2bf9c4a7,api,2,ts-local,canalId,,apps/api/src/domain/channels.ts:129,162,no,,,candidate,,,api-domain
api-ts-local-ecb747c2,api,2,ts-local,canalId,,apps/api/src/domain/inbound.ts:550,162,no,,,candidate,,,api-domain
api-ts-local-60efd517,api,2,ts-local,canalId,,apps/api/src/domain/instagram/channel.ts:272,162,no,,,candidate,,,api-domain
api-ts-local-a1c82a7a,api,2,ts-local,canalId,,apps/api/src/domain/instagram/channel.ts:49,162,no,,,candidate,,,api-domain
api-ts-local-c65e4496,api,2,ts-local,canalId,,apps/api/src/domain/instagram/channel.ts:71,162,no,,,candidate,,,api-domain
api-ts-local-68768d09,api,2,ts-local,canalId,,apps/api/src/domain/management/channel-of-flow.ts:209,162,no,,,candidate,,,api-domain
api-ts-local-fa32b7f1,api,2,ts-local,canalId,,apps/api/src/domain/management/channel-of-flow.ts:41,162,no,,,candidate,,,api-domain
api-ts-local-e941c0e9,api,2,ts-local,canalId,,apps/api/src/domain/management/channel-of-flow.ts:53,162,no,,,candidate,,,api-domain
api-ts-local-9e970ecf,api,2,ts-local,canalId,,apps/api/src/domain/whatsapp/channel.ts:48,162,no,,,candidate,,,api-domain
api-ts-local-1f72de46,api,2,ts-local,canalId,,apps/api/src/domain/whatsapp/modelos.ts:423,162,no,,,candidate,,,api-domain
api-ts-local-c0c8834c,api,2,ts-local,canalId,,apps/api/src/domain/whatsapp/modelos.ts:461,162,no,,,candidate,,,api-domain
api-ts-local-31f8f642,api,2,ts-local,canalId,,apps/api/src/domain/whatsapp/perfil.ts:171,162,no,,,candidate,,,api-domain
api-ts-local-20eb747e,api,2,ts-local,canalId,,apps/api/src/domain/whatsapp/preferences.ts:80,162,no,,,candidate,,,api-domain
api-ts-local-dfd113c3,api,2,ts-local,canalId,,apps/api/tests/channels.test.ts:91,162,no,,,candidate,,,api-tests
api-ts-local-09799ea5,api,2,ts-local,canalNome,,apps/api/src/domain/whatsapp/events-of-template.ts:79,11,no,,,candidate,,,api-domain
api-ts-local-05b19ef3,api,2,ts-local,chave,,apps/api/src/domain/management/actions/campos.ts:15,571,no,,,candidate,,,api-domain
api-ts-local-76714d70,api,2,ts-local,chave,,apps/api/src/domain/management/actions/campos.ts:21,571,no,,,candidate,,,api-domain
api-ts-local-a597327b,api,2,ts-local,chave,,apps/api/src/domain/management/attendance.ts:139,571,no,,,candidate,,,api-domain
api-ts-local-b676076d,api,2,ts-local,chave,,apps/api/src/domain/management/builder-of-flow.ts:335,571,no,,,candidate,,,api-domain
api-ts-local-1e3db517,api,2,ts-local,chave,,apps/api/src/domain/management/pfx.ts:339,571,no,,,candidate,,,api-domain
api-ts-local-875ff2f5,api,2,ts-local,chave,,apps/api/tests/attachments-multiplos.test.ts:42,571,no,,,candidate,,,api-tests
api-ts-local-04dfacaa,api,2,ts-local,chave,,apps/api/tests/attachments-multiplos.test.ts:46,571,no,,,candidate,,,api-tests
api-ts-local-0c973ef3,api,2,ts-local,chave,,apps/api/tests/attachments.test.ts:31,571,no,,,candidate,,,api-tests
api-ts-local-409b9261,api,2,ts-local,chave,,apps/api/tests/attachments.test.ts:35,571,no,,,candidate,,,api-tests
api-ts-local-87b218aa,api,2,ts-local,chave,,apps/api/tests/media-received.test.ts:38,571,no,,,candidate,,,api-tests
api-ts-local-eb12fe6a,api,2,ts-local,chave,,apps/api/tests/media-received.test.ts:42,571,no,,,candidate,,,api-tests
api-ts-local-3d43cc9a,api,2,ts-local,chave,,apps/api/tests/media-received.test.ts:79,571,no,,,candidate,,,api-tests
api-ts-local-dd99be7e,api,2,ts-local,colunaId,,apps/api/src/pagination.ts:95,2,no,,,candidate,,,api-core
api-ts-local-2f8b19c5,api,2,ts-local,comoPadrao,,apps/api/src/domain/management/registrations.ts:1383,2,no,,,candidate,,,api-domain
api-ts-local-f70741b6,api,2,ts-local,condicao,,apps/api/tests/jsonb-compat.test.ts:152,32,no,,,candidate,,,api-tests
api-ts-local-f6b53a39,api,2,ts-local,configuracao,,apps/api/src/domain/management/configuration-of-flow.ts:142,73,no,,,candidate,,,api-domain
api-ts-local-211ba7e5,api,2,ts-local,configuracao,,apps/api/src/domain/management/configuration-of-flow.ts:155,73,no,,,candidate,,,api-domain
api-ts-local-a670792c,api,2,ts-local,configuracao,,apps/api/src/domain/management/configuration-of-flow.ts:44,73,no,,,candidate,,,api-domain
api-ts-local-1505ecb2,api,2,ts-local,configuracao,,apps/api/src/domain/management/configuration-of-flow.ts:54,73,no,,,candidate,,,api-domain
api-ts-local-ada4b568,api,2,ts-local,consulta,,apps/api/src/controllers/catalogo.ts:367,165,no,,,candidate,,,api-core
api-ts-local-5b6425ca,api,2,ts-local,consulta,,apps/api/src/controllers/catalogo.ts:67,165,no,,,candidate,,,api-core
api-ts-local-725b1db9,api,2,ts-local,consulta,,apps/api/src/controllers/conversations.ts:85,165,no,,,candidate,,,api-core
api-ts-local-0eb8bf32,api,2,ts-local,consulta,,apps/api/src/domain/messenger/cliente-graph.ts:28,165,no,,,candidate,,,api-domain
api-ts-local-bf575a0c,api,2,ts-local,contato,,apps/api/tests/process-http-retomada.test.ts:105,706,no,,,candidate,,,api-tests
api-ts-local-ba23e2c0,api,2,ts-local,contato,,apps/api/tests/process-http-retomada.test.ts:123,706,no,,,candidate,,,api-tests
api-ts-local-f0cd4fd7,api,2,ts-local,contato,,apps/api/tests/process-http-retomada.test.ts:136,706,no,,,candidate,,,api-tests
api-ts-local-ca781564,api,2,ts-local,contato,,apps/api/tests/queue-entry.test.ts:159,706,no,,,candidate,,,api-tests
api-ts-local-a1c52dc0,api,2,ts-local,contatoId,,apps/api/src/domain/desk/consultas.ts:542,124,no,,,candidate,,,api-domain
api-ts-local-4eb51ea6,api,2,ts-local,contatoId,,apps/api/src/domain/etiquetas.ts:215,124,no,,,candidate,,,api-domain
api-ts-local-4c2341e1,api,2,ts-local,contatoId,,apps/api/src/domain/etiquetas.ts:234,124,no,,,candidate,,,api-domain
api-ts-local-7deb7503,api,2,ts-local,contatoId,,apps/api/src/domain/etiquetas.ts:267,124,no,,,candidate,,,api-domain
api-ts-local-7e5a6622,api,2,ts-local,contatoId,,apps/api/src/domain/flow.ts:1382,124,no,,,candidate,,,api-domain
api-ts-local-283dbba1,api,2,ts-local,contatoId,,apps/api/src/domain/flow.ts:1413,124,no,,,candidate,,,api-domain
api-ts-local-5e8ca7b0,api,2,ts-local,contatoId,,apps/api/src/domain/flow.ts:79,124,no,,,candidate,,,api-domain
api-ts-local-b31fd9c5,api,2,ts-local,contatoId,,apps/api/src/domain/twenty.ts:220,124,no,,,candidate,,,api-domain
api-ts-local-f595665c,api,2,ts-local,contatoId,,apps/api/tests/desk-commands.test.ts:48,124,no,,,candidate,,,api-tests
api-ts-local-d4b70ab9,api,2,ts-local,contatoId,,apps/api/tests/engine-contracts.test.ts:179,124,no,,,candidate,,,api-tests
api-ts-local-eaeac86b,api,2,ts-local,contatoId,,apps/api/tests/satisfaction-survey.test.ts:106,124,no,,,candidate,,,api-tests
api-ts-local-d69a65e6,api,2,ts-local,contatos,,apps/api/tests/registrations-attendance.test.ts:861,433,no,,,candidate,,,api-tests
api-ts-local-16ac335f,api,2,ts-local,contexto,,apps/api/src/domain/convites.ts:375,248,no,,,candidate,,,api-domain
api-ts-local-e61470bb,api,2,ts-local,contexto,,apps/api/tests/desk-availability.test.ts:133,248,no,,,candidate,,,api-tests
api-ts-local-d5fca6ac,api,2,ts-local,conversa,,apps/api/src/domain/conversation.ts:72,927,no,,,candidate,,,api-domain
api-ts-local-627f8f42,api,2,ts-local,conversa,,apps/api/tests/flow-content.test.ts:195,927,no,,,candidate,,,api-tests
api-ts-local-c02d0c98,api,2,ts-local,conversa,,apps/api/tests/queue-entry.test.ts:162,927,no,,,candidate,,,api-tests
api-ts-local-3a60fa7d,api,2,ts-local,conversaId,,apps/api/src/domain/conversation.ts:34,232,no,,,candidate,,,api-domain
api-ts-local-5d56eba7,api,2,ts-local,conversaId,,apps/api/src/domain/desk/consultas.ts:186,232,no,,,candidate,,,api-domain
api-ts-local-7b861d44,api,2,ts-local,conversaId,,apps/api/src/domain/desk/consultas.ts:300,232,no,,,candidate,,,api-domain
api-ts-local-39c3a699,api,2,ts-local,conversaId,,apps/api/src/domain/desk/consultas.ts:404,232,no,,,candidate,,,api-domain
api-ts-local-5d2a4870,api,2,ts-local,conversaId,,apps/api/src/domain/desk/taggings.ts:51,232,no,,,candidate,,,api-domain
api-ts-local-afe0b730,api,2,ts-local,conversaId,,apps/api/src/domain/etiquetas.ts:157,232,no,,,candidate,,,api-domain
api-ts-local-946cccb6,api,2,ts-local,conversaId,,apps/api/src/domain/etiquetas.ts:85,232,no,,,candidate,,,api-domain
api-ts-local-a1306ba4,api,2,ts-local,conversaId,,apps/api/src/domain/management/monitoring.ts:219,232,no,,,candidate,,,api-domain
api-ts-local-d12bb554,api,2,ts-local,conversaId,,apps/api/src/domain/management/monitoring.ts:300,232,no,,,candidate,,,api-domain
api-ts-local-3b64e346,api,2,ts-local,conversaId,,apps/api/tests/attachments-multiplos.test.ts:131,232,no,,,candidate,,,api-tests
api-ts-local-296b358a,api,2,ts-local,conversaId,,apps/api/tests/builder-by-flow.test.ts:258,232,no,,,candidate,,,api-tests
api-ts-local-d5174398,api,2,ts-local,conversaId,,apps/api/tests/desk-write-commands.test.ts:101,232,no,,,candidate,,,api-tests
api-ts-local-44d6717c,api,2,ts-local,conversaId,,apps/api/tests/desk-write-commands.test.ts:87,232,no,,,candidate,,,api-tests
api-ts-local-193d3882,api,2,ts-local,conversaId,,apps/api/tests/desk-write-commands.test.ts:94,232,no,,,candidate,,,api-tests
api-ts-local-326f1a35,api,2,ts-local,conversaId,,apps/api/tests/envio-session.test.ts:209,232,no,,,candidate,,,api-tests
api-ts-local-22fbd5e7,api,2,ts-local,conversaId,,apps/api/tests/envio-session.test.ts:77,232,no,,,candidate,,,api-tests
api-ts-local-00e7f6b2,api,2,ts-local,conversaId,,apps/api/tests/envio-session.test.ts:91,232,no,,,candidate,,,api-tests
api-ts-local-62fac40f,api,2,ts-local,conversaId,,apps/api/tests/flow-actions.test.ts:280,232,no,,,candidate,,,api-tests
api-ts-local-470360d3,api,2,ts-local,conversaId,,apps/api/tests/flow.test.ts:104,232,no,,,candidate,,,api-tests
api-ts-local-3453c259,api,2,ts-local,conversaId,,apps/api/tests/queue-entry.test.ts:185,232,no,,,candidate,,,api-tests
api-ts-local-08871abf,api,2,ts-local,conversaId,,apps/api/tests/queue-entry.test.ts:97,232,no,,,candidate,,,api-tests
api-ts-local-391723dc,api,2,ts-local,conversaId,,apps/api/tests/sla-motor.test.ts:116,232,no,,,candidate,,,api-tests
api-ts-local-7d31615f,api,2,ts-local,conversaId,,apps/api/tests/sla-motor.test.ts:130,232,no,,,candidate,,,api-tests
api-ts-local-8f8ad4a4,api,2,ts-local,conversaRows,,apps/api/tests/jsonb-compat.test.ts:274,2,no,,,candidate,,,api-tests
api-ts-local-ac41fa96,api,2,ts-local,conversas,,apps/api/src/domain/management/attendance.ts:86,357,no,,,candidate,,,api-domain
api-ts-local-03e3dad5,api,2,ts-local,conversas,,apps/api/tests/flow-actions.test.ts:199,357,no,,,candidate,,,api-tests
api-ts-local-884537da,api,2,ts-local,convite,,apps/api/src/domain/convites.ts:180,247,no,,,candidate,,,api-domain
api-ts-local-2b4cf067,api,2,ts-local,convite,,apps/api/src/domain/convites.ts:197,247,no,,,candidate,,,api-domain
api-ts-local-f1ab73db,api,2,ts-local,convite,,apps/api/src/domain/convites.ts:74,247,no,,,candidate,,,api-domain
api-ts-local-dc57c526,api,2,ts-local,conviteId,,apps/api/src/domain/management/contract.ts:351,4,no,,,candidate,,,api-domain
api-ts-local-08d96722,api,2,ts-local,dados,,apps/api/src/domain/convites.ts:172,401,no,,,candidate,,,api-domain
api-ts-local-4bd98d1c,api,2,ts-local,dados,,apps/api/src/domain/convites.ts:357,401,no,,,candidate,,,api-domain
api-ts-local-8bdea1ba,api,2,ts-local,dados,,apps/api/src/domain/desk/actions.ts:239,401,no,,,candidate,,,api-domain
api-ts-local-9f8a3f2a,api,2,ts-local,dados,,apps/api/src/domain/desk/actions.ts:32,401,no,,,candidate,,,api-domain
api-ts-local-8a436a70,api,2,ts-local,dados,,apps/api/src/domain/desk/taggings.ts:69,401,no,,,candidate,,,api-domain
api-ts-local-98b72f57,api,2,ts-local,dados,,apps/api/src/domain/management/actions/agents.ts:55,401,no,,,candidate,,,api-domain
api-ts-local-4f66ca84,api,2,ts-local,dados,,apps/api/src/domain/management/actions/communication.ts:63,401,no,,,candidate,,,api-domain
api-ts-local-30840faf,api,2,ts-local,dados,,apps/api/src/domain/management/actions/regras.ts:104,401,no,,,candidate,,,api-domain
api-ts-local-886e849f,api,2,ts-local,dados,,apps/api/src/domain/management/actions/regras.ts:158,401,no,,,candidate,,,api-domain
api-ts-local-e5145c5f,api,2,ts-local,dados,,apps/api/src/domain/management/actions/regras.ts:167,401,no,,,candidate,,,api-domain
api-ts-local-4b07a2d0,api,2,ts-local,dados,,apps/api/src/domain/management/actions/regras.ts:237,401,no,,,candidate,,,api-domain
api-ts-local-4813a286,api,2,ts-local,dados,,apps/api/src/domain/management/actions/regras.ts:297,401,no,,,candidate,,,api-domain
api-ts-local-0f305942,api,2,ts-local,dados,,apps/api/src/domain/management/actions/regras.ts:51,401,no,,,candidate,,,api-domain
api-ts-local-8276fbd3,api,2,ts-local,dados,,apps/api/src/domain/management/actions/regras.ts:60,401,no,,,candidate,,,api-domain
api-ts-local-f5928c62,api,2,ts-local,dados,,apps/api/src/domain/management/actions/settings.ts:43,401,no,,,candidate,,,api-domain
api-ts-local-fc09e70b,api,2,ts-local,dados,,apps/api/src/domain/management/actions/settings.ts:78,401,no,,,candidate,,,api-domain
api-ts-local-d546f9ee,api,2,ts-local,dados,,apps/api/tests/ajuda-pfx.ts:41,401,no,,,candidate,,,api-tests
api-ts-local-d390714b,api,2,ts-local,dados,,apps/api/tests/ajuda-pfx.ts:45,401,no,,,candidate,,,api-tests
api-ts-local-760b91ee,api,2,ts-local,dados,,apps/api/tests/attachments-multiplos.test.ts:86,401,no,,,candidate,,,api-tests
api-ts-local-e5b462dd,api,2,ts-local,dados,,apps/api/tests/attachments.test.ts:27,401,no,,,candidate,,,api-tests
api-ts-local-b745bb08,api,2,ts-local,dados,,apps/api/tests/attachments.test.ts:55,401,no,,,candidate,,,api-tests
api-ts-local-f7f781e9,api,2,ts-local,destino,,apps/api/src/domain/management/registrations.ts:802,391,no,,,candidate,,,api-domain
api-ts-local-b39686a1,api,2,ts-local,destino,,apps/api/src/domain/message-active.ts:105,391,no,,,candidate,,,api-domain
api-ts-local-770ea5dd,api,2,ts-local,direcao,,apps/api/src/pagination.ts:86,65,no,,,candidate,,,api-core
api-ts-local-3928af7b,api,2,ts-local,entrada,,apps/api/src/controllers/webhooks-whatsapp.ts:135,534,no,,,candidate,,,api-core
api-ts-local-eeb12f8b,api,2,ts-local,entrada,,apps/api/src/domain/flow.ts:948,534,no,,,candidate,,,api-domain
api-ts-local-e78c04c8,api,2,ts-local,entrada,,apps/api/src/domain/management/settings.ts:406,534,no,,,candidate,,,api-domain
api-ts-local-f70fb51a,api,2,ts-local,entrada,,apps/api/tests/media-received.test.ts:200,534,no,,,candidate,,,api-tests
api-ts-local-03e93040,api,2,ts-local,entrada,,apps/api/tests/media-received.test.ts:224,534,no,,,candidate,,,api-tests
api-ts-local-9eeb534e,api,2,ts-local,erro,,apps/api/src/controllers/login.ts:352,806,no,,,candidate,,,api-core
api-ts-local-5977df5a,api,2,ts-local,erro,,apps/api/src/controllers/sso.ts:226,806,no,,,candidate,,,api-core
api-ts-local-ad81063a,api,2,ts-local,erro,,apps/api/src/controllers/sso.ts:233,806,no,,,candidate,,,api-core
api-ts-local-37d8d398,api,2,ts-local,erro,,apps/api/src/domain/desk/actions.ts:22,806,no,,,candidate,,,api-domain
api-ts-local-12f7bb58,api,2,ts-local,erro,,apps/api/src/domain/dominios.ts:188,806,no,,,candidate,,,api-domain
api-ts-local-b43b4976,api,2,ts-local,erro,,apps/api/src/domain/email.ts:70,806,no,,,candidate,,,api-domain
api-ts-local-45e203f1,api,2,ts-local,erro,,apps/api/src/domain/engine-services.ts:290,806,no,,,candidate,,,api-domain
api-ts-local-8fd2a402,api,2,ts-local,erro,,apps/api/src/domain/flow.ts:1021,806,no,,,candidate,,,api-domain
api-ts-local-f3d09b02,api,2,ts-local,erro,,apps/api/src/domain/flow.ts:576,806,no,,,candidate,,,api-domain
api-ts-local-6e7c828a,api,2,ts-local,erro,,apps/api/src/domain/flow.ts:725,806,no,,,candidate,,,api-domain
api-ts-local-200073c5,api,2,ts-local,erro,,apps/api/src/domain/flow.ts:885,806,no,,,candidate,,,api-domain
api-ts-local-70e6344a,api,2,ts-local,erro,,apps/api/src/domain/instagram/channel.ts:249,806,no,,,candidate,,,api-domain
api-ts-local-03f76914,api,2,ts-local,erro,,apps/api/src/domain/instagram/channel.ts:259,806,no,,,candidate,,,api-domain
api-ts-local-c82cf920,api,2,ts-local,erro,,apps/api/src/domain/instagram/channel.ts:279,806,no,,,candidate,,,api-domain
api-ts-local-80d983a5,api,2,ts-local,erro,,apps/api/src/domain/instagram/cliente-graph.ts:137,806,no,,,candidate,,,api-domain
api-ts-local-2744fc09,api,2,ts-local,erro,,apps/api/src/domain/instagram/renewal.ts:71,806,no,,,candidate,,,api-domain
api-ts-local-cd4d3a30,api,2,ts-local,erro,,apps/api/src/domain/management/actions/agents.ts:21,806,no,,,candidate,,,api-domain
api-ts-local-d4e59f07,api,2,ts-local,erro,,apps/api/src/domain/management/actions/communication.ts:29,806,no,,,candidate,,,api-domain
api-ts-local-b19cf081,api,2,ts-local,erro,,apps/api/src/domain/management/actions/regras.ts:40,806,no,,,candidate,,,api-domain
api-ts-local-34fade44,api,2,ts-local,erro,,apps/api/src/domain/management/actions/settings.ts:133,806,no,,,candidate,,,api-domain
api-ts-local-0c5cede8,api,2,ts-local,erro,,apps/api/src/domain/management/actions/settings.ts:22,806,no,,,candidate,,,api-domain
api-ts-local-07026ec7,api,2,ts-local,erro,,apps/api/src/domain/management/actions/settings.ts:60,806,no,,,candidate,,,api-domain
api-ts-local-f24203af,api,2,ts-local,erro,,apps/api/src/domain/management/builder-test-run.ts:318,806,no,,,candidate,,,api-domain
api-ts-local-774af07a,api,2,ts-local,erro,,apps/api/src/domain/media.ts:184,806,no,,,candidate,,,api-domain
api-ts-local-62372e84,api,2,ts-local,erro,,apps/api/src/domain/media.ts:195,806,no,,,candidate,,,api-domain
api-ts-local-5e288ca1,api,2,ts-local,erro,,apps/api/src/domain/messenger/channel.ts:35,806,no,,,candidate,,,api-domain
api-ts-local-267a1409,api,2,ts-local,erro,,apps/api/src/domain/messenger/cliente-graph.ts:39,806,no,,,candidate,,,api-domain
api-ts-local-c15020f8,api,2,ts-local,erro,,apps/api/src/domain/whatsapp/cliente-graph.ts:376,806,no,,,candidate,,,api-domain
api-ts-local-eadb615c,api,2,ts-local,erro,,apps/api/src/domain/whatsapp/configuration-manual.ts:68,806,no,,,candidate,,,api-domain
api-ts-local-ef507454,api,2,ts-local,erro,,apps/api/src/domain/whatsapp/configuration-of-webhook.ts:115,806,no,,,candidate,,,api-domain
api-ts-local-ba212340,api,2,ts-local,erro,,apps/api/src/domain/whatsapp/configuration-of-webhook.ts:133,806,no,,,candidate,,,api-domain
api-ts-local-1d5c1b2e,api,2,ts-local,erro,,apps/api/src/domain/whatsapp/configuration-of-webhook.ts:39,806,no,,,candidate,,,api-domain
api-ts-local-2cd4f6c3,api,2,ts-local,erro,,apps/api/src/domain/whatsapp/configuration-of-webhook.ts:64,806,no,,,candidate,,,api-domain
api-ts-local-4dda407e,api,2,ts-local,erro,,apps/api/src/domain/whatsapp/configuration-of-webhook.ts:75,806,no,,,candidate,,,api-domain
api-ts-local-5bd80dad,api,2,ts-local,erro,,apps/api/src/domain/whatsapp/registration-embedded.ts:79,806,no,,,candidate,,,api-domain
api-ts-local-55b9152f,api,2,ts-local,erro,,apps/api/src/domain/whatsapp/teardown-of-webhook.ts:31,806,no,,,candidate,,,api-domain
api-ts-local-6cef0d34,api,2,ts-local,erro,,apps/api/src/domain/whatsapp/teardown-of-webhook.ts:39,806,no,,,candidate,,,api-domain
api-ts-local-3d953c9c,api,2,ts-local,erro,,apps/api/src/queues.ts:234,806,no,,,candidate,,,api-core
api-ts-local-5022ef6c,api,2,ts-local,erro,,apps/api/src/queues.ts:281,806,no,,,candidate,,,api-core
api-ts-local-ef5319af,api,2,ts-local,erro,,apps/api/src/queues.ts:312,806,no,,,candidate,,,api-core
api-ts-local-883ef4c9,api,2,ts-local,erro,,apps/api/src/queues.ts:360,806,no,,,candidate,,,api-core
api-ts-local-e3f002f1,api,2,ts-local,erro,,apps/api/src/queues.ts:420,806,no,,,candidate,,,api-core
api-ts-local-3bd88194,api,2,ts-local,escopo,,apps/api/src/authentication.ts:172,374,no,,,candidate,,,api-core
api-ts-local-683feba3,api,2,ts-local,escopos,,apps/api/src/authentication.ts:54,45,no,,,candidate,,,api-core
api-ts-local-9906e494,api,2,ts-local,estado,,apps/api/src/domain/flow.ts:1652,836,no,,,candidate,,,api-domain
api-ts-local-41d4d529,api,2,ts-local,estado,,apps/api/src/domain/management/builder-of-flow.ts:292,836,no,,,candidate,,,api-domain
api-ts-local-ab2c50e4,api,2,ts-local,estado,,apps/api/src/domain/management/builder-of-flow.ts:366,836,no,,,candidate,,,api-domain
api-ts-local-f858d3cf,api,2,ts-local,estado,,apps/api/src/domain/management/builder-of-flow.ts:430,836,no,,,candidate,,,api-domain
api-ts-local-e0d17a00,api,2,ts-local,estado,,apps/api/src/domain/management/builder-of-flow.ts:450,836,no,,,candidate,,,api-domain
api-ts-local-5cf599c7,api,2,ts-local,estado,,apps/api/tests/builder-commands.test.ts:42,836,no,,,candidate,,,api-tests
api-ts-local-91f86461,api,2,ts-local,estado,,apps/api/tests/desk-commands.test.ts:48,836,no,,,candidate,,,api-tests
api-ts-local-b94a5aef,api,2,ts-local,estado,,apps/api/tests/process-http-retomada.test.ts:149,836,no,,,candidate,,,api-tests
api-ts-local-52ac362d,api,2,ts-local,estrangeira,,apps/api/tests/desk-write-commands.test.ts:182,6,no,,,candidate,,,api-tests
api-ts-local-51d81d74,api,2,ts-local,execucao,,apps/api/tests/flow-content.test.ts:189,27,no,,,candidate,,,api-tests
api-ts-local-92ef7e41,api,2,ts-local,execucaoId,,apps/api/src/domain/flow.ts:945,4,no,,,candidate,,,api-domain
api-ts-local-8075c428,api,2,ts-local,execucoes,,apps/api/tests/flow-actions.test.ts:195,3,no,,,candidate,,,api-tests
api-ts-local-d8c61953,api,2,ts-local,fila,,apps/api/src/controllers/management-operations.ts:227,878,no,,,candidate,,,api-core
api-ts-local-03871404,api,2,ts-local,fila,,apps/api/src/controllers/management-operations.ts:251,878,no,,,candidate,,,api-core
api-ts-local-5f37b31a,api,2,ts-local,fila,,apps/api/tests/desk-write-commands.test.ts:179,878,no,,,candidate,,,api-tests
api-ts-local-94e6c0dd,api,2,ts-local,fila,,apps/api/tests/flow-actions.test.ts:305,878,no,,,candidate,,,api-tests
api-ts-local-d90c33dc,api,2,ts-local,fila,,apps/api/tests/queue-entry.test.ts:42,878,no,,,candidate,,,api-tests
api-ts-local-8a39b8ae,api,2,ts-local,filaId,,apps/api/src/domain/distribution.ts:135,49,no,,,candidate,,,api-domain
api-ts-local-b933138f,api,2,ts-local,filaId,,apps/api/src/domain/distribution.ts:24,49,no,,,candidate,,,api-domain
api-ts-local-68d03630,api,2,ts-local,filaId,,apps/api/src/domain/management/registrations.ts:1467,49,no,,,candidate,,,api-domain
api-ts-local-5ef1fd78,api,2,ts-local,filaId,,apps/api/src/domain/management/sla-motor.ts:34,49,no,,,candidate,,,api-domain
api-ts-local-027df724,api,2,ts-local,filaId,,apps/api/src/domain/management/sla.ts:89,49,no,,,candidate,,,api-domain
api-ts-local-e42328fc,api,2,ts-local,fluxo,,apps/api/tests/team-of-flow.test.ts:346,2087,no,,,candidate,,,api-tests
api-ts-local-1ba7afb7,api,2,ts-local,fluxoId,,apps/api/src/controllers/connection-in-flow.ts:44,233,no,,,candidate,,,api-core
api-ts-local-7394efb8,api,2,ts-local,fluxoId,,apps/api/src/controllers/connection-in-flow.ts:57,233,no,,,candidate,,,api-core
api-ts-local-3f5b63da,api,2,ts-local,fluxoId,,apps/api/src/controllers/rastreador-de-cliques.ts:61,233,no,,,candidate,,,api-core
api-ts-local-d4d83852,api,2,ts-local,fluxoId,,apps/api/src/domain/management-analytics.ts:248,233,no,,,candidate,,,api-domain
api-ts-local-1c7d1965,api,2,ts-local,fluxoId,,apps/api/src/domain/management-analytics.ts:335,233,no,,,candidate,,,api-domain
api-ts-local-99522f4c,api,2,ts-local,fluxoId,,apps/api/src/domain/management-analytics.ts:396,233,no,,,candidate,,,api-domain
api-ts-local-751c4caf,api,2,ts-local,fluxoId,,apps/api/src/domain/management-analytics.ts:48,233,no,,,candidate,,,api-domain
api-ts-local-9900797a,api,2,ts-local,fluxoId,,apps/api/src/domain/management-flow.ts:229,233,no,,,candidate,,,api-domain
api-ts-local-4cf0dabe,api,2,ts-local,fluxoId,,apps/api/src/domain/management-flow.ts:442,233,no,,,candidate,,,api-domain
api-ts-local-b7603d5d,api,2,ts-local,fluxoId,,apps/api/src/domain/management-flow.ts:83,233,no,,,candidate,,,api-domain
api-ts-local-861572d7,api,2,ts-local,fluxoId,,apps/api/src/domain/management/builder-of-flow.ts:356,233,no,,,candidate,,,api-domain
api-ts-local-ee4c461b,api,2,ts-local,fluxoId,,apps/api/src/domain/management/builder-of-flow.ts:474,233,no,,,candidate,,,api-domain
api-ts-local-0911200e,api,2,ts-local,fluxoId,,apps/api/src/domain/management/builder-of-flow.ts:527,233,no,,,candidate,,,api-domain
api-ts-local-5b40a6b4,api,2,ts-local,fluxoId,,apps/api/src/domain/management/builder-of-flow.ts:541,233,no,,,candidate,,,api-domain
api-ts-local-a51d0690,api,2,ts-local,fluxoId,,apps/api/src/domain/management/builder-of-flow.ts:557,233,no,,,candidate,,,api-domain
api-ts-local-0e9286cb,api,2,ts-local,fluxoId,,apps/api/src/domain/management/builder-of-flow.ts:581,233,no,,,candidate,,,api-domain
api-ts-local-1848415a,api,2,ts-local,fluxoId,,apps/api/src/domain/management/builder-of-flow.ts:593,233,no,,,candidate,,,api-domain
api-ts-local-2c0125b3,api,2,ts-local,fluxoId,,apps/api/src/domain/management/builder-of-flow.ts:612,233,no,,,candidate,,,api-domain
api-ts-local-a17cf3c0,api,2,ts-local,fluxoId,,apps/api/src/domain/management/builder-of-flow.ts:692,233,no,,,candidate,,,api-domain
api-ts-local-662d1b41,api,2,ts-local,fluxoId,,apps/api/src/domain/management/builder-of-flow.ts:706,233,no,,,candidate,,,api-domain
api-ts-local-d5a2d27f,api,2,ts-local,fluxoId,,apps/api/src/domain/management/builder-of-flow.ts:723,233,no,,,candidate,,,api-domain
api-ts-local-db86a2bf,api,2,ts-local,fluxoId,,apps/api/src/domain/management/builder-of-flow.ts:741,233,no,,,candidate,,,api-domain
api-ts-local-40885edb,api,2,ts-local,fluxoId,,apps/api/src/domain/management/channel-of-flow.ts:109,233,no,,,candidate,,,api-domain
api-ts-local-48e211f9,api,2,ts-local,fluxoId,,apps/api/src/domain/management/channel-of-flow.ts:129,233,no,,,candidate,,,api-domain
api-ts-local-705ff2ab,api,2,ts-local,fluxoId,,apps/api/src/domain/management/channel-of-flow.ts:179,233,no,,,candidate,,,api-domain
api-ts-local-1d49211f,api,2,ts-local,fluxoId,,apps/api/src/domain/management/channel-of-flow.ts:19,233,no,,,candidate,,,api-domain
api-ts-local-98b3edcb,api,2,ts-local,fluxoId,,apps/api/src/domain/management/channel-of-flow.ts:208,233,no,,,candidate,,,api-domain
api-ts-local-6bb06fde,api,2,ts-local,fluxoId,,apps/api/src/domain/management/integrations.ts:121,233,no,,,candidate,,,api-domain
api-ts-local-5cca1cb0,api,2,ts-local,fluxoId,,apps/api/src/domain/management/integrations.ts:145,233,no,,,candidate,,,api-domain
api-ts-local-b039f314,api,2,ts-local,fluxoId,,apps/api/src/domain/management/integrations.ts:201,233,no,,,candidate,,,api-domain
api-ts-local-c280132e,api,2,ts-local,fluxoId,,apps/api/src/domain/management/integrations.ts:35,233,no,,,candidate,,,api-domain
api-ts-local-19d7a494,api,2,ts-local,fluxoId,,apps/api/src/domain/management/integrations.ts:849,233,no,,,candidate,,,api-domain
api-ts-local-8f27447a,api,2,ts-local,fluxoId,,apps/api/src/domain/management/integrations.ts:878,233,no,,,candidate,,,api-domain
api-ts-local-de652c50,api,2,ts-local,fluxoId,,apps/api/src/domain/management/team-of-flow.ts:166,233,no,,,candidate,,,api-domain
api-ts-local-ba5e3e34,api,2,ts-local,fluxoId,,apps/api/src/domain/management/team-of-flow.ts:182,233,no,,,candidate,,,api-domain
api-ts-local-0cf7784a,api,2,ts-local,fluxoId,,apps/api/src/domain/management/team-of-flow.ts:199,233,no,,,candidate,,,api-domain
api-ts-local-8975082d,api,2,ts-local,fluxoId,,apps/api/src/domain/management/team-of-flow.ts:243,233,no,,,candidate,,,api-domain
api-ts-local-625f2457,api,2,ts-local,fluxoId,,apps/api/src/domain/management/team-of-flow.ts:267,233,no,,,candidate,,,api-domain
api-ts-local-2b525bd3,api,2,ts-local,fluxoId,,apps/api/src/domain/management/team-of-flow.ts:287,233,no,,,candidate,,,api-domain
api-ts-local-f894c874,api,2,ts-local,fluxoId,,apps/api/src/domain/management/team-of-flow.ts:313,233,no,,,candidate,,,api-domain
api-ts-local-a265df7a,api,2,ts-local,fluxoId,,apps/api/src/domain/management/team-of-flow.ts:378,233,no,,,candidate,,,api-domain
api-ts-local-482a3d56,api,2,ts-local,fluxoId,,apps/api/src/domain/management/team-of-flow.ts:439,233,no,,,candidate,,,api-domain
api-ts-local-44a1692f,api,2,ts-local,fluxoId,,apps/api/src/domain/rastreador-de-cliques.ts:63,233,no,,,candidate,,,api-domain
api-ts-local-a6822ec8,api,2,ts-local,fluxoId,,apps/api/src/domain/rastreador-de-cliques.ts:76,233,no,,,candidate,,,api-domain
api-ts-local-b778ffc5,api,2,ts-local,fluxoId,,apps/api/tests/channel-of-flow.test.ts:141,233,no,,,candidate,,,api-tests
api-ts-local-3db0f2c9,api,2,ts-local,fluxoId,,apps/api/tests/channel-of-flow.test.ts:143,233,no,,,candidate,,,api-tests
api-ts-local-f1705372,api,2,ts-local,fluxoId,,apps/api/tests/channel-of-flow.test.ts:146,233,no,,,candidate,,,api-tests
api-ts-local-d91b17a4,api,2,ts-local,fluxoId,,apps/api/tests/channel-of-flow.test.ts:153,233,no,,,candidate,,,api-tests
api-ts-local-e2f1cdc5,api,2,ts-local,fluxoId,,apps/api/tests/jsonb-compat.test.ts:100,233,no,,,candidate,,,api-tests
api-ts-local-5c84d39f,api,2,ts-local,fluxoId,,apps/api/tests/jsonb-compat.test.ts:184,233,no,,,candidate,,,api-tests
api-ts-local-90beae13,api,2,ts-local,fluxos,,apps/api/tests/flow-actions.test.ts:238,173,no,,,candidate,,,api-tests
api-ts-local-312ffbc0,api,2,ts-local,idProvedor,,apps/api/tests/process-http-retomada.test.ts:156,57,no,,,candidate,,,api-tests
api-ts-local-ce1b2948,api,2,ts-local,intervalo,,apps/api/src/domain/management-analytics.ts:203,73,no,,,candidate,,,api-domain
api-ts-local-258e3271,api,2,ts-local,intervalo,,apps/api/src/domain/management-analytics.ts:49,73,no,,,candidate,,,api-domain
api-ts-local-54857aed,api,2,ts-local,janela,,apps/api/src/domain/management/monitoring.ts:692,141,no,,,candidate,,,api-domain
api-ts-local-f3146bc2,api,2,ts-local,ler,,apps/api/tests/history.test.ts:18,165,no,,,candidate,,,api-tests
api-ts-local-dc4de7a8,api,2,ts-local,lerConexao,,apps/api/tests/sso.test.ts:18,9,no,,,candidate,,,api-tests
api-ts-local-10b33c7d,api,2,ts-local,lerFalhas,,apps/api/tests/import.test.ts:15,6,no,,,candidate,,,api-tests
api-ts-local-ef499604,api,2,ts-local,lerMetadados,,apps/api/tests/dictionary-crm.test.ts:15,6,no,,,candidate,,,api-tests
api-ts-local-adbad0c7,api,2,ts-local,limite,,apps/api/src/controllers/my-account.ts:141,381,no,,,candidate,,,api-core
api-ts-local-fa7b5e1f,api,2,ts-local,limite,,apps/api/src/domain/import-of-contacts.ts:116,381,no,,,candidate,,,api-domain
api-ts-local-6a8bdd1b,api,2,ts-local,limite,,apps/api/src/domain/management-analytics.ts:400,381,no,,,candidate,,,api-domain
api-ts-local-e4d76376,api,2,ts-local,limite,,apps/api/src/domain/mtls.ts:158,381,no,,,candidate,,,api-domain
api-ts-local-bcd31570,api,2,ts-local,limite,,apps/api/src/pagination.ts:104,381,no,,,candidate,,,api-core
api-ts-local-8d149ded,api,2,ts-local,limite,,apps/api/tests/desk-actions.test.ts:295,381,no,,,candidate,,,api-tests
api-ts-local-330cf165,api,2,ts-local,limiteBruto,,apps/api/src/controllers/management-analytics.ts:239,2,no,,,candidate,,,api-core
api-ts-local-408cbba8,api,2,ts-local,limiteMs,,apps/api/src/domain/flow.ts:859,15,no,,,candidate,,,api-domain
api-ts-local-7ff6d288,api,2,ts-local,mensagem,,apps/api/src/domain/flow.ts:817,992,no,,,candidate,,,api-domain
api-ts-local-66f13a77,api,2,ts-local,mensagem,,apps/api/src/domain/inbound.ts:203,992,no,,,candidate,,,api-domain
api-ts-local-57e92132,api,2,ts-local,mensagem,,apps/api/src/domain/inbound.ts:526,992,no,,,candidate,,,api-domain
api-ts-local-fc3d1725,api,2,ts-local,mensagem,,apps/api/src/domain/inbound.ts:551,992,no,,,candidate,,,api-domain
api-ts-local-74a23cf6,api,2,ts-local,mensagem,,apps/api/src/domain/instagram/cliente-graph.ts:200,992,no,,,candidate,,,api-domain
api-ts-local-3e9b51db,api,2,ts-local,mensagem,,apps/api/src/domain/media.ts:191,992,no,,,candidate,,,api-domain
api-ts-local-5827cc0a,api,2,ts-local,mensagem,,apps/api/src/errors.ts:26,992,no,,,candidate,,,api-core
api-ts-local-c3f52ecd,api,2,ts-local,mensagem,,apps/api/src/errors.ts:30,992,no,,,candidate,,,api-core
api-ts-local-cdb70e84,api,2,ts-local,mensagem,,apps/api/src/errors.ts:49,992,no,,,candidate,,,api-core
api-ts-local-d327e251,api,2,ts-local,mensagem,,apps/api/tests/instagram.test.ts:71,992,no,,,candidate,,,api-tests
api-ts-local-6fc72924,api,2,ts-local,midia,,apps/api/src/domain/whatsapp/modelos.ts:429,54,no,,,candidate,,,api-domain
api-ts-local-0fe25838,api,2,ts-local,modelo,,apps/api/src/domain/whatsapp/cliente-graph.ts:445,216,no,,,candidate,,,api-domain
api-ts-local-31a9507c,api,2,ts-local,modelo,,apps/api/src/domain/whatsapp/cliente-graph.ts:662,216,no,,,candidate,,,api-domain
api-ts-local-b3f76456,api,2,ts-local,ordem,,apps/api/tests/jsonb-compat.test.ts:153,234,no,,,candidate,,,api-tests
api-ts-local-15a1be73,api,2,ts-local,paginaId,,apps/api/src/domain/messenger/cliente-graph.ts:12,14,no,,,candidate,,,api-domain
api-ts-local-918b2958,api,2,ts-local,paginaId,,apps/api/src/domain/messenger/cliente-graph.ts:41,14,no,,,candidate,,,api-domain
api-ts-local-0b838011,api,2,ts-local,paginaId,,apps/api/src/domain/messenger/cliente-graph.ts:42,14,no,,,candidate,,,api-domain
api-ts-local-f92e17f6,api,2,ts-local,paginaId,,apps/api/src/domain/messenger/cliente-graph.ts:57,14,no,,,candidate,,,api-domain
api-ts-local-4af3e2db,api,2,ts-local,paginaId,,apps/api/src/domain/messenger/cliente-graph.ts:58,14,no,,,candidate,,,api-domain
api-ts-local-426fd530,api,2,ts-local,papelId,,apps/api/src/domain/management/contract.ts:310,25,no,,,candidate,,,api-domain
api-ts-local-6f002ea8,api,2,ts-local,periodo,,apps/api/src/domain/management-analytics.ts:336,58,no,,,candidate,,,api-domain
api-ts-local-b01b3a93,api,2,ts-local,periodoPedido,,apps/api/src/controllers/management-analytics.ts:140,2,no,,,candidate,,,api-core
api-ts-local-ffce90f5,api,2,ts-local,permissoes,,apps/api/src/controllers/login.ts:440,53,no,,,candidate,,,api-core
api-ts-local-69d034ef,api,2,ts-local,permissoes,,apps/api/tests/permissions-of-agent.test.ts:59,53,no,,,candidate,,,api-tests
api-ts-local-ca4f882b,api,2,ts-local,requisicao,,apps/api/src/authentication.ts:104,396,no,,,candidate,,,api-core
api-ts-local-27a7d668,api,2,ts-local,requisicao,,apps/api/src/authentication.ts:71,396,no,,,candidate,,,api-core
api-ts-local-11e53894,api,2,ts-local,requisicao,,apps/api/src/controllers/catalogo.ts:126,396,no,,,candidate,,,api-core
api-ts-local-348578e7,api,2,ts-local,requisicao,,apps/api/src/controllers/catalogo.ts:170,396,no,,,candidate,,,api-core
api-ts-local-08eac997,api,2,ts-local,requisicao,,apps/api/src/controllers/catalogo.ts:272,396,no,,,candidate,,,api-core
api-ts-local-e0c3c894,api,2,ts-local,requisicao,,apps/api/src/controllers/catalogo.ts:338,396,no,,,candidate,,,api-core
api-ts-local-29493a20,api,2,ts-local,requisicao,,apps/api/src/controllers/catalogo.ts:366,396,no,,,candidate,,,api-core
api-ts-local-5ec13125,api,2,ts-local,requisicao,,apps/api/src/controllers/catalogo.ts:66,396,no,,,candidate,,,api-core
api-ts-local-3214a7c1,api,2,ts-local,requisicao,,apps/api/src/controllers/channels-instagram.ts:27,396,no,,,candidate,,,api-core
api-ts-local-f2a50bd3,api,2,ts-local,requisicao,,apps/api/src/controllers/channels-instagram.ts:47,396,no,,,candidate,,,api-core
api-ts-local-4fbe6440,api,2,ts-local,requisicao,,apps/api/src/controllers/channels.ts:158,396,no,,,candidate,,,api-core
api-ts-local-abb9cbe6,api,2,ts-local,requisicao,,apps/api/src/controllers/channels.ts:167,396,no,,,candidate,,,api-core
api-ts-local-851ababf,api,2,ts-local,requisicao,,apps/api/src/controllers/channels.ts:180,396,no,,,candidate,,,api-core
api-ts-local-9d688309,api,2,ts-local,requisicao,,apps/api/src/controllers/channels.ts:191,396,no,,,candidate,,,api-core
api-ts-local-a143d045,api,2,ts-local,requisicao,,apps/api/src/controllers/channels.ts:205,396,no,,,candidate,,,api-core
api-ts-local-78359a16,api,2,ts-local,requisicao,,apps/api/src/controllers/channels.ts:218,396,no,,,candidate,,,api-core
api-ts-local-b8450cff,api,2,ts-local,requisicao,,apps/api/src/controllers/channels.ts:231,396,no,,,candidate,,,api-core
api-ts-local-9ed8fbf5,api,2,ts-local,requisicao,,apps/api/src/controllers/channels.ts:244,396,no,,,candidate,,,api-core
api-ts-local-76646027,api,2,ts-local,requisicao,,apps/api/src/controllers/channels.ts:33,396,no,,,candidate,,,api-core
api-ts-local-d6764a75,api,2,ts-local,requisicao,,apps/api/src/controllers/channels.ts:45,396,no,,,candidate,,,api-core
api-ts-local-c6ef1f2c,api,2,ts-local,requisicao,,apps/api/src/controllers/channels.ts:64,396,no,,,candidate,,,api-core
api-ts-local-f5d5104c,api,2,ts-local,requisicao,,apps/api/src/controllers/conversations.ts:163,396,no,,,candidate,,,api-core
api-ts-local-075af09e,api,2,ts-local,requisicao,,apps/api/src/controllers/conversations.ts:222,396,no,,,candidate,,,api-core
api-ts-local-1fb5ec09,api,2,ts-local,requisicao,,apps/api/src/controllers/conversations.ts:256,396,no,,,candidate,,,api-core
api-ts-local-dbe9995c,api,2,ts-local,requisicao,,apps/api/src/controllers/conversations.ts:292,396,no,,,candidate,,,api-core
api-ts-local-35a2dd79,api,2,ts-local,requisicao,,apps/api/src/controllers/conversations.ts:314,396,no,,,candidate,,,api-core
api-ts-local-1fe0d1bf,api,2,ts-local,requisicao,,apps/api/src/controllers/conversations.ts:328,396,no,,,candidate,,,api-core
api-ts-local-c69e8fea,api,2,ts-local,requisicao,,apps/api/src/controllers/conversations.ts:357,396,no,,,candidate,,,api-core
api-ts-local-04f81208,api,2,ts-local,requisicao,,apps/api/src/controllers/conversations.ts:84,396,no,,,candidate,,,api-core
api-ts-local-350eadc8,api,2,ts-local,requisicao,,apps/api/src/controllers/convites.ts:123,396,no,,,candidate,,,api-core
api-ts-local-f9131f48,api,2,ts-local,requisicao,,apps/api/src/controllers/convites.ts:20,396,no,,,candidate,,,api-core
api-ts-local-59edb149,api,2,ts-local,requisicao,,apps/api/src/controllers/convites.ts:49,396,no,,,candidate,,,api-core
api-ts-local-8dd6da97,api,2,ts-local,requisicao,,apps/api/src/controllers/crm.ts:49,396,no,,,candidate,,,api-core
api-ts-local-eda9b9cf,api,2,ts-local,requisicao,,apps/api/src/controllers/crm.ts:58,396,no,,,candidate,,,api-core
api-ts-local-1a707e9a,api,2,ts-local,requisicao,,apps/api/src/controllers/desk.ts:115,396,no,,,candidate,,,api-core
api-ts-local-995a47e8,api,2,ts-local,requisicao,,apps/api/src/controllers/desk.ts:128,396,no,,,candidate,,,api-core
api-ts-local-41ec6c7c,api,2,ts-local,requisicao,,apps/api/src/controllers/desk.ts:143,396,no,,,candidate,,,api-core
api-ts-local-0a97e74e,api,2,ts-local,requisicao,,apps/api/src/controllers/desk.ts:154,396,no,,,candidate,,,api-core
api-ts-local-8feb61c2,api,2,ts-local,requisicao,,apps/api/src/controllers/desk.ts:174,396,no,,,candidate,,,api-core
api-ts-local-dae31484,api,2,ts-local,requisicao,,apps/api/src/controllers/desk.ts:206,396,no,,,candidate,,,api-core
api-ts-local-b1ef9105,api,2,ts-local,requisicao,,apps/api/src/controllers/desk.ts:59,396,no,,,candidate,,,api-core
api-ts-local-e2a94eb9,api,2,ts-local,requisicao,,apps/api/src/controllers/desk.ts:78,396,no,,,candidate,,,api-core
api-ts-local-48b56f84,api,2,ts-local,requisicao,,apps/api/src/controllers/etiquetas.ts:108,396,no,,,candidate,,,api-core
api-ts-local-a17e3bc9,api,2,ts-local,requisicao,,apps/api/src/controllers/etiquetas.ts:121,396,no,,,candidate,,,api-core
api-ts-local-f8c5d902,api,2,ts-local,requisicao,,apps/api/src/controllers/etiquetas.ts:40,396,no,,,candidate,,,api-core
api-ts-local-602255a3,api,2,ts-local,requisicao,,apps/api/src/controllers/etiquetas.ts:59,396,no,,,candidate,,,api-core
api-ts-local-69e4f95e,api,2,ts-local,requisicao,,apps/api/src/controllers/etiquetas.ts:76,396,no,,,candidate,,,api-core
api-ts-local-8382653a,api,2,ts-local,requisicao,,apps/api/src/controllers/imports.ts:39,396,no,,,candidate,,,api-core
api-ts-local-4a20e748,api,2,ts-local,requisicao,,apps/api/src/controllers/imports.ts:48,396,no,,,candidate,,,api-core
api-ts-local-33c3dbf8,api,2,ts-local,requisicao,,apps/api/src/controllers/imports.ts:60,396,no,,,candidate,,,api-core
api-ts-local-d237e4e8,api,2,ts-local,requisicao,,apps/api/src/controllers/login.ts:203,396,no,,,candidate,,,api-core
api-ts-local-170e5525,api,2,ts-local,requisicao,,apps/api/src/controllers/login.ts:209,396,no,,,candidate,,,api-core
api-ts-local-9215ad10,api,2,ts-local,requisicao,,apps/api/src/controllers/login.ts:233,396,no,,,candidate,,,api-core
api-ts-local-d3c9d03e,api,2,ts-local,requisicao,,apps/api/src/controllers/login.ts:274,396,no,,,candidate,,,api-core
api-ts-local-1674d0df,api,2,ts-local,requisicao,,apps/api/src/controllers/login.ts:298,396,no,,,candidate,,,api-core
api-ts-local-c9b17755,api,2,ts-local,requisicao,,apps/api/src/controllers/login.ts:362,396,no,,,candidate,,,api-core
api-ts-local-7b4401d7,api,2,ts-local,requisicao,,apps/api/src/controllers/login.ts:387,396,no,,,candidate,,,api-core
api-ts-local-fa458f2e,api,2,ts-local,requisicao,,apps/api/src/controllers/management-account.ts:130,396,no,,,candidate,,,api-core
api-ts-local-24b823c6,api,2,ts-local,requisicao,,apps/api/src/controllers/management-account.ts:162,396,no,,,candidate,,,api-core
api-ts-local-c11ef178,api,2,ts-local,requisicao,,apps/api/src/controllers/management-account.ts:172,396,no,,,candidate,,,api-core
api-ts-local-c1f0d973,api,2,ts-local,requisicao,,apps/api/src/controllers/management-account.ts:185,396,no,,,candidate,,,api-core
api-ts-local-33eb2b5c,api,2,ts-local,requisicao,,apps/api/src/controllers/management-account.ts:201,396,no,,,candidate,,,api-core
api-ts-local-8ad8e274,api,2,ts-local,requisicao,,apps/api/src/controllers/management-account.ts:219,396,no,,,candidate,,,api-core
api-ts-local-448a2248,api,2,ts-local,requisicao,,apps/api/src/controllers/management-account.ts:78,396,no,,,candidate,,,api-core
api-ts-local-812a5233,api,2,ts-local,requisicao,,apps/api/src/controllers/management-account.ts:86,396,no,,,candidate,,,api-core
api-ts-local-58dd8b34,api,2,ts-local,requisicao,,apps/api/src/controllers/management-analytics.ts:138,396,no,,,candidate,,,api-core
api-ts-local-7d993cc5,api,2,ts-local,requisicao,,apps/api/src/controllers/management-analytics.ts:165,396,no,,,candidate,,,api-core
api-ts-local-7cdc7f7c,api,2,ts-local,requisicao,,apps/api/src/controllers/management-analytics.ts:184,396,no,,,candidate,,,api-core
api-ts-local-fd25c5ce,api,2,ts-local,requisicao,,apps/api/src/controllers/management-analytics.ts:214,396,no,,,candidate,,,api-core
api-ts-local-2ef2cbae,api,2,ts-local,requisicao,,apps/api/src/controllers/management-analytics.ts:231,396,no,,,candidate,,,api-core
api-ts-local-3c80e84b,api,2,ts-local,requisicao,,apps/api/src/controllers/management-builder.ts:104,396,no,,,candidate,,,api-core
api-ts-local-d5db14a6,api,2,ts-local,requisicao,,apps/api/src/controllers/management-builder.ts:125,396,no,,,candidate,,,api-core
api-ts-local-ad3eac4c,api,2,ts-local,requisicao,,apps/api/src/controllers/management-builder.ts:140,396,no,,,candidate,,,api-core
api-ts-local-cfd16222,api,2,ts-local,requisicao,,apps/api/src/controllers/management-builder.ts:47,396,no,,,candidate,,,api-core
api-ts-local-4816b515,api,2,ts-local,requisicao,,apps/api/src/controllers/management-builder.ts:62,396,no,,,candidate,,,api-core
api-ts-local-bea52dd2,api,2,ts-local,requisicao,,apps/api/src/controllers/management-builder.ts:75,396,no,,,candidate,,,api-core
api-ts-local-7f9483e9,api,2,ts-local,requisicao,,apps/api/src/controllers/management-builder.ts:88,396,no,,,candidate,,,api-core
api-ts-local-5dbd43d7,api,2,ts-local,requisicao,,apps/api/src/controllers/management-flow.ts:190,396,no,,,candidate,,,api-core
api-ts-local-16b25106,api,2,ts-local,requisicao,,apps/api/src/controllers/management-flow.ts:215,396,no,,,candidate,,,api-core
api-ts-local-21cad471,api,2,ts-local,requisicao,,apps/api/src/controllers/management-flow.ts:227,396,no,,,candidate,,,api-core
api-ts-local-627b756c,api,2,ts-local,requisicao,,apps/api/src/controllers/management-flow.ts:253,396,no,,,candidate,,,api-core
api-ts-local-3e556599,api,2,ts-local,requisicao,,apps/api/src/controllers/management-flow.ts:270,396,no,,,candidate,,,api-core
api-ts-local-d6624a1b,api,2,ts-local,requisicao,,apps/api/src/controllers/management-flow.ts:290,396,no,,,candidate,,,api-core
api-ts-local-37c32f62,api,2,ts-local,requisicao,,apps/api/src/controllers/management-flow.ts:302,396,no,,,candidate,,,api-core
api-ts-local-1751f1ae,api,2,ts-local,requisicao,,apps/api/src/controllers/management-flow.ts:323,396,no,,,candidate,,,api-core
api-ts-local-bff73bd9,api,2,ts-local,requisicao,,apps/api/src/controllers/management-flow.ts:339,396,no,,,candidate,,,api-core
api-ts-local-7ab9448f,api,2,ts-local,requisicao,,apps/api/src/controllers/management-flow.ts:350,396,no,,,candidate,,,api-core
api-ts-local-acd500cd,api,2,ts-local,requisicao,,apps/api/src/controllers/management-flow.ts:369,396,no,,,candidate,,,api-core
api-ts-local-595c6651,api,2,ts-local,requisicao,,apps/api/src/controllers/management-flow.ts:380,396,no,,,candidate,,,api-core
api-ts-local-566ee551,api,2,ts-local,requisicao,,apps/api/src/controllers/management-flow.ts:395,396,no,,,candidate,,,api-core
api-ts-local-f1740d0a,api,2,ts-local,requisicao,,apps/api/src/controllers/management-flow.ts:406,396,no,,,candidate,,,api-core
api-ts-local-d9e01345,api,2,ts-local,requisicao,,apps/api/src/controllers/management-flow.ts:430,396,no,,,candidate,,,api-core
api-ts-local-cb67bf83,api,2,ts-local,requisicao,,apps/api/src/controllers/management-flow.ts:445,396,no,,,candidate,,,api-core
api-ts-local-d933a43c,api,2,ts-local,requisicao,,apps/api/src/controllers/management-flow.ts:456,396,no,,,candidate,,,api-core
api-ts-local-c5a234e7,api,2,ts-local,requisicao,,apps/api/src/controllers/management-flow.ts:472,396,no,,,candidate,,,api-core
api-ts-local-aa818fb6,api,2,ts-local,requisicao,,apps/api/src/controllers/management-flow.ts:487,396,no,,,candidate,,,api-core
api-ts-local-2d43be2a,api,2,ts-local,requisicao,,apps/api/src/controllers/management-flow.ts:501,396,no,,,candidate,,,api-core
api-ts-local-5c302796,api,2,ts-local,requisicao,,apps/api/src/controllers/management-flow.ts:518,396,no,,,candidate,,,api-core
api-ts-local-b007847f,api,2,ts-local,requisicao,,apps/api/src/controllers/management-flow.ts:538,396,no,,,candidate,,,api-core
api-ts-local-217983a0,api,2,ts-local,requisicao,,apps/api/src/controllers/management-flow.ts:551,396,no,,,candidate,,,api-core
api-ts-local-ca33ecb9,api,2,ts-local,requisicao,,apps/api/src/controllers/management-flow.ts:565,396,no,,,candidate,,,api-core
api-ts-local-56d430a3,api,2,ts-local,requisicao,,apps/api/src/controllers/management-flow.ts:582,396,no,,,candidate,,,api-core
api-ts-local-02da0c01,api,2,ts-local,requisicao,,apps/api/src/controllers/management-flow.ts:601,396,no,,,candidate,,,api-core
api-ts-local-c63f9118,api,2,ts-local,requisicao,,apps/api/src/controllers/management-flow.ts:614,396,no,,,candidate,,,api-core
api-ts-local-eb57f3a7,api,2,ts-local,requisicao,,apps/api/src/controllers/management-flow.ts:628,396,no,,,candidate,,,api-core
api-ts-local-818d1859,api,2,ts-local,requisicao,,apps/api/src/controllers/management-flow.ts:645,396,no,,,candidate,,,api-core
api-ts-local-712a6a72,api,2,ts-local,requisicao,,apps/api/src/controllers/management-integrations.ts:111,396,no,,,candidate,,,api-core
api-ts-local-07db13b0,api,2,ts-local,requisicao,,apps/api/src/controllers/management-integrations.ts:124,396,no,,,candidate,,,api-core
api-ts-local-014ec000,api,2,ts-local,requisicao,,apps/api/src/controllers/management-integrations.ts:146,396,no,,,candidate,,,api-core
api-ts-local-cf382a76,api,2,ts-local,requisicao,,apps/api/src/controllers/management-integrations.ts:154,396,no,,,candidate,,,api-core
api-ts-local-568c34b6,api,2,ts-local,requisicao,,apps/api/src/controllers/management-integrations.ts:172,396,no,,,candidate,,,api-core
api-ts-local-a45afb95,api,2,ts-local,requisicao,,apps/api/src/controllers/management-integrations.ts:193,396,no,,,candidate,,,api-core
api-ts-local-b9ef0958,api,2,ts-local,requisicao,,apps/api/src/controllers/management-integrations.ts:207,396,no,,,candidate,,,api-core
api-ts-local-e428b9e8,api,2,ts-local,requisicao,,apps/api/src/controllers/management-integrations.ts:64,396,no,,,candidate,,,api-core
api-ts-local-b70b7a20,api,2,ts-local,requisicao,,apps/api/src/controllers/management-integrations.ts:77,396,no,,,candidate,,,api-core
api-ts-local-fc6dd31b,api,2,ts-local,requisicao,,apps/api/src/controllers/management-operations.ts:130,396,no,,,candidate,,,api-core
api-ts-local-d9930961,api,2,ts-local,requisicao,,apps/api/src/controllers/management-operations.ts:148,396,no,,,candidate,,,api-core
api-ts-local-7f50864d,api,2,ts-local,requisicao,,apps/api/src/controllers/management-operations.ts:163,396,no,,,candidate,,,api-core
api-ts-local-5490124a,api,2,ts-local,requisicao,,apps/api/src/controllers/management-operations.ts:178,396,no,,,candidate,,,api-core
api-ts-local-2d2f0ba1,api,2,ts-local,requisicao,,apps/api/src/controllers/management-operations.ts:202,396,no,,,candidate,,,api-core
api-ts-local-46a908eb,api,2,ts-local,requisicao,,apps/api/src/controllers/management-operations.ts:226,396,no,,,candidate,,,api-core
api-ts-local-ed631945,api,2,ts-local,requisicao,,apps/api/src/controllers/management-operations.ts:250,396,no,,,candidate,,,api-core
api-ts-local-cb2fafb9,api,2,ts-local,requisicao,,apps/api/src/controllers/management-operations.ts:272,396,no,,,candidate,,,api-core
api-ts-local-55c8566a,api,2,ts-local,requisicao,,apps/api/src/controllers/management-operations.ts:287,396,no,,,candidate,,,api-core
api-ts-local-1d28b5c4,api,2,ts-local,requisicao,,apps/api/src/controllers/management-operations.ts:303,396,no,,,candidate,,,api-core
api-ts-local-85c1ae89,api,2,ts-local,requisicao,,apps/api/src/controllers/management-operations.ts:325,396,no,,,candidate,,,api-core
api-ts-local-2e50ea87,api,2,ts-local,requisicao,,apps/api/src/controllers/management-registrations.ts:105,396,no,,,candidate,,,api-core
api-ts-local-c010f101,api,2,ts-local,requisicao,,apps/api/src/controllers/management-registrations.ts:116,396,no,,,candidate,,,api-core
api-ts-local-977cd37f,api,2,ts-local,requisicao,,apps/api/src/controllers/management-registrations.ts:123,396,no,,,candidate,,,api-core
api-ts-local-83a44f22,api,2,ts-local,requisicao,,apps/api/src/controllers/management-registrations.ts:130,396,no,,,candidate,,,api-core
api-ts-local-faaa7fd4,api,2,ts-local,requisicao,,apps/api/src/controllers/management-registrations.ts:137,396,no,,,candidate,,,api-core
api-ts-local-174fb97c,api,2,ts-local,requisicao,,apps/api/src/controllers/management-registrations.ts:144,396,no,,,candidate,,,api-core
api-ts-local-0696fa19,api,2,ts-local,requisicao,,apps/api/src/controllers/management-registrations.ts:151,396,no,,,candidate,,,api-core
api-ts-local-b9ddfd29,api,2,ts-local,requisicao,,apps/api/src/controllers/management-registrations.ts:161,396,no,,,candidate,,,api-core
api-ts-local-8768e7ed,api,2,ts-local,requisicao,,apps/api/src/controllers/management-registrations.ts:173,396,no,,,candidate,,,api-core
api-ts-local-ebed4c43,api,2,ts-local,requisicao,,apps/api/src/controllers/management-registrations.ts:187,396,no,,,candidate,,,api-core
api-ts-local-8e446080,api,2,ts-local,requisicao,,apps/api/src/controllers/management-registrations.ts:198,396,no,,,candidate,,,api-core
api-ts-local-4efdd19b,api,2,ts-local,requisicao,,apps/api/src/controllers/management-registrations.ts:222,396,no,,,candidate,,,api-core
api-ts-local-797e623a,api,2,ts-local,requisicao,,apps/api/src/controllers/management-registrations.ts:239,396,no,,,candidate,,,api-core
api-ts-local-133dc6de,api,2,ts-local,requisicao,,apps/api/src/controllers/management-registrations.ts:253,396,no,,,candidate,,,api-core
api-ts-local-5acc7440,api,2,ts-local,requisicao,,apps/api/src/controllers/management-registrations.ts:266,396,no,,,candidate,,,api-core
api-ts-local-34aaf3ea,api,2,ts-local,requisicao,,apps/api/src/controllers/management-registrations.ts:280,396,no,,,candidate,,,api-core
api-ts-local-c1b2eb1f,api,2,ts-local,requisicao,,apps/api/src/controllers/management-registrations.ts:291,396,no,,,candidate,,,api-core
api-ts-local-46ebf782,api,2,ts-local,requisicao,,apps/api/src/controllers/management-registrations.ts:305,396,no,,,candidate,,,api-core
api-ts-local-cd172646,api,2,ts-local,requisicao,,apps/api/src/controllers/management-registrations.ts:318,396,no,,,candidate,,,api-core
api-ts-local-2cd1ce49,api,2,ts-local,requisicao,,apps/api/src/controllers/management-registrations.ts:330,396,no,,,candidate,,,api-core
api-ts-local-86c57e5e,api,2,ts-local,requisicao,,apps/api/src/controllers/management-registrations.ts:344,396,no,,,candidate,,,api-core
api-ts-local-69469183,api,2,ts-local,requisicao,,apps/api/src/controllers/management-registrations.ts:356,396,no,,,candidate,,,api-core
api-ts-local-77b209a0,api,2,ts-local,requisicao,,apps/api/src/controllers/management-registrations.ts:366,396,no,,,candidate,,,api-core
api-ts-local-368b8db5,api,2,ts-local,requisicao,,apps/api/src/controllers/management-registrations.ts:378,396,no,,,candidate,,,api-core
api-ts-local-b7b24d98,api,2,ts-local,requisicao,,apps/api/src/controllers/management-registrations.ts:393,396,no,,,candidate,,,api-core
api-ts-local-4550d0ca,api,2,ts-local,requisicao,,apps/api/src/controllers/management-registrations.ts:408,396,no,,,candidate,,,api-core
api-ts-local-62a036ad,api,2,ts-local,requisicao,,apps/api/src/controllers/management-registrations.ts:420,396,no,,,candidate,,,api-core
api-ts-local-d92fff04,api,2,ts-local,requisicao,,apps/api/src/controllers/management-registrations.ts:434,396,no,,,candidate,,,api-core
api-ts-local-fc0888fa,api,2,ts-local,requisicao,,apps/api/src/controllers/management-registrations.ts:449,396,no,,,candidate,,,api-core
api-ts-local-e9c57ee8,api,2,ts-local,requisicao,,apps/api/src/controllers/management-registrations.ts:466,396,no,,,candidate,,,api-core
api-ts-local-5815432b,api,2,ts-local,requisicao,,apps/api/src/controllers/management-registrations.ts:481,396,no,,,candidate,,,api-core
api-ts-local-87cf6c10,api,2,ts-local,requisicao,,apps/api/src/controllers/management-registrations.ts:493,396,no,,,candidate,,,api-core
api-ts-local-faeb4a1a,api,2,ts-local,requisicao,,apps/api/src/controllers/management-registrations.ts:508,396,no,,,candidate,,,api-core
api-ts-local-f68ace56,api,2,ts-local,requisicao,,apps/api/src/controllers/management-registrations.ts:523,396,no,,,candidate,,,api-core
api-ts-local-9376f12a,api,2,ts-local,requisicao,,apps/api/src/controllers/management-registrations.ts:535,396,no,,,candidate,,,api-core
api-ts-local-f5041f08,api,2,ts-local,requisicao,,apps/api/src/controllers/management-registrations.ts:550,396,no,,,candidate,,,api-core
api-ts-local-7cda4b40,api,2,ts-local,requisicao,,apps/api/src/controllers/management-registrations.ts:567,396,no,,,candidate,,,api-core
api-ts-local-7c7001bc,api,2,ts-local,requisicao,,apps/api/src/controllers/management-registrations.ts:67,396,no,,,candidate,,,api-core
api-ts-local-bbfa1a1c,api,2,ts-local,requisicao,,apps/api/src/controllers/management-registrations.ts:74,396,no,,,candidate,,,api-core
api-ts-local-0555b1ab,api,2,ts-local,requisicao,,apps/api/src/controllers/management-registrations.ts:84,396,no,,,candidate,,,api-core
api-ts-local-a1c0f8a9,api,2,ts-local,requisicao,,apps/api/src/controllers/management-registrations.ts:98,396,no,,,candidate,,,api-core
api-ts-local-b17b2f01,api,2,ts-local,requisicao,,apps/api/src/controllers/management-team.ts:38,396,no,,,candidate,,,api-core
api-ts-local-6989114f,api,2,ts-local,requisicao,,apps/api/src/controllers/management-team.ts:52,396,no,,,candidate,,,api-core
api-ts-local-d6b22aa4,api,2,ts-local,requisicao,,apps/api/src/controllers/management-team.ts:66,396,no,,,candidate,,,api-core
api-ts-local-98c1da7f,api,2,ts-local,requisicao,,apps/api/src/controllers/management-team.ts:80,396,no,,,candidate,,,api-core
api-ts-local-502c33e6,api,2,ts-local,requisicao,,apps/api/src/controllers/messages-active.ts:69,396,no,,,candidate,,,api-core
api-ts-local-8bde1d41,api,2,ts-local,requisicao,,apps/api/src/controllers/my-account.ts:175,396,no,,,candidate,,,api-core
api-ts-local-094b3caa,api,2,ts-local,requisicao,,apps/api/src/controllers/my-account.ts:226,396,no,,,candidate,,,api-core
api-ts-local-b66cfc2c,api,2,ts-local,requisicao,,apps/api/src/controllers/my-account.ts:266,396,no,,,candidate,,,api-core
api-ts-local-d53bc39f,api,2,ts-local,requisicao,,apps/api/src/controllers/operations.ts:49,396,no,,,candidate,,,api-core
api-ts-local-e4fd81a2,api,2,ts-local,requisicao,,apps/api/src/controllers/rastreador-de-cliques.ts:60,396,no,,,candidate,,,api-core
api-ts-local-08d65a4f,api,2,ts-local,requisicao,,apps/api/src/controllers/redirect.ts:29,396,no,,,candidate,,,api-core
api-ts-local-3034b294,api,2,ts-local,requisicao,,apps/api/src/controllers/sso.ts:135,396,no,,,candidate,,,api-core
api-ts-local-c18c8492,api,2,ts-local,requisicao,,apps/api/src/controllers/sso.ts:210,396,no,,,candidate,,,api-core
api-ts-local-1176fc22,api,2,ts-local,requisicao,,apps/api/src/controllers/sso.ts:59,396,no,,,candidate,,,api-core
api-ts-local-41703522,api,2,ts-local,requisicao,,apps/api/src/controllers/sso.ts:70,396,no,,,candidate,,,api-core
api-ts-local-4872ce2a,api,2,ts-local,requisicao,,apps/api/src/controllers/sso.ts:85,396,no,,,candidate,,,api-core
api-ts-local-8d732190,api,2,ts-local,requisicao,,apps/api/src/controllers/webhooks-whatsapp.ts:40,396,no,,,candidate,,,api-core
api-ts-local-56241de3,api,2,ts-local,requisicao,,apps/api/src/metrics.ts:94,396,no,,,candidate,,,api-core
api-ts-local-17f60b7c,api,2,ts-local,requisicao,,apps/api/src/session.ts:39,396,no,,,candidate,,,api-core
api-ts-local-63707ad3,api,2,ts-local,requisicao,,apps/api/src/session.ts:70,396,no,,,candidate,,,api-core
api-ts-local-11303614,api,2,ts-local,roteadorId,,apps/api/src/domain/management/services-of-router.ts:195,26,no,,,candidate,,,api-domain
api-ts-local-056a5ef4,api,2,ts-local,roteadorId,,apps/api/src/domain/management/services-of-router.ts:204,26,no,,,candidate,,,api-domain
api-ts-local-59f72638,api,2,ts-local,roteadorId,,apps/api/src/domain/management/services-of-router.ts:228,26,no,,,candidate,,,api-domain
api-ts-local-090265fe,api,2,ts-local,roteadorId,,apps/api/src/domain/management/services-of-router.ts:270,26,no,,,candidate,,,api-domain
api-ts-local-69a144bd,api,2,ts-local,roteadorId,,apps/api/src/domain/management/services-of-router.ts:332,26,no,,,candidate,,,api-domain
api-ts-local-56aae2e4,api,2,ts-local,roteadorId,,apps/api/src/domain/management/services-of-router.ts:36,26,no,,,candidate,,,api-domain
api-ts-local-10c0f4a2,api,2,ts-local,segredo,,apps/api/src/authentication.ts:221,106,no,,,candidate,,,api-core
api-ts-local-9efd7cf4,api,2,ts-local,segredo,,apps/api/src/domain/instagram/cliente-graph.ts:218,106,no,,,candidate,,,api-domain
api-ts-local-4a6b36d2,api,2,ts-local,segredo,,apps/api/src/domain/instagram/cliente-graph.ts:48,106,no,,,candidate,,,api-domain
api-ts-local-4d097413,api,2,ts-local,segredo,,apps/api/src/domain/instagram/cliente-graph.ts:59,106,no,,,candidate,,,api-domain
api-ts-local-826fca3a,api,2,ts-local,segredo,,apps/api/src/domain/messenger/cliente-graph.ts:16,106,no,,,candidate,,,api-domain
api-ts-local-371a252f,api,2,ts-local,segredo,,apps/api/src/domain/messenger/cliente-graph.ts:37,106,no,,,candidate,,,api-domain
api-ts-local-c5c80ed6,api,2,ts-local,segredo,,apps/api/src/domain/messenger/cliente-graph.ts:56,106,no,,,candidate,,,api-domain
api-ts-local-c63f0853,api,2,ts-local,segredo,,apps/api/src/domain/whatsapp/cliente-graph.ts:151,106,no,,,candidate,,,api-domain
api-ts-local-5091a8f1,api,2,ts-local,segredo,,apps/api/src/domain/whatsapp/cliente-graph.ts:365,106,no,,,candidate,,,api-domain
api-ts-local-be5b1c7e,api,2,ts-local,segredo,,apps/api/src/domain/whatsapp/cliente-graph.ts:627,106,no,,,candidate,,,api-domain
api-ts-local-8340ef1c,api,2,ts-local,segredos,,apps/api/src/domain/instagram/cliente-graph.ts:57,25,no,,,candidate,,,api-domain
api-ts-local-024a1c8c,api,2,ts-local,segredos,,apps/api/src/domain/whatsapp/cliente-graph.ts:201,25,no,,,candidate,,,api-domain
api-ts-local-e907809a,api,2,ts-local,servicoId,,apps/api/src/controllers/management-flow.ts:520,8,no,,,candidate,,,api-core
api-ts-local-74ef77e8,api,2,ts-local,sessao,,apps/api/tests/builder-by-flow.test.ts:133,274,no,,,candidate,,,api-tests
api-ts-local-83458c80,api,2,ts-local,sessao,,apps/api/tests/builder-by-flow.test.ts:134,274,no,,,candidate,,,api-tests
api-ts-local-9d16db48,api,2,ts-local,sessao,,apps/api/tests/builder-by-flow.test.ts:136,274,no,,,candidate,,,api-tests
api-ts-local-b8a3a1a4,api,2,ts-local,sessao,,apps/api/tests/builder-by-flow.test.ts:138,274,no,,,candidate,,,api-tests
api-ts-local-35dbc6be,api,2,ts-local,sessao,,apps/api/tests/builder-by-flow.test.ts:140,274,no,,,candidate,,,api-tests
api-ts-local-9b484420,api,2,ts-local,sessao,,apps/api/tests/builder-by-flow.test.ts:142,274,no,,,candidate,,,api-tests
api-ts-local-7821897a,api,2,ts-local,sessao,,apps/api/tests/builder-test-run.test.ts:121,274,no,,,candidate,,,api-tests
api-ts-local-aeec4b13,api,2,ts-local,sessao,,apps/api/tests/builder-test-run.test.ts:123,274,no,,,candidate,,,api-tests
api-ts-local-261122bb,api,2,ts-local,sessao,,apps/api/tests/builder-test-run.test.ts:125,274,no,,,candidate,,,api-tests
api-ts-local-14693332,api,2,ts-local,sessao,,apps/api/tests/channel-of-flow.test.ts:139,274,no,,,candidate,,,api-tests
api-ts-local-7f4532dc,api,2,ts-local,sessao,,apps/api/tests/channel-of-flow.test.ts:141,274,no,,,candidate,,,api-tests
api-ts-local-f60ae0ca,api,2,ts-local,sessao,,apps/api/tests/channel-of-flow.test.ts:143,274,no,,,candidate,,,api-tests
api-ts-local-6f649ccb,api,2,ts-local,sessao,,apps/api/tests/cycle-of-lifetime-of-flow.test.ts:157,274,no,,,candidate,,,api-tests
api-ts-local-4a1826a5,api,2,ts-local,sessao,,apps/api/tests/cycle-of-lifetime-of-flow.test.ts:166,274,no,,,candidate,,,api-tests
api-ts-local-ae2bf01b,api,2,ts-local,sessao,,apps/api/tests/flow-short-name.test.ts:109,274,no,,,candidate,,,api-tests
api-ts-local-c7185888,api,2,ts-local,sessao,,apps/api/tests/flow-short-name.test.ts:118,274,no,,,candidate,,,api-tests
api-ts-local-aa0edfd0,api,2,ts-local,sessao,,apps/api/tests/flow-short-name.test.ts:125,274,no,,,candidate,,,api-tests
api-ts-local-d8ab5abf,api,2,ts-local,sessao,,apps/api/tests/flow-short-name.test.ts:132,274,no,,,candidate,,,api-tests
api-ts-local-4fb12db9,api,2,ts-local,sessao,,apps/api/tests/integrations.test.ts:106,274,no,,,candidate,,,api-tests
api-ts-local-6ed7f5e1,api,2,ts-local,sessao,,apps/api/tests/integrations.test.ts:107,274,no,,,candidate,,,api-tests
api-ts-local-ab2e0697,api,2,ts-local,sessao,,apps/api/tests/integrations.test.ts:109,274,no,,,candidate,,,api-tests
api-ts-local-3a4f7fb7,api,2,ts-local,sessao,,apps/api/tests/integrations.test.ts:111,274,no,,,candidate,,,api-tests
api-ts-local-734a04d4,api,2,ts-local,sessao,,apps/api/tests/integrations.test.ts:113,274,no,,,candidate,,,api-tests
api-ts-local-b8fc85fc,api,2,ts-local,sessao,,apps/api/tests/palavras-proibidas.test.ts:142,274,no,,,candidate,,,api-tests
api-ts-local-be8ef65a,api,2,ts-local,sessao,,apps/api/tests/permissions-of-agent.test.ts:129,274,no,,,candidate,,,api-tests
api-ts-local-e081433d,api,2,ts-local,sessao,,apps/api/tests/registrations-attendance.test.ts:149,274,no,,,candidate,,,api-tests
api-ts-local-e07b4a77,api,2,ts-local,sessao,,apps/api/tests/registrations-attendance.test.ts:426,274,no,,,candidate,,,api-tests
api-ts-local-36576b09,api,2,ts-local,sessao,,apps/api/tests/registrations-attendance.test.ts:512,274,no,,,candidate,,,api-tests
api-ts-local-c92fe095,api,2,ts-local,sessao,,apps/api/tests/registrations-attendance.test.ts:720,274,no,,,candidate,,,api-tests
api-ts-local-dc2760ba,api,2,ts-local,sessao,,apps/api/tests/registrations-attendance.test.ts:91,274,no,,,candidate,,,api-tests
api-ts-local-e0534152,api,2,ts-local,sessao,,apps/api/tests/team-of-flow.test.ts:117,274,no,,,candidate,,,api-tests
api-ts-local-12c2496e,api,2,ts-local,sessao,,apps/api/tests/team-of-flow.test.ts:119,274,no,,,candidate,,,api-tests
api-ts-local-ea28963f,api,2,ts-local,sessao,,apps/api/tests/team-of-flow.test.ts:125,274,no,,,candidate,,,api-tests
api-ts-local-9d6b679a,api,2,ts-local,sessao,,apps/api/tests/team-of-flow.test.ts:131,274,no,,,candidate,,,api-tests
api-ts-local-15747f93,api,2,ts-local,texto,,apps/api/src/domain/email.ts:42,1706,no,,,candidate,,,api-domain
api-ts-local-41194bea,api,2,ts-local,texto,,apps/api/src/domain/flow.ts:1045,1706,no,,,candidate,,,api-domain
api-ts-local-e2fb7058,api,2,ts-local,texto,,apps/api/src/domain/instagram/cliente-graph.ts:57,1706,no,,,candidate,,,api-domain
api-ts-local-19320f65,api,2,ts-local,texto,,apps/api/src/domain/management/integrations.ts:789,1706,no,,,candidate,,,api-domain
api-ts-local-b61260bc,api,2,ts-local,texto,,apps/api/src/domain/management/monitoring.ts:220,1706,no,,,candidate,,,api-domain
api-ts-local-92150ec8,api,2,ts-local,texto,,apps/api/src/domain/management/palavras-proibidas.ts:29,1706,no,,,candidate,,,api-domain
api-ts-local-0c5145d8,api,2,ts-local,texto,,apps/api/src/domain/management/palavras-proibidas.ts:41,1706,no,,,candidate,,,api-domain
api-ts-local-b53b1c0a,api,2,ts-local,texto,,apps/api/src/domain/management/palavras-proibidas.ts:98,1706,no,,,candidate,,,api-domain
api-ts-local-6c2f3c37,api,2,ts-local,texto,,apps/api/src/domain/media.ts:176,1706,no,,,candidate,,,api-domain
api-ts-local-2eeaa602,api,2,ts-local,texto,,apps/api/src/domain/messenger/cliente-graph.ts:16,1706,no,,,candidate,,,api-domain
api-ts-local-fc05d11b,api,2,ts-local,texto,,apps/api/src/domain/whatsapp/cliente-graph.ts:149,1706,no,,,candidate,,,api-domain
api-ts-local-247da806,api,2,ts-local,texto,,apps/api/tests/ajuda-pfx.ts:43,1706,no,,,candidate,,,api-tests
api-ts-local-dea629fc,api,2,ts-local,texto,,apps/api/tests/ajuda-pfx.ts:44,1706,no,,,candidate,,,api-tests
api-ts-local-19c78c27,api,2,ts-local,texto,,apps/api/tests/ajuda.ts:121,1706,no,,,candidate,,,api-tests
api-ts-local-6d7cde2c,api,2,ts-local,texto,,apps/api/tests/builder-by-flow.test.ts:148,1706,no,,,candidate,,,api-tests
api-ts-local-1b5cd577,api,2,ts-local,texto,,apps/api/tests/builder-by-flow.test.ts:228,1706,no,,,candidate,,,api-tests
api-ts-local-db2d28f3,api,2,ts-local,texto,,apps/api/tests/builder-test-run.test.ts:418,1706,no,,,candidate,,,api-tests
api-ts-local-c74e27a8,api,2,ts-local,texto,,apps/api/tests/channel-of-flow.test.ts:394,1706,no,,,candidate,,,api-tests
api-ts-local-3b8fbf6c,api,2,ts-local,texto,,apps/api/tests/desk-availability.test.ts:109,1706,no,,,candidate,,,api-tests
api-ts-local-a19ec411,api,2,ts-local,texto,,apps/api/tests/desk-write-commands.test.ts:66,1706,no,,,candidate,,,api-tests
api-ts-local-52c32a70,api,2,ts-local,texto,,apps/api/tests/engine-contracts.test.ts:92,1706,no,,,candidate,,,api-tests
api-ts-local-84db2d61,api,2,ts-local,texto,,apps/api/tests/flow-actions.test.ts:152,1706,no,,,candidate,,,api-tests
api-ts-local-57c4d080,api,2,ts-local,texto,,apps/api/tests/flow-actions.test.ts:190,1706,no,,,candidate,,,api-tests
api-ts-local-b220908a,api,2,ts-local,texto,,apps/api/tests/flow-content.test.ts:89,1706,no,,,candidate,,,api-tests
api-ts-local-110103ca,api,2,ts-local,texto,,apps/api/tests/flow.test.ts:71,1706,no,,,candidate,,,api-tests
api-ts-local-f1df0327,api,2,ts-local,texto,,apps/api/tests/gerar-fixtures-jsonb.helper.ts:39,1706,no,,,candidate,,,api-tests
api-ts-local-e04eae6d,api,2,ts-local,texto,,apps/api/tests/inbound-phone.test.ts:34,1706,no,,,candidate,,,api-tests
api-ts-local-08a0d671,api,2,ts-local,texto,,apps/api/tests/input-expiration.test.ts:94,1706,no,,,candidate,,,api-tests
api-ts-local-7a5bb428,api,2,ts-local,texto,,apps/api/tests/priority.test.ts:117,1706,no,,,candidate,,,api-tests
api-ts-local-bf8c710a,api,2,ts-local,texto,,apps/api/tests/process-http-retomada.test.ts:105,1706,no,,,candidate,,,api-tests
api-ts-local-386b7962,api,2,ts-local,texto,,apps/api/tests/queue-entry.test.ts:74,1706,no,,,candidate,,,api-tests
api-ts-local-f5c5d990,api,2,ts-local,texto,,apps/api/tests/router.test.ts:347,1706,no,,,candidate,,,api-tests
api-ts-local-8283ae73,api,2,ts-local,texto,,apps/api/tests/router.test.ts:486,1706,no,,,candidate,,,api-tests
api-ts-local-5a884087,api,2,ts-local,texto,,apps/api/tests/subflows.test.ts:50,1706,no,,,candidate,,,api-tests
api-ts-local-282d5558,api,2,ts-local,textoDeEntrada,,apps/api/tests/jsonb-compat.test.ts:187,2,no,,,candidate,,,api-tests
api-ts-local-0c68c34b,api,2,ts-local,usuarioIdAlvo,,apps/api/src/domain/management/contract.ts:265,5,no,,,candidate,,,api-domain
api-ts-local-c2854f46,api,2,ts-local,usuarioId,,apps/api/src/controllers/connection-in-flow.ts:43,283,no,,,candidate,,,api-core
api-ts-local-56baff62,api,2,ts-local,usuarioId,,apps/api/src/controllers/connection-in-flow.ts:56,283,no,,,candidate,,,api-core
api-ts-local-6ddc92dc,api,2,ts-local,usuarioId,,apps/api/src/controllers/management-team.ts:82,283,no,,,candidate,,,api-core
api-ts-local-97c2db89,api,2,ts-local,usuarioId,,apps/api/src/domain/management/builder-of-flow.ts:36,283,no,,,candidate,,,api-domain
api-ts-local-105d972e,api,2,ts-local,usuarioId,,apps/api/src/domain/management/builder-of-flow.ts:46,283,no,,,candidate,,,api-domain
api-ts-local-d3ee90d7,api,2,ts-local,usuarioId,,apps/api/src/domain/management/builder-of-flow.ts:526,283,no,,,candidate,,,api-domain
api-ts-local-9f69ba95,api,2,ts-local,usuarioId,,apps/api/src/domain/management/builder-of-flow.ts:540,283,no,,,candidate,,,api-domain
api-ts-local-73c4841f,api,2,ts-local,usuarioId,,apps/api/src/domain/management/builder-of-flow.ts:556,283,no,,,candidate,,,api-domain
api-ts-local-2a34e180,api,2,ts-local,usuarioId,,apps/api/src/domain/management/builder-of-flow.ts:580,283,no,,,candidate,,,api-domain
api-ts-local-6d332022,api,2,ts-local,usuarioId,,apps/api/src/domain/management/builder-of-flow.ts:611,283,no,,,candidate,,,api-domain
api-ts-local-c015c084,api,2,ts-local,usuarioId,,apps/api/src/domain/management/builder-of-flow.ts:691,283,no,,,candidate,,,api-domain
api-ts-local-18947d6e,api,2,ts-local,usuarioId,,apps/api/src/domain/management/builder-of-flow.ts:722,283,no,,,candidate,,,api-domain
api-ts-local-ed7ae551,api,2,ts-local,usuarioId,,apps/api/src/domain/management/builder-of-flow.ts:740,283,no,,,candidate,,,api-domain
api-ts-local-2457c587,api,2,ts-local,usuarioId,,apps/api/src/domain/management/channel-of-flow.ts:128,283,no,,,candidate,,,api-domain
api-ts-local-19d0192c,api,2,ts-local,usuarioId,,apps/api/src/domain/management/channel-of-flow.ts:16,283,no,,,candidate,,,api-domain
api-ts-local-06a892d4,api,2,ts-local,usuarioId,,apps/api/src/domain/management/channel-of-flow.ts:178,283,no,,,candidate,,,api-domain
api-ts-local-0633bc8f,api,2,ts-local,usuarioId,,apps/api/src/domain/management/channel-of-flow.ts:207,283,no,,,candidate,,,api-domain
api-ts-local-f33f179c,api,2,ts-local,usuarioId,,apps/api/src/domain/management/communication.ts:314,283,no,,,candidate,,,api-domain
api-ts-local-654a620f,api,2,ts-local,usuarioId,,apps/api/src/domain/management/communication.ts:381,283,no,,,candidate,,,api-domain
api-ts-local-d0b8af27,api,2,ts-local,usuarioId,,apps/api/src/domain/management/configuration-of-flow.ts:183,283,no,,,candidate,,,api-domain
api-ts-local-16b0483a,api,2,ts-local,usuarioId,,apps/api/src/domain/management/configuration-of-flow.ts:23,283,no,,,candidate,,,api-domain
api-ts-local-24cb2976,api,2,ts-local,usuarioId,,apps/api/src/domain/management/cycle-of-lifetime-of-flow.ts:158,283,no,,,candidate,,,api-domain
api-ts-local-6d0d21be,api,2,ts-local,usuarioId,,apps/api/src/domain/management/cycle-of-lifetime-of-flow.ts:208,283,no,,,candidate,,,api-domain
api-ts-local-078cae61,api,2,ts-local,usuarioId,,apps/api/src/domain/management/cycle-of-lifetime-of-flow.ts:290,283,no,,,candidate,,,api-domain
api-ts-local-c06309a5,api,2,ts-local,usuarioId,,apps/api/src/domain/management/integrations.ts:120,283,no,,,candidate,,,api-domain
api-ts-local-71a92332,api,2,ts-local,usuarioId,,apps/api/src/domain/management/integrations.ts:144,283,no,,,candidate,,,api-domain
api-ts-local-d028180a,api,2,ts-local,usuarioId,,apps/api/src/domain/management/integrations.ts:200,283,no,,,candidate,,,api-domain
api-ts-local-4d195e10,api,2,ts-local,usuarioId,,apps/api/src/domain/management/integrations.ts:33,283,no,,,candidate,,,api-domain
api-ts-local-518603fa,api,2,ts-local,usuarioId,,apps/api/src/domain/management/integrations.ts:534,283,no,,,candidate,,,api-domain
api-ts-local-b759d33f,api,2,ts-local,usuarioId,,apps/api/src/domain/management/integrations.ts:557,283,no,,,candidate,,,api-domain
api-ts-local-c5d93195,api,2,ts-local,usuarioId,,apps/api/src/domain/management/integrations.ts:642,283,no,,,candidate,,,api-domain
api-ts-local-147b2642,api,2,ts-local,usuarioId,,apps/api/src/domain/management/integrations.ts:705,283,no,,,candidate,,,api-domain
api-ts-local-8c561a92,api,2,ts-local,usuarioId,,apps/api/src/domain/management/integrations.ts:747,283,no,,,candidate,,,api-domain
api-ts-local-cbf0aab8,api,2,ts-local,usuarioId,,apps/api/src/domain/management/integrations.ts:877,283,no,,,candidate,,,api-domain
api-ts-local-7d4365a7,api,2,ts-local,usuarioId,,apps/api/src/domain/management/integrations.ts:894,283,no,,,candidate,,,api-domain
api-ts-local-cae35bb0,api,2,ts-local,usuarioId,,apps/api/src/domain/management/integrations.ts:927,283,no,,,candidate,,,api-domain
api-ts-local-78612018,api,2,ts-local,usuarioId,,apps/api/src/domain/management/integrations.ts:948,283,no,,,candidate,,,api-domain
api-ts-local-0cfad7dd,api,2,ts-local,usuarioId,,apps/api/src/domain/management/integrations.ts:973,283,no,,,candidate,,,api-domain
api-ts-local-f386cd44,api,2,ts-local,usuarioId,,apps/api/src/domain/management/monitoring.ts:218,283,no,,,candidate,,,api-domain
api-ts-local-de34821f,api,2,ts-local,usuarioId,,apps/api/src/domain/management/palavras-proibidas.ts:219,283,no,,,candidate,,,api-domain
api-ts-local-0e6db58a,api,2,ts-local,usuarioId,,apps/api/src/domain/management/palavras-proibidas.ts:266,283,no,,,candidate,,,api-domain
api-ts-local-2375086c,api,2,ts-local,usuarioId,,apps/api/src/domain/management/registrations.ts:1253,283,no,,,candidate,,,api-domain
api-ts-local-19e4cbe8,api,2,ts-local,usuarioId,,apps/api/src/domain/management/registrations.ts:1290,283,no,,,candidate,,,api-domain
api-ts-local-0fb0be38,api,2,ts-local,usuarioId,,apps/api/src/domain/management/registrations.ts:1365,283,no,,,candidate,,,api-domain
api-ts-local-b8ef2517,api,2,ts-local,usuarioId,,apps/api/src/domain/management/registrations.ts:1424,283,no,,,candidate,,,api-domain
api-ts-local-5944355b,api,2,ts-local,usuarioId,,apps/api/src/domain/management/registrations.ts:1466,283,no,,,candidate,,,api-domain
api-ts-local-ef0e8afc,api,2,ts-local,usuarioId,,apps/api/src/domain/management/registrations.ts:1588,283,no,,,candidate,,,api-domain
api-ts-local-e963a673,api,2,ts-local,usuarioId,,apps/api/src/domain/management/registrations.ts:1621,283,no,,,candidate,,,api-domain
api-ts-local-8d202cc7,api,2,ts-local,usuarioId,,apps/api/src/domain/management/registrations.ts:1678,283,no,,,candidate,,,api-domain
api-ts-local-4cb4214e,api,2,ts-local,usuarioId,,apps/api/src/domain/management/registrations.ts:429,283,no,,,candidate,,,api-domain
api-ts-local-6d443a9d,api,2,ts-local,usuarioId,,apps/api/src/domain/management/registrations.ts:48,283,no,,,candidate,,,api-domain
api-ts-local-d51e6efc,api,2,ts-local,usuarioId,,apps/api/src/domain/management/registrations.ts:491,283,no,,,candidate,,,api-domain
api-ts-local-80a2db73,api,2,ts-local,usuarioId,,apps/api/src/domain/management/registrations.ts:550,283,no,,,candidate,,,api-domain
api-ts-local-58733c2d,api,2,ts-local,usuarioId,,apps/api/src/domain/management/registrations.ts:653,283,no,,,candidate,,,api-domain
api-ts-local-7f538d43,api,2,ts-local,usuarioId,,apps/api/src/domain/management/registrations.ts:967,283,no,,,candidate,,,api-domain
api-ts-local-8f5b4dd4,api,2,ts-local,usuarioId,,apps/api/src/domain/management/regras-sla.ts:177,283,no,,,candidate,,,api-domain
api-ts-local-b634a481,api,2,ts-local,usuarioId,,apps/api/src/domain/management/regras-sla.ts:257,283,no,,,candidate,,,api-domain
api-ts-local-20f96fc9,api,2,ts-local,usuarioId,,apps/api/src/domain/management/rules-priority.ts:221,283,no,,,candidate,,,api-domain
api-ts-local-ad8da186,api,2,ts-local,usuarioId,,apps/api/src/domain/management/rules-priority.ts:287,283,no,,,candidate,,,api-domain
api-ts-local-f60c2fa9,api,2,ts-local,usuarioId,,apps/api/src/domain/management/services-of-router.ts:23,283,no,,,candidate,,,api-domain
api-ts-local-54f000e4,api,2,ts-local,usuarioId,,apps/api/src/domain/management/services-of-router.ts:269,283,no,,,candidate,,,api-domain
api-ts-local-17337c53,api,2,ts-local,usuarioId,,apps/api/src/domain/management/services-of-router.ts:331,283,no,,,candidate,,,api-domain
api-ts-local-3eda4e5d,api,2,ts-local,usuarioId,,apps/api/src/domain/management/team-of-flow.ts:165,283,no,,,candidate,,,api-domain
api-ts-local-675f7ef2,api,2,ts-local,usuarioId,,apps/api/src/domain/management/team-of-flow.ts:181,283,no,,,candidate,,,api-domain
api-ts-local-9e14eb2b,api,2,ts-local,usuarioId,,apps/api/src/domain/management/team-of-flow.ts:196,283,no,,,candidate,,,api-domain
api-ts-local-829fb24b,api,2,ts-local,usuarioId,,apps/api/src/domain/management/team-of-flow.ts:242,283,no,,,candidate,,,api-domain
api-ts-local-1c7de496,api,2,ts-local,usuarioId,,apps/api/src/domain/management/team-of-flow.ts:266,283,no,,,candidate,,,api-domain
api-ts-local-018569af,api,2,ts-local,usuarioId,,apps/api/src/domain/management/team-of-flow.ts:312,283,no,,,candidate,,,api-domain
api-ts-local-3236aa75,api,2,ts-local,usuarioId,,apps/api/src/domain/management/team-of-flow.ts:377,283,no,,,candidate,,,api-domain
api-ts-local-17850b25,api,2,ts-local,usuarioId,,apps/api/src/domain/management/team-of-flow.ts:438,283,no,,,candidate,,,api-domain
api-ts-local-03e65e84,api,2,ts-local,usuarioId,,apps/api/src/domain/sso.ts:169,283,no,,,candidate,,,api-domain
api-ts-local-f60498e1,api,2,ts-local,usuarioId,,apps/api/src/domain/whatsapp/modelos.ts:422,283,no,,,candidate,,,api-domain
api-ts-local-6a7cdf51,api,2,ts-local,usuarioId,,apps/api/src/domain/whatsapp/modelos.ts:460,283,no,,,candidate,,,api-domain
api-ts-local-aaa8f442,api,2,ts-local,usuarioId,,apps/api/src/domain/whatsapp/state-of-connection.ts:32,283,no,,,candidate,,,api-domain
api-ts-local-494ea0cf,api,2,ts-local,usuarioId,,apps/api/tests/desk-actions.test.ts:59,283,no,,,candidate,,,api-tests
api-ts-local-f27f55df,api,2,ts-local,usuarioId,,apps/api/tests/desk-actions.test.ts:67,283,no,,,candidate,,,api-tests
api-ts-local-3ee83e31,api,2,ts-local,usuarioId,,apps/api/tests/permissions-of-agent.test.ts:138,283,no,,,candidate,,,api-tests
api-ts-local-6563de53,api,2,ts-local,usuarioId,,apps/api/tests/team-of-flow.test.ts:152,283,no,,,candidate,,,api-tests
api-ts-local-bc3399bf,api,2,ts-local,usuarioId,,apps/api/tests/team-of-flow.test.ts:346,283,no,,,candidate,,,api-tests
api-ts-local-3b7378c4,api,2,ts-local,usuarioId,,apps/api/tests/team-of-flow.test.ts:83,283,no,,,candidate,,,api-tests
api-ts-local-f000766c,api,2,ts-local,valor,,apps/api/src/controllers/my-account.ts:141,695,no,,,candidate,,,api-core
api-ts-local-e043cc81,api,2,ts-local,valor,,apps/api/src/domain/desk/consultas.ts:39,695,no,,,candidate,,,api-domain
api-ts-local-bd2c9557,api,2,ts-local,valor,,apps/api/src/domain/desk/consultas.ts:43,695,no,,,candidate,,,api-domain
api-ts-local-d9dcfb10,api,2,ts-local,valor,,apps/api/src/domain/desk/metrics.ts:14,695,no,,,candidate,,,api-domain
api-ts-local-ad33096c,api,2,ts-local,valor,,apps/api/src/domain/envio.ts:443,695,no,,,candidate,,,api-domain
api-ts-local-7e8e8675,api,2,ts-local,valor,,apps/api/src/domain/inbound.ts:202,695,no,,,candidate,,,api-domain
api-ts-local-e7da8545,api,2,ts-local,valor,,apps/api/src/domain/management/builder-of-flow.ts:335,695,no,,,candidate,,,api-domain
api-ts-local-12021b87,api,2,ts-local,valor,,apps/api/src/domain/management/colors-of-queue.ts:20,695,no,,,candidate,,,api-domain
api-ts-local-1c6481c7,api,2,ts-local,valor,,apps/api/src/domain/management/colors-of-queue.ts:24,695,no,,,candidate,,,api-domain
api-ts-local-70d7ca96,api,2,ts-local,valor,,apps/api/src/domain/management/format.ts:121,695,no,,,candidate,,,api-domain
api-ts-local-a9510ab0,api,2,ts-local,valor,,apps/api/src/domain/management/format.ts:29,695,no,,,candidate,,,api-domain
api-ts-local-c1437e3b,api,2,ts-local,valor,,apps/api/src/domain/management/integrations.ts:460,695,no,,,candidate,,,api-domain
api-ts-local-d84823cf,api,2,ts-local,valor,,apps/api/src/domain/management/note-evaluation.ts:49,695,no,,,candidate,,,api-domain
api-ts-local-e6ee8038,api,2,ts-local,valor,,apps/api/src/metrics.ts:122,695,no,,,candidate,,,api-core
api-ts-local-8a191d7f,api,2,ts-local,valor,,apps/api/src/metrics.ts:75,695,no,,,candidate,,,api-core
api-ts-local-9970ff58,api,2,ts-local,valor,,apps/api/tests/jsonb-compat.test.ts:70,695,no,,,candidate,,,api-tests
api-ts-local-acfccf54,api,2,ts-local,variaveis,,apps/api/src/domain/flow.ts:1016,80,no,,,candidate,,,api-domain
api-ts-local-28849b58,api,2,ts-local,variaveis,,apps/api/src/domain/flow.ts:1027,80,no,,,candidate,,,api-domain
api-ts-local-0f803261,api,2,ts-local,variaveis,,apps/api/src/domain/flow.ts:983,80,no,,,candidate,,,api-domain
api-ts-local-d76d12bb,api,2,ts-local,variaveis,,apps/api/src/domain/management-flow.ts:383,80,no,,,candidate,,,api-domain
api-ts-local-a5a0b3f6,api,2,ts-local,variaveis,,apps/api/src/domain/management-flow.ts:436,80,no,,,candidate,,,api-domain
api-ts-local-3bf9b686,api,2,ts-local,variaveis,,apps/api/src/domain/management/communication.ts:141,80,no,,,candidate,,,api-domain
api-ts-local-ca99f078,api,2,ts-local,variaveisIniciais,,apps/api/tests/jsonb-compat.test.ts:186,1,no,,,candidate,,,api-tests
api-ts-prop-b1caebf3,api,2,ts-prop,aguardandoAtendente,,apps/api/src/domain/management/monitoring.ts:76,4,no,,,candidate,,,api-domain
api-ts-prop-0ce474fc,api,2,ts-prop,arquivo,,apps/api/src/domain/import-of-contacts.ts:30,487,no,,,candidate,,,api-domain
api-ts-prop-99abb701,api,2,ts-prop,atendente_id,,apps/api/src/controllers/conversations.ts:42,67,no,,,candidate,,,api-core
api-ts-prop-39b2b7cb,api,2,ts-prop,atendente_id,,apps/api/tests/flow.test.ts:81,67,no,,,candidate,,,api-tests
api-ts-prop-fc12abc0,api,2,ts-prop,atendente_id,,apps/api/tests/queue-entry.test.ts:174,67,no,,,candidate,,,api-tests
api-ts-prop-8c5e7243,api,2,ts-prop,atendente_id,,apps/api/tests/queue-entry.test.ts:84,67,no,,,candidate,,,api-tests
api-ts-prop-7bea1091,api,2,ts-prop,atendentesOnline,,apps/api/src/domain/management/monitoring.ts:132,3,no,,,candidate,,,api-domain
api-ts-prop-0b4f46f8,api,2,ts-prop,ativa,,apps/api/src/domain/management/communication.ts:193,249,no,,,candidate,,,api-domain
api-ts-prop-b9f61b24,api,2,ts-prop,ativa,,apps/api/src/domain/management/communication.ts:78,249,no,,,candidate,,,api-domain
api-ts-prop-6dba28cb,api,2,ts-prop,ativa,,apps/api/src/domain/management/registrations.ts:1155,249,no,,,candidate,,,api-domain
api-ts-prop-644f8162,api,2,ts-prop,ativa,,apps/api/src/domain/management/registrations.ts:1165,249,no,,,candidate,,,api-domain
api-ts-prop-51025a1b,api,2,ts-prop,ativa,,apps/api/src/domain/management/registrations.ts:687,249,no,,,candidate,,,api-domain
api-ts-prop-8365274f,api,2,ts-prop,ativa,,apps/api/src/domain/management/registrations.ts:88,249,no,,,candidate,,,api-domain
api-ts-prop-97cb1094,api,2,ts-prop,ativa,,apps/api/src/domain/management/registrations.ts:900,249,no,,,candidate,,,api-domain
api-ts-prop-299902cc,api,2,ts-prop,ativa,,apps/api/src/domain/management/regras-sla.ts:40,249,no,,,candidate,,,api-domain
api-ts-prop-f8bf672d,api,2,ts-prop,ativa,,apps/api/src/domain/management/regras-sla.ts:51,249,no,,,candidate,,,api-domain
api-ts-prop-cc0711c6,api,2,ts-prop,ativa,,apps/api/src/domain/management/rules-priority.ts:147,249,no,,,candidate,,,api-domain
api-ts-prop-700f00b7,api,2,ts-prop,ativa,,apps/api/src/domain/management/rules-priority.ts:60,249,no,,,candidate,,,api-domain
api-ts-prop-70870116,api,2,ts-prop,ativa,,apps/api/src/domain/management/rules-priority.ts:69,249,no,,,candidate,,,api-domain
api-ts-prop-a42d0fce,api,2,ts-prop,ativa,,apps/api/src/domain/management/rules-priority.ts:78,249,no,,,candidate,,,api-domain
api-ts-prop-01e0b671,api,2,ts-prop,ativa,,apps/api/src/domain/management/settings.ts:399,249,no,,,candidate,,,api-domain
api-ts-prop-e31481d4,api,2,ts-prop,ativa,,apps/api/src/domain/management/settings.ts:48,249,no,,,candidate,,,api-domain
api-ts-prop-397eb329,api,2,ts-prop,ativa,,apps/api/src/domain/management/settings.ts:57,249,no,,,candidate,,,api-domain
api-ts-prop-0fd211af,api,2,ts-prop,autenticacao,,apps/api/src/domain/management/communication.ts:36,152,no,,,candidate,,,api-domain
api-ts-prop-132dccaf,api,2,ts-prop,autenticacao,,apps/api/src/domain/management/integrations.ts:549,152,no,,,candidate,,,api-domain
api-ts-prop-a1003240,api,2,ts-prop,autenticacao,,apps/api/src/domain/management/integrations.ts:634,152,no,,,candidate,,,api-domain
api-ts-prop-3a5efd28,api,2,ts-prop,bloco_codigo,,apps/api/src/domain/flow.ts:758,4,no,,,candidate,,,api-domain
api-ts-prop-1ea938da,api,2,ts-prop,bloco_id,,apps/api/tests/subflows.test.ts:200,11,no,,,candidate,,,api-tests
api-ts-prop-14a1c576,api,2,ts-prop,bloco_versao_id,,apps/api/tests/builder-by-flow.test.ts:256,2,no,,,candidate,,,api-tests
api-ts-prop-9bd094e1,api,2,ts-prop,boasVindas,KEEP,apps/api/src/domain/management/configuration-of-flow.ts:19,0,unknown,,,candidate,,jsonb:flow.configuration,api-domain
api-ts-prop-6443c38e,api,2,ts-prop,canal_id,,apps/api/src/controllers/channels.ts:72,78,no,,,candidate,,,api-core
api-ts-prop-78a27cde,api,2,ts-prop,capacidade_override,,apps/api/tests/registrations-attendance.test.ts:361,8,no,,,candidate,,,api-tests
api-ts-prop-8633daa7,api,2,ts-prop,capacidade_override,,apps/api/tests/registrations-attendance.test.ts:374,8,no,,,candidate,,,api-tests
api-ts-prop-094ee750,api,2,ts-prop,chave_storage,,apps/api/src/domain/attachment.ts:164,17,no,,,candidate,,,api-domain
api-ts-prop-1a1f6e15,api,2,ts-prop,chave_storage,,apps/api/tests/attachments.test.ts:90,17,no,,,candidate,,,api-tests
api-ts-prop-7906e30f,api,2,ts-prop,comentarioTexto,,apps/api/tests/satisfaction-survey.test.ts:117,1,no,,,candidate,,,api-tests
api-ts-prop-1865d81b,api,2,ts-prop,condicoes,,apps/api/src/domain/management/registrations.ts:891,29,no,,,candidate,,,api-domain
api-ts-prop-31d1df6c,api,2,ts-prop,condicoes,,apps/api/src/domain/management/registrations.ts:901,29,no,,,candidate,,,api-domain
api-ts-prop-ef39a157,api,2,ts-prop,contato_id,,apps/api/tests/messages-active.test.ts:166,124,no,,,candidate,,,api-tests
api-ts-prop-abded57e,api,2,ts-prop,contato_id,,apps/api/tests/messages-active.test.ts:174,124,no,,,candidate,,,api-tests
api-ts-prop-19e3325c,api,2,ts-prop,contato_nome,,apps/api/src/domain/desk/consultas.ts:419,6,no,,,candidate,,,api-domain
api-ts-prop-156b161c,api,2,ts-prop,contato_nome,,apps/api/src/domain/desk/consultas.ts:61,6,no,,,candidate,,,api-domain
api-ts-prop-c5f42bc8,api,2,ts-prop,contatoId,,apps/api/src/domain/message-active.ts:34,124,no,,,candidate,,,api-domain
api-ts-prop-5ffa0550,api,2,ts-prop,contatoId,,apps/api/src/domain/message-active.ts:43,124,no,,,candidate,,,api-domain
api-ts-prop-26e54b95,api,2,ts-prop,contatoId,,apps/api/tests/engine-contracts.test.ts:102,124,no,,,candidate,,,api-tests
api-ts-prop-1137703b,api,2,ts-prop,contatoId,,apps/api/tests/engine-contracts.test.ts:103,124,no,,,candidate,,,api-tests
api-ts-prop-96fbb270,api,2,ts-prop,contexto,,apps/api/src/domain/flow.ts:256,248,no,,,candidate,,,api-domain
api-ts-prop-090277c9,api,2,ts-prop,contexto,,apps/api/src/domain/flow.ts:66,248,no,,,candidate,,,api-domain
api-ts-prop-1ccfd0a5,api,2,ts-prop,contexto,,apps/api/src/domain/flow.ts:759,248,no,,,candidate,,,api-domain
api-ts-prop-e61470bb,api,2,ts-prop,contexto,,apps/api/tests/desk-availability.test.ts:133,248,no,,,candidate,,,api-tests
api-ts-prop-c9181688,api,2,ts-prop,contexto,,apps/api/tests/desk-write-commands.test.ts:88,248,no,,,candidate,,,api-tests
api-ts-prop-a1e82fb4,api,2,ts-prop,contexto,,apps/api/tests/engine-contracts.test.ts:163,248,no,,,candidate,,,api-tests
api-ts-prop-7e242850,api,2,ts-prop,contexto,,apps/api/tests/flow.test.ts:176,248,no,,,candidate,,,api-tests
api-ts-prop-bee26739,api,2,ts-prop,contexto,,apps/api/tests/flow.test.ts:228,248,no,,,candidate,,,api-tests
api-ts-prop-d33e1f1e,api,2,ts-prop,contexto,,apps/api/tests/gerar-fixtures-jsonb.helper.ts:172,248,no,,,candidate,,,api-tests
api-ts-prop-b746b35c,api,2,ts-prop,contexto,,apps/api/tests/gerar-fixtures-jsonb.helper.ts:238,248,no,,,candidate,,,api-tests
api-ts-prop-f043abca,api,2,ts-prop,contexto,,apps/api/tests/subflows.test.ts:80,248,no,,,candidate,,,api-tests
api-ts-prop-48e26ce8,api,2,ts-prop,contexto,,apps/api/tests/subflows.test.ts:81,248,no,,,candidate,,,api-tests
api-ts-prop-daf4067c,api,2,ts-prop,conversa_id,,apps/api/tests/input-expiration.test.ts:106,154,no,,,candidate,,,api-tests
api-ts-prop-b64c5e62,api,2,ts-prop,conversa_id,,apps/api/tests/instagram.test.ts:278,154,no,,,candidate,,,api-tests
api-ts-prop-1eaf8879,api,2,ts-prop,conversa_id,,apps/api/tests/instagram.test.ts:280,154,no,,,candidate,,,api-tests
api-ts-prop-3b6d34f4,api,2,ts-prop,conversa_id,,apps/api/tests/messages-active.test.ts:117,154,no,,,candidate,,,api-tests
api-ts-prop-d973a6ea,api,2,ts-prop,conversa_id,,apps/api/tests/messages-active.test.ts:136,154,no,,,candidate,,,api-tests
api-ts-prop-d764810d,api,2,ts-prop,conversa_id,,apps/api/tests/messages-active.test.ts:149,154,no,,,candidate,,,api-tests
api-ts-prop-1f719b6f,api,2,ts-prop,conversa,,apps/api/tests/builder-test-run.test.ts:238,927,no,,,candidate,,,api-tests
api-ts-prop-a7404f89,api,2,ts-prop,conversas_criadas,,apps/api/tests/ponta-a-ponta.test.ts:392,6,no,,,candidate,,,api-tests
api-ts-prop-2a220860,api,2,ts-prop,convite,,apps/api/tests/convites.test.ts:404,247,no,,,candidate,,,api-tests
api-ts-prop-bca82bed,api,2,ts-prop,criadoPor,,apps/api/src/domain/convites.ts:172,3,no,,,candidate,,,api-domain
api-ts-prop-a4a26d33,api,2,ts-prop,dados,,apps/api/src/controllers/management-analytics.ts:77,401,no,,,candidate,,,api-core
api-ts-prop-56f5d347,api,2,ts-prop,dados,,apps/api/src/controllers/management-analytics.ts:81,401,no,,,candidate,,,api-core
api-ts-prop-3b057285,api,2,ts-prop,dados,,apps/api/src/domain/flow.ts:1164,401,no,,,candidate,,,api-domain
api-ts-prop-b78bfd85,api,2,ts-prop,dados,,apps/api/tests/analytics.test.ts:209,401,no,,,candidate,,,api-tests
api-ts-prop-cfb03d90,api,2,ts-prop,dados,,apps/api/tests/engine-contracts.test.ts:113,401,no,,,candidate,,,api-tests
api-ts-prop-839ac2ce,api,2,ts-prop,dados,,apps/api/tests/engine-contracts.test.ts:114,401,no,,,candidate,,,api-tests
api-ts-prop-3c29c8d6,api,2,ts-prop,dados,,apps/api/tests/flow-content.test.ts:99,401,no,,,candidate,,,api-tests
api-ts-prop-eba79d85,api,2,ts-prop,dados,,apps/api/tests/flow.test.ts:145,401,no,,,candidate,,,api-tests
api-ts-prop-913cde60,api,2,ts-prop,dados,,apps/api/tests/queue-entry.test.ts:97,401,no,,,candidate,,,api-tests
api-ts-prop-0f079878,api,2,ts-prop,dados,,apps/api/tests/queue-entry.test.ts:98,401,no,,,candidate,,,api-tests
api-ts-prop-a635e998,api,2,ts-prop,direcao,,apps/api/tests/instagram.test.ts:242,65,no,,,candidate,,,api-tests
api-ts-prop-254bffc0,api,2,ts-prop,documento,,apps/api/src/domain/management/communication.ts:54,231,no,,,candidate,,,api-domain
api-ts-prop-1d581c96,api,2,ts-prop,emAtendimento,,apps/api/src/domain/management/monitoring.ts:130,3,no,,,candidate,,,api-domain
api-ts-prop-8e6c19f1,api,2,ts-prop,encerramento,,apps/api/src/domain/management/pesquisa.ts:34,112,no,,,candidate,,,api-domain
api-ts-prop-c2a3df7e,api,2,ts-prop,entrada_expira_bloco,,apps/api/tests/input-expiration.test.ts:109,12,no,,,candidate,,,api-tests
api-ts-prop-f9864679,api,2,ts-prop,entrada_expira_em,,apps/api/tests/input-expiration.test.ts:108,16,no,,,candidate,,,api-tests
api-ts-prop-144e00da,api,2,ts-prop,entrada,,apps/api/src/domain/flow.ts:759,534,no,,,candidate,,,api-domain
api-ts-prop-12288bfe,api,2,ts-prop,entrada,,apps/api/tests/gerar-fixtures-jsonb.helper.ts:171,534,no,,,candidate,,,api-tests
api-ts-prop-0637ecb1,api,2,ts-prop,entrada,,apps/api/tests/input-expiration.test.ts:165,534,no,,,candidate,,,api-tests
api-ts-prop-46c629f8,api,2,ts-prop,entrada,,apps/api/tests/process-http-retomada.test.ts:118,534,no,,,candidate,,,api-tests
api-ts-prop-8bc4b094,api,2,ts-prop,entrouNaFila,,apps/api/tests/desk-availability.test.ts:119,2,no,,,candidate,,,api-tests
api-ts-prop-31374583,api,2,ts-prop,escopos,,apps/api/src/authentication.ts:36,45,no,,,candidate,,,api-core
api-ts-prop-65d95027,api,2,ts-prop,escopos,,apps/api/src/authentication.ts:96,45,no,,,candidate,,,api-core
api-ts-prop-2f1357e4,api,2,ts-prop,escopos,,apps/api/src/domain/management/integrations.ts:68,45,no,,,candidate,,,api-domain
api-ts-prop-49e64f80,api,2,ts-prop,estado_entrega,,apps/api/tests/flow.test.ts:130,42,no,,,candidate,,,api-tests
api-ts-prop-9dd65171,api,2,ts-prop,estado_entrega,,apps/api/tests/messages-active.test.ts:314,42,no,,,candidate,,,api-tests
api-ts-prop-90506f53,api,2,ts-prop,estado,,apps/api/src/domain/desk-write-commands.ts:72,836,no,,,candidate,,,api-domain
api-ts-prop-1f0e7f5c,api,2,ts-prop,estado,,apps/api/src/domain/flow.ts:330,836,no,,,candidate,,,api-domain
api-ts-prop-210fd8e4,api,2,ts-prop,estado,,apps/api/src/domain/import-of-contacts.ts:17,836,no,,,candidate,,,api-domain
api-ts-prop-a06206bd,api,2,ts-prop,estado,,apps/api/src/domain/import-of-contacts.ts:31,836,no,,,candidate,,,api-domain
api-ts-prop-44df3170,api,2,ts-prop,estado,,apps/api/src/domain/management/builder-test-run.ts:40,836,no,,,candidate,,,api-domain
api-ts-prop-de93eb30,api,2,ts-prop,estado,,apps/api/src/domain/sso.ts:47,836,no,,,candidate,,,api-domain
api-ts-prop-13dfeddf,api,2,ts-prop,estado,,apps/api/tests/builder-by-flow.test.ts:216,836,no,,,candidate,,,api-tests
api-ts-prop-bc9a12a3,api,2,ts-prop,estado,,apps/api/tests/builder-by-flow.test.ts:256,836,no,,,candidate,,,api-tests
api-ts-prop-85131031,api,2,ts-prop,estado,,apps/api/tests/builder-by-flow.test.ts:517,836,no,,,candidate,,,api-tests
api-ts-prop-c6713ed0,api,2,ts-prop,estado,,apps/api/tests/builder-by-flow.test.ts:570,836,no,,,candidate,,,api-tests
api-ts-prop-c82b684a,api,2,ts-prop,estado,,apps/api/tests/cycle-of-lifetime-of-flow.test.ts:107,836,no,,,candidate,,,api-tests
api-ts-prop-0e6bbd17,api,2,ts-prop,estado,,apps/api/tests/desk-availability.test.ts:119,836,no,,,candidate,,,api-tests
api-ts-prop-ee9dedb9,api,2,ts-prop,estado,,apps/api/tests/desk-availability.test.ts:122,836,no,,,candidate,,,api-tests
api-ts-prop-1945394c,api,2,ts-prop,estado,,apps/api/tests/desk-write-commands.test.ts:233,836,no,,,candidate,,,api-tests
api-ts-prop-1ae81bc0,api,2,ts-prop,estado,,apps/api/tests/desk-write-commands.test.ts:76,836,no,,,candidate,,,api-tests
api-ts-prop-c2e87506,api,2,ts-prop,estado,,apps/api/tests/engine-contracts.test.ts:180,836,no,,,candidate,,,api-tests
api-ts-prop-842f8b28,api,2,ts-prop,estado,,apps/api/tests/flow-actions.test.ts:166,836,no,,,candidate,,,api-tests
api-ts-prop-40495591,api,2,ts-prop,estado,,apps/api/tests/flow-actions.test.ts:195,836,no,,,candidate,,,api-tests
api-ts-prop-80fed401,api,2,ts-prop,estado,,apps/api/tests/flow-actions.test.ts:272,836,no,,,candidate,,,api-tests
api-ts-prop-92f579bf,api,2,ts-prop,estado,,apps/api/tests/flow-actions.test.ts:273,836,no,,,candidate,,,api-tests
api-ts-prop-3050b424,api,2,ts-prop,estado,,apps/api/tests/flow-actions.test.ts:295,836,no,,,candidate,,,api-tests
api-ts-prop-198770c3,api,2,ts-prop,estado,,apps/api/tests/flow-content.test.ts:189,836,no,,,candidate,,,api-tests
api-ts-prop-0d8f5457,api,2,ts-prop,estado,,apps/api/tests/flow.test.ts:174,836,no,,,candidate,,,api-tests
api-ts-prop-f241a3c4,api,2,ts-prop,estado,,apps/api/tests/flow.test.ts:277,836,no,,,candidate,,,api-tests
api-ts-prop-e2c172aa,api,2,ts-prop,estado,,apps/api/tests/flow.test.ts:81,836,no,,,candidate,,,api-tests
api-ts-prop-9bcf839c,api,2,ts-prop,estado,,apps/api/tests/input-expiration.test.ts:107,836,no,,,candidate,,,api-tests
api-ts-prop-5a5d5a5c,api,2,ts-prop,estado,,apps/api/tests/process-http-retomada.test.ts:117,836,no,,,candidate,,,api-tests
api-ts-prop-5ad648e0,api,2,ts-prop,estado,,apps/api/tests/queue-entry.test.ts:84,836,no,,,candidate,,,api-tests
api-ts-prop-af2a8873,api,2,ts-prop,estado,,apps/api/tests/satisfaction-survey.test.ts:117,836,no,,,candidate,,,api-tests
api-ts-prop-ee7f69f1,api,2,ts-prop,estado,,apps/api/tests/subflows.test.ts:80,836,no,,,candidate,,,api-tests
api-ts-prop-061a848c,api,2,ts-prop,estado,,apps/api/tests/subflows.test.ts:81,836,no,,,candidate,,,api-tests
api-ts-prop-ca67ec9f,api,2,ts-prop,estadoEntrega,,apps/api/src/domain/envio.ts:47,2,no,,,candidate,,,api-domain
api-ts-prop-cab1a806,api,2,ts-prop,estadoFinalId,,apps/api/tests/jsonb-compat.test.ts:178,2,no,,,candidate,,,api-tests
api-ts-prop-237cdf36,api,2,ts-prop,execucao_fluxo,,apps/api/tests/builder-test-run.test.ts:239,82,no,,,candidate,,,api-tests
api-ts-prop-bb99c53b,api,2,ts-prop,exigirAtribuicao,,apps/api/src/domain/envio.ts:42,3,no,,,candidate,,,api-domain
api-ts-prop-40126df2,api,2,ts-prop,expiracao_min,,apps/api/src/domain/router.ts:27,4,no,,,candidate,,,api-domain
api-ts-prop-5a782689,api,2,ts-prop,fila_id,,apps/api/src/domain/flow.ts:330,103,no,,,candidate,,,api-domain
api-ts-prop-5b24c7f6,api,2,ts-prop,fila_id,,apps/api/tests/desk-availability.test.ts:119,103,no,,,candidate,,,api-tests
api-ts-prop-3ccfe456,api,2,ts-prop,fila_id,,apps/api/tests/desk-availability.test.ts:122,103,no,,,candidate,,,api-tests
api-ts-prop-4d367e0a,api,2,ts-prop,fila_id,,apps/api/tests/desk-write-commands.test.ts:76,103,no,,,candidate,,,api-tests
api-ts-prop-10a11e33,api,2,ts-prop,fila_id,,apps/api/tests/flow-actions.test.ts:199,103,no,,,candidate,,,api-tests
api-ts-prop-83e32af8,api,2,ts-prop,fila_id,,apps/api/tests/flow-actions.test.ts:272,103,no,,,candidate,,,api-tests
api-ts-prop-0d4d2214,api,2,ts-prop,fila_id,,apps/api/tests/flow-actions.test.ts:273,103,no,,,candidate,,,api-tests
api-ts-prop-92d28d4c,api,2,ts-prop,fila_id,,apps/api/tests/flow-content.test.ts:195,103,no,,,candidate,,,api-tests
api-ts-prop-d6179abb,api,2,ts-prop,fila_id,,apps/api/tests/flow.test.ts:81,103,no,,,candidate,,,api-tests
api-ts-prop-05635138,api,2,ts-prop,fila_id,,apps/api/tests/queue-entry.test.ts:174,103,no,,,candidate,,,api-tests
api-ts-prop-bccb96a3,api,2,ts-prop,fila_id,,apps/api/tests/queue-entry.test.ts:84,103,no,,,candidate,,,api-tests
api-ts-prop-5740028c,api,2,ts-prop,fila_id,,apps/api/tests/queue-entry.test.ts:97,103,no,,,candidate,,,api-tests
api-ts-prop-3ff00f76,api,2,ts-prop,fila_id,,apps/api/tests/queue-entry.test.ts:98,103,no,,,candidate,,,api-tests
api-ts-prop-85152900,api,2,ts-prop,fila_nome,,apps/api/src/domain/desk/consultas.ts:372,7,no,,,candidate,,,api-domain
api-ts-prop-1a0c8682,api,2,ts-prop,fila_nome,,apps/api/src/domain/desk/consultas.ts:416,7,no,,,candidate,,,api-domain
api-ts-prop-022236c4,api,2,ts-prop,fila_nome,,apps/api/src/domain/desk/consultas.ts:63,7,no,,,candidate,,,api-domain
api-ts-prop-fcafe07c,api,2,ts-prop,fila,,apps/api/tests/engine-contracts.test.ts:180,878,no,,,candidate,,,api-tests
api-ts-prop-72cd646c,api,2,ts-prop,filaId,,apps/api/src/domain/management/builder-test-run.ts:42,49,no,,,candidate,,,api-domain
api-ts-prop-12a9239c,api,2,ts-prop,fluxo_id,,apps/api/src/authentication.ts:94,95,no,,,candidate,,,api-core
api-ts-prop-4d21fcfd,api,2,ts-prop,fluxo_id,,apps/api/src/controllers/channels.ts:74,95,no,,,candidate,,,api-core
api-ts-prop-55ad74cd,api,2,ts-prop,fluxo_versao_id,,apps/api/tests/builder-by-flow.test.ts:256,9,no,,,candidate,,,api-tests
api-ts-prop-b2381c77,api,2,ts-prop,id_provedor,,apps/api/tests/messenger.test.ts:126,97,no,,,candidate,,,api-tests
api-ts-prop-e7fd7518,api,2,ts-prop,id_provedor,,apps/api/tests/process-http-retomada.test.ts:118,97,no,,,candidate,,,api-tests
api-ts-prop-9098d1d6,api,2,ts-prop,idProvedor,,apps/api/src/domain/flow.ts:170,57,no,,,candidate,,,api-domain
api-ts-prop-41962f0b,api,2,ts-prop,imagem,,apps/api/src/controllers/management-flow.ts:147,235,no,,,candidate,,,api-core
api-ts-prop-f093ddc5,api,2,ts-prop,imagem,,apps/api/src/domain/management/communication.ts:52,235,no,,,candidate,,,api-domain
api-ts-prop-668125ec,api,2,ts-prop,imagem,,apps/api/src/domain/management/cycle-of-lifetime-of-flow.ts:38,235,no,,,candidate,,,api-domain
api-ts-prop-420676d2,api,2,ts-prop,intervalo,,apps/api/src/controllers/management-analytics.ts:64,73,no,,,candidate,,,api-core
api-ts-prop-18c2daed,api,2,ts-prop,intervalo,,apps/api/src/controllers/management-analytics.ts:72,73,no,,,candidate,,,api-core
api-ts-prop-27d9ed54,api,2,ts-prop,introspeccao,,apps/api/tests/dictionary-crm.test.ts:28,3,no,,,candidate,,,api-tests
api-ts-prop-f0b86ffe,api,2,ts-prop,janela,,apps/api/src/controllers/management-operations.ts:65,141,no,,,candidate,,,api-core
api-ts-prop-4aa17028,api,2,ts-prop,janela,,apps/api/src/controllers/management-operations.ts:78,141,no,,,candidate,,,api-core
api-ts-prop-3cf4cfcc,api,2,ts-prop,limite,,apps/api/src/controllers/management-analytics.ts:75,381,no,,,candidate,,,api-core
api-ts-prop-2da51165,api,2,ts-prop,limite,,apps/api/src/domain/channels.ts:28,381,no,,,candidate,,,api-domain
api-ts-prop-402239e9,api,2,ts-prop,limite,,apps/api/src/domain/management/monitoring.ts:118,381,no,,,candidate,,,api-domain
api-ts-prop-37b64f7e,api,2,ts-prop,limiteSimultaneo,,apps/api/src/domain/management/registrations.ts:1085,18,no,,,candidate,,,api-domain
api-ts-prop-a97f2354,api,2,ts-prop,mensagem_id,,apps/api/tests/messages-active.test.ts:107,39,no,,,candidate,,,api-tests
api-ts-prop-12c42512,api,2,ts-prop,mensagem_id,,apps/api/tests/messages-active.test.ts:186,39,no,,,candidate,,,api-tests
api-ts-prop-db490403,api,2,ts-prop,mensagem_id,,apps/api/tests/messages-active.test.ts:98,39,no,,,candidate,,,api-tests
api-ts-prop-afa48f96,api,2,ts-prop,mensagem,,apps/api/tests/builder-by-flow.test.ts:398,992,no,,,candidate,,,api-tests
api-ts-prop-760521f7,api,2,ts-prop,mensagem,,apps/api/tests/builder-test-run.test.ts:236,992,no,,,candidate,,,api-tests
api-ts-prop-09b6a6f8,api,2,ts-prop,mensagemId,,apps/api/src/domain/message-active.ts:45,13,no,,,candidate,,,api-domain
api-ts-prop-9d9aa2f5,api,2,ts-prop,mensagens,,apps/api/tests/jsonb-compat.test.ts:177,334,no,,,candidate,,,api-tests
api-ts-prop-64ca19b4,api,2,ts-prop,menuPersistente,KEEP,apps/api/src/domain/management/configuration-of-flow.ts:20,0,unknown,,,candidate,,jsonb:flow.configuration,api-domain
api-ts-prop-732de1a1,api,2,ts-prop,naFila,,apps/api/src/domain/management/monitoring.ts:82,3,no,,,candidate,,,api-domain
api-ts-prop-07eaf07b,api,2,ts-prop,obrigatoria_no_encerramento,,apps/api/src/domain/conversation.ts:176,11,no,,,candidate,,,api-domain
api-ts-prop-c28f3ea1,api,2,ts-prop,opcoes,,apps/api/src/domain/flow.ts:1092,41,no,,,candidate,,,api-domain
api-ts-prop-c14e1b96,api,2,ts-prop,outbox_mensagem,,apps/api/tests/builder-test-run.test.ts:237,60,no,,,candidate,,,api-tests
api-ts-prop-aa91fcc8,api,2,ts-prop,paginaId,,apps/api/src/domain/messenger/channel.ts:12,14,no,,,candidate,,,api-domain
api-ts-prop-0386cdb0,api,2,ts-prop,paginas,,apps/api/tests/dictionary-crm.test.ts:30,1464,no,,,candidate,,,api-tests
api-ts-prop-b2953e55,api,2,ts-prop,periodo,,apps/api/src/controllers/management-analytics.ts:71,58,no,,,candidate,,,api-core
api-ts-prop-636944d0,api,2,ts-prop,pipeContatoId,,apps/api/src/domain/twenty.ts:152,33,no,,,candidate,,,api-domain
api-ts-prop-a4d9581e,api,2,ts-prop,primeira_resposta_em,,apps/api/src/domain/desk/consultas.ts:411,22,no,,,candidate,,,api-domain
api-ts-prop-3f074f08,api,2,ts-prop,primeira_resposta_em,,apps/api/src/domain/desk/consultas.ts:56,22,no,,,candidate,,,api-domain
api-ts-prop-ea58c559,api,2,ts-prop,primeira_resposta,,apps/api/src/domain/management/pesquisa.ts:35,46,no,,,candidate,,,api-domain
api-ts-prop-a2dd919c,api,2,ts-prop,prioridade,,apps/api/src/domain/flow.ts:330,85,no,,,candidate,,,api-domain
api-ts-prop-a4ddc0b4,api,2,ts-prop,prioridade,,apps/api/src/domain/management/builder-test-run.ts:41,85,no,,,candidate,,,api-domain
api-ts-prop-3c8eb99e,api,2,ts-prop,provedor,,apps/api/src/domain/sso.ts:43,105,no,,,candidate,,,api-domain
api-ts-prop-e86f8159,api,2,ts-prop,relatorio,,apps/api/src/controllers/management-operations.ts:103,16,no,,,candidate,,,api-core
api-ts-prop-518391b7,api,2,ts-prop,servico_id,,apps/api/src/domain/router.ts:10,16,no,,,candidate,,,api-domain
api-ts-prop-80187766,api,2,ts-prop,servico_id,,apps/api/src/domain/router.ts:19,16,no,,,candidate,,,api-domain
api-ts-prop-f1516923,api,2,ts-prop,servico_id,,apps/api/tests/builder-commands.test.ts:144,16,no,,,candidate,,,api-tests
api-ts-prop-82f179ac,api,2,ts-prop,servico_id,,apps/api/tests/channel-of-flow.test.ts:449,16,no,,,candidate,,,api-tests
api-ts-prop-1f87b5f2,api,2,ts-prop,tempoMedioAtendimentoSeg,,apps/api/src/domain/management/monitoring.ts:135,8,no,,,candidate,,,api-domain
api-ts-prop-82ab8f13,api,2,ts-prop,tempoMedioAtendimentoSeg,,apps/api/src/domain/management/monitoring.ts:144,8,no,,,candidate,,,api-domain
api-ts-prop-56d19993,api,2,ts-prop,tempoMedioRespostaSeg,,apps/api/src/domain/management/monitoring.ts:134,3,no,,,candidate,,,api-domain
api-ts-prop-7d7a4d28,api,2,ts-prop,texto,,apps/api/src/controllers/conversations.ts:258,1706,no,,,candidate,,,api-core
api-ts-prop-99856e36,api,2,ts-prop,texto,,apps/api/src/controllers/conversations.ts:69,1706,no,,,candidate,,,api-core
api-ts-prop-a7cb14f9,api,2,ts-prop,texto,,apps/api/src/controllers/management-flow.ts:382,1706,no,,,candidate,,,api-core
api-ts-prop-ef056c1e,api,2,ts-prop,texto,,apps/api/src/controllers/management-operations.ts:165,1706,no,,,candidate,,,api-core
api-ts-prop-ce9e8c3b,api,2,ts-prop,texto,,apps/api/src/domain/convites.ts:77,1706,no,,,candidate,,,api-domain
api-ts-prop-7cec99dd,api,2,ts-prop,texto,,apps/api/src/domain/email.ts:12,1706,no,,,candidate,,,api-domain
api-ts-prop-ae58fd5d,api,2,ts-prop,texto,,apps/api/src/domain/engine-services.ts:225,1706,no,,,candidate,,,api-domain
api-ts-prop-6e902683,api,2,ts-prop,texto,,apps/api/src/domain/envio.ts:27,1706,no,,,candidate,,,api-domain
api-ts-prop-0d303cd7,api,2,ts-prop,texto,,apps/api/src/domain/envio.ts:296,1706,no,,,candidate,,,api-domain
api-ts-prop-ea8c30b3,api,2,ts-prop,texto,,apps/api/src/domain/flow.ts:1092,1706,no,,,candidate,,,api-domain
api-ts-prop-e2c03846,api,2,ts-prop,texto,,apps/api/src/domain/flow.ts:1163,1706,no,,,candidate,,,api-domain
api-ts-prop-d6534b08,api,2,ts-prop,texto,,apps/api/src/domain/management/communication.ts:51,1706,no,,,candidate,,,api-domain
api-ts-prop-9ddd074d,api,2,ts-prop,texto,,apps/api/src/domain/management/configuration-of-flow.ts:142,1706,no,,,candidate,,,api-domain
api-ts-prop-7322f5f3,api,2,ts-prop,texto,,apps/api/src/domain/management/configuration-of-flow.ts:146,1706,no,,,candidate,,,api-domain
api-ts-prop-99c130cc,api,2,ts-prop,texto,,apps/api/src/domain/management/configuration-of-flow.ts:173,1706,no,,,candidate,,,api-domain
api-ts-prop-85e87896,api,2,ts-prop,texto,,apps/api/src/domain/management/monitoring.ts:168,1706,no,,,candidate,,,api-domain
api-ts-prop-181ec55c,api,2,ts-prop,texto,,apps/api/src/domain/management/monitoring.ts:192,1706,no,,,candidate,,,api-domain
api-ts-prop-ec564975,api,2,ts-prop,texto,,apps/api/src/domain/management/satisfaction.ts:55,1706,no,,,candidate,,,api-domain
api-ts-prop-841e0f5d,api,2,ts-prop,texto,,apps/api/src/domain/mtls.ts:185,1706,no,,,candidate,,,api-domain
api-ts-prop-1ac1ff4d,api,2,ts-prop,texto,,apps/api/src/domain/whatsapp/events-of-template.ts:82,1706,no,,,candidate,,,api-domain
api-ts-prop-fb9cb0cf,api,2,ts-prop,texto,,apps/api/src/domain/whatsapp/modelos.ts:288,1706,no,,,candidate,,,api-domain
api-ts-prop-df3315c9,api,2,ts-prop,texto,,apps/api/tests/input-expiration.test.ts:303,1706,no,,,candidate,,,api-tests
api-ts-prop-4d5cb507,api,2,ts-prop,textoBotao,,apps/api/src/controllers/management-flow.ts:352,24,no,,,candidate,,,api-core
api-ts-prop-0e22f510,api,2,ts-prop,textoBotao,,apps/api/src/domain/management/configuration-of-flow.ts:76,24,no,,,candidate,,,api-domain
api-ts-prop-64cd501a,api,2,ts-prop,textoDoBotao,,apps/api/src/domain/whatsapp/modelos.ts:223,8,no,,,candidate,,,api-domain
api-ts-prop-8a2bc973,api,2,ts-prop,token_verificacao,,apps/api/src/domain/dominios.ts:81,7,no,,,candidate,,,api-domain
api-ts-prop-d41b641c,api,2,ts-prop,twenty_chave,,apps/api/src/domain/twenty.ts:35,9,no,,,candidate,,,api-domain
api-ts-prop-f2e7bd3b,api,2,ts-prop,ultima_mensagem_em,,apps/api/src/domain/desk/consultas.ts:57,19,no,,,candidate,,,api-domain
api-ts-prop-fc4b9514,api,2,ts-prop,uri,KEEP,apps/api/src/domain/flow.ts:1313,0,unknown,,,candidate,,jsonb:block.conteudo,api-domain
api-ts-prop-a6a3e0e1,api,2,ts-prop,urlAutorizacao,,apps/api/src/domain/management/integrations.ts:455,7,no,,,candidate,,,api-domain
api-ts-prop-b7598085,api,2,ts-prop,urlMensagens,,apps/api/src/domain/management/integrations.ts:887,1,no,,,candidate,,,api-domain
api-ts-prop-c48dde89,api,2,ts-prop,urlNotificacoes,,apps/api/src/domain/management/integrations.ts:888,1,no,,,candidate,,,api-domain
api-ts-prop-44d136ef,api,2,ts-prop,usuarioId,,apps/api/src/domain/convites.ts:39,283,no,,,candidate,,,api-domain
api-ts-prop-0128b518,api,2,ts-prop,utilidade,,apps/api/src/domain/management/communication.ts:34,51,no,,,candidate,,,api-domain
api-ts-prop-64351931,api,2,ts-prop,valor_cifrado,,apps/api/tests/flow-secrets.test.ts:106,10,no,,,candidate,,,api-tests
api-ts-prop-cb26b5db,api,2,ts-prop,valor_cifrado,,apps/api/tests/flow-secrets.test.ts:107,10,no,,,candidate,,,api-tests
api-ts-prop-f16f605d,api,2,ts-prop,valor,,apps/api/src/domain/flow.ts:452,695,no,,,candidate,,,api-domain
api-ts-prop-6f594fc3,api,2,ts-prop,variaveis,,apps/api/tests/channels.test.ts:610,80,no,,,candidate,,,api-tests
api-ts-prop-a2e42e52,api,2,ts-prop,variaveis,,apps/api/tests/channels.test.ts:747,80,no,,,candidate,,,api-tests
api-ts-prop-7cb7721c,api,2,ts-prop,variaveis,,apps/api/tests/channels.test.ts:862,80,no,,,candidate,,,api-tests
bridge-symbol-3c6145c6,bridge,4,symbol,comoTicket,,apps/bridge/src/translation.ts:92,17,no,,,candidate,,,api-core
bridge-symbol-b94a295f,bridge,4,symbol,comoTime,,apps/bridge/src/translation.ts:199,3,no,,,candidate,,,api-core
bridge-symbol-9e130bac,bridge,4,symbol,texto,,apps/bridge/src/servidor.ts:92,1706,no,,,candidate,,,api-core
bridge-test-title-09ca410f,bridge,1,test-title,"escapa o arroba do e-mail, como a Blip faz",,apps/bridge/tests/translation.test.ts:159,0,no,,,candidate,,,api-core
bridge-ts-local-4e5daa64,bridge,4,ts-local,limite,,apps/bridge/src/rotas.ts:63,381,no,,,candidate,,,api-core
bridge-ts-local-8198209c,bridge,4,ts-local,texto,,apps/bridge/src/actions.ts:67,1706,no,,,candidate,,,api-core
bridge-ts-prop-bde69f58,bridge,4,ts-prop,texto,,apps/bridge/src/rotas.ts:166,1706,no,,,candidate,,,api-core
crm-literal-value-7fc57b7a,crm,3,literal-value,conta,,apps/crm/src/lib/search-tipos.ts:12,510,unknown,,,candidate,,,crm-tools-site
crm-literal-value-721dff50,crm,3,literal-value,contato,,apps/crm/src/lib/search-tipos.ts:12,706,unknown,,,candidate,,,crm-tools-site
crm-literal-value-59431ba1,crm,3,literal-value,cordeiroalimentos.com.br,,apps/crm/seed/seed-crm.ts:111,1,unknown,,,candidate,,,crm-tools-site
crm-literal-value-eefc7d37,crm,3,literal-value,oportunidade,,apps/crm/src/lib/search-tipos.ts:12,30,unknown,,,candidate,,,crm-tools-site
crm-literal-value-1a23e094,crm,3,literal-value,rezendeeducacao.com.br,,apps/crm/seed/seed-crm.ts:118,1,unknown,,,candidate,,,crm-tools-site
crm-literal-value-24b86d30,crm,3,literal-value,tempo,,apps/crm/src/app/leads/[id]/page.tsx:53,227,unknown,,,candidate,,,crm-tools-site
crm-literal-value-269bb67b,crm,3,literal-value,texto_longo,,apps/crm/seed/seed-crm.ts:300,2,unknown,,,candidate,,,crm-tools-site
crm-symbol-f313ab71,crm,3,symbol,ehCampoDeTexto,,apps/crm/src/components/lista-de-leads.tsx:64,3,no,,,candidate,,,crm-tools-site
crm-symbol-dfa7eee4,crm,3,symbol,ler,,apps/crm/src/components/colunas.tsx:92,165,no,,,candidate,,,crm-tools-site
crm-symbol-566f5624,crm,3,symbol,ler,,apps/crm/src/components/redimensionar.ts:31,165,no,,,candidate,,,crm-tools-site
crm-symbol-e4b82ef9,crm,3,symbol,ler,,apps/crm/src/components/views-salvas.tsx:32,165,no,,,candidate,,,crm-tools-site
crm-symbol-c0be133a,crm,3,symbol,lerEspaco,,apps/crm/src/lib/settings-data.ts:166,9,no,,,candidate,,,crm-tools-site
crm-symbol-3568b074,crm,3,symbol,LIMITE_LISTA,,apps/crm/src/lib/accounts.ts:20,22,no,,,candidate,,,crm-tools-site
crm-symbol-d18defbc,crm,3,symbol,LIMITE_LISTA,,apps/crm/src/lib/contacts.ts:27,22,no,,,candidate,,,crm-tools-site
crm-symbol-c0d88a45,crm,3,symbol,LIMITE_LISTA,,apps/crm/src/lib/funil.ts:148,22,no,,,candidate,,,crm-tools-site
crm-symbol-012e3a0d,crm,3,symbol,LIMITE_LISTA,,apps/crm/src/lib/leads-visao.ts:52,22,no,,,candidate,,,crm-tools-site
crm-symbol-cfa2fb7c,crm,3,symbol,resultado,,apps/crm/seed/seed-crm.ts:584,426,no,,,candidate,,,crm-tools-site
crm-symbol-736d481b,crm,3,symbol,resultado,,apps/crm/src/app/settings/actions.ts:106,426,no,,,candidate,,,crm-tools-site
crm-symbol-3fce0ca9,crm,3,symbol,resultado,,apps/crm/src/app/settings/actions.ts:116,426,no,,,candidate,,,crm-tools-site
crm-symbol-e531c76e,crm,3,symbol,resultado,,apps/crm/src/app/settings/actions.ts:125,426,no,,,candidate,,,crm-tools-site
crm-symbol-7aa8ab79,crm,3,symbol,resultado,,apps/crm/src/app/settings/actions.ts:137,426,no,,,candidate,,,crm-tools-site
crm-symbol-ce11d5df,crm,3,symbol,resultado,,apps/crm/src/app/settings/actions.ts:149,426,no,,,candidate,,,crm-tools-site
crm-symbol-dd7ddfbc,crm,3,symbol,resultado,,apps/crm/src/app/settings/actions.ts:162,426,no,,,candidate,,,crm-tools-site
crm-symbol-63895a7c,crm,3,symbol,resultado,,apps/crm/src/app/settings/actions.ts:179,426,no,,,candidate,,,crm-tools-site
crm-symbol-6da33fd7,crm,3,symbol,resultado,,apps/crm/src/app/settings/actions.ts:193,426,no,,,candidate,,,crm-tools-site
crm-symbol-114c4ed5,crm,3,symbol,resultado,,apps/crm/src/app/settings/actions.ts:205,426,no,,,candidate,,,crm-tools-site
crm-symbol-d83e0af6,crm,3,symbol,resultado,,apps/crm/src/app/settings/actions.ts:213,426,no,,,candidate,,,crm-tools-site
crm-symbol-90c8f4e9,crm,3,symbol,resultado,,apps/crm/src/app/settings/actions.ts:225,426,no,,,candidate,,,crm-tools-site
crm-symbol-b3bf4167,crm,3,symbol,resultado,,apps/crm/src/app/settings/actions.ts:231,426,no,,,candidate,,,crm-tools-site
crm-symbol-ff376353,crm,3,symbol,resultado,,apps/crm/src/app/settings/actions.ts:243,426,no,,,candidate,,,crm-tools-site
crm-symbol-ab75bdf4,crm,3,symbol,resultado,,apps/crm/src/app/settings/actions.ts:256,426,no,,,candidate,,,crm-tools-site
crm-symbol-a51be0d4,crm,3,symbol,resultado,,apps/crm/src/app/settings/actions.ts:71,426,no,,,candidate,,,crm-tools-site
crm-symbol-790da705,crm,3,symbol,resultado,,apps/crm/src/app/settings/actions.ts:82,426,no,,,candidate,,,crm-tools-site
crm-symbol-ed726324,crm,3,symbol,resultado,,apps/crm/src/app/settings/actions.ts:97,426,no,,,candidate,,,crm-tools-site
crm-symbol-eb81dc6d,crm,3,symbol,Resultado,,apps/crm/src/lib/search-tipos.ts:14,273,no,,,candidate,,,crm-tools-site
crm-symbol-5052580a,crm,3,symbol,Resultado,,apps/crm/src/lib/settings-comum.ts:319,273,no,,,candidate,,,crm-tools-site
crm-symbol-4f459d74,crm,3,symbol,ResultadoCampo,,apps/crm/src/app/leads/actions.ts:67,2,no,,,candidate,,,crm-tools-site
crm-symbol-3d492239,crm,3,symbol,texto,,apps/crm/src/app/settings/actions.ts:48,1706,no,,,candidate,,,crm-tools-site
crm-symbol-fabacc97,crm,3,symbol,texto,,apps/crm/src/components/celula-inline.tsx:88,1706,no,,,candidate,,,crm-tools-site
crm-symbol-2ce3504f,crm,3,symbol,texto,,apps/crm/src/components/lista-de-leads.tsx:724,1706,no,,,candidate,,,crm-tools-site
crm-symbol-d5db34bd,crm,3,symbol,texto,,apps/crm/src/lib/leads-visao.ts:231,1706,no,,,candidate,,,crm-tools-site
crm-symbol-f3a70697,crm,3,symbol,textoDaResposta,,apps/crm/src/lib/leads.ts:422,2,no,,,candidate,,,crm-tools-site
crm-symbol-a028580a,crm,3,symbol,TipoDeResultado,,apps/crm/src/lib/search-tipos.ts:12,5,no,,,candidate,,,crm-tools-site
crm-ts-local-dfb3d062,crm,3,ts-local,copiado,,apps/crm/src/components/settings/formulario.tsx:187,68,no,,,candidate,,,crm-tools-site
crm-ts-local-8ce1fc1b,crm,3,ts-local,resultado,,apps/crm/src/components/menu-de-comando.tsx:105,426,no,,,candidate,,,crm-tools-site
crm-ts-local-344bea6a,crm,3,ts-local,resultado,,apps/crm/src/components/settings/formulario.tsx:157,426,no,,,candidate,,,crm-tools-site
crm-ts-local-11825edf,crm,3,ts-local,resultado,,apps/crm/src/components/settings/formulario.tsx:42,426,no,,,candidate,,,crm-tools-site
crm-ts-local-cc865ba0,crm,3,ts-local,resultado,,apps/crm/src/components/settings/formulario.tsx:77,426,no,,,candidate,,,crm-tools-site
crm-ts-local-90736498,crm,3,ts-local,setCopiado,,apps/crm/src/components/settings/formulario.tsx:187,14,no,,,candidate,,,crm-tools-site
crm-ts-local-1a6a9560,crm,3,ts-local,texto,,apps/crm/src/components/celula-inline.tsx:56,1706,no,,,candidate,,,crm-tools-site
crm-ts-prop-808fa2b5,crm,3,ts-prop,conta,,apps/crm/src/lib/search-tipos.ts:27,510,no,,,candidate,,,crm-tools-site
crm-ts-prop-f4ee2c63,crm,3,ts-prop,contato,,apps/crm/src/lib/search-tipos.ts:28,706,no,,,candidate,,,crm-tools-site
crm-ts-prop-0f11382a,crm,3,ts-prop,descricao,,apps/crm/src/lib/settings-data.ts:515,236,no,,,candidate,,,crm-tools-site
crm-ts-prop-00a843cd,crm,3,ts-prop,membros,,apps/crm/src/lib/settings-data.ts:518,80,no,,,candidate,,,crm-tools-site
crm-ts-prop-419363af,crm,3,ts-prop,oportunidade,,apps/crm/src/lib/search-tipos.ts:26,30,no,,,candidate,,,crm-tools-site
crm-ts-prop-d6255e71,crm,3,ts-prop,permissoes,,apps/crm/src/lib/settings-data.ts:517,53,no,,,candidate,,,crm-tools-site
crm-ts-prop-344bea6a,crm,3,ts-prop,resultado,,apps/crm/src/components/settings/formulario.tsx:157,426,no,,,candidate,,,crm-tools-site
crm-ts-prop-af2acf82,crm,3,ts-prop,texto,,apps/crm/src/components/settings/seletor-de-tema.tsx:31,1706,no,,,candidate,,,crm-tools-site
desk-vite-literal-value-ffbf0663,desk-vite,3,literal-value,mais-opcoes,,apps/desk-vite/src/components/icones-desk.tsx:142,3,unknown,,,candidate,,,mgmt-rest-desk
desk-vite-literal-value-ca7cd37d,desk-vite,3,literal-value,usuario-ativo,,apps/desk-vite/src/components/icones-desk.tsx:550,1,unknown,,,candidate,,,mgmt-rest-desk
desk-vite-symbol-7c68d47a,desk-vite,3,symbol,INTERVALO_EM_TRANSITO_MS,,apps/desk-vite/src/lib/delivery-interval.ts:4,2,no,,,candidate,,,mgmt-rest-desk
desk-vite-symbol-3ec70a70,desk-vite,3,symbol,INTERVALO_NORMAL_MS,,apps/desk-vite/src/lib/delivery-interval.ts:3,2,no,,,candidate,,,mgmt-rest-desk
desk-vite-symbol-d0360fca,desk-vite,3,symbol,Intervalo,,apps/desk-vite/src/lib/period.ts:18,41,no,,,candidate,,,mgmt-rest-desk
desk-vite-symbol-47b854bf,desk-vite,3,symbol,intervalo,,apps/desk-vite/src/pages/analytics/page.tsx:28,73,no,,,candidate,,,mgmt-rest-desk
desk-vite-symbol-af839626,desk-vite,3,symbol,intervaloDoAtalho,,apps/desk-vite/src/lib/period.ts:35,8,no,,,candidate,,,mgmt-rest-desk
desk-vite-symbol-e361c166,desk-vite,3,symbol,intervaloPersonalizado,,apps/desk-vite/src/lib/period.ts:66,6,no,,,candidate,,,mgmt-rest-desk
desk-vite-symbol-f226c0c2,desk-vite,3,symbol,resultado,,apps/desk-vite/src/lib/actions.ts:27,426,no,,,candidate,,,mgmt-rest-desk
desk-vite-symbol-bbec9d50,desk-vite,3,symbol,Resultado,,apps/desk-vite/src/lib/actions.ts:5,273,no,,,candidate,,,mgmt-rest-desk
desk-vite-symbol-d6cba4a1,desk-vite,3,symbol,texto,,apps/desk-vite/src/components/avatar.tsx:26,1706,no,,,candidate,,,mgmt-rest-desk
desk-vite-symbol-67742329,desk-vite,3,symbol,texto,,apps/desk-vite/src/lib/actions.ts:21,1706,no,,,candidate,,,mgmt-rest-desk
desk-vite-symbol-1b71d70f,desk-vite,3,symbol,texto,,apps/desk-vite/src/pages/attendances/conversation.tsx:643,1706,no,,,candidate,,,mgmt-rest-desk
desk-vite-symbol-51a580ef,desk-vite,3,symbol,texto,,apps/desk-vite/src/pages/attendances/panel.tsx:180,1706,no,,,candidate,,,mgmt-rest-desk
desk-vite-test-title-adbfe4b4,desk-vite,3,test-title,o intervalo à mão vira quando invertido e cabe no teto de 90 dias,,apps/desk-vite/tests/period.test.ts:22,0,no,,,candidate,,,mgmt-rest-desk
desk-vite-ts-local-f322f058,desk-vite,3,ts-local,chave,,apps/desk-vite/src/lib/preferences.ts:29,571,no,,,candidate,,,mgmt-rest-desk
desk-vite-ts-local-cf25f668,desk-vite,3,ts-local,copiado,,apps/desk-vite/src/pages/attendances/panel.tsx:179,68,no,,,candidate,,,mgmt-rest-desk
desk-vite-ts-local-7d7f293a,desk-vite,3,ts-local,ler,,apps/desk-vite/src/lib/preferences.ts:29,165,no,,,candidate,,,mgmt-rest-desk
desk-vite-ts-local-a15f8290,desk-vite,3,ts-local,resultado,,apps/desk-vite/src/pages/active-message/page.tsx:47,426,no,,,candidate,,,mgmt-rest-desk
desk-vite-ts-local-d3012f10,desk-vite,3,ts-local,setCopiado,,apps/desk-vite/src/pages/attendances/panel.tsx:179,14,no,,,candidate,,,mgmt-rest-desk
desk-vite-ts-local-2b2b2413,desk-vite,3,ts-local,setResultado,,apps/desk-vite/src/pages/active-message/page.tsx:47,9,no,,,candidate,,,mgmt-rest-desk
desk-vite-ts-local-f43b4b0f,desk-vite,3,ts-local,setTexto,,apps/desk-vite/src/pages/attendances/composer.tsx:27,14,no,,,candidate,,,mgmt-rest-desk
desk-vite-ts-local-85fa5551,desk-vite,3,ts-local,setTexto,,apps/desk-vite/src/pages/attendances/panel.tsx:386,14,no,,,candidate,,,mgmt-rest-desk
desk-vite-ts-local-d72d6a24,desk-vite,3,ts-local,texto,,apps/desk-vite/src/lib/order.ts:108,1706,no,,,candidate,,,mgmt-rest-desk
desk-vite-ts-local-67d9ea17,desk-vite,3,ts-local,texto,,apps/desk-vite/src/lib/order.ts:88,1706,no,,,candidate,,,mgmt-rest-desk
desk-vite-ts-local-b83b518c,desk-vite,3,ts-local,texto,,apps/desk-vite/src/pages/attendances/composer.tsx:27,1706,no,,,candidate,,,mgmt-rest-desk
desk-vite-ts-local-47e90cca,desk-vite,3,ts-local,texto,,apps/desk-vite/src/pages/attendances/panel.tsx:386,1706,no,,,candidate,,,mgmt-rest-desk
desk-vite-ts-prop-7b5edf8a,desk-vite,3,ts-prop,estado,,apps/desk-vite/src/lib/situation.ts:17,836,no,,,candidate,,,mgmt-rest-desk
infra-symbol-a54e94d9,infra,4,symbol,texto,,tools/std/jsonb-keys.ts:134,1706,no,,,candidate,,,crm-tools-site
infra-ts-local-9d1c02cf,infra,4,ts-local,arquivo,,tools/std/jsonb-keys.ts:193,487,no,,,candidate,,,crm-tools-site
infra-ts-local-ff157317,infra,4,ts-local,chave,,tools/std/drafting.ts:65,571,no,,,candidate,,,crm-tools-site
infra-ts-local-edaaa6c1,infra,4,ts-local,chave,,tools/std/jsonb-keys.ts:166,571,no,,,candidate,,,crm-tools-site
infra-ts-local-d998a04d,infra,4,ts-local,chave,,tools/std/jsonb-keys.ts:194,571,no,,,candidate,,,crm-tools-site
infra-ts-local-b7a64674,infra,4,ts-local,chave,,tools/std/jsonb-keys.ts:53,571,no,,,candidate,,,crm-tools-site
infra-ts-local-d893cf11,infra,4,ts-local,entrada,,tools/std/jsonb-keys.ts:164,534,no,,,candidate,,,crm-tools-site
infra-ts-local-2a1437b7,infra,4,ts-local,texto,,tools/std/jsonb-keys.test.ts:29,1706,no,,,candidate,,,crm-tools-site
infra-ts-local-3a4b1631,infra,4,ts-local,valor,,tools/std/drafting.ts:65,695,no,,,candidate,,,crm-tools-site
management-vite-literal-value-c422c2a5,management-vite,4,literal-value,atendentes,,apps/management-vite/src/pages/operation/reports-attendance.tsx:38,233,unknown,,,candidate,,,mgmt-pages
management-vite-literal-value-55b36761,management-vite,4,literal-value,autenticacao,,apps/management-vite/src/lib/communication.ts:2,152,unknown,,,candidate,,,mgmt-rest-desk
management-vite-literal-value-8723c0d7,management-vite,4,literal-value,busca,,apps/management-vite/src/pages/flow/log/log.tsx:15,350,unknown,,,candidate,,,mgmt-pages
management-vite-literal-value-bb14fbda,management-vite,4,literal-value,direcao,,apps/management-vite/src/pages/flow/log/log.tsx:15,65,unknown,,,candidate,,,mgmt-pages
management-vite-literal-value-e39593b7,management-vite,4,literal-value,documento,,apps/management-vite/src/lib/communication.ts:33,231,unknown,,,candidate,,,mgmt-rest-desk
management-vite-literal-value-6045e829,management-vite,4,literal-value,documento,,apps/management-vite/tests/builder-content.test.ts:38,231,unknown,,,candidate,,,mgmt-rest-desk
management-vite-literal-value-4c0d4f27,management-vite,4,literal-value,encerramento,,apps/management-vite/src/lib/pesquisa.ts:30,112,unknown,,,candidate,,,mgmt-rest-desk
management-vite-literal-value-3b9e39ef,management-vite,4,literal-value,filas,,apps/management-vite/src/pages/operation/reports-attendance.tsx:39,293,unknown,,,candidate,,,mgmt-pages
management-vite-literal-value-a6d99198,management-vite,4,literal-value,fluxo,,apps/management-vite/tests/flow-detalhe.test.ts:21,2087,unknown,,,candidate,,,mgmt-rest-desk
management-vite-literal-value-fbad4d31,management-vite,4,literal-value,fluxo,,apps/management-vite/tests/flow-detalhe.test.ts:28,2087,unknown,,,candidate,,,mgmt-rest-desk
management-vite-literal-value-ed01f356,management-vite,4,literal-value,fluxo,,apps/management-vite/tests/flow-detalhe.test.ts:35,2087,unknown,,,candidate,,,mgmt-rest-desk
management-vite-literal-value-9a300abb,management-vite,4,literal-value,fluxo,,apps/management-vite/tests/flow-detalhe.test.ts:44,2087,unknown,,,candidate,,,mgmt-rest-desk
management-vite-literal-value-2e2c5eba,management-vite,4,literal-value,fluxo,,apps/management-vite/tests/flow-detalhe.test.ts:55,2087,unknown,,,candidate,,,mgmt-rest-desk
management-vite-literal-value-b576784e,management-vite,4,literal-value,funcoes,,apps/management-vite/src/pages/builder/panel-configuration.tsx:47,7,unknown,,,candidate,,,mgmt-pages
management-vite-literal-value-ecff871b,management-vite,4,literal-value,imagem,,apps/management-vite/src/lib/communication.ts:33,235,unknown,,,candidate,,,mgmt-rest-desk
management-vite-literal-value-20fa5ddb,management-vite,4,literal-value,imagem,,apps/management-vite/tests/builder-content.test.ts:36,235,unknown,,,candidate,,,mgmt-rest-desk
management-vite-literal-value-e3c147d9,management-vite,4,literal-value,Já existe uma fila com esse nome.,,apps/management-vite/src/pages/builder/queues-panel.ts:25,0,unknown,,,candidate,,,mgmt-pages
management-vite-literal-value-276e8da5,management-vite,4,literal-value,membros,,apps/management-vite/src/pages/contract/members/tabela.tsx:600,80,unknown,,,candidate,,,mgmt-pages
management-vite-literal-value-d3528106,management-vite,4,literal-value,papel,,apps/management-vite/src/pages/contract/members/tabela.tsx:54,270,unknown,,,candidate,,,mgmt-pages
management-vite-literal-value-78445cea,management-vite,4,literal-value,primeira_resposta,,apps/management-vite/src/lib/pesquisa.ts:30,46,unknown,,,candidate,,,mgmt-rest-desk
management-vite-literal-value-512840fe,management-vite,4,literal-value,texto,,apps/management-vite/src/lib/communication.ts:33,1706,unknown,,,candidate,,,mgmt-rest-desk
management-vite-literal-value-e00d9e7c,management-vite,4,literal-value,texto,,apps/management-vite/src/pages/flow/contents/regras.ts:7,1706,unknown,,,candidate,,,mgmt-pages
management-vite-literal-value-979c031a,management-vite,4,literal-value,texto,,apps/management-vite/src/pages/registrations/communication-templates-formulario.tsx:17,1706,unknown,,,candidate,,,mgmt-pages
management-vite-literal-value-38f9d677,management-vite,4,literal-value,texto,,apps/management-vite/tests/conteudos-regras.test.ts:81,1706,unknown,,,candidate,,,mgmt-rest-desk
management-vite-literal-value-add9c559,management-vite,4,literal-value,usuario,,apps/management-vite/src/pages/builder/panel-variables.tsx:22,233,unknown,,,candidate,,,mgmt-pages
management-vite-literal-value-8fc8e031,management-vite,4,literal-value,utilidade,,apps/management-vite/src/lib/communication.ts:2,51,unknown,,,candidate,,,mgmt-rest-desk
management-vite-literal-value-90b97a01,management-vite,4,literal-value,utilidade,,apps/management-vite/src/pages/registrations/communication-templates-formulario.tsx:8,51,unknown,,,candidate,,,mgmt-pages
management-vite-literal-value-eff27039,management-vite,4,literal-value,Você precisa dar um nome para essa fila,,apps/management-vite/src/pages/builder/queues-panel.ts:25,0,unknown,,,candidate,,,mgmt-pages
management-vite-symbol-124d4474,management-vite,4,symbol,abrirFilas,,apps/management-vite/src/pages/builder.tsx:169,2,no,,,candidate,,,mgmt-pages
management-vite-symbol-faaa2abb,management-vite,4,symbol,abrirFuncoes,,apps/management-vite/src/pages/builder.tsx:187,5,no,,,candidate,,,mgmt-pages
management-vite-symbol-78da3313,management-vite,4,symbol,abrirFuncoes,,apps/management-vite/src/pages/builder/panel-configuration.tsx:86,5,no,,,candidate,,,mgmt-pages
management-vite-symbol-5295b513,management-vite,4,symbol,acoes,,apps/management-vite/tests/builder-actions.test.ts:206,62,no,,,candidate,,,mgmt-rest-desk
management-vite-symbol-b7a3021a,management-vite,4,symbol,alternarFiltroDePesquisa,,apps/management-vite/src/pages/builder/panel-outputs.tsx:78,2,no,,,candidate,,,mgmt-pages
management-vite-symbol-01086de4,management-vite,4,symbol,aplicarBusca,,apps/management-vite/src/pages/builder/panel-queues.tsx:38,2,no,,,candidate,,,mgmt-pages
management-vite-symbol-a0dc897a,management-vite,4,symbol,avisoDasFilas,,apps/management-vite/src/pages/builder.tsx:133,2,no,,,candidate,,,mgmt-pages
management-vite-symbol-362dc63c,management-vite,4,symbol,bloco,,apps/management-vite/tests/builder-content.test.ts:112,854,no,,,candidate,,,mgmt-rest-desk
management-vite-symbol-a3262bed,management-vite,4,symbol,bloco,,apps/management-vite/tests/builder-content.test.ts:124,854,no,,,candidate,,,mgmt-rest-desk
management-vite-symbol-f3b9ad38,management-vite,4,symbol,bloco,,apps/management-vite/tests/builder-content.test.ts:172,854,no,,,candidate,,,mgmt-rest-desk
management-vite-symbol-81659c1b,management-vite,4,symbol,bloco,,apps/management-vite/tests/builder-content.test.ts:43,854,no,,,candidate,,,mgmt-rest-desk
management-vite-symbol-e35a3370,management-vite,4,symbol,bloco,,apps/management-vite/tests/builder-content.test.ts:58,854,no,,,candidate,,,mgmt-rest-desk
management-vite-symbol-a8a03009,management-vite,4,symbol,bloco,,apps/management-vite/tests/builder-content.test.ts:68,854,no,,,candidate,,,mgmt-rest-desk
management-vite-symbol-08540e66,management-vite,4,symbol,bloco,,apps/management-vite/tests/builder-content.test.ts:81,854,no,,,candidate,,,mgmt-rest-desk
management-vite-symbol-5e40b37b,management-vite,4,symbol,bloco,,apps/management-vite/tests/builder-content.test.ts:99,854,no,,,candidate,,,mgmt-rest-desk
management-vite-symbol-f51d696e,management-vite,4,symbol,bloco,,apps/management-vite/tests/builder-editor.test.ts:304,854,no,,,candidate,,,mgmt-rest-desk
management-vite-symbol-2fac27ec,management-vite,4,symbol,bloco,,apps/management-vite/tests/builder-editor.test.ts:311,854,no,,,candidate,,,mgmt-rest-desk
management-vite-symbol-5ad64a5b,management-vite,4,symbol,bloco,,apps/management-vite/tests/builder-editor.test.ts:320,854,no,,,candidate,,,mgmt-rest-desk
management-vite-symbol-e82aed70,management-vite,4,symbol,bloco,,apps/management-vite/tests/builder-painels.test.ts:425,854,no,,,candidate,,,mgmt-rest-desk
management-vite-symbol-24a1801e,management-vite,4,symbol,bloco,,apps/management-vite/tests/builder-search.test.ts:100,854,no,,,candidate,,,mgmt-rest-desk
management-vite-symbol-d4915741,management-vite,4,symbol,bloco,,apps/management-vite/tests/builder-search.test.ts:67,854,no,,,candidate,,,mgmt-rest-desk
management-vite-symbol-5808c89e,management-vite,4,symbol,bloco,,apps/management-vite/tests/builder-search.test.ts:73,854,no,,,candidate,,,mgmt-rest-desk
management-vite-symbol-fdcd985f,management-vite,4,symbol,bloco,,apps/management-vite/tests/builder-search.test.ts:78,854,no,,,candidate,,,mgmt-rest-desk
management-vite-symbol-c6f5ec4c,management-vite,4,symbol,bloco,,apps/management-vite/tests/builder-search.test.ts:84,854,no,,,candidate,,,mgmt-rest-desk
management-vite-symbol-f978d71d,management-vite,4,symbol,bloco,,apps/management-vite/tests/builder-search.test.ts:90,854,no,,,candidate,,,mgmt-rest-desk
management-vite-symbol-4c6d16f1,management-vite,4,symbol,bloco,,apps/management-vite/tests/builder-search.test.ts:95,854,no,,,candidate,,,mgmt-rest-desk
management-vite-symbol-8aa2920d,management-vite,4,symbol,blocoComAcao,,apps/management-vite/tests/builder-search.test.ts:38,3,no,,,candidate,,,mgmt-rest-desk
management-vite-symbol-9c630790,management-vite,4,symbol,blocoComConteudo,,apps/management-vite/tests/builder-search.test.ts:46,3,no,,,candidate,,,mgmt-rest-desk
management-vite-symbol-cdc9edf4,management-vite,4,symbol,blocoComSaida,,apps/management-vite/tests/builder-search.test.ts:27,3,no,,,candidate,,,mgmt-rest-desk
management-vite-symbol-7feb5629,management-vite,4,symbol,blocoComTag,,apps/management-vite/tests/builder-search.test.ts:22,2,no,,,candidate,,,mgmt-rest-desk
management-vite-symbol-5c384714,management-vite,4,symbol,CABECALHO_TEXTO_MAX,,apps/management-vite/src/pages/registrations/communication-templates-formulario.tsx:21,9,no,,,candidate,,,mgmt-pages
management-vite-symbol-0c534e71,management-vite,4,symbol,campoDeTexto,,apps/management-vite/src/pages/contract/members/convidar.tsx:44,2,no,,,candidate,,,mgmt-pages
management-vite-symbol-21ee77e9,management-vite,4,symbol,cartaoAberto,,apps/management-vite/src/pages/builder/queue-rules.tsx:195,3,no,,,candidate,,,mgmt-pages
management-vite-symbol-b09b80f2,management-vite,4,symbol,cartao,,apps/management-vite/tests/builder-content.test.ts:51,17,no,,,candidate,,,mgmt-rest-desk
management-vite-symbol-822b6267,management-vite,4,symbol,cartoes,,apps/management-vite/tests/builder-content.test.ts:49,6,no,,,candidate,,,mgmt-rest-desk
management-vite-symbol-27c0ab97,management-vite,4,symbol,categoriaDaMidia,,apps/management-vite/src/pages/builder/conteudo.ts:158,3,no,,,candidate,,,mgmt-pages
management-vite-symbol-4d3833b6,management-vite,4,symbol,classeErro,,apps/management-vite/src/pages/builder/panel-content.tsx:330,10,no,,,candidate,,,mgmt-pages
management-vite-symbol-9da7eb91,management-vite,4,symbol,comErro,,apps/management-vite/src/pages/builder/panel-content.tsx:329,12,no,,,candidate,,,mgmt-pages
management-vite-symbol-8a107c5b,management-vite,4,symbol,comFluxo,,apps/management-vite/tests/deployment.test.ts:86,1,no,,,candidate,,,mgmt-rest-desk
management-vite-symbol-f00ebe3a,management-vite,4,symbol,comOPrimeiro,,apps/management-vite/tests/builder-toast.test.ts:12,5,no,,,candidate,,,mgmt-rest-desk
management-vite-symbol-308c4f30,management-vite,4,symbol,comVariavel,,apps/management-vite/tests/builder-actions.test.ts:69,2,no,,,candidate,,,mgmt-rest-desk
management-vite-symbol-e0beab43,management-vite,4,symbol,configuracao,,apps/management-vite/src/pages/builder/state.ts:138,73,no,,,candidate,,,mgmt-pages
management-vite-symbol-21dee946,management-vite,4,symbol,configuracao,,apps/management-vite/tests/builder-painels.test.ts:452,73,no,,,candidate,,,mgmt-rest-desk
management-vite-symbol-35152022,management-vite,4,symbol,confirmarTexto,,apps/management-vite/src/pages/contract/members/convidar.tsx:79,3,no,,,candidate,,,mgmt-pages
management-vite-symbol-f5c9af68,management-vite,4,symbol,contatos,,apps/management-vite/src/pages/flow/analytics/dashboard/dashboard.tsx:54,433,no,,,candidate,,,mgmt-pages
management-vite-symbol-3fcf41fa,management-vite,4,symbol,conteudoMidia,,apps/management-vite/src/pages/builder/conteudo.ts:203,8,no,,,candidate,,,mgmt-pages
management-vite-symbol-bcca6425,management-vite,4,symbol,copiado,,apps/management-vite/tests/builder-editor.test.ts:424,68,no,,,candidate,,,mgmt-rest-desk
management-vite-symbol-569aa394,management-vite,4,symbol,copiado,,apps/management-vite/tests/builder-editor.test.ts:61,68,no,,,candidate,,,mgmt-rest-desk
management-vite-symbol-1d88ca74,management-vite,4,symbol,criarNova,,apps/management-vite/src/pages/builder/queue-rules.tsx:129,3,no,,,candidate,,,mgmt-pages
management-vite-symbol-6e734c27,management-vite,4,symbol,dados,,apps/management-vite/src/pages/builder/panel-queues.tsx:277,401,no,,,candidate,,,mgmt-pages
management-vite-symbol-02135b27,management-vite,4,symbol,dados,,apps/management-vite/src/pages/builder/queue-rules.tsx:142,401,no,,,candidate,,,mgmt-pages
management-vite-symbol-732bdc9a,management-vite,4,symbol,dados,,apps/management-vite/src/pages/builder/queue-rules.tsx:189,401,no,,,candidate,,,mgmt-pages
management-vite-symbol-6e174802,management-vite,4,symbol,dados,,apps/management-vite/src/pages/builder/test-panel.tsx:25,401,no,,,candidate,,,mgmt-pages
management-vite-symbol-19ae0b70,management-vite,4,symbol,definirMidia,,apps/management-vite/src/pages/builder/conteudo.ts:366,8,no,,,candidate,,,mgmt-pages
management-vite-symbol-a9690fc1,management-vite,4,symbol,definirTexto,,apps/management-vite/src/pages/builder/conteudo.ts:358,8,no,,,candidate,,,mgmt-pages
management-vite-symbol-793471d0,management-vite,4,symbol,DescricaoParte,,apps/management-vite/src/pages/builder/cabecalho-info.tsx:41,11,no,,,candidate,,,mgmt-pages
management-vite-symbol-fe99b1fe,management-vite,4,symbol,destinoA,,apps/management-vite/tests/builder-editor.test.ts:218,5,no,,,candidate,,,mgmt-rest-desk
management-vite-symbol-18f35d8e,management-vite,4,symbol,destino,,apps/management-vite/tests/builder-editor.test.ts:192,391,no,,,candidate,,,mgmt-rest-desk
management-vite-symbol-412cb1d4,management-vite,4,symbol,destino,,apps/management-vite/tests/builder-editor.test.ts:208,391,no,,,candidate,,,mgmt-rest-desk
management-vite-symbol-b5deb374,management-vite,4,symbol,destino,,apps/management-vite/tests/builder-editor.test.ts:255,391,no,,,candidate,,,mgmt-rest-desk
management-vite-symbol-e24d9968,management-vite,4,symbol,destino,,apps/management-vite/tests/builder-editor.test.ts:272,391,no,,,candidate,,,mgmt-rest-desk
management-vite-symbol-a2337a34,management-vite,4,symbol,destino,,apps/management-vite/tests/builder-editor.test.ts:281,391,no,,,candidate,,,mgmt-rest-desk
management-vite-symbol-8cfccf74,management-vite,4,symbol,destinoB,,apps/management-vite/tests/builder-editor.test.ts:219,5,no,,,candidate,,,mgmt-rest-desk
management-vite-symbol-6103c5a6,management-vite,4,symbol,documento,,apps/management-vite/tests/builder-content.test.ts:140,231,no,,,candidate,,,mgmt-rest-desk
management-vite-symbol-6b21ed63,management-vite,4,symbol,EditorDeVariaveis,,apps/management-vite/src/pages/builder/panel-actions.tsx:689,2,no,,,candidate,,,mgmt-pages
management-vite-symbol-6758aae9,management-vite,4,symbol,ehTextoValido,,apps/management-vite/src/pages/builder/actions-of-block.ts:516,2,no,,,candidate,,,mgmt-pages
management-vite-symbol-cdd0c507,management-vite,4,symbol,emailsParaTexto,,apps/management-vite/src/lib/channels.ts:137,8,no,,,candidate,,,mgmt-rest-desk
management-vite-symbol-4d7822b3,management-vite,4,symbol,entrada,,apps/management-vite/src/pages/builder/flow-functions.ts:61,534,no,,,candidate,,,mgmt-pages
management-vite-symbol-1fb9a1d8,management-vite,4,symbol,entrada,,apps/management-vite/src/pages/builder/panel-actions.tsx:607,534,no,,,candidate,,,mgmt-pages
management-vite-symbol-d093fe0c,management-vite,4,symbol,erro,,apps/management-vite/src/pages/builder/panel-queues.tsx:260,806,no,,,candidate,,,mgmt-pages
management-vite-symbol-1741c5f3,management-vite,4,symbol,erro,,apps/management-vite/src/pages/builder/queue-rules.tsx:114,806,no,,,candidate,,,mgmt-pages
management-vite-symbol-56f490f1,management-vite,4,symbol,erro,,apps/management-vite/src/pages/builder/queue-rules.tsx:138,806,no,,,candidate,,,mgmt-pages
management-vite-symbol-db2334dc,management-vite,4,symbol,erro,,apps/management-vite/src/pages/create/name/page.tsx:26,806,no,,,candidate,,,mgmt-pages
management-vite-symbol-80026521,management-vite,4,symbol,erro,,apps/management-vite/src/pages/flow/resources/regras.ts:76,806,no,,,candidate,,,mgmt-pages
management-vite-symbol-e34483c2,management-vite,4,symbol,erros,,apps/management-vite/src/pages/builder/error-marks.ts:28,106,no,,,candidate,,,mgmt-pages
management-vite-symbol-d172d7fa,management-vite,4,symbol,erros,,apps/management-vite/src/pages/builder/error-marks.ts:37,106,no,,,candidate,,,mgmt-pages
management-vite-symbol-c3a9cb3e,management-vite,4,symbol,erros,,apps/management-vite/src/pages/builder/error-marks.ts:54,106,no,,,candidate,,,mgmt-pages
management-vite-symbol-8a4ff893,management-vite,4,symbol,erros,,apps/management-vite/src/pages/builder/panel-content.tsx:447,106,no,,,candidate,,,mgmt-pages
management-vite-symbol-69ad9231,management-vite,4,symbol,estado,,apps/management-vite/src/pages/builder/queue-rules.tsx:394,836,no,,,candidate,,,mgmt-pages
management-vite-symbol-130a0aca,management-vite,4,symbol,estado,,apps/management-vite/tests/builder-queues.test.ts:171,836,no,,,candidate,,,mgmt-rest-desk
management-vite-symbol-1cfc7940,management-vite,4,symbol,estado,,apps/management-vite/tests/builder-queues.test.ts:78,836,no,,,candidate,,,mgmt-rest-desk
management-vite-symbol-28892cc8,management-vite,4,symbol,estado,,apps/management-vite/tests/builder-queues.test.ts:83,836,no,,,candidate,,,mgmt-rest-desk
management-vite-symbol-4f284466,management-vite,4,symbol,estado,,apps/management-vite/tests/builder-queues.test.ts:88,836,no,,,candidate,,,mgmt-rest-desk
management-vite-symbol-d9439c11,management-vite,4,symbol,estado,,apps/management-vite/tests/builder-queues.test.ts:93,836,no,,,candidate,,,mgmt-rest-desk
management-vite-symbol-065d25d6,management-vite,4,symbol,filaAtual,,apps/management-vite/src/pages/builder/panel-queues.tsx:83,3,no,,,candidate,,,mgmt-pages
management-vite-symbol-49e3c853,management-vite,4,symbol,filas,,apps/management-vite/tests/builder-painels.test.ts:457,293,no,,,candidate,,,mgmt-rest-desk
management-vite-symbol-0c28ce7b,management-vite,4,symbol,filas,,apps/management-vite/tests/builder-queues.test.ts:56,293,no,,,candidate,,,mgmt-rest-desk
management-vite-symbol-6bc7f918,management-vite,4,symbol,filas,,apps/management-vite/tests/builder-queues.test.ts:61,293,no,,,candidate,,,mgmt-rest-desk
management-vite-symbol-1d1ce800,management-vite,4,symbol,filas,,apps/management-vite/tests/builder-queues.test.ts:66,293,no,,,candidate,,,mgmt-rest-desk
management-vite-symbol-eafc1663,management-vite,4,symbol,FILTRO_VAZIO,,apps/management-vite/src/pages/updates/page.tsx:19,2,no,,,candidate,,,mgmt-pages
management-vite-symbol-d4d22c09,management-vite,4,symbol,FILTROS_VAZIOS,,apps/management-vite/src/pages/flow/log/log.tsx:26,2,no,,,candidate,,,mgmt-pages
management-vite-symbol-fb243a12,management-vite,4,symbol,filtrosKey,,apps/management-vite/src/pages/flow/analytics/active-messages/page.tsx:64,28,no,,,candidate,,,mgmt-pages
management-vite-symbol-e0505489,management-vite,4,symbol,filtrosKey,,apps/management-vite/src/pages/flow/analytics/dashboard/dashboard.tsx:42,28,no,,,candidate,,,mgmt-pages
management-vite-symbol-ada489ea,management-vite,4,symbol,filtrosKey,,apps/management-vite/src/pages/flow/analytics/journey/page.tsx:52,28,no,,,candidate,,,mgmt-pages
management-vite-symbol-e3a2c9b0,management-vite,4,symbol,filtrosKey,,apps/management-vite/src/pages/flow/analytics/overview/page.tsx:47,28,no,,,candidate,,,mgmt-pages
management-vite-symbol-c43c390b,management-vite,4,symbol,filtrosKey,,apps/management-vite/src/pages/flow/log/log.tsx:52,28,no,,,candidate,,,mgmt-pages
management-vite-symbol-bc733904,management-vite,4,symbol,filtrosKey,,apps/management-vite/src/pages/operation/monitoring.tsx:280,28,no,,,candidate,,,mgmt-pages
management-vite-symbol-b228a123,management-vite,4,symbol,filtrosKey,,apps/management-vite/src/pages/updates/page.tsx:40,28,no,,,candidate,,,mgmt-pages
management-vite-symbol-5f3e1a6d,management-vite,4,symbol,finalizarCriacao,,apps/management-vite/src/pages/builder/panel-queues.tsx:53,2,no,,,candidate,,,mgmt-pages
management-vite-symbol-8ba58ad9,management-vite,4,symbol,importar,,apps/management-vite/src/pages/flow/resources/recursos.tsx:205,58,no,,,candidate,,,mgmt-pages
management-vite-symbol-9e074403,management-vite,4,symbol,importarArquivo,,apps/management-vite/src/pages/contract/members/convidar.tsx:99,2,no,,,candidate,,,mgmt-pages
management-vite-symbol-7ab70d4d,management-vite,4,symbol,inicioDoIntervalo,,apps/management-vite/src/pages/flow/analytics/report-manager/regras.ts:16,6,no,,,candidate,,,mgmt-pages
management-vite-symbol-1d0a244a,management-vite,4,symbol,inteiro,,apps/management-vite/src/pages/builder/configuration-sections.ts:118,103,no,,,candidate,,,mgmt-pages
management-vite-symbol-c639015d,management-vite,4,symbol,INTERVALOS_RAPIDOS,,apps/management-vite/src/pages/flow/analytics/report-manager/regras.ts:1,2,no,,,candidate,,,mgmt-pages
management-vite-symbol-69e4ecd4,management-vite,4,symbol,jaTemAChave,,apps/management-vite/src/pages/builder/state.ts:132,3,no,,,candidate,,,mgmt-pages
management-vite-symbol-27790526,management-vite,4,symbol,lerComoDataUrl,,apps/management-vite/src/pages/flow/channels/whatsapp/perfil.tsx:9,2,no,,,candidate,,,mgmt-pages
management-vite-symbol-98fbd0cf,management-vite,4,symbol,lerDesenho,,apps/management-vite/src/pages/builder/model.ts:179,22,no,,,candidate,,,mgmt-pages
management-vite-symbol-7701ff75,management-vite,4,symbol,lerSelect,,apps/management-vite/src/pages/builder/conteudo.ts:140,2,no,,,candidate,,,mgmt-pages
management-vite-symbol-41d1b119,management-vite,4,symbol,LIMITE_CABECALHOS,,apps/management-vite/src/pages/flow/integrations/webhook/tela.tsx:39,5,no,,,candidate,,,mgmt-pages
management-vite-symbol-bc14cc67,management-vite,4,symbol,LIMITE_COMENTARIOS,,apps/management-vite/src/lib/satisfaction.ts:57,3,no,,,candidate,,,mgmt-rest-desk
management-vite-symbol-948ce7ac,management-vite,4,symbol,LIMITE_DE_CHAVES,,apps/management-vite/src/pages/flow/settings/regras.ts:6,11,no,,,candidate,,,mgmt-pages
management-vite-symbol-e8a92b55,management-vite,4,symbol,LIMITE_DE_CONTEUDOS,,apps/management-vite/src/pages/builder/conteudo.ts:18,4,no,,,candidate,,,mgmt-pages
management-vite-symbol-fcf4998b,management-vite,4,symbol,LIMITE_DE_SAIDAS,,apps/management-vite/src/pages/builder/model.ts:96,4,no,,,candidate,,,mgmt-pages
management-vite-symbol-b17e068a,management-vite,4,symbol,LIMITE_DO_MENU,,apps/management-vite/src/pages/builder/conteudo.ts:19,5,no,,,candidate,,,mgmt-pages
management-vite-symbol-b9592cec,management-vite,4,symbol,LIMITE_DO_QUICK_REPLY,,apps/management-vite/src/pages/builder/conteudo.ts:20,5,no,,,candidate,,,mgmt-pages
management-vite-symbol-77f6905e,management-vite,4,symbol,LIMITE_DO_TITULO,,apps/management-vite/src/pages/builder/validation.ts:17,5,no,,,candidate,,,mgmt-pages
management-vite-symbol-73bee7b4,management-vite,4,symbol,LIMITE_URLS,,apps/management-vite/src/pages/flow/integrations/webhook/regras.ts:11,6,no,,,candidate,,,mgmt-pages
management-vite-symbol-27485a86,management-vite,4,symbol,LIMITE_VISIVEL,,apps/management-vite/src/pages/flow/itens.ts:47,9,no,,,candidate,,,mgmt-pages
management-vite-symbol-6c6f2ca8,management-vite,4,symbol,limite,,apps/management-vite/src/pages/builder/conteudo.ts:474,381,no,,,candidate,,,mgmt-pages
management-vite-symbol-9e49cecb,management-vite,4,symbol,limite,,apps/management-vite/src/pages/builder/panel-content.tsx:390,381,no,,,candidate,,,mgmt-pages
management-vite-symbol-5cb3c1eb,management-vite,4,symbol,limite,,apps/management-vite/src/pages/builder/queues-panel.ts:53,381,no,,,candidate,,,mgmt-pages
management-vite-symbol-90be5a78,management-vite,4,symbol,limite,,apps/management-vite/src/pages/flow/settings/keys/tela.tsx:106,381,no,,,candidate,,,mgmt-pages
management-vite-symbol-16ae0b70,management-vite,4,symbol,LIMITES_DO_PERFIL,,apps/management-vite/src/lib/channels.ts:75,6,no,,,candidate,,,mgmt-rest-desk
management-vite-symbol-92fc9d0e,management-vite,4,symbol,limites,,apps/management-vite/src/pages/flow/growth/active-messages/tela.tsx:43,68,no,,,candidate,,,mgmt-pages
management-vite-symbol-1148aaf0,management-vite,4,symbol,LimitesDeDisparo,,apps/management-vite/src/pages/flow/growth/active-messages/disparo.ts:31,3,no,,,candidate,,,mgmt-pages
management-vite-symbol-c7147f1a,management-vite,4,symbol,limparBusca,,apps/management-vite/src/pages/builder/panel-queues.tsx:42,2,no,,,candidate,,,mgmt-pages
management-vite-symbol-9a3bd0ae,management-vite,4,symbol,localizacao,,apps/management-vite/src/pages/builder/conteudo.ts:190,44,no,,,candidate,,,mgmt-pages
management-vite-symbol-872ffb0d,management-vite,4,symbol,mensagem,,apps/management-vite/src/pages/builder/test-panel.tsx:153,992,no,,,candidate,,,mgmt-pages
management-vite-symbol-6a65395e,management-vite,4,symbol,mudarCondicao,,apps/management-vite/src/pages/builder/queue-rules.tsx:402,5,no,,,candidate,,,mgmt-pages
management-vite-symbol-51a28096,management-vite,4,symbol,noLimite,,apps/management-vite/src/pages/flow/settings/regras.ts:11,9,no,,,candidate,,,mgmt-pages
management-vite-symbol-448ebe20,management-vite,4,symbol,novaImagem,,apps/management-vite/src/pages/builder/conteudo.ts:294,7,no,,,candidate,,,mgmt-pages
management-vite-symbol-c0410607,management-vite,4,symbol,novaLocalizacao,,apps/management-vite/src/pages/builder/conteudo.ts:256,5,no,,,candidate,,,mgmt-pages
management-vite-symbol-57450538,management-vite,4,symbol,novaMidia,,apps/management-vite/src/pages/builder/conteudo.ts:280,6,no,,,candidate,,,mgmt-pages
management-vite-symbol-fc9fafb8,management-vite,4,symbol,novoDocumento,,apps/management-vite/src/pages/builder/conteudo.ts:302,7,no,,,candidate,,,mgmt-pages
management-vite-symbol-391c56d9,management-vite,4,symbol,novoPedirLocalizacao,,apps/management-vite/src/pages/builder/conteudo.ts:252,5,no,,,candidate,,,mgmt-pages
management-vite-symbol-a5dc1724,management-vite,4,symbol,novoTexto,,apps/management-vite/src/pages/builder/conteudo.ts:236,15,no,,,candidate,,,mgmt-pages
management-vite-symbol-89f06bc5,management-vite,4,symbol,opcoes,,apps/management-vite/src/pages/builder/destination-picker.tsx:38,41,no,,,candidate,,,mgmt-pages
management-vite-symbol-b1d1ac81,management-vite,4,symbol,ordem,,apps/management-vite/src/pages/builder/queue-rules.tsx:141,234,no,,,candidate,,,mgmt-pages
management-vite-symbol-0e3c7a82,management-vite,4,symbol,outrasFilas,,apps/management-vite/src/pages/builder/queue-rules.tsx:111,4,no,,,candidate,,,mgmt-pages
management-vite-symbol-a577c0a2,management-vite,4,symbol,pagina,,apps/management-vite/src/pages/builder/panel-queues.tsx:158,19,no,,,candidate,,,mgmt-pages
management-vite-symbol-b251cdd1,management-vite,4,symbol,pagina,,apps/management-vite/src/pages/builder/queue-rules.tsx:208,19,no,,,candidate,,,mgmt-pages
management-vite-symbol-371ff740,management-vite,4,symbol,PERIODO_PADRAO,,apps/management-vite/src/pages/flow/analytics/active-messages/page.tsx:49,10,no,,,candidate,,,mgmt-pages
management-vite-symbol-72dc24c3,management-vite,4,symbol,PERIODO_PADRAO,,apps/management-vite/src/pages/flow/analytics/dashboard/dashboard.tsx:27,10,no,,,candidate,,,mgmt-pages
management-vite-symbol-86694ecd,management-vite,4,symbol,PERIODO_PADRAO,,apps/management-vite/src/pages/flow/analytics/journey/page.tsx:38,10,no,,,candidate,,,mgmt-pages
management-vite-symbol-46c4c428,management-vite,4,symbol,PERIODO_PADRAO,,apps/management-vite/src/pages/flow/analytics/overview/page.tsx:33,10,no,,,candidate,,,mgmt-pages
management-vite-symbol-ebdc8ca8,management-vite,4,symbol,podeLer,,apps/management-vite/src/pages/contract/certificates/page.tsx:20,8,no,,,candidate,,,mgmt-pages
management-vite-symbol-1f2bef30,management-vite,4,symbol,podeLer,,apps/management-vite/src/pages/contract/members/page.tsx:23,8,no,,,candidate,,,mgmt-pages
management-vite-symbol-4bf65556,management-vite,4,symbol,POR_PAGINA,,apps/management-vite/src/pages/builder/queues-panel.ts:49,2,no,,,candidate,,,mgmt-pages
management-vite-symbol-3fbdb160,management-vite,4,symbol,preferenciasAbertas,,apps/management-vite/src/pages/my-account/page.tsx:70,3,no,,,candidate,,,mgmt-pages
management-vite-symbol-ca100cd7,management-vite,4,symbol,prefixo,,apps/management-vite/src/pages/builder/search.ts:32,88,no,,,candidate,,,mgmt-pages
management-vite-symbol-0f89a721,management-vite,4,symbol,regrasDaFila,,apps/management-vite/src/pages/builder/queue-rules.tsx:88,3,no,,,candidate,,,mgmt-pages
management-vite-symbol-cac018e6,management-vite,4,symbol,renderDescricao,,apps/management-vite/src/pages/builder/cabecalho-info.tsx:47,8,no,,,candidate,,,mgmt-pages
management-vite-symbol-489c9efb,management-vite,4,symbol,restaurarVersaoAntiga,,apps/management-vite/src/pages/builder.tsx:244,4,no,,,candidate,,,mgmt-pages
management-vite-symbol-43bade0b,management-vite,4,symbol,resultado,,apps/management-vite/src/components/registration-embedded-whatsapp.tsx:174,426,no,,,candidate,,,mgmt-rest-desk
management-vite-symbol-e43bc3bc,management-vite,4,symbol,resultado,,apps/management-vite/src/components/registration-embedded-whatsapp.tsx:296,426,no,,,candidate,,,mgmt-rest-desk
management-vite-symbol-f84fdc67,management-vite,4,symbol,resultado,,apps/management-vite/src/lib/actions.ts:23,426,no,,,candidate,,,mgmt-rest-desk
management-vite-symbol-8f843bd1,management-vite,4,symbol,Resultado,,apps/management-vite/src/lib/actions.ts:5,273,no,,,candidate,,,mgmt-rest-desk
management-vite-symbol-32b96055,management-vite,4,symbol,Resultado,,apps/management-vite/src/lib/channels-gravar.ts:17,273,no,,,candidate,,,mgmt-rest-desk
management-vite-symbol-0963e61f,management-vite,4,symbol,Resultado,,apps/management-vite/src/lib/rest.ts:6,273,no,,,candidate,,,mgmt-rest-desk
management-vite-symbol-b9e582ee,management-vite,4,symbol,resultado,,apps/management-vite/src/pages/builder/panel-actions.tsx:191,426,no,,,candidate,,,mgmt-pages
management-vite-symbol-2aea55ec,management-vite,4,symbol,resultado,,apps/management-vite/src/pages/builder/panel-queues.tsx:282,426,no,,,candidate,,,mgmt-pages
management-vite-symbol-5c247f27,management-vite,4,symbol,resultado,,apps/management-vite/src/pages/builder/panel-queues.tsx:49,426,no,,,candidate,,,mgmt-pages
management-vite-symbol-aff86aa7,management-vite,4,symbol,resultado,,apps/management-vite/src/pages/builder/queue-rules.tsx:120,426,no,,,candidate,,,mgmt-pages
management-vite-symbol-a757b4a0,management-vite,4,symbol,resultado,,apps/management-vite/src/pages/builder/queue-rules.tsx:152,426,no,,,candidate,,,mgmt-pages
management-vite-symbol-326d56c0,management-vite,4,symbol,resultado,,apps/management-vite/src/pages/builder/queue-rules.tsx:155,426,no,,,candidate,,,mgmt-pages
management-vite-symbol-915e2685,management-vite,4,symbol,resultado,,apps/management-vite/src/pages/builder/queue-rules.tsx:178,426,no,,,candidate,,,mgmt-pages
management-vite-symbol-976c84ea,management-vite,4,symbol,resultado,,apps/management-vite/src/pages/builder/queue-rules.tsx:191,426,no,,,candidate,,,mgmt-pages
management-vite-symbol-bb8710c4,management-vite,4,symbol,resultado,,apps/management-vite/src/pages/contract/actions.ts:19,426,no,,,candidate,,,mgmt-pages
management-vite-symbol-bec841eb,management-vite,4,symbol,resultado,,apps/management-vite/src/pages/contract/actions.ts:30,426,no,,,candidate,,,mgmt-pages
management-vite-symbol-aabc1a68,management-vite,4,symbol,resultado,,apps/management-vite/src/pages/contract/actions.ts:77,426,no,,,candidate,,,mgmt-pages
management-vite-symbol-c26e9e50,management-vite,4,symbol,resultado,,apps/management-vite/src/pages/contract/certificates/actions.ts:50,426,no,,,candidate,,,mgmt-pages
management-vite-symbol-563f7526,management-vite,4,symbol,resultado,,apps/management-vite/src/pages/contract/certificates/actions.ts:63,426,no,,,candidate,,,mgmt-pages
management-vite-symbol-bca8522e,management-vite,4,symbol,resultado,,apps/management-vite/src/pages/contract/certificates/tela.tsx:108,426,no,,,candidate,,,mgmt-pages
management-vite-symbol-5bd80839,management-vite,4,symbol,resultado,,apps/management-vite/src/pages/contract/certificates/tela.tsx:123,426,no,,,candidate,,,mgmt-pages
management-vite-symbol-02ed4c78,management-vite,4,symbol,resultado,,apps/management-vite/src/pages/contract/certificates/tela.tsx:138,426,no,,,candidate,,,mgmt-pages
management-vite-symbol-d21481bb,management-vite,4,symbol,resultado,,apps/management-vite/src/pages/contract/members/tabela.tsx:100,426,no,,,candidate,,,mgmt-pages
management-vite-symbol-57db6458,management-vite,4,symbol,resultado,,apps/management-vite/src/pages/create/flow/actions.ts:10,426,no,,,candidate,,,mgmt-pages
management-vite-symbol-bb2f4e30,management-vite,4,symbol,Resultado,,apps/management-vite/src/pages/create/gravar.ts:13,273,no,,,candidate,,,mgmt-pages
management-vite-symbol-5fb46771,management-vite,4,symbol,resultado,,apps/management-vite/src/pages/create/gravar.ts:30,426,no,,,candidate,,,mgmt-pages
management-vite-symbol-689013bf,management-vite,4,symbol,resultado,,apps/management-vite/src/pages/create/router/actions.ts:12,426,no,,,candidate,,,mgmt-pages
management-vite-symbol-6b8c2216,management-vite,4,symbol,Resultado,,apps/management-vite/src/pages/deployment/formularios.tsx:13,273,no,,,candidate,,,mgmt-pages
management-vite-symbol-9476ce93,management-vite,4,symbol,resultado,,apps/management-vite/src/pages/flow/channels/conexao.tsx:186,426,no,,,candidate,,,mgmt-pages
management-vite-symbol-c07337c1,management-vite,4,symbol,resultado,,apps/management-vite/src/pages/flow/channels/conexao.tsx:77,426,no,,,candidate,,,mgmt-pages
management-vite-symbol-782cff28,management-vite,4,symbol,resultado,,apps/management-vite/src/pages/flow/channels/whatsapp/alerta.tsx:43,426,no,,,candidate,,,mgmt-pages
management-vite-symbol-00d2bf4f,management-vite,4,symbol,resultado,,apps/management-vite/src/pages/flow/channels/whatsapp/alerta.tsx:54,426,no,,,candidate,,,mgmt-pages
management-vite-symbol-913ea8bc,management-vite,4,symbol,resultado,,apps/management-vite/src/pages/flow/channels/whatsapp/perfil.tsx:110,426,no,,,candidate,,,mgmt-pages
management-vite-symbol-6819046e,management-vite,4,symbol,resultado,,apps/management-vite/src/pages/flow/channels/whatsapp/perfil.tsx:129,426,no,,,candidate,,,mgmt-pages
management-vite-symbol-f3880468,management-vite,4,symbol,resultado,,apps/management-vite/src/pages/flow/channels/whatsapp/settings.tsx:25,426,no,,,candidate,,,mgmt-pages
management-vite-symbol-8b92d9d0,management-vite,4,symbol,resultado,,apps/management-vite/src/pages/flow/contacts/detalhe/editar.tsx:41,426,no,,,candidate,,,mgmt-pages
management-vite-symbol-e4e67f77,management-vite,4,symbol,Resultado,,apps/management-vite/src/pages/flow/contacts/detalhe/gravar.ts:17,273,no,,,candidate,,,mgmt-pages
management-vite-symbol-066078a5,management-vite,4,symbol,resultado,,apps/management-vite/src/pages/flow/contents/tela.tsx:371,426,no,,,candidate,,,mgmt-pages
management-vite-symbol-299bd545,management-vite,4,symbol,Resultado,,apps/management-vite/src/pages/flow/growth/active-messages/disparo.ts:36,273,no,,,candidate,,,mgmt-pages
management-vite-symbol-379c7c54,management-vite,4,symbol,resultado,,apps/management-vite/src/pages/flow/growth/active-messages/tela.tsx:112,426,no,,,candidate,,,mgmt-pages
management-vite-symbol-7086793b,management-vite,4,symbol,Resultado,,apps/management-vite/src/pages/flow/growth/tracked-links/data.ts:20,273,no,,,candidate,,,mgmt-pages
management-vite-symbol-2cce6197,management-vite,4,symbol,Resultado,,apps/management-vite/src/pages/flow/integrations/webhook/gravar.ts:58,273,no,,,candidate,,,mgmt-pages
management-vite-symbol-26c3efa6,management-vite,4,symbol,resultado,,apps/management-vite/src/pages/flow/integrations/webhook/tela.tsx:135,426,no,,,candidate,,,mgmt-pages
management-vite-symbol-62947ac9,management-vite,4,symbol,resultado,,apps/management-vite/src/pages/flow/integrations/webhook/tela.tsx:155,426,no,,,candidate,,,mgmt-pages
management-vite-symbol-d2957d34,management-vite,4,symbol,resultado,,apps/management-vite/src/pages/flow/integrations/webhook/tela.tsx:173,426,no,,,candidate,,,mgmt-pages
management-vite-symbol-d5962d57,management-vite,4,symbol,Resultado,,apps/management-vite/src/pages/flow/settings/api/gravar.ts:16,273,no,,,candidate,,,mgmt-pages
management-vite-symbol-ec791205,management-vite,4,symbol,resultado,,apps/management-vite/src/pages/flow/settings/api/tela.tsx:46,426,no,,,candidate,,,mgmt-pages
management-vite-symbol-b1652543,management-vite,4,symbol,Resultado,,apps/management-vite/src/pages/flow/settings/basic/gravar.ts:25,273,no,,,candidate,,,mgmt-pages
management-vite-symbol-f50a6e65,management-vite,4,symbol,resultado,,apps/management-vite/src/pages/flow/settings/basic/tela.tsx:147,426,no,,,candidate,,,mgmt-pages
management-vite-symbol-d2b997a4,management-vite,4,symbol,resultado,,apps/management-vite/src/pages/flow/settings/basic/tela.tsx:179,426,no,,,candidate,,,mgmt-pages
management-vite-symbol-6e9a06a4,management-vite,4,symbol,Resultado,,apps/management-vite/src/pages/flow/settings/keys/gravar.ts:24,273,no,,,candidate,,,mgmt-pages
management-vite-symbol-c233f2c3,management-vite,4,symbol,resultado,,apps/management-vite/src/pages/flow/settings/keys/tela.tsx:120,426,no,,,candidate,,,mgmt-pages
management-vite-symbol-4cc9681d,management-vite,4,symbol,resultado,,apps/management-vite/src/pages/flow/settings/keys/tela.tsx:135,426,no,,,candidate,,,mgmt-pages
management-vite-symbol-89e5db96,management-vite,4,symbol,Resultado,,apps/management-vite/src/pages/flow/settings/persistent-menu/gravar.ts:10,273,no,,,candidate,,,mgmt-pages
management-vite-symbol-ad03e634,management-vite,4,symbol,resultado,,apps/management-vite/src/pages/flow/settings/persistent-menu/tela.tsx:59,426,no,,,candidate,,,mgmt-pages
management-vite-symbol-143f58d4,management-vite,4,symbol,Resultado,,apps/management-vite/src/pages/flow/settings/welcome/gravar.ts:10,273,no,,,candidate,,,mgmt-pages
management-vite-symbol-dcfdddd0,management-vite,4,symbol,resultado,,apps/management-vite/src/pages/flow/settings/welcome/tela.tsx:27,426,no,,,candidate,,,mgmt-pages
management-vite-symbol-56146523,management-vite,4,symbol,resultado,,apps/management-vite/src/pages/flow/settings/welcome/tela.tsx:38,426,no,,,candidate,,,mgmt-pages
management-vite-symbol-86311d58,management-vite,4,symbol,resultado,,apps/management-vite/src/pages/flow/team/tela.tsx:221,426,no,,,candidate,,,mgmt-pages
management-vite-symbol-285fd9c2,management-vite,4,symbol,resultado,,apps/management-vite/src/pages/flow/team/tela.tsx:519,426,no,,,candidate,,,mgmt-pages
management-vite-symbol-931eb48d,management-vite,4,symbol,resultado,,apps/management-vite/src/pages/registrations/agents-breaks.tsx:38,426,no,,,candidate,,,mgmt-pages
management-vite-symbol-207cb2cb,management-vite,4,symbol,resultado,,apps/management-vite/src/pages/registrations/agents-edit.tsx:80,426,no,,,candidate,,,mgmt-pages
management-vite-symbol-6e40312e,management-vite,4,symbol,resultado,,apps/management-vite/src/pages/registrations/agents-management.tsx:73,426,no,,,candidate,,,mgmt-pages
management-vite-symbol-7a46654d,management-vite,4,symbol,resultado,,apps/management-vite/src/pages/registrations/agents-permissions.tsx:63,426,no,,,candidate,,,mgmt-pages
management-vite-symbol-41651e3f,management-vite,4,symbol,resultado,,apps/management-vite/src/pages/registrations/agents-queues-edit.tsx:102,426,no,,,candidate,,,mgmt-pages
management-vite-symbol-714ddbe8,management-vite,4,symbol,resultado,,apps/management-vite/src/pages/registrations/agents-queues-edit.tsx:211,426,no,,,candidate,,,mgmt-pages
management-vite-symbol-0fdb0417,management-vite,4,symbol,resultado,,apps/management-vite/src/pages/registrations/agents-queues-edit.tsx:321,426,no,,,candidate,,,mgmt-pages
management-vite-symbol-3fd80618,management-vite,4,symbol,resultado,,apps/management-vite/src/pages/registrations/agents-queues-edit.tsx:385,426,no,,,candidate,,,mgmt-pages
management-vite-symbol-8e5629f3,management-vite,4,symbol,resultado,,apps/management-vite/src/pages/registrations/agents-queues.tsx:78,426,no,,,candidate,,,mgmt-pages
management-vite-symbol-5ec5f7a6,management-vite,4,symbol,resultado,,apps/management-vite/src/pages/registrations/communication-respostas.tsx:61,426,no,,,candidate,,,mgmt-pages
management-vite-symbol-45967ab1,management-vite,4,symbol,resultado,,apps/management-vite/src/pages/registrations/communication-templates-formulario.tsx:75,426,no,,,candidate,,,mgmt-pages
management-vite-symbol-d30f1412,management-vite,4,symbol,resultado,,apps/management-vite/src/pages/registrations/communication-templates.tsx:97,426,no,,,candidate,,,mgmt-pages
management-vite-symbol-2738d651,management-vite,4,symbol,resultado,,apps/management-vite/src/pages/registrations/regras-sla-formulario.tsx:36,426,no,,,candidate,,,mgmt-pages
management-vite-symbol-52af2b95,management-vite,4,symbol,resultado,,apps/management-vite/src/pages/registrations/regras-sla.tsx:73,426,no,,,candidate,,,mgmt-pages
management-vite-symbol-d7333f52,management-vite,4,symbol,resultado,,apps/management-vite/src/pages/registrations/rules-attendance-formulario.tsx:112,426,no,,,candidate,,,mgmt-pages
management-vite-symbol-e7b368a3,management-vite,4,symbol,resultado,,apps/management-vite/src/pages/registrations/rules-attendance.tsx:106,426,no,,,candidate,,,mgmt-pages
management-vite-symbol-1a256418,management-vite,4,symbol,resultado,,apps/management-vite/src/pages/registrations/rules-attendance.tsx:118,426,no,,,candidate,,,mgmt-pages
management-vite-symbol-5a342d48,management-vite,4,symbol,resultado,,apps/management-vite/tests/builder-editor.test.ts:443,426,no,,,candidate,,,mgmt-rest-desk
management-vite-symbol-36fd8da1,management-vite,4,symbol,resultado,,apps/management-vite/tests/builder-editor.test.ts:457,426,no,,,candidate,,,mgmt-rest-desk
management-vite-symbol-95c2313f,management-vite,4,symbol,resultado,,apps/management-vite/tests/builder-editor.test.ts:467,426,no,,,candidate,,,mgmt-rest-desk
management-vite-symbol-745d5801,management-vite,4,symbol,resultado,,apps/management-vite/tests/builder-editor.test.ts:48,426,no,,,candidate,,,mgmt-rest-desk
management-vite-symbol-cc53f9cb,management-vite,4,symbol,resultado,,apps/management-vite/tests/builder-editor.test.ts:483,426,no,,,candidate,,,mgmt-rest-desk
management-vite-symbol-c4173ffd,management-vite,4,symbol,resultado,,apps/management-vite/tests/builder-editor.test.ts:525,426,no,,,candidate,,,mgmt-rest-desk
management-vite-symbol-1384c4dc,management-vite,4,symbol,resultado,,apps/management-vite/tests/builder-search.test.ts:129,426,no,,,candidate,,,mgmt-rest-desk
management-vite-symbol-ca09e505,management-vite,4,symbol,resultado,,apps/management-vite/tests/builder-search.test.ts:138,426,no,,,candidate,,,mgmt-rest-desk
management-vite-symbol-08a1bb19,management-vite,4,symbol,ResultadoComCampo,,apps/management-vite/src/lib/registrations-gravar.ts:34,6,no,,,candidate,,,mgmt-rest-desk
management-vite-symbol-ff5d8d71,management-vite,4,symbol,ResultadoDaAcao,,apps/management-vite/src/pages/deployment/actions.ts:7,11,no,,,candidate,,,mgmt-pages
management-vite-symbol-1f5d458b,management-vite,4,symbol,ResultadoDeAcao,,apps/management-vite/src/pages/builder/actions-of-block.ts:538,3,no,,,candidate,,,mgmt-pages
management-vite-symbol-93d2ede1,management-vite,4,symbol,ResultadoDeConteudo,,apps/management-vite/src/pages/builder/conteudo.ts:306,2,no,,,candidate,,,mgmt-pages
management-vite-symbol-c92f2586,management-vite,4,symbol,ResultadoDeSaida,,apps/management-vite/src/pages/builder/conditions.ts:115,2,no,,,candidate,,,mgmt-pages
management-vite-symbol-a3e5afd6,management-vite,4,symbol,ResultadoDoBuilder,,apps/management-vite/src/pages/builder-gravar.ts:21,2,no,,,candidate,,,mgmt-pages
management-vite-symbol-303288bf,management-vite,4,symbol,ResultadoDoReenvio,,apps/management-vite/src/pages/contract/actions.ts:44,5,no,,,candidate,,,mgmt-pages
management-vite-symbol-3bdb5176,management-vite,4,symbol,ResultadoSimples,,apps/management-vite/src/pages/contract/actions.ts:9,21,no,,,candidate,,,mgmt-pages
management-vite-symbol-d2e803a8,management-vite,4,symbol,ResultadoSimples,,apps/management-vite/src/pages/contract/certificates/actions.ts:8,21,no,,,candidate,,,mgmt-pages
management-vite-symbol-0042155c,management-vite,4,symbol,ResultadoSimples,,apps/management-vite/src/pages/flow/team/tela.tsx:21,21,no,,,candidate,,,mgmt-pages
management-vite-symbol-79b5e6f9,management-vite,4,symbol,secoes,,apps/management-vite/tests/builder-painels.test.ts:404,3,no,,,candidate,,,mgmt-rest-desk
management-vite-symbol-608ad3bb,management-vite,4,symbol,semFluxo,,apps/management-vite/tests/deployment.test.ts:96,1,no,,,candidate,,,mgmt-rest-desk
management-vite-symbol-f3896131,management-vite,4,symbol,sitesParaTexto,,apps/management-vite/src/lib/channels.ts:154,3,no,,,candidate,,,mgmt-rest-desk
management-vite-symbol-487ba57e,management-vite,4,symbol,templateFiltro,,apps/management-vite/src/pages/flow/analytics/active-messages/page.tsx:81,3,no,,,candidate,,,mgmt-pages
management-vite-symbol-d28715ac,management-vite,4,symbol,tempo,,apps/management-vite/src/pages/builder/test-panel-logic.ts:24,227,no,,,candidate,,,mgmt-pages
management-vite-symbol-47c5f8bd,management-vite,4,symbol,TEXTO_BLOQUEIO,,apps/management-vite/src/pages/builder/queue-rules.tsx:45,2,no,,,candidate,,,mgmt-pages
management-vite-symbol-1ab7e516,management-vite,4,symbol,TEXTO_BOTAO_MAX,,apps/management-vite/src/pages/flow/settings/welcome/tela.tsx:6,5,no,,,candidate,,,mgmt-pages
management-vite-symbol-e588b71b,management-vite,4,symbol,texto,,apps/management-vite/src/lib/actions.ts:17,1706,no,,,candidate,,,mgmt-rest-desk
management-vite-symbol-175360cd,management-vite,4,symbol,texto,,apps/management-vite/src/pages/builder/actions-of-block.ts:358,1706,no,,,candidate,,,mgmt-pages
management-vite-symbol-02b9be96,management-vite,4,symbol,texto,,apps/management-vite/src/pages/builder/conteudo.ts:138,1706,no,,,candidate,,,mgmt-pages
management-vite-symbol-a37b46e2,management-vite,4,symbol,texto,,apps/management-vite/src/pages/builder/panel-configuration-variables.tsx:167,1706,no,,,candidate,,,mgmt-pages
management-vite-symbol-0974cd69,management-vite,4,symbol,TEXTO,,apps/management-vite/src/pages/contract/certificates/tela.tsx:22,3,no,,,candidate,,,mgmt-pages
management-vite-symbol-a1b08bbc,management-vite,4,symbol,TEXTO,,apps/management-vite/src/pages/contract/members/tabela.tsx:33,3,no,,,candidate,,,mgmt-pages
management-vite-symbol-11e1f574,management-vite,4,symbol,texto,,apps/management-vite/src/pages/flow/analytics/dashboard/tela.tsx:209,1706,no,,,candidate,,,mgmt-pages
management-vite-symbol-fbd84452,management-vite,4,symbol,Texto,,apps/management-vite/src/pages/flow/analytics/data-dictionary/pages.tsx:33,180,no,,,candidate,,,mgmt-pages
management-vite-symbol-dccddcb0,management-vite,4,symbol,texto,,apps/management-vite/src/pages/flow/growth/active-messages/tela.tsx:73,1706,no,,,candidate,,,mgmt-pages
management-vite-symbol-bfda7ca5,management-vite,4,symbol,texto,,apps/management-vite/src/pages/flow/integrations/webhook/tela.tsx:156,1706,no,,,candidate,,,mgmt-pages
management-vite-symbol-d212b73f,management-vite,4,symbol,texto,,apps/management-vite/tests/builder-editor.test.ts:522,1706,no,,,candidate,,,mgmt-rest-desk
management-vite-symbol-26628329,management-vite,4,symbol,texto,,apps/management-vite/tests/builder-painels.test.ts:366,1706,no,,,candidate,,,mgmt-rest-desk
management-vite-symbol-fe89c9b5,management-vite,4,symbol,texto,,apps/management-vite/tests/channels.test.ts:37,1706,no,,,candidate,,,mgmt-rest-desk
management-vite-symbol-edc8631f,management-vite,4,symbol,texto,,apps/management-vite/tests/growth.test.ts:43,1706,no,,,candidate,,,mgmt-rest-desk
management-vite-symbol-b869b973,management-vite,4,symbol,texto,,apps/management-vite/tests/growth.test.ts:51,1706,no,,,candidate,,,mgmt-rest-desk
management-vite-symbol-c4b2dc4e,management-vite,4,symbol,textoParaEmails,,apps/management-vite/src/lib/channels.ts:124,8,no,,,candidate,,,mgmt-rest-desk
management-vite-symbol-e6872c1c,management-vite,4,symbol,textoParaSites,,apps/management-vite/src/lib/channels.ts:142,3,no,,,candidate,,,mgmt-rest-desk
management-vite-symbol-db0c228e,management-vite,4,symbol,TIPO_LOCALIZACAO,,apps/management-vite/src/pages/builder/conteudo.ts:69,4,no,,,candidate,,,mgmt-pages
management-vite-symbol-404a097e,management-vite,4,symbol,TIPO_PEDIR_LOCALIZACAO,,apps/management-vite/src/pages/builder/conteudo.ts:68,3,no,,,candidate,,,mgmt-pages
management-vite-symbol-60dd2e25,management-vite,4,symbol,TIPO_TEXTO,,apps/management-vite/src/pages/builder/conteudo.ts:64,8,no,,,candidate,,,mgmt-pages
management-vite-symbol-e2980680,management-vite,4,symbol,tituloVazio,,apps/management-vite/src/pages/builder/queue-rules.tsx:395,5,no,,,candidate,,,mgmt-pages
management-vite-symbol-156c982c,management-vite,4,symbol,valor,,apps/management-vite/src/pages/builder/actions-of-block.ts:507,695,no,,,candidate,,,mgmt-pages
management-vite-symbol-41f099e9,management-vite,4,symbol,valor,,apps/management-vite/src/pages/builder/panel-configuration-variables.tsx:137,695,no,,,candidate,,,mgmt-pages
management-vite-symbol-f637dc0a,management-vite,4,symbol,valor,,apps/management-vite/tests/builder-actions.test.ts:34,695,no,,,candidate,,,mgmt-rest-desk
management-vite-symbol-ec8857f8,management-vite,4,symbol,vazio,,apps/management-vite/src/pages/builder/panel-actions.tsx:580,229,no,,,candidate,,,mgmt-pages
management-vite-test-title-722f31fb,management-vite,1,test-title,adicionar acrescenta uma linha vazia até o limite de dez,,apps/management-vite/tests/webhook-regras.test.ts:11,0,no,,,candidate,,,mgmt-rest-desk
management-vite-test-title-8cc8f0b0,management-vite,1,test-title,"Configuração, Biblioteca and Filas mount on the shared floating shell",,apps/management-vite/tests/builder-painels.test.ts:451,0,no,,,candidate,,,mgmt-rest-desk
management-vite-test-title-f683f2e1,management-vite,1,test-title,"configuracao: sets a key, `valor: null` removes it, and desfazer returns to the previous value",,apps/management-vite/tests/builder-editor.test.ts:489,0,no,,,candidate,,,mgmt-rest-desk
management-vite-test-title-57805bac,management-vite,1,test-title,definirMidia atualiza uri e legenda preservando o MIME real,,apps/management-vite/tests/builder-content.test.ts:67,0,no,,,candidate,,,mgmt-rest-desk
management-vite-test-title-ba5247bb,management-vite,1,test-title,desfazer e refazer tratam o arrasto como uma mudança única,,apps/management-vite/tests/builder-editor.test.ts:87,0,no,,,candidate,,,mgmt-rest-desk
management-vite-test-title-04801c83,management-vite,1,test-title,documento maior que o limite de 100 MB é apontado com a mensagem literal do inventário,,apps/management-vite/tests/builder-content.test.ts:80,0,no,,,candidate,,,mgmt-rest-desk
management-vite-test-title-63ecf261,management-vite,1,test-title,emailsParaTexto junta com vírgula e espaço,,apps/management-vite/tests/channels.test.ts:31,0,no,,,candidate,,,mgmt-rest-desk
management-vite-test-title-08705125,management-vite,1,test-title,"figurinha e imagem, ambas image/*, voltam a ler como o mesmo tipo de mídia sem $typeOfContent (fluxo importado)",,apps/management-vite/tests/builder-content.test.ts:98,0,no,,,candidate,,,mgmt-rest-desk
management-vite-test-title-eba0595f,management-vite,1,test-title,"import-exportar: export -> import does not touch the screen's configuracao (the file carries only {flow, globalActions})",,apps/management-vite/tests/builder-editor.test.ts:511,0,no,,,candidate,,,mgmt-rest-desk
management-vite-test-title-a003a787,management-vite,1,test-title,isSearchDimming: só esmaece com pelo menos um bloco encontrado (Blip searchedStates.length > 0),,apps/management-vite/tests/builder-search.test.ts:146,0,no,,,candidate,,,mgmt-rest-desk
management-vite-test-title-15105b49,management-vite,1,test-title,matchBlock: com prefixo actions:/content:/output: restringe o campo,,apps/management-vite/tests/builder-search.test.ts:108,0,no,,,candidate,,,mgmt-rest-desk
management-vite-test-title-7d2b1861,management-vite,1,test-title,"matchBlock: com prefixo, casa só no campo indicado",,apps/management-vite/tests/builder-search.test.ts:99,0,no,,,candidate,,,mgmt-rest-desk
management-vite-test-title-2599aa01,management-vite,1,test-title,matchBlock: sem prefixo casa por texto do conteúdo,,apps/management-vite/tests/builder-search.test.ts:89,0,no,,,candidate,,,mgmt-rest-desk
management-vite-test-title-b220aba7,management-vite,1,test-title,matchBlock: sem prefixo casa por título e campo das ações,,apps/management-vite/tests/builder-search.test.ts:83,0,no,,,candidate,,,mgmt-rest-desk
management-vite-test-title-44bdd17d,management-vite,1,test-title,matchBlock: sem prefixo casa por variável e valor da condição de saída,,apps/management-vite/tests/builder-search.test.ts:77,0,no,,,candidate,,,mgmt-rest-desk
management-vite-test-title-bc82d3f7,management-vite,1,test-title,"personalizado respeita o limite para trás, não passa de hoje e não inverte",,apps/management-vite/tests/analytics.test.ts:59,0,no,,,candidate,,,mgmt-rest-desk
management-vite-test-title-1160faf6,management-vite,1,test-title,"queueRules: só as regras da fila pedida, ordenadas por order",,apps/management-vite/tests/builder-queues.test.ts:111,0,no,,,candidate,,,mgmt-rest-desk
management-vite-test-title-e53b4cd2,management-vite,1,test-title,renameBlockReason: atendentes tem prioridade sobre regras e permissão,,apps/management-vite/tests/builder-queues.test.ts:127,0,no,,,candidate,,,mgmt-rest-desk
management-vite-test-title-be17bc82,management-vite,1,test-title,"renameBlockReason: null com 0 atendentes, 0 regras e permissão",,apps/management-vite/tests/builder-queues.test.ts:123,0,no,,,candidate,,,mgmt-rest-desk
management-vite-test-title-e0df15f9,management-vite,1,test-title,renameBlockReason: permissão só quando não há atendentes nem regras,,apps/management-vite/tests/builder-queues.test.ts:135,0,no,,,candidate,,,mgmt-rest-desk
management-vite-test-title-1dd2d1c1,management-vite,1,test-title,renameBlockReason: regras quando não há atendentes,,apps/management-vite/tests/builder-queues.test.ts:131,0,no,,,candidate,,,mgmt-rest-desk
management-vite-test-title-c70fe99d,management-vite,1,test-title,searchMatches: termo sem resultado devolve Set vazio,,apps/management-vite/tests/builder-search.test.ts:127,0,no,,,candidate,,,mgmt-rest-desk
management-vite-test-title-5d7c27f7,management-vite,1,test-title,searchMatches: termo vazio não pesquisa (null),,apps/management-vite/tests/builder-search.test.ts:121,0,no,,,candidate,,,mgmt-rest-desk
management-vite-test-title-1c5b2251,management-vite,1,test-title,survey: montarDesenho -> lerDesenho round trip preserves the survey block,,apps/management-vite/tests/builder-editor.test.ts:319,0,no,,,candidate,,,mgmt-rest-desk
management-vite-test-title-1fe2bab2,management-vite,1,test-title,the Ações tab opens with the function library section and its two buttons wired to onAbrirFuncoes,,apps/management-vite/tests/builder-actions.test.ts:165,0,no,,,candidate,,,mgmt-rest-desk
management-vite-ts-local-3eee5700,management-vite,4,ts-local,aoAplicarFiltro,,apps/management-vite/src/pages/flow/log/tela.tsx:87,5,no,,,candidate,,,mgmt-pages
management-vite-ts-local-06c89959,management-vite,4,ts-local,aoAplicarPeriodo,,apps/management-vite/src/pages/flow/analytics/journey/jornada.tsx:41,8,no,,,candidate,,,mgmt-pages
management-vite-ts-local-c2433eea,management-vite,4,ts-local,aoAplicarPeriodo,,apps/management-vite/src/pages/flow/analytics/overview/visao-geral.tsx:12,8,no,,,candidate,,,mgmt-pages
management-vite-ts-local-7afc21b1,management-vite,4,ts-local,bloco,,apps/management-vite/src/pages/builder/panel-configuration.tsx:132,854,no,,,candidate,,,mgmt-pages
management-vite-ts-local-2a7a66e1,management-vite,4,ts-local,busca,,apps/management-vite/src/pages/builder/destination-picker.tsx:30,350,no,,,candidate,,,mgmt-pages
management-vite-ts-local-645d11d1,management-vite,4,ts-local,busca,,apps/management-vite/src/pages/builder/variables.ts:112,350,no,,,candidate,,,mgmt-pages
management-vite-ts-local-98115598,management-vite,4,ts-local,buscaSistema,,apps/management-vite/src/pages/builder/panel-variables.tsx:67,6,no,,,candidate,,,mgmt-pages
management-vite-ts-local-39247383,management-vite,4,ts-local,buscaUsuario,,apps/management-vite/src/pages/builder/panel-variables.tsx:68,6,no,,,candidate,,,mgmt-pages
management-vite-ts-local-c05e00f2,management-vite,4,ts-local,campoValor,,apps/management-vite/tests/builder-search.test.ts:38,2,no,,,candidate,,,mgmt-rest-desk
management-vite-ts-local-6b0cbf33,management-vite,4,ts-local,cartao,,apps/management-vite/src/pages/builder/search.ts:77,17,no,,,candidate,,,mgmt-pages
management-vite-ts-local-a11a5ecf,management-vite,4,ts-local,cartao,,apps/management-vite/tests/builder-content.test.ts:107,17,no,,,candidate,,,mgmt-rest-desk
management-vite-ts-local-09a8c99c,management-vite,4,ts-local,cartao,,apps/management-vite/tests/builder-content.test.ts:74,17,no,,,candidate,,,mgmt-rest-desk
management-vite-ts-local-f68ca12e,management-vite,4,ts-local,chave,,apps/management-vite/src/pages/builder.tsx:371,571,no,,,candidate,,,mgmt-pages
management-vite-ts-local-8f323cb7,management-vite,4,ts-local,chave,,apps/management-vite/src/pages/builder/actions-of-block.ts:358,571,no,,,candidate,,,mgmt-pages
management-vite-ts-local-37bf7c05,management-vite,4,ts-local,chave,,apps/management-vite/src/pages/builder/panel-configuration-variables.tsx:134,571,no,,,candidate,,,mgmt-pages
management-vite-ts-local-04638f69,management-vite,4,ts-local,chave,,apps/management-vite/src/pages/builder/panel-configuration-variables.tsx:218,571,no,,,candidate,,,mgmt-pages
management-vite-ts-local-ec3a96b6,management-vite,4,ts-local,chave,,apps/management-vite/src/pages/builder/panel-configuration-variables.tsx:243,571,no,,,candidate,,,mgmt-pages
management-vite-ts-local-c54c41dd,management-vite,4,ts-local,chave,,apps/management-vite/src/pages/builder/panel-configuration-variables.tsx:275,571,no,,,candidate,,,mgmt-pages
management-vite-ts-local-bf3ca22e,management-vite,4,ts-local,chave,,apps/management-vite/src/pages/builder/panel-configuration-variables.tsx:31,571,no,,,candidate,,,mgmt-pages
management-vite-ts-local-f0754ef9,management-vite,4,ts-local,chave,,apps/management-vite/src/pages/builder/panel-configuration-variables.tsx:321,571,no,,,candidate,,,mgmt-pages
management-vite-ts-local-ac93b9b0,management-vite,4,ts-local,chave,,apps/management-vite/src/pages/builder/panel-configuration-variables.tsx:78,571,no,,,candidate,,,mgmt-pages
management-vite-ts-local-446af908,management-vite,4,ts-local,chave,,apps/management-vite/src/pages/builder/panel-configuration.tsx:71,571,no,,,candidate,,,mgmt-pages
management-vite-ts-local-c4e546a1,management-vite,4,ts-local,chave,,apps/management-vite/src/pages/builder/state.ts:14,571,no,,,candidate,,,mgmt-pages
management-vite-ts-local-d41d1e10,management-vite,4,ts-local,chave,,apps/management-vite/src/pages/builder/test-panel.tsx:97,571,no,,,candidate,,,mgmt-pages
management-vite-ts-local-eef4fac7,management-vite,4,ts-local,chave,,apps/management-vite/src/pages/builder/variables.ts:61,571,no,,,candidate,,,mgmt-pages
management-vite-ts-local-b42e7aef,management-vite,4,ts-local,chaveDraft,,apps/management-vite/src/pages/builder/panel-configuration-variables.tsx:287,6,no,,,candidate,,,mgmt-pages
management-vite-ts-local-3c0cad62,management-vite,4,ts-local,comErro,,apps/management-vite/src/pages/builder/panel-content.tsx:550,12,no,,,candidate,,,mgmt-pages
management-vite-ts-local-b3310a03,management-vite,4,ts-local,comErro,,apps/management-vite/src/pages/builder/panel-content.tsx:558,12,no,,,candidate,,,mgmt-pages
management-vite-ts-local-48e3a84e,management-vite,4,ts-local,condicao,,apps/management-vite/src/pages/builder/search.ts:50,32,no,,,candidate,,,mgmt-pages
management-vite-ts-local-aaa28a50,management-vite,4,ts-local,configuracao,,apps/management-vite/src/pages/builder/state.ts:65,73,no,,,candidate,,,mgmt-pages
management-vite-ts-local-ee29a818,management-vite,4,ts-local,configuracao,,apps/management-vite/src/pages/builder/use-editor.ts:107,73,no,,,candidate,,,mgmt-pages
management-vite-ts-local-3532d793,management-vite,4,ts-local,configuracao,,apps/management-vite/src/pages/builder/use-editor.ts:71,73,no,,,candidate,,,mgmt-pages
management-vite-ts-local-8848432f,management-vite,4,ts-local,configuracao,,apps/management-vite/src/pages/builder/use-editor.ts:95,73,no,,,candidate,,,mgmt-pages
management-vite-ts-local-7df77ae6,management-vite,4,ts-local,copiado,,apps/management-vite/src/pages/builder/panel-variables.tsx:69,68,no,,,candidate,,,mgmt-pages
management-vite-ts-local-9e9a3798,management-vite,4,ts-local,copiado,,apps/management-vite/src/pages/contract/copiar.tsx:7,68,no,,,candidate,,,mgmt-pages
management-vite-ts-local-b7f81907,management-vite,4,ts-local,copiado,,apps/management-vite/src/pages/contract/members/convidar.tsx:54,68,no,,,candidate,,,mgmt-pages
management-vite-ts-local-1da6892b,management-vite,4,ts-local,copiado,,apps/management-vite/src/pages/contract/members/tabela.tsx:343,68,no,,,candidate,,,mgmt-pages
management-vite-ts-local-84d8359b,management-vite,4,ts-local,copiado,,apps/management-vite/src/pages/flow/growth/tracked-links/links-rastreados.tsx:19,68,no,,,candidate,,,mgmt-pages
management-vite-ts-local-f82e5eb5,management-vite,4,ts-local,copiado,,apps/management-vite/src/pages/flow/team/tela.tsx:201,68,no,,,candidate,,,mgmt-pages
management-vite-ts-local-ee3c0522,management-vite,4,ts-local,criar,,apps/management-vite/tests/builder-content.test.ts:41,298,no,,,candidate,,,mgmt-rest-desk
management-vite-ts-local-627b1a98,management-vite,4,ts-local,criarFuncaoAoAbrir,,apps/management-vite/src/pages/builder.tsx:95,9,no,,,candidate,,,mgmt-pages
management-vite-ts-local-348e6bca,management-vite,4,ts-local,criarFuncaoAoAbrir,,apps/management-vite/src/pages/builder/panel-configuration.tsx:62,9,no,,,candidate,,,mgmt-pages
management-vite-ts-local-6cb7c582,management-vite,4,ts-local,criarFuncao,,apps/management-vite/src/pages/builder/panel-configuration.tsx:85,3,no,,,candidate,,,mgmt-pages
management-vite-ts-local-ffe521b0,management-vite,4,ts-local,dados,,apps/management-vite/src/pages/flow/analytics/overview/page.tsx:62,401,no,,,candidate,,,mgmt-pages
management-vite-ts-local-b58c4d8b,management-vite,4,ts-local,definirTexto,,apps/management-vite/src/pages/contract/members/convidar.tsx:50,8,no,,,candidate,,,mgmt-pages
management-vite-ts-local-c5e41de0,management-vite,4,ts-local,destinoFixo,,apps/management-vite/src/pages/registrations/rules-attendance-formulario.tsx:127,9,no,,,candidate,,,mgmt-pages
management-vite-ts-local-a0eeb470,management-vite,4,ts-local,emailsTexto,,apps/management-vite/src/pages/flow/channels/whatsapp/alerta.tsx:22,3,no,,,candidate,,,mgmt-pages
management-vite-ts-local-749483f9,management-vite,4,ts-local,entrada,,apps/management-vite/src/pages/builder/test-panel.tsx:146,534,no,,,candidate,,,mgmt-pages
management-vite-ts-local-9df6ba86,management-vite,4,ts-local,entrada,,apps/management-vite/tests/builder-painels.test.ts:124,534,no,,,candidate,,,mgmt-rest-desk
management-vite-ts-local-a0b5b969,management-vite,4,ts-local,erro,,apps/management-vite/src/pages/builder/conteudo.ts:485,806,no,,,candidate,,,mgmt-pages
management-vite-ts-local-c82c4d56,management-vite,4,ts-local,erro,,apps/management-vite/src/pages/builder/conteudo.ts:489,806,no,,,candidate,,,mgmt-pages
management-vite-ts-local-d52e09c8,management-vite,4,ts-local,erro,,apps/management-vite/src/pages/builder/conteudo.ts:494,806,no,,,candidate,,,mgmt-pages
management-vite-ts-local-7de52e8e,management-vite,4,ts-local,erro,,apps/management-vite/src/pages/builder/test-panel.tsx:148,806,no,,,candidate,,,mgmt-pages
management-vite-ts-local-ae1654ad,management-vite,4,ts-local,erro,,apps/management-vite/src/pages/flow/resources/recursos.tsx:241,806,no,,,candidate,,,mgmt-pages
management-vite-ts-local-6340a864,management-vite,4,ts-local,erroCampo,,apps/management-vite/src/pages/builder/panel-queues.tsx:256,4,no,,,candidate,,,mgmt-pages
management-vite-ts-local-5d9c9b7f,management-vite,4,ts-local,erroExclusao,,apps/management-vite/src/pages/builder/queue-rules.tsx:76,2,no,,,candidate,,,mgmt-pages
management-vite-ts-local-d9ed96e6,management-vite,4,ts-local,erroNome,,apps/management-vite/src/pages/builder/queue-rules.tsx:73,4,no,,,candidate,,,mgmt-pages
management-vite-ts-local-2e71bad5,management-vite,4,ts-local,estado,,apps/management-vite/src/pages/builder/test-panel.tsx:106,836,no,,,candidate,,,mgmt-pages
management-vite-ts-local-981db6d7,management-vite,4,ts-local,fila,,apps/management-vite/src/pages/builder/queue-rules.tsx:56,878,no,,,candidate,,,mgmt-pages
management-vite-ts-local-05ccf84d,management-vite,4,ts-local,fila,,apps/management-vite/src/pages/builder/queues-panel.ts:72,878,no,,,candidate,,,mgmt-pages
management-vite-ts-local-00ba22c8,management-vite,4,ts-local,filaId,,apps/management-vite/src/pages/builder/queues-panel.ts:59,49,no,,,candidate,,,mgmt-pages
management-vite-ts-local-fc542e57,management-vite,4,ts-local,filas,,apps/management-vite/src/pages/builder/queues-panel.ts:27,293,no,,,candidate,,,mgmt-pages
management-vite-ts-local-e24d700b,management-vite,4,ts-local,filas,,apps/management-vite/src/pages/builder/queues-panel.ts:37,293,no,,,candidate,,,mgmt-pages
management-vite-ts-local-bc78f65f,management-vite,4,ts-local,filas,,apps/management-vite/src/pages/builder/queues-panel.ts:52,293,no,,,candidate,,,mgmt-pages
management-vite-ts-local-1ca1ddd8,management-vite,4,ts-local,filtros,,apps/management-vite/src/pages/flow/analytics/active-messages/filter.tsx:41,74,no,,,candidate,,,mgmt-pages
management-vite-ts-local-353d15dd,management-vite,4,ts-local,filtros,,apps/management-vite/src/pages/flow/analytics/active-messages/page.tsx:116,74,no,,,candidate,,,mgmt-pages
management-vite-ts-local-f3d0793e,management-vite,4,ts-local,filtros,,apps/management-vite/src/pages/flow/log/log.tsx:53,74,no,,,candidate,,,mgmt-pages
management-vite-ts-local-e1e97512,management-vite,4,ts-local,filtros,,apps/management-vite/src/pages/flow/log/tela.tsx:105,74,no,,,candidate,,,mgmt-pages
management-vite-ts-local-b6eeb4ab,management-vite,4,ts-local,filtros,,apps/management-vite/src/pages/updates/page.tsx:41,74,no,,,candidate,,,mgmt-pages
management-vite-ts-local-4880a0e1,management-vite,4,ts-local,intervalo,,apps/management-vite/src/pages/flow/analytics/active-messages/miolo.tsx:16,73,no,,,candidate,,,mgmt-pages
management-vite-ts-local-4f1b8b03,management-vite,4,ts-local,intervalo,,apps/management-vite/src/pages/flow/analytics/active-messages/miolo.tsx:206,73,no,,,candidate,,,mgmt-pages
management-vite-ts-local-d27c927d,management-vite,4,ts-local,intervalo,,apps/management-vite/src/pages/flow/analytics/active-messages/page.tsx:87,73,no,,,candidate,,,mgmt-pages
management-vite-ts-local-130537c5,management-vite,4,ts-local,intervalo,,apps/management-vite/src/pages/flow/analytics/dashboard/dashboard.tsx:60,73,no,,,candidate,,,mgmt-pages
management-vite-ts-local-8460f986,management-vite,4,ts-local,limite,,apps/management-vite/src/pages/flow/analytics/active-messages/filter.tsx:22,381,no,,,candidate,,,mgmt-pages
management-vite-ts-local-cda0e087,management-vite,4,ts-local,limite,,apps/management-vite/src/pages/flow/analytics/active-messages/page.tsx:87,381,no,,,candidate,,,mgmt-pages
management-vite-ts-local-78e89f78,management-vite,4,ts-local,limiteSimultaneo,,apps/management-vite/tests/agents.test.ts:22,18,no,,,candidate,,,mgmt-rest-desk
management-vite-ts-local-e1d7cd7b,management-vite,4,ts-local,marcarCopiado,,apps/management-vite/src/pages/contract/members/convidar.tsx:54,6,no,,,candidate,,,mgmt-pages
management-vite-ts-local-27778eab,management-vite,4,ts-local,marcarCopiado,,apps/management-vite/src/pages/contract/members/tabela.tsx:343,6,no,,,candidate,,,mgmt-pages
management-vite-ts-local-fea3dc92,management-vite,4,ts-local,mensagemDoBot,,apps/management-vite/src/pages/builder/test-panel.tsx:168,4,no,,,candidate,,,mgmt-pages
management-vite-ts-local-4a22aff2,management-vite,4,ts-local,mensagemDoBot,,apps/management-vite/src/pages/builder/test-panel.tsx:186,4,no,,,candidate,,,mgmt-pages
management-vite-ts-local-72cd8e9c,management-vite,4,ts-local,mensagens,,apps/management-vite/src/pages/builder/test-panel.tsx:145,334,no,,,candidate,,,mgmt-pages
management-vite-ts-local-791ee1d1,management-vite,4,ts-local,midia,,apps/management-vite/tests/builder-content.test.ts:41,54,no,,,candidate,,,mgmt-rest-desk
management-vite-ts-local-e494cb71,management-vite,4,ts-local,novaChave,,apps/management-vite/src/pages/builder/panel-configuration-variables.tsx:249,6,no,,,candidate,,,mgmt-pages
management-vite-ts-local-2303e45c,management-vite,4,ts-local,novaChave,,apps/management-vite/src/pages/builder/panel-configuration-variables.tsx:284,6,no,,,candidate,,,mgmt-pages
management-vite-ts-local-ef711516,management-vite,4,ts-local,novoPeriodo,,apps/management-vite/src/pages/flow/analytics/dashboard/dashboard.tsx:70,2,no,,,candidate,,,mgmt-pages
management-vite-ts-local-2af38c06,management-vite,4,ts-local,onAbrirFuncoes,,apps/management-vite/src/pages/builder/editor.tsx:50,26,no,,,candidate,,,mgmt-pages
management-vite-ts-local-73b5e45c,management-vite,4,ts-local,onAbrirFuncoes,,apps/management-vite/src/pages/builder/panel-actions.tsx:129,26,no,,,candidate,,,mgmt-pages
management-vite-ts-local-2f7fdb20,management-vite,4,ts-local,onAbrirFuncoes,,apps/management-vite/src/pages/builder/panel-actions.tsx:59,26,no,,,candidate,,,mgmt-pages
management-vite-ts-local-2641efa8,management-vite,4,ts-local,onAbrirFuncoes,,apps/management-vite/src/pages/builder/panel.tsx:54,26,no,,,candidate,,,mgmt-pages
management-vite-ts-local-3ce08db7,management-vite,4,ts-local,onCriarNova,,apps/management-vite/src/pages/builder/panel-queues.tsx:140,4,no,,,candidate,,,mgmt-pages
management-vite-ts-local-aa6fa860,management-vite,4,ts-local,onDestacarBloco,,apps/management-vite/src/pages/builder/test-panel.tsx:138,4,no,,,candidate,,,mgmt-pages
management-vite-ts-local-07c42c86,management-vite,4,ts-local,onLimparBusca,,apps/management-vite/src/pages/builder/panel-queues.tsx:139,4,no,,,candidate,,,mgmt-pages
management-vite-ts-local-7212ad33,management-vite,4,ts-local,onMudarChave,,apps/management-vite/src/pages/builder/panel-configuration-variables.tsx:323,4,no,,,candidate,,,mgmt-pages
management-vite-ts-local-8ed48980,management-vite,4,ts-local,onMudarValor,,apps/management-vite/src/pages/builder/panel-configuration-variables.tsx:277,8,no,,,candidate,,,mgmt-pages
management-vite-ts-local-77e8ef2b,management-vite,4,ts-local,onMudarValor,,apps/management-vite/src/pages/builder/panel-configuration-variables.tsx:324,8,no,,,candidate,,,mgmt-pages
management-vite-ts-local-d0edfed0,management-vite,4,ts-local,onOpcao,,apps/management-vite/src/pages/builder/test-panel.tsx:24,2,no,,,candidate,,,mgmt-pages
management-vite-ts-local-0ab5f4ba,management-vite,4,ts-local,onRemoverCondicao,,apps/management-vite/src/pages/builder/condition.tsx:28,7,no,,,candidate,,,mgmt-pages
management-vite-ts-local-0f9cc52b,management-vite,4,ts-local,opcao,,apps/management-vite/src/pages/builder/search.ts:86,9,no,,,candidate,,,mgmt-pages
management-vite-ts-local-b2d139f2,management-vite,4,ts-local,opcao,,apps/management-vite/src/pages/builder/test-panel.tsx:53,9,no,,,candidate,,,mgmt-pages
management-vite-ts-local-9604f7b1,management-vite,4,ts-local,outrasFilas,,apps/management-vite/src/pages/builder/queues-panel.ts:88,4,no,,,candidate,,,mgmt-pages
management-vite-ts-local-951f0660,management-vite,4,ts-local,paginas,,apps/management-vite/src/pages/builder/panel-queues.tsx:136,1464,no,,,candidate,,,mgmt-pages
management-vite-ts-local-275943db,management-vite,4,ts-local,paginas,,apps/management-vite/src/pages/builder/panel-queues.tsx:34,1464,no,,,candidate,,,mgmt-pages
management-vite-ts-local-ff8d23a9,management-vite,4,ts-local,paginas,,apps/management-vite/src/pages/builder/queue-rules.tsx:69,1464,no,,,candidate,,,mgmt-pages
management-vite-ts-local-91cdf8db,management-vite,4,ts-local,paginas,,apps/management-vite/src/pages/builder/queues-panel.ts:52,1464,no,,,candidate,,,mgmt-pages
management-vite-ts-local-07c1d000,management-vite,4,ts-local,parametrosTexto,,apps/management-vite/src/pages/flow/growth/active-messages/tela.tsx:29,2,no,,,candidate,,,mgmt-pages
management-vite-ts-local-3906f1d6,management-vite,4,ts-local,periodo,,apps/management-vite/src/pages/flow/analytics/active-messages/page.tsx:70,58,no,,,candidate,,,mgmt-pages
management-vite-ts-local-e0054d84,management-vite,4,ts-local,periodo,,apps/management-vite/src/pages/flow/analytics/dashboard/dashboard.tsx:43,58,no,,,candidate,,,mgmt-pages
management-vite-ts-local-1f154c7c,management-vite,4,ts-local,periodo,,apps/management-vite/src/pages/flow/analytics/journey/page.tsx:53,58,no,,,candidate,,,mgmt-pages
management-vite-ts-local-360a8139,management-vite,4,ts-local,periodo,,apps/management-vite/src/pages/flow/analytics/overview/page.tsx:48,58,no,,,candidate,,,mgmt-pages
management-vite-ts-local-a178b71a,management-vite,4,ts-local,permissoes,,apps/management-vite/tests/flow-detalhe.test.ts:135,53,no,,,candidate,,,mgmt-rest-desk
management-vite-ts-local-414fac59,management-vite,4,ts-local,resultado,,apps/management-vite/src/components/card-config.tsx:38,426,no,,,candidate,,,mgmt-rest-desk
management-vite-ts-local-708bd124,management-vite,4,ts-local,resultado,,apps/management-vite/src/pages/contract/members/convidar.tsx:59,426,no,,,candidate,,,mgmt-pages
management-vite-ts-local-77ce6bbc,management-vite,4,ts-local,resultado,,apps/management-vite/src/pages/contract/members/tabela.tsx:337,426,no,,,candidate,,,mgmt-pages
management-vite-ts-local-c60948ac,management-vite,4,ts-local,resultado,,apps/management-vite/src/pages/deployment/formularios.tsx:100,426,no,,,candidate,,,mgmt-pages
management-vite-ts-local-e055e214,management-vite,4,ts-local,resultado,,apps/management-vite/src/pages/deployment/formularios.tsx:13,426,no,,,candidate,,,mgmt-pages
management-vite-ts-local-0f8cb2a2,management-vite,4,ts-local,resultado,,apps/management-vite/src/pages/deployment/formularios.tsx:22,426,no,,,candidate,,,mgmt-pages
management-vite-ts-local-09c3d85d,management-vite,4,ts-local,resultado,,apps/management-vite/src/pages/deployment/formularios.tsx:75,426,no,,,candidate,,,mgmt-pages
management-vite-ts-local-30e35e72,management-vite,4,ts-local,resultado,,apps/management-vite/src/pages/flow/growth/tracked-links/links-rastreados.tsx:38,426,no,,,candidate,,,mgmt-pages
management-vite-ts-local-9958015a,management-vite,4,ts-local,resultado,,apps/management-vite/src/pages/registrations/agents-breaks-formulario.tsx:14,426,no,,,candidate,,,mgmt-pages
management-vite-ts-local-2565d66c,management-vite,4,ts-local,resultado,,apps/management-vite/src/pages/registrations/agents-queues-formulario.tsx:31,426,no,,,candidate,,,mgmt-pages
management-vite-ts-local-6643582b,management-vite,4,ts-local,resultado,,apps/management-vite/src/pages/registrations/communication-respostas-formulario.tsx:12,426,no,,,candidate,,,mgmt-pages
management-vite-ts-local-7e977762,management-vite,4,ts-local,resultado,,apps/management-vite/src/pages/registrations/communication-templates.tsx:38,426,no,,,candidate,,,mgmt-pages
management-vite-ts-local-f2f19c09,management-vite,4,ts-local,resultado,,apps/management-vite/src/pages/registrations/regras-horarios-formulario.tsx:119,426,no,,,candidate,,,mgmt-pages
management-vite-ts-local-4e8ffddc,management-vite,4,ts-local,resultado,,apps/management-vite/src/pages/registrations/regras-horarios-formulario.tsx:15,426,no,,,candidate,,,mgmt-pages
management-vite-ts-local-7af0ea15,management-vite,4,ts-local,resultado,,apps/management-vite/src/pages/registrations/regras-horarios-formulario.tsx:59,426,no,,,candidate,,,mgmt-pages
management-vite-ts-local-17c60541,management-vite,4,ts-local,resultado,,apps/management-vite/src/pages/registrations/regras-sla-formulario.tsx:53,426,no,,,candidate,,,mgmt-pages
management-vite-ts-local-9bf1cf81,management-vite,4,ts-local,resultado,,apps/management-vite/src/pages/registrations/rules-attendance-formulario.tsx:151,426,no,,,candidate,,,mgmt-pages
management-vite-ts-local-bbccfd73,management-vite,4,ts-local,resultadoEnvio,,apps/management-vite/src/pages/flow/growth/active-messages/tela.tsx:31,4,no,,,candidate,,,mgmt-pages
management-vite-ts-local-568004aa,management-vite,4,ts-local,secao,,apps/management-vite/src/pages/builder/panel-configuration-variables.tsx:126,12,no,,,candidate,,,mgmt-pages
management-vite-ts-local-29143053,management-vite,4,ts-local,secao,,apps/management-vite/src/pages/builder/panel-configuration-variables.tsx:46,12,no,,,candidate,,,mgmt-pages
management-vite-ts-local-dd5d2dab,management-vite,4,ts-local,secao,,apps/management-vite/src/pages/builder/panel-configuration-variables.tsx:66,12,no,,,candidate,,,mgmt-pages
management-vite-ts-local-fc88a9b1,management-vite,4,ts-local,setBusca,,apps/management-vite/src/pages/builder/destination-picker.tsx:30,7,no,,,candidate,,,mgmt-pages
management-vite-ts-local-4eab522e,management-vite,4,ts-local,setBuscaSistema,,apps/management-vite/src/pages/builder/panel-variables.tsx:67,2,no,,,candidate,,,mgmt-pages
management-vite-ts-local-35469a26,management-vite,4,ts-local,setBuscaUsuario,,apps/management-vite/src/pages/builder/panel-variables.tsx:68,2,no,,,candidate,,,mgmt-pages
management-vite-ts-local-91673b0d,management-vite,4,ts-local,setChaveDraft,,apps/management-vite/src/pages/builder/panel-configuration-variables.tsx:287,2,no,,,candidate,,,mgmt-pages
management-vite-ts-local-c021e38a,management-vite,4,ts-local,setCopiado,,apps/management-vite/src/pages/builder/panel-variables.tsx:69,14,no,,,candidate,,,mgmt-pages
management-vite-ts-local-41af0bd1,management-vite,4,ts-local,setCopiado,,apps/management-vite/src/pages/contract/copiar.tsx:7,14,no,,,candidate,,,mgmt-pages
management-vite-ts-local-9f1359f5,management-vite,4,ts-local,setCopiado,,apps/management-vite/src/pages/flow/growth/tracked-links/links-rastreados.tsx:19,14,no,,,candidate,,,mgmt-pages
management-vite-ts-local-0263ad80,management-vite,4,ts-local,setCopiado,,apps/management-vite/src/pages/flow/team/tela.tsx:201,14,no,,,candidate,,,mgmt-pages
management-vite-ts-local-3b9d544f,management-vite,4,ts-local,setCriarFuncaoAoAbrir,,apps/management-vite/src/pages/builder.tsx:95,2,no,,,candidate,,,mgmt-pages
management-vite-ts-local-c77cb2fd,management-vite,4,ts-local,setCriarFuncao,,apps/management-vite/src/pages/builder/panel-configuration.tsx:85,2,no,,,candidate,,,mgmt-pages
management-vite-ts-local-bad47b80,management-vite,4,ts-local,setEmailsTexto,,apps/management-vite/src/pages/flow/channels/whatsapp/alerta.tsx:22,4,no,,,candidate,,,mgmt-pages
management-vite-ts-local-f7a7fe94,management-vite,4,ts-local,setEntrada,,apps/management-vite/src/pages/builder/test-panel.tsx:146,3,no,,,candidate,,,mgmt-pages
management-vite-ts-local-e933f7f6,management-vite,4,ts-local,setErro,,apps/management-vite/src/pages/builder/test-panel.tsx:148,6,no,,,candidate,,,mgmt-pages
management-vite-ts-local-c4d11181,management-vite,4,ts-local,setErroCampo,,apps/management-vite/src/pages/builder/panel-queues.tsx:256,5,no,,,candidate,,,mgmt-pages
management-vite-ts-local-2f1794d2,management-vite,4,ts-local,setErroExclusao,,apps/management-vite/src/pages/builder/queue-rules.tsx:76,3,no,,,candidate,,,mgmt-pages
management-vite-ts-local-a3be6ee5,management-vite,4,ts-local,setErroNome,,apps/management-vite/src/pages/builder/queue-rules.tsx:73,5,no,,,candidate,,,mgmt-pages
management-vite-ts-local-00799c2a,management-vite,4,ts-local,setFiltros,,apps/management-vite/src/pages/flow/log/log.tsx:53,6,no,,,candidate,,,mgmt-pages
management-vite-ts-local-c721b5f8,management-vite,4,ts-local,setFiltros,,apps/management-vite/src/pages/updates/page.tsx:41,6,no,,,candidate,,,mgmt-pages
management-vite-ts-local-f7829c74,management-vite,4,ts-local,setMensagens,,apps/management-vite/src/pages/builder/test-panel.tsx:145,5,no,,,candidate,,,mgmt-pages
management-vite-ts-local-7188f9e1,management-vite,4,ts-local,setPaginas,,apps/management-vite/src/pages/builder/panel-queues.tsx:34,7,no,,,candidate,,,mgmt-pages
management-vite-ts-local-4012c521,management-vite,4,ts-local,setPaginas,,apps/management-vite/src/pages/builder/queue-rules.tsx:69,7,no,,,candidate,,,mgmt-pages
management-vite-ts-local-960c55fb,management-vite,4,ts-local,setParametrosTexto,,apps/management-vite/src/pages/flow/growth/active-messages/tela.tsx:29,3,no,,,candidate,,,mgmt-pages
management-vite-ts-local-f0ce0999,management-vite,4,ts-local,setPeriodo,,apps/management-vite/src/pages/flow/analytics/active-messages/page.tsx:70,8,no,,,candidate,,,mgmt-pages
management-vite-ts-local-27903a82,management-vite,4,ts-local,setPeriodo,,apps/management-vite/src/pages/flow/analytics/dashboard/dashboard.tsx:43,8,no,,,candidate,,,mgmt-pages
management-vite-ts-local-216e4965,management-vite,4,ts-local,setPeriodo,,apps/management-vite/src/pages/flow/analytics/journey/page.tsx:53,8,no,,,candidate,,,mgmt-pages
management-vite-ts-local-651d9e7e,management-vite,4,ts-local,setPeriodo,,apps/management-vite/src/pages/flow/analytics/overview/page.tsx:48,8,no,,,candidate,,,mgmt-pages
management-vite-ts-local-4f33e693,management-vite,4,ts-local,setResultado,,apps/management-vite/src/pages/flow/growth/tracked-links/links-rastreados.tsx:38,9,no,,,candidate,,,mgmt-pages
management-vite-ts-local-3021f165,management-vite,4,ts-local,setResultado,,apps/management-vite/src/pages/registrations/communication-templates.tsx:38,9,no,,,candidate,,,mgmt-pages
management-vite-ts-local-a2294a87,management-vite,4,ts-local,setResultadoEnvio,,apps/management-vite/src/pages/flow/growth/active-messages/tela.tsx:31,3,no,,,candidate,,,mgmt-pages
management-vite-ts-local-d08643b3,management-vite,4,ts-local,setTexto,,apps/management-vite/src/components/monitoring-detailed.tsx:523,14,no,,,candidate,,,mgmt-rest-desk
management-vite-ts-local-db672588,management-vite,4,ts-local,setTextoDoBotao,,apps/management-vite/src/pages/flow/settings/welcome/tela.tsx:18,3,no,,,candidate,,,mgmt-pages
management-vite-ts-local-2fc35309,management-vite,4,ts-local,setVariaveis,,apps/management-vite/src/pages/builder/test-panel.tsx:150,6,no,,,candidate,,,mgmt-pages
management-vite-ts-local-e2aa196f,management-vite,4,ts-local,texto,,apps/management-vite/src/components/metrica.tsx:43,1706,no,,,candidate,,,mgmt-rest-desk
management-vite-ts-local-b1aa0acb,management-vite,4,ts-local,texto,,apps/management-vite/src/components/monitoring-detailed.tsx:523,1706,no,,,candidate,,,mgmt-rest-desk
management-vite-ts-local-a783b756,management-vite,4,ts-local,texto,,apps/management-vite/src/lib/channels.ts:124,1706,no,,,candidate,,,mgmt-rest-desk
management-vite-ts-local-0aa9a4ce,management-vite,4,ts-local,texto,,apps/management-vite/src/lib/channels.ts:142,1706,no,,,candidate,,,mgmt-rest-desk
management-vite-ts-local-a0965ca1,management-vite,4,ts-local,texto,,apps/management-vite/src/pages/builder/actions-of-block.ts:493,1706,no,,,candidate,,,mgmt-pages
management-vite-ts-local-65cf275a,management-vite,4,ts-local,texto,,apps/management-vite/src/pages/builder/canvas.tsx:43,1706,no,,,candidate,,,mgmt-pages
management-vite-ts-local-8ca19163,management-vite,4,ts-local,texto,,apps/management-vite/src/pages/builder/editor.tsx:118,1706,no,,,candidate,,,mgmt-pages
management-vite-ts-local-271736dc,management-vite,4,ts-local,texto,,apps/management-vite/src/pages/builder/import-exportar.ts:66,1706,no,,,candidate,,,mgmt-pages
management-vite-ts-local-49b08375,management-vite,4,ts-local,texto,,apps/management-vite/src/pages/builder/model.ts:325,1706,no,,,candidate,,,mgmt-pages
management-vite-ts-local-c8ffccd4,management-vite,4,ts-local,texto,,apps/management-vite/src/pages/builder/model.ts:409,1706,no,,,candidate,,,mgmt-pages
management-vite-ts-local-50ba4a87,management-vite,4,ts-local,texto,,apps/management-vite/src/pages/builder/panel-actions.tsx:179,1706,no,,,candidate,,,mgmt-pages
management-vite-ts-local-10b27a89,management-vite,4,ts-local,texto,,apps/management-vite/src/pages/builder/panel-actions.tsx:63,1706,no,,,candidate,,,mgmt-pages
management-vite-ts-local-89496b4e,management-vite,4,ts-local,texto,,apps/management-vite/src/pages/builder/panel-configuration-variables.tsx:233,1706,no,,,candidate,,,mgmt-pages
management-vite-ts-local-7d8f72ba,management-vite,4,ts-local,texto,,apps/management-vite/src/pages/builder/panel-configuration-variables.tsx:262,1706,no,,,candidate,,,mgmt-pages
management-vite-ts-local-b8deb856,management-vite,4,ts-local,texto,,apps/management-vite/src/pages/builder/panel-configuration-variables.tsx:263,1706,no,,,candidate,,,mgmt-pages
management-vite-ts-local-65e1cbb0,management-vite,4,ts-local,texto,,apps/management-vite/src/pages/builder/panel-configuration-variables.tsx:329,1706,no,,,candidate,,,mgmt-pages
management-vite-ts-local-5b66a763,management-vite,4,ts-local,texto,,apps/management-vite/src/pages/builder/panel-configuration-variables.tsx:330,1706,no,,,candidate,,,mgmt-pages
management-vite-ts-local-1dfbe77f,management-vite,4,ts-local,texto,,apps/management-vite/src/pages/builder/panel-configuration.tsx:185,1706,no,,,candidate,,,mgmt-pages
management-vite-ts-local-92268455,management-vite,4,ts-local,texto,,apps/management-vite/src/pages/builder/panel-configuration.tsx:90,1706,no,,,candidate,,,mgmt-pages
management-vite-ts-local-e09d2090,management-vite,4,ts-local,texto,,apps/management-vite/src/pages/builder/panel-content.tsx:89,1706,no,,,candidate,,,mgmt-pages
management-vite-ts-local-3b585a36,management-vite,4,ts-local,texto,,apps/management-vite/src/pages/builder/panel-outputs.tsx:63,1706,no,,,candidate,,,mgmt-pages
management-vite-ts-local-80a90e87,management-vite,4,ts-local,texto,,apps/management-vite/src/pages/builder/panel.tsx:60,1706,no,,,candidate,,,mgmt-pages
management-vite-ts-local-c3e720b8,management-vite,4,ts-local,texto,,apps/management-vite/src/pages/builder/search.ts:118,1706,no,,,candidate,,,mgmt-pages
management-vite-ts-local-92a46df6,management-vite,4,ts-local,texto,,apps/management-vite/src/pages/builder/search.ts:133,1706,no,,,candidate,,,mgmt-pages
management-vite-ts-local-7f16c882,management-vite,4,ts-local,texto,,apps/management-vite/src/pages/builder/search.ts:18,1706,no,,,candidate,,,mgmt-pages
management-vite-ts-local-2e82dc41,management-vite,4,ts-local,texto,,apps/management-vite/src/pages/builder/search.ts:28,1706,no,,,candidate,,,mgmt-pages
management-vite-ts-local-b7aac394,management-vite,4,ts-local,texto,,apps/management-vite/src/pages/builder/test-panel.tsx:152,1706,no,,,candidate,,,mgmt-pages
management-vite-ts-local-94fb20c2,management-vite,4,ts-local,texto,,apps/management-vite/src/pages/builder/test-panel.tsx:24,1706,no,,,candidate,,,mgmt-pages
management-vite-ts-local-cb9cbcf5,management-vite,4,ts-local,texto,,apps/management-vite/src/pages/builder/test-panel.tsx:253,1706,no,,,candidate,,,mgmt-pages
management-vite-ts-local-be0eddf8,management-vite,4,ts-local,texto,,apps/management-vite/src/pages/builder/variables.ts:67,1706,no,,,candidate,,,mgmt-pages
management-vite-ts-local-8974f9d5,management-vite,4,ts-local,texto,,apps/management-vite/src/pages/builder/variables.ts:85,1706,no,,,candidate,,,mgmt-pages
management-vite-ts-local-fe444ae6,management-vite,4,ts-local,texto,,apps/management-vite/src/pages/contract/certificates/tela.tsx:340,1706,no,,,candidate,,,mgmt-pages
management-vite-ts-local-c8d5b4ba,management-vite,4,ts-local,texto,,apps/management-vite/src/pages/contract/certificates/tela.tsx:431,1706,no,,,candidate,,,mgmt-pages
management-vite-ts-local-3c6bb0a9,management-vite,4,ts-local,texto,,apps/management-vite/src/pages/contract/certificates/tela.tsx:465,1706,no,,,candidate,,,mgmt-pages
management-vite-ts-local-45fa9066,management-vite,4,ts-local,texto,,apps/management-vite/src/pages/contract/members/convidar.tsx:27,1706,no,,,candidate,,,mgmt-pages
management-vite-ts-local-3385f247,management-vite,4,ts-local,texto,,apps/management-vite/src/pages/contract/members/convidar.tsx:50,1706,no,,,candidate,,,mgmt-pages
management-vite-ts-local-d7abacb1,management-vite,4,ts-local,texto,,apps/management-vite/src/pages/contract/members/tabela.tsx:578,1706,no,,,candidate,,,mgmt-pages
management-vite-ts-local-a632f9bb,management-vite,4,ts-local,texto,,apps/management-vite/src/pages/flow/analytics/active-messages/miolo.tsx:66,1706,no,,,candidate,,,mgmt-pages
management-vite-ts-local-c476fb2e,management-vite,4,ts-local,texto,,apps/management-vite/src/pages/flow/analytics/dashboard/tela.tsx:176,1706,no,,,candidate,,,mgmt-pages
management-vite-ts-local-6a42c7bb,management-vite,4,ts-local,texto,,apps/management-vite/src/pages/flow/analytics/dashboard/tela.tsx:285,1706,no,,,candidate,,,mgmt-pages
management-vite-ts-local-a14617ef,management-vite,4,ts-local,texto,,apps/management-vite/src/pages/flow/analytics/data-dictionary/pages.tsx:1874,1706,no,,,candidate,,,mgmt-pages
management-vite-ts-local-7868ad56,management-vite,4,ts-local,texto,,apps/management-vite/src/pages/flow/analytics/data-dictionary/pages.tsx:224,1706,no,,,candidate,,,mgmt-pages
management-vite-ts-local-d3b1dac1,management-vite,4,ts-local,texto,,apps/management-vite/src/pages/flow/analytics/data-dictionary/pages.tsx:482,1706,no,,,candidate,,,mgmt-pages
management-vite-ts-local-6da05346,management-vite,4,ts-local,texto,,apps/management-vite/src/pages/flow/contents/tela.tsx:26,1706,no,,,candidate,,,mgmt-pages
management-vite-ts-local-58b0c3e9,management-vite,4,ts-local,texto,,apps/management-vite/src/pages/flow/growth/regras.ts:22,1706,no,,,candidate,,,mgmt-pages
management-vite-ts-local-86173254,management-vite,4,ts-local,texto,,apps/management-vite/src/pages/flow/services/regras.ts:39,1706,no,,,candidate,,,mgmt-pages
management-vite-ts-local-3494cf2c,management-vite,4,ts-local,texto,,apps/management-vite/src/pages/flow/settings/persistent-menu/tela.tsx:61,1706,no,,,candidate,,,mgmt-pages
management-vite-ts-local-dfaad706,management-vite,4,ts-local,texto,,apps/management-vite/src/pages/operation/reports-satisfaction.tsx:54,1706,no,,,candidate,,,mgmt-pages
management-vite-ts-local-82cf2d8f,management-vite,4,ts-local,texto,,apps/management-vite/src/pages/portal.tsx:324,1706,no,,,candidate,,,mgmt-pages
management-vite-ts-local-104433ef,management-vite,4,ts-local,texto,,apps/management-vite/src/pages/registrations/communication-templates-formulario.tsx:25,1706,no,,,candidate,,,mgmt-pages
management-vite-ts-local-5dbbc3ce,management-vite,4,ts-local,texto,,apps/management-vite/tests/builder-search.test.ts:46,1706,no,,,candidate,,,mgmt-rest-desk
management-vite-ts-local-be40a2de,management-vite,4,ts-local,textoDoBotao,,apps/management-vite/src/pages/flow/settings/welcome/tela.tsx:18,8,no,,,candidate,,,mgmt-pages
management-vite-ts-local-9448310b,management-vite,4,ts-local,valor,,apps/management-vite/src/pages/builder.tsx:371,695,no,,,candidate,,,mgmt-pages
management-vite-ts-local-d7562046,management-vite,4,ts-local,valor,,apps/management-vite/src/pages/builder/destination-picker.tsx:20,695,no,,,candidate,,,mgmt-pages
management-vite-ts-local-5774506f,management-vite,4,ts-local,valor,,apps/management-vite/src/pages/builder/panel-configuration-variables.tsx:134,695,no,,,candidate,,,mgmt-pages
management-vite-ts-local-52f65490,management-vite,4,ts-local,valor,,apps/management-vite/src/pages/builder/panel-configuration-variables.tsx:218,695,no,,,candidate,,,mgmt-pages
management-vite-ts-local-3bfb2038,management-vite,4,ts-local,valor,,apps/management-vite/src/pages/builder/panel-configuration-variables.tsx:248,695,no,,,candidate,,,mgmt-pages
management-vite-ts-local-517b2ffc,management-vite,4,ts-local,valor,,apps/management-vite/src/pages/builder/panel-configuration-variables.tsx:276,695,no,,,candidate,,,mgmt-pages
management-vite-ts-local-e523bcbe,management-vite,4,ts-local,valor,,apps/management-vite/src/pages/builder/panel-configuration-variables.tsx:283,695,no,,,candidate,,,mgmt-pages
management-vite-ts-local-bd0a3630,management-vite,4,ts-local,valor,,apps/management-vite/src/pages/builder/panel-configuration-variables.tsx:31,695,no,,,candidate,,,mgmt-pages
management-vite-ts-local-2bf21625,management-vite,4,ts-local,valor,,apps/management-vite/src/pages/builder/panel-configuration-variables.tsx:322,695,no,,,candidate,,,mgmt-pages
management-vite-ts-local-7dfdf099,management-vite,4,ts-local,valor,,apps/management-vite/src/pages/builder/panel-configuration-variables.tsx:78,695,no,,,candidate,,,mgmt-pages
management-vite-ts-local-9411bad1,management-vite,4,ts-local,valor,,apps/management-vite/src/pages/builder/panel-configuration.tsx:71,695,no,,,candidate,,,mgmt-pages
management-vite-ts-local-a1b8e1f7,management-vite,4,ts-local,valor,,apps/management-vite/src/pages/builder/search.ts:52,695,no,,,candidate,,,mgmt-pages
management-vite-ts-local-2f5e74c9,management-vite,4,ts-local,valor,,apps/management-vite/src/pages/builder/search.ts:59,695,no,,,candidate,,,mgmt-pages
management-vite-ts-local-359c771e,management-vite,4,ts-local,valor,,apps/management-vite/src/pages/builder/test-panel.tsx:97,695,no,,,candidate,,,mgmt-pages
management-vite-ts-local-9ebae447,management-vite,4,ts-local,variaveis,,apps/management-vite/src/pages/builder/panel-actions.tsx:691,80,no,,,candidate,,,mgmt-pages
management-vite-ts-local-6ee8b5a8,management-vite,4,ts-local,variaveis,,apps/management-vite/src/pages/builder/panel-actions.tsx:696,80,no,,,candidate,,,mgmt-pages
management-vite-ts-local-38e6f513,management-vite,4,ts-local,variaveis,,apps/management-vite/src/pages/builder/test-panel.tsx:150,80,no,,,candidate,,,mgmt-pages
management-vite-ts-local-58f907ca,management-vite,4,ts-local,variavel,,apps/management-vite/src/pages/builder/conteudo.ts:268,27,no,,,candidate,,,mgmt-pages
management-vite-ts-local-08b36964,management-vite,4,ts-local,variavel,,apps/management-vite/src/pages/builder/conteudo.ts:405,27,no,,,candidate,,,mgmt-pages
management-vite-ts-prop-f7503030,management-vite,4,ts-prop,aguardandoAtendente,,apps/management-vite/src/lib/monitoring.ts:30,4,no,,,candidate,,,mgmt-rest-desk
management-vite-ts-prop-22536751,management-vite,4,ts-prop,aoAplicarFiltro,,apps/management-vite/src/pages/flow/log/tela.tsx:105,5,no,,,candidate,,,mgmt-pages
management-vite-ts-prop-d4df7031,management-vite,4,ts-prop,aoAplicarPeriodo,,apps/management-vite/src/pages/flow/analytics/journey/jornada.tsx:51,8,no,,,candidate,,,mgmt-pages
management-vite-ts-prop-0fd4c7a6,management-vite,4,ts-prop,aoAplicarPeriodo,,apps/management-vite/src/pages/flow/analytics/overview/visao-geral.tsx:18,8,no,,,candidate,,,mgmt-pages
management-vite-ts-prop-09bf15e0,management-vite,4,ts-prop,aoMudarPeriodo,,apps/management-vite/src/pages/flow/analytics/dashboard/tela.tsx:58,2,no,,,candidate,,,mgmt-pages
management-vite-ts-prop-2de3f56f,management-vite,4,ts-prop,atendentesOnline,,apps/management-vite/src/lib/monitoring.ts:86,3,no,,,candidate,,,mgmt-rest-desk
management-vite-ts-prop-24ca47cb,management-vite,4,ts-prop,ativa,,apps/management-vite/src/lib/communication.ts:65,249,no,,,candidate,,,mgmt-rest-desk
management-vite-ts-prop-5256df5f,management-vite,4,ts-prop,ativa,,apps/management-vite/src/lib/registrations.ts:134,249,no,,,candidate,,,mgmt-rest-desk
management-vite-ts-prop-fefe729b,management-vite,4,ts-prop,ativa,,apps/management-vite/src/lib/registrations.ts:41,249,no,,,candidate,,,mgmt-rest-desk
management-vite-ts-prop-8a5e7f74,management-vite,4,ts-prop,ativa,,apps/management-vite/src/lib/rules-priority.ts:14,249,no,,,candidate,,,mgmt-rest-desk
management-vite-ts-prop-29a47353,management-vite,4,ts-prop,ativa,,apps/management-vite/src/lib/settings.ts:23,249,no,,,candidate,,,mgmt-rest-desk
management-vite-ts-prop-1eff4c9b,management-vite,4,ts-prop,ativa,,apps/management-vite/src/lib/settings.ts:32,249,no,,,candidate,,,mgmt-rest-desk
management-vite-ts-prop-d8e81f6f,management-vite,4,ts-prop,autenticacao,,apps/management-vite/src/lib/communication.ts:23,152,no,,,candidate,,,mgmt-rest-desk
management-vite-ts-prop-27f6e763,management-vite,4,ts-prop,busca,,apps/management-vite/src/pages/flow/log/tela.tsx:70,350,no,,,candidate,,,mgmt-pages
management-vite-ts-prop-3cef8ba2,management-vite,4,ts-prop,chave,,apps/management-vite/src/pages/builder/configuration-sections.ts:33,571,no,,,candidate,,,mgmt-pages
management-vite-ts-prop-f99939d8,management-vite,4,ts-prop,chave,,apps/management-vite/src/pages/builder/panel-configuration-variables.tsx:208,571,no,,,candidate,,,mgmt-pages
management-vite-ts-prop-cd817a6b,management-vite,4,ts-prop,chave,,apps/management-vite/src/pages/builder/panel-configuration-variables.tsx:281,571,no,,,candidate,,,mgmt-pages
management-vite-ts-prop-a6b774a7,management-vite,4,ts-prop,chave,,apps/management-vite/src/pages/builder/panel-configuration-variables.tsx:327,571,no,,,candidate,,,mgmt-pages
management-vite-ts-prop-a9d87b84,management-vite,4,ts-prop,chave,,apps/management-vite/src/pages/builder/state.ts:45,571,no,,,candidate,,,mgmt-pages
management-vite-ts-prop-b81b3f75,management-vite,4,ts-prop,chave,,apps/management-vite/src/pages/builder/test-panel-logic.ts:10,571,no,,,candidate,,,mgmt-pages
management-vite-ts-prop-7126dc63,management-vite,4,ts-prop,chave,,apps/management-vite/src/pages/builder/test-panel.tsx:150,571,no,,,candidate,,,mgmt-pages
management-vite-ts-prop-3c0cad62,management-vite,4,ts-prop,comErro,,apps/management-vite/src/pages/builder/panel-content.tsx:550,12,no,,,candidate,,,mgmt-pages
management-vite-ts-prop-3586e531,management-vite,4,ts-prop,comErro,,apps/management-vite/src/pages/builder/panel-content.tsx:564,12,no,,,candidate,,,mgmt-pages
management-vite-ts-prop-58671ab0,management-vite,4,ts-prop,configuracao,,apps/management-vite/src/pages/builder/state.ts:19,73,no,,,candidate,,,mgmt-pages
management-vite-ts-prop-afb91bc0,management-vite,4,ts-prop,configuracao,,apps/management-vite/src/pages/builder/state.ts:25,73,no,,,candidate,,,mgmt-pages
management-vite-ts-prop-091a3b40,management-vite,4,ts-prop,configuracao,,apps/management-vite/src/pages/builder/state.ts:37,73,no,,,candidate,,,mgmt-pages
management-vite-ts-prop-74d893a5,management-vite,4,ts-prop,configuracao,,apps/management-vite/src/pages/builder/state.ts:43,73,no,,,candidate,,,mgmt-pages
management-vite-ts-prop-8b9af5a2,management-vite,4,ts-prop,criar,,apps/management-vite/src/pages/builder/panel-content.tsx:52,298,no,,,candidate,,,mgmt-pages
management-vite-ts-prop-b8be914e,management-vite,4,ts-prop,criarFuncaoAoAbrir,,apps/management-vite/src/pages/builder/panel-configuration.tsx:81,9,no,,,candidate,,,mgmt-pages
management-vite-ts-prop-773c1a44,management-vite,4,ts-prop,dados,,apps/management-vite/src/pages/flow/analytics/active-messages/page.tsx:40,401,no,,,candidate,,,mgmt-pages
management-vite-ts-prop-637e2196,management-vite,4,ts-prop,dados,,apps/management-vite/src/pages/flow/analytics/overview/page.tsx:22,401,no,,,candidate,,,mgmt-pages
management-vite-ts-prop-7d2bafa9,management-vite,4,ts-prop,descricao,,apps/management-vite/src/pages/builder/configuration-sections.ts:28,236,no,,,candidate,,,mgmt-pages
management-vite-ts-prop-0aae2855,management-vite,4,ts-prop,descricao,,apps/management-vite/src/pages/builder/system-variables.ts:20,236,no,,,candidate,,,mgmt-pages
management-vite-ts-prop-4e384747,management-vite,4,ts-prop,descricaoExtra,,apps/management-vite/src/pages/builder/configuration-sections.ts:30,2,no,,,candidate,,,mgmt-pages
management-vite-ts-prop-f868709d,management-vite,4,ts-prop,destinoFixo,,apps/management-vite/src/pages/registrations/rules-attendance-formulario.tsx:142,9,no,,,candidate,,,mgmt-pages
management-vite-ts-prop-91cecb1e,management-vite,4,ts-prop,direcao,,apps/management-vite/src/pages/flow/log/tela.tsx:73,65,no,,,candidate,,,mgmt-pages
management-vite-ts-prop-51af5499,management-vite,4,ts-prop,documento,,apps/management-vite/src/lib/communication.ts:41,231,no,,,candidate,,,mgmt-rest-desk
management-vite-ts-prop-6465e9aa,management-vite,4,ts-prop,duracaoMs,,apps/management-vite/src/pages/builder.tsx:137,20,no,,,candidate,,,mgmt-pages
management-vite-ts-prop-1c918030,management-vite,4,ts-prop,duracaoMs,,apps/management-vite/src/pages/builder/panel-queues.tsx:21,20,no,,,candidate,,,mgmt-pages
management-vite-ts-prop-4cdf7b1e,management-vite,4,ts-prop,emAtendimento,,apps/management-vite/src/lib/monitoring.ts:84,3,no,,,candidate,,,mgmt-rest-desk
management-vite-ts-prop-cf0d05bb,management-vite,4,ts-prop,encerramento,,apps/management-vite/src/lib/pesquisa.ts:34,112,no,,,candidate,,,mgmt-rest-desk
management-vite-ts-prop-59c5023f,management-vite,4,ts-prop,escopos,,apps/management-vite/src/pages/flow/settings/keys/gravar.ts:12,45,no,,,candidate,,,mgmt-pages
management-vite-ts-prop-da7ef853,management-vite,4,ts-prop,fila,,apps/management-vite/src/pages/builder/queue-rules.tsx:60,878,no,,,candidate,,,mgmt-pages
management-vite-ts-prop-0a2d89c1,management-vite,4,ts-prop,imagem,,apps/management-vite/src/lib/communication.ts:39,235,no,,,candidate,,,mgmt-rest-desk
management-vite-ts-prop-9397f9ea,management-vite,4,ts-prop,intervalo,,apps/management-vite/src/pages/flow/analytics/active-messages/miolo.tsx:19,73,no,,,candidate,,,mgmt-pages
management-vite-ts-prop-4f1b8b03,management-vite,4,ts-prop,intervalo,,apps/management-vite/src/pages/flow/analytics/active-messages/miolo.tsx:206,73,no,,,candidate,,,mgmt-pages
management-vite-ts-prop-8d3969e7,management-vite,4,ts-prop,intervalo,,apps/management-vite/src/pages/flow/analytics/active-messages/page.tsx:35,73,no,,,candidate,,,mgmt-pages
management-vite-ts-prop-2726a325,management-vite,4,ts-prop,intervalo,,apps/management-vite/src/pages/flow/analytics/dashboard/resposta.ts:6,73,no,,,candidate,,,mgmt-pages
management-vite-ts-prop-0d89e8f4,management-vite,4,ts-prop,intervalo,,apps/management-vite/src/pages/flow/analytics/dashboard/tela.tsx:44,73,no,,,candidate,,,mgmt-pages
management-vite-ts-prop-2c660850,management-vite,4,ts-prop,limite,,apps/management-vite/src/lib/channels.ts:15,381,no,,,candidate,,,mgmt-rest-desk
management-vite-ts-prop-b51a8564,management-vite,4,ts-prop,limite,,apps/management-vite/src/lib/monitoring.ts:72,381,no,,,candidate,,,mgmt-rest-desk
management-vite-ts-prop-e809a0bb,management-vite,4,ts-prop,limite,,apps/management-vite/src/pages/flow/analytics/active-messages/filter.tsx:35,381,no,,,candidate,,,mgmt-pages
management-vite-ts-prop-5ae823f7,management-vite,4,ts-prop,limite,,apps/management-vite/src/pages/flow/analytics/active-messages/page.tsx:38,381,no,,,candidate,,,mgmt-pages
management-vite-ts-prop-2273a795,management-vite,4,ts-prop,limiteSimultaneo,,apps/management-vite/src/lib/registrations.ts:179,18,no,,,candidate,,,mgmt-rest-desk
management-vite-ts-prop-262549d9,management-vite,4,ts-prop,localizacao,,apps/management-vite/src/pages/builder/test-panel.tsx:45,44,no,,,candidate,,,mgmt-pages
management-vite-ts-prop-4eaa2dea,management-vite,4,ts-prop,mensagem,,apps/management-vite/src/pages/builder/test-panel.tsx:22,992,no,,,candidate,,,mgmt-pages
management-vite-ts-prop-cc64b908,management-vite,4,ts-prop,midia,,apps/management-vite/src/pages/builder/conteudo.ts:131,54,no,,,candidate,,,mgmt-pages
management-vite-ts-prop-1f6d3288,management-vite,4,ts-prop,midia,,apps/management-vite/src/pages/builder/panel-content.tsx:52,54,no,,,candidate,,,mgmt-pages
management-vite-ts-prop-4756a963,management-vite,4,ts-prop,midia,,apps/management-vite/src/pages/builder/test-panel.tsx:26,54,no,,,candidate,,,mgmt-pages
management-vite-ts-prop-74358b6a,management-vite,4,ts-prop,naFila,,apps/management-vite/src/lib/monitoring.ts:36,3,no,,,candidate,,,mgmt-rest-desk
management-vite-ts-prop-f6d0c7f3,management-vite,4,ts-prop,nomeArquivo,,apps/management-vite/src/pages/builder/test-panel.tsx:26,6,no,,,candidate,,,mgmt-pages
management-vite-ts-prop-076e5e30,management-vite,4,ts-prop,onAbrirFuncoes,,apps/management-vite/src/pages/builder/editor.tsx:63,26,no,,,candidate,,,mgmt-pages
management-vite-ts-prop-e02ef275,management-vite,4,ts-prop,onAbrirFuncoes,,apps/management-vite/src/pages/builder/panel-actions.tsx:131,26,no,,,candidate,,,mgmt-pages
management-vite-ts-prop-111a170e,management-vite,4,ts-prop,onAbrirFuncoes,,apps/management-vite/src/pages/builder/panel-actions.tsx:65,26,no,,,candidate,,,mgmt-pages
management-vite-ts-prop-41b25b42,management-vite,4,ts-prop,onAbrirFuncoes,,apps/management-vite/src/pages/builder/panel.tsx:61,26,no,,,candidate,,,mgmt-pages
management-vite-ts-prop-d06e78fb,management-vite,4,ts-prop,onCriarNova,,apps/management-vite/src/pages/builder/panel-queues.tsx:152,4,no,,,candidate,,,mgmt-pages
management-vite-ts-prop-51430559,management-vite,4,ts-prop,onDestacarBloco,,apps/management-vite/src/pages/builder/test-panel.tsx:143,4,no,,,candidate,,,mgmt-pages
management-vite-ts-prop-4ad5e945,management-vite,4,ts-prop,onLimparBusca,,apps/management-vite/src/pages/builder/panel-queues.tsx:151,4,no,,,candidate,,,mgmt-pages
management-vite-ts-prop-5826846e,management-vite,4,ts-prop,onMudarChave,,apps/management-vite/src/pages/builder/panel-configuration-variables.tsx:329,4,no,,,candidate,,,mgmt-pages
management-vite-ts-prop-ca578d8b,management-vite,4,ts-prop,onMudarValor,,apps/management-vite/src/pages/builder/panel-configuration-variables.tsx:283,8,no,,,candidate,,,mgmt-pages
management-vite-ts-prop-404dcec3,management-vite,4,ts-prop,onMudarValor,,apps/management-vite/src/pages/builder/panel-configuration-variables.tsx:330,8,no,,,candidate,,,mgmt-pages
management-vite-ts-prop-283344ed,management-vite,4,ts-prop,onRemoverCondicao,,apps/management-vite/src/pages/builder/condition.tsx:36,7,no,,,candidate,,,mgmt-pages
management-vite-ts-prop-27acdbf2,management-vite,4,ts-prop,opcoes,,apps/management-vite/src/pages/builder/test-panel.tsx:26,41,no,,,candidate,,,mgmt-pages
management-vite-ts-prop-df4ceec0,management-vite,4,ts-prop,paginaId,,apps/management-vite/src/lib/channels.ts:72,14,no,,,candidate,,,mgmt-rest-desk
management-vite-ts-prop-3a2c37ad,management-vite,4,ts-prop,paginas,,apps/management-vite/src/pages/builder/panel-queues.tsx:148,1464,no,,,candidate,,,mgmt-pages
management-vite-ts-prop-af137856,management-vite,4,ts-prop,periodo,,apps/management-vite/src/pages/flow/analytics/active-messages/filter.tsx:8,58,no,,,candidate,,,mgmt-pages
management-vite-ts-prop-c4383ce2,management-vite,4,ts-prop,periodo,,apps/management-vite/src/pages/flow/analytics/active-messages/page.tsx:34,58,no,,,candidate,,,mgmt-pages
management-vite-ts-prop-ab9b55aa,management-vite,4,ts-prop,periodo,,apps/management-vite/src/pages/flow/analytics/active-messages/page.tsx:44,58,no,,,candidate,,,mgmt-pages
management-vite-ts-prop-38752c85,management-vite,4,ts-prop,periodo,,apps/management-vite/src/pages/flow/analytics/dashboard/dashboard.tsx:22,58,no,,,candidate,,,mgmt-pages
management-vite-ts-prop-215eabbe,management-vite,4,ts-prop,primeira_resposta,,apps/management-vite/src/lib/pesquisa.ts:35,46,no,,,candidate,,,mgmt-rest-desk
management-vite-ts-prop-168d3139,management-vite,4,ts-prop,relatorio,,apps/management-vite/src/pages/operation/reports-effort.tsx:12,16,no,,,candidate,,,mgmt-pages
management-vite-ts-prop-cdc7e8df,management-vite,4,ts-prop,relatorio,,apps/management-vite/src/pages/operation/reports-satisfaction.tsx:20,16,no,,,candidate,,,mgmt-pages
management-vite-ts-prop-e9137e11,management-vite,4,ts-prop,resultado,,apps/management-vite/src/pages/contract/members/tabela.tsx:340,426,no,,,candidate,,,mgmt-pages
management-vite-ts-prop-e055e214,management-vite,4,ts-prop,resultado,,apps/management-vite/src/pages/deployment/formularios.tsx:13,426,no,,,candidate,,,mgmt-pages
management-vite-ts-prop-32506e60,management-vite,4,ts-prop,secao,,apps/management-vite/src/pages/builder/panel-configuration-variables.tsx:131,12,no,,,candidate,,,mgmt-pages
management-vite-ts-prop-7868c4a6,management-vite,4,ts-prop,secao,,apps/management-vite/src/pages/builder/panel-configuration-variables.tsx:73,12,no,,,candidate,,,mgmt-pages
management-vite-ts-prop-2f54ad8a,management-vite,4,ts-prop,statusTexto,,apps/management-vite/src/components/lista-history.tsx:17,3,no,,,candidate,,,mgmt-rest-desk
management-vite-ts-prop-1f874842,management-vite,4,ts-prop,tempoMedioAtendimentoSeg,,apps/management-vite/src/lib/monitoring.ts:89,8,no,,,candidate,,,mgmt-rest-desk
management-vite-ts-prop-0719e023,management-vite,4,ts-prop,tempoMedioAtendimentoSeg,,apps/management-vite/src/lib/monitoring.ts:98,8,no,,,candidate,,,mgmt-rest-desk
management-vite-ts-prop-be918976,management-vite,4,ts-prop,tempoMedioRespostaSeg,,apps/management-vite/src/lib/monitoring.ts:88,3,no,,,candidate,,,mgmt-rest-desk
management-vite-ts-prop-ab2f718c,management-vite,4,ts-prop,texto,,apps/management-vite/src/components/metrica.tsx:48,1706,no,,,candidate,,,mgmt-rest-desk
management-vite-ts-prop-85eda054,management-vite,4,ts-prop,texto,,apps/management-vite/src/components/monitoring-detailed.tsx:518,1706,no,,,candidate,,,mgmt-rest-desk
management-vite-ts-prop-fd1bebed,management-vite,4,ts-prop,texto,,apps/management-vite/src/components/registration-embedded-whatsapp.tsx:267,1706,no,,,candidate,,,mgmt-rest-desk
management-vite-ts-prop-74452da1,management-vite,4,ts-prop,texto,,apps/management-vite/src/lib/certificados.ts:34,1706,no,,,candidate,,,mgmt-rest-desk
management-vite-ts-prop-43fb6d40,management-vite,4,ts-prop,texto,,apps/management-vite/src/lib/communication.ts:38,1706,no,,,candidate,,,mgmt-rest-desk
management-vite-ts-prop-e28ad266,management-vite,4,ts-prop,texto,,apps/management-vite/src/lib/satisfaction.ts:45,1706,no,,,candidate,,,mgmt-rest-desk
management-vite-ts-prop-dad24160,management-vite,4,ts-prop,texto,,apps/management-vite/src/pages/builder.tsx:136,1706,no,,,candidate,,,mgmt-pages
management-vite-ts-prop-3070e1dd,management-vite,4,ts-prop,texto,,apps/management-vite/src/pages/builder.tsx:268,1706,no,,,candidate,,,mgmt-pages
management-vite-ts-prop-686a6ccf,management-vite,4,ts-prop,texto,,apps/management-vite/src/pages/builder/cabecalho-info.tsx:42,1706,no,,,candidate,,,mgmt-pages
management-vite-ts-prop-bee7b7d5,management-vite,4,ts-prop,texto,,apps/management-vite/src/pages/builder/conteudo.ts:118,1706,no,,,candidate,,,mgmt-pages
management-vite-ts-prop-4e8f5dfe,management-vite,4,ts-prop,texto,,apps/management-vite/src/pages/builder/conteudo.ts:119,1706,no,,,candidate,,,mgmt-pages
management-vite-ts-prop-a05c85b0,management-vite,4,ts-prop,texto,,apps/management-vite/src/pages/builder/conteudo.ts:122,1706,no,,,candidate,,,mgmt-pages
management-vite-ts-prop-7a2bef56,management-vite,4,ts-prop,texto,,apps/management-vite/src/pages/builder/conteudo.ts:124,1706,no,,,candidate,,,mgmt-pages
management-vite-ts-prop-10beb6e0,management-vite,4,ts-prop,texto,,apps/management-vite/src/pages/builder/conteudo.ts:140,1706,no,,,candidate,,,mgmt-pages
management-vite-ts-prop-d1e5149a,management-vite,4,ts-prop,texto,,apps/management-vite/src/pages/builder/panel-queues.tsx:21,1706,no,,,candidate,,,mgmt-pages
management-vite-ts-prop-0e438bfd,management-vite,4,ts-prop,texto,,apps/management-vite/src/pages/builder/test-panel.tsx:26,1706,no,,,candidate,,,mgmt-pages
management-vite-ts-prop-c8d5b4ba,management-vite,4,ts-prop,texto,,apps/management-vite/src/pages/contract/certificates/tela.tsx:431,1706,no,,,candidate,,,mgmt-pages
management-vite-ts-prop-d7abacb1,management-vite,4,ts-prop,texto,,apps/management-vite/src/pages/contract/members/tabela.tsx:578,1706,no,,,candidate,,,mgmt-pages
management-vite-ts-prop-a632f9bb,management-vite,4,ts-prop,texto,,apps/management-vite/src/pages/flow/analytics/active-messages/miolo.tsx:66,1706,no,,,candidate,,,mgmt-pages
management-vite-ts-prop-38022f87,management-vite,4,ts-prop,texto,,apps/management-vite/src/pages/flow/analytics/dashboard/tela.tsx:1109,1706,no,,,candidate,,,mgmt-pages
management-vite-ts-prop-5dc01264,management-vite,4,ts-prop,texto,,apps/management-vite/src/pages/flow/analytics/dashboard/tela.tsx:180,1706,no,,,candidate,,,mgmt-pages
management-vite-ts-prop-4ae30292,management-vite,4,ts-prop,texto,,apps/management-vite/src/pages/flow/analytics/dashboard/tela.tsx:289,1706,no,,,candidate,,,mgmt-pages
management-vite-ts-prop-da236307,management-vite,4,ts-prop,texto,,apps/management-vite/src/pages/flow/analytics/dashboard/tela.tsx:669,1706,no,,,candidate,,,mgmt-pages
management-vite-ts-prop-8cba27ec,management-vite,4,ts-prop,texto,,apps/management-vite/src/pages/flow/analytics/dashboard/tela.tsx:701,1706,no,,,candidate,,,mgmt-pages
management-vite-ts-prop-c3389426,management-vite,4,ts-prop,texto,,apps/management-vite/src/pages/flow/analytics/data-dictionary/pages.tsx:1879,1706,no,,,candidate,,,mgmt-pages
management-vite-ts-prop-919773ce,management-vite,4,ts-prop,texto,,apps/management-vite/src/pages/flow/analytics/data-dictionary/pages.tsx:228,1706,no,,,candidate,,,mgmt-pages
management-vite-ts-prop-7c272b31,management-vite,4,ts-prop,texto,,apps/management-vite/src/pages/flow/contents/regras.ts:87,1706,no,,,candidate,,,mgmt-pages
management-vite-ts-prop-bea1f8a9,management-vite,4,ts-prop,texto,,apps/management-vite/src/pages/flow/settings/persistent-menu/tela.tsx:10,1706,no,,,candidate,,,mgmt-pages
management-vite-ts-prop-d2f2bedd,management-vite,4,ts-prop,texto,,apps/management-vite/src/pages/operation/history.tsx:51,1706,no,,,candidate,,,mgmt-pages
management-vite-ts-prop-dfaad706,management-vite,4,ts-prop,texto,,apps/management-vite/src/pages/operation/reports-satisfaction.tsx:54,1706,no,,,candidate,,,mgmt-pages
management-vite-ts-prop-e2eda53d,management-vite,4,ts-prop,texto,,apps/management-vite/src/pages/portal.tsx:331,1706,no,,,candidate,,,mgmt-pages
management-vite-ts-prop-b9ea13ee,management-vite,4,ts-prop,texto,,apps/management-vite/src/pages/registrations/communication-templates.tsx:38,1706,no,,,candidate,,,mgmt-pages
management-vite-ts-prop-593402ca,management-vite,4,ts-prop,textoBotao,,apps/management-vite/src/pages/flow/settings/welcome/gravar.ts:14,24,no,,,candidate,,,mgmt-pages
management-vite-ts-prop-8e3bdc49,management-vite,4,ts-prop,utilidade,,apps/management-vite/src/lib/communication.ts:21,51,no,,,candidate,,,mgmt-rest-desk
management-vite-ts-prop-b934faa2,management-vite,4,ts-prop,valor,,apps/management-vite/src/pages/builder/destination-picker.tsx:25,695,no,,,candidate,,,mgmt-pages
management-vite-ts-prop-23d29941,management-vite,4,ts-prop,valor,,apps/management-vite/src/pages/builder/panel-configuration-variables.tsx:209,695,no,,,candidate,,,mgmt-pages
management-vite-ts-prop-1f679a6e,management-vite,4,ts-prop,valor,,apps/management-vite/src/pages/builder/panel-configuration-variables.tsx:282,695,no,,,candidate,,,mgmt-pages
management-vite-ts-prop-5c82c72e,management-vite,4,ts-prop,valor,,apps/management-vite/src/pages/builder/panel-configuration-variables.tsx:328,695,no,,,candidate,,,mgmt-pages
management-vite-ts-prop-0bfc7de9,management-vite,4,ts-prop,valor,,apps/management-vite/src/pages/builder/state.ts:45,695,no,,,candidate,,,mgmt-pages
management-vite-ts-prop-08d8248f,management-vite,4,ts-prop,valor,,apps/management-vite/src/pages/builder/test-panel-logic.ts:10,695,no,,,candidate,,,mgmt-pages
management-vite-ts-prop-f4d9e287,management-vite,4,ts-prop,valor,,apps/management-vite/src/pages/builder/test-panel.tsx:150,695,no,,,candidate,,,mgmt-pages
management-vite-ts-prop-833c9765,management-vite,4,ts-prop,variaveis,,apps/management-vite/src/pages/builder/panel-actions.tsx:695,80,no,,,candidate,,,mgmt-pages
management-vite-ts-prop-78e67b8d,management-vite,4,ts-prop,variavel,,apps/management-vite/src/pages/builder/conteudo.ts:126,27,no,,,candidate,,,mgmt-pages
management-vite-ts-prop-8adf02b4,management-vite,4,ts-prop,variavel,,apps/management-vite/tests/builder-content.test.ts:177,27,no,,,candidate,,,mgmt-rest-desk
management-vite-ts-prop-59c12ba6,management-vite,4,ts-prop,vazio,,apps/management-vite/src/pages/flow/resources/regras.ts:23,229,no,,,candidate,,,mgmt-pages
packages-ai-literal-value-d974fb84,packages-ai,1,literal-value,texto,,packages/ai/src/transcription/transcription.ts:8,1706,unknown,,,candidate,,,packages
packages-ai-symbol-8897e219,packages-ai,1,symbol,lerConjunto,,packages/ai/src/bancada/conjunto.ts:137,3,no,,,candidate,,,packages
packages-ai-symbol-031ceebd,packages-ai,1,symbol,ResultadoBancada,,packages/ai/src/bancada/bancada.ts:52,2,no,,,candidate,,,packages
packages-ai-symbol-839336b7,packages-ai,1,symbol,ResultadoResumo,,packages/ai/src/resumo/index.ts:30,4,no,,,candidate,,,packages
packages-ai-symbol-93f257d7,packages-ai,1,symbol,texto,,packages/ai/src/classification/classification.test.ts:72,1706,no,,,candidate,,,packages
packages-ai-symbol-579d49d4,packages-ai,1,symbol,texto,,packages/ai/src/classification/index.ts:85,1706,no,,,candidate,,,packages
packages-ai-symbol-e4db069f,packages-ai,1,symbol,texto,,packages/ai/src/evaluation/evaluation.ts:70,1706,no,,,candidate,,,packages
packages-ai-symbol-d68c7590,packages-ai,1,symbol,texto,,packages/ai/src/resumo/index.ts:44,1706,no,,,candidate,,,packages
packages-ai-symbol-f3ab08a5,packages-ai,1,symbol,texto,,packages/ai/src/transcription/transcription.ts:198,1706,no,,,candidate,,,packages
packages-ai-symbol-39902c3b,packages-ai,1,symbol,texto,,packages/ai/src/transcription/transcription.ts:95,1706,no,,,candidate,,,packages
packages-ai-symbol-d632674e,packages-ai,1,symbol,TextoPrompt,,packages/ai/src/prompts/tipos.ts:5,2,no,,,candidate,,,packages
packages-ai-ts-local-245546ee,packages-ai,1,ts-local,texto,,packages/ai/src/classification/index.ts:57,1706,no,,,candidate,,,packages
packages-ai-ts-local-e2455563,packages-ai,1,ts-local,texto,,packages/ai/src/transcription/transcription.ts:118,1706,no,,,candidate,,,packages
packages-ai-ts-prop-e650ad61,packages-ai,1,ts-prop,texto,,packages/ai/src/transcription/transcription.ts:33,1706,no,,,candidate,,,packages
packages-ai-ts-prop-329a302c,packages-ai,1,ts-prop,texto,,packages/ai/src/transcription/transcription.ts:38,1706,no,,,candidate,,,packages
packages-ai-ts-prop-bfd8c821,packages-ai,1,ts-prop,valor,,packages/ai/src/evaluation/evaluation.test.ts:186,695,no,,,candidate,,,packages
packages-authentication-symbol-2e0a2d30,packages-authentication,1,symbol,ProvedorSso,,packages/authentication/src/oidc.ts:20,11,no,,,candidate,,,packages
packages-authentication-test-title-6a68a08b,packages-authentication,1,test-title,"sem xms_edov o token passa, mas marcado como não verificado",,packages/authentication/tests/oidc.test.ts:290,0,no,,,candidate,,,packages
packages-authentication-ts-local-22299141,packages-authentication,1,ts-local,bancoApp,,packages/authentication/src/inbound.ts:194,10,no,,,candidate,,,packages
packages-authentication-ts-local-606e5f30,packages-authentication,1,ts-local,bancoApp,,packages/authentication/src/inbound.ts:215,10,no,,,candidate,,,packages
packages-authentication-ts-local-d2d853de,packages-authentication,1,ts-local,bancoApp,,packages/authentication/src/inbound.ts:232,10,no,,,candidate,,,packages
packages-authentication-ts-local-3750da23,packages-authentication,1,ts-local,bancoApp,,packages/authentication/src/inbound.ts:249,10,no,,,candidate,,,packages
packages-authentication-ts-local-8d16582f,packages-authentication,1,ts-local,bancoApp,,packages/authentication/src/inbound.ts:298,10,no,,,candidate,,,packages
packages-authentication-ts-local-2e11c516,packages-authentication,1,ts-local,bancoDono,,packages/authentication/src/inbound.ts:214,15,no,,,candidate,,,packages
packages-authentication-ts-local-c463cb3c,packages-authentication,1,ts-local,bancoDono,,packages/authentication/src/inbound.ts:231,15,no,,,candidate,,,packages
packages-authentication-ts-local-54de363a,packages-authentication,1,ts-local,bancoDono,,packages/authentication/src/inbound.ts:248,15,no,,,candidate,,,packages
packages-authentication-ts-local-eae94377,packages-authentication,1,ts-local,bancoDono,,packages/authentication/src/inbound.ts:277,15,no,,,candidate,,,packages
packages-authentication-ts-local-d202f522,packages-authentication,1,ts-local,bancoDono,,packages/authentication/src/inbound.ts:363,15,no,,,candidate,,,packages
packages-authentication-ts-local-8ff6ce23,packages-authentication,1,ts-local,bancoDono,,packages/authentication/src/inbound.ts:397,15,no,,,candidate,,,packages
packages-authentication-ts-local-3180eb6f,packages-authentication,1,ts-local,contexto,,packages/authentication/src/inbound.ts:197,248,no,,,candidate,,,packages
packages-authentication-ts-local-e630d20d,packages-authentication,1,ts-local,contexto,,packages/authentication/src/inbound.ts:217,248,no,,,candidate,,,packages
packages-authentication-ts-local-ae2714cf,packages-authentication,1,ts-local,contexto,,packages/authentication/src/inbound.ts:235,248,no,,,candidate,,,packages
packages-authentication-ts-local-6691b131,packages-authentication,1,ts-local,contexto,,packages/authentication/src/inbound.ts:253,248,no,,,candidate,,,packages
packages-authentication-ts-local-9be7d4db,packages-authentication,1,ts-local,contexto,,packages/authentication/src/inbound.ts:303,248,no,,,candidate,,,packages
packages-authentication-ts-local-3dcb0280,packages-authentication,1,ts-local,contexto,,packages/authentication/src/inbound.ts:340,248,no,,,candidate,,,packages
packages-authentication-ts-local-f020de07,packages-authentication,1,ts-local,opcoes,,packages/authentication/src/inbound.ts:196,41,no,,,candidate,,,packages
packages-authentication-ts-local-e9d74b2a,packages-authentication,1,ts-local,opcoes,,packages/authentication/src/inbound.ts:302,41,no,,,candidate,,,packages
packages-authentication-ts-local-5ce0302f,packages-authentication,1,ts-local,opcoes,,packages/authentication/src/session.ts:78,41,no,,,candidate,,,packages
packages-authentication-ts-local-7b089faf,packages-authentication,1,ts-local,opcoes,,packages/authentication/src/session.ts:82,41,no,,,candidate,,,packages
packages-authentication-ts-local-2e10ae9e,packages-authentication,1,ts-local,provedor,,packages/authentication/src/oidc.ts:242,105,no,,,candidate,,,packages
packages-authentication-ts-local-cdcfe6ef,packages-authentication,1,ts-local,provedor,,packages/authentication/src/oidc.ts:257,105,no,,,candidate,,,packages
packages-authentication-ts-local-93db6905,packages-authentication,1,ts-local,usuarioId,,packages/authentication/src/inbound.ts:300,283,no,,,candidate,,,packages
packages-authentication-ts-local-f1272201,packages-authentication,1,ts-local,usuarioId,,packages/authentication/src/inbound.ts:338,283,no,,,candidate,,,packages
packages-authentication-ts-prop-46455443,packages-authentication,1,ts-prop,provedor,,packages/authentication/src/oidc.ts:23,105,no,,,candidate,,,packages
packages-authentication-ts-prop-9071c0f7,packages-authentication,1,ts-prop,usuarioId,,packages/authentication/src/inbound.ts:69,283,no,,,candidate,,,packages
packages-contracts-literal-value-f432b8c6,packages-contracts,1,literal-value,na_fila,,packages/contracts/src/desk.ts:5,90,unknown,,,candidate,,,packages
packages-contracts-literal-value-451f0fd9,packages-contracts,1,literal-value,sem_prioridade,,packages/contracts/src/desk.ts:9,27,unknown,,,candidate,,,packages
packages-contracts-ts-prop-28efea0a,packages-contracts,1,ts-prop,ativa,,packages/contracts/src/management-registrations.ts:129,249,no,,,candidate,,,packages
packages-contracts-ts-prop-e3f90e3d,packages-contracts,1,ts-prop,ativa,,packages/contracts/src/management-registrations.ts:142,249,no,,,candidate,,,packages
packages-contracts-ts-prop-4d4bae79,packages-contracts,1,ts-prop,ativa,,packages/contracts/src/management-registrations.ts:152,249,no,,,candidate,,,packages
packages-contracts-ts-prop-cc8e5eba,packages-contracts,1,ts-prop,ativa,,packages/contracts/src/management-registrations.ts:163,249,no,,,candidate,,,packages
packages-contracts-ts-prop-122962a1,packages-contracts,1,ts-prop,ativa,,packages/contracts/src/management-registrations.ts:208,249,no,,,candidate,,,packages
packages-contracts-ts-prop-b5f0806c,packages-contracts,1,ts-prop,ativa,,packages/contracts/src/management-registrations.ts:21,249,no,,,candidate,,,packages
packages-contracts-ts-prop-e2771082,packages-contracts,1,ts-prop,ativa,,packages/contracts/src/management-registrations.ts:217,249,no,,,candidate,,,packages
packages-contracts-ts-prop-fc3de030,packages-contracts,1,ts-prop,ativa,,packages/contracts/src/management-registrations.ts:227,249,no,,,candidate,,,packages
packages-contracts-ts-prop-68b86b2e,packages-contracts,1,ts-prop,ativa,,packages/contracts/src/management-registrations.ts:31,249,no,,,candidate,,,packages
packages-contracts-ts-prop-8ddd1e76,packages-contracts,1,ts-prop,ativa,,packages/contracts/src/management-registrations.ts:41,249,no,,,candidate,,,packages
packages-contracts-ts-prop-b5c6412b,packages-contracts,1,ts-prop,ativa,,packages/contracts/src/management-registrations.ts:83,249,no,,,candidate,,,packages
packages-contracts-ts-prop-ad6bd001,packages-contracts,1,ts-prop,ativa,,packages/contracts/src/management-registrations.ts:91,249,no,,,candidate,,,packages
packages-contracts-ts-prop-1fda7bfd,packages-contracts,1,ts-prop,ativo,KEEP,packages/contracts/src/management-flow.ts:270,0,unknown,,,candidate,,jsonb:flow.configuration,packages
packages-contracts-ts-prop-2711db12,packages-contracts,1,ts-prop,canalId,,packages/contracts/src/management-flow.ts:50,162,no,,,candidate,,,packages
packages-contracts-ts-prop-c9171203,packages-contracts,1,ts-prop,canalNome,,packages/contracts/src/management-flow.ts:68,11,no,,,candidate,,,packages
packages-contracts-ts-prop-bcec63e9,packages-contracts,1,ts-prop,canal,,packages/contracts/src/management-flow.ts:126,575,no,,,candidate,,,packages
packages-contracts-ts-prop-acdbf67a,packages-contracts,1,ts-prop,canalTipo,,packages/contracts/src/desk.ts:192,14,no,,,candidate,,,packages
packages-contracts-ts-prop-dab9e349,packages-contracts,1,ts-prop,canalTipo,,packages/contracts/src/desk.ts:30,14,no,,,candidate,,,packages
packages-contracts-ts-prop-e1895191,packages-contracts,1,ts-prop,canalTipo,,packages/contracts/src/management-flow.ts:69,14,no,,,candidate,,,packages
packages-contracts-ts-prop-14b678bf,packages-contracts,1,ts-prop,capacidadePadrao,,packages/contracts/src/management-registrations.ts:29,11,no,,,candidate,,,packages
packages-contracts-ts-prop-e1515ddd,packages-contracts,1,ts-prop,capacidadePadrao,,packages/contracts/src/management-registrations.ts:39,11,no,,,candidate,,,packages
packages-contracts-ts-prop-827f0c66,packages-contracts,1,ts-prop,condicao,,packages/contracts/src/management-registrations.ts:216,32,no,,,candidate,,,packages
packages-contracts-ts-prop-ffd329c8,packages-contracts,1,ts-prop,condicao,,packages/contracts/src/management-registrations.ts:226,32,no,,,candidate,,,packages
packages-contracts-ts-prop-b258e85f,packages-contracts,1,ts-prop,condicoes,,packages/contracts/src/management-registrations.ts:130,29,no,,,candidate,,,packages
packages-contracts-ts-prop-067db620,packages-contracts,1,ts-prop,contaComoProdutivo,,packages/contracts/src/management-registrations.ts:61,11,no,,,candidate,,,packages
packages-contracts-ts-prop-d0d58524,packages-contracts,1,ts-prop,contaComoProdutivo,,packages/contracts/src/management-registrations.ts:69,11,no,,,candidate,,,packages
packages-contracts-ts-prop-c6669310,packages-contracts,1,ts-prop,contatoNome,,packages/contracts/src/desk.ts:194,10,no,,,candidate,,,packages
packages-contracts-ts-prop-8b97e479,packages-contracts,1,ts-prop,contatoNome,,packages/contracts/src/desk.ts:27,10,no,,,candidate,,,packages
packages-contracts-ts-prop-9e65a580,packages-contracts,1,ts-prop,contato,,packages/contracts/src/management-flow.ts:54,706,no,,,candidate,,,packages
packages-contracts-ts-prop-e290f2de,packages-contracts,1,ts-prop,contatoTelefone,,packages/contracts/src/desk.ts:195,5,no,,,candidate,,,packages
packages-contracts-ts-prop-5420000d,packages-contracts,1,ts-prop,contatoTelefone,,packages/contracts/src/desk.ts:28,5,no,,,candidate,,,packages
packages-contracts-ts-prop-eb54d4c1,packages-contracts,1,ts-prop,conversas,,packages/contracts/src/management-flow.ts:70,357,no,,,candidate,,,packages
packages-contracts-ts-prop-3de7d6e5,packages-contracts,1,ts-prop,dados,,packages/contracts/src/management-flow.ts:378,401,no,,,candidate,,,packages
packages-contracts-ts-prop-305b3b59,packages-contracts,1,ts-prop,direcao,,packages/contracts/src/management-flow.ts:121,65,no,,,candidate,,,packages
packages-contracts-ts-prop-8a4ed667,packages-contracts,1,ts-prop,duracaoSugeridaMin,,packages/contracts/src/management-registrations.ts:60,9,no,,,candidate,,,packages
packages-contracts-ts-prop-4d082e2d,packages-contracts,1,ts-prop,duracaoSugeridaMin,,packages/contracts/src/management-registrations.ts:68,9,no,,,candidate,,,packages
packages-contracts-ts-prop-166f4c0f,packages-contracts,1,ts-prop,erros,,packages/contracts/src/management-flow.ts:360,106,no,,,candidate,,,packages
packages-contracts-ts-prop-9c1d61b4,packages-contracts,1,ts-prop,escopoId,,packages/contracts/src/management-registrations.ts:151,12,no,,,candidate,,,packages
packages-contracts-ts-prop-c53baefb,packages-contracts,1,ts-prop,escopoId,,packages/contracts/src/management-registrations.ts:162,12,no,,,candidate,,,packages
packages-contracts-ts-prop-7b88bdcc,packages-contracts,1,ts-prop,escopoId,,packages/contracts/src/management-registrations.ts:206,12,no,,,candidate,,,packages
packages-contracts-ts-prop-419610c8,packages-contracts,1,ts-prop,escopoId,,packages/contracts/src/management-registrations.ts:215,12,no,,,candidate,,,packages
packages-contracts-ts-prop-d4c68c82,packages-contracts,1,ts-prop,escopoId,,packages/contracts/src/management-registrations.ts:225,12,no,,,candidate,,,packages
packages-contracts-ts-prop-e18c4e91,packages-contracts,1,ts-prop,escopoTipo,,packages/contracts/src/management-registrations.ts:150,15,no,,,candidate,,,packages
packages-contracts-ts-prop-7495ebf4,packages-contracts,1,ts-prop,escopoTipo,,packages/contracts/src/management-registrations.ts:161,15,no,,,candidate,,,packages
packages-contracts-ts-prop-b4d7b40a,packages-contracts,1,ts-prop,escopoTipo,,packages/contracts/src/management-registrations.ts:205,15,no,,,candidate,,,packages
packages-contracts-ts-prop-97e62f60,packages-contracts,1,ts-prop,escopoTipo,,packages/contracts/src/management-registrations.ts:214,15,no,,,candidate,,,packages
packages-contracts-ts-prop-ddbe9ab1,packages-contracts,1,ts-prop,escopoTipo,,packages/contracts/src/management-registrations.ts:224,15,no,,,candidate,,,packages
packages-contracts-ts-prop-abc28772,packages-contracts,1,ts-prop,estado,,packages/contracts/src/desk.ts:149,836,no,,,candidate,,,packages
packages-contracts-ts-prop-ff93a22b,packages-contracts,1,ts-prop,estado,,packages/contracts/src/desk.ts:17,836,no,,,candidate,,,packages
packages-contracts-ts-prop-dfd18545,packages-contracts,1,ts-prop,estado,,packages/contracts/src/desk.ts:183,836,no,,,candidate,,,packages
packages-contracts-ts-prop-9afa267e,packages-contracts,1,ts-prop,estado,,packages/contracts/src/desk.ts:41,836,no,,,candidate,,,packages
packages-contracts-ts-prop-62c40f82,packages-contracts,1,ts-prop,estado,,packages/contracts/src/management-flow.ts:198,836,no,,,candidate,,,packages
packages-contracts-ts-prop-107ca320,packages-contracts,1,ts-prop,estado,,packages/contracts/src/management-flow.ts:248,836,no,,,candidate,,,packages
packages-contracts-ts-prop-a20e7d29,packages-contracts,1,ts-prop,estado,,packages/contracts/src/management-flow.ts:328,836,no,,,candidate,,,packages
packages-contracts-ts-prop-212f40e4,packages-contracts,1,ts-prop,estado,,packages/contracts/src/management-flow.ts:76,836,no,,,candidate,,,packages
packages-contracts-ts-prop-f76be826,packages-contracts,1,ts-prop,estado,,packages/contracts/src/management-flow.ts:9,836,no,,,candidate,,,packages
packages-contracts-ts-prop-b5135df3,packages-contracts,1,ts-prop,expiracaoMin,,packages/contracts/src/management-flow.ts:236,14,no,,,candidate,,,packages
packages-contracts-ts-prop-6b71ca02,packages-contracts,1,ts-prop,filaDestinoId,,packages/contracts/src/management-registrations.ts:128,9,no,,,candidate,,,packages
packages-contracts-ts-prop-0bf7bfb8,packages-contracts,1,ts-prop,filaNome,,packages/contracts/src/desk.ts:150,12,no,,,candidate,,,packages
packages-contracts-ts-prop-fa3da9b3,packages-contracts,1,ts-prop,filaNome,,packages/contracts/src/desk.ts:191,12,no,,,candidate,,,packages
packages-contracts-ts-prop-675b7f68,packages-contracts,1,ts-prop,filaNome,,packages/contracts/src/desk.ts:29,12,no,,,candidate,,,packages
packages-contracts-ts-prop-e64d71f2,packages-contracts,1,ts-prop,imagemUrl,,packages/contracts/src/management-flow.ts:250,7,no,,,candidate,,,packages
packages-contracts-ts-prop-adf1d5d1,packages-contracts,1,ts-prop,janelaExpiraEm,,packages/contracts/src/desk.ts:24,6,no,,,candidate,,,packages
packages-contracts-ts-prop-c821e74b,packages-contracts,1,ts-prop,mensagem,,packages/contracts/src/management-flow.ts:319,992,no,,,candidate,,,packages
packages-contracts-ts-prop-2d6e64c2,packages-contracts,1,ts-prop,ordem,,packages/contracts/src/management-registrations.ts:126,234,no,,,candidate,,,packages
packages-contracts-ts-prop-e7cddfff,packages-contracts,1,ts-prop,ordem,,packages/contracts/src/management-registrations.ts:20,234,no,,,candidate,,,packages
packages-contracts-ts-prop-102e20f7,packages-contracts,1,ts-prop,ordem,,packages/contracts/src/management-registrations.ts:30,234,no,,,candidate,,,packages
packages-contracts-ts-prop-5bdec75d,packages-contracts,1,ts-prop,ordem,,packages/contracts/src/management-registrations.ts:40,234,no,,,candidate,,,packages
packages-contracts-ts-prop-cf767d4e,packages-contracts,1,ts-prop,papelNoFluxo,,packages/contracts/src/management-team.ts:42,29,no,,,candidate,,,packages
packages-contracts-ts-prop-fce1c1e6,packages-contracts,1,ts-prop,papelNoFluxo,,packages/contracts/src/management-team.ts:52,29,no,,,candidate,,,packages
packages-contracts-ts-prop-5073e110,packages-contracts,1,ts-prop,permissoes,,packages/contracts/src/management-team.ts:43,53,no,,,candidate,,,packages
packages-contracts-ts-prop-89b2c538,packages-contracts,1,ts-prop,permissoes,,packages/contracts/src/management-team.ts:54,53,no,,,candidate,,,packages
packages-contracts-ts-prop-2bf87357,packages-contracts,1,ts-prop,primeiraRespostaEm,,packages/contracts/src/desk.ts:186,8,no,,,candidate,,,packages
packages-contracts-ts-prop-3cbef504,packages-contracts,1,ts-prop,primeiraRespostaEm,,packages/contracts/src/desk.ts:21,8,no,,,candidate,,,packages
packages-contracts-ts-prop-a2f3cbe5,packages-contracts,1,ts-prop,prioridade,,packages/contracts/src/desk.ts:18,85,no,,,candidate,,,packages
packages-contracts-ts-prop-655c52bd,packages-contracts,1,ts-prop,prioridade,,packages/contracts/src/desk.ts:184,85,no,,,candidate,,,packages
packages-contracts-ts-prop-2b10ccaa,packages-contracts,1,ts-prop,textoBotao,,packages/contracts/src/management-flow.ts:272,24,unknown,,,candidate,,jsonb:flow.configuration,packages
packages-contracts-ts-prop-1cbcedc3,packages-contracts,1,ts-prop,texto,,packages/contracts/src/management-flow.ts:277,1706,no,,,candidate,,,packages
packages-contracts-ts-prop-865ea6b5,packages-contracts,1,ts-prop,texto,,packages/contracts/src/management-flow.ts:377,1706,no,,,candidate,,,packages
packages-contracts-ts-prop-ce2295c3,packages-contracts,1,ts-prop,texto,,packages/contracts/src/management-flow.ts:88,1706,no,,,candidate,,,packages
packages-contracts-ts-prop-d44846e0,packages-contracts,1,ts-prop,ultimaMensagemEm,,packages/contracts/src/desk.ts:22,11,no,,,candidate,,,packages
packages-core-literal-value-770e41d4,packages-core,1,literal-value,contato.email,,packages/core/src/distribution/queue-rule.test.ts:83,19,unknown,,,candidate,,,packages
packages-core-literal-value-cd123a0a,packages-core,1,literal-value,contato.email,,packages/core/src/distribution/queue-rule.ts:34,19,unknown,,,candidate,,,packages
packages-core-literal-value-4f5ad916,packages-core,1,literal-value,contato.nome,,packages/core/src/distribution/queue-rule.ts:34,23,unknown,,,candidate,,,packages
packages-core-literal-value-7c20ead3,packages-core,1,literal-value,contato.telefone,,packages/core/src/distribution/queue-rule.ts:34,18,unknown,,,candidate,,,packages
packages-core-literal-value-4b7c9271,packages-core,1,literal-value,documento,,packages/core/src/flow/editor.ts:240,231,unknown,,,candidate,,,packages
packages-core-literal-value-d21c2e00,packages-core,1,literal-value,em_atendimento,,packages/core/src/conversation/maquina.ts:10,80,unknown,,,candidate,,,packages
packages-core-literal-value-75cffc5c,packages-core,1,literal-value,imagem,,packages/core/src/flow/editor.ts:240,235,unknown,,,candidate,,,packages
packages-core-literal-value-b075dcc5,packages-core,1,literal-value,mensagem,,packages/core/src/distribution/queue-rule.ts:34,992,unknown,,,candidate,,,packages
packages-core-literal-value-e8bae728,packages-core,1,literal-value,na_fila,,packages/core/src/conversation/maquina.ts:8,90,unknown,,,candidate,,,packages
packages-core-literal-value-7a29c6b0,packages-core,1,literal-value,sem_prioridade,,packages/core/src/conversation/priority.ts:8,27,unknown,,,candidate,,,packages
packages-core-literal-value-ae41a226,packages-core,1,literal-value,texto,,packages/core/src/effort/regua.ts:21,1706,unknown,,,candidate,,,packages
packages-core-symbol-5822797b,packages-core,1,symbol,casosLimite,,packages/core/src/effort/effort.test.ts:188,4,no,,,candidate,,,packages
packages-core-symbol-26e39873,packages-core,1,symbol,casosLimite,,packages/core/src/window/window.test.ts:45,4,no,,,candidate,,,packages
packages-core-symbol-b13a5d8e,packages-core,1,symbol,CategoriaDeMidia,,packages/core/src/flow/editor.ts:240,4,no,,,candidate,,,packages
packages-core-symbol-683d2a8b,packages-core,1,symbol,comoTextoDeToken,,packages/core/src/flow/context.ts:474,3,no,,,candidate,,,packages
packages-core-symbol-d13d41f0,packages-core,1,symbol,comoTexto,,packages/core/src/flow/actions.ts:30,68,no,,,candidate,,,packages
packages-core-symbol-70a03041,packages-core,1,symbol,comoUtc,,packages/core/src/sla/expediente.ts:96,2,no,,,candidate,,,packages
packages-core-symbol-64995625,packages-core,1,symbol,diasDoIntervalo,,packages/core/src/analytics/index.ts:106,7,no,,,candidate,,,packages
packages-core-symbol-d2e30922,packages-core,1,symbol,erro,,packages/core/src/flow/manager.ts:148,806,no,,,candidate,,,packages
packages-core-symbol-8276969e,packages-core,1,symbol,erro,,packages/core/src/flow/modelos.ts:170,806,no,,,candidate,,,packages
packages-core-symbol-25c3cfa0,packages-core,1,symbol,escaparTexto,,packages/core/src/flow/context.ts:792,4,no,,,candidate,,,packages
packages-core-symbol-4e5211e7,packages-core,1,symbol,fluxo,,packages/core/src/flow/input-expiration.test.ts:27,2087,no,,,candidate,,,packages
packages-core-symbol-17709fef,packages-core,1,symbol,intervaloAnterior,,packages/core/src/analytics/index.ts:100,7,no,,,candidate,,,packages
packages-core-symbol-cdc624f3,packages-core,1,symbol,Intervalo,,packages/core/src/analytics/index.ts:34,41,no,,,candidate,,,packages
packages-core-symbol-470121c7,packages-core,1,symbol,Intervalo,,packages/core/src/sla/expediente.ts:30,41,no,,,candidate,,,packages
packages-core-symbol-6ba5fe42,packages-core,1,symbol,intervalosDeResposta,,packages/core/src/metrics/eventos.ts:132,7,no,,,candidate,,,packages
packages-core-symbol-535cc69a,packages-core,1,symbol,intervalos,,packages/core/src/metrics/eventos.ts:134,23,no,,,candidate,,,packages
packages-core-symbol-207d823b,packages-core,1,symbol,intervalos,,packages/core/src/metrics/tempos.ts:78,23,no,,,candidate,,,packages
packages-core-symbol-177deb79,packages-core,1,symbol,intervalos,,packages/core/src/sla/sla.test.ts:135,23,no,,,candidate,,,packages
packages-core-symbol-3ea933db,packages-core,1,symbol,intervalos,,packages/core/src/sla/sla.test.ts:146,23,no,,,candidate,,,packages
packages-core-symbol-3731d74d,packages-core,1,symbol,intervalos,,packages/core/src/sla/sla.test.ts:153,23,no,,,candidate,,,packages
packages-core-symbol-fa76498d,packages-core,1,symbol,intervalosUteis,,packages/core/src/sla/expediente.ts:186,8,no,,,candidate,,,packages
packages-core-symbol-623ad74e,packages-core,1,symbol,lerCampo,,packages/core/src/score/motor.ts:79,4,no,,,candidate,,,packages
packages-core-symbol-c8977dec,packages-core,1,symbol,lerEnum,,packages/core/src/flow/condition.ts:52,4,no,,,candidate,,,packages
packages-core-symbol-27dc5d7d,packages-core,1,symbol,limite,,packages/core/src/flow/manager.ts:146,381,no,,,candidate,,,packages
packages-core-symbol-89323a69,packages-core,1,symbol,limite,,packages/core/src/sla/expediente.ts:198,381,no,,,candidate,,,packages
packages-core-symbol-806fd618,packages-core,1,symbol,limite,,packages/core/src/sla/expediente.ts:282,381,no,,,candidate,,,packages
packages-core-symbol-8b7b6f6a,packages-core,1,symbol,limite,,packages/core/src/sla/expediente.ts:306,381,no,,,candidate,,,packages
packages-core-symbol-e7d6a4e8,packages-core,1,symbol,limiteSeg,,packages/core/src/effort/session.ts:31,6,no,,,candidate,,,packages
packages-core-symbol-98f1d303,packages-core,1,symbol,MEDIA_FORMATS_IMAGEM,,packages/core/src/flow/editor.test.ts:228,2,no,,,candidate,,,packages
packages-core-symbol-b627909f,packages-core,1,symbol,mensagem,,packages/core/src/flow/manager.test.ts:402,992,no,,,candidate,,,packages
packages-core-symbol-f2c9dc46,packages-core,1,symbol,normalizarTexto,,packages/core/src/score/motor.ts:89,5,no,,,candidate,,,packages
packages-core-symbol-7eff7a65,packages-core,1,symbol,porContato,,packages/core/src/distribution/queue-rule.test.ts:55,5,no,,,candidate,,,packages
packages-core-symbol-d4d42826,packages-core,1,symbol,primeira,,packages/core/src/flow/input-expiration.test.ts:104,212,no,,,candidate,,,packages
packages-core-symbol-f4cb5d47,packages-core,1,symbol,PROVEDOR_PADRAO,,packages/core/src/flow/actions.ts:652,24,no,,,candidate,,,packages
packages-core-symbol-ff9bfc97,packages-core,1,symbol,PROVEDORES_PADRAO,,packages/core/src/flow/context.ts:685,2,no,,,candidate,,,packages
packages-core-symbol-62a6a388,packages-core,1,symbol,provedor,,packages/core/src/flow/context.ts:763,105,no,,,candidate,,,packages
packages-core-symbol-b62ce4bf,packages-core,1,symbol,provedor,,packages/core/src/flow/manager.ts:184,105,no,,,candidate,,,packages
packages-core-symbol-f673a95f,packages-core,1,symbol,ResultadoMetrica,,packages/core/src/comum/tipos.ts:8,48,no,,,candidate,,,packages
packages-core-symbol-61aec95a,packages-core,1,symbol,resultado,,packages/core/src/comum/tipos.ts:20,426,no,,,candidate,,,packages
packages-core-symbol-51bc4580,packages-core,1,symbol,ResultadoScore,,packages/core/src/score/motor.ts:56,2,no,,,candidate,,,packages
packages-core-symbol-94600efa,packages-core,1,symbol,ResultadoSla,,packages/core/src/sla/regra.ts:44,2,no,,,candidate,,,packages
packages-core-symbol-ee490590,packages-core,1,symbol,rotuloDoIntervalo,,packages/core/src/analytics/index.ts:128,6,no,,,candidate,,,packages
packages-core-symbol-758760c1,packages-core,1,symbol,texto,,packages/core/src/analytics/index.ts:171,1706,no,,,candidate,,,packages
packages-core-symbol-e4903c62,packages-core,1,symbol,texto,,packages/core/src/effort/effort.test.ts:23,1706,no,,,candidate,,,packages
packages-core-symbol-7623970a,packages-core,1,symbol,texto,,packages/core/src/flow/actions.ts:319,1706,no,,,candidate,,,packages
packages-core-symbol-91d2c4d7,packages-core,1,symbol,texto,,packages/core/src/flow/actions.ts:445,1706,no,,,candidate,,,packages
packages-core-symbol-19c7cc0f,packages-core,1,symbol,texto,,packages/core/src/flow/actions.ts:61,1706,no,,,candidate,,,packages
packages-core-symbol-657c6511,packages-core,1,symbol,texto,,packages/core/src/flow/editor.test.ts:77,1706,no,,,candidate,,,packages
packages-core-symbol-3d5c2416,packages-core,1,symbol,texto,,packages/core/src/flow/editor.ts:388,1706,no,,,candidate,,,packages
packages-core-symbol-95c0b27c,packages-core,1,symbol,texto,,packages/core/src/flow/input-expiration.test.ts:20,1706,no,,,candidate,,,packages
packages-core-symbol-999cf964,packages-core,1,symbol,texto,,packages/core/src/flow/manager.ts:519,1706,no,,,candidate,,,packages
packages-core-symbol-417e449d,packages-core,1,symbol,texto,,packages/core/src/flow/manager.ts:621,1706,no,,,candidate,,,packages
packages-core-symbol-15aec033,packages-core,1,symbol,valor,,packages/core/src/flow/actions.ts:59,695,no,,,candidate,,,packages
packages-core-test-title-df163fb0,packages-core,1,test-title,aceita limite configurável,,packages/core/src/effort/effort.test.ts:207,0,no,,,candidate,,,packages
packages-core-test-title-28e88691,packages-core,1,test-title,reads Contact.Extras.<prop> through contato.atributos.<key>,,packages/core/src/distribution/queue-rule.test.ts:63,0,no,,,candidate,,,packages
packages-core-ts-local-c789524c,packages-core,1,ts-local,chave,,packages/core/src/flow/editor.ts:40,571,no,,,candidate,,,packages
packages-core-ts-local-2174efce,packages-core,1,ts-local,erro,,packages/core/src/flow/modelos.ts:349,806,no,,,candidate,,,packages
packages-core-ts-local-253c0560,packages-core,1,ts-local,intervalo,,packages/core/src/sla/expediente.ts:234,73,no,,,candidate,,,packages
packages-core-ts-local-04f06876,packages-core,1,ts-local,intervalo,,packages/core/src/sla/expediente.ts:251,73,no,,,candidate,,,packages
packages-core-ts-local-279ea4a2,packages-core,1,ts-local,intervalo,,packages/core/src/sla/expediente.ts:286,73,no,,,candidate,,,packages
packages-core-ts-local-c185b301,packages-core,1,ts-local,intervalos,,packages/core/src/sla/expediente.ts:224,23,no,,,candidate,,,packages
packages-core-ts-local-d07b5c4d,packages-core,1,ts-local,intervalos,,packages/core/src/sla/expediente.ts:249,23,no,,,candidate,,,packages
packages-core-ts-local-282fcbb3,packages-core,1,ts-local,limiteDias,,packages/core/src/analytics/index.ts:91,13,no,,,candidate,,,packages
packages-core-ts-local-2c7edcc8,packages-core,1,ts-local,prefixo,,packages/core/src/flow/context.test.ts:87,88,no,,,candidate,,,packages
packages-core-ts-local-dfdbde0a,packages-core,1,ts-local,provedor,,packages/core/src/flow/actions.ts:655,105,no,,,candidate,,,packages
packages-core-ts-local-49089e33,packages-core,1,ts-local,provedor,,packages/core/src/flow/manager.ts:479,105,no,,,candidate,,,packages
packages-core-ts-local-fc2a345f,packages-core,1,ts-local,texto,,packages/core/src/effort/regua.ts:92,1706,no,,,candidate,,,packages
packages-core-ts-local-dfafb4ad,packages-core,1,ts-local,texto,,packages/core/src/flow/condition.test.ts:81,1706,no,,,candidate,,,packages
packages-core-ts-local-045a5f54,packages-core,1,ts-local,texto,,packages/core/src/flow/condition.test.ts:93,1706,no,,,candidate,,,packages
packages-core-ts-local-03d3f0aa,packages-core,1,ts-local,texto,,packages/core/src/flow/context.ts:457,1706,no,,,candidate,,,packages
packages-core-ts-local-4ab78ee9,packages-core,1,ts-local,texto,,packages/core/src/flow/manager.ts:656,1706,no,,,candidate,,,packages
packages-core-ts-local-7af49f85,packages-core,1,ts-local,texto,,packages/core/src/flow/padrao.ts:31,1706,no,,,candidate,,,packages
packages-core-ts-local-1d2a0080,packages-core,1,ts-local,texto,,packages/core/src/flow/satisfaction-survey.ts:38,1706,no,,,candidate,,,packages
packages-core-ts-local-d963db25,packages-core,1,ts-local,valor,,packages/core/src/flow/editor.ts:40,695,no,,,candidate,,,packages
packages-core-ts-prop-71182c74,packages-core,1,ts-prop,contato.email,,packages/core/src/distribution/queue-rule.ts:39,19,no,,,candidate,,,packages
packages-core-ts-prop-8fb941af,packages-core,1,ts-prop,contato.nome,,packages/core/src/distribution/queue-rule.ts:38,23,no,,,candidate,,,packages
packages-core-ts-prop-e42275c0,packages-core,1,ts-prop,contato.telefone,,packages/core/src/distribution/queue-rule.ts:40,18,no,,,candidate,,,packages
packages-core-ts-prop-023c39fc,packages-core,1,ts-prop,em_atendimento,,packages/core/src/conversation/maquina.ts:26,80,no,,,candidate,,,packages
packages-core-ts-prop-2339cbcd,packages-core,1,ts-prop,estadoId,,packages/core/src/flow/context.ts:180,20,no,,,candidate,,,packages
packages-core-ts-prop-fedc2b04,packages-core,1,ts-prop,limiteDias,,packages/core/src/analytics/index.ts:64,13,no,,,candidate,,,packages
packages-core-ts-prop-bc343831,packages-core,1,ts-prop,limiteIntervaloSeg,,packages/core/src/effort/session.ts:94,1,no,,,candidate,,,packages
packages-core-ts-prop-01a155f5,packages-core,1,ts-prop,limiteSeg,,packages/core/src/effort/session.ts:29,6,no,,,candidate,,,packages
packages-core-ts-prop-69e0bb8a,packages-core,1,ts-prop,limiteSimultaneo,,packages/core/src/distribution/carga.ts:16,18,no,,,candidate,,,packages
packages-core-ts-prop-9f00fc5c,packages-core,1,ts-prop,limites,,packages/core/src/score/motor.ts:67,68,no,,,candidate,,,packages
packages-core-ts-prop-4bf9f27d,packages-core,1,ts-prop,mensagem,,packages/core/src/distribution/queue-rule.ts:37,992,no,,,candidate,,,packages
packages-core-ts-prop-1530b1a5,packages-core,1,ts-prop,na_fila,,packages/core/src/conversation/maquina.ts:24,90,no,,,candidate,,,packages
packages-core-ts-prop-afad48fb,packages-core,1,ts-prop,sem_prioridade,,packages/core/src/conversation/priority.ts:23,27,no,,,candidate,,,packages
packages-core-ts-prop-d68d0063,packages-core,1,ts-prop,uri,KEEP,packages/core/src/flow/scheduling-commands.test.ts:167,0,unknown,,,candidate,,jsonb:dictionaryField.settings,packages
packages-db-literal-value-28dc6a03,packages-db,1,literal-value,atendente,,packages/db/src/schema/conversations.ts:243,564,unknown,,,candidate,,,packages
packages-db-literal-value-0921ad34,packages-db,1,literal-value,atendente,,packages/db/src/schema/conversations.ts:298,564,unknown,,,candidate,,,packages
packages-db-literal-value-a05a0e66,packages-db,1,literal-value,chave,,packages/db/src/auditoria.ts:9,571,unknown,,,candidate,,,packages
packages-db-literal-value-388d8d2d,packages-db,1,literal-value,conta,,packages/db/src/schema/crm.ts:336,510,unknown,,,candidate,,,packages
packages-db-literal-value-d9087ca3,packages-db,1,literal-value,contato,,packages/db/src/schema/conversations.ts:243,706,unknown,,,candidate,,,packages
packages-db-literal-value-bd200eb5,packages-db,1,literal-value,contato,,packages/db/src/schema/conversations.ts:298,706,unknown,,,candidate,,,packages
packages-db-literal-value-077d21ea,packages-db,1,literal-value,contato,,packages/db/src/schema/conversations.ts:451,706,unknown,,,candidate,,,packages
packages-db-literal-value-4e506385,packages-db,1,literal-value,conversa,,packages/db/src/schema/conversations.ts:451,927,unknown,,,candidate,,,packages
packages-db-literal-value-f4a749f5,packages-db,1,literal-value,fluxo,,packages/db/src/schema/automation.ts:24,2087,unknown,,,candidate,,,packages
packages-db-literal-value-3981e95a,packages-db,1,literal-value,operacao,,packages/db/src/schema/identity.ts:33,197,unknown,,,candidate,,,packages
packages-db-literal-value-a32ade27,packages-db,1,literal-value,roteador,,packages/db/src/schema/automation.ts:24,433,unknown,,,candidate,,,packages
packages-db-literal-value-115c103c,packages-db,1,literal-value,usuario,,packages/db/src/schema/identity.ts:422,233,unknown,,,candidate,,,packages
packages-db-symbol-2de007f6,packages-db,1,symbol,chave,,packages/db/src/secret.ts:65,571,no,,,candidate,,,packages
packages-db-symbol-0d0613a5,packages-db,1,symbol,depoisDoErro,,packages/db/tests/rls.test.ts:61,3,no,,,candidate,,,packages
packages-db-symbol-917f7f7a,packages-db,1,symbol,LIMITES_DO_PLANO,,packages/db/src/schema/identity.ts:46,3,no,,,candidate,,,packages
packages-db-symbol-2fb327b5,packages-db,1,symbol,LimitesDoPlano,,packages/db/src/schema/identity.ts:36,2,no,,,candidate,,,packages
packages-db-symbol-d6c48ed2,packages-db,1,symbol,metricaDiaria,,packages/db/src/schema/management.ts:63,3,no,,,candidate,,,packages
packages-db-symbol-79b3cd56,packages-db,1,symbol,PROVEDORES_SSO,,packages/db/src/schema/identity.ts:363,5,no,,,candidate,,,packages
packages-db-symbol-03f8e1ac,packages-db,1,symbol,resultado,,packages/db/src/seed.ts:251,426,no,,,candidate,,,packages
packages-db-symbol-8aa38444,packages-db,1,symbol,resultado,,packages/db/src/tenant.ts:66,426,no,,,candidate,,,packages
packages-db-symbol-6dc7beb8,packages-db,1,symbol,resultado,,packages/db/tests/ajuda.ts:73,426,no,,,candidate,,,packages
packages-db-symbol-ff43bbfd,packages-db,1,symbol,sessao,,packages/db/src/tenant.ts:36,274,no,,,candidate,,,packages
packages-db-symbol-b150fd8d,packages-db,1,symbol,valor,,packages/db/src/secret.ts:153,695,no,,,candidate,,,packages
packages-db-ts-local-5b92d23d,packages-db,1,ts-local,chaveiro,,packages/db/src/secret.ts:135,22,no,,,candidate,,,packages
packages-db-ts-local-8ba0e81d,packages-db,1,ts-local,chaveiro,,packages/db/src/secret.ts:150,22,no,,,candidate,,,packages
packages-db-ts-local-36eafc4f,packages-db,1,ts-local,chaveiro,,packages/db/src/secret.ts:64,22,no,,,candidate,,,packages
packages-db-ts-local-702518aa,packages-db,1,ts-local,chave,,packages/db/src/auditoria.ts:58,571,no,,,candidate,,,packages
packages-db-ts-local-75013376,packages-db,1,ts-local,descricao,,packages/db/tests/function-library-migration.test.ts:66,236,no,,,candidate,,,packages
packages-db-ts-local-5c47008f,packages-db,1,ts-local,resultado,,packages/db/src/seed-demo.ts:853,426,no,,,candidate,,,packages
packages-db-ts-local-e11ecd7f,packages-db,1,ts-local,resultado,,packages/db/src/seed.ts:365,426,no,,,candidate,,,packages
packages-db-ts-local-3fb44488,packages-db,1,ts-local,texto,,packages/db/src/secret.ts:64,1706,no,,,candidate,,,packages
packages-db-ts-prop-117dd2f4,packages-db,1,ts-prop,atendenteId,,packages/db/src/schema/conversations.ts:567,54,no,,,candidate,,sql=atendente_id,packages
packages-db-ts-prop-29a18319,packages-db,1,ts-prop,ativa,,packages/db/src/schema/conversations.ts:80,249,no,,,candidate,,sql=ativa,packages
packages-db-ts-prop-81afa244,packages-db,1,ts-prop,ativa,,packages/db/src/schema/management.ts:187,249,no,,,candidate,,sql=ativa,packages
packages-db-ts-prop-afa76621,packages-db,1,ts-prop,ativa,,packages/db/src/schema/management.ts:215,249,no,,,candidate,,sql=ativa,packages
packages-db-ts-prop-e6a87cb2,packages-db,1,ts-prop,ativa,,packages/db/src/schema/management.ts:325,249,no,,,candidate,,sql=ativa,packages
packages-db-ts-prop-34b957c4,packages-db,1,ts-prop,avaliacaoId,,packages/db/src/schema/quality-review.ts:152,2,no,,,candidate,,sql=avaliacao_id,packages
packages-db-ts-prop-4e92b7d5,packages-db,1,ts-prop,avaliacaoId,,packages/db/src/schema/quality-review.ts:209,2,no,,,candidate,,sql=avaliacao_id,packages
packages-db-ts-prop-39bdc4cd,packages-db,1,ts-prop,blocoId,,packages/db/src/schema/automation.ts:364,4,no,,,candidate,,sql=bloco_id,packages
packages-db-ts-prop-610dc4d2,packages-db,1,ts-prop,canalId,,packages/db/src/schema/conversations.ts:131,162,no,,,candidate,,sql=canal_id,packages
packages-db-ts-prop-aca0f72a,packages-db,1,ts-prop,canalId,,packages/db/src/schema/conversations.ts:221,162,no,,,candidate,,sql=canal_id,packages
packages-db-ts-prop-049b243d,packages-db,1,ts-prop,contaId,,packages/db/src/schema/crm.ts:287,6,no,,,candidate,,sql=conta_id,packages
packages-db-ts-prop-97d0a6a2,packages-db,1,ts-prop,contaId,,packages/db/src/schema/crm.ts:62,6,no,,,candidate,,sql=conta_id,packages
packages-db-ts-prop-e365f758,packages-db,1,ts-prop,contatoId,,packages/db/src/schema/automation.ts:297,124,no,,,candidate,,sql=contato_id,packages
packages-db-ts-prop-51cc2154,packages-db,1,ts-prop,contatoId,,packages/db/src/schema/conversations.ts:253,124,no,,,candidate,,sql=contato_id,packages
packages-db-ts-prop-e0d331e3,packages-db,1,ts-prop,contatoId,,packages/db/src/schema/conversations.ts:491,124,no,,,candidate,,sql=contato_id,packages
packages-db-ts-prop-630929ce,packages-db,1,ts-prop,contatoId,,packages/db/src/schema/conversations.ts:568,124,no,,,candidate,,sql=contato_id,packages
packages-db-ts-prop-ae967e03,packages-db,1,ts-prop,contexto,,packages/db/src/schema/automation.ts:302,248,no,,,candidate,,sql=contexto,packages
packages-db-ts-prop-c87c876a,packages-db,1,ts-prop,contexto,,packages/db/src/schema/automation.ts:369,248,no,,,candidate,,sql=contexto,packages
packages-db-ts-prop-c1193932,packages-db,1,ts-prop,conversaAtendimentoId,,packages/db/src/schema/conversations.ts:561,1,no,,,candidate,,sql=conversa_atendimento_id,packages
packages-db-ts-prop-d2527d37,packages-db,1,ts-prop,conversaId,,packages/db/src/schema/conversations.ts:396,232,no,,,candidate,,sql=conversa_id,packages
packages-db-ts-prop-b62ee825,packages-db,1,ts-prop,conversaId,,packages/db/src/schema/conversations.ts:475,232,no,,,candidate,,sql=conversa_id,packages
packages-db-ts-prop-eb45d34d,packages-db,1,ts-prop,conversaId,,packages/db/src/schema/conversations.ts:507,232,no,,,candidate,,sql=conversa_id,packages
packages-db-ts-prop-33fe91cc,packages-db,1,ts-prop,conversaId,,packages/db/src/schema/conversations.ts:527,232,no,,,candidate,,sql=conversa_id,packages
packages-db-ts-prop-1c8ac1d4,packages-db,1,ts-prop,conversaId,,packages/db/src/schema/conversations.ts:558,232,no,,,candidate,,sql=conversa_id,packages
packages-db-ts-prop-02f549e9,packages-db,1,ts-prop,conversaId,,packages/db/src/schema/management.ts:231,232,no,,,candidate,,sql=conversa_id,packages
packages-db-ts-prop-05eaf4cb,packages-db,1,ts-prop,conversaId,,packages/db/src/schema/management.ts:339,232,no,,,candidate,,sql=conversa_id,packages
packages-db-ts-prop-2f7130ca,packages-db,1,ts-prop,conversaId,,packages/db/src/schema/management.ts:44,232,no,,,candidate,,sql=conversa_id,packages
packages-db-ts-prop-764a3708,packages-db,1,ts-prop,conversaId,,packages/db/src/schema/quality-review.ts:250,232,no,,,candidate,,sql=conversa_id,packages
packages-db-ts-prop-b7895e3b,packages-db,1,ts-prop,conversaId,,packages/db/src/schema/quality-review.ts:91,232,no,,,candidate,,sql=conversa_id,packages
packages-db-ts-prop-91f16a01,packages-db,1,ts-prop,descricao,,packages/db/src/schema/automation.ts:52,236,no,,,candidate,,sql=descricao,packages
packages-db-ts-prop-17563397,packages-db,1,ts-prop,descricao,,packages/db/src/schema/automation.ts:730,236,no,,,candidate,,sql=descricao,packages
packages-db-ts-prop-928a6501,packages-db,1,ts-prop,descricao,,packages/db/src/schema/identity.ts:173,236,no,,,candidate,,sql=descricao,packages
packages-db-ts-prop-9e1bf14e,packages-db,1,ts-prop,descricao,,packages/db/src/schema/identity.ts:249,236,no,,,candidate,,sql=descricao,packages
packages-db-ts-prop-36542974,packages-db,1,ts-prop,descricao,,packages/db/tests/function-library-migration.test.ts:137,236,no,,,candidate,,,packages
packages-db-ts-prop-16828259,packages-db,1,ts-prop,descricao,,packages/db/tests/function-library-migration.test.ts:140,236,no,,,candidate,,,packages
packages-db-ts-prop-c618be30,packages-db,1,ts-prop,duracaoMs,,packages/db/src/schema/automation.ts:644,20,no,,,candidate,,sql=duracao_ms,packages
packages-db-ts-prop-8da5c74a,packages-db,1,ts-prop,emailNoProvedor,,packages/db/src/schema/identity.ts:316,5,no,,,candidate,,sql=email_no_provedor,packages
packages-db-ts-prop-cde03edc,packages-db,1,ts-prop,entrada,,packages/db/src/schema/automation.ts:368,534,no,,,candidate,,sql=entrada,packages
packages-db-ts-prop-2bb488ee,packages-db,1,ts-prop,entrada,,packages/db/src/schema/automation.ts:641,534,no,,,candidate,,sql=entrada,packages
packages-db-ts-prop-197b19ce,packages-db,1,ts-prop,erro,,packages/db/src/schema/automation.ts:467,806,no,,,candidate,,sql=erro,packages
packages-db-ts-prop-1c7aab91,packages-db,1,ts-prop,erro,,packages/db/src/schema/automation.ts:643,806,no,,,candidate,,sql=erro,packages
packages-db-ts-prop-32b2a862,packages-db,1,ts-prop,escopoId,,packages/db/src/schema/management.ts:208,12,no,,,candidate,,sql=escopo_id,packages
packages-db-ts-prop-1c56dce8,packages-db,1,ts-prop,escopo,,packages/db/src/schema/conversations.ts:460,374,no,,,candidate,,sql=escopo,packages
packages-db-ts-prop-95330a7c,packages-db,1,ts-prop,escopo,,packages/db/src/schema/identity.ts:204,374,no,,,candidate,,sql=escopo,packages
packages-db-ts-prop-264e032b,packages-db,1,ts-prop,escopo,,packages/db/src/schema/identity.ts:464,374,no,,,candidate,,sql=escopo,packages
packages-db-ts-prop-d1574856,packages-db,1,ts-prop,escopoTipo,,packages/db/src/schema/management.ts:207,15,no,,,candidate,,sql=escopo_tipo,packages
packages-db-ts-prop-b63f5e84,packages-db,1,ts-prop,esforcoSeg,,packages/db/src/schema/management.ts:127,1,no,,,candidate,,sql=esforco_seg,packages
packages-db-ts-prop-027b5de7,packages-db,1,ts-prop,estado,,packages/db/src/schema/automation.ts:298,836,no,,,candidate,,sql=estado,packages
packages-db-ts-prop-04b75474,packages-db,1,ts-prop,estado,,packages/db/src/schema/automation.ts:36,836,no,,,candidate,,sql=estado,packages
packages-db-ts-prop-b8316145,packages-db,1,ts-prop,estado,,packages/db/src/schema/automation.ts:371,836,no,,,candidate,,sql=estado,packages
packages-db-ts-prop-242c4f10,packages-db,1,ts-prop,estado,,packages/db/src/schema/automation.ts:464,836,no,,,candidate,,sql=estado,packages
packages-db-ts-prop-7f647117,packages-db,1,ts-prop,estado,,packages/db/src/schema/automation.ts:819,836,no,,,candidate,,sql=estado,packages
packages-db-ts-prop-5ddd0f36,packages-db,1,ts-prop,estado,,packages/db/src/schema/conversations.ts:380,836,no,,,candidate,,sql=estado,packages
packages-db-ts-prop-9613209f,packages-db,1,ts-prop,estado,,packages/db/src/schema/conversations.ts:444,836,no,,,candidate,,sql=estado,packages
packages-db-ts-prop-1b74235a,packages-db,1,ts-prop,estado,,packages/db/src/schema/conversations.ts:573,836,no,,,candidate,,sql=estado,packages
packages-db-ts-prop-637ce563,packages-db,1,ts-prop,estado,,packages/db/src/schema/identity.ts:378,836,no,,,candidate,,sql=estado,packages
packages-db-ts-prop-2a073e84,packages-db,1,ts-prop,estado,,packages/db/src/schema/quality-review.ts:159,836,no,,,candidate,,sql=estado,packages
packages-db-ts-prop-c025edaa,packages-db,1,ts-prop,estado,,packages/db/src/schema/quality-review.ts:236,836,no,,,candidate,,sql=estado,packages
packages-db-ts-prop-a321ecfe,packages-db,1,ts-prop,estado,,packages/db/tests/flow-short-name-migration.test.ts:113,836,no,,,candidate,,,packages
packages-db-ts-prop-e62948d4,packages-db,1,ts-prop,estado,,packages/db/tests/flow-short-name-migration.test.ts:28,836,no,,,candidate,,,packages
packages-db-ts-prop-3d633a74,packages-db,1,ts-prop,execucaoId,,packages/db/src/schema/automation.ts:362,4,no,,,candidate,,sql=execucao_id,packages
packages-db-ts-prop-035bcc44,packages-db,1,ts-prop,filaId,,packages/db/src/schema/conversations.ts:256,49,no,,,candidate,,sql=fila_id,packages
packages-db-ts-prop-ee6a2ba4,packages-db,1,ts-prop,filaId,,packages/db/src/schema/conversations.ts:566,49,no,,,candidate,,sql=fila_id,packages
packages-db-ts-prop-53a128f1,packages-db,1,ts-prop,fluxoBlocoId,,packages/db/src/schema/conversations.ts:565,1,no,,,candidate,,sql=fluxo_bloco_id,packages
packages-db-ts-prop-e0724a41,packages-db,1,ts-prop,fluxoId,,packages/db/src/schema/automation.ts:197,233,no,,,candidate,,sql=fluxo_id,packages
packages-db-ts-prop-5d27a567,packages-db,1,ts-prop,idProvedor,,packages/db/src/schema/conversations.ts:338,57,no,,,candidate,,sql=id_provedor,packages
packages-db-ts-prop-7b4bcb1b,packages-db,1,ts-prop,modelo,,packages/db/src/schema/quality-review.ts:297,216,no,,,candidate,,sql=modelo,packages
packages-db-ts-prop-f15d7b30,packages-db,1,ts-prop,opcoes,,packages/db/src/schema/crm.ts:347,41,no,,,candidate,,sql=opcoes,packages
packages-db-ts-prop-059a8375,packages-db,1,ts-prop,operacao,,packages/db/src/schema/identity.ts:55,197,no,,,candidate,,,packages
packages-db-ts-prop-5ab34df3,packages-db,1,ts-prop,ordem,,packages/db/src/schema/automation.ts:438,234,no,,,candidate,,sql=ordem,packages
packages-db-ts-prop-94bbc214,packages-db,1,ts-prop,ordem,,packages/db/src/schema/quality-review.ts:48,234,no,,,candidate,,sql=ordem,packages
packages-db-ts-prop-670d5049,packages-db,1,ts-prop,ordem,,packages/db/src/schema/quality-review.ts:69,234,no,,,candidate,,sql=ordem,packages
packages-db-ts-prop-31fdb8bc,packages-db,1,ts-prop,papelId,,packages/db/src/schema/identity.ts:198,25,no,,,candidate,,sql=papel_id,packages
packages-db-ts-prop-ab7f48e9,packages-db,1,ts-prop,papelId,,packages/db/src/schema/identity.ts:460,25,no,,,candidate,,sql=papel_id,packages
packages-db-ts-prop-1b9bdfb7,packages-db,1,ts-prop,periodoFim,,packages/db/src/schema/quality-review.ts:276,1,no,,,candidate,,sql=periodo_fim,packages
packages-db-ts-prop-b483f497,packages-db,1,ts-prop,periodoInicio,,packages/db/src/schema/quality-review.ts:275,1,no,,,candidate,,sql=periodo_inicio,packages
packages-db-ts-prop-80f5d819,packages-db,1,ts-prop,permissaoCodigo,,packages/db/src/schema/identity.ts:235,2,no,,,candidate,,sql=permissao_codigo,packages
packages-db-ts-prop-7d19ee71,packages-db,1,ts-prop,porUsuarioId,,packages/db/src/schema/conversations.ts:481,2,no,,,candidate,,sql=por_usuario_id,packages
packages-db-ts-prop-ee94cc13,packages-db,1,ts-prop,provedor,,packages/db/src/schema/identity.ts:372,105,no,,,candidate,,sql=provedor,packages
packages-db-ts-prop-89e20438,packages-db,1,ts-prop,roteadorId,,packages/db/src/schema/automation.ts:166,26,no,,,candidate,,sql=roteador_id,packages
packages-db-ts-prop-2cce49b6,packages-db,1,ts-prop,servicoId,,packages/db/src/schema/automation.ts:172,8,no,,,candidate,,sql=servico_id,packages
packages-db-ts-prop-fb6e7c8d,packages-db,1,ts-prop,texto,,packages/db/src/schema/automation.ts:659,1706,no,,,candidate,,sql=texto,packages
packages-db-ts-prop-8208fb18,packages-db,1,ts-prop,texto,,packages/db/src/schema/quality-review.ts:345,1706,no,,,candidate,,sql=texto,packages
packages-db-ts-prop-a730cc33,packages-db,1,ts-prop,texto,,packages/db/src/seed-demo.ts:606,1706,no,,,candidate,,,packages
packages-db-ts-prop-ab64b837,packages-db,1,ts-prop,ultimoAcessoEm,,packages/db/src/schema/identity.ts:317,4,no,,,candidate,,sql=ultimo_acesso_em,packages
packages-db-ts-prop-77ed4ea7,packages-db,1,ts-prop,usuarioId,,packages/db/src/schema/conversations.ts:202,283,no,,,candidate,,sql=usuario_id,packages
packages-db-ts-prop-c522d75f,packages-db,1,ts-prop,usuarioId,,packages/db/src/schema/conversations.ts:425,283,no,,,candidate,,sql=usuario_id,packages
packages-db-ts-prop-8dc2d8e3,packages-db,1,ts-prop,usuarioId,,packages/db/src/schema/conversations.ts:440,283,no,,,candidate,,sql=usuario_id,packages
packages-db-ts-prop-29f89867,packages-db,1,ts-prop,usuarioId,,packages/db/src/schema/conversations.ts:510,283,no,,,candidate,,sql=usuario_id,packages
packages-db-ts-prop-4e5e627a,packages-db,1,ts-prop,usuarioId,,packages/db/src/schema/conversations.ts:524,283,no,,,candidate,,sql=usuario_id,packages
packages-db-ts-prop-469ac93e,packages-db,1,ts-prop,usuarioId,,packages/db/src/schema/identity.ts:232,283,no,,,candidate,,sql=usuario_id,packages
packages-db-ts-prop-37ef8f2c,packages-db,1,ts-prop,usuarioId,,packages/db/src/schema/identity.ts:262,283,no,,,candidate,,sql=usuario_id,packages
packages-db-ts-prop-78e09be3,packages-db,1,ts-prop,usuarioId,,packages/db/src/schema/identity.ts:278,283,no,,,candidate,,sql=usuario_id,packages
packages-db-ts-prop-2c753551,packages-db,1,ts-prop,usuarioId,,packages/db/src/schema/identity.ts:311,283,no,,,candidate,,sql=usuario_id,packages
packages-db-ts-prop-41539fc2,packages-db,1,ts-prop,usuarioId,,packages/db/src/schema/identity.ts:470,283,no,,,candidate,,sql=usuario_id,packages
packages-db-ts-prop-8298dd48,packages-db,1,ts-prop,usuarioId,,packages/db/src/schema/management.ts:49,283,no,,,candidate,,sql=usuario_id,packages
packages-storage-symbol-080262f2,packages-storage,1,symbol,ler,,packages/storage/src/disco.ts:39,165,no,,,candidate,,,packages
packages-storage-symbol-b5addde5,packages-storage,1,symbol,ler,,packages/storage/src/porta.ts:30,165,no,,,candidate,,,packages
packages-storage-symbol-0429d3ee,packages-storage,1,symbol,mimeParaServir,,packages/storage/src/tipo-real.ts:69,13,no,,,candidate,,,packages
packages-storage-ts-local-05a247b8,packages-storage,1,ts-local,anexoId,,packages/storage/src/porta.ts:82,32,no,,,candidate,,,packages
packages-storage-ts-local-d7fc8216,packages-storage,1,ts-local,chave,,packages/storage/src/disco.ts:32,571,no,,,candidate,,,packages
packages-storage-ts-local-45433f29,packages-storage,1,ts-local,chave,,packages/storage/src/disco.ts:39,571,no,,,candidate,,,packages
packages-storage-ts-local-eeaa8bc2,packages-storage,1,ts-local,chave,,packages/storage/src/disco.ts:50,571,no,,,candidate,,,packages
packages-storage-ts-local-f9abdc1e,packages-storage,1,ts-local,chave,,packages/storage/src/porta.ts:30,571,no,,,candidate,,,packages
packages-storage-ts-local-1af97d42,packages-storage,1,ts-local,chave,,packages/storage/src/porta.ts:31,571,no,,,candidate,,,packages
packages-storage-ts-local-81b30a2e,packages-storage,1,ts-local,chave,,packages/storage/src/porta.ts:61,571,no,,,candidate,,,packages
packages-storage-ts-local-a832b299,packages-storage,1,ts-local,dados,,packages/storage/src/tipo-real.ts:69,401,no,,,candidate,,,packages
packages-storage-ts-local-27fa99c0,packages-storage,1,ts-local,segredo,,packages/storage/src/porta.ts:76,106,no,,,candidate,,,packages
packages-ui-literal-value-633ae44b,packages-ui,1,literal-value,busca,,packages/ui/src/illustrations.tsx:19,350,unknown,,,candidate,,,packages
packages-ui-literal-value-2e778d6e,packages-ui,1,literal-value,erro,,packages/ui/src/illustrations.tsx:19,806,unknown,,,candidate,,,packages
packages-ui-literal-value-227ee0b6,packages-ui,1,literal-value,informacao-cheia,,packages/ui/src/icones-portal.tsx:248,16,unknown,,,candidate,,,packages
packages-ui-literal-value-1583948c,packages-ui,1,literal-value,preferencias-gerais,,packages/ui/src/icones-portal.tsx:609,2,unknown,,,candidate,,,packages
packages-ui-literal-value-473bc95d,packages-ui,1,literal-value,primeira,,packages/ui/src/components/pagination.tsx:58,212,unknown,,,candidate,,,packages
packages-ui-literal-value-0a429408,packages-ui,1,literal-value,vazio,,packages/ui/src/illustrations.tsx:19,229,unknown,,,candidate,,,packages
packages-ui-symbol-081bd885,packages-ui,1,symbol,destino,,packages/ui/src/components/pagination.tsx:87,391,no,,,candidate,,,packages
packages-ui-symbol-5eb7f3ec,packages-ui,1,symbol,duracaoMs,,packages/ui/src/components/toast-queue.ts:37,20,no,,,candidate,,,packages
packages-ui-symbol-be428bb4,packages-ui,1,symbol,GLIFO_POR_TOM,,packages/ui/src/components/toast.tsx:6,2,no,,,candidate,,,packages
packages-ui-symbol-e8932045,packages-ui,1,symbol,mensagemDoCorpo,,packages/ui/src/api.ts:34,3,no,,,candidate,,,packages
packages-ui-symbol-446a7a7b,packages-ui,1,symbol,porId,,packages/ui/src/components/toast.tsx:34,3,no,,,candidate,,,packages
packages-ui-symbol-041bd0b7,packages-ui,1,symbol,primeiro,,packages/ui/src/components/pagination.tsx:85,183,no,,,candidate,,,packages
packages-ui-symbol-2652d9cd,packages-ui,1,symbol,texto,,packages/ui/src/components/chip-values.ts:15,1706,no,,,candidate,,,packages
packages-ui-symbol-c5592c41,packages-ui,1,symbol,triosDeEstado,,packages/ui/verificar-tokens.mjs:68,2,no,,,candidate,,,packages
packages-ui-ts-local-1184be39,packages-ui,1,ts-local,erro,,packages/ui/src/components/chips-input.tsx:22,806,no,,,candidate,,,packages
packages-ui-ts-local-d1e7db13,packages-ui,1,ts-local,setTexto,,packages/ui/src/components/notice-closure.tsx:12,14,no,,,candidate,,,packages
packages-ui-ts-local-d04291b3,packages-ui,1,ts-local,texto,,packages/ui/src/components/notice-closure.tsx:12,1706,no,,,candidate,,,packages
packages-ui-ts-prop-d5c009cf,packages-ui,1,ts-prop,duracaoMs,,packages/ui/src/components/toast-queue.ts:15,20,no,,,candidate,,,packages
packages-ui-ts-prop-fe2b69ae,packages-ui,1,ts-prop,duracaoMs,,packages/ui/src/components/toast-queue.ts:20,20,no,,,candidate,,,packages
packages-ui-ts-prop-3d968d50,packages-ui,1,ts-prop,elemento,,packages/ui/src/components/modal.tsx:25,24,no,,,candidate,,,packages
packages-ui-ts-prop-58c2262e,packages-ui,1,ts-prop,erro,,packages/ui/src/components/chips-input.tsx:34,806,no,,,candidate,,,packages
packages-ui-ts-prop-6789aee4,packages-ui,1,ts-prop,texto,,packages/ui/src/components/toast-queue.ts:13,1706,no,,,candidate,,,packages
site-symbol-24de57ee,site,4,symbol,texto,,apps/site/assets/site.js:148,1706,no,,,candidate,,,crm-tools-site
site-symbol-24992bfd,site,4,symbol,texto,,apps/site/assets/site.js:213,1706,no,,,candidate,,,crm-tools-site
workers-literal-value-43e9a9ef,workers,2,literal-value,atendente,,apps/workers/src/aggregation.ts:213,564,unknown,,,candidate,,,api-core
workers-literal-value-9828cdea,workers,2,literal-value,documento,,apps/workers/src/whatsapp/media.ts:5,231,unknown,,,candidate,,,api-core
workers-literal-value-ae69f212,workers,2,literal-value,documento,,apps/workers/src/whatsapp/template.ts:5,231,unknown,,,candidate,,,api-core
workers-literal-value-b51bd3ae,workers,2,literal-value,fila,,apps/workers/src/aggregation.ts:213,878,unknown,,,candidate,,,api-core
workers-literal-value-4912dac4,workers,2,literal-value,imagem,,apps/workers/src/whatsapp/media.ts:5,235,unknown,,,candidate,,,api-core
workers-literal-value-b50129eb,workers,2,literal-value,imagem,,apps/workers/src/whatsapp/template.ts:5,235,unknown,,,candidate,,,api-core
workers-literal-value-7d3fe858,workers,2,literal-value,imagem,,apps/workers/tests/whatsapp.test.ts:15,235,unknown,,,candidate,,,api-core
workers-literal-value-a47cc74a,workers,2,literal-value,imagem,,apps/workers/tests/whatsapp.test.ts:16,235,unknown,,,candidate,,,api-core
workers-literal-value-c1fe8f73,workers,2,literal-value,imagem,,apps/workers/tests/whatsapp.test.ts:17,235,unknown,,,candidate,,,api-core
workers-literal-value-826fdb46,workers,2,literal-value,imagem,,apps/workers/tests/whatsapp.test.ts:24,235,unknown,,,candidate,,,api-core
workers-literal-value-e5b49dd7,workers,2,literal-value,imagem,,apps/workers/tests/whatsapp.test.ts:53,235,unknown,,,candidate,,,api-core
workers-literal-value-032f59a6,workers,2,literal-value,localizacao,,apps/workers/src/whatsapp/cliente.ts:7,44,unknown,,,candidate,,,api-core
workers-literal-value-d0f13f55,workers,2,literal-value,midia_formato_recusado,,apps/workers/tests/whatsapp.test.ts:17,8,unknown,,,candidate,,,api-core
workers-literal-value-1708f43e,workers,2,literal-value,midia_formato_recusado,,apps/workers/tests/whatsapp.test.ts:18,8,unknown,,,candidate,,,api-core
workers-literal-value-c4de5bd5,workers,2,literal-value,midia_grande_demais,,apps/workers/tests/whatsapp.test.ts:20,4,unknown,,,candidate,,,api-core
workers-literal-value-c9773bb2,workers,2,literal-value,midia_grande_demais,,apps/workers/tests/whatsapp.test.ts:21,4,unknown,,,candidate,,,api-core
workers-literal-value-30b23d47,workers,2,literal-value,texto,,apps/workers/src/whatsapp/cliente.ts:7,1706,unknown,,,candidate,,,api-core
workers-symbol-f3fb37df,workers,2,symbol,ConteudoLocalizacao,,apps/workers/src/whatsapp/cliente.ts:46,2,no,,,candidate,,,api-core
workers-symbol-1c07f93f,workers,2,symbol,ConteudoTexto,,apps/workers/src/whatsapp/cliente.ts:18,2,no,,,candidate,,,api-core
workers-symbol-ba81c707,workers,2,symbol,credenciais,,apps/workers/src/delivery.ts:268,28,no,,,candidate,,,api-core
workers-symbol-e4b688ae,workers,2,symbol,idProvedor,,apps/workers/src/instagram.ts:108,57,no,,,candidate,,,api-core
workers-symbol-b9fa552b,workers,2,symbol,idProvedor,,apps/workers/src/instagram.ts:44,57,no,,,candidate,,,api-core
workers-symbol-596994cd,workers,2,symbol,idProvedor,,apps/workers/src/messenger.ts:7,57,no,,,candidate,,,api-core
workers-symbol-85ef5a13,workers,2,symbol,idProvedor,,apps/workers/src/whatsapp/duble.ts:139,57,no,,,candidate,,,api-core
workers-symbol-012cbd6f,workers,2,symbol,idProvedor,,apps/workers/src/whatsapp/real.ts:96,57,no,,,candidate,,,api-core
workers-symbol-dbe7a166,workers,2,symbol,lerCsv,,apps/workers/src/csv.ts:25,11,no,,,candidate,,,api-core
workers-symbol-7d5d5fb8,workers,2,symbol,LIMITE_MENU,,apps/workers/src/whatsapp/interativo.ts:8,3,no,,,candidate,,,api-core
workers-symbol-2f8fdf5c,workers,2,symbol,LIMITE_QUICK_REPLY,,apps/workers/src/whatsapp/interativo.ts:7,3,no,,,candidate,,,api-core
workers-symbol-b6a48249,workers,2,symbol,limite,,apps/workers/src/whatsapp/interativo.ts:51,381,no,,,candidate,,,api-core
workers-symbol-80737d34,workers,2,symbol,localizacao,,apps/workers/src/delivery.ts:302,44,no,,,candidate,,,api-core
workers-symbol-11ad95d2,workers,2,symbol,midia,,apps/workers/src/delivery.ts:324,54,no,,,candidate,,,api-core
workers-symbol-ab943139,workers,2,symbol,texto,,apps/workers/src/csv.ts:26,1706,no,,,candidate,,,api-core
workers-symbol-3b210a3b,workers,2,symbol,texto,,apps/workers/src/delivery.ts:186,1706,no,,,candidate,,,api-core
workers-symbol-cd23d966,workers,2,symbol,texto,,apps/workers/src/delivery.ts:288,1706,no,,,candidate,,,api-core
workers-symbol-2a3c8959,workers,2,symbol,texto,,apps/workers/src/whatsapp/interativo.ts:49,1706,no,,,candidate,,,api-core
workers-symbol-26fe14b7,workers,2,symbol,texto,,apps/workers/src/whatsapp/real.ts:86,1706,no,,,candidate,,,api-core
workers-symbol-40394c3a,workers,2,symbol,tokenAcesso,,apps/workers/src/delivery.ts:432,57,no,,,candidate,,,api-core
workers-ts-local-6890b981,workers,2,ts-local,contato,,apps/workers/src/manager-of-contacts.ts:128,706,no,,,candidate,,,api-core
workers-ts-local-e131d801,workers,2,ts-local,contato,,apps/workers/src/manager-of-contacts.ts:166,706,no,,,candidate,,,api-core
workers-ts-local-12c7b138,workers,2,ts-local,erro,,apps/workers/src/delivery.ts:211,806,no,,,candidate,,,api-core
workers-ts-local-03bb71f5,workers,2,ts-local,erro,,apps/workers/src/import-of-contacts.ts:122,806,no,,,candidate,,,api-core
workers-ts-local-be36a7b5,workers,2,ts-local,erro,,apps/workers/src/instagram.ts:65,806,no,,,candidate,,,api-core
workers-ts-local-57333753,workers,2,ts-local,erro,,apps/workers/src/whatsapp/real.ts:77,806,no,,,candidate,,,api-core
workers-ts-local-76593979,workers,2,ts-local,idProvedor,,apps/workers/src/whatsapp/duble.ts:85,57,no,,,candidate,,,api-core
workers-ts-local-6a74653a,workers,2,ts-local,mensagens,,apps/workers/src/aggregation.ts:77,334,no,,,candidate,,,api-core
workers-ts-local-106e0a91,workers,2,ts-local,preferencias,,apps/workers/src/whatsapp/interativo.ts:45,44,no,,,candidate,,,api-core
workers-ts-local-b471aeeb,workers,2,ts-local,texto,,apps/workers/src/csv.ts:17,1706,no,,,candidate,,,api-core
workers-ts-local-71f5e956,workers,2,ts-local,texto,,apps/workers/src/delivery.ts:455,1706,no,,,candidate,,,api-core
workers-ts-local-66613ab9,workers,2,ts-local,valor,,apps/workers/src/csv.ts:79,695,no,,,candidate,,,api-core
workers-ts-prop-1459e71a,workers,2,ts-prop,anexo_bytes,,apps/workers/src/delivery.ts:58,2,no,,,candidate,,,api-core
workers-ts-prop-e6777629,workers,2,ts-prop,anexo_chave,,apps/workers/src/delivery.ts:59,2,no,,,candidate,,,api-core
workers-ts-prop-a9c4f2aa,workers,2,ts-prop,anexo_mime,,apps/workers/src/delivery.ts:57,2,no,,,candidate,,,api-core
workers-ts-prop-38950377,workers,2,ts-prop,anexo_nome,,apps/workers/src/delivery.ts:60,2,no,,,candidate,,,api-core
workers-ts-prop-705eda27,workers,2,ts-prop,atendente_id,,apps/workers/src/aggregation.ts:206,67,no,,,candidate,,,api-core
workers-ts-prop-a8df7154,workers,2,ts-prop,atendente_id,,apps/workers/src/aggregation.ts:79,67,no,,,candidate,,,api-core
workers-ts-prop-76271edf,workers,2,ts-prop,canal_config,,apps/workers/src/delivery.ts:50,2,no,,,candidate,,,api-core
workers-ts-prop-b5c8ef52,workers,2,ts-prop,canal_tipo,,apps/workers/src/delivery.ts:51,21,no,,,candidate,,,api-core
workers-ts-prop-e35f6ca3,workers,2,ts-prop,conversa_id,,apps/workers/src/aggregation.ts:38,154,no,,,candidate,,,api-core
workers-ts-prop-ac263e13,workers,2,ts-prop,dados,,apps/workers/src/aggregation.ts:43,401,no,,,candidate,,,api-core
workers-ts-prop-d1010371,workers,2,ts-prop,dados,,apps/workers/src/delivery.ts:46,401,no,,,candidate,,,api-core
workers-ts-prop-c9a82c1b,workers,2,ts-prop,direcao,,apps/workers/src/aggregation.ts:207,65,no,,,candidate,,,api-core
workers-ts-prop-deb4a12f,workers,2,ts-prop,direcao,,apps/workers/src/aggregation.ts:80,65,no,,,candidate,,,api-core
workers-ts-prop-949b3bd3,workers,2,ts-prop,encerrada_por,,apps/workers/src/aggregation.ts:43,24,no,,,candidate,,,api-core
workers-ts-prop-a963c069,workers,2,ts-prop,erro,,apps/workers/src/delivery.ts:195,806,no,,,candidate,,,api-core
workers-ts-prop-241ba8cd,workers,2,ts-prop,erro,,apps/workers/src/delivery.ts:202,806,no,,,candidate,,,api-core
workers-ts-prop-8c12841e,workers,2,ts-prop,erro,,apps/workers/src/delivery.ts:247,806,no,,,candidate,,,api-core
workers-ts-prop-ef55d26a,workers,2,ts-prop,erro,,apps/workers/src/delivery.ts:286,806,no,,,candidate,,,api-core
workers-ts-prop-459daa03,workers,2,ts-prop,fila_id,,apps/workers/src/aggregation.ts:205,103,no,,,candidate,,,api-core
workers-ts-prop-67c57def,workers,2,ts-prop,fila_id,,apps/workers/src/aggregation.ts:42,103,no,,,candidate,,,api-core
workers-ts-prop-e050af95,workers,2,ts-prop,fila_id,,apps/workers/src/aggregation.ts:78,103,no,,,candidate,,,api-core
workers-ts-prop-91620e7e,workers,2,ts-prop,idProvedor,,apps/workers/src/instagram.ts:101,57,no,,,candidate,,,api-core
workers-ts-prop-c664c785,workers,2,ts-prop,idProvedor,,apps/workers/src/instagram.ts:27,57,no,,,candidate,,,api-core
workers-ts-prop-5105dffe,workers,2,ts-prop,idProvedor,,apps/workers/src/instagram.ts:40,57,no,,,candidate,,,api-core
workers-ts-prop-aa07724c,workers,2,ts-prop,idProvedor,,apps/workers/src/instagram.ts:90,57,no,,,candidate,,,api-core
workers-ts-prop-d5faab3a,workers,2,ts-prop,idProvedor,,apps/workers/src/messenger.ts:4,57,no,,,candidate,,,api-core
workers-ts-prop-28b69257,workers,2,ts-prop,idProvedor,,apps/workers/src/messenger.ts:6,57,no,,,candidate,,,api-core
workers-ts-prop-596994cd,workers,2,ts-prop,idProvedor,,apps/workers/src/messenger.ts:7,57,no,,,candidate,,,api-core
workers-ts-prop-03d44688,workers,2,ts-prop,idProvedor,,apps/workers/src/whatsapp/cliente.ts:63,57,no,,,candidate,,,api-core
workers-ts-prop-718a9d07,workers,2,ts-prop,idProvedor,,apps/workers/src/whatsapp/duble.ts:25,57,no,,,candidate,,,api-core
workers-ts-prop-ff9c10c1,workers,2,ts-prop,mensagem_id,,apps/workers/src/delivery.ts:39,39,no,,,candidate,,,api-core
workers-ts-prop-22c38aab,workers,2,ts-prop,nomeArquivo,,apps/workers/src/delivery.ts:325,6,no,,,candidate,,,api-core
workers-ts-prop-cac1ebc0,workers,2,ts-prop,template_variaveis,,apps/workers/src/delivery.ts:55,2,no,,,candidate,,,api-core
workers-ts-prop-ebf1b1b0,workers,2,ts-prop,texto,,apps/workers/src/delivery.ts:195,1706,no,,,candidate,,,api-core
workers-ts-prop-dc5e81fc,workers,2,ts-prop,texto,,apps/workers/src/delivery.ts:202,1706,no,,,candidate,,,api-core
workers-ts-prop-856ff05a,workers,2,ts-prop,texto,,apps/workers/src/delivery.ts:247,1706,no,,,candidate,,,api-core
workers-ts-prop-dc7f2864,workers,2,ts-prop,texto,,apps/workers/src/delivery.ts:286,1706,no,,,candidate,,,api-core
workers-ts-prop-4d2f3048,workers,2,ts-prop,texto,,apps/workers/src/instagram.ts:15,1706,no,,,candidate,,,api-core
workers-ts-prop-09f88833,workers,2,ts-prop,texto,,apps/workers/src/messenger.ts:2,1706,no,,,candidate,,,api-core
workers-ts-prop-717e5852,workers,2,ts-prop,texto,,apps/workers/src/whatsapp/cliente.ts:20,1706,no,,,candidate,,,api-core
workers-ts-prop-0a8575d6,workers,2,ts-prop,texto,,apps/workers/src/whatsapp/cliente.ts:42,1706,no,,,candidate,,,api-core
workers-ts-prop-d7d88cf4,workers,2,ts-prop,texto,,apps/workers/src/whatsapp/interativo.ts:22,1706,no,,,candidate,,,api-core
workers-ts-prop-6b162cf8,workers,2,ts-prop,texto,,apps/workers/src/whatsapp/media.ts:88,1706,no,,,candidate,,,api-core
workers-ts-prop-401a75b1,workers,2,ts-prop,textoDeFalha,,apps/workers/src/whatsapp/duble.ts:18,2,no,,,candidate,,,api-core
workers-ts-prop-dbc2c686,workers,2,ts-prop,usuario_id,,apps/workers/src/aggregation.ts:41,166,no,,,candidate,,,api-core
